solid ASCII
  facet normal 0.000000e+00 1.000000e+00 0.000000e+00
    outer loop
      vertex   -9.986521e+00 -6.600000e+00 5.190382e-01
      vertex   9.996630e+00 -6.600000e+00 2.596066e-01
      vertex   -1.000000e+01 -6.600000e+00 1.224647e-15
    endloop
  endfacet
  facet normal -0.000000e+00 1.000000e+00 0.000000e+00
    outer loop
      vertex   -1.000000e+01 -6.600000e+00 1.224647e-15
      vertex   9.996630e+00 -6.600000e+00 2.596066e-01
      vertex   9.996630e+00 -6.600000e+00 -2.596066e-01
    endloop
  endfacet
  facet normal 0.000000e+00 1.000000e+00 0.000000e+00
    outer loop
      vertex   -1.000000e+01 -6.600000e+00 1.224647e-15
      vertex   9.996630e+00 -6.600000e+00 -2.596066e-01
      vertex   -9.986521e+00 -6.600000e+00 -5.190382e-01
    endloop
  endfacet
  facet normal -0.000000e+00 1.000000e+00 0.000000e+00
    outer loop
      vertex   -9.986521e+00 -6.600000e+00 -5.190382e-01
      vertex   9.996630e+00 -6.600000e+00 -2.596066e-01
      vertex   9.969681e+00 -6.600000e+00 -7.781199e-01
    endloop
  endfacet
  facet normal 0.000000e+00 1.000000e+00 0.000000e+00
    outer loop
      vertex   -9.986521e+00 -6.600000e+00 -5.190382e-01
      vertex   9.969681e+00 -6.600000e+00 -7.781199e-01
      vertex   -9.946120e+00 -6.600000e+00 -1.036677e+00
    endloop
  endfacet
  facet normal -0.000000e+00 1.000000e+00 0.000000e+00
    outer loop
      vertex   -9.946120e+00 -6.600000e+00 -1.036677e+00
      vertex   9.969681e+00 -6.600000e+00 -7.781199e-01
      vertex   9.915855e+00 -6.600000e+00 -1.294536e+00
    endloop
  endfacet
  facet normal 0.000000e+00 1.000000e+00 0.000000e+00
    outer loop
      vertex   -9.946120e+00 -6.600000e+00 -1.036677e+00
      vertex   9.915855e+00 -6.600000e+00 -1.294536e+00
      vertex   -9.878906e+00 -6.600000e+00 -1.551521e+00
    endloop
  endfacet
  facet normal -0.000000e+00 1.000000e+00 0.000000e+00
    outer loop
      vertex   -9.878906e+00 -6.600000e+00 -1.551521e+00
      vertex   9.915855e+00 -6.600000e+00 -1.294536e+00
      vertex   9.835298e+00 -6.600000e+00 -1.807461e+00
    endloop
  endfacet
  facet normal 0.000000e+00 1.000000e+00 0.000000e+00
    outer loop
      vertex   -9.878906e+00 -6.600000e+00 -1.551521e+00
      vertex   9.835298e+00 -6.600000e+00 -1.807461e+00
      vertex   -9.785060e+00 -6.600000e+00 -2.062183e+00
    endloop
  endfacet
  facet normal -0.000000e+00 1.000000e+00 0.000000e+00
    outer loop
      vertex   -9.785060e+00 -6.600000e+00 -2.062183e+00
      vertex   9.835298e+00 -6.600000e+00 -1.807461e+00
      vertex   9.728227e+00 -6.600000e+00 -2.315515e+00
    endloop
  endfacet
  facet normal 0.000000e+00 1.000000e+00 0.000000e+00
    outer loop
      vertex   -9.785060e+00 -6.600000e+00 -2.062183e+00
      vertex   9.728227e+00 -6.600000e+00 -2.315515e+00
      vertex   -9.664836e+00 -6.600000e+00 -2.567285e+00
    endloop
  endfacet
  facet normal -0.000000e+00 1.000000e+00 0.000000e+00
    outer loop
      vertex   -9.664836e+00 -6.600000e+00 -2.567285e+00
      vertex   9.728227e+00 -6.600000e+00 -2.315515e+00
      vertex   9.594930e+00 -6.600000e+00 -2.817326e+00
    endloop
  endfacet
  facet normal 0.000000e+00 1.000000e+00 0.000000e+00
    outer loop
      vertex   -9.664836e+00 -6.600000e+00 -2.567285e+00
      vertex   9.594930e+00 -6.600000e+00 -2.817326e+00
      vertex   -9.518556e+00 -6.600000e+00 -3.065467e+00
    endloop
  endfacet
  facet normal -0.000000e+00 1.000000e+00 0.000000e+00
    outer loop
      vertex   -9.518556e+00 -6.600000e+00 -3.065467e+00
      vertex   9.594930e+00 -6.600000e+00 -2.817326e+00
      vertex   9.435767e+00 -6.600000e+00 -3.311542e+00
    endloop
  endfacet
  facet normal 0.000000e+00 1.000000e+00 0.000000e+00
    outer loop
      vertex   -9.518556e+00 -6.600000e+00 -3.065467e+00
      vertex   9.435767e+00 -6.600000e+00 -3.311542e+00
      vertex   -9.346617e+00 -6.600000e+00 -3.555384e+00
    endloop
  endfacet
  facet normal -0.000000e+00 1.000000e+00 0.000000e+00
    outer loop
      vertex   -9.346617e+00 -6.600000e+00 -3.555384e+00
      vertex   9.435767e+00 -6.600000e+00 -3.311542e+00
      vertex   9.251166e+00 -6.600000e+00 -3.796830e+00
    endloop
  endfacet
  facet normal 0.000000e+00 1.000000e+00 0.000000e+00
    outer loop
      vertex   -9.346617e+00 -6.600000e+00 -3.555384e+00
      vertex   9.251166e+00 -6.600000e+00 -3.796830e+00
      vertex   -9.149480e+00 -6.600000e+00 -4.035717e+00
    endloop
  endfacet
  facet normal -0.000000e+00 1.000000e+00 0.000000e+00
    outer loop
      vertex   -9.149480e+00 -6.600000e+00 -4.035717e+00
      vertex   9.251166e+00 -6.600000e+00 -3.796830e+00
      vertex   -8.927678e+00 -6.600000e+00 -4.505170e+00
    endloop
  endfacet
  facet normal -0.000000e+00 1.000000e+00 0.000000e+00
    outer loop
      vertex   -8.927678e+00 -6.600000e+00 -4.505170e+00
      vertex   9.251166e+00 -6.600000e+00 -3.796830e+00
      vertex   -8.681809e+00 -6.600000e+00 -4.962478e+00
    endloop
  endfacet
  facet normal -0.000000e+00 1.000000e+00 0.000000e+00
    outer loop
      vertex   -8.681809e+00 -6.600000e+00 -4.962478e+00
      vertex   9.251166e+00 -6.600000e+00 -3.796830e+00
      vertex   -8.412535e+00 -6.600000e+00 -5.406408e+00
    endloop
  endfacet
  facet normal -0.000000e+00 1.000000e+00 0.000000e+00
    outer loop
      vertex   -8.412535e+00 -6.600000e+00 -5.406408e+00
      vertex   9.251166e+00 -6.600000e+00 -3.796830e+00
      vertex   -8.120583e+00 -6.600000e+00 -5.835764e+00
    endloop
  endfacet
  facet normal -0.000000e+00 1.000000e+00 0.000000e+00
    outer loop
      vertex   -8.120583e+00 -6.600000e+00 -5.835764e+00
      vertex   9.251166e+00 -6.600000e+00 -3.796830e+00
      vertex   -7.806739e+00 -6.600000e+00 -6.249387e+00
    endloop
  endfacet
  facet normal -0.000000e+00 1.000000e+00 0.000000e+00
    outer loop
      vertex   -7.806739e+00 -6.600000e+00 -6.249387e+00
      vertex   9.251166e+00 -6.600000e+00 -3.796830e+00
      vertex   -7.471849e+00 -6.600000e+00 -6.646163e+00
    endloop
  endfacet
  facet normal -0.000000e+00 1.000000e+00 0.000000e+00
    outer loop
      vertex   -7.471849e+00 -6.600000e+00 -6.646163e+00
      vertex   9.251166e+00 -6.600000e+00 -3.796830e+00
      vertex   -7.116816e+00 -6.600000e+00 -7.025022e+00
    endloop
  endfacet
  facet normal -0.000000e+00 1.000000e+00 0.000000e+00
    outer loop
      vertex   -7.116816e+00 -6.600000e+00 -7.025022e+00
      vertex   9.251166e+00 -6.600000e+00 -3.796830e+00
      vertex   -6.742598e+00 -6.600000e+00 -7.384942e+00
    endloop
  endfacet
  facet normal -0.000000e+00 1.000000e+00 0.000000e+00
    outer loop
      vertex   -6.742598e+00 -6.600000e+00 -7.384942e+00
      vertex   9.251166e+00 -6.600000e+00 -3.796830e+00
      vertex   -6.350203e+00 -6.600000e+00 -7.724955e+00
    endloop
  endfacet
  facet normal -0.000000e+00 1.000000e+00 0.000000e+00
    outer loop
      vertex   -6.350203e+00 -6.600000e+00 -7.724955e+00
      vertex   9.251166e+00 -6.600000e+00 -3.796830e+00
      vertex   -5.940689e+00 -6.600000e+00 -8.044142e+00
    endloop
  endfacet
  facet normal -0.000000e+00 1.000000e+00 0.000000e+00
    outer loop
      vertex   -5.940689e+00 -6.600000e+00 -8.044142e+00
      vertex   9.251166e+00 -6.600000e+00 -3.796830e+00
      vertex   -5.515159e+00 -6.600000e+00 -8.341644e+00
    endloop
  endfacet
  facet normal -0.000000e+00 1.000000e+00 0.000000e+00
    outer loop
      vertex   -5.515159e+00 -6.600000e+00 -8.341644e+00
      vertex   9.251166e+00 -6.600000e+00 -3.796830e+00
      vertex   -5.074762e+00 -6.600000e+00 -8.616658e+00
    endloop
  endfacet
  facet normal -0.000000e+00 1.000000e+00 0.000000e+00
    outer loop
      vertex   -5.074762e+00 -6.600000e+00 -8.616658e+00
      vertex   9.251166e+00 -6.600000e+00 -3.796830e+00
      vertex   -4.620684e+00 -6.600000e+00 -8.868443e+00
    endloop
  endfacet
  facet normal -0.000000e+00 1.000000e+00 0.000000e+00
    outer loop
      vertex   -4.620684e+00 -6.600000e+00 -8.868443e+00
      vertex   9.251166e+00 -6.600000e+00 -3.796830e+00
      vertex   -4.154150e+00 -6.600000e+00 -9.096320e+00
    endloop
  endfacet
  facet normal -0.000000e+00 1.000000e+00 0.000000e+00
    outer loop
      vertex   -4.154150e+00 -6.600000e+00 -9.096320e+00
      vertex   9.251166e+00 -6.600000e+00 -3.796830e+00
      vertex   -3.676417e+00 -6.600000e+00 -9.299675e+00
    endloop
  endfacet
  facet normal -0.000000e+00 1.000000e+00 0.000000e+00
    outer loop
      vertex   -3.676417e+00 -6.600000e+00 -9.299675e+00
      vertex   9.251166e+00 -6.600000e+00 -3.796830e+00
      vertex   -3.188773e+00 -6.600000e+00 -9.477960e+00
    endloop
  endfacet
  facet normal -0.000000e+00 1.000000e+00 0.000000e+00
    outer loop
      vertex   -3.188773e+00 -6.600000e+00 -9.477960e+00
      vertex   9.251166e+00 -6.600000e+00 -3.796830e+00
      vertex   -2.692532e+00 -6.600000e+00 -9.630694e+00
    endloop
  endfacet
  facet normal -0.000000e+00 1.000000e+00 0.000000e+00
    outer loop
      vertex   -2.692532e+00 -6.600000e+00 -9.630694e+00
      vertex   9.251166e+00 -6.600000e+00 -3.796830e+00
      vertex   -2.189033e+00 -6.600000e+00 -9.757466e+00
    endloop
  endfacet
  facet normal -0.000000e+00 1.000000e+00 0.000000e+00
    outer loop
      vertex   -2.189033e+00 -6.600000e+00 -9.757466e+00
      vertex   9.251166e+00 -6.600000e+00 -3.796830e+00
      vertex   -1.679633e+00 -6.600000e+00 -9.857933e+00
    endloop
  endfacet
  facet normal -0.000000e+00 1.000000e+00 0.000000e+00
    outer loop
      vertex   -1.679633e+00 -6.600000e+00 -9.857933e+00
      vertex   9.251166e+00 -6.600000e+00 -3.796830e+00
      vertex   -1.165705e+00 -6.600000e+00 -9.931824e+00
    endloop
  endfacet
  facet normal -0.000000e+00 1.000000e+00 0.000000e+00
    outer loop
      vertex   -1.165705e+00 -6.600000e+00 -9.931824e+00
      vertex   9.251166e+00 -6.600000e+00 -3.796830e+00
      vertex   -6.486337e-01 -6.600000e+00 -9.978942e+00
    endloop
  endfacet
  facet normal -0.000000e+00 1.000000e+00 0.000000e+00
    outer loop
      vertex   -6.486337e-01 -6.600000e+00 -9.978942e+00
      vertex   9.251166e+00 -6.600000e+00 -3.796830e+00
      vertex   -1.298142e-01 -6.600000e+00 -9.999157e+00
    endloop
  endfacet
  facet normal 0.000000e+00 1.000000e+00 0.000000e+00
    outer loop
      vertex   -1.298142e-01 -6.600000e+00 -9.999157e+00
      vertex   9.251166e+00 -6.600000e+00 -3.796830e+00
      vertex   3.893552e-01 -6.600000e+00 -9.992417e+00
    endloop
  endfacet
  facet normal 0.000000e+00 1.000000e+00 0.000000e+00
    outer loop
      vertex   3.893552e-01 -6.600000e+00 -9.992417e+00
      vertex   9.251166e+00 -6.600000e+00 -3.796830e+00
      vertex   9.074750e-01 -6.600000e+00 -9.958739e+00
    endloop
  endfacet
  facet normal 0.000000e+00 1.000000e+00 0.000000e+00
    outer loop
      vertex   9.074750e-01 -6.600000e+00 -9.958739e+00
      vertex   9.251166e+00 -6.600000e+00 -3.796830e+00
      vertex   1.423148e+00 -6.600000e+00 -9.898214e+00
    endloop
  endfacet
  facet normal 0.000000e+00 1.000000e+00 0.000000e+00
    outer loop
      vertex   1.423148e+00 -6.600000e+00 -9.898214e+00
      vertex   9.251166e+00 -6.600000e+00 -3.796830e+00
      vertex   1.934985e+00 -6.600000e+00 -9.811006e+00
    endloop
  endfacet
  facet normal 0.000000e+00 1.000000e+00 0.000000e+00
    outer loop
      vertex   1.934985e+00 -6.600000e+00 -9.811006e+00
      vertex   9.251166e+00 -6.600000e+00 -3.796830e+00
      vertex   2.441606e+00 -6.600000e+00 -9.697348e+00
    endloop
  endfacet
  facet normal 0.000000e+00 1.000000e+00 0.000000e+00
    outer loop
      vertex   2.441606e+00 -6.600000e+00 -9.697348e+00
      vertex   9.251166e+00 -6.600000e+00 -3.796830e+00
      vertex   2.941644e+00 -6.600000e+00 -9.557548e+00
    endloop
  endfacet
  facet normal 0.000000e+00 1.000000e+00 0.000000e+00
    outer loop
      vertex   2.941644e+00 -6.600000e+00 -9.557548e+00
      vertex   9.251166e+00 -6.600000e+00 -3.796830e+00
      vertex   3.433752e+00 -6.600000e+00 -9.391983e+00
    endloop
  endfacet
  facet normal 0.000000e+00 1.000000e+00 0.000000e+00
    outer loop
      vertex   3.433752e+00 -6.600000e+00 -9.391983e+00
      vertex   9.251166e+00 -6.600000e+00 -3.796830e+00
      vertex   3.916604e+00 -6.600000e+00 -9.201099e+00
    endloop
  endfacet
  facet normal 0.000000e+00 1.000000e+00 0.000000e+00
    outer loop
      vertex   3.916604e+00 -6.600000e+00 -9.201099e+00
      vertex   9.251166e+00 -6.600000e+00 -3.796830e+00
      vertex   4.388896e+00 -6.600000e+00 -8.985410e+00
    endloop
  endfacet
  facet normal 0.000000e+00 1.000000e+00 0.000000e+00
    outer loop
      vertex   4.388896e+00 -6.600000e+00 -8.985410e+00
      vertex   9.251166e+00 -6.600000e+00 -3.796830e+00
      vertex   4.849358e+00 -6.600000e+00 -8.745498e+00
    endloop
  endfacet
  facet normal 0.000000e+00 1.000000e+00 0.000000e+00
    outer loop
      vertex   4.849358e+00 -6.600000e+00 -8.745498e+00
      vertex   9.251166e+00 -6.600000e+00 -3.796830e+00
      vertex   5.296746e+00 -6.600000e+00 -8.482009e+00
    endloop
  endfacet
  facet normal 0.000000e+00 1.000000e+00 0.000000e+00
    outer loop
      vertex   5.296746e+00 -6.600000e+00 -8.482009e+00
      vertex   9.251166e+00 -6.600000e+00 -3.796830e+00
      vertex   5.729855e+00 -6.600000e+00 -8.195655e+00
    endloop
  endfacet
  facet normal 0.000000e+00 1.000000e+00 0.000000e+00
    outer loop
      vertex   5.729855e+00 -6.600000e+00 -8.195655e+00
      vertex   9.251166e+00 -6.600000e+00 -3.796830e+00
      vertex   6.147518e+00 -6.600000e+00 -7.887207e+00
    endloop
  endfacet
  facet normal 0.000000e+00 1.000000e+00 0.000000e+00
    outer loop
      vertex   6.147518e+00 -6.600000e+00 -7.887207e+00
      vertex   9.251166e+00 -6.600000e+00 -3.796830e+00
      vertex   6.548607e+00 -6.600000e+00 -7.557496e+00
    endloop
  endfacet
  facet normal 0.000000e+00 1.000000e+00 0.000000e+00
    outer loop
      vertex   6.548607e+00 -6.600000e+00 -7.557496e+00
      vertex   9.251166e+00 -6.600000e+00 -3.796830e+00
      vertex   6.932043e+00 -6.600000e+00 -7.207411e+00
    endloop
  endfacet
  facet normal 0.000000e+00 1.000000e+00 0.000000e+00
    outer loop
      vertex   6.932043e+00 -6.600000e+00 -7.207411e+00
      vertex   9.251166e+00 -6.600000e+00 -3.796830e+00
      vertex   7.296792e+00 -6.600000e+00 -6.837897e+00
    endloop
  endfacet
  facet normal 0.000000e+00 1.000000e+00 0.000000e+00
    outer loop
      vertex   7.296792e+00 -6.600000e+00 -6.837897e+00
      vertex   9.251166e+00 -6.600000e+00 -3.796830e+00
      vertex   7.641869e+00 -6.600000e+00 -6.449948e+00
    endloop
  endfacet
  facet normal 0.000000e+00 1.000000e+00 0.000000e+00
    outer loop
      vertex   7.641869e+00 -6.600000e+00 -6.449948e+00
      vertex   9.251166e+00 -6.600000e+00 -3.796830e+00
      vertex   7.966346e+00 -6.600000e+00 -6.044612e+00
    endloop
  endfacet
  facet normal 0.000000e+00 1.000000e+00 0.000000e+00
    outer loop
      vertex   7.966346e+00 -6.600000e+00 -6.044612e+00
      vertex   9.251166e+00 -6.600000e+00 -3.796830e+00
      vertex   8.269346e+00 -6.600000e+00 -5.622981e+00
    endloop
  endfacet
  facet normal 0.000000e+00 1.000000e+00 0.000000e+00
    outer loop
      vertex   8.269346e+00 -6.600000e+00 -5.622981e+00
      vertex   9.251166e+00 -6.600000e+00 -3.796830e+00
      vertex   8.550054e+00 -6.600000e+00 -5.186191e+00
    endloop
  endfacet
  facet normal 0.000000e+00 1.000000e+00 0.000000e+00
    outer loop
      vertex   8.550054e+00 -6.600000e+00 -5.186191e+00
      vertex   9.251166e+00 -6.600000e+00 -3.796830e+00
      vertex   8.807712e+00 -6.600000e+00 -4.735420e+00
    endloop
  endfacet
  facet normal 0.000000e+00 1.000000e+00 0.000000e+00
    outer loop
      vertex   8.807712e+00 -6.600000e+00 -4.735420e+00
      vertex   9.251166e+00 -6.600000e+00 -3.796830e+00
      vertex   9.041627e+00 -6.600000e+00 -4.271883e+00
    endloop
  endfacet
  facet normal 0.000000e+00 1.000000e+00 0.000000e+00
    outer loop
      vertex   9.996630e+00 -6.600000e+00 2.596066e-01
      vertex   -9.986521e+00 -6.600000e+00 5.190382e-01
      vertex   9.969681e+00 -6.600000e+00 7.781199e-01
    endloop
  endfacet
  facet normal 0.000000e+00 1.000000e+00 0.000000e+00
    outer loop
      vertex   9.969681e+00 -6.600000e+00 7.781199e-01
      vertex   -9.986521e+00 -6.600000e+00 5.190382e-01
      vertex   -9.946120e+00 -6.600000e+00 1.036677e+00
    endloop
  endfacet
  facet normal 0.000000e+00 1.000000e+00 0.000000e+00
    outer loop
      vertex   9.969681e+00 -6.600000e+00 7.781199e-01
      vertex   -9.946120e+00 -6.600000e+00 1.036677e+00
      vertex   9.915855e+00 -6.600000e+00 1.294536e+00
    endloop
  endfacet
  facet normal 0.000000e+00 1.000000e+00 0.000000e+00
    outer loop
      vertex   9.915855e+00 -6.600000e+00 1.294536e+00
      vertex   -9.946120e+00 -6.600000e+00 1.036677e+00
      vertex   -9.878906e+00 -6.600000e+00 1.551521e+00
    endloop
  endfacet
  facet normal 0.000000e+00 1.000000e+00 0.000000e+00
    outer loop
      vertex   9.915855e+00 -6.600000e+00 1.294536e+00
      vertex   -9.878906e+00 -6.600000e+00 1.551521e+00
      vertex   9.835298e+00 -6.600000e+00 1.807461e+00
    endloop
  endfacet
  facet normal 0.000000e+00 1.000000e+00 0.000000e+00
    outer loop
      vertex   9.835298e+00 -6.600000e+00 1.807461e+00
      vertex   -9.878906e+00 -6.600000e+00 1.551521e+00
      vertex   -9.785060e+00 -6.600000e+00 2.062183e+00
    endloop
  endfacet
  facet normal 0.000000e+00 1.000000e+00 0.000000e+00
    outer loop
      vertex   9.835298e+00 -6.600000e+00 1.807461e+00
      vertex   -9.785060e+00 -6.600000e+00 2.062183e+00
      vertex   9.728227e+00 -6.600000e+00 2.315515e+00
    endloop
  endfacet
  facet normal 0.000000e+00 1.000000e+00 0.000000e+00
    outer loop
      vertex   9.728227e+00 -6.600000e+00 2.315515e+00
      vertex   -9.785060e+00 -6.600000e+00 2.062183e+00
      vertex   -9.664836e+00 -6.600000e+00 2.567285e+00
    endloop
  endfacet
  facet normal 0.000000e+00 1.000000e+00 0.000000e+00
    outer loop
      vertex   9.728227e+00 -6.600000e+00 2.315515e+00
      vertex   -9.664836e+00 -6.600000e+00 2.567285e+00
      vertex   9.594930e+00 -6.600000e+00 2.817326e+00
    endloop
  endfacet
  facet normal 0.000000e+00 1.000000e+00 0.000000e+00
    outer loop
      vertex   9.594930e+00 -6.600000e+00 2.817326e+00
      vertex   -9.664836e+00 -6.600000e+00 2.567285e+00
      vertex   -9.518556e+00 -6.600000e+00 3.065467e+00
    endloop
  endfacet
  facet normal 0.000000e+00 1.000000e+00 0.000000e+00
    outer loop
      vertex   9.594930e+00 -6.600000e+00 2.817326e+00
      vertex   -9.518556e+00 -6.600000e+00 3.065467e+00
      vertex   9.435767e+00 -6.600000e+00 3.311542e+00
    endloop
  endfacet
  facet normal 0.000000e+00 1.000000e+00 0.000000e+00
    outer loop
      vertex   9.435767e+00 -6.600000e+00 3.311542e+00
      vertex   -9.518556e+00 -6.600000e+00 3.065467e+00
      vertex   -9.346617e+00 -6.600000e+00 3.555384e+00
    endloop
  endfacet
  facet normal 0.000000e+00 1.000000e+00 0.000000e+00
    outer loop
      vertex   9.435767e+00 -6.600000e+00 3.311542e+00
      vertex   -9.346617e+00 -6.600000e+00 3.555384e+00
      vertex   9.251166e+00 -6.600000e+00 3.796830e+00
    endloop
  endfacet
  facet normal 0.000000e+00 1.000000e+00 0.000000e+00
    outer loop
      vertex   9.251166e+00 -6.600000e+00 3.796830e+00
      vertex   -9.346617e+00 -6.600000e+00 3.555384e+00
      vertex   -9.149480e+00 -6.600000e+00 4.035717e+00
    endloop
  endfacet
  facet normal 0.000000e+00 1.000000e+00 0.000000e+00
    outer loop
      vertex   9.251166e+00 -6.600000e+00 3.796830e+00
      vertex   -9.149480e+00 -6.600000e+00 4.035717e+00
      vertex   9.041627e+00 -6.600000e+00 4.271883e+00
    endloop
  endfacet
  facet normal 0.000000e+00 1.000000e+00 0.000000e+00
    outer loop
      vertex   9.041627e+00 -6.600000e+00 4.271883e+00
      vertex   -9.149480e+00 -6.600000e+00 4.035717e+00
      vertex   -8.927678e+00 -6.600000e+00 4.505170e+00
    endloop
  endfacet
  facet normal 0.000000e+00 1.000000e+00 0.000000e+00
    outer loop
      vertex   9.041627e+00 -6.600000e+00 4.271883e+00
      vertex   -8.927678e+00 -6.600000e+00 4.505170e+00
      vertex   8.807712e+00 -6.600000e+00 4.735420e+00
    endloop
  endfacet
  facet normal 0.000000e+00 1.000000e+00 0.000000e+00
    outer loop
      vertex   8.807712e+00 -6.600000e+00 4.735420e+00
      vertex   -8.927678e+00 -6.600000e+00 4.505170e+00
      vertex   -8.681809e+00 -6.600000e+00 4.962478e+00
    endloop
  endfacet
  facet normal 0.000000e+00 1.000000e+00 0.000000e+00
    outer loop
      vertex   8.807712e+00 -6.600000e+00 4.735420e+00
      vertex   -8.681809e+00 -6.600000e+00 4.962478e+00
      vertex   8.550054e+00 -6.600000e+00 5.186191e+00
    endloop
  endfacet
  facet normal 0.000000e+00 1.000000e+00 0.000000e+00
    outer loop
      vertex   8.550054e+00 -6.600000e+00 5.186191e+00
      vertex   -8.681809e+00 -6.600000e+00 4.962478e+00
      vertex   -8.412535e+00 -6.600000e+00 5.406408e+00
    endloop
  endfacet
  facet normal 0.000000e+00 1.000000e+00 0.000000e+00
    outer loop
      vertex   8.550054e+00 -6.600000e+00 5.186191e+00
      vertex   -8.412535e+00 -6.600000e+00 5.406408e+00
      vertex   8.269346e+00 -6.600000e+00 5.622981e+00
    endloop
  endfacet
  facet normal 0.000000e+00 1.000000e+00 0.000000e+00
    outer loop
      vertex   8.269346e+00 -6.600000e+00 5.622981e+00
      vertex   -8.412535e+00 -6.600000e+00 5.406408e+00
      vertex   -8.120583e+00 -6.600000e+00 5.835764e+00
    endloop
  endfacet
  facet normal 0.000000e+00 1.000000e+00 0.000000e+00
    outer loop
      vertex   8.269346e+00 -6.600000e+00 5.622981e+00
      vertex   -8.120583e+00 -6.600000e+00 5.835764e+00
      vertex   7.966346e+00 -6.600000e+00 6.044612e+00
    endloop
  endfacet
  facet normal 0.000000e+00 1.000000e+00 0.000000e+00
    outer loop
      vertex   7.966346e+00 -6.600000e+00 6.044612e+00
      vertex   -8.120583e+00 -6.600000e+00 5.835764e+00
      vertex   -7.806739e+00 -6.600000e+00 6.249387e+00
    endloop
  endfacet
  facet normal 0.000000e+00 1.000000e+00 0.000000e+00
    outer loop
      vertex   7.966346e+00 -6.600000e+00 6.044612e+00
      vertex   -7.806739e+00 -6.600000e+00 6.249387e+00
      vertex   7.641869e+00 -6.600000e+00 6.449948e+00
    endloop
  endfacet
  facet normal 0.000000e+00 1.000000e+00 0.000000e+00
    outer loop
      vertex   7.641869e+00 -6.600000e+00 6.449948e+00
      vertex   -7.806739e+00 -6.600000e+00 6.249387e+00
      vertex   -7.471849e+00 -6.600000e+00 6.646163e+00
    endloop
  endfacet
  facet normal 0.000000e+00 1.000000e+00 0.000000e+00
    outer loop
      vertex   7.641869e+00 -6.600000e+00 6.449948e+00
      vertex   -7.471849e+00 -6.600000e+00 6.646163e+00
      vertex   7.296792e+00 -6.600000e+00 6.837897e+00
    endloop
  endfacet
  facet normal 0.000000e+00 1.000000e+00 0.000000e+00
    outer loop
      vertex   7.296792e+00 -6.600000e+00 6.837897e+00
      vertex   -7.471849e+00 -6.600000e+00 6.646163e+00
      vertex   -7.116816e+00 -6.600000e+00 7.025022e+00
    endloop
  endfacet
  facet normal 0.000000e+00 1.000000e+00 0.000000e+00
    outer loop
      vertex   7.296792e+00 -6.600000e+00 6.837897e+00
      vertex   -7.116816e+00 -6.600000e+00 7.025022e+00
      vertex   6.932043e+00 -6.600000e+00 7.207411e+00
    endloop
  endfacet
  facet normal 0.000000e+00 1.000000e+00 0.000000e+00
    outer loop
      vertex   6.932043e+00 -6.600000e+00 7.207411e+00
      vertex   -7.116816e+00 -6.600000e+00 7.025022e+00
      vertex   -6.742598e+00 -6.600000e+00 7.384942e+00
    endloop
  endfacet
  facet normal 0.000000e+00 1.000000e+00 0.000000e+00
    outer loop
      vertex   6.932043e+00 -6.600000e+00 7.207411e+00
      vertex   -6.742598e+00 -6.600000e+00 7.384942e+00
      vertex   6.548607e+00 -6.600000e+00 7.557496e+00
    endloop
  endfacet
  facet normal 0.000000e+00 1.000000e+00 0.000000e+00
    outer loop
      vertex   6.548607e+00 -6.600000e+00 7.557496e+00
      vertex   -6.742598e+00 -6.600000e+00 7.384942e+00
      vertex   -6.350203e+00 -6.600000e+00 7.724955e+00
    endloop
  endfacet
  facet normal 0.000000e+00 1.000000e+00 0.000000e+00
    outer loop
      vertex   6.548607e+00 -6.600000e+00 7.557496e+00
      vertex   -6.350203e+00 -6.600000e+00 7.724955e+00
      vertex   6.147518e+00 -6.600000e+00 7.887207e+00
    endloop
  endfacet
  facet normal 0.000000e+00 1.000000e+00 0.000000e+00
    outer loop
      vertex   6.147518e+00 -6.600000e+00 7.887207e+00
      vertex   -6.350203e+00 -6.600000e+00 7.724955e+00
      vertex   -5.940689e+00 -6.600000e+00 8.044142e+00
    endloop
  endfacet
  facet normal 0.000000e+00 1.000000e+00 0.000000e+00
    outer loop
      vertex   6.147518e+00 -6.600000e+00 7.887207e+00
      vertex   -5.940689e+00 -6.600000e+00 8.044142e+00
      vertex   5.729855e+00 -6.600000e+00 8.195655e+00
    endloop
  endfacet
  facet normal 0.000000e+00 1.000000e+00 0.000000e+00
    outer loop
      vertex   5.729855e+00 -6.600000e+00 8.195655e+00
      vertex   -5.940689e+00 -6.600000e+00 8.044142e+00
      vertex   -5.515159e+00 -6.600000e+00 8.341644e+00
    endloop
  endfacet
  facet normal 0.000000e+00 1.000000e+00 0.000000e+00
    outer loop
      vertex   5.729855e+00 -6.600000e+00 8.195655e+00
      vertex   -5.515159e+00 -6.600000e+00 8.341644e+00
      vertex   5.296746e+00 -6.600000e+00 8.482009e+00
    endloop
  endfacet
  facet normal 0.000000e+00 1.000000e+00 0.000000e+00
    outer loop
      vertex   5.296746e+00 -6.600000e+00 8.482009e+00
      vertex   -5.515159e+00 -6.600000e+00 8.341644e+00
      vertex   -5.074762e+00 -6.600000e+00 8.616658e+00
    endloop
  endfacet
  facet normal 0.000000e+00 1.000000e+00 0.000000e+00
    outer loop
      vertex   5.296746e+00 -6.600000e+00 8.482009e+00
      vertex   -5.074762e+00 -6.600000e+00 8.616658e+00
      vertex   4.849358e+00 -6.600000e+00 8.745498e+00
    endloop
  endfacet
  facet normal 0.000000e+00 1.000000e+00 0.000000e+00
    outer loop
      vertex   4.849358e+00 -6.600000e+00 8.745498e+00
      vertex   -5.074762e+00 -6.600000e+00 8.616658e+00
      vertex   -4.620684e+00 -6.600000e+00 8.868443e+00
    endloop
  endfacet
  facet normal 0.000000e+00 1.000000e+00 0.000000e+00
    outer loop
      vertex   4.849358e+00 -6.600000e+00 8.745498e+00
      vertex   -4.620684e+00 -6.600000e+00 8.868443e+00
      vertex   4.388896e+00 -6.600000e+00 8.985410e+00
    endloop
  endfacet
  facet normal 0.000000e+00 1.000000e+00 0.000000e+00
    outer loop
      vertex   4.388896e+00 -6.600000e+00 8.985410e+00
      vertex   -4.620684e+00 -6.600000e+00 8.868443e+00
      vertex   -4.154150e+00 -6.600000e+00 9.096320e+00
    endloop
  endfacet
  facet normal 0.000000e+00 1.000000e+00 0.000000e+00
    outer loop
      vertex   4.388896e+00 -6.600000e+00 8.985410e+00
      vertex   -4.154150e+00 -6.600000e+00 9.096320e+00
      vertex   3.916604e+00 -6.600000e+00 9.201099e+00
    endloop
  endfacet
  facet normal 0.000000e+00 1.000000e+00 0.000000e+00
    outer loop
      vertex   3.916604e+00 -6.600000e+00 9.201099e+00
      vertex   -4.154150e+00 -6.600000e+00 9.096320e+00
      vertex   -3.676417e+00 -6.600000e+00 9.299675e+00
    endloop
  endfacet
  facet normal 0.000000e+00 1.000000e+00 0.000000e+00
    outer loop
      vertex   3.916604e+00 -6.600000e+00 9.201099e+00
      vertex   -3.676417e+00 -6.600000e+00 9.299675e+00
      vertex   3.433752e+00 -6.600000e+00 9.391983e+00
    endloop
  endfacet
  facet normal 0.000000e+00 1.000000e+00 0.000000e+00
    outer loop
      vertex   3.433752e+00 -6.600000e+00 9.391983e+00
      vertex   -3.676417e+00 -6.600000e+00 9.299675e+00
      vertex   -3.188773e+00 -6.600000e+00 9.477960e+00
    endloop
  endfacet
  facet normal 0.000000e+00 1.000000e+00 0.000000e+00
    outer loop
      vertex   3.433752e+00 -6.600000e+00 9.391983e+00
      vertex   -3.188773e+00 -6.600000e+00 9.477960e+00
      vertex   2.941644e+00 -6.600000e+00 9.557548e+00
    endloop
  endfacet
  facet normal 0.000000e+00 1.000000e+00 0.000000e+00
    outer loop
      vertex   2.941644e+00 -6.600000e+00 9.557548e+00
      vertex   -3.188773e+00 -6.600000e+00 9.477960e+00
      vertex   -2.692532e+00 -6.600000e+00 9.630694e+00
    endloop
  endfacet
  facet normal 0.000000e+00 1.000000e+00 0.000000e+00
    outer loop
      vertex   2.941644e+00 -6.600000e+00 9.557548e+00
      vertex   -2.692532e+00 -6.600000e+00 9.630694e+00
      vertex   2.441606e+00 -6.600000e+00 9.697348e+00
    endloop
  endfacet
  facet normal 0.000000e+00 1.000000e+00 0.000000e+00
    outer loop
      vertex   2.441606e+00 -6.600000e+00 9.697348e+00
      vertex   -2.692532e+00 -6.600000e+00 9.630694e+00
      vertex   -2.189033e+00 -6.600000e+00 9.757466e+00
    endloop
  endfacet
  facet normal 0.000000e+00 1.000000e+00 0.000000e+00
    outer loop
      vertex   2.441606e+00 -6.600000e+00 9.697348e+00
      vertex   -2.189033e+00 -6.600000e+00 9.757466e+00
      vertex   1.934985e+00 -6.600000e+00 9.811006e+00
    endloop
  endfacet
  facet normal 0.000000e+00 1.000000e+00 0.000000e+00
    outer loop
      vertex   1.934985e+00 -6.600000e+00 9.811006e+00
      vertex   -2.189033e+00 -6.600000e+00 9.757466e+00
      vertex   -1.679633e+00 -6.600000e+00 9.857933e+00
    endloop
  endfacet
  facet normal 0.000000e+00 1.000000e+00 0.000000e+00
    outer loop
      vertex   1.934985e+00 -6.600000e+00 9.811006e+00
      vertex   -1.679633e+00 -6.600000e+00 9.857933e+00
      vertex   1.423148e+00 -6.600000e+00 9.898214e+00
    endloop
  endfacet
  facet normal 0.000000e+00 1.000000e+00 0.000000e+00
    outer loop
      vertex   1.423148e+00 -6.600000e+00 9.898214e+00
      vertex   -1.679633e+00 -6.600000e+00 9.857933e+00
      vertex   -1.165705e+00 -6.600000e+00 9.931824e+00
    endloop
  endfacet
  facet normal 0.000000e+00 1.000000e+00 0.000000e+00
    outer loop
      vertex   1.423148e+00 -6.600000e+00 9.898214e+00
      vertex   -1.165705e+00 -6.600000e+00 9.931824e+00
      vertex   9.074750e-01 -6.600000e+00 9.958739e+00
    endloop
  endfacet
  facet normal 0.000000e+00 1.000000e+00 0.000000e+00
    outer loop
      vertex   9.074750e-01 -6.600000e+00 9.958739e+00
      vertex   -1.165705e+00 -6.600000e+00 9.931824e+00
      vertex   -6.486337e-01 -6.600000e+00 9.978942e+00
    endloop
  endfacet
  facet normal 0.000000e+00 1.000000e+00 0.000000e+00
    outer loop
      vertex   9.074750e-01 -6.600000e+00 9.958739e+00
      vertex   -6.486337e-01 -6.600000e+00 9.978942e+00
      vertex   3.893552e-01 -6.600000e+00 9.992417e+00
    endloop
  endfacet
  facet normal 0.000000e+00 1.000000e+00 0.000000e+00
    outer loop
      vertex   3.893552e-01 -6.600000e+00 9.992417e+00
      vertex   -6.486337e-01 -6.600000e+00 9.978942e+00
      vertex   -1.298142e-01 -6.600000e+00 9.999157e+00
    endloop
  endfacet
  facet normal 9.996630e-01 -0.000000e+00 2.596066e-02
    outer loop
      vertex   -9.986521e+00 -6.600000e+00 -5.190382e-01
      vertex   -9.986521e+00 -1.600000e+00 -5.190382e-01
      vertex   -1.000000e+01 -6.600000e+00 1.224647e-15
    endloop
  endfacet
  facet normal 9.996630e-01 -0.000000e+00 2.596066e-02
    outer loop
      vertex   -1.000000e+01 -6.600000e+00 1.224647e-15
      vertex   -9.986521e+00 -1.600000e+00 -5.190382e-01
      vertex   -1.000000e+01 -1.600000e+00 1.224647e-15
    endloop
  endfacet
  facet normal 9.996630e-01 0.000000e+00 -2.596066e-02
    outer loop
      vertex   -1.000000e+01 -6.600000e+00 1.224647e-15
      vertex   -1.000000e+01 -1.600000e+00 1.224647e-15
      vertex   -9.986521e+00 -6.600000e+00 5.190382e-01
    endloop
  endfacet
  facet normal 9.996630e-01 0.000000e+00 -2.596066e-02
    outer loop
      vertex   -9.986521e+00 -6.600000e+00 5.190382e-01
      vertex   -1.000000e+01 -1.600000e+00 1.224647e-15
      vertex   -9.986521e+00 -1.600000e+00 5.190382e-01
    endloop
  endfacet
  facet normal 9.969681e-01 0.000000e+00 -7.781199e-02
    outer loop
      vertex   -9.986521e+00 -6.600000e+00 5.190382e-01
      vertex   -9.986521e+00 -1.600000e+00 5.190382e-01
      vertex   -9.946120e+00 -6.600000e+00 1.036677e+00
    endloop
  endfacet
  facet normal 9.969681e-01 0.000000e+00 -7.781199e-02
    outer loop
      vertex   -9.946120e+00 -6.600000e+00 1.036677e+00
      vertex   -9.986521e+00 -1.600000e+00 5.190382e-01
      vertex   -9.946120e+00 -1.600000e+00 1.036677e+00
    endloop
  endfacet
  facet normal 9.915855e-01 0.000000e+00 -1.294536e-01
    outer loop
      vertex   -9.946120e+00 -6.600000e+00 1.036677e+00
      vertex   -9.946120e+00 -1.600000e+00 1.036677e+00
      vertex   -9.878906e+00 -1.600000e+00 1.551521e+00
    endloop
  endfacet
  facet normal 9.969681e-01 0.000000e+00 7.781199e-02
    outer loop
      vertex   -9.986521e+00 -1.600000e+00 -5.190382e-01
      vertex   -9.986521e+00 -6.600000e+00 -5.190382e-01
      vertex   -9.946120e+00 -1.600000e+00 -1.036677e+00
    endloop
  endfacet
  facet normal 9.969681e-01 0.000000e+00 7.781199e-02
    outer loop
      vertex   -9.946120e+00 -1.600000e+00 -1.036677e+00
      vertex   -9.986521e+00 -6.600000e+00 -5.190382e-01
      vertex   -9.946120e+00 -6.600000e+00 -1.036677e+00
    endloop
  endfacet
  facet normal 9.915855e-01 0.000000e+00 1.294536e-01
    outer loop
      vertex   -9.946120e+00 -1.600000e+00 -1.036677e+00
      vertex   -9.946120e+00 -6.600000e+00 -1.036677e+00
      vertex   -9.878906e+00 -6.600000e+00 -1.551521e+00
    endloop
  endfacet
  facet normal 9.915855e-01 1.238136e-18 1.294536e-01
    outer loop
      vertex   -9.946120e+00 -1.600000e+00 -1.036677e+00
      vertex   -9.878906e+00 -6.600000e+00 -1.551521e+00
      vertex   -9.878906e+00 -1.600000e+00 -1.551521e+00
    endloop
  endfacet
  facet normal 9.835298e-01 0.000000e+00 1.807461e-01
    outer loop
      vertex   -9.878906e+00 -1.600000e+00 -1.551521e+00
      vertex   -9.878906e+00 -6.600000e+00 -1.551521e+00
      vertex   -9.785060e+00 -6.600000e+00 -2.062183e+00
    endloop
  endfacet
  facet normal 9.835298e-01 4.501051e-19 1.807461e-01
    outer loop
      vertex   -9.878906e+00 -1.600000e+00 -1.551521e+00
      vertex   -9.785060e+00 -6.600000e+00 -2.062183e+00
      vertex   -9.785060e+00 -1.600000e+00 -2.062183e+00
    endloop
  endfacet
  facet normal 9.728227e-01 0.000000e+00 2.315515e-01
    outer loop
      vertex   -9.785060e+00 -1.600000e+00 -2.062183e+00
      vertex   -9.785060e+00 -6.600000e+00 -2.062183e+00
      vertex   -9.664836e+00 -6.600000e+00 -2.567285e+00
    endloop
  endfacet
  facet normal 9.728227e-01 5.952057e-19 2.315515e-01
    outer loop
      vertex   -9.785060e+00 -1.600000e+00 -2.062183e+00
      vertex   -9.664836e+00 -6.600000e+00 -2.567285e+00
      vertex   -9.664836e+00 -1.600000e+00 -2.567285e+00
    endloop
  endfacet
  facet normal 9.594930e-01 0.000000e+00 2.817326e-01
    outer loop
      vertex   -9.664836e+00 -1.600000e+00 -2.567285e+00
      vertex   -9.664836e+00 -6.600000e+00 -2.567285e+00
      vertex   -9.518556e+00 -6.600000e+00 -3.065467e+00
    endloop
  endfacet
  facet normal 9.594930e-01 -2.078954e-18 2.817326e-01
    outer loop
      vertex   -9.664836e+00 -1.600000e+00 -2.567285e+00
      vertex   -9.518556e+00 -6.600000e+00 -3.065467e+00
      vertex   -9.518556e+00 -1.600000e+00 -3.065467e+00
    endloop
  endfacet
  facet normal 9.435767e-01 0.000000e+00 3.311542e-01
    outer loop
      vertex   -9.518556e+00 -1.600000e+00 -3.065467e+00
      vertex   -9.518556e+00 -6.600000e+00 -3.065467e+00
      vertex   -9.346617e+00 -6.600000e+00 -3.555384e+00
    endloop
  endfacet
  facet normal 9.435767e-01 2.449935e-18 3.311542e-01
    outer loop
      vertex   -9.518556e+00 -1.600000e+00 -3.065467e+00
      vertex   -9.346617e+00 -6.600000e+00 -3.555384e+00
      vertex   -9.346617e+00 -1.600000e+00 -3.555384e+00
    endloop
  endfacet
  facet normal 9.251166e-01 0.000000e+00 3.796830e-01
    outer loop
      vertex   -9.346617e+00 -1.600000e+00 -3.555384e+00
      vertex   -9.346617e+00 -6.600000e+00 -3.555384e+00
      vertex   -9.149480e+00 -6.600000e+00 -4.035717e+00
    endloop
  endfacet
  facet normal 9.251166e-01 1.554530e-18 3.796830e-01
    outer loop
      vertex   -9.346617e+00 -1.600000e+00 -3.555384e+00
      vertex   -9.149480e+00 -6.600000e+00 -4.035717e+00
      vertex   -9.149480e+00 -1.600000e+00 -4.035717e+00
    endloop
  endfacet
  facet normal 9.041627e-01 0.000000e+00 4.271883e-01
    outer loop
      vertex   -9.149480e+00 -1.600000e+00 -4.035717e+00
      vertex   -9.149480e+00 -6.600000e+00 -4.035717e+00
      vertex   -8.927678e+00 -6.600000e+00 -4.505170e+00
    endloop
  endfacet
  facet normal 9.041627e-01 1.005507e-18 4.271883e-01
    outer loop
      vertex   -9.149480e+00 -1.600000e+00 -4.035717e+00
      vertex   -8.927678e+00 -6.600000e+00 -4.505170e+00
      vertex   -8.927678e+00 -1.600000e+00 -4.505170e+00
    endloop
  endfacet
  facet normal 8.807712e-01 0.000000e+00 4.735420e-01
    outer loop
      vertex   -8.927678e+00 -1.600000e+00 -4.505170e+00
      vertex   -8.927678e+00 -6.600000e+00 -4.505170e+00
      vertex   -8.681809e+00 -6.600000e+00 -4.962478e+00
    endloop
  endfacet
  facet normal 8.807712e-01 9.795842e-19 4.735420e-01
    outer loop
      vertex   -8.927678e+00 -1.600000e+00 -4.505170e+00
      vertex   -8.681809e+00 -6.600000e+00 -4.962478e+00
      vertex   -8.681809e+00 -1.600000e+00 -4.962478e+00
    endloop
  endfacet
  facet normal 8.550054e-01 0.000000e+00 5.186191e-01
    outer loop
      vertex   -8.681809e+00 -1.600000e+00 -4.962478e+00
      vertex   -8.681809e+00 -6.600000e+00 -4.962478e+00
      vertex   -8.412535e+00 -6.600000e+00 -5.406408e+00
    endloop
  endfacet
  facet normal 8.550054e-01 -7.002122e-19 5.186191e-01
    outer loop
      vertex   -8.681809e+00 -1.600000e+00 -4.962478e+00
      vertex   -8.412535e+00 -6.600000e+00 -5.406408e+00
      vertex   -8.412535e+00 -1.600000e+00 -5.406408e+00
    endloop
  endfacet
  facet normal 8.269346e-01 0.000000e+00 5.622981e-01
    outer loop
      vertex   -8.412535e+00 -1.600000e+00 -5.406408e+00
      vertex   -8.412535e+00 -6.600000e+00 -5.406408e+00
      vertex   -8.120583e+00 -6.600000e+00 -5.835764e+00
    endloop
  endfacet
  facet normal 8.269346e-01 6.187699e-19 5.622981e-01
    outer loop
      vertex   -8.412535e+00 -1.600000e+00 -5.406408e+00
      vertex   -8.120583e+00 -6.600000e+00 -5.835764e+00
      vertex   -8.120583e+00 -1.600000e+00 -5.835764e+00
    endloop
  endfacet
  facet normal 7.966346e-01 0.000000e+00 6.044612e-01
    outer loop
      vertex   -8.120583e+00 -1.600000e+00 -5.835764e+00
      vertex   -8.120583e+00 -6.600000e+00 -5.835764e+00
      vertex   -7.806739e+00 -6.600000e+00 -6.249387e+00
    endloop
  endfacet
  facet normal 7.966346e-01 -1.066320e-18 6.044612e-01
    outer loop
      vertex   -8.120583e+00 -1.600000e+00 -5.835764e+00
      vertex   -7.806739e+00 -6.600000e+00 -6.249387e+00
      vertex   -7.806739e+00 -1.600000e+00 -6.249387e+00
    endloop
  endfacet
  facet normal 7.641869e-01 0.000000e+00 6.449948e-01
    outer loop
      vertex   -7.806739e+00 -1.600000e+00 -6.249387e+00
      vertex   -7.806739e+00 -6.600000e+00 -6.249387e+00
      vertex   -7.471849e+00 -6.600000e+00 -6.646163e+00
    endloop
  endfacet
  facet normal 7.641869e-01 -3.077226e-18 6.449948e-01
    outer loop
      vertex   -7.806739e+00 -1.600000e+00 -6.249387e+00
      vertex   -7.471849e+00 -6.600000e+00 -6.646163e+00
      vertex   -7.471849e+00 -1.600000e+00 -6.646163e+00
    endloop
  endfacet
  facet normal 7.296792e-01 0.000000e+00 6.837897e-01
    outer loop
      vertex   -7.471849e+00 -1.600000e+00 -6.646163e+00
      vertex   -7.471849e+00 -6.600000e+00 -6.646163e+00
      vertex   -7.116816e+00 -6.600000e+00 -7.025022e+00
    endloop
  endfacet
  facet normal 7.296792e-01 3.212570e-18 6.837897e-01
    outer loop
      vertex   -7.471849e+00 -1.600000e+00 -6.646163e+00
      vertex   -7.116816e+00 -6.600000e+00 -7.025022e+00
      vertex   -7.116816e+00 -1.600000e+00 -7.025022e+00
    endloop
  endfacet
  facet normal 6.932043e-01 0.000000e+00 7.207411e-01
    outer loop
      vertex   -7.116816e+00 -1.600000e+00 -7.025022e+00
      vertex   -7.116816e+00 -6.600000e+00 -7.025022e+00
      vertex   -6.742598e+00 -6.600000e+00 -7.384942e+00
    endloop
  endfacet
  facet normal 6.932043e-01 1.533480e-18 7.207411e-01
    outer loop
      vertex   -7.116816e+00 -1.600000e+00 -7.025022e+00
      vertex   -6.742598e+00 -6.600000e+00 -7.384942e+00
      vertex   -6.742598e+00 -1.600000e+00 -7.384942e+00
    endloop
  endfacet
  facet normal 6.548607e-01 0.000000e+00 7.557496e-01
    outer loop
      vertex   -6.742598e+00 -1.600000e+00 -7.384942e+00
      vertex   -6.742598e+00 -6.600000e+00 -7.384942e+00
      vertex   -6.350203e+00 -6.600000e+00 -7.724955e+00
    endloop
  endfacet
  facet normal 6.548607e-01 2.601950e-18 7.557496e-01
    outer loop
      vertex   -6.742598e+00 -1.600000e+00 -7.384942e+00
      vertex   -6.350203e+00 -6.600000e+00 -7.724955e+00
      vertex   -6.350203e+00 -1.600000e+00 -7.724955e+00
    endloop
  endfacet
  facet normal 6.147518e-01 0.000000e+00 7.887207e-01
    outer loop
      vertex   -6.350203e+00 -1.600000e+00 -7.724955e+00
      vertex   -6.350203e+00 -6.600000e+00 -7.724955e+00
      vertex   -5.940689e+00 -6.600000e+00 -8.044142e+00
    endloop
  endfacet
  facet normal 6.147518e-01 1.064095e-19 7.887207e-01
    outer loop
      vertex   -6.350203e+00 -1.600000e+00 -7.724955e+00
      vertex   -5.940689e+00 -6.600000e+00 -8.044142e+00
      vertex   -5.940689e+00 -1.600000e+00 -8.044142e+00
    endloop
  endfacet
  facet normal 5.729855e-01 0.000000e+00 8.195655e-01
    outer loop
      vertex   -5.940689e+00 -1.600000e+00 -8.044142e+00
      vertex   -5.940689e+00 -6.600000e+00 -8.044142e+00
      vertex   -5.515159e+00 -6.600000e+00 -8.341644e+00
    endloop
  endfacet
  facet normal 5.729855e-01 1.305609e-19 8.195655e-01
    outer loop
      vertex   -5.940689e+00 -1.600000e+00 -8.044142e+00
      vertex   -5.515159e+00 -6.600000e+00 -8.341644e+00
      vertex   -5.515159e+00 -1.600000e+00 -8.341644e+00
    endloop
  endfacet
  facet normal 5.296746e-01 0.000000e+00 8.482009e-01
    outer loop
      vertex   -5.515159e+00 -1.600000e+00 -8.341644e+00
      vertex   -5.515159e+00 -6.600000e+00 -8.341644e+00
      vertex   -5.074762e+00 -6.600000e+00 -8.616658e+00
    endloop
  endfacet
  facet normal 5.296746e-01 1.832546e-18 8.482009e-01
    outer loop
      vertex   -5.515159e+00 -1.600000e+00 -8.341644e+00
      vertex   -5.074762e+00 -6.600000e+00 -8.616658e+00
      vertex   -5.074762e+00 -1.600000e+00 -8.616658e+00
    endloop
  endfacet
  facet normal 4.849358e-01 0.000000e+00 8.745498e-01
    outer loop
      vertex   -5.074762e+00 -1.600000e+00 -8.616658e+00
      vertex   -5.074762e+00 -6.600000e+00 -8.616658e+00
      vertex   -4.620684e+00 -6.600000e+00 -8.868443e+00
    endloop
  endfacet
  facet normal 4.849358e-01 -1.529163e-19 8.745498e-01
    outer loop
      vertex   -5.074762e+00 -1.600000e+00 -8.616658e+00
      vertex   -4.620684e+00 -6.600000e+00 -8.868443e+00
      vertex   -4.620684e+00 -1.600000e+00 -8.868443e+00
    endloop
  endfacet
  facet normal 4.388896e-01 0.000000e+00 8.985410e-01
    outer loop
      vertex   -4.620684e+00 -1.600000e+00 -8.868443e+00
      vertex   -4.620684e+00 -6.600000e+00 -8.868443e+00
      vertex   -4.154150e+00 -6.600000e+00 -9.096320e+00
    endloop
  endfacet
  facet normal 4.388896e-01 -1.091179e-18 8.985410e-01
    outer loop
      vertex   -4.620684e+00 -1.600000e+00 -8.868443e+00
      vertex   -4.154150e+00 -6.600000e+00 -9.096320e+00
      vertex   -4.154150e+00 -1.600000e+00 -9.096320e+00
    endloop
  endfacet
  facet normal 3.916604e-01 0.000000e+00 9.201099e-01
    outer loop
      vertex   -4.154150e+00 -1.600000e+00 -9.096320e+00
      vertex   -4.154150e+00 -6.600000e+00 -9.096320e+00
      vertex   -3.676417e+00 -6.600000e+00 -9.299675e+00
    endloop
  endfacet
  facet normal 3.916604e-01 4.565655e-20 9.201099e-01
    outer loop
      vertex   -4.154150e+00 -1.600000e+00 -9.096320e+00
      vertex   -3.676417e+00 -6.600000e+00 -9.299675e+00
      vertex   -3.676417e+00 -1.600000e+00 -9.299675e+00
    endloop
  endfacet
  facet normal 3.433752e-01 0.000000e+00 9.391983e-01
    outer loop
      vertex   -3.676417e+00 -1.600000e+00 -9.299675e+00
      vertex   -3.676417e+00 -6.600000e+00 -9.299675e+00
      vertex   -3.188773e+00 -6.600000e+00 -9.477960e+00
    endloop
  endfacet
  facet normal 3.433752e-01 5.813391e-19 9.391983e-01
    outer loop
      vertex   -3.676417e+00 -1.600000e+00 -9.299675e+00
      vertex   -3.188773e+00 -6.600000e+00 -9.477960e+00
      vertex   -3.188773e+00 -1.600000e+00 -9.477960e+00
    endloop
  endfacet
  facet normal 2.941644e-01 0.000000e+00 9.557548e-01
    outer loop
      vertex   -3.188773e+00 -1.600000e+00 -9.477960e+00
      vertex   -3.188773e+00 -6.600000e+00 -9.477960e+00
      vertex   -2.692532e+00 -6.600000e+00 -9.630694e+00
    endloop
  endfacet
  facet normal 2.941644e-01 6.937883e-19 9.557548e-01
    outer loop
      vertex   -3.188773e+00 -1.600000e+00 -9.477960e+00
      vertex   -2.692532e+00 -6.600000e+00 -9.630694e+00
      vertex   -2.692532e+00 -1.600000e+00 -9.630694e+00
    endloop
  endfacet
  facet normal 2.441606e-01 0.000000e+00 9.697348e-01
    outer loop
      vertex   -2.692532e+00 -1.600000e+00 -9.630694e+00
      vertex   -2.692532e+00 -6.600000e+00 -9.630694e+00
      vertex   -2.189033e+00 -6.600000e+00 -9.757466e+00
    endloop
  endfacet
  facet normal 2.441606e-01 -2.163513e-18 9.697348e-01
    outer loop
      vertex   -2.692532e+00 -1.600000e+00 -9.630694e+00
      vertex   -2.189033e+00 -6.600000e+00 -9.757466e+00
      vertex   -2.189033e+00 -1.600000e+00 -9.757466e+00
    endloop
  endfacet
  facet normal 1.934985e-01 0.000000e+00 9.811006e-01
    outer loop
      vertex   -2.189033e+00 -1.600000e+00 -9.757466e+00
      vertex   -2.189033e+00 -6.600000e+00 -9.757466e+00
      vertex   -1.679633e+00 -6.600000e+00 -9.857933e+00
    endloop
  endfacet
  facet normal 1.934985e-01 -8.997106e-19 9.811006e-01
    outer loop
      vertex   -2.189033e+00 -1.600000e+00 -9.757466e+00
      vertex   -1.679633e+00 -6.600000e+00 -9.857933e+00
      vertex   -1.679633e+00 -1.600000e+00 -9.857933e+00
    endloop
  endfacet
  facet normal 1.423148e-01 0.000000e+00 9.898214e-01
    outer loop
      vertex   -1.679633e+00 -1.600000e+00 -9.857933e+00
      vertex   -1.679633e+00 -6.600000e+00 -9.857933e+00
      vertex   -1.165705e+00 -6.600000e+00 -9.931824e+00
    endloop
  endfacet
  facet normal 1.423148e-01 3.885428e-19 9.898214e-01
    outer loop
      vertex   -1.679633e+00 -1.600000e+00 -9.857933e+00
      vertex   -1.165705e+00 -6.600000e+00 -9.931824e+00
      vertex   -1.165705e+00 -1.600000e+00 -9.931824e+00
    endloop
  endfacet
  facet normal 9.074750e-02 0.000000e+00 9.958739e-01
    outer loop
      vertex   -1.165705e+00 -1.600000e+00 -9.931824e+00
      vertex   -1.165705e+00 -6.600000e+00 -9.931824e+00
      vertex   -6.486337e-01 -6.600000e+00 -9.978942e+00
    endloop
  endfacet
  facet normal 9.074750e-02 -5.149734e-19 9.958739e-01
    outer loop
      vertex   -1.165705e+00 -1.600000e+00 -9.931824e+00
      vertex   -6.486337e-01 -6.600000e+00 -9.978942e+00
      vertex   -6.486337e-01 -1.600000e+00 -9.978942e+00
    endloop
  endfacet
  facet normal 3.893552e-02 0.000000e+00 9.992417e-01
    outer loop
      vertex   -6.486337e-01 -1.600000e+00 -9.978942e+00
      vertex   -6.486337e-01 -6.600000e+00 -9.978942e+00
      vertex   -1.298142e-01 -6.600000e+00 -9.999157e+00
    endloop
  endfacet
  facet normal 3.893552e-02 -2.722089e-19 9.992417e-01
    outer loop
      vertex   -6.486337e-01 -1.600000e+00 -9.978942e+00
      vertex   -1.298142e-01 -6.600000e+00 -9.999157e+00
      vertex   -1.298142e-01 -1.600000e+00 -9.999157e+00
    endloop
  endfacet
  facet normal -1.298142e-02 0.000000e+00 9.999157e-01
    outer loop
      vertex   -1.298142e-01 -1.600000e+00 -9.999157e+00
      vertex   -1.298142e-01 -6.600000e+00 -9.999157e+00
      vertex   3.893552e-01 -6.600000e+00 -9.992417e+00
    endloop
  endfacet
  facet normal -1.298142e-02 -4.121451e-20 9.999157e-01
    outer loop
      vertex   -1.298142e-01 -1.600000e+00 -9.999157e+00
      vertex   3.893552e-01 -6.600000e+00 -9.992417e+00
      vertex   3.893552e-01 -1.600000e+00 -9.992417e+00
    endloop
  endfacet
  facet normal -6.486337e-02 0.000000e+00 9.978942e-01
    outer loop
      vertex   3.893552e-01 -1.600000e+00 -9.992417e+00
      vertex   3.893552e-01 -6.600000e+00 -9.992417e+00
      vertex   9.074750e-01 -6.600000e+00 -9.958739e+00
    endloop
  endfacet
  facet normal -6.486337e-02 1.132862e-19 9.978942e-01
    outer loop
      vertex   3.893552e-01 -1.600000e+00 -9.992417e+00
      vertex   9.074750e-01 -6.600000e+00 -9.958739e+00
      vertex   9.074750e-01 -1.600000e+00 -9.958739e+00
    endloop
  endfacet
  facet normal -1.165705e-01 0.000000e+00 9.931824e-01
    outer loop
      vertex   9.074750e-01 -1.600000e+00 -9.958739e+00
      vertex   9.074750e-01 -6.600000e+00 -9.958739e+00
      vertex   1.423148e+00 -6.600000e+00 -9.898214e+00
    endloop
  endfacet
  facet normal -1.165705e-01 -1.150561e-19 9.931824e-01
    outer loop
      vertex   9.074750e-01 -1.600000e+00 -9.958739e+00
      vertex   1.423148e+00 -6.600000e+00 -9.898214e+00
      vertex   1.423148e+00 -1.600000e+00 -9.898214e+00
    endloop
  endfacet
  facet normal -1.679633e-01 0.000000e+00 9.857933e-01
    outer loop
      vertex   1.423148e+00 -1.600000e+00 -9.898214e+00
      vertex   1.423148e+00 -6.600000e+00 -9.898214e+00
      vertex   1.934985e+00 -6.600000e+00 -9.811006e+00
    endloop
  endfacet
  facet normal -1.679633e-01 4.651524e-19 9.857933e-01
    outer loop
      vertex   1.423148e+00 -1.600000e+00 -9.898214e+00
      vertex   1.934985e+00 -6.600000e+00 -9.811006e+00
      vertex   1.934985e+00 -1.600000e+00 -9.811006e+00
    endloop
  endfacet
  facet normal -2.189033e-01 0.000000e+00 9.757466e-01
    outer loop
      vertex   1.934985e+00 -1.600000e+00 -9.811006e+00
      vertex   1.934985e+00 -6.600000e+00 -9.811006e+00
      vertex   2.441606e+00 -6.600000e+00 -9.697348e+00
    endloop
  endfacet
  facet normal -2.189033e-01 5.453616e-19 9.757466e-01
    outer loop
      vertex   1.934985e+00 -1.600000e+00 -9.811006e+00
      vertex   2.441606e+00 -6.600000e+00 -9.697348e+00
      vertex   2.441606e+00 -1.600000e+00 -9.697348e+00
    endloop
  endfacet
  facet normal -2.692532e-01 0.000000e+00 9.630694e-01
    outer loop
      vertex   2.441606e+00 -1.600000e+00 -9.697348e+00
      vertex   2.441606e+00 -6.600000e+00 -9.697348e+00
      vertex   2.941644e+00 -6.600000e+00 -9.557548e+00
    endloop
  endfacet
  facet normal -2.692532e-01 2.330290e-18 9.630694e-01
    outer loop
      vertex   2.441606e+00 -1.600000e+00 -9.697348e+00
      vertex   2.941644e+00 -6.600000e+00 -9.557548e+00
      vertex   2.941644e+00 -1.600000e+00 -9.557548e+00
    endloop
  endfacet
  facet normal -3.188773e-01 0.000000e+00 9.477960e-01
    outer loop
      vertex   2.941644e+00 -1.600000e+00 -9.557548e+00
      vertex   2.941644e+00 -6.600000e+00 -9.557548e+00
      vertex   3.433752e+00 -6.600000e+00 -9.391983e+00
    endloop
  endfacet
  facet normal -3.188773e-01 3.395187e-19 9.477960e-01
    outer loop
      vertex   2.941644e+00 -1.600000e+00 -9.557548e+00
      vertex   3.433752e+00 -6.600000e+00 -9.391983e+00
      vertex   3.433752e+00 -1.600000e+00 -9.391983e+00
    endloop
  endfacet
  facet normal -3.676417e-01 0.000000e+00 9.299675e-01
    outer loop
      vertex   3.433752e+00 -1.600000e+00 -9.391983e+00
      vertex   3.433752e+00 -6.600000e+00 -9.391983e+00
      vertex   3.916604e+00 -6.600000e+00 -9.201099e+00
    endloop
  endfacet
  facet normal -3.676417e-01 1.744557e-18 9.299675e-01
    outer loop
      vertex   3.433752e+00 -1.600000e+00 -9.391983e+00
      vertex   3.916604e+00 -6.600000e+00 -9.201099e+00
      vertex   3.916604e+00 -1.600000e+00 -9.201099e+00
    endloop
  endfacet
  facet normal -4.154150e-01 0.000000e+00 9.096320e-01
    outer loop
      vertex   3.916604e+00 -1.600000e+00 -9.201099e+00
      vertex   3.916604e+00 -6.600000e+00 -9.201099e+00
      vertex   4.388896e+00 -6.600000e+00 -8.985410e+00
    endloop
  endfacet
  facet normal -4.154150e-01 -1.944136e-18 9.096320e-01
    outer loop
      vertex   3.916604e+00 -1.600000e+00 -9.201099e+00
      vertex   4.388896e+00 -6.600000e+00 -8.985410e+00
      vertex   4.388896e+00 -1.600000e+00 -8.985410e+00
    endloop
  endfacet
  facet normal -4.620684e-01 0.000000e+00 8.868443e-01
    outer loop
      vertex   4.388896e+00 -1.600000e+00 -8.985410e+00
      vertex   4.388896e+00 -6.600000e+00 -8.985410e+00
      vertex   4.849358e+00 -6.600000e+00 -8.745498e+00
    endloop
  endfacet
  facet normal -4.620684e-01 2.422185e-18 8.868443e-01
    outer loop
      vertex   4.388896e+00 -1.600000e+00 -8.985410e+00
      vertex   4.849358e+00 -6.600000e+00 -8.745498e+00
      vertex   4.849358e+00 -1.600000e+00 -8.745498e+00
    endloop
  endfacet
  facet normal -5.074762e-01 0.000000e+00 8.616658e-01
    outer loop
      vertex   4.849358e+00 -1.600000e+00 -8.745498e+00
      vertex   4.849358e+00 -6.600000e+00 -8.745498e+00
      vertex   5.296746e+00 -6.600000e+00 -8.482009e+00
    endloop
  endfacet
  facet normal -5.074762e-01 1.577473e-18 8.616658e-01
    outer loop
      vertex   4.849358e+00 -1.600000e+00 -8.745498e+00
      vertex   5.296746e+00 -6.600000e+00 -8.482009e+00
      vertex   5.296746e+00 -1.600000e+00 -8.482009e+00
    endloop
  endfacet
  facet normal -5.515159e-01 0.000000e+00 8.341644e-01
    outer loop
      vertex   5.296746e+00 -1.600000e+00 -8.482009e+00
      vertex   5.296746e+00 -6.600000e+00 -8.482009e+00
      vertex   5.729855e+00 -6.600000e+00 -8.195655e+00
    endloop
  endfacet
  facet normal -5.515159e-01 -6.879446e-19 8.341644e-01
    outer loop
      vertex   5.296746e+00 -1.600000e+00 -8.482009e+00
      vertex   5.729855e+00 -6.600000e+00 -8.195655e+00
      vertex   5.729855e+00 -1.600000e+00 -8.195655e+00
    endloop
  endfacet
  facet normal -5.940689e-01 0.000000e+00 8.044142e-01
    outer loop
      vertex   5.729855e+00 -1.600000e+00 -8.195655e+00
      vertex   5.729855e+00 -6.600000e+00 -8.195655e+00
      vertex   6.147518e+00 -6.600000e+00 -7.887207e+00
    endloop
  endfacet
  facet normal -5.940689e-01 -3.952224e-19 8.044142e-01
    outer loop
      vertex   5.729855e+00 -1.600000e+00 -8.195655e+00
      vertex   6.147518e+00 -6.600000e+00 -7.887207e+00
      vertex   6.147518e+00 -1.600000e+00 -7.887207e+00
    endloop
  endfacet
  facet normal -6.350203e-01 0.000000e+00 7.724955e-01
    outer loop
      vertex   6.147518e+00 -1.600000e+00 -7.887207e+00
      vertex   6.147518e+00 -6.600000e+00 -7.887207e+00
      vertex   6.548607e+00 -6.600000e+00 -7.557496e+00
    endloop
  endfacet
  facet normal -6.350203e-01 -3.322842e-18 7.724955e-01
    outer loop
      vertex   6.147518e+00 -1.600000e+00 -7.887207e+00
      vertex   6.548607e+00 -6.600000e+00 -7.557496e+00
      vertex   6.548607e+00 -1.600000e+00 -7.557496e+00
    endloop
  endfacet
  facet normal -6.742598e-01 0.000000e+00 7.384942e-01
    outer loop
      vertex   6.548607e+00 -1.600000e+00 -7.557496e+00
      vertex   6.548607e+00 -6.600000e+00 -7.557496e+00
      vertex   6.932043e+00 -6.600000e+00 -7.207411e+00
    endloop
  endfacet
  facet normal -6.742598e-01 2.748631e-18 7.384942e-01
    outer loop
      vertex   6.548607e+00 -1.600000e+00 -7.557496e+00
      vertex   6.932043e+00 -6.600000e+00 -7.207411e+00
      vertex   6.932043e+00 -1.600000e+00 -7.207411e+00
    endloop
  endfacet
  facet normal -7.116816e-01 0.000000e+00 7.025022e-01
    outer loop
      vertex   6.932043e+00 -1.600000e+00 -7.207411e+00
      vertex   6.932043e+00 -6.600000e+00 -7.207411e+00
      vertex   7.296792e+00 -6.600000e+00 -6.837897e+00
    endloop
  endfacet
  facet normal -7.116816e-01 2.035372e-18 7.025022e-01
    outer loop
      vertex   6.932043e+00 -1.600000e+00 -7.207411e+00
      vertex   7.296792e+00 -6.600000e+00 -6.837897e+00
      vertex   7.296792e+00 -1.600000e+00 -6.837897e+00
    endloop
  endfacet
  facet normal -7.471849e-01 0.000000e+00 6.646163e-01
    outer loop
      vertex   7.296792e+00 -1.600000e+00 -6.837897e+00
      vertex   7.296792e+00 -6.600000e+00 -6.837897e+00
      vertex   7.641869e+00 -6.600000e+00 -6.449948e+00
    endloop
  endfacet
  facet normal -7.471849e-01 -3.591631e-18 6.646163e-01
    outer loop
      vertex   7.296792e+00 -1.600000e+00 -6.837897e+00
      vertex   7.641869e+00 -6.600000e+00 -6.449948e+00
      vertex   7.641869e+00 -1.600000e+00 -6.449948e+00
    endloop
  endfacet
  facet normal -7.806739e-01 0.000000e+00 6.249387e-01
    outer loop
      vertex   7.641869e+00 -1.600000e+00 -6.449948e+00
      vertex   7.641869e+00 -6.600000e+00 -6.449948e+00
      vertex   7.966346e+00 -6.600000e+00 -6.044612e+00
    endloop
  endfacet
  facet normal -7.806739e-01 6.024943e-20 6.249387e-01
    outer loop
      vertex   7.641869e+00 -1.600000e+00 -6.449948e+00
      vertex   7.966346e+00 -6.600000e+00 -6.044612e+00
      vertex   7.966346e+00 -1.600000e+00 -6.044612e+00
    endloop
  endfacet
  facet normal -8.120583e-01 0.000000e+00 5.835764e-01
    outer loop
      vertex   7.966346e+00 -1.600000e+00 -6.044612e+00
      vertex   7.966346e+00 -6.600000e+00 -6.044612e+00
      vertex   8.269346e+00 -6.600000e+00 -5.622981e+00
    endloop
  endfacet
  facet normal -8.120583e-01 -5.189807e-18 5.835764e-01
    outer loop
      vertex   7.966346e+00 -1.600000e+00 -6.044612e+00
      vertex   8.269346e+00 -6.600000e+00 -5.622981e+00
      vertex   8.269346e+00 -1.600000e+00 -5.622981e+00
    endloop
  endfacet
  facet normal -8.412535e-01 0.000000e+00 5.406408e-01
    outer loop
      vertex   8.269346e+00 -1.600000e+00 -5.622981e+00
      vertex   8.269346e+00 -6.600000e+00 -5.622981e+00
      vertex   8.550054e+00 -6.600000e+00 -5.186191e+00
    endloop
  endfacet
  facet normal -8.412535e-01 -5.361005e-19 5.406408e-01
    outer loop
      vertex   8.269346e+00 -1.600000e+00 -5.622981e+00
      vertex   8.550054e+00 -6.600000e+00 -5.186191e+00
      vertex   8.550054e+00 -1.600000e+00 -5.186191e+00
    endloop
  endfacet
  facet normal -8.681809e-01 0.000000e+00 4.962478e-01
    outer loop
      vertex   8.550054e+00 -1.600000e+00 -5.186191e+00
      vertex   8.550054e+00 -6.600000e+00 -5.186191e+00
      vertex   8.807712e+00 -6.600000e+00 -4.735420e+00
    endloop
  endfacet
  facet normal -8.681809e-01 -1.746482e-18 4.962478e-01
    outer loop
      vertex   8.550054e+00 -1.600000e+00 -5.186191e+00
      vertex   8.807712e+00 -6.600000e+00 -4.735420e+00
      vertex   8.807712e+00 -1.600000e+00 -4.735420e+00
    endloop
  endfacet
  facet normal -8.927678e-01 0.000000e+00 4.505170e-01
    outer loop
      vertex   8.807712e+00 -1.600000e+00 -4.735420e+00
      vertex   8.807712e+00 -6.600000e+00 -4.735420e+00
      vertex   9.041627e+00 -6.600000e+00 -4.271883e+00
    endloop
  endfacet
  facet normal -8.927678e-01 -1.928259e-18 4.505170e-01
    outer loop
      vertex   8.807712e+00 -1.600000e+00 -4.735420e+00
      vertex   9.041627e+00 -6.600000e+00 -4.271883e+00
      vertex   9.041627e+00 -1.600000e+00 -4.271883e+00
    endloop
  endfacet
  facet normal -9.149480e-01 0.000000e+00 4.035717e-01
    outer loop
      vertex   9.041627e+00 -1.600000e+00 -4.271883e+00
      vertex   9.041627e+00 -6.600000e+00 -4.271883e+00
      vertex   9.251166e+00 -6.600000e+00 -3.796830e+00
    endloop
  endfacet
  facet normal -9.149480e-01 -4.866227e-19 4.035717e-01
    outer loop
      vertex   9.041627e+00 -1.600000e+00 -4.271883e+00
      vertex   9.251166e+00 -6.600000e+00 -3.796830e+00
      vertex   9.251166e+00 -1.600000e+00 -3.796830e+00
    endloop
  endfacet
  facet normal -9.346617e-01 0.000000e+00 3.555384e-01
    outer loop
      vertex   9.251166e+00 -1.600000e+00 -3.796830e+00
      vertex   9.251166e+00 -6.600000e+00 -3.796830e+00
      vertex   9.435767e+00 -6.600000e+00 -3.311542e+00
    endloop
  endfacet
  facet normal -9.346617e-01 -1.070881e-18 3.555384e-01
    outer loop
      vertex   9.251166e+00 -1.600000e+00 -3.796830e+00
      vertex   9.435767e+00 -6.600000e+00 -3.311542e+00
      vertex   9.435767e+00 -1.600000e+00 -3.311542e+00
    endloop
  endfacet
  facet normal -9.518556e-01 0.000000e+00 3.065467e-01
    outer loop
      vertex   9.435767e+00 -1.600000e+00 -3.311542e+00
      vertex   9.435767e+00 -6.600000e+00 -3.311542e+00
      vertex   9.594930e+00 -6.600000e+00 -2.817326e+00
    endloop
  endfacet
  facet normal -9.518556e-01 6.128120e-19 3.065467e-01
    outer loop
      vertex   9.435767e+00 -1.600000e+00 -3.311542e+00
      vertex   9.594930e+00 -6.600000e+00 -2.817326e+00
      vertex   9.594930e+00 -1.600000e+00 -2.817326e+00
    endloop
  endfacet
  facet normal -9.664836e-01 0.000000e+00 2.567285e-01
    outer loop
      vertex   9.594930e+00 -1.600000e+00 -2.817326e+00
      vertex   9.594930e+00 -6.600000e+00 -2.817326e+00
      vertex   9.728227e+00 -6.600000e+00 -2.315515e+00
    endloop
  endfacet
  facet normal -9.664836e-01 2.356703e-18 2.567285e-01
    outer loop
      vertex   9.594930e+00 -1.600000e+00 -2.817326e+00
      vertex   9.728227e+00 -6.600000e+00 -2.315515e+00
      vertex   9.728227e+00 -1.600000e+00 -2.315515e+00
    endloop
  endfacet
  facet normal -9.785060e-01 0.000000e+00 2.062183e-01
    outer loop
      vertex   9.728227e+00 -1.600000e+00 -2.315515e+00
      vertex   9.728227e+00 -6.600000e+00 -2.315515e+00
      vertex   9.835298e+00 -6.600000e+00 -1.807461e+00
    endloop
  endfacet
  facet normal -9.785060e-01 -3.837013e-19 2.062183e-01
    outer loop
      vertex   9.728227e+00 -1.600000e+00 -2.315515e+00
      vertex   9.835298e+00 -6.600000e+00 -1.807461e+00
      vertex   9.835298e+00 -1.600000e+00 -1.807461e+00
    endloop
  endfacet
  facet normal -9.878906e-01 0.000000e+00 1.551521e-01
    outer loop
      vertex   9.835298e+00 -1.600000e+00 -1.807461e+00
      vertex   9.835298e+00 -6.600000e+00 -1.807461e+00
      vertex   9.915855e+00 -6.600000e+00 -1.294536e+00
    endloop
  endfacet
  facet normal -9.878906e-01 -1.121369e-18 1.551521e-01
    outer loop
      vertex   9.835298e+00 -1.600000e+00 -1.807461e+00
      vertex   9.915855e+00 -6.600000e+00 -1.294536e+00
      vertex   9.915855e+00 -1.600000e+00 -1.294536e+00
    endloop
  endfacet
  facet normal -9.946120e-01 0.000000e+00 1.036677e-01
    outer loop
      vertex   9.915855e+00 -1.600000e+00 -1.294536e+00
      vertex   9.915855e+00 -6.600000e+00 -1.294536e+00
      vertex   9.969681e+00 -6.600000e+00 -7.781199e-01
    endloop
  endfacet
  facet normal -9.946120e-01 4.403891e-19 1.036677e-01
    outer loop
      vertex   9.915855e+00 -1.600000e+00 -1.294536e+00
      vertex   9.969681e+00 -6.600000e+00 -7.781199e-01
      vertex   9.969681e+00 -1.600000e+00 -7.781199e-01
    endloop
  endfacet
  facet normal -9.986521e-01 0.000000e+00 5.190382e-02
    outer loop
      vertex   9.969681e+00 -1.600000e+00 -7.781199e-01
      vertex   9.969681e+00 -6.600000e+00 -7.781199e-01
      vertex   9.996630e+00 -6.600000e+00 -2.596066e-01
    endloop
  endfacet
  facet normal -9.986521e-01 -6.865623e-21 5.190382e-02
    outer loop
      vertex   9.969681e+00 -1.600000e+00 -7.781199e-01
      vertex   9.996630e+00 -6.600000e+00 -2.596066e-01
      vertex   9.996630e+00 -1.600000e+00 -2.596066e-01
    endloop
  endfacet
  facet normal -1.000000e+00 0.000000e+00 0.000000e+00
    outer loop
      vertex   9.996630e+00 -1.600000e+00 -2.596066e-01
      vertex   9.996630e+00 -6.600000e+00 -2.596066e-01
      vertex   9.996630e+00 -6.600000e+00 2.596066e-01
    endloop
  endfacet
  facet normal -1.000000e+00 0.000000e+00 0.000000e+00
    outer loop
      vertex   9.996630e+00 -1.600000e+00 -2.596066e-01
      vertex   9.996630e+00 -6.600000e+00 2.596066e-01
      vertex   9.996630e+00 -1.600000e+00 2.596066e-01
    endloop
  endfacet
  facet normal -9.986521e-01 -0.000000e+00 -5.190382e-02
    outer loop
      vertex   9.996630e+00 -1.600000e+00 2.596066e-01
      vertex   9.996630e+00 -6.600000e+00 2.596066e-01
      vertex   9.969681e+00 -6.600000e+00 7.781199e-01
    endloop
  endfacet
  facet normal -9.986521e-01 5.933126e-23 -5.190382e-02
    outer loop
      vertex   9.996630e+00 -1.600000e+00 2.596066e-01
      vertex   9.969681e+00 -6.600000e+00 7.781199e-01
      vertex   9.969681e+00 -1.600000e+00 7.781199e-01
    endloop
  endfacet
  facet normal -9.946120e-01 -0.000000e+00 -1.036677e-01
    outer loop
      vertex   9.969681e+00 -1.600000e+00 7.781199e-01
      vertex   9.969681e+00 -6.600000e+00 7.781199e-01
      vertex   9.915855e+00 -6.600000e+00 1.294536e+00
    endloop
  endfacet
  facet normal -9.946120e-01 -4.403891e-19 -1.036677e-01
    outer loop
      vertex   9.969681e+00 -1.600000e+00 7.781199e-01
      vertex   9.915855e+00 -6.600000e+00 1.294536e+00
      vertex   9.915855e+00 -1.600000e+00 1.294536e+00
    endloop
  endfacet
  facet normal -9.878906e-01 -0.000000e+00 -1.551521e-01
    outer loop
      vertex   9.915855e+00 -1.600000e+00 1.294536e+00
      vertex   9.915855e+00 -6.600000e+00 1.294536e+00
      vertex   9.835298e+00 -6.600000e+00 1.807461e+00
    endloop
  endfacet
  facet normal -9.878906e-01 1.121369e-18 -1.551521e-01
    outer loop
      vertex   9.915855e+00 -1.600000e+00 1.294536e+00
      vertex   9.835298e+00 -6.600000e+00 1.807461e+00
      vertex   9.835298e+00 -1.600000e+00 1.807461e+00
    endloop
  endfacet
  facet normal -9.785060e-01 -0.000000e+00 -2.062183e-01
    outer loop
      vertex   9.835298e+00 -1.600000e+00 1.807461e+00
      vertex   9.835298e+00 -6.600000e+00 1.807461e+00
      vertex   9.728227e+00 -6.600000e+00 2.315515e+00
    endloop
  endfacet
  facet normal -9.785060e-01 1.257604e-18 -2.062183e-01
    outer loop
      vertex   9.835298e+00 -1.600000e+00 1.807461e+00
      vertex   9.728227e+00 -6.600000e+00 2.315515e+00
      vertex   9.728227e+00 -1.600000e+00 2.315515e+00
    endloop
  endfacet
  facet normal -9.664836e-01 -0.000000e+00 -2.567285e-01
    outer loop
      vertex   9.728227e+00 -1.600000e+00 2.315515e+00
      vertex   9.728227e+00 -6.600000e+00 2.315515e+00
      vertex   9.594930e+00 -6.600000e+00 2.817326e+00
    endloop
  endfacet
  facet normal -9.664836e-01 3.305483e-19 -2.567285e-01
    outer loop
      vertex   9.728227e+00 -1.600000e+00 2.315515e+00
      vertex   9.594930e+00 -6.600000e+00 2.817326e+00
      vertex   9.594930e+00 -1.600000e+00 2.817326e+00
    endloop
  endfacet
  facet normal -9.518556e-01 -0.000000e+00 -3.065467e-01
    outer loop
      vertex   9.594930e+00 -1.600000e+00 2.817326e+00
      vertex   9.594930e+00 -6.600000e+00 2.817326e+00
      vertex   9.435767e+00 -6.600000e+00 3.311542e+00
    endloop
  endfacet
  facet normal -9.518556e-01 4.126452e-19 -3.065467e-01
    outer loop
      vertex   9.594930e+00 -1.600000e+00 2.817326e+00
      vertex   9.435767e+00 -6.600000e+00 3.311542e+00
      vertex   9.435767e+00 -1.600000e+00 3.311542e+00
    endloop
  endfacet
  facet normal -9.346617e-01 -0.000000e+00 -3.555384e-01
    outer loop
      vertex   9.435767e+00 -1.600000e+00 3.311542e+00
      vertex   9.435767e+00 -6.600000e+00 3.311542e+00
      vertex   9.251166e+00 -6.600000e+00 3.796830e+00
    endloop
  endfacet
  facet normal -9.346617e-01 1.070881e-18 -3.555384e-01
    outer loop
      vertex   9.435767e+00 -1.600000e+00 3.311542e+00
      vertex   9.251166e+00 -6.600000e+00 3.796830e+00
      vertex   9.251166e+00 -1.600000e+00 3.796830e+00
    endloop
  endfacet
  facet normal -9.149480e-01 -0.000000e+00 -4.035717e-01
    outer loop
      vertex   9.251166e+00 -1.600000e+00 3.796830e+00
      vertex   9.251166e+00 -6.600000e+00 3.796830e+00
      vertex   9.041627e+00 -6.600000e+00 4.271883e+00
    endloop
  endfacet
  facet normal -9.149480e-01 4.866227e-19 -4.035717e-01
    outer loop
      vertex   9.251166e+00 -1.600000e+00 3.796830e+00
      vertex   9.041627e+00 -6.600000e+00 4.271883e+00
      vertex   9.041627e+00 -1.600000e+00 4.271883e+00
    endloop
  endfacet
  facet normal -8.927678e-01 -0.000000e+00 -4.505170e-01
    outer loop
      vertex   9.041627e+00 -1.600000e+00 4.271883e+00
      vertex   9.041627e+00 -6.600000e+00 4.271883e+00
      vertex   8.807712e+00 -6.600000e+00 4.735420e+00
    endloop
  endfacet
  facet normal -8.927678e-01 7.800481e-19 -4.505170e-01
    outer loop
      vertex   9.041627e+00 -1.600000e+00 4.271883e+00
      vertex   8.807712e+00 -6.600000e+00 4.735420e+00
      vertex   8.807712e+00 -1.600000e+00 4.735420e+00
    endloop
  endfacet
  facet normal -8.681809e-01 -0.000000e+00 -4.962478e-01
    outer loop
      vertex   8.807712e+00 -1.600000e+00 4.735420e+00
      vertex   8.807712e+00 -6.600000e+00 4.735420e+00
      vertex   8.550054e+00 -6.600000e+00 5.186191e+00
    endloop
  endfacet
  facet normal -8.681809e-01 -8.736464e-19 -4.962478e-01
    outer loop
      vertex   8.807712e+00 -1.600000e+00 4.735420e+00
      vertex   8.550054e+00 -6.600000e+00 5.186191e+00
      vertex   8.550054e+00 -1.600000e+00 5.186191e+00
    endloop
  endfacet
  facet normal -8.412535e-01 -0.000000e+00 -5.406408e-01
    outer loop
      vertex   8.550054e+00 -1.600000e+00 5.186191e+00
      vertex   8.550054e+00 -6.600000e+00 5.186191e+00
      vertex   8.269346e+00 -6.600000e+00 5.622981e+00
    endloop
  endfacet
  facet normal -8.412535e-01 -8.772139e-19 -5.406408e-01
    outer loop
      vertex   8.550054e+00 -1.600000e+00 5.186191e+00
      vertex   8.269346e+00 -6.600000e+00 5.622981e+00
      vertex   8.269346e+00 -1.600000e+00 5.622981e+00
    endloop
  endfacet
  facet normal -8.120583e-01 -0.000000e+00 -5.835764e-01
    outer loop
      vertex   8.269346e+00 -1.600000e+00 5.622981e+00
      vertex   8.269346e+00 -6.600000e+00 5.622981e+00
      vertex   7.966346e+00 -6.600000e+00 6.044612e+00
    endloop
  endfacet
  facet normal -8.120583e-01 5.189807e-18 -5.835764e-01
    outer loop
      vertex   8.269346e+00 -1.600000e+00 5.622981e+00
      vertex   7.966346e+00 -6.600000e+00 6.044612e+00
      vertex   7.966346e+00 -1.600000e+00 6.044612e+00
    endloop
  endfacet
  facet normal -7.806739e-01 -0.000000e+00 -6.249387e-01
    outer loop
      vertex   7.966346e+00 -1.600000e+00 6.044612e+00
      vertex   7.966346e+00 -6.600000e+00 6.044612e+00
      vertex   7.641869e+00 -6.600000e+00 6.449948e+00
    endloop
  endfacet
  facet normal -7.806739e-01 -6.024943e-20 -6.249387e-01
    outer loop
      vertex   7.966346e+00 -1.600000e+00 6.044612e+00
      vertex   7.641869e+00 -6.600000e+00 6.449948e+00
      vertex   7.641869e+00 -1.600000e+00 6.449948e+00
    endloop
  endfacet
  facet normal -7.471849e-01 -0.000000e+00 -6.646163e-01
    outer loop
      vertex   7.641869e+00 -1.600000e+00 6.449948e+00
      vertex   7.641869e+00 -6.600000e+00 6.449948e+00
      vertex   7.296792e+00 -6.600000e+00 6.837897e+00
    endloop
  endfacet
  facet normal -7.471849e-01 -8.234040e-19 -6.646163e-01
    outer loop
      vertex   7.641869e+00 -1.600000e+00 6.449948e+00
      vertex   7.296792e+00 -6.600000e+00 6.837897e+00
      vertex   7.296792e+00 -1.600000e+00 6.837897e+00
    endloop
  endfacet
  facet normal -7.116816e-01 -0.000000e+00 -7.025022e-01
    outer loop
      vertex   7.296792e+00 -1.600000e+00 6.837897e+00
      vertex   7.296792e+00 -6.600000e+00 6.837897e+00
      vertex   6.932043e+00 -6.600000e+00 7.207411e+00
    endloop
  endfacet
  facet normal -7.116816e-01 -1.586350e-19 -7.025022e-01
    outer loop
      vertex   7.296792e+00 -1.600000e+00 6.837897e+00
      vertex   6.932043e+00 -6.600000e+00 7.207411e+00
      vertex   6.932043e+00 -1.600000e+00 7.207411e+00
    endloop
  endfacet
  facet normal -6.742598e-01 -0.000000e+00 -7.384942e-01
    outer loop
      vertex   6.932043e+00 -1.600000e+00 7.207411e+00
      vertex   6.932043e+00 -6.600000e+00 7.207411e+00
      vertex   6.548607e+00 -6.600000e+00 7.557496e+00
    endloop
  endfacet
  facet normal -6.742598e-01 -3.918012e-18 -7.384942e-01
    outer loop
      vertex   6.932043e+00 -1.600000e+00 7.207411e+00
      vertex   6.548607e+00 -6.600000e+00 7.557496e+00
      vertex   6.548607e+00 -1.600000e+00 7.557496e+00
    endloop
  endfacet
  facet normal -6.350203e-01 -0.000000e+00 -7.724955e-01
    outer loop
      vertex   6.548607e+00 -1.600000e+00 7.557496e+00
      vertex   6.548607e+00 -6.600000e+00 7.557496e+00
      vertex   6.147518e+00 -6.600000e+00 7.887207e+00
    endloop
  endfacet
  facet normal -6.350203e-01 3.322842e-18 -7.724955e-01
    outer loop
      vertex   6.548607e+00 -1.600000e+00 7.557496e+00
      vertex   6.147518e+00 -6.600000e+00 7.887207e+00
      vertex   6.147518e+00 -1.600000e+00 7.887207e+00
    endloop
  endfacet
  facet normal -5.940689e-01 -0.000000e+00 -8.044142e-01
    outer loop
      vertex   6.147518e+00 -1.600000e+00 7.887207e+00
      vertex   6.147518e+00 -6.600000e+00 7.887207e+00
      vertex   5.729855e+00 -6.600000e+00 8.195655e+00
    endloop
  endfacet
  facet normal -5.940689e-01 -2.228982e-19 -8.044142e-01
    outer loop
      vertex   6.147518e+00 -1.600000e+00 7.887207e+00
      vertex   5.729855e+00 -6.600000e+00 8.195655e+00
      vertex   5.729855e+00 -1.600000e+00 8.195655e+00
    endloop
  endfacet
  facet normal -5.515159e-01 -0.000000e+00 -8.341644e-01
    outer loop
      vertex   5.729855e+00 -1.600000e+00 8.195655e+00
      vertex   5.729855e+00 -6.600000e+00 8.195655e+00
      vertex   5.296746e+00 -6.600000e+00 8.482009e+00
    endloop
  endfacet
  facet normal -5.515159e-01 1.076447e-18 -8.341644e-01
    outer loop
      vertex   5.729855e+00 -1.600000e+00 8.195655e+00
      vertex   5.296746e+00 -6.600000e+00 8.482009e+00
      vertex   5.296746e+00 -1.600000e+00 8.482009e+00
    endloop
  endfacet
  facet normal -5.074762e-01 -0.000000e+00 -8.616658e-01
    outer loop
      vertex   5.296746e+00 -1.600000e+00 8.482009e+00
      vertex   5.296746e+00 -6.600000e+00 8.482009e+00
      vertex   4.849358e+00 -6.600000e+00 8.745498e+00
    endloop
  endfacet
  facet normal -5.074762e-01 2.264516e-18 -8.616658e-01
    outer loop
      vertex   5.296746e+00 -1.600000e+00 8.482009e+00
      vertex   4.849358e+00 -6.600000e+00 8.745498e+00
      vertex   4.849358e+00 -1.600000e+00 8.745498e+00
    endloop
  endfacet
  facet normal -4.620684e-01 -0.000000e+00 -8.868443e-01
    outer loop
      vertex   4.849358e+00 -1.600000e+00 8.745498e+00
      vertex   4.849358e+00 -6.600000e+00 8.745498e+00
      vertex   4.388896e+00 -6.600000e+00 8.985410e+00
    endloop
  endfacet
  facet normal -4.620684e-01 1.017692e-18 -8.868443e-01
    outer loop
      vertex   4.849358e+00 -1.600000e+00 8.745498e+00
      vertex   4.388896e+00 -6.600000e+00 8.985410e+00
      vertex   4.388896e+00 -1.600000e+00 8.985410e+00
    endloop
  endfacet
  facet normal -4.154150e-01 -0.000000e+00 -9.096320e-01
    outer loop
      vertex   4.388896e+00 -1.600000e+00 8.985410e+00
      vertex   4.388896e+00 -6.600000e+00 8.985410e+00
      vertex   3.916604e+00 -6.600000e+00 9.201099e+00
    endloop
  endfacet
  facet normal -4.154150e-01 3.732437e-19 -9.096320e-01
    outer loop
      vertex   4.388896e+00 -1.600000e+00 8.985410e+00
      vertex   3.916604e+00 -6.600000e+00 9.201099e+00
      vertex   3.916604e+00 -1.600000e+00 9.201099e+00
    endloop
  endfacet
  facet normal -3.676417e-01 -0.000000e+00 -9.299675e-01
    outer loop
      vertex   3.916604e+00 -1.600000e+00 9.201099e+00
      vertex   3.916604e+00 -6.600000e+00 9.201099e+00
      vertex   3.433752e+00 -6.600000e+00 9.391983e+00
    endloop
  endfacet
  facet normal -3.676417e-01 -2.343332e-18 -9.299675e-01
    outer loop
      vertex   3.916604e+00 -1.600000e+00 9.201099e+00
      vertex   3.433752e+00 -6.600000e+00 9.391983e+00
      vertex   3.433752e+00 -1.600000e+00 9.391983e+00
    endloop
  endfacet
  facet normal -3.188773e-01 -0.000000e+00 -9.477960e-01
    outer loop
      vertex   3.433752e+00 -1.600000e+00 9.391983e+00
      vertex   3.433752e+00 -6.600000e+00 9.391983e+00
      vertex   2.941644e+00 -6.600000e+00 9.557548e+00
    endloop
  endfacet
  facet normal -3.188773e-01 1.356124e-18 -9.477960e-01
    outer loop
      vertex   3.433752e+00 -1.600000e+00 9.391983e+00
      vertex   2.941644e+00 -6.600000e+00 9.557548e+00
      vertex   2.941644e+00 -1.600000e+00 9.557548e+00
    endloop
  endfacet
  facet normal -2.692532e-01 -0.000000e+00 -9.630694e-01
    outer loop
      vertex   2.941644e+00 -1.600000e+00 9.557548e+00
      vertex   2.941644e+00 -6.600000e+00 9.557548e+00
      vertex   2.441606e+00 -6.600000e+00 9.697348e+00
    endloop
  endfacet
  facet normal -2.692532e-01 2.450785e-18 -9.630694e-01
    outer loop
      vertex   2.941644e+00 -1.600000e+00 9.557548e+00
      vertex   2.441606e+00 -6.600000e+00 9.697348e+00
      vertex   2.441606e+00 -1.600000e+00 9.697348e+00
    endloop
  endfacet
  facet normal -2.189033e-01 -0.000000e+00 -9.757466e-01
    outer loop
      vertex   2.441606e+00 -1.600000e+00 9.697348e+00
      vertex   2.441606e+00 -6.600000e+00 9.697348e+00
      vertex   1.934985e+00 -6.600000e+00 9.811006e+00
    endloop
  endfacet
  facet normal -2.189033e-01 9.631084e-19 -9.757466e-01
    outer loop
      vertex   2.441606e+00 -1.600000e+00 9.697348e+00
      vertex   1.934985e+00 -6.600000e+00 9.811006e+00
      vertex   1.934985e+00 -1.600000e+00 9.811006e+00
    endloop
  endfacet
  facet normal -1.679633e-01 -0.000000e+00 -9.857933e-01
    outer loop
      vertex   1.934985e+00 -1.600000e+00 9.811006e+00
      vertex   1.934985e+00 -6.600000e+00 9.811006e+00
      vertex   1.423148e+00 -6.600000e+00 9.898214e+00
    endloop
  endfacet
  facet normal -1.679633e-01 -6.334546e-19 -9.857933e-01
    outer loop
      vertex   1.934985e+00 -1.600000e+00 9.811006e+00
      vertex   1.423148e+00 -6.600000e+00 9.898214e+00
      vertex   1.423148e+00 -1.600000e+00 9.898214e+00
    endloop
  endfacet
  facet normal -1.165705e-01 -0.000000e+00 -9.931824e-01
    outer loop
      vertex   1.423148e+00 -1.600000e+00 9.898214e+00
      vertex   1.423148e+00 -6.600000e+00 9.898214e+00
      vertex   9.074750e-01 -6.600000e+00 9.958739e+00
    endloop
  endfacet
  facet normal -1.165705e-01 -5.907186e-19 -9.931824e-01
    outer loop
      vertex   1.423148e+00 -1.600000e+00 9.898214e+00
      vertex   9.074750e-01 -6.600000e+00 9.958739e+00
      vertex   9.074750e-01 -1.600000e+00 9.958739e+00
    endloop
  endfacet
  facet normal -6.486337e-02 -0.000000e+00 -9.978942e-01
    outer loop
      vertex   9.074750e-01 -1.600000e+00 9.958739e+00
      vertex   9.074750e-01 -6.600000e+00 9.958739e+00
      vertex   3.893552e-01 -6.600000e+00 9.992417e+00
    endloop
  endfacet
  facet normal -6.486337e-02 -2.572630e-19 -9.978942e-01
    outer loop
      vertex   9.074750e-01 -1.600000e+00 9.958739e+00
      vertex   3.893552e-01 -6.600000e+00 9.992417e+00
      vertex   3.893552e-01 -1.600000e+00 9.992417e+00
    endloop
  endfacet
  facet normal -1.298142e-02 -0.000000e+00 -9.999157e-01
    outer loop
      vertex   3.893552e-01 -1.600000e+00 9.992417e+00
      vertex   3.893552e-01 -6.600000e+00 9.992417e+00
      vertex   -1.298142e-01 -6.600000e+00 9.999157e+00
    endloop
  endfacet
  facet normal -1.298142e-02 -4.073425e-20 -9.999157e-01
    outer loop
      vertex   3.893552e-01 -1.600000e+00 9.992417e+00
      vertex   -1.298142e-01 -6.600000e+00 9.999157e+00
      vertex   -1.298142e-01 -1.600000e+00 9.999157e+00
    endloop
  endfacet
  facet normal 3.893552e-02 0.000000e+00 -9.992417e-01
    outer loop
      vertex   -1.298142e-01 -1.600000e+00 9.999157e+00
      vertex   -1.298142e-01 -6.600000e+00 9.999157e+00
      vertex   -6.486337e-01 -6.600000e+00 9.978942e+00
    endloop
  endfacet
  facet normal 3.893552e-02 1.068506e-19 -9.992417e-01
    outer loop
      vertex   -1.298142e-01 -1.600000e+00 9.999157e+00
      vertex   -6.486337e-01 -6.600000e+00 9.978942e+00
      vertex   -6.486337e-01 -1.600000e+00 9.978942e+00
    endloop
  endfacet
  facet normal 9.074750e-02 0.000000e+00 -9.958739e-01
    outer loop
      vertex   -6.486337e-01 -1.600000e+00 9.978942e+00
      vertex   -6.486337e-01 -6.600000e+00 9.978942e+00
      vertex   -1.165705e+00 -6.600000e+00 9.931824e+00
    endloop
  endfacet
  facet normal 9.074750e-02 3.077342e-19 -9.958739e-01
    outer loop
      vertex   -6.486337e-01 -1.600000e+00 9.978942e+00
      vertex   -1.165705e+00 -6.600000e+00 9.931824e+00
      vertex   -1.165705e+00 -1.600000e+00 9.931824e+00
    endloop
  endfacet
  facet normal 1.423148e-01 0.000000e+00 -9.898214e-01
    outer loop
      vertex   -1.165705e+00 -1.600000e+00 9.931824e+00
      vertex   -1.165705e+00 -6.600000e+00 9.931824e+00
      vertex   -1.679633e+00 -6.600000e+00 9.857933e+00
    endloop
  endfacet
  facet normal 1.423148e-01 -1.165575e-18 -9.898214e-01
    outer loop
      vertex   -1.165705e+00 -1.600000e+00 9.931824e+00
      vertex   -1.679633e+00 -6.600000e+00 9.857933e+00
      vertex   -1.679633e+00 -1.600000e+00 9.857933e+00
    endloop
  endfacet
  facet normal 1.934985e-01 0.000000e+00 -9.811006e-01
    outer loop
      vertex   -1.679633e+00 -1.600000e+00 9.857933e+00
      vertex   -1.679633e+00 -6.600000e+00 9.857933e+00
      vertex   -2.189033e+00 -6.600000e+00 9.757466e+00
    endloop
  endfacet
  facet normal 1.934985e-01 1.121699e-19 -9.811006e-01
    outer loop
      vertex   -1.679633e+00 -1.600000e+00 9.857933e+00
      vertex   -2.189033e+00 -6.600000e+00 9.757466e+00
      vertex   -2.189033e+00 -1.600000e+00 9.757466e+00
    endloop
  endfacet
  facet normal 2.441606e-01 0.000000e+00 -9.697348e-01
    outer loop
      vertex   -2.189033e+00 -1.600000e+00 9.757466e+00
      vertex   -2.189033e+00 -6.600000e+00 9.757466e+00
      vertex   -2.692532e+00 -6.600000e+00 9.630694e+00
    endloop
  endfacet
  facet normal 2.441606e-01 -1.745825e-18 -9.697348e-01
    outer loop
      vertex   -2.189033e+00 -1.600000e+00 9.757466e+00
      vertex   -2.692532e+00 -6.600000e+00 9.630694e+00
      vertex   -2.692532e+00 -1.600000e+00 9.630694e+00
    endloop
  endfacet
  facet normal 2.941644e-01 0.000000e+00 -9.557548e-01
    outer loop
      vertex   -2.692532e+00 -1.600000e+00 9.630694e+00
      vertex   -2.692532e+00 -6.600000e+00 9.630694e+00
      vertex   -3.188773e+00 -6.600000e+00 9.477960e+00
    endloop
  endfacet
  facet normal 2.941644e-01 -1.362586e-18 -9.557548e-01
    outer loop
      vertex   -2.692532e+00 -1.600000e+00 9.630694e+00
      vertex   -3.188773e+00 -6.600000e+00 9.477960e+00
      vertex   -3.188773e+00 -1.600000e+00 9.477960e+00
    endloop
  endfacet
  facet normal 3.433752e-01 0.000000e+00 -9.391983e-01
    outer loop
      vertex   -3.188773e+00 -1.600000e+00 9.477960e+00
      vertex   -3.188773e+00 -6.600000e+00 9.477960e+00
      vertex   -3.676417e+00 -6.600000e+00 9.299675e+00
    endloop
  endfacet
  facet normal 3.433752e-01 3.783636e-19 -9.391983e-01
    outer loop
      vertex   -3.188773e+00 -1.600000e+00 9.477960e+00
      vertex   -3.676417e+00 -6.600000e+00 9.299675e+00
      vertex   -3.676417e+00 -1.600000e+00 9.299675e+00
    endloop
  endfacet
  facet normal 3.916604e-01 0.000000e+00 -9.201099e-01
    outer loop
      vertex   -3.676417e+00 -1.600000e+00 9.299675e+00
      vertex   -3.676417e+00 -6.600000e+00 9.299675e+00
      vertex   -4.154150e+00 -6.600000e+00 9.096320e+00
    endloop
  endfacet
  facet normal 3.916604e-01 -3.607092e-19 -9.201099e-01
    outer loop
      vertex   -3.676417e+00 -1.600000e+00 9.299675e+00
      vertex   -4.154150e+00 -6.600000e+00 9.096320e+00
      vertex   -4.154150e+00 -1.600000e+00 9.096320e+00
    endloop
  endfacet
  facet normal 4.388896e-01 0.000000e+00 -8.985410e-01
    outer loop
      vertex   -4.154150e+00 -1.600000e+00 9.096320e+00
      vertex   -4.154150e+00 -6.600000e+00 9.096320e+00
      vertex   -4.620684e+00 -6.600000e+00 8.868443e+00
    endloop
  endfacet
  facet normal 4.388896e-01 -1.131849e-18 -8.985410e-01
    outer loop
      vertex   -4.154150e+00 -1.600000e+00 9.096320e+00
      vertex   -4.620684e+00 -6.600000e+00 8.868443e+00
      vertex   -4.620684e+00 -1.600000e+00 8.868443e+00
    endloop
  endfacet
  facet normal 4.849358e-01 0.000000e+00 -8.745498e-01
    outer loop
      vertex   -4.620684e+00 -1.600000e+00 8.868443e+00
      vertex   -4.620684e+00 -6.600000e+00 8.868443e+00
      vertex   -5.074762e+00 -6.600000e+00 8.616658e+00
    endloop
  endfacet
  facet normal 4.849358e-01 1.529163e-19 -8.745498e-01
    outer loop
      vertex   -4.620684e+00 -1.600000e+00 8.868443e+00
      vertex   -5.074762e+00 -6.600000e+00 8.616658e+00
      vertex   -5.074762e+00 -1.600000e+00 8.616658e+00
    endloop
  endfacet
  facet normal 5.296746e-01 0.000000e+00 -8.482009e-01
    outer loop
      vertex   -5.074762e+00 -1.600000e+00 8.616658e+00
      vertex   -5.074762e+00 -6.600000e+00 8.616658e+00
      vertex   -5.515159e+00 -6.600000e+00 8.341644e+00
    endloop
  endfacet
  facet normal 5.296746e-01 2.307269e-18 -8.482009e-01
    outer loop
      vertex   -5.074762e+00 -1.600000e+00 8.616658e+00
      vertex   -5.515159e+00 -6.600000e+00 8.341644e+00
      vertex   -5.515159e+00 -1.600000e+00 8.341644e+00
    endloop
  endfacet
  facet normal 5.729855e-01 0.000000e+00 -8.195655e-01
    outer loop
      vertex   -5.515159e+00 -1.600000e+00 8.341644e+00
      vertex   -5.515159e+00 -6.600000e+00 8.341644e+00
      vertex   -5.940689e+00 -6.600000e+00 8.044142e+00
    endloop
  endfacet
  facet normal 5.729855e-01 -3.488482e-18 -8.195655e-01
    outer loop
      vertex   -5.515159e+00 -1.600000e+00 8.341644e+00
      vertex   -5.940689e+00 -6.600000e+00 8.044142e+00
      vertex   -5.940689e+00 -1.600000e+00 8.044142e+00
    endloop
  endfacet
  facet normal 6.147518e-01 0.000000e+00 -7.887207e-01
    outer loop
      vertex   -5.940689e+00 -1.600000e+00 8.044142e+00
      vertex   -5.940689e+00 -6.600000e+00 8.044142e+00
      vertex   -6.350203e+00 -6.600000e+00 7.724955e+00
    endloop
  endfacet
  facet normal 6.147518e-01 -1.064095e-19 -7.887207e-01
    outer loop
      vertex   -5.940689e+00 -1.600000e+00 8.044142e+00
      vertex   -6.350203e+00 -6.600000e+00 7.724955e+00
      vertex   -6.350203e+00 -1.600000e+00 7.724955e+00
    endloop
  endfacet
  facet normal 6.548607e-01 0.000000e+00 -7.557496e-01
    outer loop
      vertex   -6.350203e+00 -1.600000e+00 7.724955e+00
      vertex   -6.350203e+00 -6.600000e+00 7.724955e+00
      vertex   -6.742598e+00 -6.600000e+00 7.384942e+00
    endloop
  endfacet
  facet normal 6.548607e-01 -5.294533e-18 -7.557496e-01
    outer loop
      vertex   -6.350203e+00 -1.600000e+00 7.724955e+00
      vertex   -6.742598e+00 -6.600000e+00 7.384942e+00
      vertex   -6.742598e+00 -1.600000e+00 7.384942e+00
    endloop
  endfacet
  facet normal 6.932043e-01 0.000000e+00 -7.207411e-01
    outer loop
      vertex   -6.742598e+00 -1.600000e+00 7.384942e+00
      vertex   -6.742598e+00 -6.600000e+00 7.384942e+00
      vertex   -7.116816e+00 -6.600000e+00 7.025022e+00
    endloop
  endfacet
  facet normal 6.932043e-01 -1.210656e-18 -7.207411e-01
    outer loop
      vertex   -6.742598e+00 -1.600000e+00 7.384942e+00
      vertex   -7.116816e+00 -6.600000e+00 7.025022e+00
      vertex   -7.116816e+00 -1.600000e+00 7.025022e+00
    endloop
  endfacet
  facet normal 7.296792e-01 0.000000e+00 -6.837897e-01
    outer loop
      vertex   -7.116816e+00 -1.600000e+00 7.025022e+00
      vertex   -7.116816e+00 -6.600000e+00 7.025022e+00
      vertex   -7.471849e+00 -6.600000e+00 6.646163e+00
    endloop
  endfacet
  facet normal 7.296792e-01 1.637023e-18 -6.837897e-01
    outer loop
      vertex   -7.116816e+00 -1.600000e+00 7.025022e+00
      vertex   -7.471849e+00 -6.600000e+00 6.646163e+00
      vertex   -7.471849e+00 -1.600000e+00 6.646163e+00
    endloop
  endfacet
  facet normal 7.641869e-01 0.000000e+00 -6.449948e-01
    outer loop
      vertex   -7.471849e+00 -1.600000e+00 6.646163e+00
      vertex   -7.471849e+00 -6.600000e+00 6.646163e+00
      vertex   -7.806739e+00 -6.600000e+00 6.249387e+00
    endloop
  endfacet
  facet normal 7.641869e-01 5.122435e-19 -6.449948e-01
    outer loop
      vertex   -7.471849e+00 -1.600000e+00 6.646163e+00
      vertex   -7.806739e+00 -6.600000e+00 6.249387e+00
      vertex   -7.806739e+00 -1.600000e+00 6.249387e+00
    endloop
  endfacet
  facet normal 7.966346e-01 0.000000e+00 -6.044612e-01
    outer loop
      vertex   -7.806739e+00 -1.600000e+00 6.249387e+00
      vertex   -7.806739e+00 -6.600000e+00 6.249387e+00
      vertex   -8.120583e+00 -6.600000e+00 5.835764e+00
    endloop
  endfacet
  facet normal 7.966346e-01 1.066320e-18 -6.044612e-01
    outer loop
      vertex   -7.806739e+00 -1.600000e+00 6.249387e+00
      vertex   -8.120583e+00 -6.600000e+00 5.835764e+00
      vertex   -8.120583e+00 -1.600000e+00 5.835764e+00
    endloop
  endfacet
  facet normal 8.269346e-01 0.000000e+00 -5.622981e-01
    outer loop
      vertex   -8.120583e+00 -1.600000e+00 5.835764e+00
      vertex   -8.120583e+00 -6.600000e+00 5.835764e+00
      vertex   -8.412535e+00 -6.600000e+00 5.406408e+00
    endloop
  endfacet
  facet normal 8.269346e-01 2.881747e-18 -5.622981e-01
    outer loop
      vertex   -8.120583e+00 -1.600000e+00 5.835764e+00
      vertex   -8.412535e+00 -6.600000e+00 5.406408e+00
      vertex   -8.412535e+00 -1.600000e+00 5.406408e+00
    endloop
  endfacet
  facet normal 8.550054e-01 0.000000e+00 -5.186191e-01
    outer loop
      vertex   -8.412535e+00 -1.600000e+00 5.406408e+00
      vertex   -8.412535e+00 -6.600000e+00 5.406408e+00
      vertex   -8.681809e+00 -6.600000e+00 4.962478e+00
    endloop
  endfacet
  facet normal 8.550054e-01 -2.401404e-18 -5.186191e-01
    outer loop
      vertex   -8.412535e+00 -1.600000e+00 5.406408e+00
      vertex   -8.681809e+00 -6.600000e+00 4.962478e+00
      vertex   -8.681809e+00 -1.600000e+00 4.962478e+00
    endloop
  endfacet
  facet normal 8.807712e-01 0.000000e+00 -4.735420e-01
    outer loop
      vertex   -8.681809e+00 -1.600000e+00 4.962478e+00
      vertex   -8.681809e+00 -6.600000e+00 4.962478e+00
      vertex   -8.927678e+00 -6.600000e+00 4.505170e+00
    endloop
  endfacet
  facet normal 8.807712e-01 -9.080424e-19 -4.735420e-01
    outer loop
      vertex   -8.681809e+00 -1.600000e+00 4.962478e+00
      vertex   -8.927678e+00 -6.600000e+00 4.505170e+00
      vertex   -8.927678e+00 -1.600000e+00 4.505170e+00
    endloop
  endfacet
  facet normal 9.041627e-01 0.000000e+00 -4.271883e-01
    outer loop
      vertex   -8.927678e+00 -1.600000e+00 4.505170e+00
      vertex   -8.927678e+00 -6.600000e+00 4.505170e+00
      vertex   -9.149480e+00 -6.600000e+00 4.035717e+00
    endloop
  endfacet
  facet normal 9.041627e-01 -7.984904e-19 -4.271883e-01
    outer loop
      vertex   -8.927678e+00 -1.600000e+00 4.505170e+00
      vertex   -9.149480e+00 -6.600000e+00 4.035717e+00
      vertex   -9.149480e+00 -1.600000e+00 4.035717e+00
    endloop
  endfacet
  facet normal 9.251166e-01 0.000000e+00 -3.796830e-01
    outer loop
      vertex   -9.149480e+00 -1.600000e+00 4.035717e+00
      vertex   -9.149480e+00 -6.600000e+00 4.035717e+00
      vertex   -9.346617e+00 -6.600000e+00 3.555384e+00
    endloop
  endfacet
  facet normal 9.251166e-01 -1.554530e-18 -3.796830e-01
    outer loop
      vertex   -9.149480e+00 -1.600000e+00 4.035717e+00
      vertex   -9.346617e+00 -6.600000e+00 3.555384e+00
      vertex   -9.346617e+00 -1.600000e+00 3.555384e+00
    endloop
  endfacet
  facet normal 9.435767e-01 0.000000e+00 -3.311542e-01
    outer loop
      vertex   -9.346617e+00 -1.600000e+00 3.555384e+00
      vertex   -9.346617e+00 -6.600000e+00 3.555384e+00
      vertex   -9.518556e+00 -6.600000e+00 3.065467e+00
    endloop
  endfacet
  facet normal 9.435767e-01 1.452981e-18 -3.311542e-01
    outer loop
      vertex   -9.346617e+00 -1.600000e+00 3.555384e+00
      vertex   -9.518556e+00 -6.600000e+00 3.065467e+00
      vertex   -9.518556e+00 -1.600000e+00 3.065467e+00
    endloop
  endfacet
  facet normal 9.594930e-01 0.000000e+00 -2.817326e-01
    outer loop
      vertex   -9.518556e+00 -1.600000e+00 3.065467e+00
      vertex   -9.518556e+00 -6.600000e+00 3.065467e+00
      vertex   -9.664836e+00 -6.600000e+00 2.567285e+00
    endloop
  endfacet
  facet normal 9.594930e-01 -1.003269e-18 -2.817326e-01
    outer loop
      vertex   -9.518556e+00 -1.600000e+00 3.065467e+00
      vertex   -9.664836e+00 -6.600000e+00 2.567285e+00
      vertex   -9.664836e+00 -1.600000e+00 2.567285e+00
    endloop
  endfacet
  facet normal 9.728227e-01 0.000000e+00 -2.315515e-01
    outer loop
      vertex   -9.664836e+00 -1.600000e+00 2.567285e+00
      vertex   -9.664836e+00 -6.600000e+00 2.567285e+00
      vertex   -9.785060e+00 -6.600000e+00 2.062183e+00
    endloop
  endfacet
  facet normal 9.728227e-01 8.896951e-19 -2.315515e-01
    outer loop
      vertex   -9.664836e+00 -1.600000e+00 2.567285e+00
      vertex   -9.785060e+00 -6.600000e+00 2.062183e+00
      vertex   -9.785060e+00 -1.600000e+00 2.062183e+00
    endloop
  endfacet
  facet normal 9.835298e-01 0.000000e+00 -1.807461e-01
    outer loop
      vertex   -9.785060e+00 -1.600000e+00 2.062183e+00
      vertex   -9.785060e+00 -6.600000e+00 2.062183e+00
      vertex   -9.878906e+00 -6.600000e+00 1.551521e+00
    endloop
  endfacet
  facet normal 9.835298e-01 1.257835e-19 -1.807461e-01
    outer loop
      vertex   -9.785060e+00 -1.600000e+00 2.062183e+00
      vertex   -9.878906e+00 -6.600000e+00 1.551521e+00
      vertex   -9.878906e+00 -1.600000e+00 1.551521e+00
    endloop
  endfacet
  facet normal 9.915855e-01 0.000000e+00 -1.294536e-01
    outer loop
      vertex   -9.878906e+00 -1.600000e+00 1.551521e+00
      vertex   -9.878906e+00 -6.600000e+00 1.551521e+00
      vertex   -9.946120e+00 -6.600000e+00 1.036677e+00
    endloop
  endfacet
  facet normal -9.996892e-01 -0.000000e+00 -2.493069e-02
    outer loop
      vertex   -1.098633e+01 -1.600000e+00 -5.483047e-01
      vertex   -1.098633e+01 -7.600000e+00 -5.483047e-01
      vertex   -1.100000e+01 -1.600000e+00 1.347111e-15
    endloop
  endfacet
  facet normal -9.996892e-01 -0.000000e+00 -2.493069e-02
    outer loop
      vertex   -1.100000e+01 -1.600000e+00 1.347111e-15
      vertex   -1.098633e+01 -7.600000e+00 -5.483047e-01
      vertex   -1.100000e+01 -7.600000e+00 1.347111e-15
    endloop
  endfacet
  facet normal -9.996892e-01 0.000000e+00 2.493069e-02
    outer loop
      vertex   -1.100000e+01 -1.600000e+00 1.347111e-15
      vertex   -1.100000e+01 -7.600000e+00 1.347111e-15
      vertex   -1.098633e+01 -1.600000e+00 5.483047e-01
    endloop
  endfacet
  facet normal -9.996892e-01 0.000000e+00 2.493069e-02
    outer loop
      vertex   -1.098633e+01 -1.600000e+00 5.483047e-01
      vertex   -1.100000e+01 -7.600000e+00 1.347111e-15
      vertex   -1.098633e+01 -7.600000e+00 5.483047e-01
    endloop
  endfacet
  facet normal -9.972038e-01 0.000000e+00 7.473009e-02
    outer loop
      vertex   -1.098633e+01 -1.600000e+00 5.483047e-01
      vertex   -1.098633e+01 -7.600000e+00 5.483047e-01
      vertex   -1.094534e+01 -1.600000e+00 1.095246e+00
    endloop
  endfacet
  facet normal -9.972038e-01 0.000000e+00 7.473009e-02
    outer loop
      vertex   -1.094534e+01 -1.600000e+00 1.095246e+00
      vertex   -1.098633e+01 -7.600000e+00 5.483047e-01
      vertex   -1.094534e+01 -7.600000e+00 1.095246e+00
    endloop
  endfacet
  facet normal -9.922392e-01 0.000000e+00 1.243437e-01
    outer loop
      vertex   -1.094534e+01 -1.600000e+00 1.095246e+00
      vertex   -1.094534e+01 -7.600000e+00 1.095246e+00
      vertex   -1.087714e+01 -1.600000e+00 1.639465e+00
    endloop
  endfacet
  facet normal -9.922392e-01 0.000000e+00 1.243437e-01
    outer loop
      vertex   -1.087714e+01 -1.600000e+00 1.639465e+00
      vertex   -1.094534e+01 -7.600000e+00 1.095246e+00
      vertex   -1.087714e+01 -7.600000e+00 1.639465e+00
    endloop
  endfacet
  facet normal -9.848078e-01 0.000000e+00 1.736482e-01
    outer loop
      vertex   -1.087714e+01 -1.600000e+00 1.639465e+00
      vertex   -1.087714e+01 -7.600000e+00 1.639465e+00
      vertex   -1.078190e+01 -1.600000e+00 2.179608e+00
    endloop
  endfacet
  facet normal -9.848078e-01 0.000000e+00 1.736482e-01
    outer loop
      vertex   -1.078190e+01 -1.600000e+00 2.179608e+00
      vertex   -1.087714e+01 -7.600000e+00 1.639465e+00
      vertex   -1.078190e+01 -7.600000e+00 2.179608e+00
    endloop
  endfacet
  facet normal -9.749279e-01 0.000000e+00 2.225209e-01
    outer loop
      vertex   -1.078190e+01 -1.600000e+00 2.179608e+00
      vertex   -1.078190e+01 -7.600000e+00 2.179608e+00
      vertex   -1.065985e+01 -1.600000e+00 2.714331e+00
    endloop
  endfacet
  facet normal -9.749279e-01 0.000000e+00 2.225209e-01
    outer loop
      vertex   -1.065985e+01 -1.600000e+00 2.714331e+00
      vertex   -1.078190e+01 -7.600000e+00 2.179608e+00
      vertex   -1.065985e+01 -7.600000e+00 2.714331e+00
    endloop
  endfacet
  facet normal -9.626242e-01 0.000000e+00 2.708405e-01
    outer loop
      vertex   -1.065985e+01 -1.600000e+00 2.714331e+00
      vertex   -1.065985e+01 -7.600000e+00 2.714331e+00
      vertex   -1.051130e+01 -1.600000e+00 3.242307e+00
    endloop
  endfacet
  facet normal -9.626242e-01 0.000000e+00 2.708405e-01
    outer loop
      vertex   -1.051130e+01 -1.600000e+00 3.242307e+00
      vertex   -1.065985e+01 -7.600000e+00 2.714331e+00
      vertex   -1.051130e+01 -7.600000e+00 3.242307e+00
    endloop
  endfacet
  facet normal -9.479273e-01 0.000000e+00 3.184867e-01
    outer loop
      vertex   -1.051130e+01 -1.600000e+00 3.242307e+00
      vertex   -1.051130e+01 -7.600000e+00 3.242307e+00
      vertex   -1.033662e+01 -1.600000e+00 3.762222e+00
    endloop
  endfacet
  facet normal -9.479273e-01 0.000000e+00 3.184867e-01
    outer loop
      vertex   -1.033662e+01 -1.600000e+00 3.762222e+00
      vertex   -1.051130e+01 -7.600000e+00 3.242307e+00
      vertex   -1.033662e+01 -7.600000e+00 3.762222e+00
    endloop
  endfacet
  facet normal -9.308737e-01 0.000000e+00 3.653410e-01
    outer loop
      vertex   -1.033662e+01 -1.600000e+00 3.762222e+00
      vertex   -1.033662e+01 -7.600000e+00 3.762222e+00
      vertex   -1.013624e+01 -1.600000e+00 4.272783e+00
    endloop
  endfacet
  facet normal -9.308737e-01 0.000000e+00 3.653410e-01
    outer loop
      vertex   -1.013624e+01 -1.600000e+00 4.272783e+00
      vertex   -1.033662e+01 -7.600000e+00 3.762222e+00
      vertex   -1.013624e+01 -7.600000e+00 4.272783e+00
    endloop
  endfacet
  facet normal -9.115059e-01 0.000000e+00 4.112871e-01
    outer loop
      vertex   -1.013624e+01 -1.600000e+00 4.272783e+00
      vertex   -1.013624e+01 -7.600000e+00 4.272783e+00
      vertex   -9.910658e+00 -1.600000e+00 4.772721e+00
    endloop
  endfacet
  facet normal -9.115059e-01 0.000000e+00 4.112871e-01
    outer loop
      vertex   -9.910658e+00 -1.600000e+00 4.772721e+00
      vertex   -1.013624e+01 -7.600000e+00 4.272783e+00
      vertex   -9.910658e+00 -7.600000e+00 4.772721e+00
    endloop
  endfacet
  facet normal -8.898718e-01 0.000000e+00 4.562107e-01
    outer loop
      vertex   -9.910658e+00 -1.600000e+00 4.772721e+00
      vertex   -9.910658e+00 -7.600000e+00 4.772721e+00
      vertex   -9.660437e+00 -1.600000e+00 5.260794e+00
    endloop
  endfacet
  facet normal -8.898718e-01 0.000000e+00 4.562107e-01
    outer loop
      vertex   -9.660437e+00 -1.600000e+00 5.260794e+00
      vertex   -9.910658e+00 -7.600000e+00 4.772721e+00
      vertex   -9.660437e+00 -7.600000e+00 5.260794e+00
    endloop
  endfacet
  facet normal -8.660254e-01 0.000000e+00 5.000000e-01
    outer loop
      vertex   -9.660437e+00 -1.600000e+00 5.260794e+00
      vertex   -9.660437e+00 -7.600000e+00 5.260794e+00
      vertex   -9.386200e+00 -1.600000e+00 5.735787e+00
    endloop
  endfacet
  facet normal -8.660254e-01 0.000000e+00 5.000000e-01
    outer loop
      vertex   -9.386200e+00 -1.600000e+00 5.735787e+00
      vertex   -9.660437e+00 -7.600000e+00 5.260794e+00
      vertex   -9.386200e+00 -7.600000e+00 5.735787e+00
    endloop
  endfacet
  facet normal -8.400259e-01 0.000000e+00 5.425463e-01
    outer loop
      vertex   -9.386200e+00 -1.600000e+00 5.735787e+00
      vertex   -9.386200e+00 -7.600000e+00 5.735787e+00
      vertex   -9.088627e+00 -1.600000e+00 6.196521e+00
    endloop
  endfacet
  facet normal -8.400259e-01 0.000000e+00 5.425463e-01
    outer loop
      vertex   -9.088627e+00 -1.600000e+00 6.196521e+00
      vertex   -9.386200e+00 -7.600000e+00 5.735787e+00
      vertex   -9.088627e+00 -7.600000e+00 6.196521e+00
    endloop
  endfacet
  facet normal -8.119380e-01 0.000000e+00 5.837437e-01
    outer loop
      vertex   -9.088627e+00 -1.600000e+00 6.196521e+00
      vertex   -9.088627e+00 -7.600000e+00 6.196521e+00
      vertex   -8.768458e+00 -1.600000e+00 6.641849e+00
    endloop
  endfacet
  facet normal -8.119380e-01 0.000000e+00 5.837437e-01
    outer loop
      vertex   -8.768458e+00 -1.600000e+00 6.641849e+00
      vertex   -9.088627e+00 -7.600000e+00 6.196521e+00
      vertex   -8.768458e+00 -7.600000e+00 6.641849e+00
    endloop
  endfacet
  facet normal -7.818315e-01 0.000000e+00 6.234898e-01
    outer loop
      vertex   -8.768458e+00 -1.600000e+00 6.641849e+00
      vertex   -8.768458e+00 -7.600000e+00 6.641849e+00
      vertex   -8.426489e+00 -1.600000e+00 7.070664e+00
    endloop
  endfacet
  facet normal -7.818315e-01 0.000000e+00 6.234898e-01
    outer loop
      vertex   -8.426489e+00 -1.600000e+00 7.070664e+00
      vertex   -8.768458e+00 -7.600000e+00 6.641849e+00
      vertex   -8.426489e+00 -7.600000e+00 7.070664e+00
    endloop
  endfacet
  facet normal -7.497812e-01 0.000000e+00 6.616858e-01
    outer loop
      vertex   -8.426489e+00 -1.600000e+00 7.070664e+00
      vertex   -8.426489e+00 -7.600000e+00 7.070664e+00
      vertex   -8.063571e+00 -1.600000e+00 7.481900e+00
    endloop
  endfacet
  facet normal -7.497812e-01 0.000000e+00 6.616858e-01
    outer loop
      vertex   -8.063571e+00 -1.600000e+00 7.481900e+00
      vertex   -8.426489e+00 -7.600000e+00 7.070664e+00
      vertex   -8.063571e+00 -7.600000e+00 7.481900e+00
    endloop
  endfacet
  facet normal -7.158668e-01 0.000000e+00 6.982368e-01
    outer loop
      vertex   -8.063571e+00 -1.600000e+00 7.481900e+00
      vertex   -8.063571e+00 -7.600000e+00 7.481900e+00
      vertex   -7.680605e+00 -1.600000e+00 7.874535e+00
    endloop
  endfacet
  facet normal -7.158668e-01 0.000000e+00 6.982368e-01
    outer loop
      vertex   -7.680605e+00 -1.600000e+00 7.874535e+00
      vertex   -8.063571e+00 -7.600000e+00 7.481900e+00
      vertex   -7.680605e+00 -7.600000e+00 7.874535e+00
    endloop
  endfacet
  facet normal -6.801727e-01 0.000000e+00 7.330519e-01
    outer loop
      vertex   -7.680605e+00 -1.600000e+00 7.874535e+00
      vertex   -7.680605e+00 -7.600000e+00 7.874535e+00
      vertex   -7.278544e+00 -1.600000e+00 8.247593e+00
    endloop
  endfacet
  facet normal -6.801727e-01 0.000000e+00 7.330519e-01
    outer loop
      vertex   -7.278544e+00 -1.600000e+00 8.247593e+00
      vertex   -7.680605e+00 -7.600000e+00 7.874535e+00
      vertex   -7.278544e+00 -7.600000e+00 8.247593e+00
    endloop
  endfacet
  facet normal -6.427876e-01 0.000000e+00 7.660444e-01
    outer loop
      vertex   -7.278544e+00 -1.600000e+00 8.247593e+00
      vertex   -7.278544e+00 -7.600000e+00 8.247593e+00
      vertex   -6.858388e+00 -1.600000e+00 8.600146e+00
    endloop
  endfacet
  facet normal -6.427876e-01 0.000000e+00 7.660444e-01
    outer loop
      vertex   -6.858388e+00 -1.600000e+00 8.600146e+00
      vertex   -7.278544e+00 -7.600000e+00 8.247593e+00
      vertex   -6.858388e+00 -7.600000e+00 8.600146e+00
    endloop
  endfacet
  facet normal -6.038044e-01 0.000000e+00 7.971325e-01
    outer loop
      vertex   -6.858388e+00 -1.600000e+00 8.600146e+00
      vertex   -6.858388e+00 -7.600000e+00 8.600146e+00
      vertex   -6.421180e+00 -1.600000e+00 8.931318e+00
    endloop
  endfacet
  facet normal -6.038044e-01 0.000000e+00 7.971325e-01
    outer loop
      vertex   -6.421180e+00 -1.600000e+00 8.931318e+00
      vertex   -6.858388e+00 -7.600000e+00 8.600146e+00
      vertex   -6.421180e+00 -7.600000e+00 8.931318e+00
    endloop
  endfacet
  facet normal -5.633201e-01 0.000000e+00 8.262388e-01
    outer loop
      vertex   -6.421180e+00 -1.600000e+00 8.931318e+00
      vertex   -6.421180e+00 -7.600000e+00 8.931318e+00
      vertex   -5.968009e+00 -1.600000e+00 9.240285e+00
    endloop
  endfacet
  facet normal -5.633201e-01 0.000000e+00 8.262388e-01
    outer loop
      vertex   -5.968009e+00 -1.600000e+00 9.240285e+00
      vertex   -6.421180e+00 -7.600000e+00 8.931318e+00
      vertex   -5.968009e+00 -7.600000e+00 9.240285e+00
    endloop
  endfacet
  facet normal -5.214352e-01 0.000000e+00 8.532909e-01
    outer loop
      vertex   -5.968009e+00 -1.600000e+00 9.240285e+00
      vertex   -5.968009e+00 -7.600000e+00 9.240285e+00
      vertex   -5.500000e+00 -1.600000e+00 9.526279e+00
    endloop
  endfacet
  facet normal -5.214352e-01 0.000000e+00 8.532909e-01
    outer loop
      vertex   -5.500000e+00 -1.600000e+00 9.526279e+00
      vertex   -5.968009e+00 -7.600000e+00 9.240285e+00
      vertex   -5.500000e+00 -7.600000e+00 9.526279e+00
    endloop
  endfacet
  facet normal -4.782540e-01 0.000000e+00 8.782216e-01
    outer loop
      vertex   -5.500000e+00 -1.600000e+00 9.526279e+00
      vertex   -5.500000e+00 -7.600000e+00 9.526279e+00
      vertex   -5.018317e+00 -1.600000e+00 9.788590e+00
    endloop
  endfacet
  facet normal -4.782540e-01 0.000000e+00 8.782216e-01
    outer loop
      vertex   -5.018317e+00 -1.600000e+00 9.788590e+00
      vertex   -5.500000e+00 -7.600000e+00 9.526279e+00
      vertex   -5.018317e+00 -7.600000e+00 9.788590e+00
    endloop
  endfacet
  facet normal -4.338837e-01 0.000000e+00 9.009689e-01
    outer loop
      vertex   -5.018317e+00 -1.600000e+00 9.788590e+00
      vertex   -5.018317e+00 -7.600000e+00 9.788590e+00
      vertex   -4.524158e+00 -1.600000e+00 1.002656e+01
    endloop
  endfacet
  facet normal -4.338837e-01 0.000000e+00 9.009689e-01
    outer loop
      vertex   -4.524158e+00 -1.600000e+00 1.002656e+01
      vertex   -5.018317e+00 -7.600000e+00 9.788590e+00
      vertex   -4.524158e+00 -7.600000e+00 1.002656e+01
    endloop
  endfacet
  facet normal -3.884348e-01 0.000000e+00 9.214762e-01
    outer loop
      vertex   -4.524158e+00 -1.600000e+00 1.002656e+01
      vertex   -4.524158e+00 -7.600000e+00 1.002656e+01
      vertex   -4.018751e+00 -1.600000e+00 1.023961e+01
    endloop
  endfacet
  facet normal -3.884348e-01 0.000000e+00 9.214762e-01
    outer loop
      vertex   -4.018751e+00 -1.600000e+00 1.023961e+01
      vertex   -4.524158e+00 -7.600000e+00 1.002656e+01
      vertex   -4.018751e+00 -7.600000e+00 1.023961e+01
    endloop
  endfacet
  facet normal -3.420201e-01 0.000000e+00 9.396926e-01
    outer loop
      vertex   -4.018751e+00 -1.600000e+00 1.023961e+01
      vertex   -4.018751e+00 -7.600000e+00 1.023961e+01
      vertex   -3.503353e+00 -1.600000e+00 1.042720e+01
    endloop
  endfacet
  facet normal -3.420201e-01 0.000000e+00 9.396926e-01
    outer loop
      vertex   -3.503353e+00 -1.600000e+00 1.042720e+01
      vertex   -4.018751e+00 -7.600000e+00 1.023961e+01
      vertex   -3.503353e+00 -7.600000e+00 1.042720e+01
    endloop
  endfacet
  facet normal -2.947552e-01 0.000000e+00 9.555728e-01
    outer loop
      vertex   -3.503353e+00 -1.600000e+00 1.042720e+01
      vertex   -3.503353e+00 -7.600000e+00 1.042720e+01
      vertex   -2.979245e+00 -1.600000e+00 1.058887e+01
    endloop
  endfacet
  facet normal -2.947552e-01 0.000000e+00 9.555728e-01
    outer loop
      vertex   -2.979245e+00 -1.600000e+00 1.058887e+01
      vertex   -3.503353e+00 -7.600000e+00 1.042720e+01
      vertex   -2.979245e+00 -7.600000e+00 1.058887e+01
    endloop
  endfacet
  facet normal -2.467574e-01 0.000000e+00 9.690773e-01
    outer loop
      vertex   -2.979245e+00 -1.600000e+00 1.058887e+01
      vertex   -2.979245e+00 -7.600000e+00 1.058887e+01
      vertex   -2.447730e+00 -1.600000e+00 1.072421e+01
    endloop
  endfacet
  facet normal -2.467574e-01 0.000000e+00 9.690773e-01
    outer loop
      vertex   -2.447730e+00 -1.600000e+00 1.072421e+01
      vertex   -2.979245e+00 -7.600000e+00 1.058887e+01
      vertex   -2.447730e+00 -7.600000e+00 1.072421e+01
    endloop
  endfacet
  facet normal -1.981461e-01 0.000000e+00 9.801725e-01
    outer loop
      vertex   -2.447730e+00 -1.600000e+00 1.072421e+01
      vertex   -2.447730e+00 -7.600000e+00 1.072421e+01
      vertex   -1.910130e+00 -1.600000e+00 1.083289e+01
    endloop
  endfacet
  facet normal -1.981461e-01 0.000000e+00 9.801725e-01
    outer loop
      vertex   -1.910130e+00 -1.600000e+00 1.083289e+01
      vertex   -2.447730e+00 -7.600000e+00 1.072421e+01
      vertex   -1.910130e+00 -7.600000e+00 1.083289e+01
    endloop
  endfacet
  facet normal -1.490423e-01 0.000000e+00 9.888308e-01
    outer loop
      vertex   -1.910130e+00 -1.600000e+00 1.083289e+01
      vertex   -1.910130e+00 -7.600000e+00 1.083289e+01
      vertex   -1.367781e+00 -1.600000e+00 1.091463e+01
    endloop
  endfacet
  facet normal -1.490423e-01 0.000000e+00 9.888308e-01
    outer loop
      vertex   -1.367781e+00 -1.600000e+00 1.091463e+01
      vertex   -1.910130e+00 -7.600000e+00 1.083289e+01
      vertex   -1.367781e+00 -7.600000e+00 1.091463e+01
    endloop
  endfacet
  facet normal -9.956785e-02 0.000000e+00 9.950308e-01
    outer loop
      vertex   -1.367781e+00 -1.600000e+00 1.091463e+01
      vertex   -1.367781e+00 -7.600000e+00 1.091463e+01
      vertex   -8.220310e-01 -1.600000e+00 1.096924e+01
    endloop
  endfacet
  facet normal -9.956785e-02 0.000000e+00 9.950308e-01
    outer loop
      vertex   -8.220310e-01 -1.600000e+00 1.096924e+01
      vertex   -1.367781e+00 -7.600000e+00 1.091463e+01
      vertex   -8.220310e-01 -7.600000e+00 1.096924e+01
    endloop
  endfacet
  facet normal -4.984589e-02 0.000000e+00 9.987569e-01
    outer loop
      vertex   -8.220310e-01 -1.600000e+00 1.096924e+01
      vertex   -8.220310e-01 -7.600000e+00 1.096924e+01
      vertex   -2.742376e-01 -1.600000e+00 1.099658e+01
    endloop
  endfacet
  facet normal -4.984589e-02 0.000000e+00 9.987569e-01
    outer loop
      vertex   -2.742376e-01 -1.600000e+00 1.099658e+01
      vertex   -8.220310e-01 -7.600000e+00 1.096924e+01
      vertex   -2.742376e-01 -7.600000e+00 1.099658e+01
    endloop
  endfacet
  facet normal -0.000000e+00 0.000000e+00 1.000000e+00
    outer loop
      vertex   -2.742376e-01 -1.600000e+00 1.099658e+01
      vertex   -2.742376e-01 -7.600000e+00 1.099658e+01
      vertex   2.742376e-01 -1.600000e+00 1.099658e+01
    endloop
  endfacet
  facet normal 0.000000e+00 0.000000e+00 1.000000e+00
    outer loop
      vertex   2.742376e-01 -1.600000e+00 1.099658e+01
      vertex   -2.742376e-01 -7.600000e+00 1.099658e+01
      vertex   2.742376e-01 -7.600000e+00 1.099658e+01
    endloop
  endfacet
  facet normal 4.984589e-02 0.000000e+00 9.987569e-01
    outer loop
      vertex   2.742376e-01 -1.600000e+00 1.099658e+01
      vertex   2.742376e-01 -7.600000e+00 1.099658e+01
      vertex   8.220310e-01 -1.600000e+00 1.096924e+01
    endloop
  endfacet
  facet normal 4.984589e-02 0.000000e+00 9.987569e-01
    outer loop
      vertex   8.220310e-01 -1.600000e+00 1.096924e+01
      vertex   2.742376e-01 -7.600000e+00 1.099658e+01
      vertex   8.220310e-01 -7.600000e+00 1.096924e+01
    endloop
  endfacet
  facet normal 9.956785e-02 0.000000e+00 9.950308e-01
    outer loop
      vertex   8.220310e-01 -1.600000e+00 1.096924e+01
      vertex   8.220310e-01 -7.600000e+00 1.096924e+01
      vertex   1.367781e+00 -1.600000e+00 1.091463e+01
    endloop
  endfacet
  facet normal 9.956785e-02 0.000000e+00 9.950308e-01
    outer loop
      vertex   1.367781e+00 -1.600000e+00 1.091463e+01
      vertex   8.220310e-01 -7.600000e+00 1.096924e+01
      vertex   1.367781e+00 -7.600000e+00 1.091463e+01
    endloop
  endfacet
  facet normal 1.490423e-01 0.000000e+00 9.888308e-01
    outer loop
      vertex   1.367781e+00 -1.600000e+00 1.091463e+01
      vertex   1.367781e+00 -7.600000e+00 1.091463e+01
      vertex   1.910130e+00 -1.600000e+00 1.083289e+01
    endloop
  endfacet
  facet normal 1.490423e-01 0.000000e+00 9.888308e-01
    outer loop
      vertex   1.910130e+00 -1.600000e+00 1.083289e+01
      vertex   1.367781e+00 -7.600000e+00 1.091463e+01
      vertex   1.910130e+00 -7.600000e+00 1.083289e+01
    endloop
  endfacet
  facet normal 1.981461e-01 0.000000e+00 9.801725e-01
    outer loop
      vertex   1.910130e+00 -1.600000e+00 1.083289e+01
      vertex   1.910130e+00 -7.600000e+00 1.083289e+01
      vertex   2.447730e+00 -1.600000e+00 1.072421e+01
    endloop
  endfacet
  facet normal 1.981461e-01 0.000000e+00 9.801725e-01
    outer loop
      vertex   2.447730e+00 -1.600000e+00 1.072421e+01
      vertex   1.910130e+00 -7.600000e+00 1.083289e+01
      vertex   2.447730e+00 -7.600000e+00 1.072421e+01
    endloop
  endfacet
  facet normal 2.467574e-01 0.000000e+00 9.690773e-01
    outer loop
      vertex   2.447730e+00 -1.600000e+00 1.072421e+01
      vertex   2.447730e+00 -7.600000e+00 1.072421e+01
      vertex   2.979245e+00 -1.600000e+00 1.058887e+01
    endloop
  endfacet
  facet normal 2.467574e-01 0.000000e+00 9.690773e-01
    outer loop
      vertex   2.979245e+00 -1.600000e+00 1.058887e+01
      vertex   2.447730e+00 -7.600000e+00 1.072421e+01
      vertex   2.979245e+00 -7.600000e+00 1.058887e+01
    endloop
  endfacet
  facet normal 2.947552e-01 0.000000e+00 9.555728e-01
    outer loop
      vertex   2.979245e+00 -1.600000e+00 1.058887e+01
      vertex   2.979245e+00 -7.600000e+00 1.058887e+01
      vertex   3.503353e+00 -1.600000e+00 1.042720e+01
    endloop
  endfacet
  facet normal 2.947552e-01 0.000000e+00 9.555728e-01
    outer loop
      vertex   3.503353e+00 -1.600000e+00 1.042720e+01
      vertex   2.979245e+00 -7.600000e+00 1.058887e+01
      vertex   3.503353e+00 -7.600000e+00 1.042720e+01
    endloop
  endfacet
  facet normal 3.420201e-01 0.000000e+00 9.396926e-01
    outer loop
      vertex   3.503353e+00 -1.600000e+00 1.042720e+01
      vertex   3.503353e+00 -7.600000e+00 1.042720e+01
      vertex   4.018751e+00 -1.600000e+00 1.023961e+01
    endloop
  endfacet
  facet normal 3.420201e-01 0.000000e+00 9.396926e-01
    outer loop
      vertex   4.018751e+00 -1.600000e+00 1.023961e+01
      vertex   3.503353e+00 -7.600000e+00 1.042720e+01
      vertex   4.018751e+00 -7.600000e+00 1.023961e+01
    endloop
  endfacet
  facet normal 3.884348e-01 0.000000e+00 9.214762e-01
    outer loop
      vertex   4.018751e+00 -1.600000e+00 1.023961e+01
      vertex   4.018751e+00 -7.600000e+00 1.023961e+01
      vertex   4.524158e+00 -1.600000e+00 1.002656e+01
    endloop
  endfacet
  facet normal 3.884348e-01 0.000000e+00 9.214762e-01
    outer loop
      vertex   4.524158e+00 -1.600000e+00 1.002656e+01
      vertex   4.018751e+00 -7.600000e+00 1.023961e+01
      vertex   4.524158e+00 -7.600000e+00 1.002656e+01
    endloop
  endfacet
  facet normal 4.338837e-01 0.000000e+00 9.009689e-01
    outer loop
      vertex   4.524158e+00 -1.600000e+00 1.002656e+01
      vertex   4.524158e+00 -7.600000e+00 1.002656e+01
      vertex   5.018317e+00 -1.600000e+00 9.788590e+00
    endloop
  endfacet
  facet normal 4.338837e-01 0.000000e+00 9.009689e-01
    outer loop
      vertex   5.018317e+00 -1.600000e+00 9.788590e+00
      vertex   4.524158e+00 -7.600000e+00 1.002656e+01
      vertex   5.018317e+00 -7.600000e+00 9.788590e+00
    endloop
  endfacet
  facet normal 4.782540e-01 0.000000e+00 8.782216e-01
    outer loop
      vertex   5.018317e+00 -1.600000e+00 9.788590e+00
      vertex   5.018317e+00 -7.600000e+00 9.788590e+00
      vertex   5.500000e+00 -1.600000e+00 9.526279e+00
    endloop
  endfacet
  facet normal 4.782540e-01 0.000000e+00 8.782216e-01
    outer loop
      vertex   5.500000e+00 -1.600000e+00 9.526279e+00
      vertex   5.018317e+00 -7.600000e+00 9.788590e+00
      vertex   5.500000e+00 -7.600000e+00 9.526279e+00
    endloop
  endfacet
  facet normal 5.214352e-01 0.000000e+00 8.532909e-01
    outer loop
      vertex   5.500000e+00 -1.600000e+00 9.526279e+00
      vertex   5.500000e+00 -7.600000e+00 9.526279e+00
      vertex   5.968009e+00 -1.600000e+00 9.240285e+00
    endloop
  endfacet
  facet normal 5.214352e-01 0.000000e+00 8.532909e-01
    outer loop
      vertex   5.968009e+00 -1.600000e+00 9.240285e+00
      vertex   5.500000e+00 -7.600000e+00 9.526279e+00
      vertex   5.968009e+00 -7.600000e+00 9.240285e+00
    endloop
  endfacet
  facet normal 5.633201e-01 0.000000e+00 8.262388e-01
    outer loop
      vertex   5.968009e+00 -1.600000e+00 9.240285e+00
      vertex   5.968009e+00 -7.600000e+00 9.240285e+00
      vertex   6.421180e+00 -1.600000e+00 8.931318e+00
    endloop
  endfacet
  facet normal 5.633201e-01 0.000000e+00 8.262388e-01
    outer loop
      vertex   6.421180e+00 -1.600000e+00 8.931318e+00
      vertex   5.968009e+00 -7.600000e+00 9.240285e+00
      vertex   6.421180e+00 -7.600000e+00 8.931318e+00
    endloop
  endfacet
  facet normal 6.038044e-01 0.000000e+00 7.971325e-01
    outer loop
      vertex   6.421180e+00 -1.600000e+00 8.931318e+00
      vertex   6.421180e+00 -7.600000e+00 8.931318e+00
      vertex   6.858388e+00 -1.600000e+00 8.600146e+00
    endloop
  endfacet
  facet normal 6.038044e-01 0.000000e+00 7.971325e-01
    outer loop
      vertex   6.858388e+00 -1.600000e+00 8.600146e+00
      vertex   6.421180e+00 -7.600000e+00 8.931318e+00
      vertex   6.858388e+00 -7.600000e+00 8.600146e+00
    endloop
  endfacet
  facet normal 6.427876e-01 0.000000e+00 7.660444e-01
    outer loop
      vertex   6.858388e+00 -1.600000e+00 8.600146e+00
      vertex   6.858388e+00 -7.600000e+00 8.600146e+00
      vertex   7.278544e+00 -1.600000e+00 8.247593e+00
    endloop
  endfacet
  facet normal 6.427876e-01 0.000000e+00 7.660444e-01
    outer loop
      vertex   7.278544e+00 -1.600000e+00 8.247593e+00
      vertex   6.858388e+00 -7.600000e+00 8.600146e+00
      vertex   7.278544e+00 -7.600000e+00 8.247593e+00
    endloop
  endfacet
  facet normal 6.801727e-01 0.000000e+00 7.330519e-01
    outer loop
      vertex   7.278544e+00 -1.600000e+00 8.247593e+00
      vertex   7.278544e+00 -7.600000e+00 8.247593e+00
      vertex   7.680605e+00 -1.600000e+00 7.874535e+00
    endloop
  endfacet
  facet normal 6.801727e-01 0.000000e+00 7.330519e-01
    outer loop
      vertex   7.680605e+00 -1.600000e+00 7.874535e+00
      vertex   7.278544e+00 -7.600000e+00 8.247593e+00
      vertex   7.680605e+00 -7.600000e+00 7.874535e+00
    endloop
  endfacet
  facet normal 7.158668e-01 0.000000e+00 6.982368e-01
    outer loop
      vertex   7.680605e+00 -1.600000e+00 7.874535e+00
      vertex   7.680605e+00 -7.600000e+00 7.874535e+00
      vertex   8.063571e+00 -1.600000e+00 7.481900e+00
    endloop
  endfacet
  facet normal 7.158668e-01 0.000000e+00 6.982368e-01
    outer loop
      vertex   8.063571e+00 -1.600000e+00 7.481900e+00
      vertex   7.680605e+00 -7.600000e+00 7.874535e+00
      vertex   8.063571e+00 -7.600000e+00 7.481900e+00
    endloop
  endfacet
  facet normal 7.497812e-01 0.000000e+00 6.616858e-01
    outer loop
      vertex   8.063571e+00 -1.600000e+00 7.481900e+00
      vertex   8.063571e+00 -7.600000e+00 7.481900e+00
      vertex   8.426489e+00 -1.600000e+00 7.070664e+00
    endloop
  endfacet
  facet normal 7.497812e-01 0.000000e+00 6.616858e-01
    outer loop
      vertex   8.426489e+00 -1.600000e+00 7.070664e+00
      vertex   8.063571e+00 -7.600000e+00 7.481900e+00
      vertex   8.426489e+00 -7.600000e+00 7.070664e+00
    endloop
  endfacet
  facet normal 7.818315e-01 0.000000e+00 6.234898e-01
    outer loop
      vertex   8.426489e+00 -1.600000e+00 7.070664e+00
      vertex   8.426489e+00 -7.600000e+00 7.070664e+00
      vertex   8.768458e+00 -1.600000e+00 6.641849e+00
    endloop
  endfacet
  facet normal 7.818315e-01 0.000000e+00 6.234898e-01
    outer loop
      vertex   8.768458e+00 -1.600000e+00 6.641849e+00
      vertex   8.426489e+00 -7.600000e+00 7.070664e+00
      vertex   8.768458e+00 -7.600000e+00 6.641849e+00
    endloop
  endfacet
  facet normal 8.119380e-01 0.000000e+00 5.837437e-01
    outer loop
      vertex   8.768458e+00 -1.600000e+00 6.641849e+00
      vertex   8.768458e+00 -7.600000e+00 6.641849e+00
      vertex   9.088627e+00 -1.600000e+00 6.196521e+00
    endloop
  endfacet
  facet normal 8.119380e-01 0.000000e+00 5.837437e-01
    outer loop
      vertex   9.088627e+00 -1.600000e+00 6.196521e+00
      vertex   8.768458e+00 -7.600000e+00 6.641849e+00
      vertex   9.088627e+00 -7.600000e+00 6.196521e+00
    endloop
  endfacet
  facet normal 8.400259e-01 0.000000e+00 5.425463e-01
    outer loop
      vertex   9.088627e+00 -1.600000e+00 6.196521e+00
      vertex   9.088627e+00 -7.600000e+00 6.196521e+00
      vertex   9.386200e+00 -1.600000e+00 5.735787e+00
    endloop
  endfacet
  facet normal 8.400259e-01 0.000000e+00 5.425463e-01
    outer loop
      vertex   9.386200e+00 -1.600000e+00 5.735787e+00
      vertex   9.088627e+00 -7.600000e+00 6.196521e+00
      vertex   9.386200e+00 -7.600000e+00 5.735787e+00
    endloop
  endfacet
  facet normal 8.660254e-01 0.000000e+00 5.000000e-01
    outer loop
      vertex   9.386200e+00 -1.600000e+00 5.735787e+00
      vertex   9.386200e+00 -7.600000e+00 5.735787e+00
      vertex   9.660437e+00 -1.600000e+00 5.260794e+00
    endloop
  endfacet
  facet normal 8.660254e-01 0.000000e+00 5.000000e-01
    outer loop
      vertex   9.660437e+00 -1.600000e+00 5.260794e+00
      vertex   9.386200e+00 -7.600000e+00 5.735787e+00
      vertex   9.660437e+00 -7.600000e+00 5.260794e+00
    endloop
  endfacet
  facet normal 8.898718e-01 0.000000e+00 4.562107e-01
    outer loop
      vertex   9.660437e+00 -1.600000e+00 5.260794e+00
      vertex   9.660437e+00 -7.600000e+00 5.260794e+00
      vertex   9.910658e+00 -1.600000e+00 4.772721e+00
    endloop
  endfacet
  facet normal 8.898718e-01 0.000000e+00 4.562107e-01
    outer loop
      vertex   9.910658e+00 -1.600000e+00 4.772721e+00
      vertex   9.660437e+00 -7.600000e+00 5.260794e+00
      vertex   9.910658e+00 -7.600000e+00 4.772721e+00
    endloop
  endfacet
  facet normal 9.115059e-01 0.000000e+00 4.112871e-01
    outer loop
      vertex   9.910658e+00 -1.600000e+00 4.772721e+00
      vertex   9.910658e+00 -7.600000e+00 4.772721e+00
      vertex   1.013624e+01 -1.600000e+00 4.272783e+00
    endloop
  endfacet
  facet normal 9.115059e-01 0.000000e+00 4.112871e-01
    outer loop
      vertex   1.013624e+01 -1.600000e+00 4.272783e+00
      vertex   9.910658e+00 -7.600000e+00 4.772721e+00
      vertex   1.013624e+01 -7.600000e+00 4.272783e+00
    endloop
  endfacet
  facet normal 9.308737e-01 0.000000e+00 3.653410e-01
    outer loop
      vertex   1.013624e+01 -1.600000e+00 4.272783e+00
      vertex   1.013624e+01 -7.600000e+00 4.272783e+00
      vertex   1.033662e+01 -1.600000e+00 3.762222e+00
    endloop
  endfacet
  facet normal 9.308737e-01 0.000000e+00 3.653410e-01
    outer loop
      vertex   1.033662e+01 -1.600000e+00 3.762222e+00
      vertex   1.013624e+01 -7.600000e+00 4.272783e+00
      vertex   1.033662e+01 -7.600000e+00 3.762222e+00
    endloop
  endfacet
  facet normal 9.479273e-01 0.000000e+00 3.184867e-01
    outer loop
      vertex   1.033662e+01 -1.600000e+00 3.762222e+00
      vertex   1.033662e+01 -7.600000e+00 3.762222e+00
      vertex   1.051130e+01 -1.600000e+00 3.242307e+00
    endloop
  endfacet
  facet normal 9.479273e-01 0.000000e+00 3.184867e-01
    outer loop
      vertex   1.051130e+01 -1.600000e+00 3.242307e+00
      vertex   1.033662e+01 -7.600000e+00 3.762222e+00
      vertex   1.051130e+01 -7.600000e+00 3.242307e+00
    endloop
  endfacet
  facet normal 9.626242e-01 0.000000e+00 2.708405e-01
    outer loop
      vertex   1.051130e+01 -1.600000e+00 3.242307e+00
      vertex   1.051130e+01 -7.600000e+00 3.242307e+00
      vertex   1.065985e+01 -1.600000e+00 2.714331e+00
    endloop
  endfacet
  facet normal 9.626242e-01 0.000000e+00 2.708405e-01
    outer loop
      vertex   1.065985e+01 -1.600000e+00 2.714331e+00
      vertex   1.051130e+01 -7.600000e+00 3.242307e+00
      vertex   1.065985e+01 -7.600000e+00 2.714331e+00
    endloop
  endfacet
  facet normal 9.749279e-01 0.000000e+00 2.225209e-01
    outer loop
      vertex   1.065985e+01 -1.600000e+00 2.714331e+00
      vertex   1.065985e+01 -7.600000e+00 2.714331e+00
      vertex   1.078190e+01 -1.600000e+00 2.179608e+00
    endloop
  endfacet
  facet normal 9.749279e-01 0.000000e+00 2.225209e-01
    outer loop
      vertex   1.078190e+01 -1.600000e+00 2.179608e+00
      vertex   1.065985e+01 -7.600000e+00 2.714331e+00
      vertex   1.078190e+01 -7.600000e+00 2.179608e+00
    endloop
  endfacet
  facet normal 9.848078e-01 0.000000e+00 1.736482e-01
    outer loop
      vertex   1.078190e+01 -1.600000e+00 2.179608e+00
      vertex   1.078190e+01 -7.600000e+00 2.179608e+00
      vertex   1.087714e+01 -1.600000e+00 1.639465e+00
    endloop
  endfacet
  facet normal 9.848078e-01 0.000000e+00 1.736482e-01
    outer loop
      vertex   1.087714e+01 -1.600000e+00 1.639465e+00
      vertex   1.078190e+01 -7.600000e+00 2.179608e+00
      vertex   1.087714e+01 -7.600000e+00 1.639465e+00
    endloop
  endfacet
  facet normal 9.922392e-01 0.000000e+00 1.243437e-01
    outer loop
      vertex   1.087714e+01 -1.600000e+00 1.639465e+00
      vertex   1.087714e+01 -7.600000e+00 1.639465e+00
      vertex   1.094534e+01 -1.600000e+00 1.095246e+00
    endloop
  endfacet
  facet normal 9.922392e-01 0.000000e+00 1.243437e-01
    outer loop
      vertex   1.094534e+01 -1.600000e+00 1.095246e+00
      vertex   1.087714e+01 -7.600000e+00 1.639465e+00
      vertex   1.094534e+01 -7.600000e+00 1.095246e+00
    endloop
  endfacet
  facet normal 9.972038e-01 0.000000e+00 7.473009e-02
    outer loop
      vertex   1.094534e+01 -1.600000e+00 1.095246e+00
      vertex   1.094534e+01 -7.600000e+00 1.095246e+00
      vertex   1.098633e+01 -1.600000e+00 5.483047e-01
    endloop
  endfacet
  facet normal 9.972038e-01 0.000000e+00 7.473009e-02
    outer loop
      vertex   1.098633e+01 -1.600000e+00 5.483047e-01
      vertex   1.094534e+01 -7.600000e+00 1.095246e+00
      vertex   1.098633e+01 -7.600000e+00 5.483047e-01
    endloop
  endfacet
  facet normal 9.996892e-01 0.000000e+00 2.493069e-02
    outer loop
      vertex   1.098633e+01 -1.600000e+00 5.483047e-01
      vertex   1.098633e+01 -7.600000e+00 5.483047e-01
      vertex   1.100000e+01 -1.600000e+00 0.000000e+00
    endloop
  endfacet
  facet normal 9.996892e-01 0.000000e+00 2.493069e-02
    outer loop
      vertex   1.100000e+01 -1.600000e+00 0.000000e+00
      vertex   1.098633e+01 -7.600000e+00 5.483047e-01
      vertex   1.100000e+01 -7.600000e+00 0.000000e+00
    endloop
  endfacet
  facet normal 9.996892e-01 0.000000e+00 -2.493069e-02
    outer loop
      vertex   1.100000e+01 -1.600000e+00 0.000000e+00
      vertex   1.100000e+01 -7.600000e+00 0.000000e+00
      vertex   1.098633e+01 -1.600000e+00 -5.483047e-01
    endloop
  endfacet
  facet normal 9.996892e-01 0.000000e+00 -2.493069e-02
    outer loop
      vertex   1.098633e+01 -1.600000e+00 -5.483047e-01
      vertex   1.100000e+01 -7.600000e+00 0.000000e+00
      vertex   1.098633e+01 -7.600000e+00 -5.483047e-01
    endloop
  endfacet
  facet normal 9.972038e-01 0.000000e+00 -7.473009e-02
    outer loop
      vertex   1.098633e+01 -1.600000e+00 -5.483047e-01
      vertex   1.098633e+01 -7.600000e+00 -5.483047e-01
      vertex   1.094534e+01 -1.600000e+00 -1.095246e+00
    endloop
  endfacet
  facet normal 9.972038e-01 0.000000e+00 -7.473009e-02
    outer loop
      vertex   1.094534e+01 -1.600000e+00 -1.095246e+00
      vertex   1.098633e+01 -7.600000e+00 -5.483047e-01
      vertex   1.094534e+01 -7.600000e+00 -1.095246e+00
    endloop
  endfacet
  facet normal 9.922392e-01 0.000000e+00 -1.243437e-01
    outer loop
      vertex   1.094534e+01 -1.600000e+00 -1.095246e+00
      vertex   1.094534e+01 -7.600000e+00 -1.095246e+00
      vertex   1.087714e+01 -1.600000e+00 -1.639465e+00
    endloop
  endfacet
  facet normal 9.922392e-01 0.000000e+00 -1.243437e-01
    outer loop
      vertex   1.087714e+01 -1.600000e+00 -1.639465e+00
      vertex   1.094534e+01 -7.600000e+00 -1.095246e+00
      vertex   1.087714e+01 -7.600000e+00 -1.639465e+00
    endloop
  endfacet
  facet normal 9.848078e-01 0.000000e+00 -1.736482e-01
    outer loop
      vertex   1.087714e+01 -1.600000e+00 -1.639465e+00
      vertex   1.087714e+01 -7.600000e+00 -1.639465e+00
      vertex   1.078190e+01 -1.600000e+00 -2.179608e+00
    endloop
  endfacet
  facet normal 9.848078e-01 0.000000e+00 -1.736482e-01
    outer loop
      vertex   1.078190e+01 -1.600000e+00 -2.179608e+00
      vertex   1.087714e+01 -7.600000e+00 -1.639465e+00
      vertex   1.078190e+01 -7.600000e+00 -2.179608e+00
    endloop
  endfacet
  facet normal 9.749279e-01 0.000000e+00 -2.225209e-01
    outer loop
      vertex   1.078190e+01 -1.600000e+00 -2.179608e+00
      vertex   1.078190e+01 -7.600000e+00 -2.179608e+00
      vertex   1.065985e+01 -1.600000e+00 -2.714331e+00
    endloop
  endfacet
  facet normal 9.749279e-01 0.000000e+00 -2.225209e-01
    outer loop
      vertex   1.065985e+01 -1.600000e+00 -2.714331e+00
      vertex   1.078190e+01 -7.600000e+00 -2.179608e+00
      vertex   1.065985e+01 -7.600000e+00 -2.714331e+00
    endloop
  endfacet
  facet normal 9.626242e-01 0.000000e+00 -2.708405e-01
    outer loop
      vertex   1.065985e+01 -1.600000e+00 -2.714331e+00
      vertex   1.065985e+01 -7.600000e+00 -2.714331e+00
      vertex   1.051130e+01 -1.600000e+00 -3.242307e+00
    endloop
  endfacet
  facet normal 9.626242e-01 0.000000e+00 -2.708405e-01
    outer loop
      vertex   1.051130e+01 -1.600000e+00 -3.242307e+00
      vertex   1.065985e+01 -7.600000e+00 -2.714331e+00
      vertex   1.051130e+01 -7.600000e+00 -3.242307e+00
    endloop
  endfacet
  facet normal 9.479273e-01 0.000000e+00 -3.184867e-01
    outer loop
      vertex   1.051130e+01 -1.600000e+00 -3.242307e+00
      vertex   1.051130e+01 -7.600000e+00 -3.242307e+00
      vertex   1.033662e+01 -1.600000e+00 -3.762222e+00
    endloop
  endfacet
  facet normal 9.479273e-01 0.000000e+00 -3.184867e-01
    outer loop
      vertex   1.033662e+01 -1.600000e+00 -3.762222e+00
      vertex   1.051130e+01 -7.600000e+00 -3.242307e+00
      vertex   1.033662e+01 -7.600000e+00 -3.762222e+00
    endloop
  endfacet
  facet normal 9.308737e-01 0.000000e+00 -3.653410e-01
    outer loop
      vertex   1.033662e+01 -1.600000e+00 -3.762222e+00
      vertex   1.033662e+01 -7.600000e+00 -3.762222e+00
      vertex   1.013624e+01 -1.600000e+00 -4.272783e+00
    endloop
  endfacet
  facet normal 9.308737e-01 0.000000e+00 -3.653410e-01
    outer loop
      vertex   1.013624e+01 -1.600000e+00 -4.272783e+00
      vertex   1.033662e+01 -7.600000e+00 -3.762222e+00
      vertex   1.013624e+01 -7.600000e+00 -4.272783e+00
    endloop
  endfacet
  facet normal 9.115059e-01 0.000000e+00 -4.112871e-01
    outer loop
      vertex   1.013624e+01 -1.600000e+00 -4.272783e+00
      vertex   1.013624e+01 -7.600000e+00 -4.272783e+00
      vertex   9.910658e+00 -1.600000e+00 -4.772721e+00
    endloop
  endfacet
  facet normal 9.115059e-01 0.000000e+00 -4.112871e-01
    outer loop
      vertex   9.910658e+00 -1.600000e+00 -4.772721e+00
      vertex   1.013624e+01 -7.600000e+00 -4.272783e+00
      vertex   9.910658e+00 -7.600000e+00 -4.772721e+00
    endloop
  endfacet
  facet normal 8.898718e-01 0.000000e+00 -4.562107e-01
    outer loop
      vertex   9.910658e+00 -1.600000e+00 -4.772721e+00
      vertex   9.910658e+00 -7.600000e+00 -4.772721e+00
      vertex   9.660437e+00 -1.600000e+00 -5.260794e+00
    endloop
  endfacet
  facet normal 8.898718e-01 0.000000e+00 -4.562107e-01
    outer loop
      vertex   9.660437e+00 -1.600000e+00 -5.260794e+00
      vertex   9.910658e+00 -7.600000e+00 -4.772721e+00
      vertex   9.660437e+00 -7.600000e+00 -5.260794e+00
    endloop
  endfacet
  facet normal 8.660254e-01 0.000000e+00 -5.000000e-01
    outer loop
      vertex   9.660437e+00 -1.600000e+00 -5.260794e+00
      vertex   9.660437e+00 -7.600000e+00 -5.260794e+00
      vertex   9.386200e+00 -1.600000e+00 -5.735787e+00
    endloop
  endfacet
  facet normal 8.660254e-01 0.000000e+00 -5.000000e-01
    outer loop
      vertex   9.386200e+00 -1.600000e+00 -5.735787e+00
      vertex   9.660437e+00 -7.600000e+00 -5.260794e+00
      vertex   9.386200e+00 -7.600000e+00 -5.735787e+00
    endloop
  endfacet
  facet normal 8.400259e-01 0.000000e+00 -5.425463e-01
    outer loop
      vertex   9.386200e+00 -1.600000e+00 -5.735787e+00
      vertex   9.386200e+00 -7.600000e+00 -5.735787e+00
      vertex   9.088627e+00 -1.600000e+00 -6.196521e+00
    endloop
  endfacet
  facet normal 8.400259e-01 0.000000e+00 -5.425463e-01
    outer loop
      vertex   9.088627e+00 -1.600000e+00 -6.196521e+00
      vertex   9.386200e+00 -7.600000e+00 -5.735787e+00
      vertex   9.088627e+00 -7.600000e+00 -6.196521e+00
    endloop
  endfacet
  facet normal 8.119380e-01 0.000000e+00 -5.837437e-01
    outer loop
      vertex   9.088627e+00 -1.600000e+00 -6.196521e+00
      vertex   9.088627e+00 -7.600000e+00 -6.196521e+00
      vertex   8.768458e+00 -1.600000e+00 -6.641849e+00
    endloop
  endfacet
  facet normal 8.119380e-01 0.000000e+00 -5.837437e-01
    outer loop
      vertex   8.768458e+00 -1.600000e+00 -6.641849e+00
      vertex   9.088627e+00 -7.600000e+00 -6.196521e+00
      vertex   8.768458e+00 -7.600000e+00 -6.641849e+00
    endloop
  endfacet
  facet normal 7.818315e-01 0.000000e+00 -6.234898e-01
    outer loop
      vertex   8.768458e+00 -1.600000e+00 -6.641849e+00
      vertex   8.768458e+00 -7.600000e+00 -6.641849e+00
      vertex   8.426489e+00 -1.600000e+00 -7.070664e+00
    endloop
  endfacet
  facet normal 7.818315e-01 0.000000e+00 -6.234898e-01
    outer loop
      vertex   8.426489e+00 -1.600000e+00 -7.070664e+00
      vertex   8.768458e+00 -7.600000e+00 -6.641849e+00
      vertex   8.426489e+00 -7.600000e+00 -7.070664e+00
    endloop
  endfacet
  facet normal 7.497812e-01 0.000000e+00 -6.616858e-01
    outer loop
      vertex   8.426489e+00 -1.600000e+00 -7.070664e+00
      vertex   8.426489e+00 -7.600000e+00 -7.070664e+00
      vertex   8.063571e+00 -1.600000e+00 -7.481900e+00
    endloop
  endfacet
  facet normal 7.497812e-01 0.000000e+00 -6.616858e-01
    outer loop
      vertex   8.063571e+00 -1.600000e+00 -7.481900e+00
      vertex   8.426489e+00 -7.600000e+00 -7.070664e+00
      vertex   8.063571e+00 -7.600000e+00 -7.481900e+00
    endloop
  endfacet
  facet normal 7.158668e-01 0.000000e+00 -6.982368e-01
    outer loop
      vertex   8.063571e+00 -1.600000e+00 -7.481900e+00
      vertex   8.063571e+00 -7.600000e+00 -7.481900e+00
      vertex   7.680605e+00 -1.600000e+00 -7.874535e+00
    endloop
  endfacet
  facet normal 7.158668e-01 0.000000e+00 -6.982368e-01
    outer loop
      vertex   7.680605e+00 -1.600000e+00 -7.874535e+00
      vertex   8.063571e+00 -7.600000e+00 -7.481900e+00
      vertex   7.680605e+00 -7.600000e+00 -7.874535e+00
    endloop
  endfacet
  facet normal 6.801727e-01 0.000000e+00 -7.330519e-01
    outer loop
      vertex   7.680605e+00 -1.600000e+00 -7.874535e+00
      vertex   7.680605e+00 -7.600000e+00 -7.874535e+00
      vertex   7.278544e+00 -1.600000e+00 -8.247593e+00
    endloop
  endfacet
  facet normal 6.801727e-01 0.000000e+00 -7.330519e-01
    outer loop
      vertex   7.278544e+00 -1.600000e+00 -8.247593e+00
      vertex   7.680605e+00 -7.600000e+00 -7.874535e+00
      vertex   7.278544e+00 -7.600000e+00 -8.247593e+00
    endloop
  endfacet
  facet normal 6.427876e-01 0.000000e+00 -7.660444e-01
    outer loop
      vertex   7.278544e+00 -1.600000e+00 -8.247593e+00
      vertex   7.278544e+00 -7.600000e+00 -8.247593e+00
      vertex   6.858388e+00 -1.600000e+00 -8.600146e+00
    endloop
  endfacet
  facet normal 6.427876e-01 0.000000e+00 -7.660444e-01
    outer loop
      vertex   6.858388e+00 -1.600000e+00 -8.600146e+00
      vertex   7.278544e+00 -7.600000e+00 -8.247593e+00
      vertex   6.858388e+00 -7.600000e+00 -8.600146e+00
    endloop
  endfacet
  facet normal 6.038044e-01 0.000000e+00 -7.971325e-01
    outer loop
      vertex   6.858388e+00 -1.600000e+00 -8.600146e+00
      vertex   6.858388e+00 -7.600000e+00 -8.600146e+00
      vertex   6.421180e+00 -1.600000e+00 -8.931318e+00
    endloop
  endfacet
  facet normal 6.038044e-01 0.000000e+00 -7.971325e-01
    outer loop
      vertex   6.421180e+00 -1.600000e+00 -8.931318e+00
      vertex   6.858388e+00 -7.600000e+00 -8.600146e+00
      vertex   6.421180e+00 -7.600000e+00 -8.931318e+00
    endloop
  endfacet
  facet normal 5.633201e-01 0.000000e+00 -8.262388e-01
    outer loop
      vertex   6.421180e+00 -1.600000e+00 -8.931318e+00
      vertex   6.421180e+00 -7.600000e+00 -8.931318e+00
      vertex   5.968009e+00 -1.600000e+00 -9.240285e+00
    endloop
  endfacet
  facet normal 5.633201e-01 0.000000e+00 -8.262388e-01
    outer loop
      vertex   5.968009e+00 -1.600000e+00 -9.240285e+00
      vertex   6.421180e+00 -7.600000e+00 -8.931318e+00
      vertex   5.968009e+00 -7.600000e+00 -9.240285e+00
    endloop
  endfacet
  facet normal 5.214352e-01 0.000000e+00 -8.532909e-01
    outer loop
      vertex   5.968009e+00 -1.600000e+00 -9.240285e+00
      vertex   5.968009e+00 -7.600000e+00 -9.240285e+00
      vertex   5.500000e+00 -1.600000e+00 -9.526279e+00
    endloop
  endfacet
  facet normal 5.214352e-01 0.000000e+00 -8.532909e-01
    outer loop
      vertex   5.500000e+00 -1.600000e+00 -9.526279e+00
      vertex   5.968009e+00 -7.600000e+00 -9.240285e+00
      vertex   5.500000e+00 -7.600000e+00 -9.526279e+00
    endloop
  endfacet
  facet normal 4.782540e-01 0.000000e+00 -8.782216e-01
    outer loop
      vertex   5.500000e+00 -1.600000e+00 -9.526279e+00
      vertex   5.500000e+00 -7.600000e+00 -9.526279e+00
      vertex   5.018317e+00 -1.600000e+00 -9.788590e+00
    endloop
  endfacet
  facet normal 4.782540e-01 0.000000e+00 -8.782216e-01
    outer loop
      vertex   5.018317e+00 -1.600000e+00 -9.788590e+00
      vertex   5.500000e+00 -7.600000e+00 -9.526279e+00
      vertex   5.018317e+00 -7.600000e+00 -9.788590e+00
    endloop
  endfacet
  facet normal 4.338837e-01 0.000000e+00 -9.009689e-01
    outer loop
      vertex   5.018317e+00 -1.600000e+00 -9.788590e+00
      vertex   5.018317e+00 -7.600000e+00 -9.788590e+00
      vertex   4.524158e+00 -1.600000e+00 -1.002656e+01
    endloop
  endfacet
  facet normal 4.338837e-01 0.000000e+00 -9.009689e-01
    outer loop
      vertex   4.524158e+00 -1.600000e+00 -1.002656e+01
      vertex   5.018317e+00 -7.600000e+00 -9.788590e+00
      vertex   4.524158e+00 -7.600000e+00 -1.002656e+01
    endloop
  endfacet
  facet normal 3.884348e-01 0.000000e+00 -9.214762e-01
    outer loop
      vertex   4.524158e+00 -1.600000e+00 -1.002656e+01
      vertex   4.524158e+00 -7.600000e+00 -1.002656e+01
      vertex   4.018751e+00 -1.600000e+00 -1.023961e+01
    endloop
  endfacet
  facet normal 3.884348e-01 0.000000e+00 -9.214762e-01
    outer loop
      vertex   4.018751e+00 -1.600000e+00 -1.023961e+01
      vertex   4.524158e+00 -7.600000e+00 -1.002656e+01
      vertex   4.018751e+00 -7.600000e+00 -1.023961e+01
    endloop
  endfacet
  facet normal 3.420201e-01 0.000000e+00 -9.396926e-01
    outer loop
      vertex   4.018751e+00 -1.600000e+00 -1.023961e+01
      vertex   4.018751e+00 -7.600000e+00 -1.023961e+01
      vertex   3.503353e+00 -1.600000e+00 -1.042720e+01
    endloop
  endfacet
  facet normal 3.420201e-01 0.000000e+00 -9.396926e-01
    outer loop
      vertex   3.503353e+00 -1.600000e+00 -1.042720e+01
      vertex   4.018751e+00 -7.600000e+00 -1.023961e+01
      vertex   3.503353e+00 -7.600000e+00 -1.042720e+01
    endloop
  endfacet
  facet normal 2.947552e-01 0.000000e+00 -9.555728e-01
    outer loop
      vertex   3.503353e+00 -1.600000e+00 -1.042720e+01
      vertex   3.503353e+00 -7.600000e+00 -1.042720e+01
      vertex   2.979245e+00 -1.600000e+00 -1.058887e+01
    endloop
  endfacet
  facet normal 2.947552e-01 0.000000e+00 -9.555728e-01
    outer loop
      vertex   2.979245e+00 -1.600000e+00 -1.058887e+01
      vertex   3.503353e+00 -7.600000e+00 -1.042720e+01
      vertex   2.979245e+00 -7.600000e+00 -1.058887e+01
    endloop
  endfacet
  facet normal 2.467574e-01 0.000000e+00 -9.690773e-01
    outer loop
      vertex   2.979245e+00 -1.600000e+00 -1.058887e+01
      vertex   2.979245e+00 -7.600000e+00 -1.058887e+01
      vertex   2.447730e+00 -1.600000e+00 -1.072421e+01
    endloop
  endfacet
  facet normal 2.467574e-01 0.000000e+00 -9.690773e-01
    outer loop
      vertex   2.447730e+00 -1.600000e+00 -1.072421e+01
      vertex   2.979245e+00 -7.600000e+00 -1.058887e+01
      vertex   2.447730e+00 -7.600000e+00 -1.072421e+01
    endloop
  endfacet
  facet normal 1.981461e-01 0.000000e+00 -9.801725e-01
    outer loop
      vertex   2.447730e+00 -1.600000e+00 -1.072421e+01
      vertex   2.447730e+00 -7.600000e+00 -1.072421e+01
      vertex   1.910130e+00 -1.600000e+00 -1.083289e+01
    endloop
  endfacet
  facet normal 1.981461e-01 0.000000e+00 -9.801725e-01
    outer loop
      vertex   1.910130e+00 -1.600000e+00 -1.083289e+01
      vertex   2.447730e+00 -7.600000e+00 -1.072421e+01
      vertex   1.910130e+00 -7.600000e+00 -1.083289e+01
    endloop
  endfacet
  facet normal 1.490423e-01 0.000000e+00 -9.888308e-01
    outer loop
      vertex   1.910130e+00 -1.600000e+00 -1.083289e+01
      vertex   1.910130e+00 -7.600000e+00 -1.083289e+01
      vertex   1.367781e+00 -1.600000e+00 -1.091463e+01
    endloop
  endfacet
  facet normal 1.490423e-01 0.000000e+00 -9.888308e-01
    outer loop
      vertex   1.367781e+00 -1.600000e+00 -1.091463e+01
      vertex   1.910130e+00 -7.600000e+00 -1.083289e+01
      vertex   1.367781e+00 -7.600000e+00 -1.091463e+01
    endloop
  endfacet
  facet normal 9.956785e-02 0.000000e+00 -9.950308e-01
    outer loop
      vertex   1.367781e+00 -1.600000e+00 -1.091463e+01
      vertex   1.367781e+00 -7.600000e+00 -1.091463e+01
      vertex   8.220310e-01 -1.600000e+00 -1.096924e+01
    endloop
  endfacet
  facet normal 9.956785e-02 0.000000e+00 -9.950308e-01
    outer loop
      vertex   8.220310e-01 -1.600000e+00 -1.096924e+01
      vertex   1.367781e+00 -7.600000e+00 -1.091463e+01
      vertex   8.220310e-01 -7.600000e+00 -1.096924e+01
    endloop
  endfacet
  facet normal 4.984589e-02 0.000000e+00 -9.987569e-01
    outer loop
      vertex   8.220310e-01 -1.600000e+00 -1.096924e+01
      vertex   8.220310e-01 -7.600000e+00 -1.096924e+01
      vertex   2.742376e-01 -1.600000e+00 -1.099658e+01
    endloop
  endfacet
  facet normal 4.984589e-02 0.000000e+00 -9.987569e-01
    outer loop
      vertex   2.742376e-01 -1.600000e+00 -1.099658e+01
      vertex   8.220310e-01 -7.600000e+00 -1.096924e+01
      vertex   2.742376e-01 -7.600000e+00 -1.099658e+01
    endloop
  endfacet
  facet normal -0.000000e+00 -0.000000e+00 -1.000000e+00
    outer loop
      vertex   2.742376e-01 -1.600000e+00 -1.099658e+01
      vertex   2.742376e-01 -7.600000e+00 -1.099658e+01
      vertex   -2.742376e-01 -1.600000e+00 -1.099658e+01
    endloop
  endfacet
  facet normal 0.000000e+00 0.000000e+00 -1.000000e+00
    outer loop
      vertex   -2.742376e-01 -1.600000e+00 -1.099658e+01
      vertex   2.742376e-01 -7.600000e+00 -1.099658e+01
      vertex   -2.742376e-01 -7.600000e+00 -1.099658e+01
    endloop
  endfacet
  facet normal -4.984589e-02 -0.000000e+00 -9.987569e-01
    outer loop
      vertex   -2.742376e-01 -1.600000e+00 -1.099658e+01
      vertex   -2.742376e-01 -7.600000e+00 -1.099658e+01
      vertex   -8.220310e-01 -1.600000e+00 -1.096924e+01
    endloop
  endfacet
  facet normal -4.984589e-02 -0.000000e+00 -9.987569e-01
    outer loop
      vertex   -8.220310e-01 -1.600000e+00 -1.096924e+01
      vertex   -2.742376e-01 -7.600000e+00 -1.099658e+01
      vertex   -8.220310e-01 -7.600000e+00 -1.096924e+01
    endloop
  endfacet
  facet normal -9.956785e-02 -0.000000e+00 -9.950308e-01
    outer loop
      vertex   -8.220310e-01 -1.600000e+00 -1.096924e+01
      vertex   -8.220310e-01 -7.600000e+00 -1.096924e+01
      vertex   -1.367781e+00 -1.600000e+00 -1.091463e+01
    endloop
  endfacet
  facet normal -9.956785e-02 -0.000000e+00 -9.950308e-01
    outer loop
      vertex   -1.367781e+00 -1.600000e+00 -1.091463e+01
      vertex   -8.220310e-01 -7.600000e+00 -1.096924e+01
      vertex   -1.367781e+00 -7.600000e+00 -1.091463e+01
    endloop
  endfacet
  facet normal -1.490423e-01 -0.000000e+00 -9.888308e-01
    outer loop
      vertex   -1.367781e+00 -1.600000e+00 -1.091463e+01
      vertex   -1.367781e+00 -7.600000e+00 -1.091463e+01
      vertex   -1.910130e+00 -1.600000e+00 -1.083289e+01
    endloop
  endfacet
  facet normal -1.490423e-01 -0.000000e+00 -9.888308e-01
    outer loop
      vertex   -1.910130e+00 -1.600000e+00 -1.083289e+01
      vertex   -1.367781e+00 -7.600000e+00 -1.091463e+01
      vertex   -1.910130e+00 -7.600000e+00 -1.083289e+01
    endloop
  endfacet
  facet normal -1.981461e-01 -0.000000e+00 -9.801725e-01
    outer loop
      vertex   -1.910130e+00 -1.600000e+00 -1.083289e+01
      vertex   -1.910130e+00 -7.600000e+00 -1.083289e+01
      vertex   -2.447730e+00 -1.600000e+00 -1.072421e+01
    endloop
  endfacet
  facet normal -1.981461e-01 -0.000000e+00 -9.801725e-01
    outer loop
      vertex   -2.447730e+00 -1.600000e+00 -1.072421e+01
      vertex   -1.910130e+00 -7.600000e+00 -1.083289e+01
      vertex   -2.447730e+00 -7.600000e+00 -1.072421e+01
    endloop
  endfacet
  facet normal -2.467574e-01 -0.000000e+00 -9.690773e-01
    outer loop
      vertex   -2.447730e+00 -1.600000e+00 -1.072421e+01
      vertex   -2.447730e+00 -7.600000e+00 -1.072421e+01
      vertex   -2.979245e+00 -1.600000e+00 -1.058887e+01
    endloop
  endfacet
  facet normal -2.467574e-01 -0.000000e+00 -9.690773e-01
    outer loop
      vertex   -2.979245e+00 -1.600000e+00 -1.058887e+01
      vertex   -2.447730e+00 -7.600000e+00 -1.072421e+01
      vertex   -2.979245e+00 -7.600000e+00 -1.058887e+01
    endloop
  endfacet
  facet normal -2.947552e-01 -0.000000e+00 -9.555728e-01
    outer loop
      vertex   -2.979245e+00 -1.600000e+00 -1.058887e+01
      vertex   -2.979245e+00 -7.600000e+00 -1.058887e+01
      vertex   -3.503353e+00 -1.600000e+00 -1.042720e+01
    endloop
  endfacet
  facet normal -2.947552e-01 -0.000000e+00 -9.555728e-01
    outer loop
      vertex   -3.503353e+00 -1.600000e+00 -1.042720e+01
      vertex   -2.979245e+00 -7.600000e+00 -1.058887e+01
      vertex   -3.503353e+00 -7.600000e+00 -1.042720e+01
    endloop
  endfacet
  facet normal -3.420201e-01 -0.000000e+00 -9.396926e-01
    outer loop
      vertex   -3.503353e+00 -1.600000e+00 -1.042720e+01
      vertex   -3.503353e+00 -7.600000e+00 -1.042720e+01
      vertex   -4.018751e+00 -1.600000e+00 -1.023961e+01
    endloop
  endfacet
  facet normal -3.420201e-01 -0.000000e+00 -9.396926e-01
    outer loop
      vertex   -4.018751e+00 -1.600000e+00 -1.023961e+01
      vertex   -3.503353e+00 -7.600000e+00 -1.042720e+01
      vertex   -4.018751e+00 -7.600000e+00 -1.023961e+01
    endloop
  endfacet
  facet normal -3.884348e-01 -0.000000e+00 -9.214762e-01
    outer loop
      vertex   -4.018751e+00 -1.600000e+00 -1.023961e+01
      vertex   -4.018751e+00 -7.600000e+00 -1.023961e+01
      vertex   -4.524158e+00 -1.600000e+00 -1.002656e+01
    endloop
  endfacet
  facet normal -3.884348e-01 -0.000000e+00 -9.214762e-01
    outer loop
      vertex   -4.524158e+00 -1.600000e+00 -1.002656e+01
      vertex   -4.018751e+00 -7.600000e+00 -1.023961e+01
      vertex   -4.524158e+00 -7.600000e+00 -1.002656e+01
    endloop
  endfacet
  facet normal -4.338837e-01 -0.000000e+00 -9.009689e-01
    outer loop
      vertex   -4.524158e+00 -1.600000e+00 -1.002656e+01
      vertex   -4.524158e+00 -7.600000e+00 -1.002656e+01
      vertex   -5.018317e+00 -1.600000e+00 -9.788590e+00
    endloop
  endfacet
  facet normal -4.338837e-01 -0.000000e+00 -9.009689e-01
    outer loop
      vertex   -5.018317e+00 -1.600000e+00 -9.788590e+00
      vertex   -4.524158e+00 -7.600000e+00 -1.002656e+01
      vertex   -5.018317e+00 -7.600000e+00 -9.788590e+00
    endloop
  endfacet
  facet normal -4.782540e-01 -0.000000e+00 -8.782216e-01
    outer loop
      vertex   -5.018317e+00 -1.600000e+00 -9.788590e+00
      vertex   -5.018317e+00 -7.600000e+00 -9.788590e+00
      vertex   -5.500000e+00 -1.600000e+00 -9.526279e+00
    endloop
  endfacet
  facet normal -4.782540e-01 -0.000000e+00 -8.782216e-01
    outer loop
      vertex   -5.500000e+00 -1.600000e+00 -9.526279e+00
      vertex   -5.018317e+00 -7.600000e+00 -9.788590e+00
      vertex   -5.500000e+00 -7.600000e+00 -9.526279e+00
    endloop
  endfacet
  facet normal -5.214352e-01 -0.000000e+00 -8.532909e-01
    outer loop
      vertex   -5.500000e+00 -1.600000e+00 -9.526279e+00
      vertex   -5.500000e+00 -7.600000e+00 -9.526279e+00
      vertex   -5.968009e+00 -1.600000e+00 -9.240285e+00
    endloop
  endfacet
  facet normal -5.214352e-01 -0.000000e+00 -8.532909e-01
    outer loop
      vertex   -5.968009e+00 -1.600000e+00 -9.240285e+00
      vertex   -5.500000e+00 -7.600000e+00 -9.526279e+00
      vertex   -5.968009e+00 -7.600000e+00 -9.240285e+00
    endloop
  endfacet
  facet normal -5.633201e-01 -0.000000e+00 -8.262388e-01
    outer loop
      vertex   -5.968009e+00 -1.600000e+00 -9.240285e+00
      vertex   -5.968009e+00 -7.600000e+00 -9.240285e+00
      vertex   -6.421180e+00 -1.600000e+00 -8.931318e+00
    endloop
  endfacet
  facet normal -5.633201e-01 -0.000000e+00 -8.262388e-01
    outer loop
      vertex   -6.421180e+00 -1.600000e+00 -8.931318e+00
      vertex   -5.968009e+00 -7.600000e+00 -9.240285e+00
      vertex   -6.421180e+00 -7.600000e+00 -8.931318e+00
    endloop
  endfacet
  facet normal -6.038044e-01 -0.000000e+00 -7.971325e-01
    outer loop
      vertex   -6.421180e+00 -1.600000e+00 -8.931318e+00
      vertex   -6.421180e+00 -7.600000e+00 -8.931318e+00
      vertex   -6.858388e+00 -1.600000e+00 -8.600146e+00
    endloop
  endfacet
  facet normal -6.038044e-01 -0.000000e+00 -7.971325e-01
    outer loop
      vertex   -6.858388e+00 -1.600000e+00 -8.600146e+00
      vertex   -6.421180e+00 -7.600000e+00 -8.931318e+00
      vertex   -6.858388e+00 -7.600000e+00 -8.600146e+00
    endloop
  endfacet
  facet normal -6.427876e-01 -0.000000e+00 -7.660444e-01
    outer loop
      vertex   -6.858388e+00 -1.600000e+00 -8.600146e+00
      vertex   -6.858388e+00 -7.600000e+00 -8.600146e+00
      vertex   -7.278544e+00 -1.600000e+00 -8.247593e+00
    endloop
  endfacet
  facet normal -6.427876e-01 -0.000000e+00 -7.660444e-01
    outer loop
      vertex   -7.278544e+00 -1.600000e+00 -8.247593e+00
      vertex   -6.858388e+00 -7.600000e+00 -8.600146e+00
      vertex   -7.278544e+00 -7.600000e+00 -8.247593e+00
    endloop
  endfacet
  facet normal -6.801727e-01 -0.000000e+00 -7.330519e-01
    outer loop
      vertex   -7.278544e+00 -1.600000e+00 -8.247593e+00
      vertex   -7.278544e+00 -7.600000e+00 -8.247593e+00
      vertex   -7.680605e+00 -1.600000e+00 -7.874535e+00
    endloop
  endfacet
  facet normal -6.801727e-01 -0.000000e+00 -7.330519e-01
    outer loop
      vertex   -7.680605e+00 -1.600000e+00 -7.874535e+00
      vertex   -7.278544e+00 -7.600000e+00 -8.247593e+00
      vertex   -7.680605e+00 -7.600000e+00 -7.874535e+00
    endloop
  endfacet
  facet normal -7.158668e-01 -0.000000e+00 -6.982368e-01
    outer loop
      vertex   -7.680605e+00 -1.600000e+00 -7.874535e+00
      vertex   -7.680605e+00 -7.600000e+00 -7.874535e+00
      vertex   -8.063571e+00 -1.600000e+00 -7.481900e+00
    endloop
  endfacet
  facet normal -7.158668e-01 -0.000000e+00 -6.982368e-01
    outer loop
      vertex   -8.063571e+00 -1.600000e+00 -7.481900e+00
      vertex   -7.680605e+00 -7.600000e+00 -7.874535e+00
      vertex   -8.063571e+00 -7.600000e+00 -7.481900e+00
    endloop
  endfacet
  facet normal -7.497812e-01 -0.000000e+00 -6.616858e-01
    outer loop
      vertex   -8.063571e+00 -1.600000e+00 -7.481900e+00
      vertex   -8.063571e+00 -7.600000e+00 -7.481900e+00
      vertex   -8.426489e+00 -1.600000e+00 -7.070664e+00
    endloop
  endfacet
  facet normal -7.497812e-01 -0.000000e+00 -6.616858e-01
    outer loop
      vertex   -8.426489e+00 -1.600000e+00 -7.070664e+00
      vertex   -8.063571e+00 -7.600000e+00 -7.481900e+00
      vertex   -8.426489e+00 -7.600000e+00 -7.070664e+00
    endloop
  endfacet
  facet normal -7.818315e-01 -0.000000e+00 -6.234898e-01
    outer loop
      vertex   -8.426489e+00 -1.600000e+00 -7.070664e+00
      vertex   -8.426489e+00 -7.600000e+00 -7.070664e+00
      vertex   -8.768458e+00 -1.600000e+00 -6.641849e+00
    endloop
  endfacet
  facet normal -7.818315e-01 -0.000000e+00 -6.234898e-01
    outer loop
      vertex   -8.768458e+00 -1.600000e+00 -6.641849e+00
      vertex   -8.426489e+00 -7.600000e+00 -7.070664e+00
      vertex   -8.768458e+00 -7.600000e+00 -6.641849e+00
    endloop
  endfacet
  facet normal -8.119380e-01 -0.000000e+00 -5.837437e-01
    outer loop
      vertex   -8.768458e+00 -1.600000e+00 -6.641849e+00
      vertex   -8.768458e+00 -7.600000e+00 -6.641849e+00
      vertex   -9.088627e+00 -1.600000e+00 -6.196521e+00
    endloop
  endfacet
  facet normal -8.119380e-01 -0.000000e+00 -5.837437e-01
    outer loop
      vertex   -9.088627e+00 -1.600000e+00 -6.196521e+00
      vertex   -8.768458e+00 -7.600000e+00 -6.641849e+00
      vertex   -9.088627e+00 -7.600000e+00 -6.196521e+00
    endloop
  endfacet
  facet normal -8.400259e-01 -0.000000e+00 -5.425463e-01
    outer loop
      vertex   -9.088627e+00 -1.600000e+00 -6.196521e+00
      vertex   -9.088627e+00 -7.600000e+00 -6.196521e+00
      vertex   -9.386200e+00 -1.600000e+00 -5.735787e+00
    endloop
  endfacet
  facet normal -8.400259e-01 -0.000000e+00 -5.425463e-01
    outer loop
      vertex   -9.386200e+00 -1.600000e+00 -5.735787e+00
      vertex   -9.088627e+00 -7.600000e+00 -6.196521e+00
      vertex   -9.386200e+00 -7.600000e+00 -5.735787e+00
    endloop
  endfacet
  facet normal -8.660254e-01 -0.000000e+00 -5.000000e-01
    outer loop
      vertex   -9.386200e+00 -1.600000e+00 -5.735787e+00
      vertex   -9.386200e+00 -7.600000e+00 -5.735787e+00
      vertex   -9.660437e+00 -1.600000e+00 -5.260794e+00
    endloop
  endfacet
  facet normal -8.660254e-01 -0.000000e+00 -5.000000e-01
    outer loop
      vertex   -9.660437e+00 -1.600000e+00 -5.260794e+00
      vertex   -9.386200e+00 -7.600000e+00 -5.735787e+00
      vertex   -9.660437e+00 -7.600000e+00 -5.260794e+00
    endloop
  endfacet
  facet normal -8.898718e-01 -0.000000e+00 -4.562107e-01
    outer loop
      vertex   -9.660437e+00 -1.600000e+00 -5.260794e+00
      vertex   -9.660437e+00 -7.600000e+00 -5.260794e+00
      vertex   -9.910658e+00 -1.600000e+00 -4.772721e+00
    endloop
  endfacet
  facet normal -8.898718e-01 -0.000000e+00 -4.562107e-01
    outer loop
      vertex   -9.910658e+00 -1.600000e+00 -4.772721e+00
      vertex   -9.660437e+00 -7.600000e+00 -5.260794e+00
      vertex   -9.910658e+00 -7.600000e+00 -4.772721e+00
    endloop
  endfacet
  facet normal -9.115059e-01 -0.000000e+00 -4.112871e-01
    outer loop
      vertex   -9.910658e+00 -1.600000e+00 -4.772721e+00
      vertex   -9.910658e+00 -7.600000e+00 -4.772721e+00
      vertex   -1.013624e+01 -1.600000e+00 -4.272783e+00
    endloop
  endfacet
  facet normal -9.115059e-01 -0.000000e+00 -4.112871e-01
    outer loop
      vertex   -1.013624e+01 -1.600000e+00 -4.272783e+00
      vertex   -9.910658e+00 -7.600000e+00 -4.772721e+00
      vertex   -1.013624e+01 -7.600000e+00 -4.272783e+00
    endloop
  endfacet
  facet normal -9.308737e-01 -0.000000e+00 -3.653410e-01
    outer loop
      vertex   -1.013624e+01 -1.600000e+00 -4.272783e+00
      vertex   -1.013624e+01 -7.600000e+00 -4.272783e+00
      vertex   -1.033662e+01 -1.600000e+00 -3.762222e+00
    endloop
  endfacet
  facet normal -9.308737e-01 -0.000000e+00 -3.653410e-01
    outer loop
      vertex   -1.033662e+01 -1.600000e+00 -3.762222e+00
      vertex   -1.013624e+01 -7.600000e+00 -4.272783e+00
      vertex   -1.033662e+01 -7.600000e+00 -3.762222e+00
    endloop
  endfacet
  facet normal -9.479273e-01 -0.000000e+00 -3.184867e-01
    outer loop
      vertex   -1.033662e+01 -1.600000e+00 -3.762222e+00
      vertex   -1.033662e+01 -7.600000e+00 -3.762222e+00
      vertex   -1.051130e+01 -1.600000e+00 -3.242307e+00
    endloop
  endfacet
  facet normal -9.479273e-01 -0.000000e+00 -3.184867e-01
    outer loop
      vertex   -1.051130e+01 -1.600000e+00 -3.242307e+00
      vertex   -1.033662e+01 -7.600000e+00 -3.762222e+00
      vertex   -1.051130e+01 -7.600000e+00 -3.242307e+00
    endloop
  endfacet
  facet normal -9.626242e-01 -0.000000e+00 -2.708405e-01
    outer loop
      vertex   -1.051130e+01 -1.600000e+00 -3.242307e+00
      vertex   -1.051130e+01 -7.600000e+00 -3.242307e+00
      vertex   -1.065985e+01 -1.600000e+00 -2.714331e+00
    endloop
  endfacet
  facet normal -9.626242e-01 -0.000000e+00 -2.708405e-01
    outer loop
      vertex   -1.065985e+01 -1.600000e+00 -2.714331e+00
      vertex   -1.051130e+01 -7.600000e+00 -3.242307e+00
      vertex   -1.065985e+01 -7.600000e+00 -2.714331e+00
    endloop
  endfacet
  facet normal -9.749279e-01 -0.000000e+00 -2.225209e-01
    outer loop
      vertex   -1.065985e+01 -1.600000e+00 -2.714331e+00
      vertex   -1.065985e+01 -7.600000e+00 -2.714331e+00
      vertex   -1.078190e+01 -1.600000e+00 -2.179608e+00
    endloop
  endfacet
  facet normal -9.749279e-01 -0.000000e+00 -2.225209e-01
    outer loop
      vertex   -1.078190e+01 -1.600000e+00 -2.179608e+00
      vertex   -1.065985e+01 -7.600000e+00 -2.714331e+00
      vertex   -1.078190e+01 -7.600000e+00 -2.179608e+00
    endloop
  endfacet
  facet normal -9.848078e-01 -0.000000e+00 -1.736482e-01
    outer loop
      vertex   -1.078190e+01 -1.600000e+00 -2.179608e+00
      vertex   -1.078190e+01 -7.600000e+00 -2.179608e+00
      vertex   -1.087714e+01 -1.600000e+00 -1.639465e+00
    endloop
  endfacet
  facet normal -9.848078e-01 -0.000000e+00 -1.736482e-01
    outer loop
      vertex   -1.087714e+01 -1.600000e+00 -1.639465e+00
      vertex   -1.078190e+01 -7.600000e+00 -2.179608e+00
      vertex   -1.087714e+01 -7.600000e+00 -1.639465e+00
    endloop
  endfacet
  facet normal -9.922392e-01 -0.000000e+00 -1.243437e-01
    outer loop
      vertex   -1.087714e+01 -1.600000e+00 -1.639465e+00
      vertex   -1.087714e+01 -7.600000e+00 -1.639465e+00
      vertex   -1.094534e+01 -1.600000e+00 -1.095246e+00
    endloop
  endfacet
  facet normal -9.922392e-01 -0.000000e+00 -1.243437e-01
    outer loop
      vertex   -1.094534e+01 -1.600000e+00 -1.095246e+00
      vertex   -1.087714e+01 -7.600000e+00 -1.639465e+00
      vertex   -1.094534e+01 -7.600000e+00 -1.095246e+00
    endloop
  endfacet
  facet normal -9.972038e-01 -0.000000e+00 -7.473009e-02
    outer loop
      vertex   -1.094534e+01 -1.600000e+00 -1.095246e+00
      vertex   -1.094534e+01 -7.600000e+00 -1.095246e+00
      vertex   -1.098633e+01 -1.600000e+00 -5.483047e-01
    endloop
  endfacet
  facet normal -9.972038e-01 -0.000000e+00 -7.473009e-02
    outer loop
      vertex   -1.098633e+01 -1.600000e+00 -5.483047e-01
      vertex   -1.094534e+01 -7.600000e+00 -1.095246e+00
      vertex   -1.098633e+01 -7.600000e+00 -5.483047e-01
    endloop
  endfacet
  facet normal 0.000000e+00 1.000000e+00 0.000000e+00
    outer loop
      vertex   -9.986521e+00 -1.600000e+00 -5.190382e-01
      vertex   -1.098633e+01 -1.600000e+00 -5.483047e-01
      vertex   -1.000000e+01 -1.600000e+00 1.224647e-15
    endloop
  endfacet
  facet normal 0.000000e+00 1.000000e+00 0.000000e+00
    outer loop
      vertex   -1.000000e+01 -1.600000e+00 1.224647e-15
      vertex   -1.098633e+01 -1.600000e+00 -5.483047e-01
      vertex   -1.100000e+01 -1.600000e+00 1.347111e-15
    endloop
  endfacet
  facet normal 0.000000e+00 1.000000e+00 0.000000e+00
    outer loop
      vertex   -1.000000e+01 -1.600000e+00 1.224647e-15
      vertex   -1.100000e+01 -1.600000e+00 1.347111e-15
      vertex   -1.098633e+01 -1.600000e+00 5.483047e-01
    endloop
  endfacet
  facet normal -0.000000e+00 1.000000e+00 0.000000e+00
    outer loop
      vertex   -1.098633e+01 -1.600000e+00 -5.483047e-01
      vertex   -9.986521e+00 -1.600000e+00 -5.190382e-01
      vertex   -1.094534e+01 -1.600000e+00 -1.095246e+00
    endloop
  endfacet
  facet normal 0.000000e+00 1.000000e+00 0.000000e+00
    outer loop
      vertex   -1.094534e+01 -1.600000e+00 -1.095246e+00
      vertex   -9.986521e+00 -1.600000e+00 -5.190382e-01
      vertex   -9.946120e+00 -1.600000e+00 -1.036677e+00
    endloop
  endfacet
  facet normal -0.000000e+00 1.000000e+00 0.000000e+00
    outer loop
      vertex   -1.094534e+01 -1.600000e+00 -1.095246e+00
      vertex   -9.946120e+00 -1.600000e+00 -1.036677e+00
      vertex   -1.087714e+01 -1.600000e+00 -1.639465e+00
    endloop
  endfacet
  facet normal 0.000000e+00 1.000000e+00 0.000000e+00
    outer loop
      vertex   -1.087714e+01 -1.600000e+00 -1.639465e+00
      vertex   -9.946120e+00 -1.600000e+00 -1.036677e+00
      vertex   -9.878906e+00 -1.600000e+00 -1.551521e+00
    endloop
  endfacet
  facet normal -0.000000e+00 1.000000e+00 0.000000e+00
    outer loop
      vertex   -1.087714e+01 -1.600000e+00 -1.639465e+00
      vertex   -9.878906e+00 -1.600000e+00 -1.551521e+00
      vertex   -1.078190e+01 -1.600000e+00 -2.179608e+00
    endloop
  endfacet
  facet normal 0.000000e+00 1.000000e+00 0.000000e+00
    outer loop
      vertex   -1.078190e+01 -1.600000e+00 -2.179608e+00
      vertex   -9.878906e+00 -1.600000e+00 -1.551521e+00
      vertex   -9.785060e+00 -1.600000e+00 -2.062183e+00
    endloop
  endfacet
  facet normal -0.000000e+00 1.000000e+00 0.000000e+00
    outer loop
      vertex   -1.078190e+01 -1.600000e+00 -2.179608e+00
      vertex   -9.785060e+00 -1.600000e+00 -2.062183e+00
      vertex   -1.065985e+01 -1.600000e+00 -2.714331e+00
    endloop
  endfacet
  facet normal 0.000000e+00 1.000000e+00 0.000000e+00
    outer loop
      vertex   -1.065985e+01 -1.600000e+00 -2.714331e+00
      vertex   -9.785060e+00 -1.600000e+00 -2.062183e+00
      vertex   -9.664836e+00 -1.600000e+00 -2.567285e+00
    endloop
  endfacet
  facet normal -0.000000e+00 1.000000e+00 0.000000e+00
    outer loop
      vertex   -1.065985e+01 -1.600000e+00 -2.714331e+00
      vertex   -9.664836e+00 -1.600000e+00 -2.567285e+00
      vertex   -1.051130e+01 -1.600000e+00 -3.242307e+00
    endloop
  endfacet
  facet normal 0.000000e+00 1.000000e+00 0.000000e+00
    outer loop
      vertex   -1.051130e+01 -1.600000e+00 -3.242307e+00
      vertex   -9.664836e+00 -1.600000e+00 -2.567285e+00
      vertex   -9.518556e+00 -1.600000e+00 -3.065467e+00
    endloop
  endfacet
  facet normal -0.000000e+00 1.000000e+00 0.000000e+00
    outer loop
      vertex   -1.051130e+01 -1.600000e+00 -3.242307e+00
      vertex   -9.518556e+00 -1.600000e+00 -3.065467e+00
      vertex   -1.033662e+01 -1.600000e+00 -3.762222e+00
    endloop
  endfacet
  facet normal 0.000000e+00 1.000000e+00 0.000000e+00
    outer loop
      vertex   -1.033662e+01 -1.600000e+00 -3.762222e+00
      vertex   -9.518556e+00 -1.600000e+00 -3.065467e+00
      vertex   -9.346617e+00 -1.600000e+00 -3.555384e+00
    endloop
  endfacet
  facet normal -0.000000e+00 1.000000e+00 0.000000e+00
    outer loop
      vertex   -1.033662e+01 -1.600000e+00 -3.762222e+00
      vertex   -9.346617e+00 -1.600000e+00 -3.555384e+00
      vertex   -1.013624e+01 -1.600000e+00 -4.272783e+00
    endloop
  endfacet
  facet normal 0.000000e+00 1.000000e+00 0.000000e+00
    outer loop
      vertex   -1.013624e+01 -1.600000e+00 -4.272783e+00
      vertex   -9.346617e+00 -1.600000e+00 -3.555384e+00
      vertex   -9.149480e+00 -1.600000e+00 -4.035717e+00
    endloop
  endfacet
  facet normal -0.000000e+00 1.000000e+00 0.000000e+00
    outer loop
      vertex   -1.013624e+01 -1.600000e+00 -4.272783e+00
      vertex   -9.149480e+00 -1.600000e+00 -4.035717e+00
      vertex   -9.910658e+00 -1.600000e+00 -4.772721e+00
    endloop
  endfacet
  facet normal 0.000000e+00 1.000000e+00 0.000000e+00
    outer loop
      vertex   -9.910658e+00 -1.600000e+00 -4.772721e+00
      vertex   -9.149480e+00 -1.600000e+00 -4.035717e+00
      vertex   -8.927678e+00 -1.600000e+00 -4.505170e+00
    endloop
  endfacet
  facet normal -0.000000e+00 1.000000e+00 0.000000e+00
    outer loop
      vertex   -9.910658e+00 -1.600000e+00 -4.772721e+00
      vertex   -8.927678e+00 -1.600000e+00 -4.505170e+00
      vertex   -9.660437e+00 -1.600000e+00 -5.260794e+00
    endloop
  endfacet
  facet normal 0.000000e+00 1.000000e+00 0.000000e+00
    outer loop
      vertex   -9.660437e+00 -1.600000e+00 -5.260794e+00
      vertex   -8.927678e+00 -1.600000e+00 -4.505170e+00
      vertex   -8.681809e+00 -1.600000e+00 -4.962478e+00
    endloop
  endfacet
  facet normal -0.000000e+00 1.000000e+00 0.000000e+00
    outer loop
      vertex   -9.660437e+00 -1.600000e+00 -5.260794e+00
      vertex   -8.681809e+00 -1.600000e+00 -4.962478e+00
      vertex   -9.386200e+00 -1.600000e+00 -5.735787e+00
    endloop
  endfacet
  facet normal 0.000000e+00 1.000000e+00 0.000000e+00
    outer loop
      vertex   -9.386200e+00 -1.600000e+00 -5.735787e+00
      vertex   -8.681809e+00 -1.600000e+00 -4.962478e+00
      vertex   -8.412535e+00 -1.600000e+00 -5.406408e+00
    endloop
  endfacet
  facet normal -0.000000e+00 1.000000e+00 0.000000e+00
    outer loop
      vertex   -9.386200e+00 -1.600000e+00 -5.735787e+00
      vertex   -8.412535e+00 -1.600000e+00 -5.406408e+00
      vertex   -9.088627e+00 -1.600000e+00 -6.196521e+00
    endloop
  endfacet
  facet normal 0.000000e+00 1.000000e+00 0.000000e+00
    outer loop
      vertex   -9.088627e+00 -1.600000e+00 -6.196521e+00
      vertex   -8.412535e+00 -1.600000e+00 -5.406408e+00
      vertex   -8.120583e+00 -1.600000e+00 -5.835764e+00
    endloop
  endfacet
  facet normal -0.000000e+00 1.000000e+00 0.000000e+00
    outer loop
      vertex   -9.088627e+00 -1.600000e+00 -6.196521e+00
      vertex   -8.120583e+00 -1.600000e+00 -5.835764e+00
      vertex   -8.768458e+00 -1.600000e+00 -6.641849e+00
    endloop
  endfacet
  facet normal 0.000000e+00 1.000000e+00 0.000000e+00
    outer loop
      vertex   -8.768458e+00 -1.600000e+00 -6.641849e+00
      vertex   -8.120583e+00 -1.600000e+00 -5.835764e+00
      vertex   -7.806739e+00 -1.600000e+00 -6.249387e+00
    endloop
  endfacet
  facet normal -0.000000e+00 1.000000e+00 0.000000e+00
    outer loop
      vertex   -8.768458e+00 -1.600000e+00 -6.641849e+00
      vertex   -7.806739e+00 -1.600000e+00 -6.249387e+00
      vertex   -8.426489e+00 -1.600000e+00 -7.070664e+00
    endloop
  endfacet
  facet normal 0.000000e+00 1.000000e+00 0.000000e+00
    outer loop
      vertex   -8.426489e+00 -1.600000e+00 -7.070664e+00
      vertex   -7.806739e+00 -1.600000e+00 -6.249387e+00
      vertex   -7.471849e+00 -1.600000e+00 -6.646163e+00
    endloop
  endfacet
  facet normal -0.000000e+00 1.000000e+00 0.000000e+00
    outer loop
      vertex   -8.426489e+00 -1.600000e+00 -7.070664e+00
      vertex   -7.471849e+00 -1.600000e+00 -6.646163e+00
      vertex   -8.063571e+00 -1.600000e+00 -7.481900e+00
    endloop
  endfacet
  facet normal 0.000000e+00 1.000000e+00 0.000000e+00
    outer loop
      vertex   -8.063571e+00 -1.600000e+00 -7.481900e+00
      vertex   -7.471849e+00 -1.600000e+00 -6.646163e+00
      vertex   -7.116816e+00 -1.600000e+00 -7.025022e+00
    endloop
  endfacet
  facet normal -0.000000e+00 1.000000e+00 0.000000e+00
    outer loop
      vertex   -8.063571e+00 -1.600000e+00 -7.481900e+00
      vertex   -7.116816e+00 -1.600000e+00 -7.025022e+00
      vertex   -7.680605e+00 -1.600000e+00 -7.874535e+00
    endloop
  endfacet
  facet normal 0.000000e+00 1.000000e+00 0.000000e+00
    outer loop
      vertex   -7.680605e+00 -1.600000e+00 -7.874535e+00
      vertex   -7.116816e+00 -1.600000e+00 -7.025022e+00
      vertex   -6.742598e+00 -1.600000e+00 -7.384942e+00
    endloop
  endfacet
  facet normal -0.000000e+00 1.000000e+00 0.000000e+00
    outer loop
      vertex   -7.680605e+00 -1.600000e+00 -7.874535e+00
      vertex   -6.742598e+00 -1.600000e+00 -7.384942e+00
      vertex   -7.278544e+00 -1.600000e+00 -8.247593e+00
    endloop
  endfacet
  facet normal 0.000000e+00 1.000000e+00 0.000000e+00
    outer loop
      vertex   -7.278544e+00 -1.600000e+00 -8.247593e+00
      vertex   -6.742598e+00 -1.600000e+00 -7.384942e+00
      vertex   -6.350203e+00 -1.600000e+00 -7.724955e+00
    endloop
  endfacet
  facet normal -0.000000e+00 1.000000e+00 0.000000e+00
    outer loop
      vertex   -7.278544e+00 -1.600000e+00 -8.247593e+00
      vertex   -6.350203e+00 -1.600000e+00 -7.724955e+00
      vertex   -6.858388e+00 -1.600000e+00 -8.600146e+00
    endloop
  endfacet
  facet normal 0.000000e+00 1.000000e+00 0.000000e+00
    outer loop
      vertex   -6.858388e+00 -1.600000e+00 -8.600146e+00
      vertex   -6.350203e+00 -1.600000e+00 -7.724955e+00
      vertex   -5.940689e+00 -1.600000e+00 -8.044142e+00
    endloop
  endfacet
  facet normal -0.000000e+00 1.000000e+00 0.000000e+00
    outer loop
      vertex   -6.858388e+00 -1.600000e+00 -8.600146e+00
      vertex   -5.940689e+00 -1.600000e+00 -8.044142e+00
      vertex   -6.421180e+00 -1.600000e+00 -8.931318e+00
    endloop
  endfacet
  facet normal 0.000000e+00 1.000000e+00 0.000000e+00
    outer loop
      vertex   -6.421180e+00 -1.600000e+00 -8.931318e+00
      vertex   -5.940689e+00 -1.600000e+00 -8.044142e+00
      vertex   -5.515159e+00 -1.600000e+00 -8.341644e+00
    endloop
  endfacet
  facet normal -0.000000e+00 1.000000e+00 0.000000e+00
    outer loop
      vertex   -6.421180e+00 -1.600000e+00 -8.931318e+00
      vertex   -5.515159e+00 -1.600000e+00 -8.341644e+00
      vertex   -5.968009e+00 -1.600000e+00 -9.240285e+00
    endloop
  endfacet
  facet normal 0.000000e+00 1.000000e+00 0.000000e+00
    outer loop
      vertex   -5.968009e+00 -1.600000e+00 -9.240285e+00
      vertex   -5.515159e+00 -1.600000e+00 -8.341644e+00
      vertex   -5.074762e+00 -1.600000e+00 -8.616658e+00
    endloop
  endfacet
  facet normal -0.000000e+00 1.000000e+00 0.000000e+00
    outer loop
      vertex   -5.968009e+00 -1.600000e+00 -9.240285e+00
      vertex   -5.074762e+00 -1.600000e+00 -8.616658e+00
      vertex   -5.500000e+00 -1.600000e+00 -9.526279e+00
    endloop
  endfacet
  facet normal 0.000000e+00 1.000000e+00 0.000000e+00
    outer loop
      vertex   -5.500000e+00 -1.600000e+00 -9.526279e+00
      vertex   -5.074762e+00 -1.600000e+00 -8.616658e+00
      vertex   -4.620684e+00 -1.600000e+00 -8.868443e+00
    endloop
  endfacet
  facet normal -0.000000e+00 1.000000e+00 0.000000e+00
    outer loop
      vertex   -5.500000e+00 -1.600000e+00 -9.526279e+00
      vertex   -4.620684e+00 -1.600000e+00 -8.868443e+00
      vertex   -5.018317e+00 -1.600000e+00 -9.788590e+00
    endloop
  endfacet
  facet normal 0.000000e+00 1.000000e+00 0.000000e+00
    outer loop
      vertex   -5.018317e+00 -1.600000e+00 -9.788590e+00
      vertex   -4.620684e+00 -1.600000e+00 -8.868443e+00
      vertex   -4.154150e+00 -1.600000e+00 -9.096320e+00
    endloop
  endfacet
  facet normal -0.000000e+00 1.000000e+00 0.000000e+00
    outer loop
      vertex   -5.018317e+00 -1.600000e+00 -9.788590e+00
      vertex   -4.154150e+00 -1.600000e+00 -9.096320e+00
      vertex   -4.524158e+00 -1.600000e+00 -1.002656e+01
    endloop
  endfacet
  facet normal 0.000000e+00 1.000000e+00 0.000000e+00
    outer loop
      vertex   -4.524158e+00 -1.600000e+00 -1.002656e+01
      vertex   -4.154150e+00 -1.600000e+00 -9.096320e+00
      vertex   -3.676417e+00 -1.600000e+00 -9.299675e+00
    endloop
  endfacet
  facet normal -0.000000e+00 1.000000e+00 0.000000e+00
    outer loop
      vertex   -4.524158e+00 -1.600000e+00 -1.002656e+01
      vertex   -3.676417e+00 -1.600000e+00 -9.299675e+00
      vertex   -4.018751e+00 -1.600000e+00 -1.023961e+01
    endloop
  endfacet
  facet normal 0.000000e+00 1.000000e+00 0.000000e+00
    outer loop
      vertex   -4.018751e+00 -1.600000e+00 -1.023961e+01
      vertex   -3.676417e+00 -1.600000e+00 -9.299675e+00
      vertex   -3.188773e+00 -1.600000e+00 -9.477960e+00
    endloop
  endfacet
  facet normal -0.000000e+00 1.000000e+00 0.000000e+00
    outer loop
      vertex   -4.018751e+00 -1.600000e+00 -1.023961e+01
      vertex   -3.188773e+00 -1.600000e+00 -9.477960e+00
      vertex   -3.503353e+00 -1.600000e+00 -1.042720e+01
    endloop
  endfacet
  facet normal -0.000000e+00 1.000000e+00 0.000000e+00
    outer loop
      vertex   -3.503353e+00 -1.600000e+00 -1.042720e+01
      vertex   -3.188773e+00 -1.600000e+00 -9.477960e+00
      vertex   -2.979245e+00 -1.600000e+00 -1.058887e+01
    endloop
  endfacet
  facet normal 0.000000e+00 1.000000e+00 -0.000000e+00
    outer loop
      vertex   -2.979245e+00 -1.600000e+00 -1.058887e+01
      vertex   -3.188773e+00 -1.600000e+00 -9.477960e+00
      vertex   -2.692532e+00 -1.600000e+00 -9.630694e+00
    endloop
  endfacet
  facet normal -0.000000e+00 1.000000e+00 0.000000e+00
    outer loop
      vertex   -2.979245e+00 -1.600000e+00 -1.058887e+01
      vertex   -2.692532e+00 -1.600000e+00 -9.630694e+00
      vertex   -2.447730e+00 -1.600000e+00 -1.072421e+01
    endloop
  endfacet
  facet normal 0.000000e+00 1.000000e+00 -0.000000e+00
    outer loop
      vertex   -2.447730e+00 -1.600000e+00 -1.072421e+01
      vertex   -2.692532e+00 -1.600000e+00 -9.630694e+00
      vertex   -2.189033e+00 -1.600000e+00 -9.757466e+00
    endloop
  endfacet
  facet normal -0.000000e+00 1.000000e+00 0.000000e+00
    outer loop
      vertex   -2.447730e+00 -1.600000e+00 -1.072421e+01
      vertex   -2.189033e+00 -1.600000e+00 -9.757466e+00
      vertex   -1.910130e+00 -1.600000e+00 -1.083289e+01
    endloop
  endfacet
  facet normal 0.000000e+00 1.000000e+00 -0.000000e+00
    outer loop
      vertex   -1.910130e+00 -1.600000e+00 -1.083289e+01
      vertex   -2.189033e+00 -1.600000e+00 -9.757466e+00
      vertex   -1.679633e+00 -1.600000e+00 -9.857933e+00
    endloop
  endfacet
  facet normal -0.000000e+00 1.000000e+00 0.000000e+00
    outer loop
      vertex   -1.910130e+00 -1.600000e+00 -1.083289e+01
      vertex   -1.679633e+00 -1.600000e+00 -9.857933e+00
      vertex   -1.367781e+00 -1.600000e+00 -1.091463e+01
    endloop
  endfacet
  facet normal 0.000000e+00 1.000000e+00 -0.000000e+00
    outer loop
      vertex   -1.367781e+00 -1.600000e+00 -1.091463e+01
      vertex   -1.679633e+00 -1.600000e+00 -9.857933e+00
      vertex   -1.165705e+00 -1.600000e+00 -9.931824e+00
    endloop
  endfacet
  facet normal -0.000000e+00 1.000000e+00 0.000000e+00
    outer loop
      vertex   -1.367781e+00 -1.600000e+00 -1.091463e+01
      vertex   -1.165705e+00 -1.600000e+00 -9.931824e+00
      vertex   -8.220310e-01 -1.600000e+00 -1.096924e+01
    endloop
  endfacet
  facet normal 0.000000e+00 1.000000e+00 -0.000000e+00
    outer loop
      vertex   -8.220310e-01 -1.600000e+00 -1.096924e+01
      vertex   -1.165705e+00 -1.600000e+00 -9.931824e+00
      vertex   -6.486337e-01 -1.600000e+00 -9.978942e+00
    endloop
  endfacet
  facet normal -0.000000e+00 1.000000e+00 0.000000e+00
    outer loop
      vertex   -8.220310e-01 -1.600000e+00 -1.096924e+01
      vertex   -6.486337e-01 -1.600000e+00 -9.978942e+00
      vertex   -2.742376e-01 -1.600000e+00 -1.099658e+01
    endloop
  endfacet
  facet normal 0.000000e+00 1.000000e+00 -0.000000e+00
    outer loop
      vertex   -2.742376e-01 -1.600000e+00 -1.099658e+01
      vertex   -6.486337e-01 -1.600000e+00 -9.978942e+00
      vertex   -1.298142e-01 -1.600000e+00 -9.999157e+00
    endloop
  endfacet
  facet normal 0.000000e+00 1.000000e+00 0.000000e+00
    outer loop
      vertex   -2.742376e-01 -1.600000e+00 -1.099658e+01
      vertex   -1.298142e-01 -1.600000e+00 -9.999157e+00
      vertex   2.742376e-01 -1.600000e+00 -1.099658e+01
    endloop
  endfacet
  facet normal 0.000000e+00 1.000000e+00 -0.000000e+00
    outer loop
      vertex   2.742376e-01 -1.600000e+00 -1.099658e+01
      vertex   -1.298142e-01 -1.600000e+00 -9.999157e+00
      vertex   3.893552e-01 -1.600000e+00 -9.992417e+00
    endloop
  endfacet
  facet normal 0.000000e+00 1.000000e+00 0.000000e+00
    outer loop
      vertex   2.742376e-01 -1.600000e+00 -1.099658e+01
      vertex   3.893552e-01 -1.600000e+00 -9.992417e+00
      vertex   8.220310e-01 -1.600000e+00 -1.096924e+01
    endloop
  endfacet
  facet normal 0.000000e+00 1.000000e+00 -0.000000e+00
    outer loop
      vertex   8.220310e-01 -1.600000e+00 -1.096924e+01
      vertex   3.893552e-01 -1.600000e+00 -9.992417e+00
      vertex   9.074750e-01 -1.600000e+00 -9.958739e+00
    endloop
  endfacet
  facet normal 0.000000e+00 1.000000e+00 0.000000e+00
    outer loop
      vertex   8.220310e-01 -1.600000e+00 -1.096924e+01
      vertex   9.074750e-01 -1.600000e+00 -9.958739e+00
      vertex   1.367781e+00 -1.600000e+00 -1.091463e+01
    endloop
  endfacet
  facet normal 0.000000e+00 1.000000e+00 -0.000000e+00
    outer loop
      vertex   1.367781e+00 -1.600000e+00 -1.091463e+01
      vertex   9.074750e-01 -1.600000e+00 -9.958739e+00
      vertex   1.423148e+00 -1.600000e+00 -9.898214e+00
    endloop
  endfacet
  facet normal 0.000000e+00 1.000000e+00 0.000000e+00
    outer loop
      vertex   1.367781e+00 -1.600000e+00 -1.091463e+01
      vertex   1.423148e+00 -1.600000e+00 -9.898214e+00
      vertex   1.910130e+00 -1.600000e+00 -1.083289e+01
    endloop
  endfacet
  facet normal 0.000000e+00 1.000000e+00 -0.000000e+00
    outer loop
      vertex   1.910130e+00 -1.600000e+00 -1.083289e+01
      vertex   1.423148e+00 -1.600000e+00 -9.898214e+00
      vertex   1.934985e+00 -1.600000e+00 -9.811006e+00
    endloop
  endfacet
  facet normal 0.000000e+00 1.000000e+00 0.000000e+00
    outer loop
      vertex   1.910130e+00 -1.600000e+00 -1.083289e+01
      vertex   1.934985e+00 -1.600000e+00 -9.811006e+00
      vertex   2.447730e+00 -1.600000e+00 -1.072421e+01
    endloop
  endfacet
  facet normal 0.000000e+00 1.000000e+00 0.000000e+00
    outer loop
      vertex   2.447730e+00 -1.600000e+00 -1.072421e+01
      vertex   1.934985e+00 -1.600000e+00 -9.811006e+00
      vertex   2.441606e+00 -1.600000e+00 -9.697348e+00
    endloop
  endfacet
  facet normal 0.000000e+00 1.000000e+00 -0.000000e+00
    outer loop
      vertex   2.447730e+00 -1.600000e+00 -1.072421e+01
      vertex   2.441606e+00 -1.600000e+00 -9.697348e+00
      vertex   2.979245e+00 -1.600000e+00 -1.058887e+01
    endloop
  endfacet
  facet normal 0.000000e+00 1.000000e+00 0.000000e+00
    outer loop
      vertex   2.979245e+00 -1.600000e+00 -1.058887e+01
      vertex   2.441606e+00 -1.600000e+00 -9.697348e+00
      vertex   2.941644e+00 -1.600000e+00 -9.557548e+00
    endloop
  endfacet
  facet normal 0.000000e+00 1.000000e+00 -0.000000e+00
    outer loop
      vertex   2.979245e+00 -1.600000e+00 -1.058887e+01
      vertex   2.941644e+00 -1.600000e+00 -9.557548e+00
      vertex   3.503353e+00 -1.600000e+00 -1.042720e+01
    endloop
  endfacet
  facet normal 0.000000e+00 1.000000e+00 0.000000e+00
    outer loop
      vertex   3.503353e+00 -1.600000e+00 -1.042720e+01
      vertex   2.941644e+00 -1.600000e+00 -9.557548e+00
      vertex   3.433752e+00 -1.600000e+00 -9.391983e+00
    endloop
  endfacet
  facet normal 0.000000e+00 1.000000e+00 -0.000000e+00
    outer loop
      vertex   3.503353e+00 -1.600000e+00 -1.042720e+01
      vertex   3.433752e+00 -1.600000e+00 -9.391983e+00
      vertex   4.018751e+00 -1.600000e+00 -1.023961e+01
    endloop
  endfacet
  facet normal 0.000000e+00 1.000000e+00 0.000000e+00
    outer loop
      vertex   4.018751e+00 -1.600000e+00 -1.023961e+01
      vertex   3.433752e+00 -1.600000e+00 -9.391983e+00
      vertex   3.916604e+00 -1.600000e+00 -9.201099e+00
    endloop
  endfacet
  facet normal 0.000000e+00 1.000000e+00 -0.000000e+00
    outer loop
      vertex   4.018751e+00 -1.600000e+00 -1.023961e+01
      vertex   3.916604e+00 -1.600000e+00 -9.201099e+00
      vertex   4.524158e+00 -1.600000e+00 -1.002656e+01
    endloop
  endfacet
  facet normal 0.000000e+00 1.000000e+00 0.000000e+00
    outer loop
      vertex   4.524158e+00 -1.600000e+00 -1.002656e+01
      vertex   3.916604e+00 -1.600000e+00 -9.201099e+00
      vertex   4.388896e+00 -1.600000e+00 -8.985410e+00
    endloop
  endfacet
  facet normal 0.000000e+00 1.000000e+00 -0.000000e+00
    outer loop
      vertex   4.524158e+00 -1.600000e+00 -1.002656e+01
      vertex   4.388896e+00 -1.600000e+00 -8.985410e+00
      vertex   5.018317e+00 -1.600000e+00 -9.788590e+00
    endloop
  endfacet
  facet normal 0.000000e+00 1.000000e+00 0.000000e+00
    outer loop
      vertex   5.018317e+00 -1.600000e+00 -9.788590e+00
      vertex   4.388896e+00 -1.600000e+00 -8.985410e+00
      vertex   4.849358e+00 -1.600000e+00 -8.745498e+00
    endloop
  endfacet
  facet normal 0.000000e+00 1.000000e+00 -0.000000e+00
    outer loop
      vertex   5.018317e+00 -1.600000e+00 -9.788590e+00
      vertex   4.849358e+00 -1.600000e+00 -8.745498e+00
      vertex   5.500000e+00 -1.600000e+00 -9.526279e+00
    endloop
  endfacet
  facet normal 0.000000e+00 1.000000e+00 0.000000e+00
    outer loop
      vertex   5.500000e+00 -1.600000e+00 -9.526279e+00
      vertex   4.849358e+00 -1.600000e+00 -8.745498e+00
      vertex   5.296746e+00 -1.600000e+00 -8.482009e+00
    endloop
  endfacet
  facet normal 0.000000e+00 1.000000e+00 -0.000000e+00
    outer loop
      vertex   5.500000e+00 -1.600000e+00 -9.526279e+00
      vertex   5.296746e+00 -1.600000e+00 -8.482009e+00
      vertex   5.968009e+00 -1.600000e+00 -9.240285e+00
    endloop
  endfacet
  facet normal 0.000000e+00 1.000000e+00 0.000000e+00
    outer loop
      vertex   5.968009e+00 -1.600000e+00 -9.240285e+00
      vertex   5.296746e+00 -1.600000e+00 -8.482009e+00
      vertex   5.729855e+00 -1.600000e+00 -8.195655e+00
    endloop
  endfacet
  facet normal 0.000000e+00 1.000000e+00 -0.000000e+00
    outer loop
      vertex   5.968009e+00 -1.600000e+00 -9.240285e+00
      vertex   5.729855e+00 -1.600000e+00 -8.195655e+00
      vertex   6.421180e+00 -1.600000e+00 -8.931318e+00
    endloop
  endfacet
  facet normal 0.000000e+00 1.000000e+00 0.000000e+00
    outer loop
      vertex   6.421180e+00 -1.600000e+00 -8.931318e+00
      vertex   5.729855e+00 -1.600000e+00 -8.195655e+00
      vertex   6.147518e+00 -1.600000e+00 -7.887207e+00
    endloop
  endfacet
  facet normal 0.000000e+00 1.000000e+00 -0.000000e+00
    outer loop
      vertex   6.421180e+00 -1.600000e+00 -8.931318e+00
      vertex   6.147518e+00 -1.600000e+00 -7.887207e+00
      vertex   6.858388e+00 -1.600000e+00 -8.600146e+00
    endloop
  endfacet
  facet normal 0.000000e+00 1.000000e+00 0.000000e+00
    outer loop
      vertex   6.858388e+00 -1.600000e+00 -8.600146e+00
      vertex   6.147518e+00 -1.600000e+00 -7.887207e+00
      vertex   6.548607e+00 -1.600000e+00 -7.557496e+00
    endloop
  endfacet
  facet normal 0.000000e+00 1.000000e+00 -0.000000e+00
    outer loop
      vertex   6.858388e+00 -1.600000e+00 -8.600146e+00
      vertex   6.548607e+00 -1.600000e+00 -7.557496e+00
      vertex   7.278544e+00 -1.600000e+00 -8.247593e+00
    endloop
  endfacet
  facet normal 0.000000e+00 1.000000e+00 0.000000e+00
    outer loop
      vertex   7.278544e+00 -1.600000e+00 -8.247593e+00
      vertex   6.548607e+00 -1.600000e+00 -7.557496e+00
      vertex   6.932043e+00 -1.600000e+00 -7.207411e+00
    endloop
  endfacet
  facet normal 0.000000e+00 1.000000e+00 -0.000000e+00
    outer loop
      vertex   7.278544e+00 -1.600000e+00 -8.247593e+00
      vertex   6.932043e+00 -1.600000e+00 -7.207411e+00
      vertex   7.680605e+00 -1.600000e+00 -7.874535e+00
    endloop
  endfacet
  facet normal 0.000000e+00 1.000000e+00 0.000000e+00
    outer loop
      vertex   7.680605e+00 -1.600000e+00 -7.874535e+00
      vertex   6.932043e+00 -1.600000e+00 -7.207411e+00
      vertex   7.296792e+00 -1.600000e+00 -6.837897e+00
    endloop
  endfacet
  facet normal 0.000000e+00 1.000000e+00 -0.000000e+00
    outer loop
      vertex   7.680605e+00 -1.600000e+00 -7.874535e+00
      vertex   7.296792e+00 -1.600000e+00 -6.837897e+00
      vertex   8.063571e+00 -1.600000e+00 -7.481900e+00
    endloop
  endfacet
  facet normal 0.000000e+00 1.000000e+00 0.000000e+00
    outer loop
      vertex   8.063571e+00 -1.600000e+00 -7.481900e+00
      vertex   7.296792e+00 -1.600000e+00 -6.837897e+00
      vertex   7.641869e+00 -1.600000e+00 -6.449948e+00
    endloop
  endfacet
  facet normal 0.000000e+00 1.000000e+00 -0.000000e+00
    outer loop
      vertex   8.063571e+00 -1.600000e+00 -7.481900e+00
      vertex   7.641869e+00 -1.600000e+00 -6.449948e+00
      vertex   8.426489e+00 -1.600000e+00 -7.070664e+00
    endloop
  endfacet
  facet normal 0.000000e+00 1.000000e+00 0.000000e+00
    outer loop
      vertex   8.426489e+00 -1.600000e+00 -7.070664e+00
      vertex   7.641869e+00 -1.600000e+00 -6.449948e+00
      vertex   7.966346e+00 -1.600000e+00 -6.044612e+00
    endloop
  endfacet
  facet normal 0.000000e+00 1.000000e+00 -0.000000e+00
    outer loop
      vertex   8.426489e+00 -1.600000e+00 -7.070664e+00
      vertex   7.966346e+00 -1.600000e+00 -6.044612e+00
      vertex   8.768458e+00 -1.600000e+00 -6.641849e+00
    endloop
  endfacet
  facet normal 0.000000e+00 1.000000e+00 -0.000000e+00
    outer loop
      vertex   8.768458e+00 -1.600000e+00 -6.641849e+00
      vertex   7.966346e+00 -1.600000e+00 -6.044612e+00
      vertex   9.088627e+00 -1.600000e+00 -6.196521e+00
    endloop
  endfacet
  facet normal 0.000000e+00 1.000000e+00 0.000000e+00
    outer loop
      vertex   9.088627e+00 -1.600000e+00 -6.196521e+00
      vertex   7.966346e+00 -1.600000e+00 -6.044612e+00
      vertex   8.269346e+00 -1.600000e+00 -5.622981e+00
    endloop
  endfacet
  facet normal 0.000000e+00 1.000000e+00 -0.000000e+00
    outer loop
      vertex   9.088627e+00 -1.600000e+00 -6.196521e+00
      vertex   8.269346e+00 -1.600000e+00 -5.622981e+00
      vertex   9.386200e+00 -1.600000e+00 -5.735787e+00
    endloop
  endfacet
  facet normal 0.000000e+00 1.000000e+00 0.000000e+00
    outer loop
      vertex   9.386200e+00 -1.600000e+00 -5.735787e+00
      vertex   8.269346e+00 -1.600000e+00 -5.622981e+00
      vertex   8.550054e+00 -1.600000e+00 -5.186191e+00
    endloop
  endfacet
  facet normal 0.000000e+00 1.000000e+00 -0.000000e+00
    outer loop
      vertex   9.386200e+00 -1.600000e+00 -5.735787e+00
      vertex   8.550054e+00 -1.600000e+00 -5.186191e+00
      vertex   9.660437e+00 -1.600000e+00 -5.260794e+00
    endloop
  endfacet
  facet normal 0.000000e+00 1.000000e+00 0.000000e+00
    outer loop
      vertex   9.660437e+00 -1.600000e+00 -5.260794e+00
      vertex   8.550054e+00 -1.600000e+00 -5.186191e+00
      vertex   8.807712e+00 -1.600000e+00 -4.735420e+00
    endloop
  endfacet
  facet normal 0.000000e+00 1.000000e+00 -0.000000e+00
    outer loop
      vertex   9.660437e+00 -1.600000e+00 -5.260794e+00
      vertex   8.807712e+00 -1.600000e+00 -4.735420e+00
      vertex   9.910658e+00 -1.600000e+00 -4.772721e+00
    endloop
  endfacet
  facet normal 0.000000e+00 1.000000e+00 0.000000e+00
    outer loop
      vertex   9.910658e+00 -1.600000e+00 -4.772721e+00
      vertex   8.807712e+00 -1.600000e+00 -4.735420e+00
      vertex   9.041627e+00 -1.600000e+00 -4.271883e+00
    endloop
  endfacet
  facet normal 0.000000e+00 1.000000e+00 -0.000000e+00
    outer loop
      vertex   9.910658e+00 -1.600000e+00 -4.772721e+00
      vertex   9.041627e+00 -1.600000e+00 -4.271883e+00
      vertex   1.013624e+01 -1.600000e+00 -4.272783e+00
    endloop
  endfacet
  facet normal 0.000000e+00 1.000000e+00 0.000000e+00
    outer loop
      vertex   1.013624e+01 -1.600000e+00 -4.272783e+00
      vertex   9.041627e+00 -1.600000e+00 -4.271883e+00
      vertex   9.251166e+00 -1.600000e+00 -3.796830e+00
    endloop
  endfacet
  facet normal 0.000000e+00 1.000000e+00 -0.000000e+00
    outer loop
      vertex   1.013624e+01 -1.600000e+00 -4.272783e+00
      vertex   9.251166e+00 -1.600000e+00 -3.796830e+00
      vertex   1.033662e+01 -1.600000e+00 -3.762222e+00
    endloop
  endfacet
  facet normal 0.000000e+00 1.000000e+00 0.000000e+00
    outer loop
      vertex   1.033662e+01 -1.600000e+00 -3.762222e+00
      vertex   9.251166e+00 -1.600000e+00 -3.796830e+00
      vertex   9.435767e+00 -1.600000e+00 -3.311542e+00
    endloop
  endfacet
  facet normal 0.000000e+00 1.000000e+00 -0.000000e+00
    outer loop
      vertex   1.033662e+01 -1.600000e+00 -3.762222e+00
      vertex   9.435767e+00 -1.600000e+00 -3.311542e+00
      vertex   1.051130e+01 -1.600000e+00 -3.242307e+00
    endloop
  endfacet
  facet normal 0.000000e+00 1.000000e+00 0.000000e+00
    outer loop
      vertex   1.051130e+01 -1.600000e+00 -3.242307e+00
      vertex   9.435767e+00 -1.600000e+00 -3.311542e+00
      vertex   9.594930e+00 -1.600000e+00 -2.817326e+00
    endloop
  endfacet
  facet normal 0.000000e+00 1.000000e+00 -0.000000e+00
    outer loop
      vertex   1.051130e+01 -1.600000e+00 -3.242307e+00
      vertex   9.594930e+00 -1.600000e+00 -2.817326e+00
      vertex   1.065985e+01 -1.600000e+00 -2.714331e+00
    endloop
  endfacet
  facet normal 0.000000e+00 1.000000e+00 0.000000e+00
    outer loop
      vertex   1.065985e+01 -1.600000e+00 -2.714331e+00
      vertex   9.594930e+00 -1.600000e+00 -2.817326e+00
      vertex   9.728227e+00 -1.600000e+00 -2.315515e+00
    endloop
  endfacet
  facet normal 0.000000e+00 1.000000e+00 -0.000000e+00
    outer loop
      vertex   1.065985e+01 -1.600000e+00 -2.714331e+00
      vertex   9.728227e+00 -1.600000e+00 -2.315515e+00
      vertex   1.078190e+01 -1.600000e+00 -2.179608e+00
    endloop
  endfacet
  facet normal 0.000000e+00 1.000000e+00 0.000000e+00
    outer loop
      vertex   1.078190e+01 -1.600000e+00 -2.179608e+00
      vertex   9.728227e+00 -1.600000e+00 -2.315515e+00
      vertex   9.835298e+00 -1.600000e+00 -1.807461e+00
    endloop
  endfacet
  facet normal 0.000000e+00 1.000000e+00 -0.000000e+00
    outer loop
      vertex   1.078190e+01 -1.600000e+00 -2.179608e+00
      vertex   9.835298e+00 -1.600000e+00 -1.807461e+00
      vertex   1.087714e+01 -1.600000e+00 -1.639465e+00
    endloop
  endfacet
  facet normal 0.000000e+00 1.000000e+00 0.000000e+00
    outer loop
      vertex   1.087714e+01 -1.600000e+00 -1.639465e+00
      vertex   9.835298e+00 -1.600000e+00 -1.807461e+00
      vertex   9.915855e+00 -1.600000e+00 -1.294536e+00
    endloop
  endfacet
  facet normal 0.000000e+00 1.000000e+00 -0.000000e+00
    outer loop
      vertex   1.087714e+01 -1.600000e+00 -1.639465e+00
      vertex   9.915855e+00 -1.600000e+00 -1.294536e+00
      vertex   1.094534e+01 -1.600000e+00 -1.095246e+00
    endloop
  endfacet
  facet normal 0.000000e+00 1.000000e+00 0.000000e+00
    outer loop
      vertex   1.094534e+01 -1.600000e+00 -1.095246e+00
      vertex   9.915855e+00 -1.600000e+00 -1.294536e+00
      vertex   9.969681e+00 -1.600000e+00 -7.781199e-01
    endloop
  endfacet
  facet normal 0.000000e+00 1.000000e+00 -0.000000e+00
    outer loop
      vertex   1.094534e+01 -1.600000e+00 -1.095246e+00
      vertex   9.969681e+00 -1.600000e+00 -7.781199e-01
      vertex   1.098633e+01 -1.600000e+00 -5.483047e-01
    endloop
  endfacet
  facet normal 0.000000e+00 1.000000e+00 0.000000e+00
    outer loop
      vertex   1.098633e+01 -1.600000e+00 -5.483047e-01
      vertex   9.969681e+00 -1.600000e+00 -7.781199e-01
      vertex   9.996630e+00 -1.600000e+00 -2.596066e-01
    endloop
  endfacet
  facet normal 0.000000e+00 1.000000e+00 -0.000000e+00
    outer loop
      vertex   1.098633e+01 -1.600000e+00 -5.483047e-01
      vertex   9.996630e+00 -1.600000e+00 -2.596066e-01
      vertex   1.100000e+01 -1.600000e+00 0.000000e+00
    endloop
  endfacet
  facet normal 0.000000e+00 1.000000e+00 0.000000e+00
    outer loop
      vertex   1.100000e+01 -1.600000e+00 0.000000e+00
      vertex   9.996630e+00 -1.600000e+00 -2.596066e-01
      vertex   9.996630e+00 -1.600000e+00 2.596066e-01
    endloop
  endfacet
  facet normal 0.000000e+00 1.000000e+00 0.000000e+00
    outer loop
      vertex   1.100000e+01 -1.600000e+00 0.000000e+00
      vertex   9.996630e+00 -1.600000e+00 2.596066e-01
      vertex   1.098633e+01 -1.600000e+00 5.483047e-01
    endloop
  endfacet
  facet normal 0.000000e+00 1.000000e+00 0.000000e+00
    outer loop
      vertex   1.098633e+01 -1.600000e+00 5.483047e-01
      vertex   9.996630e+00 -1.600000e+00 2.596066e-01
      vertex   9.969681e+00 -1.600000e+00 7.781199e-01
    endloop
  endfacet
  facet normal 0.000000e+00 1.000000e+00 0.000000e+00
    outer loop
      vertex   1.098633e+01 -1.600000e+00 5.483047e-01
      vertex   9.969681e+00 -1.600000e+00 7.781199e-01
      vertex   1.094534e+01 -1.600000e+00 1.095246e+00
    endloop
  endfacet
  facet normal 0.000000e+00 1.000000e+00 0.000000e+00
    outer loop
      vertex   1.094534e+01 -1.600000e+00 1.095246e+00
      vertex   9.969681e+00 -1.600000e+00 7.781199e-01
      vertex   9.915855e+00 -1.600000e+00 1.294536e+00
    endloop
  endfacet
  facet normal 0.000000e+00 1.000000e+00 0.000000e+00
    outer loop
      vertex   1.094534e+01 -1.600000e+00 1.095246e+00
      vertex   9.915855e+00 -1.600000e+00 1.294536e+00
      vertex   1.087714e+01 -1.600000e+00 1.639465e+00
    endloop
  endfacet
  facet normal 0.000000e+00 1.000000e+00 0.000000e+00
    outer loop
      vertex   1.087714e+01 -1.600000e+00 1.639465e+00
      vertex   9.915855e+00 -1.600000e+00 1.294536e+00
      vertex   9.835298e+00 -1.600000e+00 1.807461e+00
    endloop
  endfacet
  facet normal 0.000000e+00 1.000000e+00 0.000000e+00
    outer loop
      vertex   1.087714e+01 -1.600000e+00 1.639465e+00
      vertex   9.835298e+00 -1.600000e+00 1.807461e+00
      vertex   1.078190e+01 -1.600000e+00 2.179608e+00
    endloop
  endfacet
  facet normal 0.000000e+00 1.000000e+00 0.000000e+00
    outer loop
      vertex   1.078190e+01 -1.600000e+00 2.179608e+00
      vertex   9.835298e+00 -1.600000e+00 1.807461e+00
      vertex   9.728227e+00 -1.600000e+00 2.315515e+00
    endloop
  endfacet
  facet normal 0.000000e+00 1.000000e+00 0.000000e+00
    outer loop
      vertex   1.078190e+01 -1.600000e+00 2.179608e+00
      vertex   9.728227e+00 -1.600000e+00 2.315515e+00
      vertex   1.065985e+01 -1.600000e+00 2.714331e+00
    endloop
  endfacet
  facet normal 0.000000e+00 1.000000e+00 0.000000e+00
    outer loop
      vertex   1.065985e+01 -1.600000e+00 2.714331e+00
      vertex   9.728227e+00 -1.600000e+00 2.315515e+00
      vertex   9.594930e+00 -1.600000e+00 2.817326e+00
    endloop
  endfacet
  facet normal 0.000000e+00 1.000000e+00 0.000000e+00
    outer loop
      vertex   1.065985e+01 -1.600000e+00 2.714331e+00
      vertex   9.594930e+00 -1.600000e+00 2.817326e+00
      vertex   1.051130e+01 -1.600000e+00 3.242307e+00
    endloop
  endfacet
  facet normal 0.000000e+00 1.000000e+00 0.000000e+00
    outer loop
      vertex   1.051130e+01 -1.600000e+00 3.242307e+00
      vertex   9.594930e+00 -1.600000e+00 2.817326e+00
      vertex   9.435767e+00 -1.600000e+00 3.311542e+00
    endloop
  endfacet
  facet normal 0.000000e+00 1.000000e+00 0.000000e+00
    outer loop
      vertex   1.051130e+01 -1.600000e+00 3.242307e+00
      vertex   9.435767e+00 -1.600000e+00 3.311542e+00
      vertex   1.033662e+01 -1.600000e+00 3.762222e+00
    endloop
  endfacet
  facet normal 0.000000e+00 1.000000e+00 0.000000e+00
    outer loop
      vertex   1.033662e+01 -1.600000e+00 3.762222e+00
      vertex   9.435767e+00 -1.600000e+00 3.311542e+00
      vertex   9.251166e+00 -1.600000e+00 3.796830e+00
    endloop
  endfacet
  facet normal 0.000000e+00 1.000000e+00 0.000000e+00
    outer loop
      vertex   1.033662e+01 -1.600000e+00 3.762222e+00
      vertex   9.251166e+00 -1.600000e+00 3.796830e+00
      vertex   1.013624e+01 -1.600000e+00 4.272783e+00
    endloop
  endfacet
  facet normal 0.000000e+00 1.000000e+00 0.000000e+00
    outer loop
      vertex   1.013624e+01 -1.600000e+00 4.272783e+00
      vertex   9.251166e+00 -1.600000e+00 3.796830e+00
      vertex   9.041627e+00 -1.600000e+00 4.271883e+00
    endloop
  endfacet
  facet normal 0.000000e+00 1.000000e+00 0.000000e+00
    outer loop
      vertex   1.013624e+01 -1.600000e+00 4.272783e+00
      vertex   9.041627e+00 -1.600000e+00 4.271883e+00
      vertex   9.910658e+00 -1.600000e+00 4.772721e+00
    endloop
  endfacet
  facet normal 0.000000e+00 1.000000e+00 0.000000e+00
    outer loop
      vertex   9.910658e+00 -1.600000e+00 4.772721e+00
      vertex   9.041627e+00 -1.600000e+00 4.271883e+00
      vertex   8.807712e+00 -1.600000e+00 4.735420e+00
    endloop
  endfacet
  facet normal 0.000000e+00 1.000000e+00 0.000000e+00
    outer loop
      vertex   9.910658e+00 -1.600000e+00 4.772721e+00
      vertex   8.807712e+00 -1.600000e+00 4.735420e+00
      vertex   9.660437e+00 -1.600000e+00 5.260794e+00
    endloop
  endfacet
  facet normal 0.000000e+00 1.000000e+00 0.000000e+00
    outer loop
      vertex   9.660437e+00 -1.600000e+00 5.260794e+00
      vertex   8.807712e+00 -1.600000e+00 4.735420e+00
      vertex   8.550054e+00 -1.600000e+00 5.186191e+00
    endloop
  endfacet
  facet normal 0.000000e+00 1.000000e+00 0.000000e+00
    outer loop
      vertex   9.660437e+00 -1.600000e+00 5.260794e+00
      vertex   8.550054e+00 -1.600000e+00 5.186191e+00
      vertex   9.386200e+00 -1.600000e+00 5.735787e+00
    endloop
  endfacet
  facet normal 0.000000e+00 1.000000e+00 0.000000e+00
    outer loop
      vertex   9.386200e+00 -1.600000e+00 5.735787e+00
      vertex   8.550054e+00 -1.600000e+00 5.186191e+00
      vertex   8.269346e+00 -1.600000e+00 5.622981e+00
    endloop
  endfacet
  facet normal 0.000000e+00 1.000000e+00 0.000000e+00
    outer loop
      vertex   9.386200e+00 -1.600000e+00 5.735787e+00
      vertex   8.269346e+00 -1.600000e+00 5.622981e+00
      vertex   9.088627e+00 -1.600000e+00 6.196521e+00
    endloop
  endfacet
  facet normal 0.000000e+00 1.000000e+00 0.000000e+00
    outer loop
      vertex   9.088627e+00 -1.600000e+00 6.196521e+00
      vertex   8.269346e+00 -1.600000e+00 5.622981e+00
      vertex   7.966346e+00 -1.600000e+00 6.044612e+00
    endloop
  endfacet
  facet normal 0.000000e+00 1.000000e+00 0.000000e+00
    outer loop
      vertex   9.088627e+00 -1.600000e+00 6.196521e+00
      vertex   7.966346e+00 -1.600000e+00 6.044612e+00
      vertex   8.768458e+00 -1.600000e+00 6.641849e+00
    endloop
  endfacet
  facet normal 0.000000e+00 1.000000e+00 0.000000e+00
    outer loop
      vertex   8.768458e+00 -1.600000e+00 6.641849e+00
      vertex   7.966346e+00 -1.600000e+00 6.044612e+00
      vertex   8.426489e+00 -1.600000e+00 7.070664e+00
    endloop
  endfacet
  facet normal 0.000000e+00 1.000000e+00 0.000000e+00
    outer loop
      vertex   8.426489e+00 -1.600000e+00 7.070664e+00
      vertex   7.966346e+00 -1.600000e+00 6.044612e+00
      vertex   7.641869e+00 -1.600000e+00 6.449948e+00
    endloop
  endfacet
  facet normal 0.000000e+00 1.000000e+00 0.000000e+00
    outer loop
      vertex   8.426489e+00 -1.600000e+00 7.070664e+00
      vertex   7.641869e+00 -1.600000e+00 6.449948e+00
      vertex   8.063571e+00 -1.600000e+00 7.481900e+00
    endloop
  endfacet
  facet normal 0.000000e+00 1.000000e+00 0.000000e+00
    outer loop
      vertex   8.063571e+00 -1.600000e+00 7.481900e+00
      vertex   7.641869e+00 -1.600000e+00 6.449948e+00
      vertex   7.296792e+00 -1.600000e+00 6.837897e+00
    endloop
  endfacet
  facet normal 0.000000e+00 1.000000e+00 0.000000e+00
    outer loop
      vertex   8.063571e+00 -1.600000e+00 7.481900e+00
      vertex   7.296792e+00 -1.600000e+00 6.837897e+00
      vertex   7.680605e+00 -1.600000e+00 7.874535e+00
    endloop
  endfacet
  facet normal 0.000000e+00 1.000000e+00 0.000000e+00
    outer loop
      vertex   7.680605e+00 -1.600000e+00 7.874535e+00
      vertex   7.296792e+00 -1.600000e+00 6.837897e+00
      vertex   6.932043e+00 -1.600000e+00 7.207411e+00
    endloop
  endfacet
  facet normal 0.000000e+00 1.000000e+00 0.000000e+00
    outer loop
      vertex   7.680605e+00 -1.600000e+00 7.874535e+00
      vertex   6.932043e+00 -1.600000e+00 7.207411e+00
      vertex   7.278544e+00 -1.600000e+00 8.247593e+00
    endloop
  endfacet
  facet normal 0.000000e+00 1.000000e+00 0.000000e+00
    outer loop
      vertex   7.278544e+00 -1.600000e+00 8.247593e+00
      vertex   6.932043e+00 -1.600000e+00 7.207411e+00
      vertex   6.548607e+00 -1.600000e+00 7.557496e+00
    endloop
  endfacet
  facet normal 0.000000e+00 1.000000e+00 0.000000e+00
    outer loop
      vertex   7.278544e+00 -1.600000e+00 8.247593e+00
      vertex   6.548607e+00 -1.600000e+00 7.557496e+00
      vertex   6.858388e+00 -1.600000e+00 8.600146e+00
    endloop
  endfacet
  facet normal 0.000000e+00 1.000000e+00 0.000000e+00
    outer loop
      vertex   6.858388e+00 -1.600000e+00 8.600146e+00
      vertex   6.548607e+00 -1.600000e+00 7.557496e+00
      vertex   6.147518e+00 -1.600000e+00 7.887207e+00
    endloop
  endfacet
  facet normal 0.000000e+00 1.000000e+00 0.000000e+00
    outer loop
      vertex   6.858388e+00 -1.600000e+00 8.600146e+00
      vertex   6.147518e+00 -1.600000e+00 7.887207e+00
      vertex   6.421180e+00 -1.600000e+00 8.931318e+00
    endloop
  endfacet
  facet normal 0.000000e+00 1.000000e+00 0.000000e+00
    outer loop
      vertex   6.421180e+00 -1.600000e+00 8.931318e+00
      vertex   6.147518e+00 -1.600000e+00 7.887207e+00
      vertex   5.729855e+00 -1.600000e+00 8.195655e+00
    endloop
  endfacet
  facet normal 0.000000e+00 1.000000e+00 0.000000e+00
    outer loop
      vertex   6.421180e+00 -1.600000e+00 8.931318e+00
      vertex   5.729855e+00 -1.600000e+00 8.195655e+00
      vertex   5.968009e+00 -1.600000e+00 9.240285e+00
    endloop
  endfacet
  facet normal 0.000000e+00 1.000000e+00 0.000000e+00
    outer loop
      vertex   5.968009e+00 -1.600000e+00 9.240285e+00
      vertex   5.729855e+00 -1.600000e+00 8.195655e+00
      vertex   5.296746e+00 -1.600000e+00 8.482009e+00
    endloop
  endfacet
  facet normal 0.000000e+00 1.000000e+00 0.000000e+00
    outer loop
      vertex   5.968009e+00 -1.600000e+00 9.240285e+00
      vertex   5.296746e+00 -1.600000e+00 8.482009e+00
      vertex   5.500000e+00 -1.600000e+00 9.526279e+00
    endloop
  endfacet
  facet normal 0.000000e+00 1.000000e+00 0.000000e+00
    outer loop
      vertex   5.500000e+00 -1.600000e+00 9.526279e+00
      vertex   5.296746e+00 -1.600000e+00 8.482009e+00
      vertex   4.849358e+00 -1.600000e+00 8.745498e+00
    endloop
  endfacet
  facet normal 0.000000e+00 1.000000e+00 0.000000e+00
    outer loop
      vertex   5.500000e+00 -1.600000e+00 9.526279e+00
      vertex   4.849358e+00 -1.600000e+00 8.745498e+00
      vertex   5.018317e+00 -1.600000e+00 9.788590e+00
    endloop
  endfacet
  facet normal 0.000000e+00 1.000000e+00 0.000000e+00
    outer loop
      vertex   5.018317e+00 -1.600000e+00 9.788590e+00
      vertex   4.849358e+00 -1.600000e+00 8.745498e+00
      vertex   4.388896e+00 -1.600000e+00 8.985410e+00
    endloop
  endfacet
  facet normal 0.000000e+00 1.000000e+00 0.000000e+00
    outer loop
      vertex   5.018317e+00 -1.600000e+00 9.788590e+00
      vertex   4.388896e+00 -1.600000e+00 8.985410e+00
      vertex   4.524158e+00 -1.600000e+00 1.002656e+01
    endloop
  endfacet
  facet normal 0.000000e+00 1.000000e+00 0.000000e+00
    outer loop
      vertex   4.524158e+00 -1.600000e+00 1.002656e+01
      vertex   4.388896e+00 -1.600000e+00 8.985410e+00
      vertex   3.916604e+00 -1.600000e+00 9.201099e+00
    endloop
  endfacet
  facet normal 0.000000e+00 1.000000e+00 0.000000e+00
    outer loop
      vertex   4.524158e+00 -1.600000e+00 1.002656e+01
      vertex   3.916604e+00 -1.600000e+00 9.201099e+00
      vertex   4.018751e+00 -1.600000e+00 1.023961e+01
    endloop
  endfacet
  facet normal 0.000000e+00 1.000000e+00 0.000000e+00
    outer loop
      vertex   4.018751e+00 -1.600000e+00 1.023961e+01
      vertex   3.916604e+00 -1.600000e+00 9.201099e+00
      vertex   3.433752e+00 -1.600000e+00 9.391983e+00
    endloop
  endfacet
  facet normal 0.000000e+00 1.000000e+00 0.000000e+00
    outer loop
      vertex   4.018751e+00 -1.600000e+00 1.023961e+01
      vertex   3.433752e+00 -1.600000e+00 9.391983e+00
      vertex   3.503353e+00 -1.600000e+00 1.042720e+01
    endloop
  endfacet
  facet normal 0.000000e+00 1.000000e+00 0.000000e+00
    outer loop
      vertex   3.503353e+00 -1.600000e+00 1.042720e+01
      vertex   3.433752e+00 -1.600000e+00 9.391983e+00
      vertex   2.941644e+00 -1.600000e+00 9.557548e+00
    endloop
  endfacet
  facet normal 0.000000e+00 1.000000e+00 0.000000e+00
    outer loop
      vertex   3.503353e+00 -1.600000e+00 1.042720e+01
      vertex   2.941644e+00 -1.600000e+00 9.557548e+00
      vertex   2.979245e+00 -1.600000e+00 1.058887e+01
    endloop
  endfacet
  facet normal 0.000000e+00 1.000000e+00 0.000000e+00
    outer loop
      vertex   2.979245e+00 -1.600000e+00 1.058887e+01
      vertex   2.941644e+00 -1.600000e+00 9.557548e+00
      vertex   2.441606e+00 -1.600000e+00 9.697348e+00
    endloop
  endfacet
  facet normal 0.000000e+00 1.000000e+00 0.000000e+00
    outer loop
      vertex   2.979245e+00 -1.600000e+00 1.058887e+01
      vertex   2.441606e+00 -1.600000e+00 9.697348e+00
      vertex   2.447730e+00 -1.600000e+00 1.072421e+01
    endloop
  endfacet
  facet normal 0.000000e+00 1.000000e+00 0.000000e+00
    outer loop
      vertex   2.447730e+00 -1.600000e+00 1.072421e+01
      vertex   2.441606e+00 -1.600000e+00 9.697348e+00
      vertex   1.934985e+00 -1.600000e+00 9.811006e+00
    endloop
  endfacet
  facet normal 0.000000e+00 1.000000e+00 0.000000e+00
    outer loop
      vertex   2.447730e+00 -1.600000e+00 1.072421e+01
      vertex   1.934985e+00 -1.600000e+00 9.811006e+00
      vertex   1.910130e+00 -1.600000e+00 1.083289e+01
    endloop
  endfacet
  facet normal 0.000000e+00 1.000000e+00 0.000000e+00
    outer loop
      vertex   1.910130e+00 -1.600000e+00 1.083289e+01
      vertex   1.934985e+00 -1.600000e+00 9.811006e+00
      vertex   1.423148e+00 -1.600000e+00 9.898214e+00
    endloop
  endfacet
  facet normal 0.000000e+00 1.000000e+00 0.000000e+00
    outer loop
      vertex   1.910130e+00 -1.600000e+00 1.083289e+01
      vertex   1.423148e+00 -1.600000e+00 9.898214e+00
      vertex   1.367781e+00 -1.600000e+00 1.091463e+01
    endloop
  endfacet
  facet normal 0.000000e+00 1.000000e+00 0.000000e+00
    outer loop
      vertex   1.367781e+00 -1.600000e+00 1.091463e+01
      vertex   1.423148e+00 -1.600000e+00 9.898214e+00
      vertex   9.074750e-01 -1.600000e+00 9.958739e+00
    endloop
  endfacet
  facet normal 0.000000e+00 1.000000e+00 0.000000e+00
    outer loop
      vertex   1.367781e+00 -1.600000e+00 1.091463e+01
      vertex   9.074750e-01 -1.600000e+00 9.958739e+00
      vertex   8.220310e-01 -1.600000e+00 1.096924e+01
    endloop
  endfacet
  facet normal 0.000000e+00 1.000000e+00 0.000000e+00
    outer loop
      vertex   8.220310e-01 -1.600000e+00 1.096924e+01
      vertex   9.074750e-01 -1.600000e+00 9.958739e+00
      vertex   3.893552e-01 -1.600000e+00 9.992417e+00
    endloop
  endfacet
  facet normal 0.000000e+00 1.000000e+00 0.000000e+00
    outer loop
      vertex   8.220310e-01 -1.600000e+00 1.096924e+01
      vertex   3.893552e-01 -1.600000e+00 9.992417e+00
      vertex   2.742376e-01 -1.600000e+00 1.099658e+01
    endloop
  endfacet
  facet normal 0.000000e+00 1.000000e+00 0.000000e+00
    outer loop
      vertex   2.742376e-01 -1.600000e+00 1.099658e+01
      vertex   3.893552e-01 -1.600000e+00 9.992417e+00
      vertex   -1.298142e-01 -1.600000e+00 9.999157e+00
    endloop
  endfacet
  facet normal 0.000000e+00 1.000000e+00 0.000000e+00
    outer loop
      vertex   2.742376e-01 -1.600000e+00 1.099658e+01
      vertex   -1.298142e-01 -1.600000e+00 9.999157e+00
      vertex   -2.742376e-01 -1.600000e+00 1.099658e+01
    endloop
  endfacet
  facet normal 0.000000e+00 1.000000e+00 0.000000e+00
    outer loop
      vertex   -2.742376e-01 -1.600000e+00 1.099658e+01
      vertex   -1.298142e-01 -1.600000e+00 9.999157e+00
      vertex   -6.486337e-01 -1.600000e+00 9.978942e+00
    endloop
  endfacet
  facet normal 0.000000e+00 1.000000e+00 0.000000e+00
    outer loop
      vertex   -2.742376e-01 -1.600000e+00 1.099658e+01
      vertex   -6.486337e-01 -1.600000e+00 9.978942e+00
      vertex   -8.220310e-01 -1.600000e+00 1.096924e+01
    endloop
  endfacet
  facet normal 0.000000e+00 1.000000e+00 0.000000e+00
    outer loop
      vertex   -8.220310e-01 -1.600000e+00 1.096924e+01
      vertex   -6.486337e-01 -1.600000e+00 9.978942e+00
      vertex   -1.165705e+00 -1.600000e+00 9.931824e+00
    endloop
  endfacet
  facet normal 0.000000e+00 1.000000e+00 0.000000e+00
    outer loop
      vertex   -8.220310e-01 -1.600000e+00 1.096924e+01
      vertex   -1.165705e+00 -1.600000e+00 9.931824e+00
      vertex   -1.367781e+00 -1.600000e+00 1.091463e+01
    endloop
  endfacet
  facet normal 0.000000e+00 1.000000e+00 0.000000e+00
    outer loop
      vertex   -1.367781e+00 -1.600000e+00 1.091463e+01
      vertex   -1.165705e+00 -1.600000e+00 9.931824e+00
      vertex   -1.679633e+00 -1.600000e+00 9.857933e+00
    endloop
  endfacet
  facet normal 0.000000e+00 1.000000e+00 0.000000e+00
    outer loop
      vertex   -1.367781e+00 -1.600000e+00 1.091463e+01
      vertex   -1.679633e+00 -1.600000e+00 9.857933e+00
      vertex   -1.910130e+00 -1.600000e+00 1.083289e+01
    endloop
  endfacet
  facet normal 0.000000e+00 1.000000e+00 0.000000e+00
    outer loop
      vertex   -1.910130e+00 -1.600000e+00 1.083289e+01
      vertex   -1.679633e+00 -1.600000e+00 9.857933e+00
      vertex   -2.189033e+00 -1.600000e+00 9.757466e+00
    endloop
  endfacet
  facet normal 0.000000e+00 1.000000e+00 0.000000e+00
    outer loop
      vertex   -1.910130e+00 -1.600000e+00 1.083289e+01
      vertex   -2.189033e+00 -1.600000e+00 9.757466e+00
      vertex   -2.447730e+00 -1.600000e+00 1.072421e+01
    endloop
  endfacet
  facet normal 0.000000e+00 1.000000e+00 0.000000e+00
    outer loop
      vertex   -2.447730e+00 -1.600000e+00 1.072421e+01
      vertex   -2.189033e+00 -1.600000e+00 9.757466e+00
      vertex   -2.692532e+00 -1.600000e+00 9.630694e+00
    endloop
  endfacet
  facet normal 0.000000e+00 1.000000e+00 0.000000e+00
    outer loop
      vertex   -2.447730e+00 -1.600000e+00 1.072421e+01
      vertex   -2.692532e+00 -1.600000e+00 9.630694e+00
      vertex   -2.979245e+00 -1.600000e+00 1.058887e+01
    endloop
  endfacet
  facet normal 0.000000e+00 1.000000e+00 0.000000e+00
    outer loop
      vertex   -2.979245e+00 -1.600000e+00 1.058887e+01
      vertex   -2.692532e+00 -1.600000e+00 9.630694e+00
      vertex   -3.188773e+00 -1.600000e+00 9.477960e+00
    endloop
  endfacet
  facet normal 0.000000e+00 1.000000e+00 0.000000e+00
    outer loop
      vertex   -2.979245e+00 -1.600000e+00 1.058887e+01
      vertex   -3.188773e+00 -1.600000e+00 9.477960e+00
      vertex   -3.503353e+00 -1.600000e+00 1.042720e+01
    endloop
  endfacet
  facet normal 0.000000e+00 1.000000e+00 0.000000e+00
    outer loop
      vertex   -3.503353e+00 -1.600000e+00 1.042720e+01
      vertex   -3.188773e+00 -1.600000e+00 9.477960e+00
      vertex   -4.018751e+00 -1.600000e+00 1.023961e+01
    endloop
  endfacet
  facet normal 0.000000e+00 1.000000e+00 0.000000e+00
    outer loop
      vertex   -4.018751e+00 -1.600000e+00 1.023961e+01
      vertex   -3.188773e+00 -1.600000e+00 9.477960e+00
      vertex   -3.676417e+00 -1.600000e+00 9.299675e+00
    endloop
  endfacet
  facet normal 0.000000e+00 1.000000e+00 0.000000e+00
    outer loop
      vertex   -4.018751e+00 -1.600000e+00 1.023961e+01
      vertex   -3.676417e+00 -1.600000e+00 9.299675e+00
      vertex   -4.524158e+00 -1.600000e+00 1.002656e+01
    endloop
  endfacet
  facet normal 0.000000e+00 1.000000e+00 0.000000e+00
    outer loop
      vertex   -4.524158e+00 -1.600000e+00 1.002656e+01
      vertex   -3.676417e+00 -1.600000e+00 9.299675e+00
      vertex   -4.154150e+00 -1.600000e+00 9.096320e+00
    endloop
  endfacet
  facet normal 0.000000e+00 1.000000e+00 0.000000e+00
    outer loop
      vertex   -4.524158e+00 -1.600000e+00 1.002656e+01
      vertex   -4.154150e+00 -1.600000e+00 9.096320e+00
      vertex   -5.018317e+00 -1.600000e+00 9.788590e+00
    endloop
  endfacet
  facet normal 0.000000e+00 1.000000e+00 0.000000e+00
    outer loop
      vertex   -5.018317e+00 -1.600000e+00 9.788590e+00
      vertex   -4.154150e+00 -1.600000e+00 9.096320e+00
      vertex   -4.620684e+00 -1.600000e+00 8.868443e+00
    endloop
  endfacet
  facet normal 0.000000e+00 1.000000e+00 0.000000e+00
    outer loop
      vertex   -5.018317e+00 -1.600000e+00 9.788590e+00
      vertex   -4.620684e+00 -1.600000e+00 8.868443e+00
      vertex   -5.500000e+00 -1.600000e+00 9.526279e+00
    endloop
  endfacet
  facet normal 0.000000e+00 1.000000e+00 0.000000e+00
    outer loop
      vertex   -5.500000e+00 -1.600000e+00 9.526279e+00
      vertex   -4.620684e+00 -1.600000e+00 8.868443e+00
      vertex   -5.074762e+00 -1.600000e+00 8.616658e+00
    endloop
  endfacet
  facet normal 0.000000e+00 1.000000e+00 0.000000e+00
    outer loop
      vertex   -5.500000e+00 -1.600000e+00 9.526279e+00
      vertex   -5.074762e+00 -1.600000e+00 8.616658e+00
      vertex   -5.968009e+00 -1.600000e+00 9.240285e+00
    endloop
  endfacet
  facet normal 0.000000e+00 1.000000e+00 0.000000e+00
    outer loop
      vertex   -5.968009e+00 -1.600000e+00 9.240285e+00
      vertex   -5.074762e+00 -1.600000e+00 8.616658e+00
      vertex   -5.515159e+00 -1.600000e+00 8.341644e+00
    endloop
  endfacet
  facet normal 0.000000e+00 1.000000e+00 0.000000e+00
    outer loop
      vertex   -5.968009e+00 -1.600000e+00 9.240285e+00
      vertex   -5.515159e+00 -1.600000e+00 8.341644e+00
      vertex   -6.421180e+00 -1.600000e+00 8.931318e+00
    endloop
  endfacet
  facet normal 0.000000e+00 1.000000e+00 0.000000e+00
    outer loop
      vertex   -6.421180e+00 -1.600000e+00 8.931318e+00
      vertex   -5.515159e+00 -1.600000e+00 8.341644e+00
      vertex   -5.940689e+00 -1.600000e+00 8.044142e+00
    endloop
  endfacet
  facet normal 0.000000e+00 1.000000e+00 0.000000e+00
    outer loop
      vertex   -6.421180e+00 -1.600000e+00 8.931318e+00
      vertex   -5.940689e+00 -1.600000e+00 8.044142e+00
      vertex   -6.858388e+00 -1.600000e+00 8.600146e+00
    endloop
  endfacet
  facet normal 0.000000e+00 1.000000e+00 0.000000e+00
    outer loop
      vertex   -6.858388e+00 -1.600000e+00 8.600146e+00
      vertex   -5.940689e+00 -1.600000e+00 8.044142e+00
      vertex   -6.350203e+00 -1.600000e+00 7.724955e+00
    endloop
  endfacet
  facet normal 0.000000e+00 1.000000e+00 0.000000e+00
    outer loop
      vertex   -6.858388e+00 -1.600000e+00 8.600146e+00
      vertex   -6.350203e+00 -1.600000e+00 7.724955e+00
      vertex   -7.278544e+00 -1.600000e+00 8.247593e+00
    endloop
  endfacet
  facet normal 0.000000e+00 1.000000e+00 0.000000e+00
    outer loop
      vertex   -7.278544e+00 -1.600000e+00 8.247593e+00
      vertex   -6.350203e+00 -1.600000e+00 7.724955e+00
      vertex   -6.742598e+00 -1.600000e+00 7.384942e+00
    endloop
  endfacet
  facet normal 0.000000e+00 1.000000e+00 0.000000e+00
    outer loop
      vertex   -7.278544e+00 -1.600000e+00 8.247593e+00
      vertex   -6.742598e+00 -1.600000e+00 7.384942e+00
      vertex   -7.680605e+00 -1.600000e+00 7.874535e+00
    endloop
  endfacet
  facet normal 0.000000e+00 1.000000e+00 0.000000e+00
    outer loop
      vertex   -7.680605e+00 -1.600000e+00 7.874535e+00
      vertex   -6.742598e+00 -1.600000e+00 7.384942e+00
      vertex   -7.116816e+00 -1.600000e+00 7.025022e+00
    endloop
  endfacet
  facet normal 0.000000e+00 1.000000e+00 0.000000e+00
    outer loop
      vertex   -7.680605e+00 -1.600000e+00 7.874535e+00
      vertex   -7.116816e+00 -1.600000e+00 7.025022e+00
      vertex   -8.063571e+00 -1.600000e+00 7.481900e+00
    endloop
  endfacet
  facet normal 0.000000e+00 1.000000e+00 0.000000e+00
    outer loop
      vertex   -8.063571e+00 -1.600000e+00 7.481900e+00
      vertex   -7.116816e+00 -1.600000e+00 7.025022e+00
      vertex   -7.471849e+00 -1.600000e+00 6.646163e+00
    endloop
  endfacet
  facet normal 0.000000e+00 1.000000e+00 0.000000e+00
    outer loop
      vertex   -8.063571e+00 -1.600000e+00 7.481900e+00
      vertex   -7.471849e+00 -1.600000e+00 6.646163e+00
      vertex   -8.426489e+00 -1.600000e+00 7.070664e+00
    endloop
  endfacet
  facet normal 0.000000e+00 1.000000e+00 0.000000e+00
    outer loop
      vertex   -8.426489e+00 -1.600000e+00 7.070664e+00
      vertex   -7.471849e+00 -1.600000e+00 6.646163e+00
      vertex   -7.806739e+00 -1.600000e+00 6.249387e+00
    endloop
  endfacet
  facet normal 0.000000e+00 1.000000e+00 0.000000e+00
    outer loop
      vertex   -8.426489e+00 -1.600000e+00 7.070664e+00
      vertex   -7.806739e+00 -1.600000e+00 6.249387e+00
      vertex   -8.768458e+00 -1.600000e+00 6.641849e+00
    endloop
  endfacet
  facet normal 0.000000e+00 1.000000e+00 0.000000e+00
    outer loop
      vertex   -8.768458e+00 -1.600000e+00 6.641849e+00
      vertex   -7.806739e+00 -1.600000e+00 6.249387e+00
      vertex   -8.120583e+00 -1.600000e+00 5.835764e+00
    endloop
  endfacet
  facet normal 0.000000e+00 1.000000e+00 0.000000e+00
    outer loop
      vertex   -8.768458e+00 -1.600000e+00 6.641849e+00
      vertex   -8.120583e+00 -1.600000e+00 5.835764e+00
      vertex   -9.088627e+00 -1.600000e+00 6.196521e+00
    endloop
  endfacet
  facet normal 0.000000e+00 1.000000e+00 0.000000e+00
    outer loop
      vertex   -9.088627e+00 -1.600000e+00 6.196521e+00
      vertex   -8.120583e+00 -1.600000e+00 5.835764e+00
      vertex   -8.412535e+00 -1.600000e+00 5.406408e+00
    endloop
  endfacet
  facet normal 0.000000e+00 1.000000e+00 0.000000e+00
    outer loop
      vertex   -9.088627e+00 -1.600000e+00 6.196521e+00
      vertex   -8.412535e+00 -1.600000e+00 5.406408e+00
      vertex   -9.386200e+00 -1.600000e+00 5.735787e+00
    endloop
  endfacet
  facet normal 0.000000e+00 1.000000e+00 0.000000e+00
    outer loop
      vertex   -9.386200e+00 -1.600000e+00 5.735787e+00
      vertex   -8.412535e+00 -1.600000e+00 5.406408e+00
      vertex   -8.681809e+00 -1.600000e+00 4.962478e+00
    endloop
  endfacet
  facet normal 0.000000e+00 1.000000e+00 0.000000e+00
    outer loop
      vertex   -9.386200e+00 -1.600000e+00 5.735787e+00
      vertex   -8.681809e+00 -1.600000e+00 4.962478e+00
      vertex   -9.660437e+00 -1.600000e+00 5.260794e+00
    endloop
  endfacet
  facet normal 0.000000e+00 1.000000e+00 0.000000e+00
    outer loop
      vertex   -9.660437e+00 -1.600000e+00 5.260794e+00
      vertex   -8.681809e+00 -1.600000e+00 4.962478e+00
      vertex   -8.927678e+00 -1.600000e+00 4.505170e+00
    endloop
  endfacet
  facet normal 0.000000e+00 1.000000e+00 0.000000e+00
    outer loop
      vertex   -9.660437e+00 -1.600000e+00 5.260794e+00
      vertex   -8.927678e+00 -1.600000e+00 4.505170e+00
      vertex   -9.910658e+00 -1.600000e+00 4.772721e+00
    endloop
  endfacet
  facet normal 0.000000e+00 1.000000e+00 0.000000e+00
    outer loop
      vertex   -9.910658e+00 -1.600000e+00 4.772721e+00
      vertex   -8.927678e+00 -1.600000e+00 4.505170e+00
      vertex   -9.149480e+00 -1.600000e+00 4.035717e+00
    endloop
  endfacet
  facet normal 0.000000e+00 1.000000e+00 0.000000e+00
    outer loop
      vertex   -9.910658e+00 -1.600000e+00 4.772721e+00
      vertex   -9.149480e+00 -1.600000e+00 4.035717e+00
      vertex   -1.013624e+01 -1.600000e+00 4.272783e+00
    endloop
  endfacet
  facet normal 0.000000e+00 1.000000e+00 0.000000e+00
    outer loop
      vertex   -1.013624e+01 -1.600000e+00 4.272783e+00
      vertex   -9.149480e+00 -1.600000e+00 4.035717e+00
      vertex   -9.346617e+00 -1.600000e+00 3.555384e+00
    endloop
  endfacet
  facet normal 0.000000e+00 1.000000e+00 0.000000e+00
    outer loop
      vertex   -1.013624e+01 -1.600000e+00 4.272783e+00
      vertex   -9.346617e+00 -1.600000e+00 3.555384e+00
      vertex   -1.033662e+01 -1.600000e+00 3.762222e+00
    endloop
  endfacet
  facet normal 0.000000e+00 1.000000e+00 0.000000e+00
    outer loop
      vertex   -1.033662e+01 -1.600000e+00 3.762222e+00
      vertex   -9.346617e+00 -1.600000e+00 3.555384e+00
      vertex   -9.518556e+00 -1.600000e+00 3.065467e+00
    endloop
  endfacet
  facet normal 0.000000e+00 1.000000e+00 0.000000e+00
    outer loop
      vertex   -1.033662e+01 -1.600000e+00 3.762222e+00
      vertex   -9.518556e+00 -1.600000e+00 3.065467e+00
      vertex   -1.051130e+01 -1.600000e+00 3.242307e+00
    endloop
  endfacet
  facet normal 0.000000e+00 1.000000e+00 0.000000e+00
    outer loop
      vertex   -1.051130e+01 -1.600000e+00 3.242307e+00
      vertex   -9.518556e+00 -1.600000e+00 3.065467e+00
      vertex   -9.664836e+00 -1.600000e+00 2.567285e+00
    endloop
  endfacet
  facet normal 0.000000e+00 1.000000e+00 0.000000e+00
    outer loop
      vertex   -1.051130e+01 -1.600000e+00 3.242307e+00
      vertex   -9.664836e+00 -1.600000e+00 2.567285e+00
      vertex   -1.065985e+01 -1.600000e+00 2.714331e+00
    endloop
  endfacet
  facet normal 0.000000e+00 1.000000e+00 0.000000e+00
    outer loop
      vertex   -1.065985e+01 -1.600000e+00 2.714331e+00
      vertex   -9.664836e+00 -1.600000e+00 2.567285e+00
      vertex   -9.785060e+00 -1.600000e+00 2.062183e+00
    endloop
  endfacet
  facet normal 0.000000e+00 1.000000e+00 0.000000e+00
    outer loop
      vertex   -1.065985e+01 -1.600000e+00 2.714331e+00
      vertex   -9.785060e+00 -1.600000e+00 2.062183e+00
      vertex   -1.078190e+01 -1.600000e+00 2.179608e+00
    endloop
  endfacet
  facet normal 0.000000e+00 1.000000e+00 0.000000e+00
    outer loop
      vertex   -1.078190e+01 -1.600000e+00 2.179608e+00
      vertex   -9.785060e+00 -1.600000e+00 2.062183e+00
      vertex   -9.878906e+00 -1.600000e+00 1.551521e+00
    endloop
  endfacet
  facet normal 0.000000e+00 1.000000e+00 0.000000e+00
    outer loop
      vertex   -1.078190e+01 -1.600000e+00 2.179608e+00
      vertex   -9.878906e+00 -1.600000e+00 1.551521e+00
      vertex   -1.087714e+01 -1.600000e+00 1.639465e+00
    endloop
  endfacet
  facet normal 0.000000e+00 1.000000e+00 0.000000e+00
    outer loop
      vertex   -1.087714e+01 -1.600000e+00 1.639465e+00
      vertex   -9.878906e+00 -1.600000e+00 1.551521e+00
      vertex   -9.946120e+00 -1.600000e+00 1.036677e+00
    endloop
  endfacet
  facet normal 0.000000e+00 1.000000e+00 0.000000e+00
    outer loop
      vertex   -1.087714e+01 -1.600000e+00 1.639465e+00
      vertex   -9.946120e+00 -1.600000e+00 1.036677e+00
      vertex   -1.094534e+01 -1.600000e+00 1.095246e+00
    endloop
  endfacet
  facet normal 0.000000e+00 1.000000e+00 0.000000e+00
    outer loop
      vertex   -1.094534e+01 -1.600000e+00 1.095246e+00
      vertex   -9.946120e+00 -1.600000e+00 1.036677e+00
      vertex   -9.986521e+00 -1.600000e+00 5.190382e-01
    endloop
  endfacet
  facet normal 0.000000e+00 1.000000e+00 0.000000e+00
    outer loop
      vertex   -1.094534e+01 -1.600000e+00 1.095246e+00
      vertex   -9.986521e+00 -1.600000e+00 5.190382e-01
      vertex   -1.098633e+01 -1.600000e+00 5.483047e-01
    endloop
  endfacet
  facet normal 0.000000e+00 1.000000e+00 0.000000e+00
    outer loop
      vertex   -1.098633e+01 -1.600000e+00 5.483047e-01
      vertex   -9.986521e+00 -1.600000e+00 5.190382e-01
      vertex   -1.000000e+01 -1.600000e+00 1.224647e-15
    endloop
  endfacet
  facet normal 0.000000e+00 -1.000000e+00 0.000000e+00
    outer loop
      vertex   -1.098633e+01 -7.600000e+00 -5.483047e-01
      vertex   1.098633e+01 -7.600000e+00 -5.483047e-01
      vertex   -1.100000e+01 -7.600000e+00 1.347111e-15
    endloop
  endfacet
  facet normal 0.000000e+00 -1.000000e+00 0.000000e+00
    outer loop
      vertex   -1.100000e+01 -7.600000e+00 1.347111e-15
      vertex   1.098633e+01 -7.600000e+00 -5.483047e-01
      vertex   1.100000e+01 -7.600000e+00 0.000000e+00
    endloop
  endfacet
  facet normal 0.000000e+00 -1.000000e+00 0.000000e+00
    outer loop
      vertex   -1.100000e+01 -7.600000e+00 1.347111e-15
      vertex   1.100000e+01 -7.600000e+00 0.000000e+00
      vertex   -1.098633e+01 -7.600000e+00 5.483047e-01
    endloop
  endfacet
  facet normal 0.000000e+00 -1.000000e+00 0.000000e+00
    outer loop
      vertex   -1.098633e+01 -7.600000e+00 5.483047e-01
      vertex   1.100000e+01 -7.600000e+00 0.000000e+00
      vertex   1.098633e+01 -7.600000e+00 5.483047e-01
    endloop
  endfacet
  facet normal 0.000000e+00 -1.000000e+00 0.000000e+00
    outer loop
      vertex   -1.098633e+01 -7.600000e+00 5.483047e-01
      vertex   1.098633e+01 -7.600000e+00 5.483047e-01
      vertex   -1.094534e+01 -7.600000e+00 1.095246e+00
    endloop
  endfacet
  facet normal 0.000000e+00 -1.000000e+00 0.000000e+00
    outer loop
      vertex   -1.094534e+01 -7.600000e+00 1.095246e+00
      vertex   1.098633e+01 -7.600000e+00 5.483047e-01
      vertex   1.094534e+01 -7.600000e+00 1.095246e+00
    endloop
  endfacet
  facet normal 0.000000e+00 -1.000000e+00 0.000000e+00
    outer loop
      vertex   -1.094534e+01 -7.600000e+00 1.095246e+00
      vertex   1.094534e+01 -7.600000e+00 1.095246e+00
      vertex   -1.087714e+01 -7.600000e+00 1.639465e+00
    endloop
  endfacet
  facet normal 0.000000e+00 -1.000000e+00 0.000000e+00
    outer loop
      vertex   -1.087714e+01 -7.600000e+00 1.639465e+00
      vertex   1.094534e+01 -7.600000e+00 1.095246e+00
      vertex   1.087714e+01 -7.600000e+00 1.639465e+00
    endloop
  endfacet
  facet normal 0.000000e+00 -1.000000e+00 0.000000e+00
    outer loop
      vertex   -1.087714e+01 -7.600000e+00 1.639465e+00
      vertex   1.087714e+01 -7.600000e+00 1.639465e+00
      vertex   -1.078190e+01 -7.600000e+00 2.179608e+00
    endloop
  endfacet
  facet normal 0.000000e+00 -1.000000e+00 0.000000e+00
    outer loop
      vertex   -1.078190e+01 -7.600000e+00 2.179608e+00
      vertex   1.087714e+01 -7.600000e+00 1.639465e+00
      vertex   1.078190e+01 -7.600000e+00 2.179608e+00
    endloop
  endfacet
  facet normal 0.000000e+00 -1.000000e+00 0.000000e+00
    outer loop
      vertex   -1.078190e+01 -7.600000e+00 2.179608e+00
      vertex   1.078190e+01 -7.600000e+00 2.179608e+00
      vertex   -1.065985e+01 -7.600000e+00 2.714331e+00
    endloop
  endfacet
  facet normal 0.000000e+00 -1.000000e+00 0.000000e+00
    outer loop
      vertex   -1.065985e+01 -7.600000e+00 2.714331e+00
      vertex   1.078190e+01 -7.600000e+00 2.179608e+00
      vertex   1.065985e+01 -7.600000e+00 2.714331e+00
    endloop
  endfacet
  facet normal 0.000000e+00 -1.000000e+00 0.000000e+00
    outer loop
      vertex   -1.065985e+01 -7.600000e+00 2.714331e+00
      vertex   1.065985e+01 -7.600000e+00 2.714331e+00
      vertex   -1.051130e+01 -7.600000e+00 3.242307e+00
    endloop
  endfacet
  facet normal 0.000000e+00 -1.000000e+00 0.000000e+00
    outer loop
      vertex   -1.051130e+01 -7.600000e+00 3.242307e+00
      vertex   1.065985e+01 -7.600000e+00 2.714331e+00
      vertex   1.051130e+01 -7.600000e+00 3.242307e+00
    endloop
  endfacet
  facet normal 0.000000e+00 -1.000000e+00 0.000000e+00
    outer loop
      vertex   -1.051130e+01 -7.600000e+00 3.242307e+00
      vertex   1.051130e+01 -7.600000e+00 3.242307e+00
      vertex   -1.033662e+01 -7.600000e+00 3.762222e+00
    endloop
  endfacet
  facet normal 0.000000e+00 -1.000000e+00 0.000000e+00
    outer loop
      vertex   -1.033662e+01 -7.600000e+00 3.762222e+00
      vertex   1.051130e+01 -7.600000e+00 3.242307e+00
      vertex   1.033662e+01 -7.600000e+00 3.762222e+00
    endloop
  endfacet
  facet normal 0.000000e+00 -1.000000e+00 0.000000e+00
    outer loop
      vertex   -1.033662e+01 -7.600000e+00 3.762222e+00
      vertex   1.033662e+01 -7.600000e+00 3.762222e+00
      vertex   -1.013624e+01 -7.600000e+00 4.272783e+00
    endloop
  endfacet
  facet normal 0.000000e+00 -1.000000e+00 0.000000e+00
    outer loop
      vertex   -1.013624e+01 -7.600000e+00 4.272783e+00
      vertex   1.033662e+01 -7.600000e+00 3.762222e+00
      vertex   1.013624e+01 -7.600000e+00 4.272783e+00
    endloop
  endfacet
  facet normal 0.000000e+00 -1.000000e+00 0.000000e+00
    outer loop
      vertex   -1.013624e+01 -7.600000e+00 4.272783e+00
      vertex   1.013624e+01 -7.600000e+00 4.272783e+00
      vertex   -9.910658e+00 -7.600000e+00 4.772721e+00
    endloop
  endfacet
  facet normal 0.000000e+00 -1.000000e+00 0.000000e+00
    outer loop
      vertex   -9.910658e+00 -7.600000e+00 4.772721e+00
      vertex   1.013624e+01 -7.600000e+00 4.272783e+00
      vertex   9.910658e+00 -7.600000e+00 4.772721e+00
    endloop
  endfacet
  facet normal 0.000000e+00 -1.000000e+00 0.000000e+00
    outer loop
      vertex   -9.910658e+00 -7.600000e+00 4.772721e+00
      vertex   9.910658e+00 -7.600000e+00 4.772721e+00
      vertex   -9.660437e+00 -7.600000e+00 5.260794e+00
    endloop
  endfacet
  facet normal 0.000000e+00 -1.000000e+00 0.000000e+00
    outer loop
      vertex   -9.660437e+00 -7.600000e+00 5.260794e+00
      vertex   9.910658e+00 -7.600000e+00 4.772721e+00
      vertex   9.660437e+00 -7.600000e+00 5.260794e+00
    endloop
  endfacet
  facet normal 0.000000e+00 -1.000000e+00 0.000000e+00
    outer loop
      vertex   -9.660437e+00 -7.600000e+00 5.260794e+00
      vertex   9.660437e+00 -7.600000e+00 5.260794e+00
      vertex   -9.386200e+00 -7.600000e+00 5.735787e+00
    endloop
  endfacet
  facet normal 0.000000e+00 -1.000000e+00 0.000000e+00
    outer loop
      vertex   -9.386200e+00 -7.600000e+00 5.735787e+00
      vertex   9.660437e+00 -7.600000e+00 5.260794e+00
      vertex   9.386200e+00 -7.600000e+00 5.735787e+00
    endloop
  endfacet
  facet normal 0.000000e+00 -1.000000e+00 0.000000e+00
    outer loop
      vertex   -9.386200e+00 -7.600000e+00 5.735787e+00
      vertex   9.386200e+00 -7.600000e+00 5.735787e+00
      vertex   -9.088627e+00 -7.600000e+00 6.196521e+00
    endloop
  endfacet
  facet normal 0.000000e+00 -1.000000e+00 0.000000e+00
    outer loop
      vertex   -9.088627e+00 -7.600000e+00 6.196521e+00
      vertex   9.386200e+00 -7.600000e+00 5.735787e+00
      vertex   9.088627e+00 -7.600000e+00 6.196521e+00
    endloop
  endfacet
  facet normal 0.000000e+00 -1.000000e+00 0.000000e+00
    outer loop
      vertex   -9.088627e+00 -7.600000e+00 6.196521e+00
      vertex   9.088627e+00 -7.600000e+00 6.196521e+00
      vertex   -8.768458e+00 -7.600000e+00 6.641849e+00
    endloop
  endfacet
  facet normal 0.000000e+00 -1.000000e+00 0.000000e+00
    outer loop
      vertex   -8.768458e+00 -7.600000e+00 6.641849e+00
      vertex   9.088627e+00 -7.600000e+00 6.196521e+00
      vertex   8.768458e+00 -7.600000e+00 6.641849e+00
    endloop
  endfacet
  facet normal 0.000000e+00 -1.000000e+00 0.000000e+00
    outer loop
      vertex   -8.768458e+00 -7.600000e+00 6.641849e+00
      vertex   8.768458e+00 -7.600000e+00 6.641849e+00
      vertex   -8.426489e+00 -7.600000e+00 7.070664e+00
    endloop
  endfacet
  facet normal 0.000000e+00 -1.000000e+00 0.000000e+00
    outer loop
      vertex   -8.426489e+00 -7.600000e+00 7.070664e+00
      vertex   8.768458e+00 -7.600000e+00 6.641849e+00
      vertex   8.426489e+00 -7.600000e+00 7.070664e+00
    endloop
  endfacet
  facet normal 0.000000e+00 -1.000000e+00 0.000000e+00
    outer loop
      vertex   -8.426489e+00 -7.600000e+00 7.070664e+00
      vertex   8.426489e+00 -7.600000e+00 7.070664e+00
      vertex   -8.063571e+00 -7.600000e+00 7.481900e+00
    endloop
  endfacet
  facet normal 0.000000e+00 -1.000000e+00 0.000000e+00
    outer loop
      vertex   -8.063571e+00 -7.600000e+00 7.481900e+00
      vertex   8.426489e+00 -7.600000e+00 7.070664e+00
      vertex   8.063571e+00 -7.600000e+00 7.481900e+00
    endloop
  endfacet
  facet normal 0.000000e+00 -1.000000e+00 0.000000e+00
    outer loop
      vertex   -8.063571e+00 -7.600000e+00 7.481900e+00
      vertex   8.063571e+00 -7.600000e+00 7.481900e+00
      vertex   -7.680605e+00 -7.600000e+00 7.874535e+00
    endloop
  endfacet
  facet normal 0.000000e+00 -1.000000e+00 0.000000e+00
    outer loop
      vertex   -7.680605e+00 -7.600000e+00 7.874535e+00
      vertex   8.063571e+00 -7.600000e+00 7.481900e+00
      vertex   7.680605e+00 -7.600000e+00 7.874535e+00
    endloop
  endfacet
  facet normal 0.000000e+00 -1.000000e+00 0.000000e+00
    outer loop
      vertex   -7.680605e+00 -7.600000e+00 7.874535e+00
      vertex   7.680605e+00 -7.600000e+00 7.874535e+00
      vertex   -7.278544e+00 -7.600000e+00 8.247593e+00
    endloop
  endfacet
  facet normal 0.000000e+00 -1.000000e+00 0.000000e+00
    outer loop
      vertex   -7.278544e+00 -7.600000e+00 8.247593e+00
      vertex   7.680605e+00 -7.600000e+00 7.874535e+00
      vertex   7.278544e+00 -7.600000e+00 8.247593e+00
    endloop
  endfacet
  facet normal 0.000000e+00 -1.000000e+00 0.000000e+00
    outer loop
      vertex   -7.278544e+00 -7.600000e+00 8.247593e+00
      vertex   7.278544e+00 -7.600000e+00 8.247593e+00
      vertex   -6.858388e+00 -7.600000e+00 8.600146e+00
    endloop
  endfacet
  facet normal 0.000000e+00 -1.000000e+00 0.000000e+00
    outer loop
      vertex   -6.858388e+00 -7.600000e+00 8.600146e+00
      vertex   7.278544e+00 -7.600000e+00 8.247593e+00
      vertex   6.858388e+00 -7.600000e+00 8.600146e+00
    endloop
  endfacet
  facet normal 0.000000e+00 -1.000000e+00 0.000000e+00
    outer loop
      vertex   -6.858388e+00 -7.600000e+00 8.600146e+00
      vertex   6.858388e+00 -7.600000e+00 8.600146e+00
      vertex   -6.421180e+00 -7.600000e+00 8.931318e+00
    endloop
  endfacet
  facet normal 0.000000e+00 -1.000000e+00 0.000000e+00
    outer loop
      vertex   -6.421180e+00 -7.600000e+00 8.931318e+00
      vertex   6.858388e+00 -7.600000e+00 8.600146e+00
      vertex   6.421180e+00 -7.600000e+00 8.931318e+00
    endloop
  endfacet
  facet normal 0.000000e+00 -1.000000e+00 0.000000e+00
    outer loop
      vertex   -6.421180e+00 -7.600000e+00 8.931318e+00
      vertex   6.421180e+00 -7.600000e+00 8.931318e+00
      vertex   -5.968009e+00 -7.600000e+00 9.240285e+00
    endloop
  endfacet
  facet normal 0.000000e+00 -1.000000e+00 0.000000e+00
    outer loop
      vertex   -5.968009e+00 -7.600000e+00 9.240285e+00
      vertex   6.421180e+00 -7.600000e+00 8.931318e+00
      vertex   5.968009e+00 -7.600000e+00 9.240285e+00
    endloop
  endfacet
  facet normal 0.000000e+00 -1.000000e+00 0.000000e+00
    outer loop
      vertex   -5.968009e+00 -7.600000e+00 9.240285e+00
      vertex   5.968009e+00 -7.600000e+00 9.240285e+00
      vertex   -5.500000e+00 -7.600000e+00 9.526279e+00
    endloop
  endfacet
  facet normal 0.000000e+00 -1.000000e+00 0.000000e+00
    outer loop
      vertex   -5.500000e+00 -7.600000e+00 9.526279e+00
      vertex   5.968009e+00 -7.600000e+00 9.240285e+00
      vertex   5.500000e+00 -7.600000e+00 9.526279e+00
    endloop
  endfacet
  facet normal 0.000000e+00 -1.000000e+00 0.000000e+00
    outer loop
      vertex   -5.500000e+00 -7.600000e+00 9.526279e+00
      vertex   5.500000e+00 -7.600000e+00 9.526279e+00
      vertex   -5.018317e+00 -7.600000e+00 9.788590e+00
    endloop
  endfacet
  facet normal 0.000000e+00 -1.000000e+00 0.000000e+00
    outer loop
      vertex   -5.018317e+00 -7.600000e+00 9.788590e+00
      vertex   5.500000e+00 -7.600000e+00 9.526279e+00
      vertex   5.018317e+00 -7.600000e+00 9.788590e+00
    endloop
  endfacet
  facet normal 0.000000e+00 -1.000000e+00 0.000000e+00
    outer loop
      vertex   -5.018317e+00 -7.600000e+00 9.788590e+00
      vertex   5.018317e+00 -7.600000e+00 9.788590e+00
      vertex   -4.524158e+00 -7.600000e+00 1.002656e+01
    endloop
  endfacet
  facet normal 0.000000e+00 -1.000000e+00 0.000000e+00
    outer loop
      vertex   -4.524158e+00 -7.600000e+00 1.002656e+01
      vertex   5.018317e+00 -7.600000e+00 9.788590e+00
      vertex   4.524158e+00 -7.600000e+00 1.002656e+01
    endloop
  endfacet
  facet normal 0.000000e+00 -1.000000e+00 0.000000e+00
    outer loop
      vertex   -4.524158e+00 -7.600000e+00 1.002656e+01
      vertex   4.524158e+00 -7.600000e+00 1.002656e+01
      vertex   -4.018751e+00 -7.600000e+00 1.023961e+01
    endloop
  endfacet
  facet normal 0.000000e+00 -1.000000e+00 0.000000e+00
    outer loop
      vertex   -4.018751e+00 -7.600000e+00 1.023961e+01
      vertex   4.524158e+00 -7.600000e+00 1.002656e+01
      vertex   4.018751e+00 -7.600000e+00 1.023961e+01
    endloop
  endfacet
  facet normal 0.000000e+00 -1.000000e+00 0.000000e+00
    outer loop
      vertex   -4.018751e+00 -7.600000e+00 1.023961e+01
      vertex   4.018751e+00 -7.600000e+00 1.023961e+01
      vertex   -3.503353e+00 -7.600000e+00 1.042720e+01
    endloop
  endfacet
  facet normal 0.000000e+00 -1.000000e+00 0.000000e+00
    outer loop
      vertex   -3.503353e+00 -7.600000e+00 1.042720e+01
      vertex   4.018751e+00 -7.600000e+00 1.023961e+01
      vertex   3.503353e+00 -7.600000e+00 1.042720e+01
    endloop
  endfacet
  facet normal 0.000000e+00 -1.000000e+00 0.000000e+00
    outer loop
      vertex   -3.503353e+00 -7.600000e+00 1.042720e+01
      vertex   3.503353e+00 -7.600000e+00 1.042720e+01
      vertex   -2.979245e+00 -7.600000e+00 1.058887e+01
    endloop
  endfacet
  facet normal 0.000000e+00 -1.000000e+00 0.000000e+00
    outer loop
      vertex   -2.979245e+00 -7.600000e+00 1.058887e+01
      vertex   3.503353e+00 -7.600000e+00 1.042720e+01
      vertex   2.979245e+00 -7.600000e+00 1.058887e+01
    endloop
  endfacet
  facet normal 0.000000e+00 -1.000000e+00 0.000000e+00
    outer loop
      vertex   -2.979245e+00 -7.600000e+00 1.058887e+01
      vertex   2.979245e+00 -7.600000e+00 1.058887e+01
      vertex   -2.447730e+00 -7.600000e+00 1.072421e+01
    endloop
  endfacet
  facet normal 0.000000e+00 -1.000000e+00 0.000000e+00
    outer loop
      vertex   -2.447730e+00 -7.600000e+00 1.072421e+01
      vertex   2.979245e+00 -7.600000e+00 1.058887e+01
      vertex   2.447730e+00 -7.600000e+00 1.072421e+01
    endloop
  endfacet
  facet normal 0.000000e+00 -1.000000e+00 0.000000e+00
    outer loop
      vertex   -2.447730e+00 -7.600000e+00 1.072421e+01
      vertex   2.447730e+00 -7.600000e+00 1.072421e+01
      vertex   -1.910130e+00 -7.600000e+00 1.083289e+01
    endloop
  endfacet
  facet normal 0.000000e+00 -1.000000e+00 0.000000e+00
    outer loop
      vertex   -1.910130e+00 -7.600000e+00 1.083289e+01
      vertex   2.447730e+00 -7.600000e+00 1.072421e+01
      vertex   1.910130e+00 -7.600000e+00 1.083289e+01
    endloop
  endfacet
  facet normal 0.000000e+00 -1.000000e+00 0.000000e+00
    outer loop
      vertex   -1.910130e+00 -7.600000e+00 1.083289e+01
      vertex   1.910130e+00 -7.600000e+00 1.083289e+01
      vertex   -1.367781e+00 -7.600000e+00 1.091463e+01
    endloop
  endfacet
  facet normal 0.000000e+00 -1.000000e+00 0.000000e+00
    outer loop
      vertex   -1.367781e+00 -7.600000e+00 1.091463e+01
      vertex   1.910130e+00 -7.600000e+00 1.083289e+01
      vertex   1.367781e+00 -7.600000e+00 1.091463e+01
    endloop
  endfacet
  facet normal 0.000000e+00 -1.000000e+00 0.000000e+00
    outer loop
      vertex   -1.367781e+00 -7.600000e+00 1.091463e+01
      vertex   1.367781e+00 -7.600000e+00 1.091463e+01
      vertex   -8.220310e-01 -7.600000e+00 1.096924e+01
    endloop
  endfacet
  facet normal 0.000000e+00 -1.000000e+00 0.000000e+00
    outer loop
      vertex   -8.220310e-01 -7.600000e+00 1.096924e+01
      vertex   1.367781e+00 -7.600000e+00 1.091463e+01
      vertex   8.220310e-01 -7.600000e+00 1.096924e+01
    endloop
  endfacet
  facet normal 0.000000e+00 -1.000000e+00 0.000000e+00
    outer loop
      vertex   -8.220310e-01 -7.600000e+00 1.096924e+01
      vertex   8.220310e-01 -7.600000e+00 1.096924e+01
      vertex   -2.742376e-01 -7.600000e+00 1.099658e+01
    endloop
  endfacet
  facet normal 0.000000e+00 -1.000000e+00 0.000000e+00
    outer loop
      vertex   -2.742376e-01 -7.600000e+00 1.099658e+01
      vertex   8.220310e-01 -7.600000e+00 1.096924e+01
      vertex   2.742376e-01 -7.600000e+00 1.099658e+01
    endloop
  endfacet
  facet normal -0.000000e+00 -1.000000e+00 0.000000e+00
    outer loop
      vertex   1.098633e+01 -7.600000e+00 -5.483047e-01
      vertex   -1.098633e+01 -7.600000e+00 -5.483047e-01
      vertex   1.094534e+01 -7.600000e+00 -1.095246e+00
    endloop
  endfacet
  facet normal 0.000000e+00 -1.000000e+00 0.000000e+00
    outer loop
      vertex   1.094534e+01 -7.600000e+00 -1.095246e+00
      vertex   -1.098633e+01 -7.600000e+00 -5.483047e-01
      vertex   -1.094534e+01 -7.600000e+00 -1.095246e+00
    endloop
  endfacet
  facet normal -0.000000e+00 -1.000000e+00 0.000000e+00
    outer loop
      vertex   1.094534e+01 -7.600000e+00 -1.095246e+00
      vertex   -1.094534e+01 -7.600000e+00 -1.095246e+00
      vertex   1.087714e+01 -7.600000e+00 -1.639465e+00
    endloop
  endfacet
  facet normal 0.000000e+00 -1.000000e+00 0.000000e+00
    outer loop
      vertex   1.087714e+01 -7.600000e+00 -1.639465e+00
      vertex   -1.094534e+01 -7.600000e+00 -1.095246e+00
      vertex   -1.087714e+01 -7.600000e+00 -1.639465e+00
    endloop
  endfacet
  facet normal -0.000000e+00 -1.000000e+00 0.000000e+00
    outer loop
      vertex   1.087714e+01 -7.600000e+00 -1.639465e+00
      vertex   -1.087714e+01 -7.600000e+00 -1.639465e+00
      vertex   1.078190e+01 -7.600000e+00 -2.179608e+00
    endloop
  endfacet
  facet normal 0.000000e+00 -1.000000e+00 0.000000e+00
    outer loop
      vertex   1.078190e+01 -7.600000e+00 -2.179608e+00
      vertex   -1.087714e+01 -7.600000e+00 -1.639465e+00
      vertex   -1.078190e+01 -7.600000e+00 -2.179608e+00
    endloop
  endfacet
  facet normal -0.000000e+00 -1.000000e+00 0.000000e+00
    outer loop
      vertex   1.078190e+01 -7.600000e+00 -2.179608e+00
      vertex   -1.078190e+01 -7.600000e+00 -2.179608e+00
      vertex   1.065985e+01 -7.600000e+00 -2.714331e+00
    endloop
  endfacet
  facet normal 0.000000e+00 -1.000000e+00 0.000000e+00
    outer loop
      vertex   1.065985e+01 -7.600000e+00 -2.714331e+00
      vertex   -1.078190e+01 -7.600000e+00 -2.179608e+00
      vertex   -1.065985e+01 -7.600000e+00 -2.714331e+00
    endloop
  endfacet
  facet normal -0.000000e+00 -1.000000e+00 0.000000e+00
    outer loop
      vertex   1.065985e+01 -7.600000e+00 -2.714331e+00
      vertex   -1.065985e+01 -7.600000e+00 -2.714331e+00
      vertex   1.051130e+01 -7.600000e+00 -3.242307e+00
    endloop
  endfacet
  facet normal 0.000000e+00 -1.000000e+00 0.000000e+00
    outer loop
      vertex   1.051130e+01 -7.600000e+00 -3.242307e+00
      vertex   -1.065985e+01 -7.600000e+00 -2.714331e+00
      vertex   -1.051130e+01 -7.600000e+00 -3.242307e+00
    endloop
  endfacet
  facet normal -0.000000e+00 -1.000000e+00 0.000000e+00
    outer loop
      vertex   1.051130e+01 -7.600000e+00 -3.242307e+00
      vertex   -1.051130e+01 -7.600000e+00 -3.242307e+00
      vertex   1.033662e+01 -7.600000e+00 -3.762222e+00
    endloop
  endfacet
  facet normal 0.000000e+00 -1.000000e+00 0.000000e+00
    outer loop
      vertex   1.033662e+01 -7.600000e+00 -3.762222e+00
      vertex   -1.051130e+01 -7.600000e+00 -3.242307e+00
      vertex   -1.033662e+01 -7.600000e+00 -3.762222e+00
    endloop
  endfacet
  facet normal -0.000000e+00 -1.000000e+00 0.000000e+00
    outer loop
      vertex   1.033662e+01 -7.600000e+00 -3.762222e+00
      vertex   -1.033662e+01 -7.600000e+00 -3.762222e+00
      vertex   1.013624e+01 -7.600000e+00 -4.272783e+00
    endloop
  endfacet
  facet normal 0.000000e+00 -1.000000e+00 0.000000e+00
    outer loop
      vertex   1.013624e+01 -7.600000e+00 -4.272783e+00
      vertex   -1.033662e+01 -7.600000e+00 -3.762222e+00
      vertex   -1.013624e+01 -7.600000e+00 -4.272783e+00
    endloop
  endfacet
  facet normal -0.000000e+00 -1.000000e+00 0.000000e+00
    outer loop
      vertex   1.013624e+01 -7.600000e+00 -4.272783e+00
      vertex   -1.013624e+01 -7.600000e+00 -4.272783e+00
      vertex   9.910658e+00 -7.600000e+00 -4.772721e+00
    endloop
  endfacet
  facet normal -0.000000e+00 -1.000000e+00 0.000000e+00
    outer loop
      vertex   9.910658e+00 -7.600000e+00 -4.772721e+00
      vertex   -1.013624e+01 -7.600000e+00 -4.272783e+00
      vertex   -9.910658e+00 -7.600000e+00 -4.772721e+00
    endloop
  endfacet
  facet normal 0.000000e+00 -1.000000e+00 0.000000e+00
    outer loop
      vertex   9.910658e+00 -7.600000e+00 -4.772721e+00
      vertex   -9.910658e+00 -7.600000e+00 -4.772721e+00
      vertex   9.660437e+00 -7.600000e+00 -5.260794e+00
    endloop
  endfacet
  facet normal 0.000000e+00 -1.000000e+00 0.000000e+00
    outer loop
      vertex   9.660437e+00 -7.600000e+00 -5.260794e+00
      vertex   -9.910658e+00 -7.600000e+00 -4.772721e+00
      vertex   -9.660437e+00 -7.600000e+00 -5.260794e+00
    endloop
  endfacet
  facet normal -0.000000e+00 -1.000000e+00 0.000000e+00
    outer loop
      vertex   9.660437e+00 -7.600000e+00 -5.260794e+00
      vertex   -9.660437e+00 -7.600000e+00 -5.260794e+00
      vertex   9.386200e+00 -7.600000e+00 -5.735787e+00
    endloop
  endfacet
  facet normal 0.000000e+00 -1.000000e+00 0.000000e+00
    outer loop
      vertex   9.386200e+00 -7.600000e+00 -5.735787e+00
      vertex   -9.660437e+00 -7.600000e+00 -5.260794e+00
      vertex   -9.386200e+00 -7.600000e+00 -5.735787e+00
    endloop
  endfacet
  facet normal -0.000000e+00 -1.000000e+00 0.000000e+00
    outer loop
      vertex   9.386200e+00 -7.600000e+00 -5.735787e+00
      vertex   -9.386200e+00 -7.600000e+00 -5.735787e+00
      vertex   9.088627e+00 -7.600000e+00 -6.196521e+00
    endloop
  endfacet
  facet normal 0.000000e+00 -1.000000e+00 0.000000e+00
    outer loop
      vertex   9.088627e+00 -7.600000e+00 -6.196521e+00
      vertex   -9.386200e+00 -7.600000e+00 -5.735787e+00
      vertex   -9.088627e+00 -7.600000e+00 -6.196521e+00
    endloop
  endfacet
  facet normal -0.000000e+00 -1.000000e+00 0.000000e+00
    outer loop
      vertex   9.088627e+00 -7.600000e+00 -6.196521e+00
      vertex   -9.088627e+00 -7.600000e+00 -6.196521e+00
      vertex   8.768458e+00 -7.600000e+00 -6.641849e+00
    endloop
  endfacet
  facet normal 0.000000e+00 -1.000000e+00 0.000000e+00
    outer loop
      vertex   8.768458e+00 -7.600000e+00 -6.641849e+00
      vertex   -9.088627e+00 -7.600000e+00 -6.196521e+00
      vertex   -8.768458e+00 -7.600000e+00 -6.641849e+00
    endloop
  endfacet
  facet normal -0.000000e+00 -1.000000e+00 0.000000e+00
    outer loop
      vertex   8.768458e+00 -7.600000e+00 -6.641849e+00
      vertex   -8.768458e+00 -7.600000e+00 -6.641849e+00
      vertex   8.426489e+00 -7.600000e+00 -7.070664e+00
    endloop
  endfacet
  facet normal 0.000000e+00 -1.000000e+00 0.000000e+00
    outer loop
      vertex   8.426489e+00 -7.600000e+00 -7.070664e+00
      vertex   -8.768458e+00 -7.600000e+00 -6.641849e+00
      vertex   -8.426489e+00 -7.600000e+00 -7.070664e+00
    endloop
  endfacet
  facet normal -0.000000e+00 -1.000000e+00 0.000000e+00
    outer loop
      vertex   8.426489e+00 -7.600000e+00 -7.070664e+00
      vertex   -8.426489e+00 -7.600000e+00 -7.070664e+00
      vertex   8.063571e+00 -7.600000e+00 -7.481900e+00
    endloop
  endfacet
  facet normal 0.000000e+00 -1.000000e+00 0.000000e+00
    outer loop
      vertex   8.063571e+00 -7.600000e+00 -7.481900e+00
      vertex   -8.426489e+00 -7.600000e+00 -7.070664e+00
      vertex   -8.063571e+00 -7.600000e+00 -7.481900e+00
    endloop
  endfacet
  facet normal -0.000000e+00 -1.000000e+00 0.000000e+00
    outer loop
      vertex   8.063571e+00 -7.600000e+00 -7.481900e+00
      vertex   -8.063571e+00 -7.600000e+00 -7.481900e+00
      vertex   7.680605e+00 -7.600000e+00 -7.874535e+00
    endloop
  endfacet
  facet normal 0.000000e+00 -1.000000e+00 0.000000e+00
    outer loop
      vertex   7.680605e+00 -7.600000e+00 -7.874535e+00
      vertex   -8.063571e+00 -7.600000e+00 -7.481900e+00
      vertex   -7.680605e+00 -7.600000e+00 -7.874535e+00
    endloop
  endfacet
  facet normal -0.000000e+00 -1.000000e+00 0.000000e+00
    outer loop
      vertex   7.680605e+00 -7.600000e+00 -7.874535e+00
      vertex   -7.680605e+00 -7.600000e+00 -7.874535e+00
      vertex   7.278544e+00 -7.600000e+00 -8.247593e+00
    endloop
  endfacet
  facet normal 0.000000e+00 -1.000000e+00 0.000000e+00
    outer loop
      vertex   7.278544e+00 -7.600000e+00 -8.247593e+00
      vertex   -7.680605e+00 -7.600000e+00 -7.874535e+00
      vertex   -7.278544e+00 -7.600000e+00 -8.247593e+00
    endloop
  endfacet
  facet normal -0.000000e+00 -1.000000e+00 0.000000e+00
    outer loop
      vertex   7.278544e+00 -7.600000e+00 -8.247593e+00
      vertex   -7.278544e+00 -7.600000e+00 -8.247593e+00
      vertex   6.858388e+00 -7.600000e+00 -8.600146e+00
    endloop
  endfacet
  facet normal -0.000000e+00 -1.000000e+00 0.000000e+00
    outer loop
      vertex   6.858388e+00 -7.600000e+00 -8.600146e+00
      vertex   -7.278544e+00 -7.600000e+00 -8.247593e+00
      vertex   -6.858388e+00 -7.600000e+00 -8.600146e+00
    endloop
  endfacet
  facet normal 0.000000e+00 -1.000000e+00 0.000000e+00
    outer loop
      vertex   6.858388e+00 -7.600000e+00 -8.600146e+00
      vertex   -6.858388e+00 -7.600000e+00 -8.600146e+00
      vertex   6.421180e+00 -7.600000e+00 -8.931318e+00
    endloop
  endfacet
  facet normal 0.000000e+00 -1.000000e+00 0.000000e+00
    outer loop
      vertex   6.421180e+00 -7.600000e+00 -8.931318e+00
      vertex   -6.858388e+00 -7.600000e+00 -8.600146e+00
      vertex   -6.421180e+00 -7.600000e+00 -8.931318e+00
    endloop
  endfacet
  facet normal -0.000000e+00 -1.000000e+00 0.000000e+00
    outer loop
      vertex   6.421180e+00 -7.600000e+00 -8.931318e+00
      vertex   -6.421180e+00 -7.600000e+00 -8.931318e+00
      vertex   5.968009e+00 -7.600000e+00 -9.240285e+00
    endloop
  endfacet
  facet normal 0.000000e+00 -1.000000e+00 0.000000e+00
    outer loop
      vertex   5.968009e+00 -7.600000e+00 -9.240285e+00
      vertex   -6.421180e+00 -7.600000e+00 -8.931318e+00
      vertex   -5.968009e+00 -7.600000e+00 -9.240285e+00
    endloop
  endfacet
  facet normal -0.000000e+00 -1.000000e+00 0.000000e+00
    outer loop
      vertex   5.968009e+00 -7.600000e+00 -9.240285e+00
      vertex   -5.968009e+00 -7.600000e+00 -9.240285e+00
      vertex   5.500000e+00 -7.600000e+00 -9.526279e+00
    endloop
  endfacet
  facet normal 0.000000e+00 -1.000000e+00 0.000000e+00
    outer loop
      vertex   5.500000e+00 -7.600000e+00 -9.526279e+00
      vertex   -5.968009e+00 -7.600000e+00 -9.240285e+00
      vertex   -5.500000e+00 -7.600000e+00 -9.526279e+00
    endloop
  endfacet
  facet normal -0.000000e+00 -1.000000e+00 0.000000e+00
    outer loop
      vertex   5.500000e+00 -7.600000e+00 -9.526279e+00
      vertex   -5.500000e+00 -7.600000e+00 -9.526279e+00
      vertex   5.018317e+00 -7.600000e+00 -9.788590e+00
    endloop
  endfacet
  facet normal 0.000000e+00 -1.000000e+00 0.000000e+00
    outer loop
      vertex   5.018317e+00 -7.600000e+00 -9.788590e+00
      vertex   -5.500000e+00 -7.600000e+00 -9.526279e+00
      vertex   -5.018317e+00 -7.600000e+00 -9.788590e+00
    endloop
  endfacet
  facet normal -0.000000e+00 -1.000000e+00 0.000000e+00
    outer loop
      vertex   5.018317e+00 -7.600000e+00 -9.788590e+00
      vertex   -5.018317e+00 -7.600000e+00 -9.788590e+00
      vertex   4.524158e+00 -7.600000e+00 -1.002656e+01
    endloop
  endfacet
  facet normal 0.000000e+00 -1.000000e+00 0.000000e+00
    outer loop
      vertex   4.524158e+00 -7.600000e+00 -1.002656e+01
      vertex   -5.018317e+00 -7.600000e+00 -9.788590e+00
      vertex   -4.524158e+00 -7.600000e+00 -1.002656e+01
    endloop
  endfacet
  facet normal -0.000000e+00 -1.000000e+00 0.000000e+00
    outer loop
      vertex   4.524158e+00 -7.600000e+00 -1.002656e+01
      vertex   -4.524158e+00 -7.600000e+00 -1.002656e+01
      vertex   4.018751e+00 -7.600000e+00 -1.023961e+01
    endloop
  endfacet
  facet normal 0.000000e+00 -1.000000e+00 0.000000e+00
    outer loop
      vertex   4.018751e+00 -7.600000e+00 -1.023961e+01
      vertex   -4.524158e+00 -7.600000e+00 -1.002656e+01
      vertex   -4.018751e+00 -7.600000e+00 -1.023961e+01
    endloop
  endfacet
  facet normal -0.000000e+00 -1.000000e+00 0.000000e+00
    outer loop
      vertex   4.018751e+00 -7.600000e+00 -1.023961e+01
      vertex   -4.018751e+00 -7.600000e+00 -1.023961e+01
      vertex   3.503353e+00 -7.600000e+00 -1.042720e+01
    endloop
  endfacet
  facet normal 0.000000e+00 -1.000000e+00 0.000000e+00
    outer loop
      vertex   3.503353e+00 -7.600000e+00 -1.042720e+01
      vertex   -4.018751e+00 -7.600000e+00 -1.023961e+01
      vertex   -3.503353e+00 -7.600000e+00 -1.042720e+01
    endloop
  endfacet
  facet normal -0.000000e+00 -1.000000e+00 0.000000e+00
    outer loop
      vertex   3.503353e+00 -7.600000e+00 -1.042720e+01
      vertex   -3.503353e+00 -7.600000e+00 -1.042720e+01
      vertex   2.979245e+00 -7.600000e+00 -1.058887e+01
    endloop
  endfacet
  facet normal 0.000000e+00 -1.000000e+00 0.000000e+00
    outer loop
      vertex   2.979245e+00 -7.600000e+00 -1.058887e+01
      vertex   -3.503353e+00 -7.600000e+00 -1.042720e+01
      vertex   -2.979245e+00 -7.600000e+00 -1.058887e+01
    endloop
  endfacet
  facet normal -0.000000e+00 -1.000000e+00 0.000000e+00
    outer loop
      vertex   2.979245e+00 -7.600000e+00 -1.058887e+01
      vertex   -2.979245e+00 -7.600000e+00 -1.058887e+01
      vertex   2.447730e+00 -7.600000e+00 -1.072421e+01
    endloop
  endfacet
  facet normal 0.000000e+00 -1.000000e+00 0.000000e+00
    outer loop
      vertex   2.447730e+00 -7.600000e+00 -1.072421e+01
      vertex   -2.979245e+00 -7.600000e+00 -1.058887e+01
      vertex   -2.447730e+00 -7.600000e+00 -1.072421e+01
    endloop
  endfacet
  facet normal -0.000000e+00 -1.000000e+00 0.000000e+00
    outer loop
      vertex   2.447730e+00 -7.600000e+00 -1.072421e+01
      vertex   -2.447730e+00 -7.600000e+00 -1.072421e+01
      vertex   1.910130e+00 -7.600000e+00 -1.083289e+01
    endloop
  endfacet
  facet normal 0.000000e+00 -1.000000e+00 0.000000e+00
    outer loop
      vertex   1.910130e+00 -7.600000e+00 -1.083289e+01
      vertex   -2.447730e+00 -7.600000e+00 -1.072421e+01
      vertex   -1.910130e+00 -7.600000e+00 -1.083289e+01
    endloop
  endfacet
  facet normal -0.000000e+00 -1.000000e+00 0.000000e+00
    outer loop
      vertex   1.910130e+00 -7.600000e+00 -1.083289e+01
      vertex   -1.910130e+00 -7.600000e+00 -1.083289e+01
      vertex   1.367781e+00 -7.600000e+00 -1.091463e+01
    endloop
  endfacet
  facet normal 0.000000e+00 -1.000000e+00 0.000000e+00
    outer loop
      vertex   1.367781e+00 -7.600000e+00 -1.091463e+01
      vertex   -1.910130e+00 -7.600000e+00 -1.083289e+01
      vertex   -1.367781e+00 -7.600000e+00 -1.091463e+01
    endloop
  endfacet
  facet normal -0.000000e+00 -1.000000e+00 0.000000e+00
    outer loop
      vertex   1.367781e+00 -7.600000e+00 -1.091463e+01
      vertex   -1.367781e+00 -7.600000e+00 -1.091463e+01
      vertex   8.220310e-01 -7.600000e+00 -1.096924e+01
    endloop
  endfacet
  facet normal 0.000000e+00 -1.000000e+00 0.000000e+00
    outer loop
      vertex   8.220310e-01 -7.600000e+00 -1.096924e+01
      vertex   -1.367781e+00 -7.600000e+00 -1.091463e+01
      vertex   -8.220310e-01 -7.600000e+00 -1.096924e+01
    endloop
  endfacet
  facet normal -0.000000e+00 -1.000000e+00 0.000000e+00
    outer loop
      vertex   8.220310e-01 -7.600000e+00 -1.096924e+01
      vertex   -8.220310e-01 -7.600000e+00 -1.096924e+01
      vertex   2.742376e-01 -7.600000e+00 -1.099658e+01
    endloop
  endfacet
  facet normal 0.000000e+00 -1.000000e+00 0.000000e+00
    outer loop
      vertex   2.742376e-01 -7.600000e+00 -1.099658e+01
      vertex   -8.220310e-01 -7.600000e+00 -1.096924e+01
      vertex   -2.742376e-01 -7.600000e+00 -1.099658e+01
    endloop
  endfacet
endsolid
