solid ASCII
  facet normal 9.996630e-01 -3.574574e-15 -2.596066e-02
    outer loop
      vertex   9.986521e+00 1.600000e+00 -5.190382e-01
      vertex   9.986521e+00 6.600000e+00 -5.190382e-01
      vertex   1.000000e+01 1.600000e+00 1.224647e-15
    endloop
  endfacet
  facet normal 9.996630e-01 -3.906668e-15 -2.596066e-02
    outer loop
      vertex   1.000000e+01 1.600000e+00 1.224647e-15
      vertex   9.986521e+00 6.600000e+00 -5.190382e-01
      vertex   1.000000e+01 6.600000e+00 1.224647e-15
    endloop
  endfacet
  facet normal 9.996630e-01 -3.906668e-15 2.596066e-02
    outer loop
      vertex   1.000000e+01 1.600000e+00 1.224647e-15
      vertex   1.000000e+01 6.600000e+00 1.224647e-15
      vertex   9.986521e+00 1.600000e+00 5.190382e-01
    endloop
  endfacet
  facet normal 9.996630e-01 -3.528459e-15 2.596066e-02
    outer loop
      vertex   9.986521e+00 1.600000e+00 5.190382e-01
      vertex   1.000000e+01 6.600000e+00 1.224647e-15
      vertex   9.986521e+00 6.600000e+00 5.190382e-01
    endloop
  endfacet
  facet normal 9.969681e-01 -3.472831e-15 7.781199e-02
    outer loop
      vertex   9.986521e+00 1.600000e+00 5.190382e-01
      vertex   9.986521e+00 6.600000e+00 5.190382e-01
      vertex   9.946120e+00 1.600000e+00 1.036677e+00
    endloop
  endfacet
  facet normal 9.969681e-01 -3.541942e-15 7.781199e-02
    outer loop
      vertex   9.946120e+00 1.600000e+00 1.036677e+00
      vertex   9.986521e+00 6.600000e+00 5.190382e-01
      vertex   9.946120e+00 6.600000e+00 1.036677e+00
    endloop
  endfacet
  facet normal 9.915855e-01 -3.522819e-15 1.294536e-01
    outer loop
      vertex   9.946120e+00 1.600000e+00 1.036677e+00
      vertex   9.946120e+00 6.600000e+00 1.036677e+00
      vertex   9.878906e+00 6.600000e+00 1.551521e+00
    endloop
  endfacet
  facet normal 9.969681e-01 -3.611053e-15 -7.781199e-02
    outer loop
      vertex   9.986521e+00 6.600000e+00 -5.190382e-01
      vertex   9.986521e+00 1.600000e+00 -5.190382e-01
      vertex   9.946120e+00 6.600000e+00 -1.036677e+00
    endloop
  endfacet
  facet normal 9.969681e-01 -3.541942e-15 -7.781199e-02
    outer loop
      vertex   9.946120e+00 6.600000e+00 -1.036677e+00
      vertex   9.986521e+00 1.600000e+00 -5.190382e-01
      vertex   9.946120e+00 1.600000e+00 -1.036677e+00
    endloop
  endfacet
  facet normal 9.915855e-01 -3.522819e-15 -1.294536e-01
    outer loop
      vertex   9.946120e+00 6.600000e+00 -1.036677e+00
      vertex   9.946120e+00 1.600000e+00 -1.036677e+00
      vertex   9.878906e+00 1.600000e+00 -1.551521e+00
    endloop
  endfacet
  facet normal 9.915855e-01 -3.524054e-15 -1.294536e-01
    outer loop
      vertex   9.946120e+00 6.600000e+00 -1.036677e+00
      vertex   9.878906e+00 1.600000e+00 -1.551521e+00
      vertex   9.878906e+00 6.600000e+00 -1.551521e+00
    endloop
  endfacet
  facet normal 9.835298e-01 -3.494200e-15 -1.807461e-01
    outer loop
      vertex   9.878906e+00 6.600000e+00 -1.551521e+00
      vertex   9.878906e+00 1.600000e+00 -1.551521e+00
      vertex   9.785060e+00 1.600000e+00 -2.062183e+00
    endloop
  endfacet
  facet normal 9.835298e-01 -3.637623e-15 -1.807461e-01
    outer loop
      vertex   9.878906e+00 6.600000e+00 -1.551521e+00
      vertex   9.785060e+00 1.600000e+00 -2.062183e+00
      vertex   9.785060e+00 6.600000e+00 -2.062183e+00
    endloop
  endfacet
  facet normal 9.728227e-01 -3.641253e-15 -2.315515e-01
    outer loop
      vertex   9.785060e+00 6.600000e+00 -2.062183e+00
      vertex   9.785060e+00 1.600000e+00 -2.062183e+00
      vertex   9.664836e+00 1.600000e+00 -2.567285e+00
    endloop
  endfacet
  facet normal 9.728227e-01 -3.455771e-15 -2.315515e-01
    outer loop
      vertex   9.785060e+00 6.600000e+00 -2.062183e+00
      vertex   9.664836e+00 1.600000e+00 -2.567285e+00
      vertex   9.664836e+00 6.600000e+00 -2.567285e+00
    endloop
  endfacet
  facet normal 9.594930e-01 -3.408804e-15 -2.817326e-01
    outer loop
      vertex   9.664836e+00 6.600000e+00 -2.567285e+00
      vertex   9.664836e+00 1.600000e+00 -2.567285e+00
      vertex   9.518556e+00 1.600000e+00 -3.065467e+00
    endloop
  endfacet
  facet normal 9.594930e-01 -3.657462e-15 -2.817326e-01
    outer loop
      vertex   9.664836e+00 6.600000e+00 -2.567285e+00
      vertex   9.518556e+00 1.600000e+00 -3.065467e+00
      vertex   9.518556e+00 6.600000e+00 -3.065467e+00
    endloop
  endfacet
  facet normal 9.435767e-01 -3.646382e-15 -3.311542e-01
    outer loop
      vertex   9.518556e+00 6.600000e+00 -3.065467e+00
      vertex   9.518556e+00 1.600000e+00 -3.065467e+00
      vertex   9.346617e+00 1.600000e+00 -3.555384e+00
    endloop
  endfacet
  facet normal 9.435767e-01 -3.685637e-15 -3.311542e-01
    outer loop
      vertex   9.518556e+00 6.600000e+00 -3.065467e+00
      vertex   9.346617e+00 1.600000e+00 -3.555384e+00
      vertex   9.346617e+00 6.600000e+00 -3.555384e+00
    endloop
  endfacet
  facet normal 9.251166e-01 -3.615342e-15 -3.796830e-01
    outer loop
      vertex   9.346617e+00 6.600000e+00 -3.555384e+00
      vertex   9.346617e+00 1.600000e+00 -3.555384e+00
      vertex   9.149480e+00 1.600000e+00 -4.035717e+00
    endloop
  endfacet
  facet normal 9.251166e-01 -3.615247e-15 -3.796830e-01
    outer loop
      vertex   9.346617e+00 6.600000e+00 -3.555384e+00
      vertex   9.149480e+00 1.600000e+00 -4.035717e+00
      vertex   9.149480e+00 6.600000e+00 -4.035717e+00
    endloop
  endfacet
  facet normal 9.041627e-01 -3.533454e-15 -4.271883e-01
    outer loop
      vertex   9.149480e+00 6.600000e+00 -4.035717e+00
      vertex   9.149480e+00 1.600000e+00 -4.035717e+00
      vertex   8.927678e+00 1.600000e+00 -4.505170e+00
    endloop
  endfacet
  facet normal 9.041627e-01 -3.195520e-15 -4.271883e-01
    outer loop
      vertex   9.149480e+00 6.600000e+00 -4.035717e+00
      vertex   8.927678e+00 1.600000e+00 -4.505170e+00
      vertex   8.927678e+00 6.600000e+00 -4.505170e+00
    endloop
  endfacet
  facet normal 8.807712e-01 -3.152687e-15 -4.735420e-01
    outer loop
      vertex   8.927678e+00 6.600000e+00 -4.505170e+00
      vertex   8.927678e+00 1.600000e+00 -4.505170e+00
      vertex   8.681809e+00 1.600000e+00 -4.962478e+00
    endloop
  endfacet
  facet normal 8.807712e-01 -3.442197e-15 -4.735420e-01
    outer loop
      vertex   8.927678e+00 6.600000e+00 -4.505170e+00
      vertex   8.681809e+00 1.600000e+00 -4.962478e+00
      vertex   8.681809e+00 6.600000e+00 -4.962478e+00
    endloop
  endfacet
  facet normal 8.550054e-01 -3.341348e-15 -5.186191e-01
    outer loop
      vertex   8.681809e+00 6.600000e+00 -4.962478e+00
      vertex   8.681809e+00 1.600000e+00 -4.962478e+00
      vertex   8.412535e+00 1.600000e+00 -5.406408e+00
    endloop
  endfacet
  facet normal 8.550054e-01 -3.103551e-15 -5.186191e-01
    outer loop
      vertex   8.681809e+00 6.600000e+00 -4.962478e+00
      vertex   8.412535e+00 1.600000e+00 -5.406408e+00
      vertex   8.412535e+00 6.600000e+00 -5.406408e+00
    endloop
  endfacet
  facet normal 8.269346e-01 -3.043613e-15 -5.622981e-01
    outer loop
      vertex   8.412535e+00 6.600000e+00 -5.406408e+00
      vertex   8.412535e+00 1.600000e+00 -5.406408e+00
      vertex   8.120583e+00 1.600000e+00 -5.835764e+00
    endloop
  endfacet
  facet normal 8.269346e-01 -3.233083e-15 -5.622981e-01
    outer loop
      vertex   8.412535e+00 6.600000e+00 -5.406408e+00
      vertex   8.120583e+00 1.600000e+00 -5.835764e+00
      vertex   8.120583e+00 6.600000e+00 -5.835764e+00
    endloop
  endfacet
  facet normal 7.966346e-01 -3.113236e-15 -6.044612e-01
    outer loop
      vertex   8.120583e+00 6.600000e+00 -5.835764e+00
      vertex   8.120583e+00 1.600000e+00 -5.835764e+00
      vertex   7.806739e+00 1.600000e+00 -6.249387e+00
    endloop
  endfacet
  facet normal 7.966346e-01 -2.971143e-15 -6.044612e-01
    outer loop
      vertex   8.120583e+00 6.600000e+00 -5.835764e+00
      vertex   7.806739e+00 1.600000e+00 -6.249387e+00
      vertex   7.806739e+00 6.600000e+00 -6.249387e+00
    endloop
  endfacet
  facet normal 7.641869e-01 -2.850684e-15 -6.449948e-01
    outer loop
      vertex   7.806739e+00 6.600000e+00 -6.249387e+00
      vertex   7.806739e+00 1.600000e+00 -6.249387e+00
      vertex   7.471849e+00 1.600000e+00 -6.646163e+00
    endloop
  endfacet
  facet normal 7.641869e-01 -2.792007e-15 -6.449948e-01
    outer loop
      vertex   7.806739e+00 6.600000e+00 -6.249387e+00
      vertex   7.471849e+00 1.600000e+00 -6.646163e+00
      vertex   7.471849e+00 6.600000e+00 -6.646163e+00
    endloop
  endfacet
  facet normal 7.296792e-01 -2.697503e-15 -6.837897e-01
    outer loop
      vertex   7.471849e+00 6.600000e+00 -6.646163e+00
      vertex   7.471849e+00 1.600000e+00 -6.646163e+00
      vertex   7.116816e+00 1.600000e+00 -7.025022e+00
    endloop
  endfacet
  facet normal 7.296792e-01 -2.722688e-15 -6.837897e-01
    outer loop
      vertex   7.471849e+00 6.600000e+00 -6.646163e+00
      vertex   7.116816e+00 1.600000e+00 -7.025022e+00
      vertex   7.116816e+00 6.600000e+00 -7.025022e+00
    endloop
  endfacet
  facet normal 6.932043e-01 -2.585894e-15 -7.207411e-01
    outer loop
      vertex   7.116816e+00 6.600000e+00 -7.025022e+00
      vertex   7.116816e+00 1.600000e+00 -7.025022e+00
      vertex   6.742598e+00 1.600000e+00 -7.384942e+00
    endloop
  endfacet
  facet normal 6.932043e-01 -2.609432e-15 -7.207411e-01
    outer loop
      vertex   7.116816e+00 6.600000e+00 -7.025022e+00
      vertex   6.742598e+00 1.600000e+00 -7.384942e+00
      vertex   6.742598e+00 6.600000e+00 -7.384942e+00
    endloop
  endfacet
  facet normal 6.548607e-01 -2.514545e-15 -7.557496e-01
    outer loop
      vertex   6.742598e+00 6.600000e+00 -7.384942e+00
      vertex   6.742598e+00 1.600000e+00 -7.384942e+00
      vertex   6.350203e+00 1.600000e+00 -7.724955e+00
    endloop
  endfacet
  facet normal 6.548607e-01 -2.440241e-15 -7.557496e-01
    outer loop
      vertex   6.742598e+00 6.600000e+00 -7.384942e+00
      vertex   6.350203e+00 1.600000e+00 -7.724955e+00
      vertex   6.350203e+00 6.600000e+00 -7.724955e+00
    endloop
  endfacet
  facet normal 6.147518e-01 -2.293239e-15 -7.887207e-01
    outer loop
      vertex   6.350203e+00 6.600000e+00 -7.724955e+00
      vertex   6.350203e+00 1.600000e+00 -7.724955e+00
      vertex   5.940689e+00 1.600000e+00 -8.044142e+00
    endloop
  endfacet
  facet normal 6.147518e-01 -2.398384e-15 -7.887207e-01
    outer loop
      vertex   6.350203e+00 6.600000e+00 -7.724955e+00
      vertex   5.940689e+00 1.600000e+00 -8.044142e+00
      vertex   5.940689e+00 6.600000e+00 -8.044142e+00
    endloop
  endfacet
  facet normal 5.729855e-01 -2.239219e-15 -8.195655e-01
    outer loop
      vertex   5.940689e+00 6.600000e+00 -8.044142e+00
      vertex   5.940689e+00 1.600000e+00 -8.044142e+00
      vertex   5.515159e+00 1.600000e+00 -8.341644e+00
    endloop
  endfacet
  facet normal 5.729855e-01 -2.418887e-15 -8.195655e-01
    outer loop
      vertex   5.940689e+00 6.600000e+00 -8.044142e+00
      vertex   5.515159e+00 1.600000e+00 -8.341644e+00
      vertex   5.515159e+00 6.600000e+00 -8.341644e+00
    endloop
  endfacet
  facet normal 5.296746e-01 -2.296287e-15 -8.482009e-01
    outer loop
      vertex   5.515159e+00 6.600000e+00 -8.341644e+00
      vertex   5.515159e+00 1.600000e+00 -8.341644e+00
      vertex   5.074762e+00 1.600000e+00 -8.616658e+00
    endloop
  endfacet
  facet normal 5.296746e-01 -1.976378e-15 -8.482009e-01
    outer loop
      vertex   5.515159e+00 6.600000e+00 -8.341644e+00
      vertex   5.074762e+00 1.600000e+00 -8.616658e+00
      vertex   5.074762e+00 6.600000e+00 -8.616658e+00
    endloop
  endfacet
  facet normal 4.849358e-01 -1.808980e-15 -8.745498e-01
    outer loop
      vertex   5.074762e+00 6.600000e+00 -8.616658e+00
      vertex   5.074762e+00 1.600000e+00 -8.616658e+00
      vertex   4.620684e+00 1.600000e+00 -8.868443e+00
    endloop
  endfacet
  facet normal 4.849358e-01 -1.721773e-15 -8.745498e-01
    outer loop
      vertex   5.074762e+00 6.600000e+00 -8.616658e+00
      vertex   4.620684e+00 1.600000e+00 -8.868443e+00
      vertex   4.620684e+00 6.600000e+00 -8.868443e+00
    endloop
  endfacet
  facet normal 4.388896e-01 -1.559249e-15 -8.985410e-01
    outer loop
      vertex   4.620684e+00 6.600000e+00 -8.868443e+00
      vertex   4.620684e+00 1.600000e+00 -8.868443e+00
      vertex   4.154150e+00 1.600000e+00 -9.096320e+00
    endloop
  endfacet
  facet normal 4.388896e-01 -1.716394e-15 -8.985410e-01
    outer loop
      vertex   4.620684e+00 6.600000e+00 -8.868443e+00
      vertex   4.154150e+00 1.600000e+00 -9.096320e+00
      vertex   4.154150e+00 6.600000e+00 -9.096320e+00
    endloop
  endfacet
  facet normal 3.916604e-01 -1.530603e-15 -9.201099e-01
    outer loop
      vertex   4.154150e+00 6.600000e+00 -9.096320e+00
      vertex   4.154150e+00 1.600000e+00 -9.096320e+00
      vertex   3.676417e+00 1.600000e+00 -9.299675e+00
    endloop
  endfacet
  facet normal 3.916604e-01 -1.545754e-15 -9.201099e-01
    outer loop
      vertex   4.154150e+00 6.600000e+00 -9.096320e+00
      vertex   3.676417e+00 1.600000e+00 -9.299675e+00
      vertex   3.676417e+00 6.600000e+00 -9.299675e+00
    endloop
  endfacet
  facet normal 3.433752e-01 -1.401095e-15 -9.391983e-01
    outer loop
      vertex   3.676417e+00 6.600000e+00 -9.299675e+00
      vertex   3.676417e+00 1.600000e+00 -9.299675e+00
      vertex   3.188773e+00 1.600000e+00 -9.477960e+00
    endloop
  endfacet
  facet normal 3.433752e-01 -1.249943e-15 -9.391983e-01
    outer loop
      vertex   3.676417e+00 6.600000e+00 -9.299675e+00
      vertex   3.188773e+00 1.600000e+00 -9.477960e+00
      vertex   3.188773e+00 6.600000e+00 -9.477960e+00
    endloop
  endfacet
  facet normal 2.941644e-01 -1.123364e-15 -9.557548e-01
    outer loop
      vertex   3.188773e+00 6.600000e+00 -9.477960e+00
      vertex   3.188773e+00 1.600000e+00 -9.477960e+00
      vertex   2.692532e+00 1.600000e+00 -9.630694e+00
    endloop
  endfacet
  facet normal 2.941644e-01 -1.042504e-15 -9.557548e-01
    outer loop
      vertex   3.188773e+00 6.600000e+00 -9.477960e+00
      vertex   2.692532e+00 1.600000e+00 -9.630694e+00
      vertex   2.692532e+00 6.600000e+00 -9.630694e+00
    endloop
  endfacet
  facet normal 2.441606e-01 -8.674326e-16 -9.697348e-01
    outer loop
      vertex   2.692532e+00 6.600000e+00 -9.630694e+00
      vertex   2.692532e+00 1.600000e+00 -9.630694e+00
      vertex   2.189033e+00 1.600000e+00 -9.757466e+00
    endloop
  endfacet
  facet normal 2.441606e-01 -1.144816e-15 -9.697348e-01
    outer loop
      vertex   2.692532e+00 6.600000e+00 -9.630694e+00
      vertex   2.189033e+00 1.600000e+00 -9.757466e+00
      vertex   2.189033e+00 6.600000e+00 -9.757466e+00
    endloop
  endfacet
  facet normal 1.934985e-01 -9.844434e-16 -9.811006e-01
    outer loop
      vertex   2.189033e+00 6.600000e+00 -9.757466e+00
      vertex   2.189033e+00 1.600000e+00 -9.757466e+00
      vertex   1.679633e+00 1.600000e+00 -9.857933e+00
    endloop
  endfacet
  facet normal 1.934985e-01 -7.982824e-16 -9.811006e-01
    outer loop
      vertex   2.189033e+00 6.600000e+00 -9.757466e+00
      vertex   1.679633e+00 1.600000e+00 -9.857933e+00
      vertex   1.679633e+00 6.600000e+00 -9.857933e+00
    endloop
  endfacet
  facet normal 1.423148e-01 -5.877645e-16 -9.898214e-01
    outer loop
      vertex   1.679633e+00 6.600000e+00 -9.857933e+00
      vertex   1.679633e+00 1.600000e+00 -9.857933e+00
      vertex   1.165705e+00 1.600000e+00 -9.931824e+00
    endloop
  endfacet
  facet normal 1.423148e-01 -4.557473e-16 -9.898214e-01
    outer loop
      vertex   1.679633e+00 6.600000e+00 -9.857933e+00
      vertex   1.165705e+00 1.600000e+00 -9.931824e+00
      vertex   1.165705e+00 6.600000e+00 -9.931824e+00
    endloop
  endfacet
  facet normal 9.074750e-02 -2.901599e-16 -9.958739e-01
    outer loop
      vertex   1.165705e+00 6.600000e+00 -9.931824e+00
      vertex   1.165705e+00 1.600000e+00 -9.931824e+00
      vertex   6.486337e-01 1.600000e+00 -9.978942e+00
    endloop
  endfacet
  facet normal 9.074750e-02 -2.520900e-16 -9.958739e-01
    outer loop
      vertex   1.165705e+00 6.600000e+00 -9.931824e+00
      vertex   6.486337e-01 1.600000e+00 -9.978942e+00
      vertex   6.486337e-01 6.600000e+00 -9.978942e+00
    endloop
  endfacet
  facet normal 3.893552e-02 -1.080678e-16 -9.992417e-01
    outer loop
      vertex   6.486337e-01 6.600000e+00 -9.978942e+00
      vertex   6.486337e-01 1.600000e+00 -9.978942e+00
      vertex   1.298142e-01 1.600000e+00 -9.999157e+00
    endloop
  endfacet
  facet normal 3.893552e-02 -1.417815e-16 -9.992417e-01
    outer loop
      vertex   6.486337e-01 6.600000e+00 -9.978942e+00
      vertex   1.298142e-01 1.600000e+00 -9.999157e+00
      vertex   1.298142e-01 6.600000e+00 -9.999157e+00
    endloop
  endfacet
  facet normal -1.298142e-02 4.734432e-17 -9.999157e-01
    outer loop
      vertex   1.298142e-01 6.600000e+00 -9.999157e+00
      vertex   1.298142e-01 1.600000e+00 -9.999157e+00
      vertex   -3.893552e-01 1.600000e+00 -9.992417e+00
    endloop
  endfacet
  facet normal -1.298142e-02 4.145919e-17 -9.999157e-01
    outer loop
      vertex   1.298142e-01 6.600000e+00 -9.999157e+00
      vertex   -3.893552e-01 1.600000e+00 -9.992417e+00
      vertex   -3.893552e-01 6.600000e+00 -9.992417e+00
    endloop
  endfacet
  facet normal -6.486337e-02 2.081170e-16 -9.978942e-01
    outer loop
      vertex   -3.893552e-01 6.600000e+00 -9.992417e+00
      vertex   -3.893552e-01 1.600000e+00 -9.992417e+00
      vertex   -9.074750e-01 1.600000e+00 -9.958739e+00
    endloop
  endfacet
  facet normal -6.486337e-02 2.679576e-16 -9.978942e-01
    outer loop
      vertex   -3.893552e-01 6.600000e+00 -9.992417e+00
      vertex   -9.074750e-01 1.600000e+00 -9.958739e+00
      vertex   -9.074750e-01 6.600000e+00 -9.958739e+00
    endloop
  endfacet
  facet normal -1.165705e-01 4.788511e-16 -9.931824e-01
    outer loop
      vertex   -9.074750e-01 6.600000e+00 -9.958739e+00
      vertex   -9.074750e-01 1.600000e+00 -9.958739e+00
      vertex   -1.423148e+00 1.600000e+00 -9.898214e+00
    endloop
  endfacet
  facet normal -1.165705e-01 3.781544e-16 -9.931824e-01
    outer loop
      vertex   -9.074750e-01 6.600000e+00 -9.958739e+00
      vertex   -1.423148e+00 1.600000e+00 -9.898214e+00
      vertex   -1.423148e+00 6.600000e+00 -9.898214e+00
    endloop
  endfacet
  facet normal -1.679633e-01 5.445120e-16 -9.857933e-01
    outer loop
      vertex   -1.423148e+00 6.600000e+00 -9.898214e+00
      vertex   -1.423148e+00 1.600000e+00 -9.898214e+00
      vertex   -1.934985e+00 1.600000e+00 -9.811006e+00
    endloop
  endfacet
  facet normal -1.679633e-01 8.116025e-16 -9.857933e-01
    outer loop
      vertex   -1.423148e+00 6.600000e+00 -9.898214e+00
      vertex   -1.934985e+00 1.600000e+00 -9.811006e+00
      vertex   -1.934985e+00 6.600000e+00 -9.811006e+00
    endloop
  endfacet
  facet normal -2.189033e-01 9.493730e-16 -9.757466e-01
    outer loop
      vertex   -1.934985e+00 6.600000e+00 -9.811006e+00
      vertex   -1.934985e+00 1.600000e+00 -9.811006e+00
      vertex   -2.441606e+00 1.600000e+00 -9.697348e+00
    endloop
  endfacet
  facet normal -2.189033e-01 7.959639e-16 -9.757466e-01
    outer loop
      vertex   -1.934985e+00 6.600000e+00 -9.811006e+00
      vertex   -2.441606e+00 1.600000e+00 -9.697348e+00
      vertex   -2.441606e+00 6.600000e+00 -9.697348e+00
    endloop
  endfacet
  facet normal -2.692532e-01 9.804941e-16 -9.630694e-01
    outer loop
      vertex   -2.441606e+00 6.600000e+00 -9.697348e+00
      vertex   -2.441606e+00 1.600000e+00 -9.697348e+00
      vertex   -2.941644e+00 1.600000e+00 -9.557548e+00
    endloop
  endfacet
  facet normal -2.692532e-01 1.179069e-15 -9.630694e-01
    outer loop
      vertex   -2.441606e+00 6.600000e+00 -9.697348e+00
      vertex   -2.941644e+00 1.600000e+00 -9.557548e+00
      vertex   -2.941644e+00 6.600000e+00 -9.557548e+00
    endloop
  endfacet
  facet normal -3.188773e-01 1.327995e-15 -9.477960e-01
    outer loop
      vertex   -2.941644e+00 6.600000e+00 -9.557548e+00
      vertex   -2.941644e+00 1.600000e+00 -9.557548e+00
      vertex   -3.433752e+00 1.600000e+00 -9.391983e+00
    endloop
  endfacet
  facet normal -3.188773e-01 1.273530e-15 -9.477960e-01
    outer loop
      vertex   -2.941644e+00 6.600000e+00 -9.557548e+00
      vertex   -3.433752e+00 1.600000e+00 -9.391983e+00
      vertex   -3.433752e+00 6.600000e+00 -9.391983e+00
    endloop
  endfacet
  facet normal -3.676417e-01 1.469391e-15 -9.299675e-01
    outer loop
      vertex   -3.433752e+00 6.600000e+00 -9.391983e+00
      vertex   -3.433752e+00 1.600000e+00 -9.391983e+00
      vertex   -3.916604e+00 1.600000e+00 -9.201099e+00
    endloop
  endfacet
  facet normal -3.676417e-01 1.141772e-15 -9.299675e-01
    outer loop
      vertex   -3.433752e+00 6.600000e+00 -9.391983e+00
      vertex   -3.916604e+00 1.600000e+00 -9.201099e+00
      vertex   -3.916604e+00 6.600000e+00 -9.201099e+00
    endloop
  endfacet
  facet normal -4.154150e-01 1.291369e-15 -9.096320e-01
    outer loop
      vertex   -3.916604e+00 6.600000e+00 -9.201099e+00
      vertex   -3.916604e+00 1.600000e+00 -9.201099e+00
      vertex   -4.388896e+00 1.600000e+00 -8.985410e+00
    endloop
  endfacet
  facet normal -4.154150e-01 1.506510e-15 -9.096320e-01
    outer loop
      vertex   -3.916604e+00 6.600000e+00 -9.201099e+00
      vertex   -4.388896e+00 1.600000e+00 -8.985410e+00
      vertex   -4.388896e+00 6.600000e+00 -8.985410e+00
    endloop
  endfacet
  facet normal -4.620684e-01 1.628348e-15 -8.868443e-01
    outer loop
      vertex   -4.388896e+00 6.600000e+00 -8.985410e+00
      vertex   -4.388896e+00 1.600000e+00 -8.985410e+00
      vertex   -4.849358e+00 1.600000e+00 -8.745498e+00
    endloop
  endfacet
  facet normal -4.620684e-01 1.639033e-15 -8.868443e-01
    outer loop
      vertex   -4.388896e+00 6.600000e+00 -8.985410e+00
      vertex   -4.849358e+00 1.600000e+00 -8.745498e+00
      vertex   -4.849358e+00 6.600000e+00 -8.745498e+00
    endloop
  endfacet
  facet normal -5.074762e-01 1.802918e-15 -8.616658e-01
    outer loop
      vertex   -4.849358e+00 6.600000e+00 -8.745498e+00
      vertex   -4.849358e+00 1.600000e+00 -8.745498e+00
      vertex   -5.296746e+00 1.600000e+00 -8.482009e+00
    endloop
  endfacet
  facet normal -5.074762e-01 1.838032e-15 -8.616658e-01
    outer loop
      vertex   -4.849358e+00 6.600000e+00 -8.745498e+00
      vertex   -5.296746e+00 1.600000e+00 -8.482009e+00
      vertex   -5.296746e+00 6.600000e+00 -8.482009e+00
    endloop
  endfacet
  facet normal -5.515159e-01 1.961826e-15 -8.341644e-01
    outer loop
      vertex   -5.296746e+00 6.600000e+00 -8.482009e+00
      vertex   -5.296746e+00 1.600000e+00 -8.482009e+00
      vertex   -5.729855e+00 1.600000e+00 -8.195655e+00
    endloop
  endfacet
  facet normal -5.515159e-01 2.154410e-15 -8.341644e-01
    outer loop
      vertex   -5.296746e+00 6.600000e+00 -8.482009e+00
      vertex   -5.729855e+00 1.600000e+00 -8.195655e+00
      vertex   -5.729855e+00 6.600000e+00 -8.195655e+00
    endloop
  endfacet
  facet normal -5.940689e-01 2.352410e-15 -8.044142e-01
    outer loop
      vertex   -5.729855e+00 6.600000e+00 -8.195655e+00
      vertex   -5.729855e+00 1.600000e+00 -8.195655e+00
      vertex   -6.147518e+00 1.600000e+00 -7.887207e+00
    endloop
  endfacet
  facet normal -5.940689e-01 2.213515e-15 -8.044142e-01
    outer loop
      vertex   -5.729855e+00 6.600000e+00 -8.195655e+00
      vertex   -6.147518e+00 1.600000e+00 -7.887207e+00
      vertex   -6.147518e+00 6.600000e+00 -7.887207e+00
    endloop
  endfacet
  facet normal -6.350203e-01 2.368847e-15 -7.724955e-01
    outer loop
      vertex   -6.147518e+00 6.600000e+00 -7.887207e+00
      vertex   -6.147518e+00 1.600000e+00 -7.887207e+00
      vertex   -6.548607e+00 1.600000e+00 -7.557496e+00
    endloop
  endfacet
  facet normal -6.350203e-01 2.364357e-15 -7.724955e-01
    outer loop
      vertex   -6.147518e+00 6.600000e+00 -7.887207e+00
      vertex   -6.548607e+00 1.600000e+00 -7.557496e+00
      vertex   -6.548607e+00 6.600000e+00 -7.557496e+00
    endloop
  endfacet
  facet normal -6.742598e-01 2.515225e-15 -7.384942e-01
    outer loop
      vertex   -6.548607e+00 6.600000e+00 -7.557496e+00
      vertex   -6.548607e+00 1.600000e+00 -7.557496e+00
      vertex   -6.932043e+00 1.600000e+00 -7.207411e+00
    endloop
  endfacet
  facet normal -6.742598e-01 2.683813e-15 -7.384942e-01
    outer loop
      vertex   -6.548607e+00 6.600000e+00 -7.557496e+00
      vertex   -6.932043e+00 1.600000e+00 -7.207411e+00
      vertex   -6.932043e+00 6.600000e+00 -7.207411e+00
    endloop
  endfacet
  facet normal -7.116816e-01 2.774719e-15 -7.025022e-01
    outer loop
      vertex   -6.932043e+00 6.600000e+00 -7.207411e+00
      vertex   -6.932043e+00 1.600000e+00 -7.207411e+00
      vertex   -7.296792e+00 1.600000e+00 -6.837897e+00
    endloop
  endfacet
  facet normal -7.116816e-01 2.647970e-15 -7.025022e-01
    outer loop
      vertex   -6.932043e+00 6.600000e+00 -7.207411e+00
      vertex   -7.296792e+00 1.600000e+00 -6.837897e+00
      vertex   -7.296792e+00 6.600000e+00 -6.837897e+00
    endloop
  endfacet
  facet normal -7.471849e-01 2.728592e-15 -6.646163e-01
    outer loop
      vertex   -7.296792e+00 6.600000e+00 -6.837897e+00
      vertex   -7.296792e+00 1.600000e+00 -6.837897e+00
      vertex   -7.641869e+00 1.600000e+00 -6.449948e+00
    endloop
  endfacet
  facet normal -7.471849e-01 2.787785e-15 -6.646163e-01
    outer loop
      vertex   -7.296792e+00 6.600000e+00 -6.837897e+00
      vertex   -7.641869e+00 1.600000e+00 -6.449948e+00
      vertex   -7.641869e+00 6.600000e+00 -6.449948e+00
    endloop
  endfacet
  facet normal -7.806739e-01 2.912186e-15 -6.249387e-01
    outer loop
      vertex   -7.641869e+00 6.600000e+00 -6.449948e+00
      vertex   -7.641869e+00 1.600000e+00 -6.449948e+00
      vertex   -7.966346e+00 1.600000e+00 -6.044612e+00
    endloop
  endfacet
  facet normal -7.806739e-01 2.914907e-15 -6.249387e-01
    outer loop
      vertex   -7.641869e+00 6.600000e+00 -6.449948e+00
      vertex   -7.966346e+00 1.600000e+00 -6.044612e+00
      vertex   -7.966346e+00 6.600000e+00 -6.044612e+00
    endloop
  endfacet
  facet normal -8.120583e-01 3.029261e-15 -5.835764e-01
    outer loop
      vertex   -7.966346e+00 6.600000e+00 -6.044612e+00
      vertex   -7.966346e+00 1.600000e+00 -6.044612e+00
      vertex   -8.269346e+00 1.600000e+00 -5.622981e+00
    endloop
  endfacet
  facet normal -8.120583e-01 2.881176e-15 -5.835764e-01
    outer loop
      vertex   -7.966346e+00 6.600000e+00 -6.044612e+00
      vertex   -8.269346e+00 1.600000e+00 -5.622981e+00
      vertex   -8.269346e+00 6.600000e+00 -5.622981e+00
    endloop
  endfacet
  facet normal -8.412535e-01 2.988733e-15 -5.406408e-01
    outer loop
      vertex   -8.269346e+00 6.600000e+00 -5.622981e+00
      vertex   -8.269346e+00 1.600000e+00 -5.622981e+00
      vertex   -8.550054e+00 1.600000e+00 -5.186191e+00
    endloop
  endfacet
  facet normal -8.412535e-01 3.169608e-15 -5.406408e-01
    outer loop
      vertex   -8.269346e+00 6.600000e+00 -5.622981e+00
      vertex   -8.550054e+00 1.600000e+00 -5.186191e+00
      vertex   -8.550054e+00 6.600000e+00 -5.186191e+00
    endloop
  endfacet
  facet normal -8.681809e-01 3.216715e-15 -4.962478e-01
    outer loop
      vertex   -8.550054e+00 6.600000e+00 -5.186191e+00
      vertex   -8.550054e+00 1.600000e+00 -5.186191e+00
      vertex   -8.807712e+00 1.600000e+00 -4.735420e+00
    endloop
  endfacet
  facet normal -8.681809e-01 3.128770e-15 -4.962478e-01
    outer loop
      vertex   -8.550054e+00 6.600000e+00 -5.186191e+00
      vertex   -8.807712e+00 1.600000e+00 -4.735420e+00
      vertex   -8.807712e+00 6.600000e+00 -4.735420e+00
    endloop
  endfacet
  facet normal -8.927678e-01 3.174685e-15 -4.505170e-01
    outer loop
      vertex   -8.807712e+00 6.600000e+00 -4.735420e+00
      vertex   -8.807712e+00 1.600000e+00 -4.735420e+00
      vertex   -9.041627e+00 1.600000e+00 -4.271883e+00
    endloop
  endfacet
  facet normal -8.927678e-01 3.171928e-15 -4.505170e-01
    outer loop
      vertex   -8.807712e+00 6.600000e+00 -4.735420e+00
      vertex   -9.041627e+00 1.600000e+00 -4.271883e+00
      vertex   -9.041627e+00 6.600000e+00 -4.271883e+00
    endloop
  endfacet
  facet normal -9.149480e-01 3.250548e-15 -4.035717e-01
    outer loop
      vertex   -9.041627e+00 6.600000e+00 -4.271883e+00
      vertex   -9.041627e+00 1.600000e+00 -4.271883e+00
      vertex   -9.251166e+00 1.600000e+00 -3.796830e+00
    endloop
  endfacet
  facet normal -9.149480e-01 3.575727e-15 -4.035717e-01
    outer loop
      vertex   -9.041627e+00 6.600000e+00 -4.271883e+00
      vertex   -9.251166e+00 1.600000e+00 -3.796830e+00
      vertex   -9.251166e+00 6.600000e+00 -3.796830e+00
    endloop
  endfacet
  facet normal -9.346617e-01 3.652644e-15 -3.555384e-01
    outer loop
      vertex   -9.251166e+00 6.600000e+00 -3.796830e+00
      vertex   -9.251166e+00 1.600000e+00 -3.796830e+00
      vertex   -9.435767e+00 1.600000e+00 -3.311542e+00
    endloop
  endfacet
  facet normal -9.346617e-01 3.319133e-15 -3.555384e-01
    outer loop
      vertex   -9.251166e+00 6.600000e+00 -3.796830e+00
      vertex   -9.435767e+00 1.600000e+00 -3.311542e+00
      vertex   -9.435767e+00 6.600000e+00 -3.311542e+00
    endloop
  endfacet
  facet normal -9.518556e-01 3.381671e-15 -3.065467e-01
    outer loop
      vertex   -9.435767e+00 6.600000e+00 -3.311542e+00
      vertex   -9.435767e+00 1.600000e+00 -3.311542e+00
      vertex   -9.594930e+00 1.600000e+00 -2.817326e+00
    endloop
  endfacet
  facet normal -9.518556e-01 3.655874e-15 -3.065467e-01
    outer loop
      vertex   -9.435767e+00 6.600000e+00 -3.311542e+00
      vertex   -9.594930e+00 1.600000e+00 -2.817326e+00
      vertex   -9.594930e+00 6.600000e+00 -2.817326e+00
    endloop
  endfacet
  facet normal -9.664836e-01 3.661660e-15 -2.567285e-01
    outer loop
      vertex   -9.594930e+00 6.600000e+00 -2.817326e+00
      vertex   -9.594930e+00 1.600000e+00 -2.817326e+00
      vertex   -9.728227e+00 1.600000e+00 -2.315515e+00
    endloop
  endfacet
  facet normal -9.664836e-01 3.661710e-15 -2.567285e-01
    outer loop
      vertex   -9.594930e+00 6.600000e+00 -2.817326e+00
      vertex   -9.728227e+00 1.600000e+00 -2.315515e+00
      vertex   -9.728227e+00 6.600000e+00 -2.315515e+00
    endloop
  endfacet
  facet normal -9.785060e-01 3.659510e-15 -2.062183e-01
    outer loop
      vertex   -9.728227e+00 6.600000e+00 -2.315515e+00
      vertex   -9.728227e+00 1.600000e+00 -2.315515e+00
      vertex   -9.835298e+00 1.600000e+00 -1.807461e+00
    endloop
  endfacet
  facet normal -9.785060e-01 3.476228e-15 -2.062183e-01
    outer loop
      vertex   -9.728227e+00 6.600000e+00 -2.315515e+00
      vertex   -9.835298e+00 1.600000e+00 -1.807461e+00
      vertex   -9.835298e+00 6.600000e+00 -1.807461e+00
    endloop
  endfacet
  facet normal -9.878906e-01 3.509692e-15 -1.551521e-01
    outer loop
      vertex   -9.835298e+00 6.600000e+00 -1.807461e+00
      vertex   -9.835298e+00 1.600000e+00 -1.807461e+00
      vertex   -9.915855e+00 1.600000e+00 -1.294536e+00
    endloop
  endfacet
  facet normal -9.878906e-01 3.509855e-15 -1.551521e-01
    outer loop
      vertex   -9.835298e+00 6.600000e+00 -1.807461e+00
      vertex   -9.915855e+00 1.600000e+00 -1.294536e+00
      vertex   -9.915855e+00 6.600000e+00 -1.294536e+00
    endloop
  endfacet
  facet normal -9.946120e-01 3.533572e-15 -1.036677e-01
    outer loop
      vertex   -9.915855e+00 6.600000e+00 -1.294536e+00
      vertex   -9.915855e+00 1.600000e+00 -1.294536e+00
      vertex   -9.969681e+00 1.600000e+00 -7.781199e-01
    endloop
  endfacet
  facet normal -9.946120e-01 3.887220e-15 -1.036677e-01
    outer loop
      vertex   -9.915855e+00 6.600000e+00 -1.294536e+00
      vertex   -9.969681e+00 1.600000e+00 -7.781199e-01
      vertex   -9.969681e+00 6.600000e+00 -7.781199e-01
    endloop
  endfacet
  facet normal -9.986521e-01 3.902717e-15 -5.190382e-02
    outer loop
      vertex   -9.969681e+00 6.600000e+00 -7.781199e-01
      vertex   -9.969681e+00 1.600000e+00 -7.781199e-01
      vertex   -9.996630e+00 1.600000e+00 -2.596066e-01
    endloop
  endfacet
  facet normal -9.986521e-01 3.594343e-15 -5.190382e-02
    outer loop
      vertex   -9.969681e+00 6.600000e+00 -7.781199e-01
      vertex   -9.996630e+00 1.600000e+00 -2.596066e-01
      vertex   -9.996630e+00 6.600000e+00 -2.596066e-01
    endloop
  endfacet
  facet normal -1.000000e+00 3.552714e-15 1.215471e-30
    outer loop
      vertex   -9.996630e+00 6.600000e+00 -2.596066e-01
      vertex   -9.996630e+00 1.600000e+00 -2.596066e-01
      vertex   -9.996630e+00 1.600000e+00 2.596066e-01
    endloop
  endfacet
  facet normal -1.000000e+00 3.552714e-15 0.000000e+00
    outer loop
      vertex   -9.996630e+00 6.600000e+00 -2.596066e-01
      vertex   -9.996630e+00 1.600000e+00 2.596066e-01
      vertex   -9.996630e+00 6.600000e+00 2.596066e-01
    endloop
  endfacet
  facet normal -9.986521e-01 3.501825e-15 5.190382e-02
    outer loop
      vertex   -9.996630e+00 6.600000e+00 2.596066e-01
      vertex   -9.996630e+00 1.600000e+00 2.596066e-01
      vertex   -9.969681e+00 1.600000e+00 7.781199e-01
    endloop
  endfacet
  facet normal -9.986521e-01 3.903000e-15 5.190382e-02
    outer loop
      vertex   -9.996630e+00 6.600000e+00 2.596066e-01
      vertex   -9.969681e+00 1.600000e+00 7.781199e-01
      vertex   -9.969681e+00 6.600000e+00 7.781199e-01
    endloop
  endfacet
  facet normal -9.946120e-01 3.886929e-15 1.036677e-01
    outer loop
      vertex   -9.969681e+00 6.600000e+00 7.781199e-01
      vertex   -9.969681e+00 1.600000e+00 7.781199e-01
      vertex   -9.915855e+00 1.600000e+00 1.294536e+00
    endloop
  endfacet
  facet normal -9.946120e-01 3.533948e-15 1.036677e-01
    outer loop
      vertex   -9.969681e+00 6.600000e+00 7.781199e-01
      vertex   -9.915855e+00 1.600000e+00 1.294536e+00
      vertex   -9.915855e+00 6.600000e+00 1.294536e+00
    endloop
  endfacet
  facet normal -9.878906e-01 3.509692e-15 1.551521e-01
    outer loop
      vertex   -9.915855e+00 6.600000e+00 1.294536e+00
      vertex   -9.915855e+00 1.600000e+00 1.294536e+00
      vertex   -9.835298e+00 1.600000e+00 1.807461e+00
    endloop
  endfacet
  facet normal -9.878906e-01 3.509049e-15 1.551521e-01
    outer loop
      vertex   -9.915855e+00 6.600000e+00 1.294536e+00
      vertex   -9.835298e+00 1.600000e+00 1.807461e+00
      vertex   -9.835298e+00 6.600000e+00 1.807461e+00
    endloop
  endfacet
  facet normal -9.785060e-01 3.476352e-15 2.062183e-01
    outer loop
      vertex   -9.835298e+00 6.600000e+00 1.807461e+00
      vertex   -9.835298e+00 1.600000e+00 1.807461e+00
      vertex   -9.728227e+00 1.600000e+00 2.315515e+00
    endloop
  endfacet
  facet normal -9.785060e-01 3.641736e-15 2.062183e-01
    outer loop
      vertex   -9.835298e+00 6.600000e+00 1.807461e+00
      vertex   -9.728227e+00 1.600000e+00 2.315515e+00
      vertex   -9.728227e+00 6.600000e+00 2.315515e+00
    endloop
  endfacet
  facet normal -9.664836e-01 3.548983e-15 2.567285e-01
    outer loop
      vertex   -9.728227e+00 6.600000e+00 2.315515e+00
      vertex   -9.728227e+00 1.600000e+00 2.315515e+00
      vertex   -9.594930e+00 1.600000e+00 2.817326e+00
    endloop
  endfacet
  facet normal -9.664836e-01 3.548400e-15 2.567285e-01
    outer loop
      vertex   -9.728227e+00 6.600000e+00 2.315515e+00
      vertex   -9.594930e+00 1.600000e+00 2.817326e+00
      vertex   -9.594930e+00 6.600000e+00 2.817326e+00
    endloop
  endfacet
  facet normal -9.518556e-01 3.447569e-15 3.065467e-01
    outer loop
      vertex   -9.594930e+00 6.600000e+00 2.817326e+00
      vertex   -9.594930e+00 1.600000e+00 2.817326e+00
      vertex   -9.435767e+00 1.600000e+00 3.311542e+00
    endloop
  endfacet
  facet normal -9.518556e-01 3.379066e-15 3.065467e-01
    outer loop
      vertex   -9.594930e+00 6.600000e+00 2.817326e+00
      vertex   -9.435767e+00 1.600000e+00 3.311542e+00
      vertex   -9.435767e+00 6.600000e+00 3.311542e+00
    endloop
  endfacet
  facet normal -9.346617e-01 3.320585e-15 3.555384e-01
    outer loop
      vertex   -9.435767e+00 6.600000e+00 3.311542e+00
      vertex   -9.435767e+00 1.600000e+00 3.311542e+00
      vertex   -9.251166e+00 1.600000e+00 3.796830e+00
    endloop
  endfacet
  facet normal -9.346617e-01 3.651659e-15 3.555384e-01
    outer loop
      vertex   -9.435767e+00 6.600000e+00 3.311542e+00
      vertex   -9.251166e+00 1.600000e+00 3.796830e+00
      vertex   -9.251166e+00 6.600000e+00 3.796830e+00
    endloop
  endfacet
  facet normal -9.149480e-01 3.575603e-15 4.035717e-01
    outer loop
      vertex   -9.251166e+00 6.600000e+00 3.796830e+00
      vertex   -9.251166e+00 1.600000e+00 3.796830e+00
      vertex   -9.041627e+00 1.600000e+00 4.271883e+00
    endloop
  endfacet
  facet normal -9.149480e-01 3.250731e-15 4.035717e-01
    outer loop
      vertex   -9.251166e+00 6.600000e+00 3.796830e+00
      vertex   -9.041627e+00 1.600000e+00 4.271883e+00
      vertex   -9.041627e+00 6.600000e+00 4.271883e+00
    endloop
  endfacet
  facet normal -8.927678e-01 3.171749e-15 4.505170e-01
    outer loop
      vertex   -9.041627e+00 6.600000e+00 4.271883e+00
      vertex   -9.041627e+00 1.600000e+00 4.271883e+00
      vertex   -8.807712e+00 1.600000e+00 4.735420e+00
    endloop
  endfacet
  facet normal -8.927678e-01 3.487025e-15 4.505170e-01
    outer loop
      vertex   -9.041627e+00 6.600000e+00 4.271883e+00
      vertex   -8.807712e+00 1.600000e+00 4.735420e+00
      vertex   -8.807712e+00 6.600000e+00 4.735420e+00
    endloop
  endfacet
  facet normal -8.681809e-01 3.348673e-15 4.962478e-01
    outer loop
      vertex   -8.807712e+00 6.600000e+00 4.735420e+00
      vertex   -8.807712e+00 1.600000e+00 4.735420e+00
      vertex   -8.550054e+00 1.600000e+00 5.186191e+00
    endloop
  endfacet
  facet normal -8.681809e-01 3.260952e-15 4.962478e-01
    outer loop
      vertex   -8.807712e+00 6.600000e+00 4.735420e+00
      vertex   -8.550054e+00 1.600000e+00 5.186191e+00
      vertex   -8.550054e+00 6.600000e+00 5.186191e+00
    endloop
  endfacet
  facet normal -8.412535e-01 3.106294e-15 5.406408e-01
    outer loop
      vertex   -8.550054e+00 6.600000e+00 5.186191e+00
      vertex   -8.550054e+00 1.600000e+00 5.186191e+00
      vertex   -8.269346e+00 1.600000e+00 5.622981e+00
    endloop
  endfacet
  facet normal -8.412535e-01 2.989123e-15 5.406408e-01
    outer loop
      vertex   -8.550054e+00 6.600000e+00 5.186191e+00
      vertex   -8.269346e+00 1.600000e+00 5.622981e+00
      vertex   -8.269346e+00 6.600000e+00 5.622981e+00
    endloop
  endfacet
  facet normal -8.120583e-01 2.885011e-15 5.835764e-01
    outer loop
      vertex   -8.269346e+00 6.600000e+00 5.622981e+00
      vertex   -8.269346e+00 1.600000e+00 5.622981e+00
      vertex   -7.966346e+00 1.600000e+00 6.044612e+00
    endloop
  endfacet
  facet normal -8.120583e-01 3.031167e-15 5.835764e-01
    outer loop
      vertex   -8.269346e+00 6.600000e+00 5.622981e+00
      vertex   -7.966346e+00 1.600000e+00 6.044612e+00
      vertex   -7.966346e+00 6.600000e+00 6.044612e+00
    endloop
  endfacet
  facet normal -7.806739e-01 2.912186e-15 6.249387e-01
    outer loop
      vertex   -7.966346e+00 6.600000e+00 6.044612e+00
      vertex   -7.966346e+00 1.600000e+00 6.044612e+00
      vertex   -7.641869e+00 1.600000e+00 6.449948e+00
    endloop
  endfacet
  facet normal -7.806739e-01 2.911905e-15 6.249387e-01
    outer loop
      vertex   -7.966346e+00 6.600000e+00 6.044612e+00
      vertex   -7.641869e+00 1.600000e+00 6.449948e+00
      vertex   -7.641869e+00 6.600000e+00 6.449948e+00
    endloop
  endfacet
  facet normal -7.471849e-01 2.787261e-15 6.646163e-01
    outer loop
      vertex   -7.641869e+00 6.600000e+00 6.449948e+00
      vertex   -7.641869e+00 1.600000e+00 6.449948e+00
      vertex   -7.296792e+00 1.600000e+00 6.837897e+00
    endloop
  endfacet
  facet normal -7.471849e-01 2.842919e-15 6.646163e-01
    outer loop
      vertex   -7.641869e+00 6.600000e+00 6.449948e+00
      vertex   -7.296792e+00 1.600000e+00 6.837897e+00
      vertex   -7.296792e+00 6.600000e+00 6.837897e+00
    endloop
  endfacet
  facet normal -7.116816e-01 2.661343e-15 7.025022e-01
    outer loop
      vertex   -7.296792e+00 6.600000e+00 6.837897e+00
      vertex   -7.296792e+00 1.600000e+00 6.837897e+00
      vertex   -6.932043e+00 1.600000e+00 7.207411e+00
    endloop
  endfacet
  facet normal -7.116816e-01 2.656840e-15 7.025022e-01
    outer loop
      vertex   -7.296792e+00 6.600000e+00 6.837897e+00
      vertex   -6.932043e+00 1.600000e+00 7.207411e+00
      vertex   -6.932043e+00 6.600000e+00 7.207411e+00
    endloop
  endfacet
  facet normal -6.742598e-01 2.469583e-15 7.384942e-01
    outer loop
      vertex   -6.932043e+00 6.600000e+00 7.207411e+00
      vertex   -6.932043e+00 1.600000e+00 7.207411e+00
      vertex   -6.548607e+00 1.600000e+00 7.557496e+00
    endloop
  endfacet
  facet normal -6.742598e-01 2.516397e-15 7.384942e-01
    outer loop
      vertex   -6.932043e+00 6.600000e+00 7.207411e+00
      vertex   -6.548607e+00 1.600000e+00 7.557496e+00
      vertex   -6.548607e+00 6.600000e+00 7.557496e+00
    endloop
  endfacet
  facet normal -6.350203e-01 2.368847e-15 7.724955e-01
    outer loop
      vertex   -6.548607e+00 6.600000e+00 7.557496e+00
      vertex   -6.548607e+00 1.600000e+00 7.557496e+00
      vertex   -6.147518e+00 1.600000e+00 7.887207e+00
    endloop
  endfacet
  facet normal -6.350203e-01 2.371933e-15 7.724955e-01
    outer loop
      vertex   -6.548607e+00 6.600000e+00 7.557496e+00
      vertex   -6.147518e+00 1.600000e+00 7.887207e+00
      vertex   -6.147518e+00 6.600000e+00 7.887207e+00
    endloop
  endfacet
  facet normal -5.940689e-01 2.216084e-15 8.044142e-01
    outer loop
      vertex   -6.147518e+00 6.600000e+00 7.887207e+00
      vertex   -6.147518e+00 1.600000e+00 7.887207e+00
      vertex   -5.729855e+00 1.600000e+00 8.195655e+00
    endloop
  endfacet
  facet normal -5.940689e-01 2.186195e-15 8.044142e-01
    outer loop
      vertex   -6.147518e+00 6.600000e+00 7.887207e+00
      vertex   -5.729855e+00 1.600000e+00 8.195655e+00
      vertex   -5.729855e+00 6.600000e+00 8.195655e+00
    endloop
  endfacet
  facet normal -5.515159e-01 2.059795e-15 8.341644e-01
    outer loop
      vertex   -5.729855e+00 6.600000e+00 8.195655e+00
      vertex   -5.729855e+00 1.600000e+00 8.195655e+00
      vertex   -5.296746e+00 1.600000e+00 8.482009e+00
    endloop
  endfacet
  facet normal -5.515159e-01 2.152157e-15 8.341644e-01
    outer loop
      vertex   -5.729855e+00 6.600000e+00 8.195655e+00
      vertex   -5.296746e+00 1.600000e+00 8.482009e+00
      vertex   -5.296746e+00 6.600000e+00 8.482009e+00
    endloop
  endfacet
  facet normal -5.074762e-01 1.947522e-15 8.616658e-01
    outer loop
      vertex   -5.296746e+00 6.600000e+00 8.482009e+00
      vertex   -5.296746e+00 1.600000e+00 8.482009e+00
      vertex   -4.849358e+00 1.600000e+00 8.745498e+00
    endloop
  endfacet
  facet normal -5.074762e-01 1.805313e-15 8.616658e-01
    outer loop
      vertex   -5.296746e+00 6.600000e+00 8.482009e+00
      vertex   -4.849358e+00 1.600000e+00 8.745498e+00
      vertex   -4.849358e+00 6.600000e+00 8.745498e+00
    endloop
  endfacet
  facet normal -4.620684e-01 1.641597e-15 8.868443e-01
    outer loop
      vertex   -4.849358e+00 6.600000e+00 8.745498e+00
      vertex   -4.849358e+00 1.600000e+00 8.745498e+00
      vertex   -4.388896e+00 1.600000e+00 8.985410e+00
    endloop
  endfacet
  facet normal -4.620684e-01 1.656149e-15 8.868443e-01
    outer loop
      vertex   -4.849358e+00 6.600000e+00 8.745498e+00
      vertex   -4.388896e+00 1.600000e+00 8.985410e+00
      vertex   -4.388896e+00 6.600000e+00 8.985410e+00
    endloop
  endfacet
  facet normal -4.154150e-01 1.447855e-15 9.096320e-01
    outer loop
      vertex   -4.388896e+00 6.600000e+00 8.985410e+00
      vertex   -4.388896e+00 1.600000e+00 8.985410e+00
      vertex   -3.916604e+00 1.600000e+00 9.201099e+00
    endloop
  endfacet
  facet normal -4.154150e-01 1.659715e-15 9.096320e-01
    outer loop
      vertex   -4.388896e+00 6.600000e+00 8.985410e+00
      vertex   -3.916604e+00 1.600000e+00 9.201099e+00
      vertex   -3.916604e+00 6.600000e+00 9.201099e+00
    endloop
  endfacet
  facet normal -3.676417e-01 1.469391e-15 9.299675e-01
    outer loop
      vertex   -3.916604e+00 6.600000e+00 9.201099e+00
      vertex   -3.916604e+00 1.600000e+00 9.201099e+00
      vertex   -3.433752e+00 1.600000e+00 9.391983e+00
    endloop
  endfacet
  facet normal -3.676417e-01 1.140398e-15 9.299675e-01
    outer loop
      vertex   -3.916604e+00 6.600000e+00 9.201099e+00
      vertex   -3.433752e+00 1.600000e+00 9.391983e+00
      vertex   -3.433752e+00 6.600000e+00 9.391983e+00
    endloop
  endfacet
  facet normal -3.188773e-01 9.912697e-16 9.477960e-01
    outer loop
      vertex   -3.433752e+00 6.600000e+00 9.391983e+00
      vertex   -3.433752e+00 1.600000e+00 9.391983e+00
      vertex   -2.941644e+00 1.600000e+00 9.557548e+00
    endloop
  endfacet
  facet normal -3.188773e-01 9.394870e-16 9.477960e-01
    outer loop
      vertex   -3.433752e+00 6.600000e+00 9.391983e+00
      vertex   -2.941644e+00 1.600000e+00 9.557548e+00
      vertex   -2.941644e+00 6.600000e+00 9.557548e+00
    endloop
  endfacet
  facet normal -2.692532e-01 7.340011e-16 9.630694e-01
    outer loop
      vertex   -2.941644e+00 6.600000e+00 9.557548e+00
      vertex   -2.941644e+00 1.600000e+00 9.557548e+00
      vertex   -2.441606e+00 1.600000e+00 9.697348e+00
    endloop
  endfacet
  facet normal -2.692532e-01 9.786262e-16 9.630694e-01
    outer loop
      vertex   -2.941644e+00 6.600000e+00 9.557548e+00
      vertex   -2.441606e+00 1.600000e+00 9.697348e+00
      vertex   -2.441606e+00 6.600000e+00 9.697348e+00
    endloop
  endfacet
  facet normal -2.189033e-01 7.971434e-16 9.757466e-01
    outer loop
      vertex   -2.441606e+00 6.600000e+00 9.697348e+00
      vertex   -2.441606e+00 1.600000e+00 9.697348e+00
      vertex   -1.934985e+00 1.600000e+00 9.811006e+00
    endloop
  endfacet
  facet normal -2.189033e-01 6.440093e-16 9.757466e-01
    outer loop
      vertex   -2.441606e+00 6.600000e+00 9.697348e+00
      vertex   -1.934985e+00 1.600000e+00 9.811006e+00
      vertex   -1.934985e+00 6.600000e+00 9.811006e+00
    endloop
  endfacet
  facet normal -1.679633e-01 4.106009e-16 9.857933e-01
    outer loop
      vertex   -1.934985e+00 6.600000e+00 9.811006e+00
      vertex   -1.934985e+00 1.600000e+00 9.811006e+00
      vertex   -1.423148e+00 1.600000e+00 9.898214e+00
    endloop
  endfacet
  facet normal -1.679633e-01 6.934610e-16 9.857933e-01
    outer loop
      vertex   -1.934985e+00 6.600000e+00 9.811006e+00
      vertex   -1.423148e+00 1.600000e+00 9.898214e+00
      vertex   -1.423148e+00 6.600000e+00 9.898214e+00
    endloop
  endfacet
  facet normal -1.165705e-01 4.814394e-16 9.931824e-01
    outer loop
      vertex   -1.423148e+00 6.600000e+00 9.898214e+00
      vertex   -1.423148e+00 1.600000e+00 9.898214e+00
      vertex   -9.074750e-01 1.600000e+00 9.958739e+00
    endloop
  endfacet
  facet normal -1.165705e-01 3.749586e-16 9.931824e-01
    outer loop
      vertex   -1.423148e+00 6.600000e+00 9.898214e+00
      vertex   -9.074750e-01 1.600000e+00 9.958739e+00
      vertex   -9.074750e-01 6.600000e+00 9.958739e+00
    endloop
  endfacet
  facet normal -6.486337e-02 2.088371e-16 9.978942e-01
    outer loop
      vertex   -9.074750e-01 6.600000e+00 9.958739e+00
      vertex   -9.074750e-01 1.600000e+00 9.958739e+00
      vertex   -3.893552e-01 1.600000e+00 9.992417e+00
    endloop
  endfacet
  facet normal -6.486337e-02 2.654198e-16 9.978942e-01
    outer loop
      vertex   -9.074750e-01 6.600000e+00 9.958739e+00
      vertex   -3.893552e-01 1.600000e+00 9.992417e+00
      vertex   -3.893552e-01 6.600000e+00 9.992417e+00
    endloop
  endfacet
  facet normal -1.298142e-02 5.318129e-17 9.999157e-01
    outer loop
      vertex   -3.893552e-01 6.600000e+00 9.992417e+00
      vertex   -3.893552e-01 1.600000e+00 9.992417e+00
      vertex   1.298142e-01 1.600000e+00 9.999157e+00
    endloop
  endfacet
  facet normal -1.298142e-02 4.749501e-17 9.999157e-01
    outer loop
      vertex   -3.893552e-01 6.600000e+00 9.992417e+00
      vertex   1.298142e-01 1.600000e+00 9.999157e+00
      vertex   1.298142e-01 6.600000e+00 9.999157e+00
    endloop
  endfacet
  facet normal 3.893552e-02 -1.420011e-16 9.992417e-01
    outer loop
      vertex   1.298142e-01 6.600000e+00 9.999157e+00
      vertex   1.298142e-01 1.600000e+00 9.999157e+00
      vertex   6.486337e-01 1.600000e+00 9.978942e+00
    endloop
  endfacet
  facet normal 3.893552e-02 -1.774587e-16 9.992417e-01
    outer loop
      vertex   1.298142e-01 6.600000e+00 9.999157e+00
      vertex   6.486337e-01 1.600000e+00 9.978942e+00
      vertex   6.486337e-01 6.600000e+00 9.978942e+00
    endloop
  endfacet
  facet normal 9.074750e-02 -4.130748e-16 9.958739e-01
    outer loop
      vertex   6.486337e-01 6.600000e+00 9.978942e+00
      vertex   6.486337e-01 1.600000e+00 9.978942e+00
      vertex   1.165705e+00 1.600000e+00 9.931824e+00
    endloop
  endfacet
  facet normal 9.074750e-02 -3.704767e-16 9.958739e-01
    outer loop
      vertex   6.486337e-01 6.600000e+00 9.978942e+00
      vertex   1.165705e+00 1.600000e+00 9.931824e+00
      vertex   1.165705e+00 6.600000e+00 9.931824e+00
    endloop
  endfacet
  facet normal 1.423148e-01 -5.814445e-16 9.898214e-01
    outer loop
      vertex   1.165705e+00 6.600000e+00 9.931824e+00
      vertex   1.165705e+00 1.600000e+00 9.931824e+00
      vertex   1.679633e+00 1.600000e+00 9.857933e+00
    endloop
  endfacet
  facet normal 1.423148e-01 -4.602631e-16 9.898214e-01
    outer loop
      vertex   1.165705e+00 6.600000e+00 9.931824e+00
      vertex   1.679633e+00 1.600000e+00 9.857933e+00
      vertex   1.679633e+00 6.600000e+00 9.857933e+00
    endloop
  endfacet
  facet normal 1.934985e-01 -6.272934e-16 9.811006e-01
    outer loop
      vertex   1.679633e+00 6.600000e+00 9.857933e+00
      vertex   1.679633e+00 1.600000e+00 9.857933e+00
      vertex   2.189033e+00 1.600000e+00 9.757466e+00
    endloop
  endfacet
  facet normal 1.934985e-01 -4.587558e-16 9.811006e-01
    outer loop
      vertex   1.679633e+00 6.600000e+00 9.857933e+00
      vertex   2.189033e+00 1.600000e+00 9.757466e+00
      vertex   2.189033e+00 6.600000e+00 9.757466e+00
    endloop
  endfacet
  facet normal 2.441606e-01 -6.747143e-16 9.697348e-01
    outer loop
      vertex   2.189033e+00 6.600000e+00 9.757466e+00
      vertex   2.189033e+00 1.600000e+00 9.757466e+00
      vertex   2.692532e+00 1.600000e+00 9.630694e+00
    endloop
  endfacet
  facet normal 2.441606e-01 -8.689971e-16 9.697348e-01
    outer loop
      vertex   2.189033e+00 6.600000e+00 9.757466e+00
      vertex   2.692532e+00 1.600000e+00 9.630694e+00
      vertex   2.692532e+00 6.600000e+00 9.630694e+00
    endloop
  endfacet
  facet normal 2.941644e-01 -1.045082e-15 9.557548e-01
    outer loop
      vertex   2.692532e+00 6.600000e+00 9.630694e+00
      vertex   2.692532e+00 1.600000e+00 9.630694e+00
      vertex   3.188773e+00 1.600000e+00 9.477960e+00
    endloop
  endfacet
  facet normal 2.941644e-01 -9.668105e-16 9.557548e-01
    outer loop
      vertex   2.692532e+00 6.600000e+00 9.630694e+00
      vertex   3.188773e+00 1.600000e+00 9.477960e+00
      vertex   3.188773e+00 6.600000e+00 9.477960e+00
    endloop
  endfacet
  facet normal 3.433752e-01 -1.191222e-15 9.391983e-01
    outer loop
      vertex   3.188773e+00 6.600000e+00 9.477960e+00
      vertex   3.188773e+00 1.600000e+00 9.477960e+00
      vertex   3.676417e+00 1.600000e+00 9.299675e+00
    endloop
  endfacet
  facet normal 3.433752e-01 -1.040553e-15 9.391983e-01
    outer loop
      vertex   3.188773e+00 6.600000e+00 9.477960e+00
      vertex   3.676417e+00 1.600000e+00 9.299675e+00
      vertex   3.676417e+00 6.600000e+00 9.299675e+00
    endloop
  endfacet
  facet normal 3.916604e-01 -1.238501e-15 9.201099e-01
    outer loop
      vertex   3.676417e+00 6.600000e+00 9.299675e+00
      vertex   3.676417e+00 1.600000e+00 9.299675e+00
      vertex   4.154150e+00 1.600000e+00 9.096320e+00
    endloop
  endfacet
  facet normal 3.916604e-01 -1.252365e-15 9.201099e-01
    outer loop
      vertex   3.676417e+00 6.600000e+00 9.299675e+00
      vertex   4.154150e+00 1.600000e+00 9.096320e+00
      vertex   4.154150e+00 6.600000e+00 9.096320e+00
    endloop
  endfacet
  facet normal 4.388896e-01 -1.403324e-15 8.985410e-01
    outer loop
      vertex   4.154150e+00 6.600000e+00 9.096320e+00
      vertex   4.154150e+00 1.600000e+00 9.096320e+00
      vertex   4.620684e+00 1.600000e+00 8.868443e+00
    endloop
  endfacet
  facet normal 4.388896e-01 -1.561419e-15 8.985410e-01
    outer loop
      vertex   4.154150e+00 6.600000e+00 9.096320e+00
      vertex   4.620684e+00 1.600000e+00 8.868443e+00
      vertex   4.620684e+00 6.600000e+00 8.868443e+00
    endloop
  endfacet
  facet normal 4.849358e-01 -1.722838e-15 8.745498e-01
    outer loop
      vertex   4.620684e+00 6.600000e+00 8.868443e+00
      vertex   4.620684e+00 1.600000e+00 8.868443e+00
      vertex   5.074762e+00 1.600000e+00 8.616658e+00
    endloop
  endfacet
  facet normal 4.849358e-01 -1.806389e-15 8.745498e-01
    outer loop
      vertex   4.620684e+00 6.600000e+00 8.868443e+00
      vertex   5.074762e+00 1.600000e+00 8.616658e+00
      vertex   5.074762e+00 6.600000e+00 8.616658e+00
    endloop
  endfacet
  facet normal 5.296746e-01 -1.975871e-15 8.482009e-01
    outer loop
      vertex   5.074762e+00 6.600000e+00 8.616658e+00
      vertex   5.074762e+00 1.600000e+00 8.616658e+00
      vertex   5.515159e+00 1.600000e+00 8.341644e+00
    endloop
  endfacet
  facet normal 5.296746e-01 -1.748520e-15 8.482009e-01
    outer loop
      vertex   5.074762e+00 6.600000e+00 8.616658e+00
      vertex   5.515159e+00 1.600000e+00 8.341644e+00
      vertex   5.515159e+00 6.600000e+00 8.341644e+00
    endloop
  endfacet
  facet normal 5.729855e-01 -1.962230e-15 8.195655e-01
    outer loop
      vertex   5.515159e+00 6.600000e+00 8.341644e+00
      vertex   5.515159e+00 1.600000e+00 8.341644e+00
      vertex   5.940689e+00 1.600000e+00 8.044142e+00
    endloop
  endfacet
  facet normal 5.729855e-01 -2.236574e-15 8.195655e-01
    outer loop
      vertex   5.515159e+00 6.600000e+00 8.341644e+00
      vertex   5.940689e+00 1.600000e+00 8.044142e+00
      vertex   5.940689e+00 6.600000e+00 8.044142e+00
    endloop
  endfacet
  facet normal 6.147518e-01 -2.402441e-15 7.887207e-01
    outer loop
      vertex   5.940689e+00 6.600000e+00 8.044142e+00
      vertex   5.940689e+00 1.600000e+00 8.044142e+00
      vertex   6.350203e+00 1.600000e+00 7.724955e+00
    endloop
  endfacet
  facet normal 6.147518e-01 -2.295140e-15 7.887207e-01
    outer loop
      vertex   5.940689e+00 6.600000e+00 8.044142e+00
      vertex   6.350203e+00 1.600000e+00 7.724955e+00
      vertex   6.350203e+00 6.600000e+00 7.724955e+00
    endloop
  endfacet
  facet normal 6.548607e-01 -2.442859e-15 7.557496e-01
    outer loop
      vertex   6.350203e+00 6.600000e+00 7.724955e+00
      vertex   6.350203e+00 1.600000e+00 7.724955e+00
      vertex   6.742598e+00 1.600000e+00 7.384942e+00
    endloop
  endfacet
  facet normal 6.548607e-01 -2.376465e-15 7.557496e-01
    outer loop
      vertex   6.350203e+00 6.600000e+00 7.724955e+00
      vertex   6.742598e+00 1.600000e+00 7.384942e+00
      vertex   6.742598e+00 6.600000e+00 7.384942e+00
    endloop
  endfacet
  facet normal 6.932043e-01 -2.566328e-15 7.207411e-01
    outer loop
      vertex   6.742598e+00 6.600000e+00 7.384942e+00
      vertex   6.742598e+00 1.600000e+00 7.384942e+00
      vertex   7.116816e+00 1.600000e+00 7.025022e+00
    endloop
  endfacet
  facet normal 6.932043e-01 -2.585840e-15 7.207411e-01
    outer loop
      vertex   6.742598e+00 6.600000e+00 7.384942e+00
      vertex   7.116816e+00 1.600000e+00 7.025022e+00
      vertex   7.116816e+00 6.600000e+00 7.025022e+00
    endloop
  endfacet
  facet normal 7.296792e-01 -2.721958e-15 6.837897e-01
    outer loop
      vertex   7.116816e+00 6.600000e+00 7.025022e+00
      vertex   7.116816e+00 1.600000e+00 7.025022e+00
      vertex   7.471849e+00 1.600000e+00 6.646163e+00
    endloop
  endfacet
  facet normal 7.296792e-01 -2.874195e-15 6.837897e-01
    outer loop
      vertex   7.116816e+00 6.600000e+00 7.025022e+00
      vertex   7.471849e+00 1.600000e+00 6.646163e+00
      vertex   7.471849e+00 6.600000e+00 6.646163e+00
    endloop
  endfacet
  facet normal 7.641869e-01 -3.049949e-15 6.449948e-01
    outer loop
      vertex   7.471849e+00 6.600000e+00 6.646163e+00
      vertex   7.471849e+00 1.600000e+00 6.646163e+00
      vertex   7.806739e+00 1.600000e+00 6.249387e+00
    endloop
  endfacet
  facet normal 7.641869e-01 -2.855326e-15 6.449948e-01
    outer loop
      vertex   7.471849e+00 6.600000e+00 6.646163e+00
      vertex   7.806739e+00 1.600000e+00 6.249387e+00
      vertex   7.806739e+00 6.600000e+00 6.249387e+00
    endloop
  endfacet
  facet normal 7.966346e-01 -2.971725e-15 6.044612e-01
    outer loop
      vertex   7.806739e+00 6.600000e+00 6.249387e+00
      vertex   7.806739e+00 1.600000e+00 6.249387e+00
      vertex   8.120583e+00 1.600000e+00 5.835764e+00
    endloop
  endfacet
  facet normal 7.966346e-01 -3.112263e-15 6.044612e-01
    outer loop
      vertex   7.806739e+00 6.600000e+00 6.249387e+00
      vertex   8.120583e+00 1.600000e+00 5.835764e+00
      vertex   8.120583e+00 6.600000e+00 5.835764e+00
    endloop
  endfacet
  facet normal 8.269346e-01 -3.231648e-15 5.622981e-01
    outer loop
      vertex   8.120583e+00 6.600000e+00 5.835764e+00
      vertex   8.120583e+00 1.600000e+00 5.835764e+00
      vertex   8.412535e+00 1.600000e+00 5.406408e+00
    endloop
  endfacet
  facet normal 8.269346e-01 -3.416513e-15 5.622981e-01
    outer loop
      vertex   8.120583e+00 6.600000e+00 5.835764e+00
      vertex   8.412535e+00 1.600000e+00 5.406408e+00
      vertex   8.412535e+00 6.600000e+00 5.406408e+00
    endloop
  endfacet
  facet normal 8.550054e-01 -3.580365e-15 5.186191e-01
    outer loop
      vertex   8.412535e+00 6.600000e+00 5.406408e+00
      vertex   8.412535e+00 1.600000e+00 5.406408e+00
      vertex   8.681809e+00 1.600000e+00 4.962478e+00
    endloop
  endfacet
  facet normal 8.550054e-01 -3.339909e-15 5.186191e-01
    outer loop
      vertex   8.412535e+00 6.600000e+00 5.406408e+00
      vertex   8.681809e+00 1.600000e+00 4.962478e+00
      vertex   8.681809e+00 6.600000e+00 4.962478e+00
    endloop
  endfacet
  facet normal 8.807712e-01 -3.442041e-15 4.735420e-01
    outer loop
      vertex   8.681809e+00 6.600000e+00 4.962478e+00
      vertex   8.681809e+00 1.600000e+00 4.962478e+00
      vertex   8.927678e+00 1.600000e+00 4.505170e+00
    endloop
  endfacet
  facet normal 8.807712e-01 -3.419198e-15 4.735420e-01
    outer loop
      vertex   8.681809e+00 6.600000e+00 4.962478e+00
      vertex   8.927678e+00 1.600000e+00 4.505170e+00
      vertex   8.927678e+00 6.600000e+00 4.505170e+00
    endloop
  endfacet
  facet normal 9.041627e-01 -3.551142e-15 4.271883e-01
    outer loop
      vertex   8.927678e+00 6.600000e+00 4.505170e+00
      vertex   8.927678e+00 1.600000e+00 4.505170e+00
      vertex   9.149480e+00 1.600000e+00 4.035717e+00
    endloop
  endfacet
  facet normal 9.041627e-01 -3.534234e-15 4.271883e-01
    outer loop
      vertex   8.927678e+00 6.600000e+00 4.505170e+00
      vertex   9.149480e+00 1.600000e+00 4.035717e+00
      vertex   9.149480e+00 6.600000e+00 4.035717e+00
    endloop
  endfacet
  facet normal 9.251166e-01 -3.615342e-15 3.796830e-01
    outer loop
      vertex   9.149480e+00 6.600000e+00 4.035717e+00
      vertex   9.149480e+00 1.600000e+00 4.035717e+00
      vertex   9.346617e+00 1.600000e+00 3.555384e+00
    endloop
  endfacet
  facet normal 9.251166e-01 -3.617484e-15 3.796830e-01
    outer loop
      vertex   9.149480e+00 6.600000e+00 4.035717e+00
      vertex   9.346617e+00 1.600000e+00 3.555384e+00
      vertex   9.346617e+00 6.600000e+00 3.555384e+00
    endloop
  endfacet
  facet normal 9.435767e-01 -3.687484e-15 3.311542e-01
    outer loop
      vertex   9.346617e+00 6.600000e+00 3.555384e+00
      vertex   9.346617e+00 1.600000e+00 3.555384e+00
      vertex   9.518556e+00 1.600000e+00 3.065467e+00
    endloop
  endfacet
  facet normal 9.435767e-01 -3.392069e-15 3.311542e-01
    outer loop
      vertex   9.346617e+00 6.600000e+00 3.555384e+00
      vertex   9.518556e+00 1.600000e+00 3.065467e+00
      vertex   9.518556e+00 6.600000e+00 3.065467e+00
    endloop
  endfacet
  facet normal 9.594930e-01 -3.499455e-15 2.817326e-01
    outer loop
      vertex   9.518556e+00 6.600000e+00 3.065467e+00
      vertex   9.518556e+00 1.600000e+00 3.065467e+00
      vertex   9.664836e+00 1.600000e+00 2.567285e+00
    endloop
  endfacet
  facet normal 9.594930e-01 -3.409553e-15 2.817326e-01
    outer loop
      vertex   9.518556e+00 6.600000e+00 3.065467e+00
      vertex   9.664836e+00 1.600000e+00 2.567285e+00
      vertex   9.664836e+00 6.600000e+00 2.567285e+00
    endloop
  endfacet
  facet normal 9.728227e-01 -3.456160e-15 2.315515e-01
    outer loop
      vertex   9.664836e+00 6.600000e+00 2.567285e+00
      vertex   9.664836e+00 1.600000e+00 2.567285e+00
      vertex   9.785060e+00 1.600000e+00 2.062183e+00
    endloop
  endfacet
  facet normal 9.728227e-01 -3.962205e-15 2.315515e-01
    outer loop
      vertex   9.664836e+00 6.600000e+00 2.567285e+00
      vertex   9.785060e+00 1.600000e+00 2.062183e+00
      vertex   9.785060e+00 6.600000e+00 2.062183e+00
    endloop
  endfacet
  facet normal 9.835298e-01 -4.048558e-15 1.807461e-01
    outer loop
      vertex   9.785060e+00 6.600000e+00 2.062183e+00
      vertex   9.785060e+00 1.600000e+00 2.062183e+00
      vertex   9.878906e+00 1.600000e+00 1.551521e+00
    endloop
  endfacet
  facet normal 9.835298e-01 -3.494264e-15 1.807461e-01
    outer loop
      vertex   9.785060e+00 6.600000e+00 2.062183e+00
      vertex   9.878906e+00 1.600000e+00 1.551521e+00
      vertex   9.878906e+00 6.600000e+00 1.551521e+00
    endloop
  endfacet
  facet normal 9.915855e-01 -3.522819e-15 1.294536e-01
    outer loop
      vertex   9.878906e+00 6.600000e+00 1.551521e+00
      vertex   9.878906e+00 1.600000e+00 1.551521e+00
      vertex   9.946120e+00 1.600000e+00 1.036677e+00
    endloop
  endfacet
  facet normal -3.643374e-15 -1.000000e+00 -9.461627e-17
    outer loop
      vertex   9.986521e+00 1.600000e+00 5.190382e-01
      vertex   -9.996630e+00 1.600000e+00 2.596066e-01
      vertex   1.000000e+01 1.600000e+00 1.224647e-15
    endloop
  endfacet
  facet normal -3.642145e-15 -1.000000e+00 4.862705e-30
    outer loop
      vertex   1.000000e+01 1.600000e+00 1.224647e-15
      vertex   -9.996630e+00 1.600000e+00 2.596066e-01
      vertex   -9.996630e+00 1.600000e+00 -2.596066e-01
    endloop
  endfacet
  facet normal -3.643374e-15 -1.000000e+00 9.461627e-17
    outer loop
      vertex   1.000000e+01 1.600000e+00 1.224647e-15
      vertex   -9.996630e+00 1.600000e+00 -2.596066e-01
      vertex   9.986521e+00 1.600000e+00 -5.190382e-01
    endloop
  endfacet
  facet normal -3.647063e-15 -1.000000e+00 -1.895520e-16
    outer loop
      vertex   9.986521e+00 1.600000e+00 -5.190382e-01
      vertex   -9.996630e+00 1.600000e+00 -2.596066e-01
      vertex   -9.969681e+00 1.600000e+00 -7.781199e-01
    endloop
  endfacet
  facet normal -3.653225e-15 -1.000000e+00 2.851292e-16
    outer loop
      vertex   9.986521e+00 1.600000e+00 -5.190382e-01
      vertex   -9.969681e+00 1.600000e+00 -7.781199e-01
      vertex   9.946120e+00 1.600000e+00 -1.036677e+00
    endloop
  endfacet
  facet normal -3.661882e-15 -1.000000e+00 -3.816754e-16
    outer loop
      vertex   9.946120e+00 1.600000e+00 -1.036677e+00
      vertex   -9.969681e+00 1.600000e+00 -7.781199e-01
      vertex   -9.915855e+00 1.600000e+00 -1.294536e+00
    endloop
  endfacet
  facet normal -3.650628e-15 -1.000000e+00 -1.248543e-15
    outer loop
      vertex   9.946120e+00 1.600000e+00 -1.036677e+00
      vertex   -9.915855e+00 1.600000e+00 -1.294536e+00
      vertex   9.878906e+00 1.600000e+00 -1.551521e+00
    endloop
  endfacet
  facet normal -3.619318e-15 -1.000000e+00 1.163164e-15
    outer loop
      vertex   9.878906e+00 1.600000e+00 -1.551521e+00
      vertex   -9.915855e+00 1.600000e+00 -1.294536e+00
      vertex   -9.835298e+00 1.600000e+00 -1.807461e+00
    endloop
  endfacet
  facet normal -3.612837e-15 -1.000000e+00 6.639416e-16
    outer loop
      vertex   9.878906e+00 1.600000e+00 -1.551521e+00
      vertex   -9.835298e+00 1.600000e+00 -1.807461e+00
      vertex   9.785060e+00 1.600000e+00 -2.062183e+00
    endloop
  endfacet
  facet normal -3.631392e-15 -1.000000e+00 -7.653091e-16
    outer loop
      vertex   9.785060e+00 1.600000e+00 -2.062183e+00
      vertex   -9.835298e+00 1.600000e+00 -1.807461e+00
      vertex   -9.728227e+00 1.600000e+00 -2.315515e+00
    endloop
  endfacet
  facet normal -3.652615e-15 -1.000000e+00 8.693961e-16
    outer loop
      vertex   9.785060e+00 1.600000e+00 -2.062183e+00
      vertex   -9.728227e+00 1.600000e+00 -2.315515e+00
      vertex   9.664836e+00 1.600000e+00 -2.567285e+00
    endloop
  endfacet
  facet normal -3.676581e-15 -1.000000e+00 -9.766159e-16
    outer loop
      vertex   9.664836e+00 1.600000e+00 -2.567285e+00
      vertex   -9.728227e+00 1.600000e+00 -2.315515e+00
      vertex   -9.594930e+00 1.600000e+00 -2.817326e+00
    endloop
  endfacet
  facet normal -3.680143e-15 -1.000000e+00 -7.022541e-16
    outer loop
      vertex   9.664836e+00 1.600000e+00 -2.567285e+00
      vertex   -9.594930e+00 1.600000e+00 -2.817326e+00
      vertex   9.518556e+00 1.600000e+00 -3.065467e+00
    endloop
  endfacet
  facet normal -3.663009e-15 -1.000000e+00 6.174681e-16
    outer loop
      vertex   9.518556e+00 1.600000e+00 -3.065467e+00
      vertex   -9.594930e+00 1.600000e+00 -2.817326e+00
      vertex   -9.435767e+00 1.600000e+00 -3.311542e+00
    endloop
  endfacet
  facet normal -3.671722e-15 -1.000000e+00 1.288614e-15
    outer loop
      vertex   9.518556e+00 1.600000e+00 -3.065467e+00
      vertex   -9.435767e+00 1.600000e+00 -3.311542e+00
      vertex   9.346617e+00 1.600000e+00 -3.555384e+00
    endloop
  endfacet
  facet normal -3.659000e-15 -1.000000e+00 2.268556e-15
    outer loop
      vertex   9.346617e+00 1.600000e+00 -3.555384e+00
      vertex   -9.435767e+00 1.600000e+00 -3.311542e+00
      vertex   -9.251166e+00 1.600000e+00 -3.796830e+00
    endloop
  endfacet
  facet normal -3.624857e-15 -1.000000e+00 -3.613892e-16
    outer loop
      vertex   9.346617e+00 1.600000e+00 -3.555384e+00
      vertex   -9.251166e+00 1.600000e+00 -3.796830e+00
      vertex   9.149480e+00 1.600000e+00 -4.035717e+00
    endloop
  endfacet
  facet normal -3.646920e-15 -1.000000e+00 -2.060830e-15
    outer loop
      vertex   9.149480e+00 1.600000e+00 -4.035717e+00
      vertex   -9.251166e+00 1.600000e+00 -3.796830e+00
      vertex   8.927678e+00 1.600000e+00 -4.505170e+00
    endloop
  endfacet
  facet normal -3.493434e-15 -1.000000e+00 1.878227e-15
    outer loop
      vertex   8.927678e+00 1.600000e+00 -4.505170e+00
      vertex   -9.251166e+00 1.600000e+00 -3.796830e+00
      vertex   8.681809e+00 1.600000e+00 -4.962478e+00
    endloop
  endfacet
  facet normal -3.603492e-15 -1.000000e+00 1.850465e-16
    outer loop
      vertex   8.681809e+00 1.600000e+00 -4.962478e+00
      vertex   -9.251166e+00 1.600000e+00 -3.796830e+00
      vertex   8.412535e+00 1.600000e+00 -5.406408e+00
    endloop
  endfacet
  facet normal -3.586620e-15 -1.000000e+00 3.701937e-16
    outer loop
      vertex   8.412535e+00 1.600000e+00 -5.406408e+00
      vertex   -9.251166e+00 1.600000e+00 -3.796830e+00
      vertex   8.120583e+00 1.600000e+00 -5.835764e+00
    endloop
  endfacet
  facet normal -3.564645e-15 -1.000000e+00 5.574270e-16
    outer loop
      vertex   8.120583e+00 1.600000e+00 -5.835764e+00
      vertex   -9.251166e+00 1.600000e+00 -3.796830e+00
      vertex   7.806739e+00 1.600000e+00 -6.249387e+00
    endloop
  endfacet
  facet normal -3.824383e-15 -1.000000e+00 -1.249093e-15
    outer loop
      vertex   7.806739e+00 1.600000e+00 -6.249387e+00
      vertex   -9.251166e+00 1.600000e+00 -3.796830e+00
      vertex   7.471849e+00 1.600000e+00 -6.646163e+00
    endloop
  endfacet
  facet normal -3.803188e-15 -1.000000e+00 -1.124696e-15
    outer loop
      vertex   7.471849e+00 1.600000e+00 -6.646163e+00
      vertex   -9.251166e+00 1.600000e+00 -3.796830e+00
      vertex   7.116816e+00 1.600000e+00 -7.025022e+00
    endloop
  endfacet
  facet normal -3.375817e-15 -1.000000e+00 1.042213e-15
    outer loop
      vertex   7.116816e+00 1.600000e+00 -7.025022e+00
      vertex   -9.251166e+00 1.600000e+00 -3.796830e+00
      vertex   6.742598e+00 1.600000e+00 -7.384942e+00
    endloop
  endfacet
  facet normal -3.798290e-15 -1.000000e+00 -8.409298e-16
    outer loop
      vertex   6.742598e+00 1.600000e+00 -7.384942e+00
      vertex   -9.251166e+00 1.600000e+00 -3.796830e+00
      vertex   6.350203e+00 1.600000e+00 -7.724955e+00
    endloop
  endfacet
  facet normal -3.240413e-15 -1.000000e+00 1.374794e-15
    outer loop
      vertex   6.350203e+00 1.600000e+00 -7.724955e+00
      vertex   -9.251166e+00 1.600000e+00 -3.796830e+00
      vertex   5.940689e+00 1.600000e+00 -8.044142e+00
    endloop
  endfacet
  facet normal -3.781799e-15 -1.000000e+00 -5.616464e-16
    outer loop
      vertex   5.940689e+00 1.600000e+00 -8.044142e+00
      vertex   -9.251166e+00 1.600000e+00 -3.796830e+00
      vertex   5.515159e+00 1.600000e+00 -8.341644e+00
    endloop
  endfacet
  facet normal -3.749116e-15 -1.000000e+00 -4.554566e-16
    outer loop
      vertex   5.515159e+00 1.600000e+00 -8.341644e+00
      vertex   -9.251166e+00 1.600000e+00 -3.796830e+00
      vertex   5.074762e+00 1.600000e+00 -8.616658e+00
    endloop
  endfacet
  facet normal -3.715260e-15 -1.000000e+00 -3.548261e-16
    outer loop
      vertex   5.074762e+00 1.600000e+00 -8.616658e+00
      vertex   -9.251166e+00 1.600000e+00 -3.796830e+00
      vertex   4.620684e+00 1.600000e+00 -8.868443e+00
    endloop
  endfacet
  facet normal -2.865604e-15 -1.000000e+00 1.969149e-15
    outer loop
      vertex   4.620684e+00 1.600000e+00 -8.868443e+00
      vertex   -9.251166e+00 1.600000e+00 -3.796830e+00
      vertex   4.154150e+00 1.600000e+00 -9.096320e+00
    endloop
  endfacet
  facet normal -4.575035e-15 -1.000000e+00 -2.354940e-15
    outer loop
      vertex   4.154150e+00 1.600000e+00 -9.096320e+00
      vertex   -9.251166e+00 1.600000e+00 -3.796830e+00
      vertex   3.676417e+00 1.600000e+00 -9.299675e+00
    endloop
  endfacet
  facet normal -3.610335e-15 -1.000000e+00 -8.861299e-17
    outer loop
      vertex   3.676417e+00 1.600000e+00 -9.299675e+00
      vertex   -9.251166e+00 1.600000e+00 -3.796830e+00
      vertex   3.188773e+00 1.600000e+00 -9.477960e+00
    endloop
  endfacet
  facet normal -3.575698e-15 -1.000000e+00 -1.277036e-17
    outer loop
      vertex   3.188773e+00 1.600000e+00 -9.477960e+00
      vertex   -9.251166e+00 1.600000e+00 -3.796830e+00
      vertex   2.692532e+00 1.600000e+00 -9.630694e+00
    endloop
  endfacet
  facet normal -3.542118e-15 -1.000000e+00 5.597852e-17
    outer loop
      vertex   2.692532e+00 1.600000e+00 -9.630694e+00
      vertex   -9.251166e+00 1.600000e+00 -3.796830e+00
      vertex   2.189033e+00 1.600000e+00 -9.757466e+00
    endloop
  endfacet
  facet normal -2.245450e-15 -1.000000e+00 2.544663e-15
    outer loop
      vertex   2.189033e+00 1.600000e+00 -9.757466e+00
      vertex   -9.251166e+00 1.600000e+00 -3.796830e+00
      vertex   1.679633e+00 1.600000e+00 -9.857933e+00
    endloop
  endfacet
  facet normal -4.869983e-15 -1.000000e+00 -2.188510e-15
    outer loop
      vertex   1.679633e+00 1.600000e+00 -9.857933e+00
      vertex   -9.251166e+00 1.600000e+00 -3.796830e+00
      vertex   1.165705e+00 1.600000e+00 -9.931824e+00
    endloop
  endfacet
  facet normal -3.454937e-15 -1.000000e+00 2.141580e-16
    outer loop
      vertex   1.165705e+00 1.600000e+00 -9.931824e+00
      vertex   -9.251166e+00 1.600000e+00 -3.796830e+00
      vertex   6.486337e-01 1.600000e+00 -9.978942e+00
    endloop
  endfacet
  facet normal -5.044901e-15 -1.000000e+00 -2.331950e-15
    outer loop
      vertex   6.486337e-01 1.600000e+00 -9.978942e+00
      vertex   -9.251166e+00 1.600000e+00 -3.796830e+00
      vertex   1.298142e-01 1.600000e+00 -9.999157e+00
    endloop
  endfacet
  facet normal -1.674869e-15 -1.000000e+00 2.765203e-15
    outer loop
      vertex   1.298142e-01 1.600000e+00 -9.999157e+00
      vertex   -9.251166e+00 1.600000e+00 -3.796830e+00
      vertex   -3.893552e-01 1.600000e+00 -9.992417e+00
    endloop
  endfacet
  facet normal -5.300000e-15 -1.000000e+00 -2.419977e-15
    outer loop
      vertex   -3.893552e-01 1.600000e+00 -9.992417e+00
      vertex   -9.251166e+00 1.600000e+00 -3.796830e+00
      vertex   -9.074750e-01 1.600000e+00 -9.958739e+00
    endloop
  endfacet
  facet normal -3.431866e-15 -1.000000e+00 1.096175e-16
    outer loop
      vertex   -9.074750e-01 1.600000e+00 -9.958739e+00
      vertex   -9.251166e+00 1.600000e+00 -3.796830e+00
      vertex   -1.423148e+00 1.600000e+00 -9.898214e+00
    endloop
  endfacet
  facet normal -1.236744e-15 -1.000000e+00 2.925939e-15
    outer loop
      vertex   -1.423148e+00 1.600000e+00 -9.898214e+00
      vertex   -9.251166e+00 1.600000e+00 -3.796830e+00
      vertex   -1.934985e+00 1.600000e+00 -9.811006e+00
    endloop
  endfacet
  facet normal -5.866544e-15 -1.000000e+00 -2.706164e-15
    outer loop
      vertex   -1.934985e+00 1.600000e+00 -9.811006e+00
      vertex   -9.251166e+00 1.600000e+00 -3.796830e+00
      vertex   -2.441606e+00 1.600000e+00 -9.697348e+00
    endloop
  endfacet
  facet normal -3.567114e-15 -1.000000e+00 -5.248011e-17
    outer loop
      vertex   -2.441606e+00 1.600000e+00 -9.697348e+00
      vertex   -9.251166e+00 1.600000e+00 -3.796830e+00
      vertex   -2.941644e+00 1.600000e+00 -9.557548e+00
    endloop
  endfacet
  facet normal -3.662489e-15 -1.000000e+00 -1.569420e-16
    outer loop
      vertex   -2.941644e+00 1.600000e+00 -9.557548e+00
      vertex   -9.251166e+00 1.600000e+00 -3.796830e+00
      vertex   -3.433752e+00 1.600000e+00 -9.391983e+00
    endloop
  endfacet
  facet normal -3.795677e-15 -1.000000e+00 -2.954206e-16
    outer loop
      vertex   -3.433752e+00 1.600000e+00 -9.391983e+00
      vertex   -9.251166e+00 1.600000e+00 -3.796830e+00
      vertex   -3.916604e+00 1.600000e+00 -9.201099e+00
    endloop
  endfacet
  facet normal -5.542757e-16 -1.000000e+00 2.904173e-15
    outer loop
      vertex   -3.916604e+00 1.600000e+00 -9.201099e+00
      vertex   -9.251166e+00 1.600000e+00 -3.796830e+00
      vertex   -4.388896e+00 1.600000e+00 -8.985410e+00
    endloop
  endfacet
  facet normal -7.822086e-15 -1.000000e+00 -3.906565e-15
    outer loop
      vertex   -4.388896e+00 1.600000e+00 -8.985410e+00
      vertex   -9.251166e+00 1.600000e+00 -3.796830e+00
      vertex   -4.849358e+00 1.600000e+00 -8.745498e+00
    endloop
  endfacet
  facet normal -3.954659e-16 -1.000000e+00 2.699367e-15
    outer loop
      vertex   -4.849358e+00 1.600000e+00 -8.745498e+00
      vertex   -9.251166e+00 1.600000e+00 -3.796830e+00
      vertex   -5.296746e+00 1.600000e+00 -8.482009e+00
    endloop
  endfacet
  facet normal -9.382492e-15 -1.000000e+00 -4.885931e-15
    outer loop
      vertex   -5.296746e+00 1.600000e+00 -8.482009e+00
      vertex   -9.251166e+00 1.600000e+00 -3.796830e+00
      vertex   -5.729855e+00 1.600000e+00 -8.195655e+00
    endloop
  endfacet
  facet normal -4.600006e-16 -1.000000e+00 2.256629e-15
    outer loop
      vertex   -5.729855e+00 1.600000e+00 -8.195655e+00
      vertex   -9.251166e+00 1.600000e+00 -3.796830e+00
      vertex   -6.147518e+00 1.600000e+00 -7.887207e+00
    endloop
  endfacet
  facet normal -6.077845e-15 -1.000000e+00 -2.006015e-15
    outer loop
      vertex   -6.147518e+00 1.600000e+00 -7.887207e+00
      vertex   -9.251166e+00 1.600000e+00 -3.796830e+00
      vertex   -6.548607e+00 1.600000e+00 -7.557496e+00
    endloop
  endfacet
  facet normal -7.201588e-15 -1.000000e+00 -2.813580e-15
    outer loop
      vertex   -6.548607e+00 1.600000e+00 -7.557496e+00
      vertex   -9.251166e+00 1.600000e+00 -3.796830e+00
      vertex   -6.932043e+00 1.600000e+00 -7.207411e+00
    endloop
  endfacet
  facet normal -1.042867e-15 -1.000000e+00 1.374220e-15
    outer loop
      vertex   -6.932043e+00 1.600000e+00 -7.207411e+00
      vertex   -9.251166e+00 1.600000e+00 -3.796830e+00
      vertex   -7.296792e+00 1.600000e+00 -6.837897e+00
    endloop
  endfacet
  facet normal -9.925534e-16 -1.000000e+00 1.406555e-15
    outer loop
      vertex   -7.296792e+00 1.600000e+00 -6.837897e+00
      vertex   -9.251166e+00 1.600000e+00 -3.796830e+00
      vertex   -7.641869e+00 1.600000e+00 -6.449948e+00
    endloop
  endfacet
  facet normal -9.415519e-16 -1.000000e+00 1.437491e-15
    outer loop
      vertex   -7.641869e+00 1.600000e+00 -6.449948e+00
      vertex   -9.251166e+00 1.600000e+00 -3.796830e+00
      vertex   -7.966346e+00 1.600000e+00 -6.044612e+00
    endloop
  endfacet
  facet normal -1.521576e-14 -1.000000e+00 -6.721572e-15
    outer loop
      vertex   -7.966346e+00 1.600000e+00 -6.044612e+00
      vertex   -9.251166e+00 1.600000e+00 -3.796830e+00
      vertex   -8.269346e+00 1.600000e+00 -5.622981e+00
    endloop
  endfacet
  facet normal -5.468898e-15 -1.000000e+00 -1.481225e-15
    outer loop
      vertex   -8.269346e+00 1.600000e+00 -5.622981e+00
      vertex   -9.251166e+00 1.600000e+00 -3.796830e+00
      vertex   -8.550054e+00 1.600000e+00 -5.186191e+00
    endloop
  endfacet
  facet normal -1.033088e-14 -1.000000e+00 -3.934725e-15
    outer loop
      vertex   -8.550054e+00 1.600000e+00 -5.186191e+00
      vertex   -9.251166e+00 1.600000e+00 -3.796830e+00
      vertex   -8.807712e+00 1.600000e+00 -4.735420e+00
    endloop
  endfacet
  facet normal -3.015447e-14 -1.000000e+00 -1.330074e-14
    outer loop
      vertex   -8.807712e+00 1.600000e+00 -4.735420e+00
      vertex   -9.251166e+00 1.600000e+00 -3.796830e+00
      vertex   -9.041627e+00 1.600000e+00 -4.271883e+00
    endloop
  endfacet
  facet normal -3.647063e-15 -1.000000e+00 1.895520e-16
    outer loop
      vertex   -9.996630e+00 1.600000e+00 2.596066e-01
      vertex   9.986521e+00 1.600000e+00 5.190382e-01
      vertex   -9.969681e+00 1.600000e+00 7.781199e-01
    endloop
  endfacet
  facet normal -3.653225e-15 -1.000000e+00 -2.851292e-16
    outer loop
      vertex   -9.969681e+00 1.600000e+00 7.781199e-01
      vertex   9.986521e+00 1.600000e+00 5.190382e-01
      vertex   9.946120e+00 1.600000e+00 1.036677e+00
    endloop
  endfacet
  facet normal -3.661882e-15 -1.000000e+00 3.816754e-16
    outer loop
      vertex   -9.969681e+00 1.600000e+00 7.781199e-01
      vertex   9.946120e+00 1.600000e+00 1.036677e+00
      vertex   -9.915855e+00 1.600000e+00 1.294536e+00
    endloop
  endfacet
  facet normal -3.650628e-15 -1.000000e+00 1.248543e-15
    outer loop
      vertex   -9.915855e+00 1.600000e+00 1.294536e+00
      vertex   9.946120e+00 1.600000e+00 1.036677e+00
      vertex   9.878906e+00 1.600000e+00 1.551521e+00
    endloop
  endfacet
  facet normal -3.619318e-15 -1.000000e+00 -1.163164e-15
    outer loop
      vertex   -9.915855e+00 1.600000e+00 1.294536e+00
      vertex   9.878906e+00 1.600000e+00 1.551521e+00
      vertex   -9.835298e+00 1.600000e+00 1.807461e+00
    endloop
  endfacet
  facet normal -3.612837e-15 -1.000000e+00 -6.639416e-16
    outer loop
      vertex   -9.835298e+00 1.600000e+00 1.807461e+00
      vertex   9.878906e+00 1.600000e+00 1.551521e+00
      vertex   9.785060e+00 1.600000e+00 2.062183e+00
    endloop
  endfacet
  facet normal -3.631392e-15 -1.000000e+00 7.653091e-16
    outer loop
      vertex   -9.835298e+00 1.600000e+00 1.807461e+00
      vertex   9.785060e+00 1.600000e+00 2.062183e+00
      vertex   -9.728227e+00 1.600000e+00 2.315515e+00
    endloop
  endfacet
  facet normal -3.652615e-15 -1.000000e+00 -8.693961e-16
    outer loop
      vertex   -9.728227e+00 1.600000e+00 2.315515e+00
      vertex   9.785060e+00 1.600000e+00 2.062183e+00
      vertex   9.664836e+00 1.600000e+00 2.567285e+00
    endloop
  endfacet
  facet normal -3.676581e-15 -1.000000e+00 9.766159e-16
    outer loop
      vertex   -9.728227e+00 1.600000e+00 2.315515e+00
      vertex   9.664836e+00 1.600000e+00 2.567285e+00
      vertex   -9.594930e+00 1.600000e+00 2.817326e+00
    endloop
  endfacet
  facet normal -3.680143e-15 -1.000000e+00 7.022541e-16
    outer loop
      vertex   -9.594930e+00 1.600000e+00 2.817326e+00
      vertex   9.664836e+00 1.600000e+00 2.567285e+00
      vertex   9.518556e+00 1.600000e+00 3.065467e+00
    endloop
  endfacet
  facet normal -3.663009e-15 -1.000000e+00 -6.174681e-16
    outer loop
      vertex   -9.594930e+00 1.600000e+00 2.817326e+00
      vertex   9.518556e+00 1.600000e+00 3.065467e+00
      vertex   -9.435767e+00 1.600000e+00 3.311542e+00
    endloop
  endfacet
  facet normal -3.671722e-15 -1.000000e+00 -1.288614e-15
    outer loop
      vertex   -9.435767e+00 1.600000e+00 3.311542e+00
      vertex   9.518556e+00 1.600000e+00 3.065467e+00
      vertex   9.346617e+00 1.600000e+00 3.555384e+00
    endloop
  endfacet
  facet normal -3.659000e-15 -1.000000e+00 -2.268556e-15
    outer loop
      vertex   -9.435767e+00 1.600000e+00 3.311542e+00
      vertex   9.346617e+00 1.600000e+00 3.555384e+00
      vertex   -9.251166e+00 1.600000e+00 3.796830e+00
    endloop
  endfacet
  facet normal -3.624857e-15 -1.000000e+00 3.613892e-16
    outer loop
      vertex   -9.251166e+00 1.600000e+00 3.796830e+00
      vertex   9.346617e+00 1.600000e+00 3.555384e+00
      vertex   9.149480e+00 1.600000e+00 4.035717e+00
    endloop
  endfacet
  facet normal -3.641015e-15 -1.000000e+00 1.606005e-15
    outer loop
      vertex   -9.251166e+00 1.600000e+00 3.796830e+00
      vertex   9.149480e+00 1.600000e+00 4.035717e+00
      vertex   -9.041627e+00 1.600000e+00 4.271883e+00
    endloop
  endfacet
  facet normal -3.635038e-15 -1.000000e+00 2.066445e-15
    outer loop
      vertex   -9.041627e+00 1.600000e+00 4.271883e+00
      vertex   9.149480e+00 1.600000e+00 4.035717e+00
      vertex   8.927678e+00 1.600000e+00 4.505170e+00
    endloop
  endfacet
  facet normal -3.606965e-15 -1.000000e+00 -9.590942e-17
    outer loop
      vertex   -9.041627e+00 1.600000e+00 4.271883e+00
      vertex   8.927678e+00 1.600000e+00 4.505170e+00
      vertex   -8.807712e+00 1.600000e+00 4.735420e+00
    endloop
  endfacet
  facet normal -3.631064e-15 -1.000000e+00 -1.952223e-15
    outer loop
      vertex   -8.807712e+00 1.600000e+00 4.735420e+00
      vertex   8.927678e+00 1.600000e+00 4.505170e+00
      vertex   8.681809e+00 1.600000e+00 4.962478e+00
    endloop
  endfacet
  facet normal -3.657974e-15 -1.000000e+00 1.205252e-16
    outer loop
      vertex   -8.807712e+00 1.600000e+00 4.735420e+00
      vertex   8.681809e+00 1.600000e+00 4.962478e+00
      vertex   -8.550054e+00 1.600000e+00 5.186191e+00
    endloop
  endfacet
  facet normal -3.662405e-15 -1.000000e+00 -2.207815e-16
    outer loop
      vertex   -8.550054e+00 1.600000e+00 5.186191e+00
      vertex   8.681809e+00 1.600000e+00 4.962478e+00
      vertex   8.412535e+00 1.600000e+00 5.406408e+00
    endloop
  endfacet
  facet normal -3.669488e-15 -1.000000e+00 3.248144e-16
    outer loop
      vertex   -8.550054e+00 1.600000e+00 5.186191e+00
      vertex   8.412535e+00 1.600000e+00 5.406408e+00
      vertex   -8.269346e+00 1.600000e+00 5.622981e+00
    endloop
  endfacet
  facet normal -3.679329e-15 -1.000000e+00 -4.332339e-16
    outer loop
      vertex   -8.269346e+00 1.600000e+00 5.622981e+00
      vertex   8.412535e+00 1.600000e+00 5.406408e+00
      vertex   8.120583e+00 1.600000e+00 5.835764e+00
    endloop
  endfacet
  facet normal -3.664446e-15 -1.000000e+00 -1.579645e-15
    outer loop
      vertex   -8.269346e+00 1.600000e+00 5.622981e+00
      vertex   8.120583e+00 1.600000e+00 5.835764e+00
      vertex   -7.966346e+00 1.600000e+00 6.044612e+00
    endloop
  endfacet
  facet normal -3.652036e-15 -1.000000e+00 -6.237370e-16
    outer loop
      vertex   -7.966346e+00 1.600000e+00 6.044612e+00
      vertex   8.120583e+00 1.600000e+00 5.835764e+00
      vertex   7.806739e+00 1.600000e+00 6.249387e+00
    endloop
  endfacet
  facet normal -3.669826e-15 -1.000000e+00 7.465244e-16
    outer loop
      vertex   -7.966346e+00 1.600000e+00 6.044612e+00
      vertex   7.806739e+00 1.600000e+00 6.249387e+00
      vertex   -7.641869e+00 1.600000e+00 6.449948e+00
    endloop
  endfacet
  facet normal -3.661516e-15 -1.000000e+00 1.386557e-15
    outer loop
      vertex   -7.641869e+00 1.600000e+00 6.449948e+00
      vertex   7.806739e+00 1.600000e+00 6.249387e+00
      vertex   7.471849e+00 1.600000e+00 6.646163e+00
    endloop
  endfacet
  facet normal -3.656012e-15 -1.000000e+00 9.625746e-16
    outer loop
      vertex   -7.641869e+00 1.600000e+00 6.449948e+00
      vertex   7.471849e+00 1.600000e+00 6.646163e+00
      vertex   -7.296792e+00 1.600000e+00 6.837897e+00
    endloop
  endfacet
  facet normal -3.652069e-15 -1.000000e+00 1.266311e-15
    outer loop
      vertex   -7.296792e+00 1.600000e+00 6.837897e+00
      vertex   7.471849e+00 1.600000e+00 6.646163e+00
      vertex   7.116816e+00 1.600000e+00 7.025022e+00
    endloop
  endfacet
  facet normal -3.651214e-15 -1.000000e+00 1.200483e-15
    outer loop
      vertex   -7.296792e+00 1.600000e+00 6.837897e+00
      vertex   7.116816e+00 1.600000e+00 7.025022e+00
      vertex   -6.932043e+00 1.600000e+00 7.207411e+00
    endloop
  endfacet
  facet normal -3.684497e-15 -1.000000e+00 -1.363154e-15
    outer loop
      vertex   -6.932043e+00 1.600000e+00 7.207411e+00
      vertex   7.116816e+00 1.600000e+00 7.025022e+00
      vertex   6.742598e+00 1.600000e+00 7.384942e+00
    endloop
  endfacet
  facet normal -3.688771e-15 -1.000000e+00 -1.033891e-15
    outer loop
      vertex   -6.932043e+00 1.600000e+00 7.207411e+00
      vertex   6.742598e+00 1.600000e+00 7.384942e+00
      vertex   -6.548607e+00 1.600000e+00 7.557496e+00
    endloop
  endfacet
  facet normal -3.662395e-15 -1.000000e+00 9.977602e-16
    outer loop
      vertex   -6.548607e+00 1.600000e+00 7.557496e+00
      vertex   6.742598e+00 1.600000e+00 7.384942e+00
      vertex   6.350203e+00 1.600000e+00 7.724955e+00
    endloop
  endfacet
  facet normal -3.636935e-15 -1.000000e+00 -9.633259e-16
    outer loop
      vertex   -6.548607e+00 1.600000e+00 7.557496e+00
      vertex   6.350203e+00 1.600000e+00 7.724955e+00
      vertex   -6.147518e+00 1.600000e+00 7.887207e+00
    endloop
  endfacet
  facet normal -3.649084e-15 -1.000000e+00 -1.899115e-15
    outer loop
      vertex   -6.147518e+00 1.600000e+00 7.887207e+00
      vertex   6.350203e+00 1.600000e+00 7.724955e+00
      vertex   5.940689e+00 1.600000e+00 8.044142e+00
    endloop
  endfacet
  facet normal -3.701425e-15 -1.000000e+00 2.132505e-15
    outer loop
      vertex   -6.147518e+00 1.600000e+00 7.887207e+00
      vertex   5.940689e+00 1.600000e+00 8.044142e+00
      vertex   -5.729855e+00 1.600000e+00 8.195655e+00
    endloop
  endfacet
  facet normal -3.720684e-15 -1.000000e+00 6.490629e-16
    outer loop
      vertex   -5.729855e+00 1.600000e+00 8.195655e+00
      vertex   5.940689e+00 1.600000e+00 8.044142e+00
      vertex   5.515159e+00 1.600000e+00 8.341644e+00
    endloop
  endfacet
  facet normal -3.663389e-15 -1.000000e+00 -3.764176e-15
    outer loop
      vertex   -5.729855e+00 1.600000e+00 8.195655e+00
      vertex   5.515159e+00 1.600000e+00 8.341644e+00
      vertex   -5.296746e+00 1.600000e+00 8.482009e+00
    endloop
  endfacet
  facet normal -3.605624e-15 -1.000000e+00 6.852394e-16
    outer loop
      vertex   -5.296746e+00 1.600000e+00 8.482009e+00
      vertex   5.515159e+00 1.600000e+00 8.341644e+00
      vertex   5.074762e+00 1.600000e+00 8.616658e+00
    endloop
  endfacet
  facet normal -3.633051e-15 -1.000000e+00 2.797869e-15
    outer loop
      vertex   -5.296746e+00 1.600000e+00 8.482009e+00
      vertex   5.074762e+00 1.600000e+00 8.616658e+00
      vertex   -4.849358e+00 1.600000e+00 8.745498e+00
    endloop
  endfacet
  facet normal -3.663558e-15 -1.000000e+00 4.480677e-16
    outer loop
      vertex   -4.849358e+00 1.600000e+00 8.745498e+00
      vertex   5.074762e+00 1.600000e+00 8.616658e+00
      vertex   4.620684e+00 1.600000e+00 8.868443e+00
    endloop
  endfacet
  facet normal -3.603338e-15 -1.000000e+00 -4.190443e-15
    outer loop
      vertex   -4.849358e+00 1.600000e+00 8.745498e+00
      vertex   4.620684e+00 1.600000e+00 8.868443e+00
      vertex   -4.388896e+00 1.600000e+00 8.985410e+00
    endloop
  endfacet
  facet normal -3.593857e-15 -1.000000e+00 -3.460103e-15
    outer loop
      vertex   -4.388896e+00 1.600000e+00 8.985410e+00
      vertex   4.620684e+00 1.600000e+00 8.868443e+00
      vertex   4.154150e+00 1.600000e+00 9.096320e+00
    endloop
  endfacet
  facet normal -3.690222e-15 -1.000000e+00 3.962591e-15
    outer loop
      vertex   -4.388896e+00 1.600000e+00 8.985410e+00
      vertex   4.154150e+00 1.600000e+00 9.096320e+00
      vertex   -3.916604e+00 1.600000e+00 9.201099e+00
    endloop
  endfacet
  facet normal -3.683915e-15 -1.000000e+00 4.448408e-15
    outer loop
      vertex   -3.916604e+00 1.600000e+00 9.201099e+00
      vertex   4.154150e+00 1.600000e+00 9.096320e+00
      vertex   3.676417e+00 1.600000e+00 9.299675e+00
    endloop
  endfacet
  facet normal -3.624373e-15 -1.000000e+00 -1.379024e-16
    outer loop
      vertex   -3.916604e+00 1.600000e+00 9.201099e+00
      vertex   3.676417e+00 1.600000e+00 9.299675e+00
      vertex   -3.433752e+00 1.600000e+00 9.391983e+00
    endloop
  endfacet
  facet normal -3.621841e-15 -1.000000e+00 5.714169e-17
    outer loop
      vertex   -3.433752e+00 1.600000e+00 9.391983e+00
      vertex   3.676417e+00 1.600000e+00 9.299675e+00
      vertex   3.188773e+00 1.600000e+00 9.477960e+00
    endloop
  endfacet
  facet normal -3.621557e-15 -1.000000e+00 3.527831e-17
    outer loop
      vertex   -3.433752e+00 1.600000e+00 9.391983e+00
      vertex   3.188773e+00 1.600000e+00 9.477960e+00
      vertex   -2.941644e+00 1.600000e+00 9.557548e+00
    endloop
  endfacet
  facet normal -3.623881e-15 -1.000000e+00 -1.437786e-16
    outer loop
      vertex   -2.941644e+00 1.600000e+00 9.557548e+00
      vertex   3.188773e+00 1.600000e+00 9.477960e+00
      vertex   2.692532e+00 1.600000e+00 9.630694e+00
    endloop
  endfacet
  facet normal -3.629318e-15 -1.000000e+00 2.749731e-16
    outer loop
      vertex   -2.941644e+00 1.600000e+00 9.557548e+00
      vertex   2.692532e+00 1.600000e+00 9.630694e+00
      vertex   -2.441606e+00 1.600000e+00 9.697348e+00
    endloop
  endfacet
  facet normal -3.638589e-15 -1.000000e+00 -4.391313e-16
    outer loop
      vertex   -2.441606e+00 1.600000e+00 9.697348e+00
      vertex   2.692532e+00 1.600000e+00 9.630694e+00
      vertex   2.189033e+00 1.600000e+00 9.757466e+00
    endloop
  endfacet
  facet normal -3.545083e-15 -1.000000e+00 -7.641589e-15
    outer loop
      vertex   -2.441606e+00 1.600000e+00 9.697348e+00
      vertex   2.189033e+00 1.600000e+00 9.757466e+00
      vertex   -1.934985e+00 1.600000e+00 9.811006e+00
    endloop
  endfacet
  facet normal -3.565826e-15 -1.000000e+00 -9.239401e-15
    outer loop
      vertex   -1.934985e+00 1.600000e+00 9.811006e+00
      vertex   2.189033e+00 1.600000e+00 9.757466e+00
      vertex   1.679633e+00 1.600000e+00 9.857933e+00
    endloop
  endfacet
  facet normal -3.846655e-15 -1.000000e+00 1.239189e-14
    outer loop
      vertex   -1.934985e+00 1.600000e+00 9.811006e+00
      vertex   1.679633e+00 1.600000e+00 9.857933e+00
      vertex   -1.423148e+00 1.600000e+00 9.898214e+00
    endloop
  endfacet
  facet normal -3.890695e-15 -1.000000e+00 8.999609e-15
    outer loop
      vertex   -1.423148e+00 1.600000e+00 9.898214e+00
      vertex   1.679633e+00 1.600000e+00 9.857933e+00
      vertex   1.165705e+00 1.600000e+00 9.931824e+00
    endloop
  endfacet
  facet normal -3.814790e-15 -1.000000e+00 3.152900e-15
    outer loop
      vertex   -1.423148e+00 1.600000e+00 9.898214e+00
      vertex   1.165705e+00 1.600000e+00 9.931824e+00
      vertex   -9.074750e-01 1.600000e+00 9.958739e+00
    endloop
  endfacet
  facet normal -3.925553e-15 -1.000000e+00 -5.378747e-15
    outer loop
      vertex   -9.074750e-01 1.600000e+00 9.958739e+00
      vertex   1.165705e+00 1.600000e+00 9.931824e+00
      vertex   6.486337e-01 1.600000e+00 9.978942e+00
    endloop
  endfacet
  facet normal -3.709036e-15 -1.000000e+00 -2.205630e-14
    outer loop
      vertex   -9.074750e-01 1.600000e+00 9.958739e+00
      vertex   6.486337e-01 1.600000e+00 9.978942e+00
      vertex   -3.893552e-01 1.600000e+00 9.992417e+00
    endloop
  endfacet
  facet normal -2.566729e-15 -1.000000e+00 6.593180e-14
    outer loop
      vertex   -3.893552e-01 1.600000e+00 9.992417e+00
      vertex   6.486337e-01 1.600000e+00 9.978942e+00
      vertex   1.298142e-01 1.600000e+00 9.999157e+00
    endloop
  endfacet
  facet normal 3.687805e-15 1.000000e+00 -9.577013e-17
    outer loop
      vertex   9.986521e+00 6.600000e+00 -5.190382e-01
      vertex   -9.996630e+00 6.600000e+00 -2.596066e-01
      vertex   1.000000e+01 6.600000e+00 1.224647e-15
    endloop
  endfacet
  facet normal 3.686562e-15 1.000000e+00 7.294057e-30
    outer loop
      vertex   1.000000e+01 6.600000e+00 1.224647e-15
      vertex   -9.996630e+00 6.600000e+00 -2.596066e-01
      vertex   -9.996630e+00 6.600000e+00 2.596066e-01
    endloop
  endfacet
  facet normal 3.687805e-15 1.000000e+00 9.577013e-17
    outer loop
      vertex   1.000000e+01 6.600000e+00 1.224647e-15
      vertex   -9.996630e+00 6.600000e+00 2.596066e-01
      vertex   9.986521e+00 6.600000e+00 5.190382e-01
    endloop
  endfacet
  facet normal 3.669286e-15 1.000000e+00 1.522226e-15
    outer loop
      vertex   9.986521e+00 6.600000e+00 5.190382e-01
      vertex   -9.996630e+00 6.600000e+00 2.596066e-01
      vertex   -9.969681e+00 6.600000e+00 7.781199e-01
    endloop
  endfacet
  facet normal 3.653225e-15 1.000000e+00 2.851292e-16
    outer loop
      vertex   9.986521e+00 6.600000e+00 5.190382e-01
      vertex   -9.969681e+00 6.600000e+00 7.781199e-01
      vertex   9.946120e+00 6.600000e+00 1.036677e+00
    endloop
  endfacet
  facet normal 3.661882e-15 1.000000e+00 -3.816754e-16
    outer loop
      vertex   9.946120e+00 6.600000e+00 1.036677e+00
      vertex   -9.969681e+00 6.600000e+00 7.781199e-01
      vertex   -9.915855e+00 6.600000e+00 1.294536e+00
    endloop
  endfacet
  facet normal 3.650628e-15 1.000000e+00 -1.248543e-15
    outer loop
      vertex   9.946120e+00 6.600000e+00 1.036677e+00
      vertex   -9.915855e+00 6.600000e+00 1.294536e+00
      vertex   9.878906e+00 6.600000e+00 1.551521e+00
    endloop
  endfacet
  facet normal 3.641844e-15 1.000000e+00 -5.719661e-16
    outer loop
      vertex   9.878906e+00 6.600000e+00 1.551521e+00
      vertex   -9.915855e+00 6.600000e+00 1.294536e+00
      vertex   -9.835298e+00 6.600000e+00 1.807461e+00
    endloop
  endfacet
  facet normal 3.657997e-15 1.000000e+00 6.722408e-16
    outer loop
      vertex   9.878906e+00 6.600000e+00 1.551521e+00
      vertex   -9.835298e+00 6.600000e+00 1.807461e+00
      vertex   9.785060e+00 6.600000e+00 2.062183e+00
    endloop
  endfacet
  facet normal 3.676785e-15 1.000000e+00 -7.748754e-16
    outer loop
      vertex   9.785060e+00 6.600000e+00 2.062183e+00
      vertex   -9.835298e+00 6.600000e+00 1.807461e+00
      vertex   -9.728227e+00 6.600000e+00 2.315515e+00
    endloop
  endfacet
  facet normal 3.675373e-15 1.000000e+00 -8.835997e-16
    outer loop
      vertex   9.785060e+00 6.600000e+00 2.062183e+00
      vertex   -9.728227e+00 6.600000e+00 2.315515e+00
      vertex   9.664836e+00 6.600000e+00 2.567285e+00
    endloop
  endfacet
  facet normal 3.653523e-15 1.000000e+00 7.994552e-16
    outer loop
      vertex   9.664836e+00 6.600000e+00 2.567285e+00
      vertex   -9.728227e+00 6.600000e+00 2.315515e+00
      vertex   -9.594930e+00 6.600000e+00 2.817326e+00
    endloop
  endfacet
  facet normal 3.657085e-15 1.000000e+00 1.073817e-15
    outer loop
      vertex   9.664836e+00 6.600000e+00 2.567285e+00
      vertex   -9.594930e+00 6.600000e+00 2.817326e+00
      vertex   9.518556e+00 6.600000e+00 3.065467e+00
    endloop
  endfacet
  facet normal 3.663009e-15 1.000000e+00 6.174681e-16
    outer loop
      vertex   9.518556e+00 6.600000e+00 3.065467e+00
      vertex   -9.594930e+00 6.600000e+00 2.817326e+00
      vertex   -9.435767e+00 6.600000e+00 3.311542e+00
    endloop
  endfacet
  facet normal 3.648078e-15 1.000000e+00 -5.325984e-16
    outer loop
      vertex   9.518556e+00 6.600000e+00 3.065467e+00
      vertex   -9.435767e+00 6.600000e+00 3.311542e+00
      vertex   9.346617e+00 6.600000e+00 3.555384e+00
    endloop
  endfacet
  facet normal 3.659235e-15 1.000000e+00 -1.391946e-15
    outer loop
      vertex   9.346617e+00 6.600000e+00 3.555384e+00
      vertex   -9.435767e+00 6.600000e+00 3.311542e+00
      vertex   -9.251166e+00 6.600000e+00 3.796830e+00
    endloop
  endfacet
  facet normal 3.672870e-15 1.000000e+00 -3.416839e-16
    outer loop
      vertex   9.346617e+00 6.600000e+00 3.555384e+00
      vertex   -9.251166e+00 6.600000e+00 3.796830e+00
      vertex   9.149480e+00 6.600000e+00 4.035717e+00
    endloop
  endfacet
  facet normal 3.665150e-15 1.000000e+00 2.529905e-16
    outer loop
      vertex   9.149480e+00 6.600000e+00 4.035717e+00
      vertex   -9.251166e+00 6.600000e+00 3.796830e+00
      vertex   -9.041627e+00 6.600000e+00 4.271883e+00
    endloop
  endfacet
  facet normal 3.659751e-15 1.000000e+00 -1.628255e-16
    outer loop
      vertex   9.149480e+00 6.600000e+00 4.035717e+00
      vertex   -9.041627e+00 6.600000e+00 4.271883e+00
      vertex   8.927678e+00 6.600000e+00 4.505170e+00
    endloop
  endfacet
  facet normal 3.656718e-15 1.000000e+00 7.080234e-17
    outer loop
      vertex   8.927678e+00 6.600000e+00 4.505170e+00
      vertex   -9.041627e+00 6.600000e+00 4.271883e+00
      vertex   -8.807712e+00 6.600000e+00 4.735420e+00
    endloop
  endfacet
  facet normal 3.656104e-15 1.000000e+00 2.349653e-17
    outer loop
      vertex   8.927678e+00 6.600000e+00 4.505170e+00
      vertex   -8.807712e+00 6.600000e+00 4.735420e+00
      vertex   8.681809e+00 6.600000e+00 4.962478e+00
    endloop
  endfacet
  facet normal 3.657974e-15 1.000000e+00 -1.205252e-16
    outer loop
      vertex   8.681809e+00 6.600000e+00 4.962478e+00
      vertex   -8.807712e+00 6.600000e+00 4.735420e+00
      vertex   -8.550054e+00 6.600000e+00 5.186191e+00
    endloop
  endfacet
  facet normal 3.662405e-15 1.000000e+00 2.207815e-16
    outer loop
      vertex   8.681809e+00 6.600000e+00 4.962478e+00
      vertex   -8.550054e+00 6.600000e+00 5.186191e+00
      vertex   8.412535e+00 6.600000e+00 5.406408e+00
    endloop
  endfacet
  facet normal 3.642867e-15 1.000000e+00 1.725716e-15
    outer loop
      vertex   8.412535e+00 6.600000e+00 5.406408e+00
      vertex   -8.550054e+00 6.600000e+00 5.186191e+00
      vertex   -8.269346e+00 6.600000e+00 5.622981e+00
    endloop
  endfacet
  facet normal 3.625613e-15 1.000000e+00 3.967080e-16
    outer loop
      vertex   8.412535e+00 6.600000e+00 5.406408e+00
      vertex   -8.269346e+00 6.600000e+00 5.622981e+00
      vertex   8.120583e+00 6.600000e+00 5.835764e+00
    endloop
  endfacet
  facet normal 3.637351e-15 1.000000e+00 -5.074121e-16
    outer loop
      vertex   8.120583e+00 6.600000e+00 5.835764e+00
      vertex   -8.269346e+00 6.600000e+00 5.622981e+00
      vertex   -7.966346e+00 6.600000e+00 6.044612e+00
    endloop
  endfacet
  facet normal 3.623881e-15 1.000000e+00 -1.544939e-15
    outer loop
      vertex   8.120583e+00 6.600000e+00 5.835764e+00
      vertex   -7.966346e+00 6.600000e+00 6.044612e+00
      vertex   7.806739e+00 6.600000e+00 6.249387e+00
    endloop
  endfacet
  facet normal 3.612924e-15 1.000000e+00 -7.009744e-16
    outer loop
      vertex   7.806739e+00 6.600000e+00 6.249387e+00
      vertex   -7.966346e+00 6.600000e+00 6.044612e+00
      vertex   -7.641869e+00 6.600000e+00 6.449948e+00
    endloop
  endfacet
  facet normal 3.632770e-15 1.000000e+00 8.276694e-16
    outer loop
      vertex   7.806739e+00 6.600000e+00 6.249387e+00
      vertex   -7.641869e+00 6.600000e+00 6.449948e+00
      vertex   7.471849e+00 6.600000e+00 6.646163e+00
    endloop
  endfacet
  facet normal 3.656012e-15 1.000000e+00 -9.625746e-16
    outer loop
      vertex   7.471849e+00 6.600000e+00 6.646163e+00
      vertex   -7.641869e+00 6.600000e+00 6.449948e+00
      vertex   -7.296792e+00 6.600000e+00 6.837897e+00
    endloop
  endfacet
  facet normal 3.682879e-15 1.000000e+00 1.106912e-15
    outer loop
      vertex   7.471849e+00 6.600000e+00 6.646163e+00
      vertex   -7.296792e+00 6.600000e+00 6.837897e+00
      vertex   7.116816e+00 6.600000e+00 7.025022e+00
    endloop
  endfacet
  facet normal 3.682024e-15 1.000000e+00 1.172740e-15
    outer loop
      vertex   7.116816e+00 6.600000e+00 7.025022e+00
      vertex   -7.296792e+00 6.600000e+00 6.837897e+00
      vertex   -6.932043e+00 6.600000e+00 7.207411e+00
    endloop
  endfacet
  facet normal 3.652021e-15 1.000000e+00 -1.138316e-15
    outer loop
      vertex   7.116816e+00 6.600000e+00 7.025022e+00
      vertex   -6.932043e+00 6.600000e+00 7.207411e+00
      vertex   6.742598e+00 6.600000e+00 7.384942e+00
    endloop
  endfacet
  facet normal 3.622884e-15 1.000000e+00 1.106056e-15
    outer loop
      vertex   6.742598e+00 6.600000e+00 7.384942e+00
      vertex   -6.932043e+00 6.600000e+00 7.207411e+00
      vertex   -6.548607e+00 6.600000e+00 7.557496e+00
    endloop
  endfacet
  facet normal 3.594554e-15 1.000000e+00 -1.076053e-15
    outer loop
      vertex   6.742598e+00 6.600000e+00 7.384942e+00
      vertex   -6.548607e+00 6.600000e+00 7.557496e+00
      vertex   6.350203e+00 6.600000e+00 7.724955e+00
    endloop
  endfacet
  facet normal 3.602507e-15 1.000000e+00 -1.688602e-15
    outer loop
      vertex   6.350203e+00 6.600000e+00 7.724955e+00
      vertex   -6.548607e+00 6.600000e+00 7.557496e+00
      vertex   -6.147518e+00 6.600000e+00 7.887207e+00
    endloop
  endfacet
  facet normal 3.649084e-15 1.000000e+00 1.899115e-15
    outer loop
      vertex   6.350203e+00 6.600000e+00 7.724955e+00
      vertex   -6.147518e+00 6.600000e+00 7.887207e+00
      vertex   5.940689e+00 6.600000e+00 8.044142e+00
    endloop
  endfacet
  facet normal 3.663373e-15 1.000000e+00 7.985246e-16
    outer loop
      vertex   5.940689e+00 6.600000e+00 8.044142e+00
      vertex   -6.147518e+00 6.600000e+00 7.887207e+00
      vertex   -5.729855e+00 6.600000e+00 8.195655e+00
    endloop
  endfacet
  facet normal 3.643139e-15 1.000000e+00 -7.599777e-16
    outer loop
      vertex   5.940689e+00 6.600000e+00 8.044142e+00
      vertex   -5.729855e+00 6.600000e+00 8.195655e+00
      vertex   5.515159e+00 6.600000e+00 8.341644e+00
    endloop
  endfacet
  facet normal 3.623897e-15 1.000000e+00 7.222316e-16
    outer loop
      vertex   5.515159e+00 6.600000e+00 8.341644e+00
      vertex   -5.729855e+00 6.600000e+00 8.195655e+00
      vertex   -5.296746e+00 6.600000e+00 8.482009e+00
    endloop
  endfacet
  facet normal 3.605624e-15 1.000000e+00 -6.852394e-16
    outer loop
      vertex   5.515159e+00 6.600000e+00 8.341644e+00
      vertex   -5.296746e+00 6.600000e+00 8.482009e+00
      vertex   5.074762e+00 6.600000e+00 8.616658e+00
    endloop
  endfacet
  facet normal 3.633051e-15 1.000000e+00 -2.797869e-15
    outer loop
      vertex   5.074762e+00 6.600000e+00 8.616658e+00
      vertex   -5.296746e+00 6.600000e+00 8.482009e+00
      vertex   -4.849358e+00 6.600000e+00 8.745498e+00
    endloop
  endfacet
  facet normal 3.710452e-15 1.000000e+00 3.164029e-15
    outer loop
      vertex   5.074762e+00 6.600000e+00 8.616658e+00
      vertex   -4.849358e+00 6.600000e+00 8.745498e+00
      vertex   4.620684e+00 6.600000e+00 8.868443e+00
    endloop
  endfacet
  facet normal 3.748814e-15 1.000000e+00 2.091326e-16
    outer loop
      vertex   4.620684e+00 6.600000e+00 8.868443e+00
      vertex   -4.849358e+00 6.600000e+00 8.745498e+00
      vertex   -4.388896e+00 6.600000e+00 8.985410e+00
    endloop
  endfacet
  facet normal 3.744421e-15 1.000000e+00 -1.292633e-16
    outer loop
      vertex   4.620684e+00 6.600000e+00 8.868443e+00
      vertex   -4.388896e+00 6.600000e+00 8.985410e+00
      vertex   4.154150e+00 6.600000e+00 9.096320e+00
    endloop
  endfacet
  facet normal 3.742204e-15 1.000000e+00 4.144976e-17
    outer loop
      vertex   4.154150e+00 6.600000e+00 9.096320e+00
      vertex   -4.388896e+00 6.600000e+00 8.985410e+00
      vertex   -3.916604e+00 6.600000e+00 9.201099e+00
    endloop
  endfacet
  facet normal 3.742401e-15 1.000000e+00 5.661179e-17
    outer loop
      vertex   4.154150e+00 6.600000e+00 9.096320e+00
      vertex   -3.916604e+00 6.600000e+00 9.201099e+00
      vertex   3.676417e+00 6.600000e+00 9.299675e+00
    endloop
  endfacet
  facet normal 3.745318e-15 1.000000e+00 -1.680334e-16
    outer loop
      vertex   3.676417e+00 6.600000e+00 9.299675e+00
      vertex   -3.916604e+00 6.600000e+00 9.201099e+00
      vertex   -3.433752e+00 6.600000e+00 9.391983e+00
    endloop
  endfacet
  facet normal 3.751356e-15 1.000000e+00 2.971091e-16
    outer loop
      vertex   3.676417e+00 6.600000e+00 9.299675e+00
      vertex   -3.433752e+00 6.600000e+00 9.391983e+00
      vertex   3.188773e+00 6.600000e+00 9.477960e+00
    endloop
  endfacet
  facet normal 3.761054e-15 1.000000e+00 -4.499060e-16
    outer loop
      vertex   3.188773e+00 6.600000e+00 9.477960e+00
      vertex   -3.433752e+00 6.600000e+00 9.391983e+00
      vertex   -2.941644e+00 6.600000e+00 9.557548e+00
    endloop
  endfacet
  facet normal 3.775142e-15 1.000000e+00 6.352328e-16
    outer loop
      vertex   3.188773e+00 6.600000e+00 9.477960e+00
      vertex   -2.941644e+00 6.600000e+00 9.557548e+00
      vertex   2.692532e+00 6.600000e+00 9.630694e+00
    endloop
  endfacet
  facet normal 3.794636e-15 1.000000e+00 -8.662850e-16
    outer loop
      vertex   2.692532e+00 6.600000e+00 9.630694e+00
      vertex   -2.941644e+00 6.600000e+00 9.557548e+00
      vertex   -2.441606e+00 6.600000e+00 9.697348e+00
    endloop
  endfacet
  facet normal 3.820988e-15 1.000000e+00 1.163570e-15
    outer loop
      vertex   2.692532e+00 6.600000e+00 9.630694e+00
      vertex   -2.441606e+00 6.600000e+00 9.697348e+00
      vertex   2.189033e+00 6.600000e+00 9.757466e+00
    endloop
  endfacet
  facet normal 3.856352e-15 1.000000e+00 -1.560391e-15
    outer loop
      vertex   2.189033e+00 6.600000e+00 9.757466e+00
      vertex   -2.441606e+00 6.600000e+00 9.697348e+00
      vertex   -1.934985e+00 6.600000e+00 9.811006e+00
    endloop
  endfacet
  facet normal 3.904053e-15 1.000000e+00 2.113818e-15
    outer loop
      vertex   2.189033e+00 6.600000e+00 9.757466e+00
      vertex   -1.934985e+00 6.600000e+00 9.811006e+00
      vertex   1.679633e+00 6.600000e+00 9.857933e+00
    endloop
  endfacet
  facet normal 3.826388e-15 1.000000e+00 8.096079e-15
    outer loop
      vertex   1.679633e+00 6.600000e+00 9.857933e+00
      vertex   -1.934985e+00 6.600000e+00 9.811006e+00
      vertex   -1.423148e+00 6.600000e+00 9.898214e+00
    endloop
  endfacet
  facet normal 3.576030e-15 1.000000e+00 -1.118815e-14
    outer loop
      vertex   1.679633e+00 6.600000e+00 9.857933e+00
      vertex   -1.423148e+00 6.600000e+00 9.898214e+00
      vertex   1.165705e+00 6.600000e+00 9.931824e+00
    endloop
  endfacet
  facet normal 3.429044e-15 1.000000e+00 1.336611e-16
    outer loop
      vertex   1.165705e+00 6.600000e+00 9.931824e+00
      vertex   -1.423148e+00 6.600000e+00 9.898214e+00
      vertex   -9.074750e-01 6.600000e+00 9.958739e+00
    endloop
  endfacet
  facet normal 3.425961e-15 1.000000e+00 -1.038277e-16
    outer loop
      vertex   1.165705e+00 6.600000e+00 9.931824e+00
      vertex   -9.074750e-01 6.600000e+00 9.958739e+00
      vertex   6.486337e-01 6.600000e+00 9.978942e+00
    endloop
  endfacet
  facet normal 3.423651e-15 1.000000e+00 7.409268e-17
    outer loop
      vertex   6.486337e-01 6.600000e+00 9.978942e+00
      vertex   -9.074750e-01 6.600000e+00 9.958739e+00
      vertex   -3.893552e-01 6.600000e+00 9.992417e+00
    endloop
  endfacet
  facet normal 3.422113e-15 1.000000e+00 -4.442764e-17
    outer loop
      vertex   6.486337e-01 6.600000e+00 9.978942e+00
      vertex   -3.893552e-01 6.600000e+00 9.992417e+00
      vertex   1.298142e-01 6.600000e+00 9.999157e+00
    endloop
  endfacet
  facet normal 3.669286e-15 1.000000e+00 -1.522226e-15
    outer loop
      vertex   -9.996630e+00 6.600000e+00 -2.596066e-01
      vertex   9.986521e+00 6.600000e+00 -5.190382e-01
      vertex   -9.969681e+00 6.600000e+00 -7.781199e-01
    endloop
  endfacet
  facet normal 3.653225e-15 1.000000e+00 -2.851292e-16
    outer loop
      vertex   -9.969681e+00 6.600000e+00 -7.781199e-01
      vertex   9.986521e+00 6.600000e+00 -5.190382e-01
      vertex   9.946120e+00 6.600000e+00 -1.036677e+00
    endloop
  endfacet
  facet normal 3.661882e-15 1.000000e+00 3.816754e-16
    outer loop
      vertex   -9.969681e+00 6.600000e+00 -7.781199e-01
      vertex   9.946120e+00 6.600000e+00 -1.036677e+00
      vertex   -9.915855e+00 6.600000e+00 -1.294536e+00
    endloop
  endfacet
  facet normal 3.650628e-15 1.000000e+00 1.248543e-15
    outer loop
      vertex   -9.915855e+00 6.600000e+00 -1.294536e+00
      vertex   9.946120e+00 6.600000e+00 -1.036677e+00
      vertex   9.878906e+00 6.600000e+00 -1.551521e+00
    endloop
  endfacet
  facet normal 3.641844e-15 1.000000e+00 5.719661e-16
    outer loop
      vertex   -9.915855e+00 6.600000e+00 -1.294536e+00
      vertex   9.878906e+00 6.600000e+00 -1.551521e+00
      vertex   -9.835298e+00 6.600000e+00 -1.807461e+00
    endloop
  endfacet
  facet normal 3.657997e-15 1.000000e+00 -6.722408e-16
    outer loop
      vertex   -9.835298e+00 6.600000e+00 -1.807461e+00
      vertex   9.878906e+00 6.600000e+00 -1.551521e+00
      vertex   9.785060e+00 6.600000e+00 -2.062183e+00
    endloop
  endfacet
  facet normal 3.676785e-15 1.000000e+00 7.748754e-16
    outer loop
      vertex   -9.835298e+00 6.600000e+00 -1.807461e+00
      vertex   9.785060e+00 6.600000e+00 -2.062183e+00
      vertex   -9.728227e+00 6.600000e+00 -2.315515e+00
    endloop
  endfacet
  facet normal 3.675373e-15 1.000000e+00 8.835997e-16
    outer loop
      vertex   -9.728227e+00 6.600000e+00 -2.315515e+00
      vertex   9.785060e+00 6.600000e+00 -2.062183e+00
      vertex   9.664836e+00 6.600000e+00 -2.567285e+00
    endloop
  endfacet
  facet normal 3.653523e-15 1.000000e+00 -7.994552e-16
    outer loop
      vertex   -9.728227e+00 6.600000e+00 -2.315515e+00
      vertex   9.664836e+00 6.600000e+00 -2.567285e+00
      vertex   -9.594930e+00 6.600000e+00 -2.817326e+00
    endloop
  endfacet
  facet normal 3.657085e-15 1.000000e+00 -1.073817e-15
    outer loop
      vertex   -9.594930e+00 6.600000e+00 -2.817326e+00
      vertex   9.664836e+00 6.600000e+00 -2.567285e+00
      vertex   9.518556e+00 6.600000e+00 -3.065467e+00
    endloop
  endfacet
  facet normal 3.663009e-15 1.000000e+00 -6.174681e-16
    outer loop
      vertex   -9.594930e+00 6.600000e+00 -2.817326e+00
      vertex   9.518556e+00 6.600000e+00 -3.065467e+00
      vertex   -9.435767e+00 6.600000e+00 -3.311542e+00
    endloop
  endfacet
  facet normal 3.648078e-15 1.000000e+00 5.325984e-16
    outer loop
      vertex   -9.435767e+00 6.600000e+00 -3.311542e+00
      vertex   9.518556e+00 6.600000e+00 -3.065467e+00
      vertex   9.346617e+00 6.600000e+00 -3.555384e+00
    endloop
  endfacet
  facet normal 3.659235e-15 1.000000e+00 1.391946e-15
    outer loop
      vertex   -9.435767e+00 6.600000e+00 -3.311542e+00
      vertex   9.346617e+00 6.600000e+00 -3.555384e+00
      vertex   -9.251166e+00 6.600000e+00 -3.796830e+00
    endloop
  endfacet
  facet normal 3.672870e-15 1.000000e+00 3.416839e-16
    outer loop
      vertex   -9.251166e+00 6.600000e+00 -3.796830e+00
      vertex   9.346617e+00 6.600000e+00 -3.555384e+00
      vertex   9.149480e+00 6.600000e+00 -4.035717e+00
    endloop
  endfacet
  facet normal 3.670482e-15 1.000000e+00 1.577555e-16
    outer loop
      vertex   -9.251166e+00 6.600000e+00 -3.796830e+00
      vertex   9.149480e+00 6.600000e+00 -4.035717e+00
      vertex   8.927678e+00 6.600000e+00 -4.505170e+00
    endloop
  endfacet
  facet normal 3.663270e-15 1.000000e+00 -2.734900e-17
    outer loop
      vertex   8.927678e+00 6.600000e+00 -4.505170e+00
      vertex   8.681809e+00 6.600000e+00 -4.962478e+00
      vertex   -9.251166e+00 6.600000e+00 -3.796830e+00
    endloop
  endfacet
  facet normal 3.651141e-15 1.000000e+00 -2.139489e-16
    outer loop
      vertex   -9.251166e+00 6.600000e+00 -3.796830e+00
      vertex   8.681809e+00 6.600000e+00 -4.962478e+00
      vertex   8.412535e+00 6.600000e+00 -5.406408e+00
    endloop
  endfacet
  facet normal 3.633969e-15 1.000000e+00 -4.023899e-16
    outer loop
      vertex   -9.251166e+00 6.600000e+00 -3.796830e+00
      vertex   8.412535e+00 6.600000e+00 -5.406408e+00
      vertex   8.120583e+00 6.600000e+00 -5.835764e+00
    endloop
  endfacet
  facet normal 3.843013e-15 1.000000e+00 1.378669e-15
    outer loop
      vertex   8.120583e+00 6.600000e+00 -5.835764e+00
      vertex   7.806739e+00 6.600000e+00 -6.249387e+00
      vertex   -9.251166e+00 6.600000e+00 -3.796830e+00
    endloop
  endfacet
  facet normal 3.537367e-15 1.000000e+00 -7.471466e-16
    outer loop
      vertex   -9.251166e+00 6.600000e+00 -3.796830e+00
      vertex   7.806739e+00 6.600000e+00 -6.249387e+00
      vertex   7.471849e+00 6.600000e+00 -6.646163e+00
    endloop
  endfacet
  facet normal 3.504543e-15 1.000000e+00 -9.397921e-16
    outer loop
      vertex   -9.251166e+00 6.600000e+00 -3.796830e+00
      vertex   7.471849e+00 6.600000e+00 -6.646163e+00
      vertex   7.116816e+00 6.600000e+00 -7.025022e+00
    endloop
  endfacet
  facet normal 3.869752e-15 1.000000e+00 9.119361e-16
    outer loop
      vertex   7.116816e+00 6.600000e+00 -7.025022e+00
      vertex   6.742598e+00 6.600000e+00 -7.384942e+00
      vertex   -9.251166e+00 6.600000e+00 -3.796830e+00
    endloop
  endfacet
  facet normal 3.842401e-15 1.000000e+00 7.900219e-16
    outer loop
      vertex   -9.251166e+00 6.600000e+00 -3.796830e+00
      vertex   6.742598e+00 6.600000e+00 -7.384942e+00
      vertex   6.350203e+00 6.600000e+00 -7.724955e+00
    endloop
  endfacet
  facet normal 3.283443e-15 1.000000e+00 -1.430000e-15
    outer loop
      vertex   -9.251166e+00 6.600000e+00 -3.796830e+00
      vertex   6.350203e+00 6.600000e+00 -7.724955e+00
      vertex   5.940689e+00 6.600000e+00 -8.044142e+00
    endloop
  endfacet
  facet normal 3.823563e-15 1.000000e+00 5.019106e-16
    outer loop
      vertex   5.940689e+00 6.600000e+00 -8.044142e+00
      vertex   5.515159e+00 6.600000e+00 -8.341644e+00
      vertex   -9.251166e+00 6.600000e+00 -3.796830e+00
    endloop
  endfacet
  facet normal 3.789407e-15 1.000000e+00 3.909365e-16
    outer loop
      vertex   -9.251166e+00 6.600000e+00 -3.796830e+00
      vertex   5.515159e+00 6.600000e+00 -8.341644e+00
      vertex   5.074762e+00 6.600000e+00 -8.616658e+00
    endloop
  endfacet
  facet normal 3.015209e-15 1.000000e+00 -1.910205e-15
    outer loop
      vertex   -9.251166e+00 6.600000e+00 -3.796830e+00
      vertex   5.074762e+00 6.600000e+00 -8.616658e+00
      vertex   4.620684e+00 6.600000e+00 -8.868443e+00
    endloop
  endfacet
  facet normal 3.753816e-15 1.000000e+00 1.100287e-16
    outer loop
      vertex   4.620684e+00 6.600000e+00 -8.868443e+00
      vertex   4.154150e+00 6.600000e+00 -9.096320e+00
      vertex   -9.251166e+00 6.600000e+00 -3.796830e+00
    endloop
  endfacet
  facet normal 3.714163e-15 1.000000e+00 9.726101e-18
    outer loop
      vertex   -9.251166e+00 6.600000e+00 -3.796830e+00
      vertex   4.154150e+00 6.600000e+00 -9.096320e+00
      vertex   3.676417e+00 6.600000e+00 -9.299675e+00
    endloop
  endfacet
  facet normal 3.673824e-15 1.000000e+00 -8.504202e-17
    outer loop
      vertex   -9.251166e+00 6.600000e+00 -3.796830e+00
      vertex   3.676417e+00 6.600000e+00 -9.299675e+00
      vertex   3.188773e+00 6.600000e+00 -9.477960e+00
    endloop
  endfacet
  facet normal 3.633189e-15 1.000000e+00 -1.740195e-16
    outer loop
      vertex   3.188773e+00 6.600000e+00 -9.477960e+00
      vertex   2.692532e+00 6.600000e+00 -9.630694e+00
      vertex   -9.251166e+00 6.600000e+00 -3.796830e+00
    endloop
  endfacet
  facet normal 3.592706e-15 1.000000e+00 -2.568998e-16
    outer loop
      vertex   -9.251166e+00 6.600000e+00 -3.796830e+00
      vertex   2.692532e+00 6.600000e+00 -9.630694e+00
      vertex   2.189033e+00 6.600000e+00 -9.757466e+00
    endloop
  endfacet
  facet normal 3.552891e-15 1.000000e+00 -3.333162e-16
    outer loop
      vertex   -9.251166e+00 6.600000e+00 -3.796830e+00
      vertex   2.189033e+00 6.600000e+00 -9.757466e+00
      vertex   1.679633e+00 6.600000e+00 -9.857933e+00
    endloop
  endfacet
  facet normal 4.886714e-15 1.000000e+00 2.072145e-15
    outer loop
      vertex   1.679633e+00 6.600000e+00 -9.857933e+00
      vertex   1.165705e+00 6.600000e+00 -9.931824e+00
      vertex   -9.251166e+00 6.600000e+00 -3.796830e+00
    endloop
  endfacet
  facet normal 3.466362e-15 1.000000e+00 -3.395323e-16
    outer loop
      vertex   -9.251166e+00 6.600000e+00 -3.796830e+00
      vertex   1.165705e+00 6.600000e+00 -9.931824e+00
      vertex   6.486337e-01 6.600000e+00 -9.978942e+00
    endloop
  endfacet
  facet normal 3.438794e-15 1.000000e+00 -3.836785e-16
    outer loop
      vertex   -9.251166e+00 6.600000e+00 -3.796830e+00
      vertex   6.486337e-01 6.600000e+00 -9.978942e+00
      vertex   1.298142e-01 6.600000e+00 -9.999157e+00
    endloop
  endfacet
  facet normal 3.416109e-15 1.000000e+00 -4.179886e-16
    outer loop
      vertex   1.298142e-01 6.600000e+00 -9.999157e+00
      vertex   -3.893552e-01 6.600000e+00 -9.992417e+00
      vertex   -9.251166e+00 6.600000e+00 -3.796830e+00
    endloop
  endfacet
  facet normal 3.399780e-15 1.000000e+00 -4.413454e-16
    outer loop
      vertex   -9.251166e+00 6.600000e+00 -3.796830e+00
      vertex   -3.893552e-01 6.600000e+00 -9.992417e+00
      vertex   -9.074750e-01 6.600000e+00 -9.958739e+00
    endloop
  endfacet
  facet normal 3.391637e-15 1.000000e+00 -4.523711e-16
    outer loop
      vertex   -9.251166e+00 6.600000e+00 -3.796830e+00
      vertex   -9.074750e-01 6.600000e+00 -9.958739e+00
      vertex   -1.423148e+00 6.600000e+00 -9.898214e+00
    endloop
  endfacet
  facet normal 5.614721e-15 1.000000e+00 2.399824e-15
    outer loop
      vertex   -1.423148e+00 6.600000e+00 -9.898214e+00
      vertex   -1.934985e+00 6.600000e+00 -9.811006e+00
      vertex   -9.251166e+00 6.600000e+00 -3.796830e+00
    endloop
  endfacet
  facet normal 3.455356e-15 1.000000e+00 -2.270200e-16
    outer loop
      vertex   -9.251166e+00 6.600000e+00 -3.796830e+00
      vertex   -1.934985e+00 6.600000e+00 -9.811006e+00
      vertex   -2.441606e+00 6.600000e+00 -9.697348e+00
    endloop
  endfacet
  facet normal 3.504984e-15 1.000000e+00 -1.697471e-16
    outer loop
      vertex   -9.251166e+00 6.600000e+00 -3.796830e+00
      vertex   -2.441606e+00 6.600000e+00 -9.697348e+00
      vertex   -2.941644e+00 6.600000e+00 -9.557548e+00
    endloop
  endfacet
  facet normal 3.580350e-15 1.000000e+00 -8.720142e-17
    outer loop
      vertex   -2.941644e+00 6.600000e+00 -9.557548e+00
      vertex   -3.433752e+00 6.600000e+00 -9.391983e+00
      vertex   -9.251166e+00 6.600000e+00 -3.796830e+00
    endloop
  endfacet
  facet normal 3.689127e-15 1.000000e+00 2.589738e-17
    outer loop
      vertex   -9.251166e+00 6.600000e+00 -3.796830e+00
      vertex   -3.433752e+00 6.600000e+00 -9.391983e+00
      vertex   -3.916604e+00 6.600000e+00 -9.201099e+00
    endloop
  endfacet
  facet normal 3.841772e-15 1.000000e+00 1.765733e-16
    outer loop
      vertex   -9.251166e+00 6.600000e+00 -3.796830e+00
      vertex   -3.916604e+00 6.600000e+00 -9.201099e+00
      vertex   -4.388896e+00 6.600000e+00 -8.985410e+00
    endloop
  endfacet
  facet normal 4.052824e-15 1.000000e+00 3.743526e-16
    outer loop
      vertex   -4.388896e+00 6.600000e+00 -8.985410e+00
      vertex   -4.849358e+00 6.600000e+00 -8.745498e+00
      vertex   -9.251166e+00 6.600000e+00 -3.796830e+00
    endloop
  endfacet
  facet normal 1.734628e-16 1.000000e+00 -3.076315e-15
    outer loop
      vertex   -9.251166e+00 6.600000e+00 -3.796830e+00
      vertex   -4.849358e+00 6.600000e+00 -8.745498e+00
      vertex   -5.296746e+00 6.600000e+00 -8.482009e+00
    endloop
  endfacet
  facet normal 4.458909e-15 1.000000e+00 5.407198e-16
    outer loop
      vertex   -9.251166e+00 6.600000e+00 -3.796830e+00
      vertex   -5.296746e+00 6.600000e+00 -8.482009e+00
      vertex   -5.729855e+00 6.600000e+00 -8.195655e+00
    endloop
  endfacet
  facet normal 4.932256e-15 1.000000e+00 9.196395e-16
    outer loop
      vertex   -5.729855e+00 6.600000e+00 -8.195655e+00
      vertex   -6.147518e+00 6.600000e+00 -7.887207e+00
      vertex   -9.251166e+00 6.600000e+00 -3.796830e+00
    endloop
  endfacet
  facet normal -2.818123e-16 1.000000e+00 -3.036632e-15
    outer loop
      vertex   -9.251166e+00 6.600000e+00 -3.796830e+00
      vertex   -6.147518e+00 6.600000e+00 -7.887207e+00
      vertex   -6.548607e+00 6.600000e+00 -7.557496e+00
    endloop
  endfacet
  facet normal 5.947429e-15 1.000000e+00 1.439941e-15
    outer loop
      vertex   -9.251166e+00 6.600000e+00 -3.796830e+00
      vertex   -6.548607e+00 6.600000e+00 -7.557496e+00
      vertex   -6.932043e+00 6.600000e+00 -7.207411e+00
    endloop
  endfacet
  facet normal 7.173311e-15 1.000000e+00 2.273515e-15
    outer loop
      vertex   -6.932043e+00 6.600000e+00 -7.207411e+00
      vertex   -7.296792e+00 6.600000e+00 -6.837897e+00
      vertex   -9.251166e+00 6.600000e+00 -3.796830e+00
    endloop
  endfacet
  facet normal -1.906830e-16 1.000000e+00 -2.459036e-15
    outer loop
      vertex   -9.251166e+00 6.600000e+00 -3.796830e+00
      vertex   -7.296792e+00 6.600000e+00 -6.837897e+00
      vertex   -7.641869e+00 6.600000e+00 -6.449948e+00
    endloop
  endfacet
  facet normal -7.845567e-16 1.000000e+00 -2.819261e-15
    outer loop
      vertex   -9.251166e+00 6.600000e+00 -3.796830e+00
      vertex   -7.641869e+00 6.600000e+00 -6.449948e+00
      vertex   -7.966346e+00 6.600000e+00 -6.044612e+00
    endloop
  endfacet
  facet normal -1.797320e-15 1.000000e+00 -3.398152e-15
    outer loop
      vertex   -7.966346e+00 6.600000e+00 -6.044612e+00
      vertex   -8.269346e+00 6.600000e+00 -5.622981e+00
      vertex   -9.251166e+00 6.600000e+00 -3.796830e+00
    endloop
  endfacet
  facet normal 1.556914e-14 1.000000e+00 5.938834e-15
    outer loop
      vertex   -9.251166e+00 6.600000e+00 -3.796830e+00
      vertex   -8.269346e+00 6.600000e+00 -5.622981e+00
      vertex   -8.550054e+00 6.600000e+00 -5.186191e+00
    endloop
  endfacet
  facet normal 7.845902e-16 1.000000e+00 -1.521886e-15
    outer loop
      vertex   -9.251166e+00 6.600000e+00 -3.796830e+00
      vertex   -8.550054e+00 6.600000e+00 -5.186191e+00
      vertex   -8.807712e+00 6.600000e+00 -4.735420e+00
    endloop
  endfacet
  facet normal 7.310049e-16 1.000000e+00 -1.547204e-15
    outer loop
      vertex   -8.807712e+00 6.600000e+00 -4.735420e+00
      vertex   -9.041627e+00 6.600000e+00 -4.271883e+00
      vertex   -9.251166e+00 6.600000e+00 -3.796830e+00
    endloop
  endfacet
endsolid
