solid ASCII
  facet normal 0.000000e+00 -1.000000e+00 0.000000e+00
    outer loop
      vertex   -4.998636e+01 -1.250000e+00 -1.167772e+00
      vertex   4.999659e+01 -1.250000e+00 -5.839259e-01
      vertex   -5.000000e+01 -1.250000e+00 6.123234e-15
    endloop
  endfacet
  facet normal 0.000000e+00 -1.000000e+00 0.000000e+00
    outer loop
      vertex   -5.000000e+01 -1.250000e+00 6.123234e-15
      vertex   4.999659e+01 -1.250000e+00 -5.839259e-01
      vertex   4.999659e+01 -1.250000e+00 5.839259e-01
    endloop
  endfacet
  facet normal 0.000000e+00 -1.000000e+00 0.000000e+00
    outer loop
      vertex   -5.000000e+01 -1.250000e+00 6.123234e-15
      vertex   4.999659e+01 -1.250000e+00 5.839259e-01
      vertex   -4.998636e+01 -1.250000e+00 1.167772e+00
    endloop
  endfacet
  facet normal 0.000000e+00 -1.000000e+00 0.000000e+00
    outer loop
      vertex   -4.998636e+01 -1.250000e+00 1.167772e+00
      vertex   4.999659e+01 -1.250000e+00 5.839259e-01
      vertex   4.996931e+01 -1.250000e+00 1.751459e+00
    endloop
  endfacet
  facet normal 0.000000e+00 -1.000000e+00 0.000000e+00
    outer loop
      vertex   -4.998636e+01 -1.250000e+00 1.167772e+00
      vertex   4.996931e+01 -1.250000e+00 1.751459e+00
      vertex   -4.994545e+01 -1.250000e+00 2.334907e+00
    endloop
  endfacet
  facet normal 0.000000e+00 -1.000000e+00 0.000000e+00
    outer loop
      vertex   -4.994545e+01 -1.250000e+00 2.334907e+00
      vertex   4.996931e+01 -1.250000e+00 1.751459e+00
      vertex   4.991478e+01 -1.250000e+00 2.918037e+00
    endloop
  endfacet
  facet normal 0.000000e+00 -1.000000e+00 0.000000e+00
    outer loop
      vertex   -4.994545e+01 -1.250000e+00 2.334907e+00
      vertex   4.991478e+01 -1.250000e+00 2.918037e+00
      vertex   -4.987730e+01 -1.250000e+00 3.500768e+00
    endloop
  endfacet
  facet normal 0.000000e+00 -1.000000e+00 0.000000e+00
    outer loop
      vertex   -4.987730e+01 -1.250000e+00 3.500768e+00
      vertex   4.991478e+01 -1.250000e+00 2.918037e+00
      vertex   4.983301e+01 -1.250000e+00 4.083023e+00
    endloop
  endfacet
  facet normal 0.000000e+00 -1.000000e+00 0.000000e+00
    outer loop
      vertex   -4.987730e+01 -1.250000e+00 3.500768e+00
      vertex   4.983301e+01 -1.250000e+00 4.083023e+00
      vertex   -4.978193e+01 -1.250000e+00 4.664720e+00
    endloop
  endfacet
  facet normal 0.000000e+00 -1.000000e+00 0.000000e+00
    outer loop
      vertex   -4.978193e+01 -1.250000e+00 4.664720e+00
      vertex   4.983301e+01 -1.250000e+00 4.083023e+00
      vertex   4.972406e+01 -1.250000e+00 5.245781e+00
    endloop
  endfacet
  facet normal 0.000000e+00 -1.000000e+00 0.000000e+00
    outer loop
      vertex   -4.978193e+01 -1.250000e+00 4.664720e+00
      vertex   4.972406e+01 -1.250000e+00 5.245781e+00
      vertex   -4.965940e+01 -1.250000e+00 5.826126e+00
    endloop
  endfacet
  facet normal 0.000000e+00 -1.000000e+00 0.000000e+00
    outer loop
      vertex   -4.965940e+01 -1.250000e+00 5.826126e+00
      vertex   4.972406e+01 -1.250000e+00 5.245781e+00
      vertex   4.958798e+01 -1.250000e+00 6.405677e+00
    endloop
  endfacet
  facet normal 0.000000e+00 -1.000000e+00 0.000000e+00
    outer loop
      vertex   -4.965940e+01 -1.250000e+00 5.826126e+00
      vertex   4.958798e+01 -1.250000e+00 6.405677e+00
      vertex   -4.950978e+01 -1.250000e+00 6.984354e+00
    endloop
  endfacet
  facet normal 0.000000e+00 -1.000000e+00 0.000000e+00
    outer loop
      vertex   -4.950978e+01 -1.250000e+00 6.984354e+00
      vertex   4.958798e+01 -1.250000e+00 6.405677e+00
      vertex   4.942484e+01 -1.250000e+00 7.562079e+00
    endloop
  endfacet
  facet normal 0.000000e+00 -1.000000e+00 0.000000e+00
    outer loop
      vertex   -4.950978e+01 -1.250000e+00 6.984354e+00
      vertex   4.942484e+01 -1.250000e+00 7.562079e+00
      vertex   -4.933316e+01 -1.250000e+00 8.138772e+00
    endloop
  endfacet
  facet normal 0.000000e+00 -1.000000e+00 0.000000e+00
    outer loop
      vertex   -4.933316e+01 -1.250000e+00 8.138772e+00
      vertex   4.942484e+01 -1.250000e+00 7.562079e+00
      vertex   4.923474e+01 -1.250000e+00 8.714355e+00
    endloop
  endfacet
  facet normal 0.000000e+00 -1.000000e+00 0.000000e+00
    outer loop
      vertex   -4.933316e+01 -1.250000e+00 8.138772e+00
      vertex   4.923474e+01 -1.250000e+00 8.714355e+00
      vertex   -4.912962e+01 -1.250000e+00 9.288750e+00
    endloop
  endfacet
  facet normal 0.000000e+00 -1.000000e+00 0.000000e+00
    outer loop
      vertex   -4.912962e+01 -1.250000e+00 9.288750e+00
      vertex   4.923474e+01 -1.250000e+00 8.714355e+00
      vertex   4.901779e+01 -1.250000e+00 9.861877e+00
    endloop
  endfacet
  facet normal 0.000000e+00 -1.000000e+00 0.000000e+00
    outer loop
      vertex   -4.912962e+01 -1.250000e+00 9.288750e+00
      vertex   4.901779e+01 -1.250000e+00 9.861877e+00
      vertex   -4.889927e+01 -1.250000e+00 1.043366e+01
    endloop
  endfacet
  facet normal 0.000000e+00 -1.000000e+00 0.000000e+00
    outer loop
      vertex   -4.889927e+01 -1.250000e+00 1.043366e+01
      vertex   4.901779e+01 -1.250000e+00 9.861877e+00
      vertex   4.877409e+01 -1.250000e+00 1.100402e+01
    endloop
  endfacet
  facet normal 0.000000e+00 -1.000000e+00 0.000000e+00
    outer loop
      vertex   -4.889927e+01 -1.250000e+00 1.043366e+01
      vertex   4.877409e+01 -1.250000e+00 1.100402e+01
      vertex   -4.864225e+01 -1.250000e+00 1.157288e+01
    endloop
  endfacet
  facet normal 0.000000e+00 -1.000000e+00 0.000000e+00
    outer loop
      vertex   -4.864225e+01 -1.250000e+00 1.157288e+01
      vertex   4.877409e+01 -1.250000e+00 1.100402e+01
      vertex   4.850378e+01 -1.250000e+00 1.214016e+01
    endloop
  endfacet
  facet normal 0.000000e+00 -1.000000e+00 0.000000e+00
    outer loop
      vertex   -4.864225e+01 -1.250000e+00 1.157288e+01
      vertex   4.850378e+01 -1.250000e+00 1.214016e+01
      vertex   -4.835869e+01 -1.250000e+00 1.270578e+01
    endloop
  endfacet
  facet normal 0.000000e+00 -1.000000e+00 0.000000e+00
    outer loop
      vertex   -4.835869e+01 -1.250000e+00 1.270578e+01
      vertex   4.850378e+01 -1.250000e+00 1.214016e+01
      vertex   4.820701e+01 -1.250000e+00 1.326967e+01
    endloop
  endfacet
  facet normal 0.000000e+00 -1.000000e+00 0.000000e+00
    outer loop
      vertex   -4.835869e+01 -1.250000e+00 1.270578e+01
      vertex   4.820701e+01 -1.250000e+00 1.326967e+01
      vertex   -4.804875e+01 -1.250000e+00 1.383176e+01
    endloop
  endfacet
  facet normal 0.000000e+00 -1.000000e+00 0.000000e+00
    outer loop
      vertex   -4.804875e+01 -1.250000e+00 1.383176e+01
      vertex   4.820701e+01 -1.250000e+00 1.326967e+01
      vertex   4.788394e+01 -1.250000e+00 1.439195e+01
    endloop
  endfacet
  facet normal 0.000000e+00 -1.000000e+00 0.000000e+00
    outer loop
      vertex   -4.804875e+01 -1.250000e+00 1.383176e+01
      vertex   4.788394e+01 -1.250000e+00 1.439195e+01
      vertex   -4.771260e+01 -1.250000e+00 1.495018e+01
    endloop
  endfacet
  facet normal 0.000000e+00 -1.000000e+00 0.000000e+00
    outer loop
      vertex   -4.771260e+01 -1.250000e+00 1.495018e+01
      vertex   4.788394e+01 -1.250000e+00 1.439195e+01
      vertex   4.753475e+01 -1.250000e+00 1.550638e+01
    endloop
  endfacet
  facet normal 0.000000e+00 -1.000000e+00 0.000000e+00
    outer loop
      vertex   -4.771260e+01 -1.250000e+00 1.495018e+01
      vertex   4.753475e+01 -1.250000e+00 1.550638e+01
      vertex   -4.735042e+01 -1.250000e+00 1.606045e+01
    endloop
  endfacet
  facet normal 0.000000e+00 -1.000000e+00 0.000000e+00
    outer loop
      vertex   -4.735042e+01 -1.250000e+00 1.606045e+01
      vertex   4.753475e+01 -1.250000e+00 1.550638e+01
      vertex   4.715962e+01 -1.250000e+00 1.661234e+01
    endloop
  endfacet
  facet normal 0.000000e+00 -1.000000e+00 0.000000e+00
    outer loop
      vertex   -4.735042e+01 -1.250000e+00 1.606045e+01
      vertex   4.715962e+01 -1.250000e+00 1.661234e+01
      vertex   -4.696240e+01 -1.250000e+00 1.716196e+01
    endloop
  endfacet
  facet normal 0.000000e+00 -1.000000e+00 0.000000e+00
    outer loop
      vertex   -4.696240e+01 -1.250000e+00 1.716196e+01
      vertex   4.715962e+01 -1.250000e+00 1.661234e+01
      vertex   4.675877e+01 -1.250000e+00 1.770924e+01
    endloop
  endfacet
  facet normal 0.000000e+00 -1.000000e+00 0.000000e+00
    outer loop
      vertex   -4.696240e+01 -1.250000e+00 1.716196e+01
      vertex   4.675877e+01 -1.250000e+00 1.770924e+01
      vertex   -4.654877e+01 -1.250000e+00 1.825411e+01
    endloop
  endfacet
  facet normal 0.000000e+00 -1.000000e+00 0.000000e+00
    outer loop
      vertex   -4.654877e+01 -1.250000e+00 1.825411e+01
      vertex   4.675877e+01 -1.250000e+00 1.770924e+01
      vertex   4.633241e+01 -1.250000e+00 1.879648e+01
    endloop
  endfacet
  facet normal 0.000000e+00 -1.000000e+00 0.000000e+00
    outer loop
      vertex   -4.654877e+01 -1.250000e+00 1.825411e+01
      vertex   4.633241e+01 -1.250000e+00 1.879648e+01
      vertex   -4.610973e+01 -1.250000e+00 1.933630e+01
    endloop
  endfacet
  facet normal 0.000000e+00 -1.000000e+00 0.000000e+00
    outer loop
      vertex   -4.610973e+01 -1.250000e+00 1.933630e+01
      vertex   4.633241e+01 -1.250000e+00 1.879648e+01
      vertex   4.588077e+01 -1.250000e+00 1.987347e+01
    endloop
  endfacet
  facet normal 0.000000e+00 -1.000000e+00 0.000000e+00
    outer loop
      vertex   -4.610973e+01 -1.250000e+00 1.933630e+01
      vertex   4.588077e+01 -1.250000e+00 1.987347e+01
      vertex   -4.564555e+01 -1.250000e+00 2.040793e+01
    endloop
  endfacet
  facet normal 0.000000e+00 -1.000000e+00 0.000000e+00
    outer loop
      vertex   -4.564555e+01 -1.250000e+00 2.040793e+01
      vertex   4.588077e+01 -1.250000e+00 1.987347e+01
      vertex   4.540410e+01 -1.250000e+00 2.093962e+01
    endloop
  endfacet
  facet normal 0.000000e+00 -1.000000e+00 0.000000e+00
    outer loop
      vertex   -4.564555e+01 -1.250000e+00 2.040793e+01
      vertex   4.540410e+01 -1.250000e+00 2.093962e+01
      vertex   -4.515646e+01 -1.250000e+00 2.146844e+01
    endloop
  endfacet
  facet normal 0.000000e+00 -1.000000e+00 0.000000e+00
    outer loop
      vertex   -4.515646e+01 -1.250000e+00 2.146844e+01
      vertex   4.540410e+01 -1.250000e+00 2.093962e+01
      vertex   4.490266e+01 -1.250000e+00 2.199434e+01
    endloop
  endfacet
  facet normal 0.000000e+00 -1.000000e+00 0.000000e+00
    outer loop
      vertex   -4.515646e+01 -1.250000e+00 2.146844e+01
      vertex   4.490266e+01 -1.250000e+00 2.199434e+01
      vertex   -4.464274e+01 -1.250000e+00 2.251723e+01
    endloop
  endfacet
  facet normal 0.000000e+00 -1.000000e+00 0.000000e+00
    outer loop
      vertex   -4.464274e+01 -1.250000e+00 2.251723e+01
      vertex   4.490266e+01 -1.250000e+00 2.199434e+01
      vertex   4.437673e+01 -1.250000e+00 2.303706e+01
    endloop
  endfacet
  facet normal 0.000000e+00 -1.000000e+00 0.000000e+00
    outer loop
      vertex   -4.464274e+01 -1.250000e+00 2.251723e+01
      vertex   4.437673e+01 -1.250000e+00 2.303706e+01
      vertex   -4.410466e+01 -1.250000e+00 2.355374e+01
    endloop
  endfacet
  facet normal 0.000000e+00 -1.000000e+00 0.000000e+00
    outer loop
      vertex   -4.410466e+01 -1.250000e+00 2.355374e+01
      vertex   4.437673e+01 -1.250000e+00 2.303706e+01
      vertex   4.382658e+01 -1.250000e+00 2.406721e+01
    endloop
  endfacet
  facet normal 0.000000e+00 -1.000000e+00 0.000000e+00
    outer loop
      vertex   -4.410466e+01 -1.250000e+00 2.355374e+01
      vertex   4.382658e+01 -1.250000e+00 2.406721e+01
      vertex   -4.354252e+01 -1.250000e+00 2.457740e+01
    endloop
  endfacet
  facet normal 0.000000e+00 -1.000000e+00 0.000000e+00
    outer loop
      vertex   -4.354252e+01 -1.250000e+00 2.457740e+01
      vertex   4.382658e+01 -1.250000e+00 2.406721e+01
      vertex   4.325253e+01 -1.250000e+00 2.508424e+01
    endloop
  endfacet
  facet normal 0.000000e+00 -1.000000e+00 0.000000e+00
    outer loop
      vertex   -4.354252e+01 -1.250000e+00 2.457740e+01
      vertex   4.325253e+01 -1.250000e+00 2.508424e+01
      vertex   -4.295663e+01 -1.250000e+00 2.558765e+01
    endloop
  endfacet
  facet normal 0.000000e+00 -1.000000e+00 0.000000e+00
    outer loop
      vertex   -4.295663e+01 -1.250000e+00 2.558765e+01
      vertex   4.325253e+01 -1.250000e+00 2.508424e+01
      vertex   4.265487e+01 -1.250000e+00 2.608758e+01
    endloop
  endfacet
  facet normal 0.000000e+00 -1.000000e+00 0.000000e+00
    outer loop
      vertex   -4.295663e+01 -1.250000e+00 2.558765e+01
      vertex   4.265487e+01 -1.250000e+00 2.608758e+01
      vertex   -4.234730e+01 -1.250000e+00 2.658394e+01
    endloop
  endfacet
  facet normal 0.000000e+00 -1.000000e+00 0.000000e+00
    outer loop
      vertex   -4.234730e+01 -1.250000e+00 2.658394e+01
      vertex   4.265487e+01 -1.250000e+00 2.608758e+01
      vertex   4.203395e+01 -1.250000e+00 2.707668e+01
    endloop
  endfacet
  facet normal 0.000000e+00 -1.000000e+00 0.000000e+00
    outer loop
      vertex   -4.234730e+01 -1.250000e+00 2.658394e+01
      vertex   4.203395e+01 -1.250000e+00 2.707668e+01
      vertex   -4.171487e+01 -1.250000e+00 2.756573e+01
    endloop
  endfacet
  facet normal 0.000000e+00 -1.000000e+00 0.000000e+00
    outer loop
      vertex   -4.171487e+01 -1.250000e+00 2.756573e+01
      vertex   4.203395e+01 -1.250000e+00 2.707668e+01
      vertex   4.139010e+01 -1.250000e+00 2.805102e+01
    endloop
  endfacet
  facet normal 0.000000e+00 -1.000000e+00 0.000000e+00
    outer loop
      vertex   -4.171487e+01 -1.250000e+00 2.756573e+01
      vertex   4.139010e+01 -1.250000e+00 2.805102e+01
      vertex   -4.105968e+01 -1.250000e+00 2.853248e+01
    endloop
  endfacet
  facet normal 0.000000e+00 -1.000000e+00 0.000000e+00
    outer loop
      vertex   -4.105968e+01 -1.250000e+00 2.853248e+01
      vertex   4.139010e+01 -1.250000e+00 2.805102e+01
      vertex   4.072366e+01 -1.250000e+00 2.901005e+01
    endloop
  endfacet
  facet normal 0.000000e+00 -1.000000e+00 0.000000e+00
    outer loop
      vertex   -4.105968e+01 -1.250000e+00 2.853248e+01
      vertex   4.072366e+01 -1.250000e+00 2.901005e+01
      vertex   -4.038209e+01 -1.250000e+00 2.948367e+01
    endloop
  endfacet
  facet normal 0.000000e+00 -1.000000e+00 0.000000e+00
    outer loop
      vertex   -4.038209e+01 -1.250000e+00 2.948367e+01
      vertex   4.072366e+01 -1.250000e+00 2.901005e+01
      vertex   4.003501e+01 -1.250000e+00 2.995326e+01
    endloop
  endfacet
  facet normal 0.000000e+00 -1.000000e+00 0.000000e+00
    outer loop
      vertex   -4.038209e+01 -1.250000e+00 2.948367e+01
      vertex   4.003501e+01 -1.250000e+00 2.995326e+01
      vertex   -3.968247e+01 -1.250000e+00 3.041876e+01
    endloop
  endfacet
  facet normal 0.000000e+00 -1.000000e+00 0.000000e+00
    outer loop
      vertex   -3.968247e+01 -1.250000e+00 3.041876e+01
      vertex   4.003501e+01 -1.250000e+00 2.995326e+01
      vertex   3.932452e+01 -1.250000e+00 3.088012e+01
    endloop
  endfacet
  facet normal 0.000000e+00 -1.000000e+00 0.000000e+00
    outer loop
      vertex   -3.968247e+01 -1.250000e+00 3.041876e+01
      vertex   3.932452e+01 -1.250000e+00 3.088012e+01
      vertex   -3.896121e+01 -1.250000e+00 3.133727e+01
    endloop
  endfacet
  facet normal 0.000000e+00 -1.000000e+00 0.000000e+00
    outer loop
      vertex   -3.896121e+01 -1.250000e+00 3.133727e+01
      vertex   3.932452e+01 -1.250000e+00 3.088012e+01
      vertex   3.859258e+01 -1.250000e+00 3.179014e+01
    endloop
  endfacet
  facet normal 0.000000e+00 -1.000000e+00 0.000000e+00
    outer loop
      vertex   -3.896121e+01 -1.250000e+00 3.133727e+01
      vertex   3.859258e+01 -1.250000e+00 3.179014e+01
      vertex   -3.821868e+01 -1.250000e+00 3.223868e+01
    endloop
  endfacet
  facet normal 0.000000e+00 -1.000000e+00 0.000000e+00
    outer loop
      vertex   -3.821868e+01 -1.250000e+00 3.223868e+01
      vertex   3.859258e+01 -1.250000e+00 3.179014e+01
      vertex   3.783958e+01 -1.250000e+00 3.268282e+01
    endloop
  endfacet
  facet normal 0.000000e+00 -1.000000e+00 0.000000e+00
    outer loop
      vertex   -3.821868e+01 -1.250000e+00 3.223868e+01
      vertex   3.783958e+01 -1.250000e+00 3.268282e+01
      vertex   -3.745531e+01 -1.250000e+00 3.312250e+01
    endloop
  endfacet
  facet normal 0.000000e+00 -1.000000e+00 0.000000e+00
    outer loop
      vertex   -3.745531e+01 -1.250000e+00 3.312250e+01
      vertex   3.783958e+01 -1.250000e+00 3.268282e+01
      vertex   3.706593e+01 -1.250000e+00 3.355766e+01
    endloop
  endfacet
  facet normal 0.000000e+00 -1.000000e+00 0.000000e+00
    outer loop
      vertex   -3.745531e+01 -1.250000e+00 3.312250e+01
      vertex   3.706593e+01 -1.250000e+00 3.355766e+01
      vertex   -3.667150e+01 -1.250000e+00 3.398825e+01
    endloop
  endfacet
  facet normal 0.000000e+00 -1.000000e+00 0.000000e+00
    outer loop
      vertex   -3.667150e+01 -1.250000e+00 3.398825e+01
      vertex   3.706593e+01 -1.250000e+00 3.355766e+01
      vertex   3.627207e+01 -1.250000e+00 3.441420e+01
    endloop
  endfacet
  facet normal 0.000000e+00 -1.000000e+00 0.000000e+00
    outer loop
      vertex   -3.667150e+01 -1.250000e+00 3.398825e+01
      vertex   3.627207e+01 -1.250000e+00 3.441420e+01
      vertex   -3.586769e+01 -1.250000e+00 3.483546e+01
    endloop
  endfacet
  facet normal 0.000000e+00 -1.000000e+00 0.000000e+00
    outer loop
      vertex   -3.586769e+01 -1.250000e+00 3.483546e+01
      vertex   3.627207e+01 -1.250000e+00 3.441420e+01
      vertex   3.545842e+01 -1.250000e+00 3.525196e+01
    endloop
  endfacet
  facet normal 0.000000e+00 -1.000000e+00 0.000000e+00
    outer loop
      vertex   -3.586769e+01 -1.250000e+00 3.483546e+01
      vertex   3.545842e+01 -1.250000e+00 3.525196e+01
      vertex   -3.504431e+01 -1.250000e+00 3.566366e+01
    endloop
  endfacet
  facet normal 0.000000e+00 -1.000000e+00 0.000000e+00
    outer loop
      vertex   -3.504431e+01 -1.250000e+00 3.566366e+01
      vertex   3.545842e+01 -1.250000e+00 3.525196e+01
      vertex   3.462542e+01 -1.250000e+00 3.607049e+01
    endloop
  endfacet
  facet normal 0.000000e+00 -1.000000e+00 0.000000e+00
    outer loop
      vertex   -3.504431e+01 -1.250000e+00 3.566366e+01
      vertex   3.462542e+01 -1.250000e+00 3.607049e+01
      vertex   -3.420181e+01 -1.250000e+00 3.647241e+01
    endloop
  endfacet
  facet normal 0.000000e+00 -1.000000e+00 0.000000e+00
    outer loop
      vertex   -3.420181e+01 -1.250000e+00 3.647241e+01
      vertex   3.462542e+01 -1.250000e+00 3.607049e+01
      vertex   3.377353e+01 -1.250000e+00 3.686935e+01
    endloop
  endfacet
  facet normal 0.000000e+00 -1.000000e+00 0.000000e+00
    outer loop
      vertex   -3.420181e+01 -1.250000e+00 3.647241e+01
      vertex   3.377353e+01 -1.250000e+00 3.686935e+01
      vertex   -3.334065e+01 -1.250000e+00 3.726126e+01
    endloop
  endfacet
  facet normal 0.000000e+00 -1.000000e+00 0.000000e+00
    outer loop
      vertex   -3.334065e+01 -1.250000e+00 3.726126e+01
      vertex   3.377353e+01 -1.250000e+00 3.686935e+01
      vertex   3.290322e+01 -1.250000e+00 3.764808e+01
    endloop
  endfacet
  facet normal 0.000000e+00 -1.000000e+00 0.000000e+00
    outer loop
      vertex   -3.334065e+01 -1.250000e+00 3.726126e+01
      vertex   3.290322e+01 -1.250000e+00 3.764808e+01
      vertex   -3.246130e+01 -1.250000e+00 3.802978e+01
    endloop
  endfacet
  facet normal 0.000000e+00 -1.000000e+00 0.000000e+00
    outer loop
      vertex   -3.246130e+01 -1.250000e+00 3.802978e+01
      vertex   3.290322e+01 -1.250000e+00 3.764808e+01
      vertex   3.201496e+01 -1.250000e+00 3.840628e+01
    endloop
  endfacet
  facet normal 0.000000e+00 -1.000000e+00 0.000000e+00
    outer loop
      vertex   -3.246130e+01 -1.250000e+00 3.802978e+01
      vertex   3.201496e+01 -1.250000e+00 3.840628e+01
      vertex   -3.156424e+01 -1.250000e+00 3.877755e+01
    endloop
  endfacet
  facet normal 0.000000e+00 -1.000000e+00 0.000000e+00
    outer loop
      vertex   -3.156424e+01 -1.250000e+00 3.877755e+01
      vertex   3.201496e+01 -1.250000e+00 3.840628e+01
      vertex   3.110923e+01 -1.250000e+00 3.914353e+01
    endloop
  endfacet
  facet normal 0.000000e+00 -1.000000e+00 0.000000e+00
    outer loop
      vertex   -3.156424e+01 -1.250000e+00 3.877755e+01
      vertex   3.110923e+01 -1.250000e+00 3.914353e+01
      vertex   -3.064997e+01 -1.250000e+00 3.950417e+01
    endloop
  endfacet
  facet normal 0.000000e+00 -1.000000e+00 0.000000e+00
    outer loop
      vertex   -3.064997e+01 -1.250000e+00 3.950417e+01
      vertex   3.110923e+01 -1.250000e+00 3.914353e+01
      vertex   3.018653e+01 -1.250000e+00 3.985942e+01
    endloop
  endfacet
  facet normal 0.000000e+00 -1.000000e+00 0.000000e+00
    outer loop
      vertex   -3.064997e+01 -1.250000e+00 3.950417e+01
      vertex   3.018653e+01 -1.250000e+00 3.985942e+01
      vertex   -2.971897e+01 -1.250000e+00 4.020924e+01
    endloop
  endfacet
  facet normal 0.000000e+00 -1.000000e+00 0.000000e+00
    outer loop
      vertex   -2.971897e+01 -1.250000e+00 4.020924e+01
      vertex   3.018653e+01 -1.250000e+00 3.985942e+01
      vertex   2.924736e+01 -1.250000e+00 4.055357e+01
    endloop
  endfacet
  facet normal 0.000000e+00 -1.000000e+00 0.000000e+00
    outer loop
      vertex   -2.971897e+01 -1.250000e+00 4.020924e+01
      vertex   2.924736e+01 -1.250000e+00 4.055357e+01
      vertex   -2.877176e+01 -1.250000e+00 4.089237e+01
    endloop
  endfacet
  facet normal 0.000000e+00 -1.000000e+00 0.000000e+00
    outer loop
      vertex   -2.877176e+01 -1.250000e+00 4.089237e+01
      vertex   2.924736e+01 -1.250000e+00 4.055357e+01
      vertex   2.829223e+01 -1.250000e+00 4.122559e+01
    endloop
  endfacet
  facet normal 0.000000e+00 -1.000000e+00 0.000000e+00
    outer loop
      vertex   -2.877176e+01 -1.250000e+00 4.089237e+01
      vertex   2.829223e+01 -1.250000e+00 4.122559e+01
      vertex   -2.780885e+01 -1.250000e+00 4.155319e+01
    endloop
  endfacet
  facet normal 0.000000e+00 -1.000000e+00 0.000000e+00
    outer loop
      vertex   -2.780885e+01 -1.250000e+00 4.155319e+01
      vertex   2.829223e+01 -1.250000e+00 4.122559e+01
      vertex   2.732167e+01 -1.250000e+00 4.187513e+01
    endloop
  endfacet
  facet normal 0.000000e+00 -1.000000e+00 0.000000e+00
    outer loop
      vertex   -2.780885e+01 -1.250000e+00 4.155319e+01
      vertex   2.732167e+01 -1.250000e+00 4.187513e+01
      vertex   -2.683077e+01 -1.250000e+00 4.219135e+01
    endloop
  endfacet
  facet normal 0.000000e+00 -1.000000e+00 0.000000e+00
    outer loop
      vertex   -2.683077e+01 -1.250000e+00 4.219135e+01
      vertex   2.732167e+01 -1.250000e+00 4.187513e+01
      vertex   2.633621e+01 -1.250000e+00 4.250181e+01
    endloop
  endfacet
  facet normal 0.000000e+00 -1.000000e+00 0.000000e+00
    outer loop
      vertex   -2.683077e+01 -1.250000e+00 4.219135e+01
      vertex   2.633621e+01 -1.250000e+00 4.250181e+01
      vertex   -2.583805e+01 -1.250000e+00 4.280648e+01
    endloop
  endfacet
  facet normal 0.000000e+00 -1.000000e+00 0.000000e+00
    outer loop
      vertex   -2.583805e+01 -1.250000e+00 4.280648e+01
      vertex   2.633621e+01 -1.250000e+00 4.250181e+01
      vertex   2.533638e+01 -1.250000e+00 4.310531e+01
    endloop
  endfacet
  facet normal 0.000000e+00 -1.000000e+00 0.000000e+00
    outer loop
      vertex   -2.583805e+01 -1.250000e+00 4.280648e+01
      vertex   2.533638e+01 -1.250000e+00 4.310531e+01
      vertex   -2.483124e+01 -1.250000e+00 4.339827e+01
    endloop
  endfacet
  facet normal 0.000000e+00 -1.000000e+00 0.000000e+00
    outer loop
      vertex   -2.483124e+01 -1.250000e+00 4.339827e+01
      vertex   2.533638e+01 -1.250000e+00 4.310531e+01
      vertex   2.432272e+01 -1.250000e+00 4.368530e+01
    endloop
  endfacet
  facet normal 0.000000e+00 -1.000000e+00 0.000000e+00
    outer loop
      vertex   -2.483124e+01 -1.250000e+00 4.339827e+01
      vertex   2.432272e+01 -1.250000e+00 4.368530e+01
      vertex   -2.381088e+01 -1.250000e+00 4.396637e+01
    endloop
  endfacet
  facet normal 0.000000e+00 -1.000000e+00 0.000000e+00
    outer loop
      vertex   -2.381088e+01 -1.250000e+00 4.396637e+01
      vertex   2.432272e+01 -1.250000e+00 4.368530e+01
      vertex   2.329580e+01 -1.250000e+00 4.424145e+01
    endloop
  endfacet
  facet normal 0.000000e+00 -1.000000e+00 0.000000e+00
    outer loop
      vertex   -2.381088e+01 -1.250000e+00 4.396637e+01
      vertex   2.329580e+01 -1.250000e+00 4.424145e+01
      vertex   -2.277753e+01 -1.250000e+00 4.451049e+01
    endloop
  endfacet
  facet normal 0.000000e+00 -1.000000e+00 0.000000e+00
    outer loop
      vertex   -2.277753e+01 -1.250000e+00 4.451049e+01
      vertex   2.329580e+01 -1.250000e+00 4.424145e+01
      vertex   2.225616e+01 -1.250000e+00 4.477346e+01
    endloop
  endfacet
  facet normal 0.000000e+00 -1.000000e+00 0.000000e+00
    outer loop
      vertex   -2.277753e+01 -1.250000e+00 4.451049e+01
      vertex   2.225616e+01 -1.250000e+00 4.477346e+01
      vertex   -2.173176e+01 -1.250000e+00 4.503033e+01
    endloop
  endfacet
  facet normal 0.000000e+00 -1.000000e+00 0.000000e+00
    outer loop
      vertex   -2.173176e+01 -1.250000e+00 4.503033e+01
      vertex   2.225616e+01 -1.250000e+00 4.477346e+01
      vertex   2.120439e+01 -1.250000e+00 4.528105e+01
    endloop
  endfacet
  facet normal 0.000000e+00 -1.000000e+00 0.000000e+00
    outer loop
      vertex   -2.173176e+01 -1.250000e+00 4.503033e+01
      vertex   2.120439e+01 -1.250000e+00 4.528105e+01
      vertex   -2.067413e+01 -1.250000e+00 4.552560e+01
    endloop
  endfacet
  facet normal 0.000000e+00 -1.000000e+00 0.000000e+00
    outer loop
      vertex   -2.067413e+01 -1.250000e+00 4.552560e+01
      vertex   2.120439e+01 -1.250000e+00 4.528105e+01
      vertex   2.014105e+01 -1.250000e+00 4.576394e+01
    endloop
  endfacet
  facet normal 0.000000e+00 -1.000000e+00 0.000000e+00
    outer loop
      vertex   -2.067413e+01 -1.250000e+00 4.552560e+01
      vertex   2.014105e+01 -1.250000e+00 4.576394e+01
      vertex   -1.960522e+01 -1.250000e+00 4.599604e+01
    endloop
  endfacet
  facet normal 0.000000e+00 -1.000000e+00 0.000000e+00
    outer loop
      vertex   -1.960522e+01 -1.250000e+00 4.599604e+01
      vertex   2.014105e+01 -1.250000e+00 4.576394e+01
      vertex   1.906672e+01 -1.250000e+00 4.622186e+01
    endloop
  endfacet
  facet normal 0.000000e+00 -1.000000e+00 0.000000e+00
    outer loop
      vertex   -1.960522e+01 -1.250000e+00 4.599604e+01
      vertex   1.906672e+01 -1.250000e+00 4.622186e+01
      vertex   -1.852561e+01 -1.250000e+00 4.644138e+01
    endloop
  endfacet
  facet normal 0.000000e+00 -1.000000e+00 0.000000e+00
    outer loop
      vertex   -1.852561e+01 -1.250000e+00 4.644138e+01
      vertex   1.906672e+01 -1.250000e+00 4.622186e+01
      vertex   1.798198e+01 -1.250000e+00 4.665456e+01
    endloop
  endfacet
  facet normal 0.000000e+00 -1.000000e+00 0.000000e+00
    outer loop
      vertex   -1.852561e+01 -1.250000e+00 4.644138e+01
      vertex   1.798198e+01 -1.250000e+00 4.665456e+01
      vertex   -1.743590e+01 -1.250000e+00 4.686138e+01
    endloop
  endfacet
  facet normal 0.000000e+00 -1.000000e+00 0.000000e+00
    outer loop
      vertex   -1.743590e+01 -1.250000e+00 4.686138e+01
      vertex   1.798198e+01 -1.250000e+00 4.665456e+01
      vertex   -1.633668e+01 -1.250000e+00 4.725583e+01
    endloop
  endfacet
  facet normal 0.000000e+00 -1.000000e+00 0.000000e+00
    outer loop
      vertex   -1.633668e+01 -1.250000e+00 4.725583e+01
      vertex   1.798198e+01 -1.250000e+00 4.665456e+01
      vertex   -1.522854e+01 -1.250000e+00 4.762449e+01
    endloop
  endfacet
  facet normal 0.000000e+00 -1.000000e+00 0.000000e+00
    outer loop
      vertex   -1.522854e+01 -1.250000e+00 4.762449e+01
      vertex   1.798198e+01 -1.250000e+00 4.665456e+01
      vertex   -1.411209e+01 -1.250000e+00 4.796716e+01
    endloop
  endfacet
  facet normal 0.000000e+00 -1.000000e+00 0.000000e+00
    outer loop
      vertex   -1.411209e+01 -1.250000e+00 4.796716e+01
      vertex   1.798198e+01 -1.250000e+00 4.665456e+01
      vertex   -1.298795e+01 -1.250000e+00 4.828367e+01
    endloop
  endfacet
  facet normal 0.000000e+00 -1.000000e+00 0.000000e+00
    outer loop
      vertex   -1.298795e+01 -1.250000e+00 4.828367e+01
      vertex   1.798198e+01 -1.250000e+00 4.665456e+01
      vertex   -1.185672e+01 -1.250000e+00 4.857384e+01
    endloop
  endfacet
  facet normal 0.000000e+00 -1.000000e+00 0.000000e+00
    outer loop
      vertex   -1.185672e+01 -1.250000e+00 4.857384e+01
      vertex   1.798198e+01 -1.250000e+00 4.665456e+01
      vertex   -1.071902e+01 -1.250000e+00 4.883751e+01
    endloop
  endfacet
  facet normal 0.000000e+00 -1.000000e+00 0.000000e+00
    outer loop
      vertex   -1.071902e+01 -1.250000e+00 4.883751e+01
      vertex   1.798198e+01 -1.250000e+00 4.665456e+01
      vertex   -9.575477e+00 -1.250000e+00 4.907454e+01
    endloop
  endfacet
  facet normal 0.000000e+00 -1.000000e+00 0.000000e+00
    outer loop
      vertex   -9.575477e+00 -1.250000e+00 4.907454e+01
      vertex   1.798198e+01 -1.250000e+00 4.665456e+01
      vertex   -8.426707e+00 -1.250000e+00 4.928479e+01
    endloop
  endfacet
  facet normal 0.000000e+00 -1.000000e+00 0.000000e+00
    outer loop
      vertex   -8.426707e+00 -1.250000e+00 4.928479e+01
      vertex   1.798198e+01 -1.250000e+00 4.665456e+01
      vertex   -7.273341e+00 -1.250000e+00 4.946816e+01
    endloop
  endfacet
  facet normal 0.000000e+00 -1.000000e+00 0.000000e+00
    outer loop
      vertex   -7.273341e+00 -1.250000e+00 4.946816e+01
      vertex   1.798198e+01 -1.250000e+00 4.665456e+01
      vertex   -6.116006e+00 -1.250000e+00 4.962453e+01
    endloop
  endfacet
  facet normal 0.000000e+00 -1.000000e+00 0.000000e+00
    outer loop
      vertex   -6.116006e+00 -1.250000e+00 4.962453e+01
      vertex   1.798198e+01 -1.250000e+00 4.665456e+01
      vertex   -4.955335e+00 -1.250000e+00 4.975384e+01
    endloop
  endfacet
  facet normal 0.000000e+00 -1.000000e+00 0.000000e+00
    outer loop
      vertex   -4.955335e+00 -1.250000e+00 4.975384e+01
      vertex   1.798198e+01 -1.250000e+00 4.665456e+01
      vertex   -3.791960e+00 -1.250000e+00 4.985600e+01
    endloop
  endfacet
  facet normal 0.000000e+00 -1.000000e+00 0.000000e+00
    outer loop
      vertex   -3.791960e+00 -1.250000e+00 4.985600e+01
      vertex   1.798198e+01 -1.250000e+00 4.665456e+01
      vertex   -2.626517e+00 -1.250000e+00 4.993097e+01
    endloop
  endfacet
  facet normal 0.000000e+00 -1.000000e+00 0.000000e+00
    outer loop
      vertex   -2.626517e+00 -1.250000e+00 4.993097e+01
      vertex   1.798198e+01 -1.250000e+00 4.665456e+01
      vertex   -1.459640e+00 -1.250000e+00 4.997869e+01
    endloop
  endfacet
  facet normal 0.000000e+00 -1.000000e+00 0.000000e+00
    outer loop
      vertex   -1.459640e+00 -1.250000e+00 4.997869e+01
      vertex   1.798198e+01 -1.250000e+00 4.665456e+01
      vertex   -2.919679e-01 -1.250000e+00 4.999915e+01
    endloop
  endfacet
  facet normal 0.000000e+00 -1.000000e+00 0.000000e+00
    outer loop
      vertex   -2.919679e-01 -1.250000e+00 4.999915e+01
      vertex   1.798198e+01 -1.250000e+00 4.665456e+01
      vertex   8.758639e-01 -1.250000e+00 4.999233e+01
    endloop
  endfacet
  facet normal 0.000000e+00 -1.000000e+00 0.000000e+00
    outer loop
      vertex   8.758639e-01 -1.250000e+00 4.999233e+01
      vertex   1.798198e+01 -1.250000e+00 4.665456e+01
      vertex   2.043218e+00 -1.250000e+00 4.995824e+01
    endloop
  endfacet
  facet normal 0.000000e+00 -1.000000e+00 0.000000e+00
    outer loop
      vertex   2.043218e+00 -1.250000e+00 4.995824e+01
      vertex   1.798198e+01 -1.250000e+00 4.665456e+01
      vertex   3.209457e+00 -1.250000e+00 4.989689e+01
    endloop
  endfacet
  facet normal 0.000000e+00 -1.000000e+00 0.000000e+00
    outer loop
      vertex   3.209457e+00 -1.250000e+00 4.989689e+01
      vertex   1.798198e+01 -1.250000e+00 4.665456e+01
      vertex   4.373946e+00 -1.250000e+00 4.980832e+01
    endloop
  endfacet
  facet normal 0.000000e+00 -1.000000e+00 0.000000e+00
    outer loop
      vertex   4.373946e+00 -1.250000e+00 4.980832e+01
      vertex   1.798198e+01 -1.250000e+00 4.665456e+01
      vertex   5.536048e+00 -1.250000e+00 4.969258e+01
    endloop
  endfacet
  facet normal 0.000000e+00 -1.000000e+00 0.000000e+00
    outer loop
      vertex   5.536048e+00 -1.250000e+00 4.969258e+01
      vertex   1.798198e+01 -1.250000e+00 4.665456e+01
      vertex   6.695130e+00 -1.250000e+00 4.954972e+01
    endloop
  endfacet
  facet normal 0.000000e+00 -1.000000e+00 0.000000e+00
    outer loop
      vertex   6.695130e+00 -1.250000e+00 4.954972e+01
      vertex   1.798198e+01 -1.250000e+00 4.665456e+01
      vertex   7.850559e+00 -1.250000e+00 4.937984e+01
    endloop
  endfacet
  facet normal 0.000000e+00 -1.000000e+00 0.000000e+00
    outer loop
      vertex   7.850559e+00 -1.250000e+00 4.937984e+01
      vertex   1.798198e+01 -1.250000e+00 4.665456e+01
      vertex   9.001706e+00 -1.250000e+00 4.918302e+01
    endloop
  endfacet
  facet normal 0.000000e+00 -1.000000e+00 0.000000e+00
    outer loop
      vertex   9.001706e+00 -1.250000e+00 4.918302e+01
      vertex   1.798198e+01 -1.250000e+00 4.665456e+01
      vertex   1.014794e+01 -1.250000e+00 4.895936e+01
    endloop
  endfacet
  facet normal 0.000000e+00 -1.000000e+00 0.000000e+00
    outer loop
      vertex   1.014794e+01 -1.250000e+00 4.895936e+01
      vertex   1.798198e+01 -1.250000e+00 4.665456e+01
      vertex   1.128864e+01 -1.250000e+00 4.870900e+01
    endloop
  endfacet
  facet normal 0.000000e+00 -1.000000e+00 0.000000e+00
    outer loop
      vertex   1.128864e+01 -1.250000e+00 4.870900e+01
      vertex   1.798198e+01 -1.250000e+00 4.665456e+01
      vertex   1.242318e+01 -1.250000e+00 4.843206e+01
    endloop
  endfacet
  facet normal 0.000000e+00 -1.000000e+00 0.000000e+00
    outer loop
      vertex   1.242318e+01 -1.250000e+00 4.843206e+01
      vertex   1.798198e+01 -1.250000e+00 4.665456e+01
      vertex   1.355095e+01 -1.250000e+00 4.812870e+01
    endloop
  endfacet
  facet normal 0.000000e+00 -1.000000e+00 0.000000e+00
    outer loop
      vertex   1.355095e+01 -1.250000e+00 4.812870e+01
      vertex   1.798198e+01 -1.250000e+00 4.665456e+01
      vertex   1.467132e+01 -1.250000e+00 4.779908e+01
    endloop
  endfacet
  facet normal 0.000000e+00 -1.000000e+00 0.000000e+00
    outer loop
      vertex   1.467132e+01 -1.250000e+00 4.779908e+01
      vertex   1.798198e+01 -1.250000e+00 4.665456e+01
      vertex   1.578368e+01 -1.250000e+00 4.744339e+01
    endloop
  endfacet
  facet normal 0.000000e+00 -1.000000e+00 0.000000e+00
    outer loop
      vertex   1.578368e+01 -1.250000e+00 4.744339e+01
      vertex   1.798198e+01 -1.250000e+00 4.665456e+01
      vertex   1.688744e+01 -1.250000e+00 4.706181e+01
    endloop
  endfacet
  facet normal 0.000000e+00 -1.000000e+00 0.000000e+00
    outer loop
      vertex   4.999659e+01 -1.250000e+00 -5.839259e-01
      vertex   -4.998636e+01 -1.250000e+00 -1.167772e+00
      vertex   4.996931e+01 -1.250000e+00 -1.751459e+00
    endloop
  endfacet
  facet normal -0.000000e+00 -1.000000e+00 0.000000e+00
    outer loop
      vertex   4.996931e+01 -1.250000e+00 -1.751459e+00
      vertex   -4.998636e+01 -1.250000e+00 -1.167772e+00
      vertex   -4.994545e+01 -1.250000e+00 -2.334907e+00
    endloop
  endfacet
  facet normal 0.000000e+00 -1.000000e+00 0.000000e+00
    outer loop
      vertex   4.996931e+01 -1.250000e+00 -1.751459e+00
      vertex   -4.994545e+01 -1.250000e+00 -2.334907e+00
      vertex   4.991478e+01 -1.250000e+00 -2.918037e+00
    endloop
  endfacet
  facet normal -0.000000e+00 -1.000000e+00 0.000000e+00
    outer loop
      vertex   4.991478e+01 -1.250000e+00 -2.918037e+00
      vertex   -4.994545e+01 -1.250000e+00 -2.334907e+00
      vertex   -4.987730e+01 -1.250000e+00 -3.500768e+00
    endloop
  endfacet
  facet normal 0.000000e+00 -1.000000e+00 0.000000e+00
    outer loop
      vertex   4.991478e+01 -1.250000e+00 -2.918037e+00
      vertex   -4.987730e+01 -1.250000e+00 -3.500768e+00
      vertex   4.983301e+01 -1.250000e+00 -4.083023e+00
    endloop
  endfacet
  facet normal -0.000000e+00 -1.000000e+00 0.000000e+00
    outer loop
      vertex   4.983301e+01 -1.250000e+00 -4.083023e+00
      vertex   -4.987730e+01 -1.250000e+00 -3.500768e+00
      vertex   -4.978193e+01 -1.250000e+00 -4.664720e+00
    endloop
  endfacet
  facet normal 0.000000e+00 -1.000000e+00 0.000000e+00
    outer loop
      vertex   4.983301e+01 -1.250000e+00 -4.083023e+00
      vertex   -4.978193e+01 -1.250000e+00 -4.664720e+00
      vertex   4.972406e+01 -1.250000e+00 -5.245781e+00
    endloop
  endfacet
  facet normal -0.000000e+00 -1.000000e+00 0.000000e+00
    outer loop
      vertex   4.972406e+01 -1.250000e+00 -5.245781e+00
      vertex   -4.978193e+01 -1.250000e+00 -4.664720e+00
      vertex   -4.965940e+01 -1.250000e+00 -5.826126e+00
    endloop
  endfacet
  facet normal 0.000000e+00 -1.000000e+00 0.000000e+00
    outer loop
      vertex   4.972406e+01 -1.250000e+00 -5.245781e+00
      vertex   -4.965940e+01 -1.250000e+00 -5.826126e+00
      vertex   4.958798e+01 -1.250000e+00 -6.405677e+00
    endloop
  endfacet
  facet normal -0.000000e+00 -1.000000e+00 0.000000e+00
    outer loop
      vertex   4.958798e+01 -1.250000e+00 -6.405677e+00
      vertex   -4.965940e+01 -1.250000e+00 -5.826126e+00
      vertex   -4.950978e+01 -1.250000e+00 -6.984354e+00
    endloop
  endfacet
  facet normal 0.000000e+00 -1.000000e+00 0.000000e+00
    outer loop
      vertex   4.958798e+01 -1.250000e+00 -6.405677e+00
      vertex   -4.950978e+01 -1.250000e+00 -6.984354e+00
      vertex   4.942484e+01 -1.250000e+00 -7.562079e+00
    endloop
  endfacet
  facet normal -0.000000e+00 -1.000000e+00 0.000000e+00
    outer loop
      vertex   4.942484e+01 -1.250000e+00 -7.562079e+00
      vertex   -4.950978e+01 -1.250000e+00 -6.984354e+00
      vertex   -4.933316e+01 -1.250000e+00 -8.138772e+00
    endloop
  endfacet
  facet normal 0.000000e+00 -1.000000e+00 0.000000e+00
    outer loop
      vertex   4.942484e+01 -1.250000e+00 -7.562079e+00
      vertex   -4.933316e+01 -1.250000e+00 -8.138772e+00
      vertex   4.923474e+01 -1.250000e+00 -8.714355e+00
    endloop
  endfacet
  facet normal -0.000000e+00 -1.000000e+00 0.000000e+00
    outer loop
      vertex   4.923474e+01 -1.250000e+00 -8.714355e+00
      vertex   -4.933316e+01 -1.250000e+00 -8.138772e+00
      vertex   -4.912962e+01 -1.250000e+00 -9.288750e+00
    endloop
  endfacet
  facet normal 0.000000e+00 -1.000000e+00 0.000000e+00
    outer loop
      vertex   4.923474e+01 -1.250000e+00 -8.714355e+00
      vertex   -4.912962e+01 -1.250000e+00 -9.288750e+00
      vertex   4.901779e+01 -1.250000e+00 -9.861877e+00
    endloop
  endfacet
  facet normal -0.000000e+00 -1.000000e+00 0.000000e+00
    outer loop
      vertex   4.901779e+01 -1.250000e+00 -9.861877e+00
      vertex   -4.912962e+01 -1.250000e+00 -9.288750e+00
      vertex   -4.889927e+01 -1.250000e+00 -1.043366e+01
    endloop
  endfacet
  facet normal 0.000000e+00 -1.000000e+00 0.000000e+00
    outer loop
      vertex   4.901779e+01 -1.250000e+00 -9.861877e+00
      vertex   -4.889927e+01 -1.250000e+00 -1.043366e+01
      vertex   4.877409e+01 -1.250000e+00 -1.100402e+01
    endloop
  endfacet
  facet normal -0.000000e+00 -1.000000e+00 0.000000e+00
    outer loop
      vertex   4.877409e+01 -1.250000e+00 -1.100402e+01
      vertex   -4.889927e+01 -1.250000e+00 -1.043366e+01
      vertex   -4.864225e+01 -1.250000e+00 -1.157288e+01
    endloop
  endfacet
  facet normal 0.000000e+00 -1.000000e+00 0.000000e+00
    outer loop
      vertex   4.877409e+01 -1.250000e+00 -1.100402e+01
      vertex   -4.864225e+01 -1.250000e+00 -1.157288e+01
      vertex   4.850378e+01 -1.250000e+00 -1.214016e+01
    endloop
  endfacet
  facet normal -0.000000e+00 -1.000000e+00 0.000000e+00
    outer loop
      vertex   4.850378e+01 -1.250000e+00 -1.214016e+01
      vertex   -4.864225e+01 -1.250000e+00 -1.157288e+01
      vertex   -4.835869e+01 -1.250000e+00 -1.270578e+01
    endloop
  endfacet
  facet normal 0.000000e+00 -1.000000e+00 0.000000e+00
    outer loop
      vertex   4.850378e+01 -1.250000e+00 -1.214016e+01
      vertex   -4.835869e+01 -1.250000e+00 -1.270578e+01
      vertex   4.820701e+01 -1.250000e+00 -1.326967e+01
    endloop
  endfacet
  facet normal -0.000000e+00 -1.000000e+00 0.000000e+00
    outer loop
      vertex   4.820701e+01 -1.250000e+00 -1.326967e+01
      vertex   -4.835869e+01 -1.250000e+00 -1.270578e+01
      vertex   -4.804875e+01 -1.250000e+00 -1.383176e+01
    endloop
  endfacet
  facet normal 0.000000e+00 -1.000000e+00 0.000000e+00
    outer loop
      vertex   4.820701e+01 -1.250000e+00 -1.326967e+01
      vertex   -4.804875e+01 -1.250000e+00 -1.383176e+01
      vertex   4.788394e+01 -1.250000e+00 -1.439195e+01
    endloop
  endfacet
  facet normal -0.000000e+00 -1.000000e+00 0.000000e+00
    outer loop
      vertex   4.788394e+01 -1.250000e+00 -1.439195e+01
      vertex   -4.804875e+01 -1.250000e+00 -1.383176e+01
      vertex   -4.771260e+01 -1.250000e+00 -1.495018e+01
    endloop
  endfacet
  facet normal 0.000000e+00 -1.000000e+00 0.000000e+00
    outer loop
      vertex   4.788394e+01 -1.250000e+00 -1.439195e+01
      vertex   -4.771260e+01 -1.250000e+00 -1.495018e+01
      vertex   4.753475e+01 -1.250000e+00 -1.550638e+01
    endloop
  endfacet
  facet normal -0.000000e+00 -1.000000e+00 0.000000e+00
    outer loop
      vertex   4.753475e+01 -1.250000e+00 -1.550638e+01
      vertex   -4.771260e+01 -1.250000e+00 -1.495018e+01
      vertex   -4.735042e+01 -1.250000e+00 -1.606045e+01
    endloop
  endfacet
  facet normal 0.000000e+00 -1.000000e+00 0.000000e+00
    outer loop
      vertex   4.753475e+01 -1.250000e+00 -1.550638e+01
      vertex   -4.735042e+01 -1.250000e+00 -1.606045e+01
      vertex   4.715962e+01 -1.250000e+00 -1.661234e+01
    endloop
  endfacet
  facet normal -0.000000e+00 -1.000000e+00 0.000000e+00
    outer loop
      vertex   4.715962e+01 -1.250000e+00 -1.661234e+01
      vertex   -4.735042e+01 -1.250000e+00 -1.606045e+01
      vertex   -4.696240e+01 -1.250000e+00 -1.716196e+01
    endloop
  endfacet
  facet normal 0.000000e+00 -1.000000e+00 0.000000e+00
    outer loop
      vertex   4.715962e+01 -1.250000e+00 -1.661234e+01
      vertex   -4.696240e+01 -1.250000e+00 -1.716196e+01
      vertex   4.675877e+01 -1.250000e+00 -1.770924e+01
    endloop
  endfacet
  facet normal -0.000000e+00 -1.000000e+00 0.000000e+00
    outer loop
      vertex   4.675877e+01 -1.250000e+00 -1.770924e+01
      vertex   -4.696240e+01 -1.250000e+00 -1.716196e+01
      vertex   -4.654877e+01 -1.250000e+00 -1.825411e+01
    endloop
  endfacet
  facet normal 0.000000e+00 -1.000000e+00 0.000000e+00
    outer loop
      vertex   4.675877e+01 -1.250000e+00 -1.770924e+01
      vertex   -4.654877e+01 -1.250000e+00 -1.825411e+01
      vertex   4.633241e+01 -1.250000e+00 -1.879648e+01
    endloop
  endfacet
  facet normal -0.000000e+00 -1.000000e+00 0.000000e+00
    outer loop
      vertex   4.633241e+01 -1.250000e+00 -1.879648e+01
      vertex   -4.654877e+01 -1.250000e+00 -1.825411e+01
      vertex   -4.610973e+01 -1.250000e+00 -1.933630e+01
    endloop
  endfacet
  facet normal 0.000000e+00 -1.000000e+00 0.000000e+00
    outer loop
      vertex   4.633241e+01 -1.250000e+00 -1.879648e+01
      vertex   -4.610973e+01 -1.250000e+00 -1.933630e+01
      vertex   4.588077e+01 -1.250000e+00 -1.987347e+01
    endloop
  endfacet
  facet normal -0.000000e+00 -1.000000e+00 0.000000e+00
    outer loop
      vertex   4.588077e+01 -1.250000e+00 -1.987347e+01
      vertex   -4.610973e+01 -1.250000e+00 -1.933630e+01
      vertex   -4.564555e+01 -1.250000e+00 -2.040793e+01
    endloop
  endfacet
  facet normal 0.000000e+00 -1.000000e+00 0.000000e+00
    outer loop
      vertex   4.588077e+01 -1.250000e+00 -1.987347e+01
      vertex   -4.564555e+01 -1.250000e+00 -2.040793e+01
      vertex   4.540410e+01 -1.250000e+00 -2.093962e+01
    endloop
  endfacet
  facet normal -0.000000e+00 -1.000000e+00 0.000000e+00
    outer loop
      vertex   4.540410e+01 -1.250000e+00 -2.093962e+01
      vertex   -4.564555e+01 -1.250000e+00 -2.040793e+01
      vertex   -4.515646e+01 -1.250000e+00 -2.146844e+01
    endloop
  endfacet
  facet normal 0.000000e+00 -1.000000e+00 0.000000e+00
    outer loop
      vertex   4.540410e+01 -1.250000e+00 -2.093962e+01
      vertex   -4.515646e+01 -1.250000e+00 -2.146844e+01
      vertex   4.490266e+01 -1.250000e+00 -2.199434e+01
    endloop
  endfacet
  facet normal -0.000000e+00 -1.000000e+00 0.000000e+00
    outer loop
      vertex   4.490266e+01 -1.250000e+00 -2.199434e+01
      vertex   -4.515646e+01 -1.250000e+00 -2.146844e+01
      vertex   -4.464274e+01 -1.250000e+00 -2.251723e+01
    endloop
  endfacet
  facet normal 0.000000e+00 -1.000000e+00 0.000000e+00
    outer loop
      vertex   4.490266e+01 -1.250000e+00 -2.199434e+01
      vertex   -4.464274e+01 -1.250000e+00 -2.251723e+01
      vertex   4.437673e+01 -1.250000e+00 -2.303706e+01
    endloop
  endfacet
  facet normal -0.000000e+00 -1.000000e+00 0.000000e+00
    outer loop
      vertex   4.437673e+01 -1.250000e+00 -2.303706e+01
      vertex   -4.464274e+01 -1.250000e+00 -2.251723e+01
      vertex   -4.410466e+01 -1.250000e+00 -2.355374e+01
    endloop
  endfacet
  facet normal 0.000000e+00 -1.000000e+00 0.000000e+00
    outer loop
      vertex   4.437673e+01 -1.250000e+00 -2.303706e+01
      vertex   -4.410466e+01 -1.250000e+00 -2.355374e+01
      vertex   4.382658e+01 -1.250000e+00 -2.406721e+01
    endloop
  endfacet
  facet normal -0.000000e+00 -1.000000e+00 0.000000e+00
    outer loop
      vertex   4.382658e+01 -1.250000e+00 -2.406721e+01
      vertex   -4.410466e+01 -1.250000e+00 -2.355374e+01
      vertex   -4.354252e+01 -1.250000e+00 -2.457740e+01
    endloop
  endfacet
  facet normal 0.000000e+00 -1.000000e+00 0.000000e+00
    outer loop
      vertex   4.382658e+01 -1.250000e+00 -2.406721e+01
      vertex   -4.354252e+01 -1.250000e+00 -2.457740e+01
      vertex   4.325253e+01 -1.250000e+00 -2.508424e+01
    endloop
  endfacet
  facet normal -0.000000e+00 -1.000000e+00 0.000000e+00
    outer loop
      vertex   4.325253e+01 -1.250000e+00 -2.508424e+01
      vertex   -4.354252e+01 -1.250000e+00 -2.457740e+01
      vertex   -4.295663e+01 -1.250000e+00 -2.558765e+01
    endloop
  endfacet
  facet normal 0.000000e+00 -1.000000e+00 0.000000e+00
    outer loop
      vertex   4.325253e+01 -1.250000e+00 -2.508424e+01
      vertex   -4.295663e+01 -1.250000e+00 -2.558765e+01
      vertex   4.265487e+01 -1.250000e+00 -2.608758e+01
    endloop
  endfacet
  facet normal -0.000000e+00 -1.000000e+00 0.000000e+00
    outer loop
      vertex   4.265487e+01 -1.250000e+00 -2.608758e+01
      vertex   -4.295663e+01 -1.250000e+00 -2.558765e+01
      vertex   -4.234730e+01 -1.250000e+00 -2.658394e+01
    endloop
  endfacet
  facet normal 0.000000e+00 -1.000000e+00 0.000000e+00
    outer loop
      vertex   4.265487e+01 -1.250000e+00 -2.608758e+01
      vertex   -4.234730e+01 -1.250000e+00 -2.658394e+01
      vertex   4.203395e+01 -1.250000e+00 -2.707668e+01
    endloop
  endfacet
  facet normal -0.000000e+00 -1.000000e+00 0.000000e+00
    outer loop
      vertex   4.203395e+01 -1.250000e+00 -2.707668e+01
      vertex   -4.234730e+01 -1.250000e+00 -2.658394e+01
      vertex   -4.171487e+01 -1.250000e+00 -2.756573e+01
    endloop
  endfacet
  facet normal 0.000000e+00 -1.000000e+00 0.000000e+00
    outer loop
      vertex   4.203395e+01 -1.250000e+00 -2.707668e+01
      vertex   -4.171487e+01 -1.250000e+00 -2.756573e+01
      vertex   4.139010e+01 -1.250000e+00 -2.805102e+01
    endloop
  endfacet
  facet normal -0.000000e+00 -1.000000e+00 0.000000e+00
    outer loop
      vertex   4.139010e+01 -1.250000e+00 -2.805102e+01
      vertex   -4.171487e+01 -1.250000e+00 -2.756573e+01
      vertex   -4.105968e+01 -1.250000e+00 -2.853248e+01
    endloop
  endfacet
  facet normal 0.000000e+00 -1.000000e+00 0.000000e+00
    outer loop
      vertex   4.139010e+01 -1.250000e+00 -2.805102e+01
      vertex   -4.105968e+01 -1.250000e+00 -2.853248e+01
      vertex   4.072366e+01 -1.250000e+00 -2.901005e+01
    endloop
  endfacet
  facet normal -0.000000e+00 -1.000000e+00 0.000000e+00
    outer loop
      vertex   4.072366e+01 -1.250000e+00 -2.901005e+01
      vertex   -4.105968e+01 -1.250000e+00 -2.853248e+01
      vertex   -4.038209e+01 -1.250000e+00 -2.948367e+01
    endloop
  endfacet
  facet normal 0.000000e+00 -1.000000e+00 0.000000e+00
    outer loop
      vertex   4.072366e+01 -1.250000e+00 -2.901005e+01
      vertex   -4.038209e+01 -1.250000e+00 -2.948367e+01
      vertex   4.003501e+01 -1.250000e+00 -2.995326e+01
    endloop
  endfacet
  facet normal -0.000000e+00 -1.000000e+00 0.000000e+00
    outer loop
      vertex   4.003501e+01 -1.250000e+00 -2.995326e+01
      vertex   -4.038209e+01 -1.250000e+00 -2.948367e+01
      vertex   -3.968247e+01 -1.250000e+00 -3.041876e+01
    endloop
  endfacet
  facet normal 0.000000e+00 -1.000000e+00 0.000000e+00
    outer loop
      vertex   4.003501e+01 -1.250000e+00 -2.995326e+01
      vertex   -3.968247e+01 -1.250000e+00 -3.041876e+01
      vertex   3.932452e+01 -1.250000e+00 -3.088012e+01
    endloop
  endfacet
  facet normal -0.000000e+00 -1.000000e+00 0.000000e+00
    outer loop
      vertex   3.932452e+01 -1.250000e+00 -3.088012e+01
      vertex   -3.968247e+01 -1.250000e+00 -3.041876e+01
      vertex   -3.896121e+01 -1.250000e+00 -3.133727e+01
    endloop
  endfacet
  facet normal 0.000000e+00 -1.000000e+00 0.000000e+00
    outer loop
      vertex   3.932452e+01 -1.250000e+00 -3.088012e+01
      vertex   -3.896121e+01 -1.250000e+00 -3.133727e+01
      vertex   3.859258e+01 -1.250000e+00 -3.179014e+01
    endloop
  endfacet
  facet normal -0.000000e+00 -1.000000e+00 0.000000e+00
    outer loop
      vertex   3.859258e+01 -1.250000e+00 -3.179014e+01
      vertex   -3.896121e+01 -1.250000e+00 -3.133727e+01
      vertex   -3.821868e+01 -1.250000e+00 -3.223868e+01
    endloop
  endfacet
  facet normal 0.000000e+00 -1.000000e+00 0.000000e+00
    outer loop
      vertex   3.859258e+01 -1.250000e+00 -3.179014e+01
      vertex   -3.821868e+01 -1.250000e+00 -3.223868e+01
      vertex   3.783958e+01 -1.250000e+00 -3.268282e+01
    endloop
  endfacet
  facet normal -0.000000e+00 -1.000000e+00 0.000000e+00
    outer loop
      vertex   3.783958e+01 -1.250000e+00 -3.268282e+01
      vertex   -3.821868e+01 -1.250000e+00 -3.223868e+01
      vertex   -3.745531e+01 -1.250000e+00 -3.312250e+01
    endloop
  endfacet
  facet normal 0.000000e+00 -1.000000e+00 0.000000e+00
    outer loop
      vertex   3.783958e+01 -1.250000e+00 -3.268282e+01
      vertex   -3.745531e+01 -1.250000e+00 -3.312250e+01
      vertex   3.706593e+01 -1.250000e+00 -3.355766e+01
    endloop
  endfacet
  facet normal -0.000000e+00 -1.000000e+00 0.000000e+00
    outer loop
      vertex   3.706593e+01 -1.250000e+00 -3.355766e+01
      vertex   -3.745531e+01 -1.250000e+00 -3.312250e+01
      vertex   -3.667150e+01 -1.250000e+00 -3.398825e+01
    endloop
  endfacet
  facet normal 0.000000e+00 -1.000000e+00 0.000000e+00
    outer loop
      vertex   3.706593e+01 -1.250000e+00 -3.355766e+01
      vertex   -3.667150e+01 -1.250000e+00 -3.398825e+01
      vertex   3.627207e+01 -1.250000e+00 -3.441420e+01
    endloop
  endfacet
  facet normal -0.000000e+00 -1.000000e+00 0.000000e+00
    outer loop
      vertex   3.627207e+01 -1.250000e+00 -3.441420e+01
      vertex   -3.667150e+01 -1.250000e+00 -3.398825e+01
      vertex   -3.586769e+01 -1.250000e+00 -3.483546e+01
    endloop
  endfacet
  facet normal 0.000000e+00 -1.000000e+00 0.000000e+00
    outer loop
      vertex   3.627207e+01 -1.250000e+00 -3.441420e+01
      vertex   -3.586769e+01 -1.250000e+00 -3.483546e+01
      vertex   3.545842e+01 -1.250000e+00 -3.525196e+01
    endloop
  endfacet
  facet normal -0.000000e+00 -1.000000e+00 0.000000e+00
    outer loop
      vertex   3.545842e+01 -1.250000e+00 -3.525196e+01
      vertex   -3.586769e+01 -1.250000e+00 -3.483546e+01
      vertex   -3.504431e+01 -1.250000e+00 -3.566366e+01
    endloop
  endfacet
  facet normal 0.000000e+00 -1.000000e+00 0.000000e+00
    outer loop
      vertex   3.545842e+01 -1.250000e+00 -3.525196e+01
      vertex   -3.504431e+01 -1.250000e+00 -3.566366e+01
      vertex   3.462542e+01 -1.250000e+00 -3.607049e+01
    endloop
  endfacet
  facet normal -0.000000e+00 -1.000000e+00 0.000000e+00
    outer loop
      vertex   3.462542e+01 -1.250000e+00 -3.607049e+01
      vertex   -3.504431e+01 -1.250000e+00 -3.566366e+01
      vertex   -3.420181e+01 -1.250000e+00 -3.647241e+01
    endloop
  endfacet
  facet normal 0.000000e+00 -1.000000e+00 0.000000e+00
    outer loop
      vertex   3.462542e+01 -1.250000e+00 -3.607049e+01
      vertex   -3.420181e+01 -1.250000e+00 -3.647241e+01
      vertex   3.377353e+01 -1.250000e+00 -3.686935e+01
    endloop
  endfacet
  facet normal -0.000000e+00 -1.000000e+00 0.000000e+00
    outer loop
      vertex   3.377353e+01 -1.250000e+00 -3.686935e+01
      vertex   -3.420181e+01 -1.250000e+00 -3.647241e+01
      vertex   -3.334065e+01 -1.250000e+00 -3.726126e+01
    endloop
  endfacet
  facet normal 0.000000e+00 -1.000000e+00 0.000000e+00
    outer loop
      vertex   3.377353e+01 -1.250000e+00 -3.686935e+01
      vertex   -3.334065e+01 -1.250000e+00 -3.726126e+01
      vertex   3.290322e+01 -1.250000e+00 -3.764808e+01
    endloop
  endfacet
  facet normal -0.000000e+00 -1.000000e+00 0.000000e+00
    outer loop
      vertex   3.290322e+01 -1.250000e+00 -3.764808e+01
      vertex   -3.334065e+01 -1.250000e+00 -3.726126e+01
      vertex   -3.246130e+01 -1.250000e+00 -3.802978e+01
    endloop
  endfacet
  facet normal 0.000000e+00 -1.000000e+00 0.000000e+00
    outer loop
      vertex   3.290322e+01 -1.250000e+00 -3.764808e+01
      vertex   -3.246130e+01 -1.250000e+00 -3.802978e+01
      vertex   3.201496e+01 -1.250000e+00 -3.840628e+01
    endloop
  endfacet
  facet normal -0.000000e+00 -1.000000e+00 0.000000e+00
    outer loop
      vertex   3.201496e+01 -1.250000e+00 -3.840628e+01
      vertex   -3.246130e+01 -1.250000e+00 -3.802978e+01
      vertex   -3.156424e+01 -1.250000e+00 -3.877755e+01
    endloop
  endfacet
  facet normal 0.000000e+00 -1.000000e+00 0.000000e+00
    outer loop
      vertex   3.201496e+01 -1.250000e+00 -3.840628e+01
      vertex   -3.156424e+01 -1.250000e+00 -3.877755e+01
      vertex   3.110923e+01 -1.250000e+00 -3.914353e+01
    endloop
  endfacet
  facet normal -0.000000e+00 -1.000000e+00 0.000000e+00
    outer loop
      vertex   3.110923e+01 -1.250000e+00 -3.914353e+01
      vertex   -3.156424e+01 -1.250000e+00 -3.877755e+01
      vertex   -3.064997e+01 -1.250000e+00 -3.950417e+01
    endloop
  endfacet
  facet normal 0.000000e+00 -1.000000e+00 0.000000e+00
    outer loop
      vertex   3.110923e+01 -1.250000e+00 -3.914353e+01
      vertex   -3.064997e+01 -1.250000e+00 -3.950417e+01
      vertex   3.018653e+01 -1.250000e+00 -3.985942e+01
    endloop
  endfacet
  facet normal -0.000000e+00 -1.000000e+00 0.000000e+00
    outer loop
      vertex   3.018653e+01 -1.250000e+00 -3.985942e+01
      vertex   -3.064997e+01 -1.250000e+00 -3.950417e+01
      vertex   -2.971897e+01 -1.250000e+00 -4.020924e+01
    endloop
  endfacet
  facet normal 0.000000e+00 -1.000000e+00 0.000000e+00
    outer loop
      vertex   3.018653e+01 -1.250000e+00 -3.985942e+01
      vertex   -2.971897e+01 -1.250000e+00 -4.020924e+01
      vertex   2.924736e+01 -1.250000e+00 -4.055357e+01
    endloop
  endfacet
  facet normal -0.000000e+00 -1.000000e+00 0.000000e+00
    outer loop
      vertex   2.924736e+01 -1.250000e+00 -4.055357e+01
      vertex   -2.971897e+01 -1.250000e+00 -4.020924e+01
      vertex   -2.877176e+01 -1.250000e+00 -4.089237e+01
    endloop
  endfacet
  facet normal 0.000000e+00 -1.000000e+00 0.000000e+00
    outer loop
      vertex   2.924736e+01 -1.250000e+00 -4.055357e+01
      vertex   -2.877176e+01 -1.250000e+00 -4.089237e+01
      vertex   2.829223e+01 -1.250000e+00 -4.122559e+01
    endloop
  endfacet
  facet normal -0.000000e+00 -1.000000e+00 0.000000e+00
    outer loop
      vertex   2.829223e+01 -1.250000e+00 -4.122559e+01
      vertex   -2.877176e+01 -1.250000e+00 -4.089237e+01
      vertex   -2.780885e+01 -1.250000e+00 -4.155319e+01
    endloop
  endfacet
  facet normal 0.000000e+00 -1.000000e+00 0.000000e+00
    outer loop
      vertex   2.829223e+01 -1.250000e+00 -4.122559e+01
      vertex   -2.780885e+01 -1.250000e+00 -4.155319e+01
      vertex   2.732167e+01 -1.250000e+00 -4.187513e+01
    endloop
  endfacet
  facet normal -0.000000e+00 -1.000000e+00 0.000000e+00
    outer loop
      vertex   2.732167e+01 -1.250000e+00 -4.187513e+01
      vertex   -2.780885e+01 -1.250000e+00 -4.155319e+01
      vertex   -2.683077e+01 -1.250000e+00 -4.219135e+01
    endloop
  endfacet
  facet normal 0.000000e+00 -1.000000e+00 0.000000e+00
    outer loop
      vertex   2.732167e+01 -1.250000e+00 -4.187513e+01
      vertex   -2.683077e+01 -1.250000e+00 -4.219135e+01
      vertex   2.633621e+01 -1.250000e+00 -4.250181e+01
    endloop
  endfacet
  facet normal -0.000000e+00 -1.000000e+00 0.000000e+00
    outer loop
      vertex   2.633621e+01 -1.250000e+00 -4.250181e+01
      vertex   -2.683077e+01 -1.250000e+00 -4.219135e+01
      vertex   -2.583805e+01 -1.250000e+00 -4.280648e+01
    endloop
  endfacet
  facet normal 0.000000e+00 -1.000000e+00 0.000000e+00
    outer loop
      vertex   2.633621e+01 -1.250000e+00 -4.250181e+01
      vertex   -2.583805e+01 -1.250000e+00 -4.280648e+01
      vertex   2.533638e+01 -1.250000e+00 -4.310531e+01
    endloop
  endfacet
  facet normal -0.000000e+00 -1.000000e+00 0.000000e+00
    outer loop
      vertex   2.533638e+01 -1.250000e+00 -4.310531e+01
      vertex   -2.583805e+01 -1.250000e+00 -4.280648e+01
      vertex   -2.483124e+01 -1.250000e+00 -4.339827e+01
    endloop
  endfacet
  facet normal 0.000000e+00 -1.000000e+00 0.000000e+00
    outer loop
      vertex   2.533638e+01 -1.250000e+00 -4.310531e+01
      vertex   -2.483124e+01 -1.250000e+00 -4.339827e+01
      vertex   2.432272e+01 -1.250000e+00 -4.368530e+01
    endloop
  endfacet
  facet normal -0.000000e+00 -1.000000e+00 0.000000e+00
    outer loop
      vertex   2.432272e+01 -1.250000e+00 -4.368530e+01
      vertex   -2.483124e+01 -1.250000e+00 -4.339827e+01
      vertex   -2.381088e+01 -1.250000e+00 -4.396637e+01
    endloop
  endfacet
  facet normal 0.000000e+00 -1.000000e+00 0.000000e+00
    outer loop
      vertex   2.432272e+01 -1.250000e+00 -4.368530e+01
      vertex   -2.381088e+01 -1.250000e+00 -4.396637e+01
      vertex   2.329580e+01 -1.250000e+00 -4.424145e+01
    endloop
  endfacet
  facet normal -0.000000e+00 -1.000000e+00 0.000000e+00
    outer loop
      vertex   2.329580e+01 -1.250000e+00 -4.424145e+01
      vertex   -2.381088e+01 -1.250000e+00 -4.396637e+01
      vertex   -2.277753e+01 -1.250000e+00 -4.451049e+01
    endloop
  endfacet
  facet normal 0.000000e+00 -1.000000e+00 0.000000e+00
    outer loop
      vertex   2.329580e+01 -1.250000e+00 -4.424145e+01
      vertex   -2.277753e+01 -1.250000e+00 -4.451049e+01
      vertex   2.225616e+01 -1.250000e+00 -4.477346e+01
    endloop
  endfacet
  facet normal -0.000000e+00 -1.000000e+00 0.000000e+00
    outer loop
      vertex   2.225616e+01 -1.250000e+00 -4.477346e+01
      vertex   -2.277753e+01 -1.250000e+00 -4.451049e+01
      vertex   -2.173176e+01 -1.250000e+00 -4.503033e+01
    endloop
  endfacet
  facet normal 0.000000e+00 -1.000000e+00 0.000000e+00
    outer loop
      vertex   2.225616e+01 -1.250000e+00 -4.477346e+01
      vertex   -2.173176e+01 -1.250000e+00 -4.503033e+01
      vertex   2.120439e+01 -1.250000e+00 -4.528105e+01
    endloop
  endfacet
  facet normal -0.000000e+00 -1.000000e+00 0.000000e+00
    outer loop
      vertex   2.120439e+01 -1.250000e+00 -4.528105e+01
      vertex   -2.173176e+01 -1.250000e+00 -4.503033e+01
      vertex   -2.067413e+01 -1.250000e+00 -4.552560e+01
    endloop
  endfacet
  facet normal 0.000000e+00 -1.000000e+00 0.000000e+00
    outer loop
      vertex   2.120439e+01 -1.250000e+00 -4.528105e+01
      vertex   -2.067413e+01 -1.250000e+00 -4.552560e+01
      vertex   2.014105e+01 -1.250000e+00 -4.576394e+01
    endloop
  endfacet
  facet normal -0.000000e+00 -1.000000e+00 0.000000e+00
    outer loop
      vertex   2.014105e+01 -1.250000e+00 -4.576394e+01
      vertex   -2.067413e+01 -1.250000e+00 -4.552560e+01
      vertex   -1.960522e+01 -1.250000e+00 -4.599604e+01
    endloop
  endfacet
  facet normal 0.000000e+00 -1.000000e+00 0.000000e+00
    outer loop
      vertex   2.014105e+01 -1.250000e+00 -4.576394e+01
      vertex   -1.960522e+01 -1.250000e+00 -4.599604e+01
      vertex   1.906672e+01 -1.250000e+00 -4.622186e+01
    endloop
  endfacet
  facet normal -0.000000e+00 -1.000000e+00 0.000000e+00
    outer loop
      vertex   1.906672e+01 -1.250000e+00 -4.622186e+01
      vertex   -1.960522e+01 -1.250000e+00 -4.599604e+01
      vertex   -1.852561e+01 -1.250000e+00 -4.644138e+01
    endloop
  endfacet
  facet normal 0.000000e+00 -1.000000e+00 0.000000e+00
    outer loop
      vertex   1.906672e+01 -1.250000e+00 -4.622186e+01
      vertex   -1.852561e+01 -1.250000e+00 -4.644138e+01
      vertex   1.798198e+01 -1.250000e+00 -4.665456e+01
    endloop
  endfacet
  facet normal -0.000000e+00 -1.000000e+00 0.000000e+00
    outer loop
      vertex   1.798198e+01 -1.250000e+00 -4.665456e+01
      vertex   -1.852561e+01 -1.250000e+00 -4.644138e+01
      vertex   -1.743590e+01 -1.250000e+00 -4.686138e+01
    endloop
  endfacet
  facet normal 0.000000e+00 -1.000000e+00 0.000000e+00
    outer loop
      vertex   1.798198e+01 -1.250000e+00 -4.665456e+01
      vertex   -1.743590e+01 -1.250000e+00 -4.686138e+01
      vertex   -1.633668e+01 -1.250000e+00 -4.725583e+01
    endloop
  endfacet
  facet normal 0.000000e+00 -1.000000e+00 0.000000e+00
    outer loop
      vertex   -1.633668e+01 -1.250000e+00 -4.725583e+01
      vertex   -1.522854e+01 -1.250000e+00 -4.762449e+01
      vertex   1.798198e+01 -1.250000e+00 -4.665456e+01
    endloop
  endfacet
  facet normal 0.000000e+00 -1.000000e+00 0.000000e+00
    outer loop
      vertex   1.798198e+01 -1.250000e+00 -4.665456e+01
      vertex   -1.522854e+01 -1.250000e+00 -4.762449e+01
      vertex   -1.411209e+01 -1.250000e+00 -4.796716e+01
    endloop
  endfacet
  facet normal 0.000000e+00 -1.000000e+00 0.000000e+00
    outer loop
      vertex   1.798198e+01 -1.250000e+00 -4.665456e+01
      vertex   -1.411209e+01 -1.250000e+00 -4.796716e+01
      vertex   -1.298795e+01 -1.250000e+00 -4.828367e+01
    endloop
  endfacet
  facet normal 0.000000e+00 -1.000000e+00 0.000000e+00
    outer loop
      vertex   -1.298795e+01 -1.250000e+00 -4.828367e+01
      vertex   -1.185672e+01 -1.250000e+00 -4.857384e+01
      vertex   1.798198e+01 -1.250000e+00 -4.665456e+01
    endloop
  endfacet
  facet normal 0.000000e+00 -1.000000e+00 0.000000e+00
    outer loop
      vertex   1.798198e+01 -1.250000e+00 -4.665456e+01
      vertex   -1.185672e+01 -1.250000e+00 -4.857384e+01
      vertex   -1.071902e+01 -1.250000e+00 -4.883751e+01
    endloop
  endfacet
  facet normal 0.000000e+00 -1.000000e+00 0.000000e+00
    outer loop
      vertex   1.798198e+01 -1.250000e+00 -4.665456e+01
      vertex   -1.071902e+01 -1.250000e+00 -4.883751e+01
      vertex   -9.575477e+00 -1.250000e+00 -4.907454e+01
    endloop
  endfacet
  facet normal 0.000000e+00 -1.000000e+00 0.000000e+00
    outer loop
      vertex   -9.575477e+00 -1.250000e+00 -4.907454e+01
      vertex   -8.426707e+00 -1.250000e+00 -4.928479e+01
      vertex   1.798198e+01 -1.250000e+00 -4.665456e+01
    endloop
  endfacet
  facet normal 0.000000e+00 -1.000000e+00 0.000000e+00
    outer loop
      vertex   1.798198e+01 -1.250000e+00 -4.665456e+01
      vertex   -8.426707e+00 -1.250000e+00 -4.928479e+01
      vertex   -7.273341e+00 -1.250000e+00 -4.946816e+01
    endloop
  endfacet
  facet normal 0.000000e+00 -1.000000e+00 0.000000e+00
    outer loop
      vertex   1.798198e+01 -1.250000e+00 -4.665456e+01
      vertex   -7.273341e+00 -1.250000e+00 -4.946816e+01
      vertex   -6.116006e+00 -1.250000e+00 -4.962453e+01
    endloop
  endfacet
  facet normal 0.000000e+00 -1.000000e+00 0.000000e+00
    outer loop
      vertex   -6.116006e+00 -1.250000e+00 -4.962453e+01
      vertex   -4.955335e+00 -1.250000e+00 -4.975384e+01
      vertex   1.798198e+01 -1.250000e+00 -4.665456e+01
    endloop
  endfacet
  facet normal 0.000000e+00 -1.000000e+00 0.000000e+00
    outer loop
      vertex   1.798198e+01 -1.250000e+00 -4.665456e+01
      vertex   -4.955335e+00 -1.250000e+00 -4.975384e+01
      vertex   -3.791960e+00 -1.250000e+00 -4.985600e+01
    endloop
  endfacet
  facet normal 0.000000e+00 -1.000000e+00 0.000000e+00
    outer loop
      vertex   1.798198e+01 -1.250000e+00 -4.665456e+01
      vertex   -3.791960e+00 -1.250000e+00 -4.985600e+01
      vertex   -2.626517e+00 -1.250000e+00 -4.993097e+01
    endloop
  endfacet
  facet normal 0.000000e+00 -1.000000e+00 0.000000e+00
    outer loop
      vertex   -2.626517e+00 -1.250000e+00 -4.993097e+01
      vertex   -1.459640e+00 -1.250000e+00 -4.997869e+01
      vertex   1.798198e+01 -1.250000e+00 -4.665456e+01
    endloop
  endfacet
  facet normal 0.000000e+00 -1.000000e+00 0.000000e+00
    outer loop
      vertex   1.798198e+01 -1.250000e+00 -4.665456e+01
      vertex   -1.459640e+00 -1.250000e+00 -4.997869e+01
      vertex   -2.919679e-01 -1.250000e+00 -4.999915e+01
    endloop
  endfacet
  facet normal 0.000000e+00 -1.000000e+00 0.000000e+00
    outer loop
      vertex   1.798198e+01 -1.250000e+00 -4.665456e+01
      vertex   -2.919679e-01 -1.250000e+00 -4.999915e+01
      vertex   8.758639e-01 -1.250000e+00 -4.999233e+01
    endloop
  endfacet
  facet normal 0.000000e+00 -1.000000e+00 0.000000e+00
    outer loop
      vertex   8.758639e-01 -1.250000e+00 -4.999233e+01
      vertex   2.043218e+00 -1.250000e+00 -4.995824e+01
      vertex   1.798198e+01 -1.250000e+00 -4.665456e+01
    endloop
  endfacet
  facet normal 0.000000e+00 -1.000000e+00 0.000000e+00
    outer loop
      vertex   1.798198e+01 -1.250000e+00 -4.665456e+01
      vertex   2.043218e+00 -1.250000e+00 -4.995824e+01
      vertex   3.209457e+00 -1.250000e+00 -4.989689e+01
    endloop
  endfacet
  facet normal 0.000000e+00 -1.000000e+00 0.000000e+00
    outer loop
      vertex   1.798198e+01 -1.250000e+00 -4.665456e+01
      vertex   3.209457e+00 -1.250000e+00 -4.989689e+01
      vertex   4.373946e+00 -1.250000e+00 -4.980832e+01
    endloop
  endfacet
  facet normal 0.000000e+00 -1.000000e+00 0.000000e+00
    outer loop
      vertex   4.373946e+00 -1.250000e+00 -4.980832e+01
      vertex   5.536048e+00 -1.250000e+00 -4.969258e+01
      vertex   1.798198e+01 -1.250000e+00 -4.665456e+01
    endloop
  endfacet
  facet normal 0.000000e+00 -1.000000e+00 0.000000e+00
    outer loop
      vertex   1.798198e+01 -1.250000e+00 -4.665456e+01
      vertex   5.536048e+00 -1.250000e+00 -4.969258e+01
      vertex   6.695130e+00 -1.250000e+00 -4.954972e+01
    endloop
  endfacet
  facet normal 0.000000e+00 -1.000000e+00 0.000000e+00
    outer loop
      vertex   1.798198e+01 -1.250000e+00 -4.665456e+01
      vertex   6.695130e+00 -1.250000e+00 -4.954972e+01
      vertex   7.850559e+00 -1.250000e+00 -4.937984e+01
    endloop
  endfacet
  facet normal 0.000000e+00 -1.000000e+00 0.000000e+00
    outer loop
      vertex   7.850559e+00 -1.250000e+00 -4.937984e+01
      vertex   9.001706e+00 -1.250000e+00 -4.918302e+01
      vertex   1.798198e+01 -1.250000e+00 -4.665456e+01
    endloop
  endfacet
  facet normal 0.000000e+00 -1.000000e+00 0.000000e+00
    outer loop
      vertex   1.798198e+01 -1.250000e+00 -4.665456e+01
      vertex   9.001706e+00 -1.250000e+00 -4.918302e+01
      vertex   1.014794e+01 -1.250000e+00 -4.895936e+01
    endloop
  endfacet
  facet normal 0.000000e+00 -1.000000e+00 0.000000e+00
    outer loop
      vertex   1.798198e+01 -1.250000e+00 -4.665456e+01
      vertex   1.014794e+01 -1.250000e+00 -4.895936e+01
      vertex   1.128864e+01 -1.250000e+00 -4.870900e+01
    endloop
  endfacet
  facet normal 0.000000e+00 -1.000000e+00 0.000000e+00
    outer loop
      vertex   1.128864e+01 -1.250000e+00 -4.870900e+01
      vertex   1.242318e+01 -1.250000e+00 -4.843206e+01
      vertex   1.798198e+01 -1.250000e+00 -4.665456e+01
    endloop
  endfacet
  facet normal 0.000000e+00 -1.000000e+00 0.000000e+00
    outer loop
      vertex   1.798198e+01 -1.250000e+00 -4.665456e+01
      vertex   1.242318e+01 -1.250000e+00 -4.843206e+01
      vertex   1.355095e+01 -1.250000e+00 -4.812870e+01
    endloop
  endfacet
  facet normal 0.000000e+00 -1.000000e+00 0.000000e+00
    outer loop
      vertex   1.798198e+01 -1.250000e+00 -4.665456e+01
      vertex   1.355095e+01 -1.250000e+00 -4.812870e+01
      vertex   1.467132e+01 -1.250000e+00 -4.779908e+01
    endloop
  endfacet
  facet normal 0.000000e+00 -1.000000e+00 0.000000e+00
    outer loop
      vertex   1.467132e+01 -1.250000e+00 -4.779908e+01
      vertex   1.578368e+01 -1.250000e+00 -4.744339e+01
      vertex   1.798198e+01 -1.250000e+00 -4.665456e+01
    endloop
  endfacet
  facet normal 0.000000e+00 -1.000000e+00 0.000000e+00
    outer loop
      vertex   1.798198e+01 -1.250000e+00 -4.665456e+01
      vertex   1.578368e+01 -1.250000e+00 -4.744339e+01
      vertex   1.688744e+01 -1.250000e+00 -4.706181e+01
    endloop
  endfacet
  facet normal -9.999318e-01 2.593152e-16 1.167852e-02
    outer loop
      vertex   -4.998636e+01 -1.250000e+00 1.167772e+00
      vertex   -4.998636e+01 -2.500000e-01 1.167772e+00
      vertex   -5.000000e+01 -1.250000e+00 6.123234e-15
    endloop
  endfacet
  facet normal -9.999318e-01 0.000000e+00 1.167852e-02
    outer loop
      vertex   -5.000000e+01 -1.250000e+00 6.123234e-15
      vertex   -4.998636e+01 -2.500000e-01 1.167772e+00
      vertex   -5.000000e+01 -2.500000e-01 6.123234e-15
    endloop
  endfacet
  facet normal -9.999318e-01 0.000000e+00 -1.167852e-02
    outer loop
      vertex   -5.000000e+01 -1.250000e+00 6.123234e-15
      vertex   -5.000000e+01 -2.500000e-01 6.123234e-15
      vertex   -4.998636e+01 -1.250000e+00 -1.167772e+00
    endloop
  endfacet
  facet normal -9.999318e-01 -2.593152e-16 -1.167852e-02
    outer loop
      vertex   -4.998636e+01 -1.250000e+00 -1.167772e+00
      vertex   -5.000000e+01 -2.500000e-01 6.123234e-15
      vertex   -4.998636e+01 -2.500000e-01 -1.167772e+00
    endloop
  endfacet
  facet normal -9.993863e-01 -7.778041e-16 -3.502918e-02
    outer loop
      vertex   -4.998636e+01 -1.250000e+00 -1.167772e+00
      vertex   -4.998636e+01 -2.500000e-01 -1.167772e+00
      vertex   -4.994545e+01 -1.250000e+00 -2.334907e+00
    endloop
  endfacet
  facet normal -9.993863e-01 6.323263e-15 -3.502918e-02
    outer loop
      vertex   -4.994545e+01 -1.250000e+00 -2.334907e+00
      vertex   -4.998636e+01 -2.500000e-01 -1.167772e+00
      vertex   -4.994545e+01 -2.500000e-01 -2.334907e+00
    endloop
  endfacet
  facet normal -9.982956e-01 5.797448e-15 -5.836074e-02
    outer loop
      vertex   -4.994545e+01 -1.250000e+00 -2.334907e+00
      vertex   -4.994545e+01 -2.500000e-01 -2.334907e+00
      vertex   -4.987730e+01 -1.250000e+00 -3.500768e+00
    endloop
  endfacet
  facet normal -9.982956e-01 0.000000e+00 -5.836074e-02
    outer loop
      vertex   -4.987730e+01 -1.250000e+00 -3.500768e+00
      vertex   -4.994545e+01 -2.500000e-01 -2.334907e+00
      vertex   -4.987730e+01 -2.500000e-01 -3.500768e+00
    endloop
  endfacet
  facet normal -9.966602e-01 0.000000e+00 -8.166045e-02
    outer loop
      vertex   -4.987730e+01 -1.250000e+00 -3.500768e+00
      vertex   -4.987730e+01 -2.500000e-01 -3.500768e+00
      vertex   -4.978193e+01 -1.250000e+00 -4.664720e+00
    endloop
  endfacet
  facet normal -9.966602e-01 -1.740697e-15 -8.166045e-02
    outer loop
      vertex   -4.978193e+01 -1.250000e+00 -4.664720e+00
      vertex   -4.987730e+01 -2.500000e-01 -3.500768e+00
      vertex   -4.978193e+01 -2.500000e-01 -4.664720e+00
    endloop
  endfacet
  facet normal -9.944811e-01 -2.236411e-15 -1.049156e-01
    outer loop
      vertex   -4.978193e+01 -1.250000e+00 -4.664720e+00
      vertex   -4.978193e+01 -2.500000e-01 -4.664720e+00
      vertex   -4.965940e+01 -1.250000e+00 -5.826126e+00
    endloop
  endfacet
  facet normal -9.944811e-01 -2.422778e-15 -1.049156e-01
    outer loop
      vertex   -4.965940e+01 -1.250000e+00 -5.826126e+00
      vertex   -4.978193e+01 -2.500000e-01 -4.664720e+00
      vertex   -4.965940e+01 -2.500000e-01 -5.826126e+00
    endloop
  endfacet
  facet normal -9.917595e-01 -2.958480e-15 -1.281135e-01
    outer loop
      vertex   -4.965940e+01 -1.250000e+00 -5.826126e+00
      vertex   -4.965940e+01 -2.500000e-01 -5.826126e+00
      vertex   -4.950978e+01 -1.250000e+00 -6.984354e+00
    endloop
  endfacet
  facet normal -9.917595e-01 0.000000e+00 -1.281135e-01
    outer loop
      vertex   -4.950978e+01 -1.250000e+00 -6.984354e+00
      vertex   -4.965940e+01 -2.500000e-01 -5.826126e+00
      vertex   -4.950978e+01 -2.500000e-01 -6.984354e+00
    endloop
  endfacet
  facet normal -9.884968e-01 0.000000e+00 -1.512416e-01
    outer loop
      vertex   -4.950978e+01 -1.250000e+00 -6.984354e+00
      vertex   -4.950978e+01 -2.500000e-01 -6.984354e+00
      vertex   -4.933316e+01 -1.250000e+00 -8.138772e+00
    endloop
  endfacet
  facet normal -9.884968e-01 0.000000e+00 -1.512416e-01
    outer loop
      vertex   -4.933316e+01 -1.250000e+00 -8.138772e+00
      vertex   -4.950978e+01 -2.500000e-01 -6.984354e+00
      vertex   -4.933316e+01 -2.500000e-01 -8.138772e+00
    endloop
  endfacet
  facet normal -9.846949e-01 0.000000e+00 -1.742871e-01
    outer loop
      vertex   -4.933316e+01 -1.250000e+00 -8.138772e+00
      vertex   -4.933316e+01 -2.500000e-01 -8.138772e+00
      vertex   -4.912962e+01 -1.250000e+00 -9.288750e+00
    endloop
  endfacet
  facet normal -9.846949e-01 -4.024749e-15 -1.742871e-01
    outer loop
      vertex   -4.912962e+01 -1.250000e+00 -9.288750e+00
      vertex   -4.933316e+01 -2.500000e-01 -8.138772e+00
      vertex   -4.912962e+01 -2.500000e-01 -9.288750e+00
    endloop
  endfacet
  facet normal -9.803557e-01 -4.554735e-15 -1.972375e-01
    outer loop
      vertex   -4.912962e+01 -1.250000e+00 -9.288750e+00
      vertex   -4.912962e+01 -2.500000e-01 -9.288750e+00
      vertex   -4.889927e+01 -1.250000e+00 -1.043366e+01
    endloop
  endfacet
  facet normal -9.803557e-01 0.000000e+00 -1.972375e-01
    outer loop
      vertex   -4.889927e+01 -1.250000e+00 -1.043366e+01
      vertex   -4.912962e+01 -2.500000e-01 -9.288750e+00
      vertex   -4.889927e+01 -2.500000e-01 -1.043366e+01
    endloop
  endfacet
  facet normal -9.754817e-01 0.000000e+00 -2.200804e-01
    outer loop
      vertex   -4.889927e+01 -1.250000e+00 -1.043366e+01
      vertex   -4.889927e+01 -2.500000e-01 -1.043366e+01
      vertex   -4.864225e+01 -1.250000e+00 -1.157288e+01
    endloop
  endfacet
  facet normal -9.754817e-01 0.000000e+00 -2.200804e-01
    outer loop
      vertex   -4.864225e+01 -1.250000e+00 -1.157288e+01
      vertex   -4.889927e+01 -2.500000e-01 -1.043366e+01
      vertex   -4.864225e+01 -2.500000e-01 -1.157288e+01
    endloop
  endfacet
  facet normal -9.700756e-01 0.000000e+00 -2.428032e-01
    outer loop
      vertex   -4.864225e+01 -1.250000e+00 -1.157288e+01
      vertex   -4.864225e+01 -2.500000e-01 -1.157288e+01
      vertex   -4.835869e+01 -1.250000e+00 -1.270578e+01
    endloop
  endfacet
  facet normal -9.700756e-01 9.041247e-15 -2.428032e-01
    outer loop
      vertex   -4.835869e+01 -1.250000e+00 -1.270578e+01
      vertex   -4.864225e+01 -2.500000e-01 -1.157288e+01
      vertex   -4.835869e+01 -2.500000e-01 -1.270578e+01
    endloop
  endfacet
  facet normal -9.641402e-01 8.515487e-15 -2.653935e-01
    outer loop
      vertex   -4.835869e+01 -1.250000e+00 -1.270578e+01
      vertex   -4.835869e+01 -2.500000e-01 -1.270578e+01
      vertex   -4.804875e+01 -1.250000e+00 -1.383176e+01
    endloop
  endfacet
  facet normal -9.641402e-01 0.000000e+00 -2.653935e-01
    outer loop
      vertex   -4.804875e+01 -1.250000e+00 -1.383176e+01
      vertex   -4.835869e+01 -2.500000e-01 -1.270578e+01
      vertex   -4.804875e+01 -2.500000e-01 -1.383176e+01
    endloop
  endfacet
  facet normal -9.576788e-01 0.000000e+00 -2.878390e-01
    outer loop
      vertex   -4.804875e+01 -1.250000e+00 -1.383176e+01
      vertex   -4.804875e+01 -2.500000e-01 -1.383176e+01
      vertex   -4.771260e+01 -1.250000e+00 -1.495018e+01
    endloop
  endfacet
  facet normal -9.576788e-01 0.000000e+00 -2.878390e-01
    outer loop
      vertex   -4.771260e+01 -1.250000e+00 -1.495018e+01
      vertex   -4.804875e+01 -2.500000e-01 -1.383176e+01
      vertex   -4.771260e+01 -2.500000e-01 -1.495018e+01
    endloop
  endfacet
  facet normal -9.506950e-01 0.000000e+00 -3.101275e-01
    outer loop
      vertex   -4.771260e+01 -1.250000e+00 -1.495018e+01
      vertex   -4.771260e+01 -2.500000e-01 -1.495018e+01
      vertex   -4.735042e+01 -1.250000e+00 -1.606045e+01
    endloop
  endfacet
  facet normal -9.506950e-01 -5.508971e-15 -3.101275e-01
    outer loop
      vertex   -4.735042e+01 -1.250000e+00 -1.606045e+01
      vertex   -4.771260e+01 -2.500000e-01 -1.495018e+01
      vertex   -4.735042e+01 -2.500000e-01 -1.606045e+01
    endloop
  endfacet
  facet normal -9.431925e-01 -5.901889e-15 -3.322468e-01
    outer loop
      vertex   -4.735042e+01 -1.250000e+00 -1.606045e+01
      vertex   -4.735042e+01 -2.500000e-01 -1.606045e+01
      vertex   -4.696240e+01 -1.250000e+00 -1.716196e+01
    endloop
  endfacet
  facet normal -9.431925e-01 0.000000e+00 -3.322468e-01
    outer loop
      vertex   -4.696240e+01 -1.250000e+00 -1.716196e+01
      vertex   -4.735042e+01 -2.500000e-01 -1.606045e+01
      vertex   -4.696240e+01 -2.500000e-01 -1.716196e+01
    endloop
  endfacet
  facet normal -9.351754e-01 0.000000e+00 -3.541849e-01
    outer loop
      vertex   -4.696240e+01 -1.250000e+00 -1.716196e+01
      vertex   -4.696240e+01 -2.500000e-01 -1.716196e+01
      vertex   -4.654877e+01 -1.250000e+00 -1.825411e+01
    endloop
  endfacet
  facet normal -9.351754e-01 0.000000e+00 -3.541849e-01
    outer loop
      vertex   -4.654877e+01 -1.250000e+00 -1.825411e+01
      vertex   -4.696240e+01 -2.500000e-01 -1.716196e+01
      vertex   -4.654877e+01 -2.500000e-01 -1.825411e+01
    endloop
  endfacet
  facet normal -9.266482e-01 0.000000e+00 -3.759297e-01
    outer loop
      vertex   -4.654877e+01 -1.250000e+00 -1.825411e+01
      vertex   -4.654877e+01 -2.500000e-01 -1.825411e+01
      vertex   -4.610973e+01 -1.250000e+00 -1.933630e+01
    endloop
  endfacet
  facet normal -9.266482e-01 5.155040e-15 -3.759297e-01
    outer loop
      vertex   -4.610973e+01 -1.250000e+00 -1.933630e+01
      vertex   -4.654877e+01 -2.500000e-01 -1.825411e+01
      vertex   -4.610973e+01 -2.500000e-01 -1.933630e+01
    endloop
  endfacet
  facet normal -9.176154e-01 4.567529e-15 -3.974694e-01
    outer loop
      vertex   -4.610973e+01 -1.250000e+00 -1.933630e+01
      vertex   -4.610973e+01 -2.500000e-01 -1.933630e+01
      vertex   -4.564555e+01 -1.250000e+00 -2.040793e+01
    endloop
  endfacet
  facet normal -9.176154e-01 0.000000e+00 -3.974694e-01
    outer loop
      vertex   -4.564555e+01 -1.250000e+00 -2.040793e+01
      vertex   -4.610973e+01 -2.500000e-01 -1.933630e+01
      vertex   -4.564555e+01 -2.500000e-01 -2.040793e+01
    endloop
  endfacet
  facet normal -9.080820e-01 0.000000e+00 -4.187923e-01
    outer loop
      vertex   -4.564555e+01 -1.250000e+00 -2.040793e+01
      vertex   -4.564555e+01 -2.500000e-01 -2.040793e+01
      vertex   -4.515646e+01 -1.250000e+00 -2.146844e+01
    endloop
  endfacet
  facet normal -9.080820e-01 0.000000e+00 -4.187923e-01
    outer loop
      vertex   -4.515646e+01 -1.250000e+00 -2.146844e+01
      vertex   -4.564555e+01 -2.500000e-01 -2.040793e+01
      vertex   -4.515646e+01 -2.500000e-01 -2.146844e+01
    endloop
  endfacet
  facet normal -8.980533e-01 0.000000e+00 -4.398867e-01
    outer loop
      vertex   -4.515646e+01 -1.250000e+00 -2.146844e+01
      vertex   -4.515646e+01 -2.500000e-01 -2.146844e+01
      vertex   -4.464274e+01 -1.250000e+00 -2.251723e+01
    endloop
  endfacet
  facet normal -8.980533e-01 8.203615e-15 -4.398867e-01
    outer loop
      vertex   -4.464274e+01 -1.250000e+00 -2.251723e+01
      vertex   -4.515646e+01 -2.500000e-01 -2.146844e+01
      vertex   -4.464274e+01 -2.500000e-01 -2.251723e+01
    endloop
  endfacet
  facet normal -8.875345e-01 7.460767e-15 -4.607412e-01
    outer loop
      vertex   -4.464274e+01 -1.250000e+00 -2.251723e+01
      vertex   -4.464274e+01 -2.500000e-01 -2.251723e+01
      vertex   -4.410466e+01 -1.250000e+00 -2.355374e+01
    endloop
  endfacet
  facet normal -8.875345e-01 0.000000e+00 -4.607412e-01
    outer loop
      vertex   -4.410466e+01 -1.250000e+00 -2.355374e+01
      vertex   -4.464274e+01 -2.500000e-01 -2.251723e+01
      vertex   -4.410466e+01 -2.500000e-01 -2.355374e+01
    endloop
  endfacet
  facet normal -8.765316e-01 0.000000e+00 -4.813443e-01
    outer loop
      vertex   -4.410466e+01 -1.250000e+00 -2.355374e+01
      vertex   -4.410466e+01 -2.500000e-01 -2.355374e+01
      vertex   -4.354252e+01 -1.250000e+00 -2.457740e+01
    endloop
  endfacet
  facet normal -8.765316e-01 0.000000e+00 -4.813443e-01
    outer loop
      vertex   -4.354252e+01 -1.250000e+00 -2.457740e+01
      vertex   -4.410466e+01 -2.500000e-01 -2.355374e+01
      vertex   -4.354252e+01 -2.500000e-01 -2.457740e+01
    endloop
  endfacet
  facet normal -8.650505e-01 0.000000e+00 -5.016847e-01
    outer loop
      vertex   -4.354252e+01 -1.250000e+00 -2.457740e+01
      vertex   -4.354252e+01 -2.500000e-01 -2.457740e+01
      vertex   -4.295663e+01 -1.250000e+00 -2.558765e+01
    endloop
  endfacet
  facet normal -8.650505e-01 -9.828152e-16 -5.016847e-01
    outer loop
      vertex   -4.295663e+01 -1.250000e+00 -2.558765e+01
      vertex   -4.354252e+01 -2.500000e-01 -2.457740e+01
      vertex   -4.295663e+01 -2.500000e-01 -2.558765e+01
    endloop
  endfacet
  facet normal -8.530975e-01 -1.352913e-15 -5.217515e-01
    outer loop
      vertex   -4.295663e+01 -1.250000e+00 -2.558765e+01
      vertex   -4.295663e+01 -2.500000e-01 -2.558765e+01
      vertex   -4.234730e+01 -1.250000e+00 -2.658394e+01
    endloop
  endfacet
  facet normal -8.530975e-01 0.000000e+00 -5.217515e-01
    outer loop
      vertex   -4.234730e+01 -1.250000e+00 -2.658394e+01
      vertex   -4.295663e+01 -2.500000e-01 -2.558765e+01
      vertex   -4.234730e+01 -2.500000e-01 -2.658394e+01
    endloop
  endfacet
  facet normal -8.406791e-01 0.000000e+00 -5.415337e-01
    outer loop
      vertex   -4.234730e+01 -1.250000e+00 -2.658394e+01
      vertex   -4.234730e+01 -2.500000e-01 -2.658394e+01
      vertex   -4.171487e+01 -1.250000e+00 -2.756573e+01
    endloop
  endfacet
  facet normal -8.406791e-01 0.000000e+00 -5.415337e-01
    outer loop
      vertex   -4.171487e+01 -1.250000e+00 -2.756573e+01
      vertex   -4.234730e+01 -2.500000e-01 -2.658394e+01
      vertex   -4.171487e+01 -2.500000e-01 -2.756573e+01
    endloop
  endfacet
  facet normal -8.278020e-01 0.000000e+00 -5.610204e-01
    outer loop
      vertex   -4.171487e+01 -1.250000e+00 -2.756573e+01
      vertex   -4.171487e+01 -2.500000e-01 -2.756573e+01
      vertex   -4.105968e+01 -1.250000e+00 -2.853248e+01
    endloop
  endfacet
  facet normal -8.278020e-01 -8.070127e-15 -5.610204e-01
    outer loop
      vertex   -4.105968e+01 -1.250000e+00 -2.853248e+01
      vertex   -4.171487e+01 -2.500000e-01 -2.756573e+01
      vertex   -4.105968e+01 -2.500000e-01 -2.853248e+01
    endloop
  endfacet
  facet normal -8.144733e-01 -8.641836e-15 -5.802010e-01
    outer loop
      vertex   -4.105968e+01 -1.250000e+00 -2.853248e+01
      vertex   -4.105968e+01 -2.500000e-01 -2.853248e+01
      vertex   -4.038209e+01 -1.250000e+00 -2.948367e+01
    endloop
  endfacet
  facet normal -8.144733e-01 4.993814e-15 -5.802010e-01
    outer loop
      vertex   -4.038209e+01 -1.250000e+00 -2.948367e+01
      vertex   -4.105968e+01 -2.500000e-01 -2.853248e+01
      vertex   -4.038209e+01 -2.500000e-01 -2.948367e+01
    endloop
  endfacet
  facet normal -8.007003e-01 4.298111e-15 -5.990652e-01
    outer loop
      vertex   -4.038209e+01 -1.250000e+00 -2.948367e+01
      vertex   -4.038209e+01 -2.500000e-01 -2.948367e+01
      vertex   -3.968247e+01 -1.250000e+00 -3.041876e+01
    endloop
  endfacet
  facet normal -8.007003e-01 0.000000e+00 -5.990652e-01
    outer loop
      vertex   -3.968247e+01 -1.250000e+00 -3.041876e+01
      vertex   -4.038209e+01 -2.500000e-01 -2.948367e+01
      vertex   -3.968247e+01 -2.500000e-01 -3.041876e+01
    endloop
  endfacet
  facet normal -7.864904e-01 0.000000e+00 -6.176025e-01
    outer loop
      vertex   -3.968247e+01 -1.250000e+00 -3.041876e+01
      vertex   -3.968247e+01 -2.500000e-01 -3.041876e+01
      vertex   -3.896121e+01 -1.250000e+00 -3.133727e+01
    endloop
  endfacet
  facet normal -7.864904e-01 0.000000e+00 -6.176025e-01
    outer loop
      vertex   -3.896121e+01 -1.250000e+00 -3.133727e+01
      vertex   -3.968247e+01 -2.500000e-01 -3.041876e+01
      vertex   -3.896121e+01 -2.500000e-01 -3.133727e+01
    endloop
  endfacet
  facet normal -7.718515e-01 0.000000e+00 -6.358028e-01
    outer loop
      vertex   -3.896121e+01 -1.250000e+00 -3.133727e+01
      vertex   -3.896121e+01 -2.500000e-01 -3.133727e+01
      vertex   -3.821868e+01 -1.250000e+00 -3.223868e+01
    endloop
  endfacet
  facet normal -7.718515e-01 -2.584283e-15 -6.358028e-01
    outer loop
      vertex   -3.821868e+01 -1.250000e+00 -3.223868e+01
      vertex   -3.896121e+01 -2.500000e-01 -3.133727e+01
      vertex   -3.821868e+01 -2.500000e-01 -3.223868e+01
    endloop
  endfacet
  facet normal -7.567915e-01 -3.178868e-15 -6.536563e-01
    outer loop
      vertex   -3.821868e+01 -1.250000e+00 -3.223868e+01
      vertex   -3.821868e+01 -2.500000e-01 -3.223868e+01
      vertex   -3.745531e+01 -1.250000e+00 -3.312250e+01
    endloop
  endfacet
  facet normal -7.567915e-01 0.000000e+00 -6.536563e-01
    outer loop
      vertex   -3.745531e+01 -1.250000e+00 -3.312250e+01
      vertex   -3.821868e+01 -2.500000e-01 -3.223868e+01
      vertex   -3.745531e+01 -2.500000e-01 -3.312250e+01
    endloop
  endfacet
  facet normal -7.413187e-01 0.000000e+00 -6.711532e-01
    outer loop
      vertex   -3.745531e+01 -1.250000e+00 -3.312250e+01
      vertex   -3.745531e+01 -2.500000e-01 -3.312250e+01
      vertex   -3.667150e+01 -1.250000e+00 -3.398825e+01
    endloop
  endfacet
  facet normal -7.413187e-01 0.000000e+00 -6.711532e-01
    outer loop
      vertex   -3.667150e+01 -1.250000e+00 -3.398825e+01
      vertex   -3.745531e+01 -2.500000e-01 -3.312250e+01
      vertex   -3.667150e+01 -2.500000e-01 -3.398825e+01
    endloop
  endfacet
  facet normal -7.254414e-01 0.000000e+00 -6.882840e-01
    outer loop
      vertex   -3.667150e+01 -1.250000e+00 -3.398825e+01
      vertex   -3.667150e+01 -2.500000e-01 -3.398825e+01
      vertex   -3.586769e+01 -1.250000e+00 -3.483546e+01
    endloop
  endfacet
  facet normal -7.254414e-01 5.280382e-16 -6.882840e-01
    outer loop
      vertex   -3.586769e+01 -1.250000e+00 -3.483546e+01
      vertex   -3.667150e+01 -2.500000e-01 -3.398825e+01
      vertex   -3.586769e+01 -2.500000e-01 -3.483546e+01
    endloop
  endfacet
  facet normal -7.091683e-01 5.867758e-17 -7.050392e-01
    outer loop
      vertex   -3.586769e+01 -1.250000e+00 -3.483546e+01
      vertex   -3.586769e+01 -2.500000e-01 -3.483546e+01
      vertex   -3.504431e+01 -1.250000e+00 -3.566366e+01
    endloop
  endfacet
  facet normal -7.091683e-01 0.000000e+00 -7.050392e-01
    outer loop
      vertex   -3.504431e+01 -1.250000e+00 -3.566366e+01
      vertex   -3.586769e+01 -2.500000e-01 -3.483546e+01
      vertex   -3.504431e+01 -2.500000e-01 -3.566366e+01
    endloop
  endfacet
  facet normal -6.925084e-01 0.000000e+00 -7.214099e-01
    outer loop
      vertex   -3.504431e+01 -1.250000e+00 -3.566366e+01
      vertex   -3.504431e+01 -2.500000e-01 -3.566366e+01
      vertex   -3.420181e+01 -1.250000e+00 -3.647241e+01
    endloop
  endfacet
  facet normal -6.925084e-01 0.000000e+00 -7.214099e-01
    outer loop
      vertex   -3.420181e+01 -1.250000e+00 -3.647241e+01
      vertex   -3.504431e+01 -2.500000e-01 -3.566366e+01
      vertex   -3.420181e+01 -2.500000e-01 -3.647241e+01
    endloop
  endfacet
  facet normal -6.754706e-01 0.000000e+00 -7.373869e-01
    outer loop
      vertex   -3.420181e+01 -1.250000e+00 -3.647241e+01
      vertex   -3.420181e+01 -2.500000e-01 -3.647241e+01
      vertex   -3.334065e+01 -1.250000e+00 -3.726126e+01
    endloop
  endfacet
  facet normal -6.754706e-01 -6.119333e-15 -7.373869e-01
    outer loop
      vertex   -3.334065e+01 -1.250000e+00 -3.726126e+01
      vertex   -3.420181e+01 -2.500000e-01 -3.647241e+01
      vertex   -3.334065e+01 -2.500000e-01 -3.726126e+01
    endloop
  endfacet
  facet normal -6.580644e-01 -6.698687e-15 -7.529617e-01
    outer loop
      vertex   -3.334065e+01 -1.250000e+00 -3.726126e+01
      vertex   -3.334065e+01 -2.500000e-01 -3.726126e+01
      vertex   -3.246130e+01 -1.250000e+00 -3.802978e+01
    endloop
  endfacet
  facet normal -6.580644e-01 0.000000e+00 -7.529617e-01
    outer loop
      vertex   -3.246130e+01 -1.250000e+00 -3.802978e+01
      vertex   -3.334065e+01 -2.500000e-01 -3.726126e+01
      vertex   -3.246130e+01 -2.500000e-01 -3.802978e+01
    endloop
  endfacet
  facet normal -6.402991e-01 0.000000e+00 -7.681257e-01
    outer loop
      vertex   -3.246130e+01 -1.250000e+00 -3.802978e+01
      vertex   -3.246130e+01 -2.500000e-01 -3.802978e+01
      vertex   -3.156424e+01 -1.250000e+00 -3.877755e+01
    endloop
  endfacet
  facet normal -6.402991e-01 0.000000e+00 -7.681257e-01
    outer loop
      vertex   -3.156424e+01 -1.250000e+00 -3.877755e+01
      vertex   -3.246130e+01 -2.500000e-01 -3.802978e+01
      vertex   -3.156424e+01 -2.500000e-01 -3.877755e+01
    endloop
  endfacet
  facet normal -6.221845e-01 0.000000e+00 -7.828706e-01
    outer loop
      vertex   -3.156424e+01 -1.250000e+00 -3.877755e+01
      vertex   -3.156424e+01 -2.500000e-01 -3.877755e+01
      vertex   -3.064997e+01 -1.250000e+00 -3.950417e+01
    endloop
  endfacet
  facet normal -6.221845e-01 -5.635674e-15 -7.828706e-01
    outer loop
      vertex   -3.064997e+01 -1.250000e+00 -3.950417e+01
      vertex   -3.156424e+01 -2.500000e-01 -3.877755e+01
      vertex   -3.064997e+01 -2.500000e-01 -3.950417e+01
    endloop
  endfacet
  facet normal -6.037305e-01 -6.268686e-15 -7.971885e-01
    outer loop
      vertex   -3.064997e+01 -1.250000e+00 -3.950417e+01
      vertex   -3.064997e+01 -2.500000e-01 -3.950417e+01
      vertex   -2.971897e+01 -1.250000e+00 -4.020924e+01
    endloop
  endfacet
  facet normal -6.037305e-01 0.000000e+00 -7.971885e-01
    outer loop
      vertex   -2.971897e+01 -1.250000e+00 -4.020924e+01
      vertex   -3.064997e+01 -2.500000e-01 -3.950417e+01
      vertex   -2.971897e+01 -2.500000e-01 -4.020924e+01
    endloop
  endfacet
  facet normal -5.849472e-01 0.000000e+00 -8.110714e-01
    outer loop
      vertex   -2.971897e+01 -1.250000e+00 -4.020924e+01
      vertex   -2.971897e+01 -2.500000e-01 -4.020924e+01
      vertex   -2.877176e+01 -1.250000e+00 -4.089237e+01
    endloop
  endfacet
  facet normal -5.849472e-01 0.000000e+00 -8.110714e-01
    outer loop
      vertex   -2.877176e+01 -1.250000e+00 -4.089237e+01
      vertex   -2.971897e+01 -2.500000e-01 -4.020924e+01
      vertex   -2.877176e+01 -2.500000e-01 -4.089237e+01
    endloop
  endfacet
  facet normal -5.658447e-01 0.000000e+00 -8.245119e-01
    outer loop
      vertex   -2.877176e+01 -1.250000e+00 -4.089237e+01
      vertex   -2.877176e+01 -2.500000e-01 -4.089237e+01
      vertex   -2.780885e+01 -1.250000e+00 -4.155319e+01
    endloop
  endfacet
  facet normal -5.658447e-01 -7.524107e-15 -8.245119e-01
    outer loop
      vertex   -2.780885e+01 -1.250000e+00 -4.155319e+01
      vertex   -2.877176e+01 -2.500000e-01 -4.089237e+01
      vertex   -2.780885e+01 -2.500000e-01 -4.155319e+01
    endloop
  endfacet
  facet normal -5.464335e-01 -8.145831e-15 -8.375025e-01
    outer loop
      vertex   -2.780885e+01 -1.250000e+00 -4.155319e+01
      vertex   -2.780885e+01 -2.500000e-01 -4.155319e+01
      vertex   -2.683077e+01 -1.250000e+00 -4.219135e+01
    endloop
  endfacet
  facet normal -5.464335e-01 0.000000e+00 -8.375025e-01
    outer loop
      vertex   -2.683077e+01 -1.250000e+00 -4.219135e+01
      vertex   -2.780885e+01 -2.500000e-01 -4.155319e+01
      vertex   -2.683077e+01 -2.500000e-01 -4.219135e+01
    endloop
  endfacet
  facet normal -5.267242e-01 0.000000e+00 -8.500363e-01
    outer loop
      vertex   -2.683077e+01 -1.250000e+00 -4.219135e+01
      vertex   -2.683077e+01 -2.500000e-01 -4.219135e+01
      vertex   -2.583805e+01 -1.250000e+00 -4.280648e+01
    endloop
  endfacet
  facet normal -5.267242e-01 0.000000e+00 -8.500363e-01
    outer loop
      vertex   -2.583805e+01 -1.250000e+00 -4.280648e+01
      vertex   -2.683077e+01 -2.500000e-01 -4.219135e+01
      vertex   -2.583805e+01 -2.500000e-01 -4.280648e+01
    endloop
  endfacet
  facet normal -5.067275e-01 0.000000e+00 -8.621063e-01
    outer loop
      vertex   -2.583805e+01 -1.250000e+00 -4.280648e+01
      vertex   -2.583805e+01 -2.500000e-01 -4.280648e+01
      vertex   -2.483124e+01 -1.250000e+00 -4.339827e+01
    endloop
  endfacet
  facet normal -5.067275e-01 -1.449720e-15 -8.621063e-01
    outer loop
      vertex   -2.483124e+01 -1.250000e+00 -4.339827e+01
      vertex   -2.583805e+01 -2.500000e-01 -4.280648e+01
      vertex   -2.483124e+01 -2.500000e-01 -4.339827e+01
    endloop
  endfacet
  facet normal -4.864544e-01 -2.046708e-15 -8.737060e-01
    outer loop
      vertex   -2.483124e+01 -1.250000e+00 -4.339827e+01
      vertex   -2.483124e+01 -2.500000e-01 -4.339827e+01
      vertex   -2.381088e+01 -1.250000e+00 -4.396637e+01
    endloop
  endfacet
  facet normal -4.864544e-01 0.000000e+00 -8.737060e-01
    outer loop
      vertex   -2.381088e+01 -1.250000e+00 -4.396637e+01
      vertex   -2.483124e+01 -2.500000e-01 -4.339827e+01
      vertex   -2.381088e+01 -2.500000e-01 -4.396637e+01
    endloop
  endfacet
  facet normal -4.659159e-01 0.000000e+00 -8.848290e-01
    outer loop
      vertex   -2.381088e+01 -1.250000e+00 -4.396637e+01
      vertex   -2.381088e+01 -2.500000e-01 -4.396637e+01
      vertex   -2.277753e+01 -1.250000e+00 -4.451049e+01
    endloop
  endfacet
  facet normal -4.659159e-01 0.000000e+00 -8.848290e-01
    outer loop
      vertex   -2.277753e+01 -1.250000e+00 -4.451049e+01
      vertex   -2.381088e+01 -2.500000e-01 -4.396637e+01
      vertex   -2.277753e+01 -2.500000e-01 -4.451049e+01
    endloop
  endfacet
  facet normal -4.451233e-01 0.000000e+00 -8.954693e-01
    outer loop
      vertex   -2.277753e+01 -1.250000e+00 -4.451049e+01
      vertex   -2.277753e+01 -2.500000e-01 -4.451049e+01
      vertex   -2.173176e+01 -1.250000e+00 -4.503033e+01
    endloop
  endfacet
  facet normal -4.451233e-01 -3.710971e-17 -8.954693e-01
    outer loop
      vertex   -2.173176e+01 -1.250000e+00 -4.503033e+01
      vertex   -2.277753e+01 -2.500000e-01 -4.451049e+01
      vertex   -2.173176e+01 -2.500000e-01 -4.503033e+01
    endloop
  endfacet
  facet normal -4.240878e-01 -4.081749e-16 -9.056211e-01
    outer loop
      vertex   -2.173176e+01 -1.250000e+00 -4.503033e+01
      vertex   -2.173176e+01 -2.500000e-01 -4.503033e+01
      vertex   -2.067413e+01 -1.250000e+00 -4.552560e+01
    endloop
  endfacet
  facet normal -4.240878e-01 8.349662e-15 -9.056211e-01
    outer loop
      vertex   -2.067413e+01 -1.250000e+00 -4.552560e+01
      vertex   -2.173176e+01 -2.500000e-01 -4.503033e+01
      vertex   -2.067413e+01 -2.500000e-01 -4.552560e+01
    endloop
  endfacet
  facet normal -4.028209e-01 8.713572e-15 -9.152788e-01
    outer loop
      vertex   -2.067413e+01 -1.250000e+00 -4.552560e+01
      vertex   -2.067413e+01 -2.500000e-01 -4.552560e+01
      vertex   -1.960522e+01 -1.250000e+00 -4.599604e+01
    endloop
  endfacet
  facet normal -4.028209e-01 0.000000e+00 -9.152788e-01
    outer loop
      vertex   -1.960522e+01 -1.250000e+00 -4.599604e+01
      vertex   -2.067413e+01 -2.500000e-01 -4.552560e+01
      vertex   -1.960522e+01 -2.500000e-01 -4.599604e+01
    endloop
  endfacet
  facet normal -3.813343e-01 0.000000e+00 -9.244372e-01
    outer loop
      vertex   -1.960522e+01 -1.250000e+00 -4.599604e+01
      vertex   -1.960522e+01 -2.500000e-01 -4.599604e+01
      vertex   -1.852561e+01 -1.250000e+00 -4.644138e+01
    endloop
  endfacet
  facet normal -3.813343e-01 4.064315e-15 -9.244372e-01
    outer loop
      vertex   -1.852561e+01 -1.250000e+00 -4.644138e+01
      vertex   -1.960522e+01 -2.500000e-01 -4.599604e+01
      vertex   -1.852561e+01 -2.500000e-01 -4.644138e+01
    endloop
  endfacet
  facet normal -3.596396e-01 3.833090e-15 -9.330913e-01
    outer loop
      vertex   -1.852561e+01 -1.250000e+00 -4.644138e+01
      vertex   -1.852561e+01 -2.500000e-01 -4.644138e+01
      vertex   -1.743590e+01 -1.250000e+00 -4.686138e+01
    endloop
  endfacet
  facet normal -3.596396e-01 4.869258e-15 -9.330913e-01
    outer loop
      vertex   -1.743590e+01 -1.250000e+00 -4.686138e+01
      vertex   -1.852561e+01 -2.500000e-01 -4.644138e+01
      vertex   -1.743590e+01 -2.500000e-01 -4.686138e+01
    endloop
  endfacet
  facet normal -3.377488e-01 4.111436e-15 -9.412363e-01
    outer loop
      vertex   -1.743590e+01 -1.250000e+00 -4.686138e+01
      vertex   -1.743590e+01 -2.500000e-01 -4.686138e+01
      vertex   -1.633668e+01 -1.250000e+00 -4.725583e+01
    endloop
  endfacet
  facet normal -3.377488e-01 0.000000e+00 -9.412363e-01
    outer loop
      vertex   -1.633668e+01 -1.250000e+00 -4.725583e+01
      vertex   -1.743590e+01 -2.500000e-01 -4.686138e+01
      vertex   -1.633668e+01 -2.500000e-01 -4.725583e+01
    endloop
  endfacet
  facet normal -3.156737e-01 0.000000e+00 -9.488678e-01
    outer loop
      vertex   -1.633668e+01 -1.250000e+00 -4.725583e+01
      vertex   -1.633668e+01 -2.500000e-01 -4.725583e+01
      vertex   -1.522854e+01 -1.250000e+00 -4.762449e+01
    endloop
  endfacet
  facet normal -3.156737e-01 3.364494e-15 -9.488678e-01
    outer loop
      vertex   -1.522854e+01 -1.250000e+00 -4.762449e+01
      vertex   -1.633668e+01 -2.500000e-01 -4.725583e+01
      vertex   -1.522854e+01 -2.500000e-01 -4.762449e+01
    endloop
  endfacet
  facet normal -2.934263e-01 3.127379e-15 -9.559817e-01
    outer loop
      vertex   -1.522854e+01 -1.250000e+00 -4.762449e+01
      vertex   -1.522854e+01 -2.500000e-01 -4.762449e+01
      vertex   -1.411209e+01 -1.250000e+00 -4.796716e+01
    endloop
  endfacet
  facet normal -2.934263e-01 -5.379001e-16 -9.559817e-01
    outer loop
      vertex   -1.411209e+01 -1.250000e+00 -4.796716e+01
      vertex   -1.522854e+01 -2.500000e-01 -4.762449e+01
      vertex   -1.411209e+01 -2.500000e-01 -4.796716e+01
    endloop
  endfacet
  facet normal -2.710189e-01 -1.062384e-15 -9.625740e-01
    outer loop
      vertex   -1.411209e+01 -1.250000e+00 -4.796716e+01
      vertex   -1.411209e+01 -2.500000e-01 -4.796716e+01
      vertex   -1.298795e+01 -1.250000e+00 -4.828367e+01
    endloop
  endfacet
  facet normal -2.710189e-01 0.000000e+00 -9.625740e-01
    outer loop
      vertex   -1.298795e+01 -1.250000e+00 -4.828367e+01
      vertex   -1.411209e+01 -2.500000e-01 -4.796716e+01
      vertex   -1.298795e+01 -2.500000e-01 -4.828367e+01
    endloop
  endfacet
  facet normal -2.484636e-01 0.000000e+00 -9.686412e-01
    outer loop
      vertex   -1.298795e+01 -1.250000e+00 -4.828367e+01
      vertex   -1.298795e+01 -2.500000e-01 -4.828367e+01
      vertex   -1.185672e+01 -1.250000e+00 -4.857384e+01
    endloop
  endfacet
  facet normal -2.484636e-01 3.089521e-15 -9.686412e-01
    outer loop
      vertex   -1.185672e+01 -1.250000e+00 -4.857384e+01
      vertex   -1.298795e+01 -2.500000e-01 -4.828367e+01
      vertex   -1.185672e+01 -2.500000e-01 -4.857384e+01
    endloop
  endfacet
  facet normal -2.257728e-01 2.807372e-15 -9.741800e-01
    outer loop
      vertex   -1.185672e+01 -1.250000e+00 -4.857384e+01
      vertex   -1.185672e+01 -2.500000e-01 -4.857384e+01
      vertex   -1.071902e+01 -1.250000e+00 -4.883751e+01
    endloop
  endfacet
  facet normal -2.257728e-01 4.812637e-15 -9.741800e-01
    outer loop
      vertex   -1.071902e+01 -1.250000e+00 -4.883751e+01
      vertex   -1.185672e+01 -2.500000e-01 -4.857384e+01
      vertex   -1.071902e+01 -2.500000e-01 -4.883751e+01
    endloop
  endfacet
  facet normal -2.029588e-01 4.326328e-15 -9.791873e-01
    outer loop
      vertex   -1.071902e+01 -1.250000e+00 -4.883751e+01
      vertex   -1.071902e+01 -2.500000e-01 -4.883751e+01
      vertex   -9.575477e+00 -1.250000e+00 -4.907454e+01
    endloop
  endfacet
  facet normal -2.029588e-01 0.000000e+00 -9.791873e-01
    outer loop
      vertex   -9.575477e+00 -1.250000e+00 -4.907454e+01
      vertex   -1.071902e+01 -2.500000e-01 -4.883751e+01
      vertex   -9.575477e+00 -2.500000e-01 -4.907454e+01
    endloop
  endfacet
  facet normal -1.800341e-01 0.000000e+00 -9.836604e-01
    outer loop
      vertex   -9.575477e+00 -1.250000e+00 -4.907454e+01
      vertex   -9.575477e+00 -2.500000e-01 -4.907454e+01
      vertex   -8.426707e+00 -1.250000e+00 -4.928479e+01
    endloop
  endfacet
  facet normal -1.800341e-01 -1.205983e-14 -9.836604e-01
    outer loop
      vertex   -8.426707e+00 -1.250000e+00 -4.928479e+01
      vertex   -9.575477e+00 -2.500000e-01 -4.907454e+01
      vertex   -8.426707e+00 -2.500000e-01 -4.928479e+01
    endloop
  endfacet
  facet normal -1.570112e-01 -1.236115e-14 -9.875968e-01
    outer loop
      vertex   -8.426707e+00 -1.250000e+00 -4.928479e+01
      vertex   -8.426707e+00 -2.500000e-01 -4.928479e+01
      vertex   -7.273341e+00 -1.250000e+00 -4.946816e+01
    endloop
  endfacet
  facet normal -1.570112e-01 3.486349e-15 -9.875968e-01
    outer loop
      vertex   -7.273341e+00 -1.250000e+00 -4.946816e+01
      vertex   -8.426707e+00 -2.500000e-01 -4.928479e+01
      vertex   -7.273341e+00 -2.500000e-01 -4.946816e+01
    endloop
  endfacet
  facet normal -1.339026e-01 2.973235e-15 -9.909945e-01
    outer loop
      vertex   -7.273341e+00 -1.250000e+00 -4.946816e+01
      vertex   -7.273341e+00 -2.500000e-01 -4.946816e+01
      vertex   -6.116006e+00 -1.250000e+00 -4.962453e+01
    endloop
  endfacet
  facet normal -1.339026e-01 -1.427153e-15 -9.909945e-01
    outer loop
      vertex   -6.116006e+00 -1.250000e+00 -4.962453e+01
      vertex   -7.273341e+00 -2.500000e-01 -4.946816e+01
      vertex   -6.116006e+00 -2.500000e-01 -4.962453e+01
    endloop
  endfacet
  facet normal -1.107210e-01 -1.180080e-15 -9.938515e-01
    outer loop
      vertex   -6.116006e+00 -1.250000e+00 -4.962453e+01
      vertex   -6.116006e+00 -2.500000e-01 -4.962453e+01
      vertex   -4.955335e+00 -1.250000e+00 -4.975384e+01
    endloop
  endfacet
  facet normal -1.107210e-01 1.180080e-15 -9.938515e-01
    outer loop
      vertex   -4.955335e+00 -1.250000e+00 -4.975384e+01
      vertex   -6.116006e+00 -2.500000e-01 -4.962453e+01
      vertex   -4.955335e+00 -2.500000e-01 -4.975384e+01
    endloop
  endfacet
  facet normal -8.747891e-02 9.323626e-16 -9.961664e-01
    outer loop
      vertex   -4.955335e+00 -1.250000e+00 -4.975384e+01
      vertex   -4.955335e+00 -2.500000e-01 -4.975384e+01
      vertex   -3.791960e+00 -1.250000e+00 -4.985600e+01
    endloop
  endfacet
  facet normal -8.747891e-02 1.942422e-15 -9.961664e-01
    outer loop
      vertex   -3.791960e+00 -1.250000e+00 -4.985600e+01
      vertex   -4.955335e+00 -2.500000e-01 -4.975384e+01
      vertex   -3.791960e+00 -2.500000e-01 -4.985600e+01
    endloop
  endfacet
  facet normal -6.418915e-02 1.425285e-15 -9.979378e-01
    outer loop
      vertex   -3.791960e+00 -1.250000e+00 -4.985600e+01
      vertex   -3.791960e+00 -2.500000e-01 -4.985600e+01
      vertex   -2.626517e+00 -1.250000e+00 -4.993097e+01
    endloop
  endfacet
  facet normal -6.418915e-02 -7.126427e-16 -9.979378e-01
    outer loop
      vertex   -2.626517e+00 -1.250000e+00 -4.993097e+01
      vertex   -3.791960e+00 -2.500000e-01 -4.985600e+01
      vertex   -2.626517e+00 -2.500000e-01 -4.993097e+01
    endloop
  endfacet
  facet normal -4.086436e-02 -4.536855e-16 -9.991647e-01
    outer loop
      vertex   -2.626517e+00 -1.250000e+00 -4.993097e+01
      vertex   -2.626517e+00 -2.500000e-01 -4.993097e+01
      vertex   -1.459640e+00 -1.250000e+00 -4.997869e+01
    endloop
  endfacet
  facet normal -4.086436e-02 4.536855e-16 -9.991647e-01
    outer loop
      vertex   -1.459640e+00 -1.250000e+00 -4.997869e+01
      vertex   -2.626517e+00 -2.500000e-01 -4.993097e+01
      vertex   -1.459640e+00 -2.500000e-01 -4.997869e+01
    endloop
  endfacet
  facet normal -1.751728e-02 1.944809e-16 -9.998466e-01
    outer loop
      vertex   -1.459640e+00 -1.250000e+00 -4.997869e+01
      vertex   -1.459640e+00 -2.500000e-01 -4.997869e+01
      vertex   -2.919679e-01 -1.250000e+00 -4.999915e+01
    endloop
  endfacet
  facet normal -1.751728e-02 3.889617e-16 -9.998466e-01
    outer loop
      vertex   -2.919679e-01 -1.250000e+00 -4.999915e+01
      vertex   -1.459640e+00 -2.500000e-01 -4.997869e+01
      vertex   -2.919679e-01 -2.500000e-01 -4.999915e+01
    endloop
  endfacet
  facet normal 5.839358e-03 -1.296598e-16 -9.999830e-01
    outer loop
      vertex   -2.919679e-01 -1.250000e+00 -4.999915e+01
      vertex   -2.919679e-01 -2.500000e-01 -4.999915e+01
      vertex   8.758639e-01 -1.250000e+00 -4.999233e+01
    endloop
  endfacet
  facet normal 5.839358e-03 6.482990e-17 -9.999830e-01
    outer loop
      vertex   8.758639e-01 -1.250000e+00 -4.999233e+01
      vertex   -2.919679e-01 -2.500000e-01 -4.999915e+01
      vertex   8.758639e-01 -2.500000e-01 -4.999233e+01
    endloop
  endfacet
  facet normal 2.919281e-02 3.241053e-16 -9.995738e-01
    outer loop
      vertex   8.758639e-01 -1.250000e+00 -4.999233e+01
      vertex   8.758639e-01 -2.500000e-01 -4.999233e+01
      vertex   2.043218e+00 -1.250000e+00 -4.995824e+01
    endloop
  endfacet
  facet normal 2.919281e-02 0.000000e+00 -9.995738e-01
    outer loop
      vertex   2.043218e+00 -1.250000e+00 -4.995824e+01
      vertex   8.758639e-01 -2.500000e-01 -4.999233e+01
      vertex   2.043218e+00 -2.500000e-01 -4.995824e+01
    endloop
  endfacet
  facet normal 5.253033e-02 0.000000e+00 -9.986193e-01
    outer loop
      vertex   2.043218e+00 -1.250000e+00 -4.995824e+01
      vertex   2.043218e+00 -2.500000e-01 -4.995824e+01
      vertex   3.209457e+00 -1.250000e+00 -4.989689e+01
    endloop
  endfacet
  facet normal 5.253033e-02 -1.166408e-15 -9.986193e-01
    outer loop
      vertex   3.209457e+00 -1.250000e+00 -4.989689e+01
      vertex   2.043218e+00 -2.500000e-01 -4.995824e+01
      vertex   3.209457e+00 -2.500000e-01 -4.989689e+01
    endloop
  endfacet
  facet normal 7.583920e-02 -1.683969e-15 -9.971201e-01
    outer loop
      vertex   3.209457e+00 -1.250000e+00 -4.989689e+01
      vertex   3.209457e+00 -2.500000e-01 -4.989689e+01
      vertex   4.373946e+00 -1.250000e+00 -4.980832e+01
    endloop
  endfacet
  facet normal 7.583920e-02 8.756637e-16 -9.971201e-01
    outer loop
      vertex   4.373946e+00 -1.250000e+00 -4.980832e+01
      vertex   3.209457e+00 -2.500000e-01 -4.989689e+01
      vertex   4.373946e+00 -2.500000e-01 -4.980832e+01
    endloop
  endfacet
  facet normal 9.910670e-02 1.144318e-15 -9.950768e-01
    outer loop
      vertex   4.373946e+00 -1.250000e+00 -4.980832e+01
      vertex   4.373946e+00 -2.500000e-01 -4.980832e+01
      vertex   5.536048e+00 -1.250000e+00 -4.969258e+01
    endloop
  endfacet
  facet normal 9.910670e-02 0.000000e+00 -9.950768e-01
    outer loop
      vertex   5.536048e+00 -1.250000e+00 -4.969258e+01
      vertex   4.373946e+00 -2.500000e-01 -4.980832e+01
      vertex   5.536048e+00 -2.500000e-01 -4.969258e+01
    endloop
  endfacet
  facet normal 1.223201e-01 0.000000e+00 -9.924907e-01
    outer loop
      vertex   5.536048e+00 -1.250000e+00 -4.969258e+01
      vertex   5.536048e+00 -2.500000e-01 -4.969258e+01
      vertex   6.695130e+00 -1.250000e+00 -4.954972e+01
    endloop
  endfacet
  facet normal 1.223201e-01 -2.716052e-15 -9.924907e-01
    outer loop
      vertex   6.695130e+00 -1.250000e+00 -4.954972e+01
      vertex   5.536048e+00 -2.500000e-01 -4.969258e+01
      vertex   6.695130e+00 -2.500000e-01 -4.954972e+01
    endloop
  endfacet
  facet normal 1.454668e-01 -3.230012e-15 -9.893631e-01
    outer loop
      vertex   6.695130e+00 -1.250000e+00 -4.954972e+01
      vertex   6.695130e+00 -2.500000e-01 -4.954972e+01
      vertex   7.850559e+00 -1.250000e+00 -4.937984e+01
    endloop
  endfacet
  facet normal 1.454668e-01 -1.238009e-14 -9.893631e-01
    outer loop
      vertex   7.850559e+00 -1.250000e+00 -4.937984e+01
      vertex   6.695130e+00 -2.500000e-01 -4.954972e+01
      vertex   7.850559e+00 -2.500000e-01 -4.937984e+01
    endloop
  endfacet
  facet normal 1.685341e-01 -1.206163e-14 -9.856958e-01
    outer loop
      vertex   7.850559e+00 -1.250000e+00 -4.937984e+01
      vertex   7.850559e+00 -2.500000e-01 -4.937984e+01
      vertex   9.001706e+00 -1.250000e+00 -4.918302e+01
    endloop
  endfacet
  facet normal 1.685341e-01 0.000000e+00 -9.856958e-01
    outer loop
      vertex   9.001706e+00 -1.250000e+00 -4.918302e+01
      vertex   7.850559e+00 -2.500000e-01 -4.937984e+01
      vertex   9.001706e+00 -2.500000e-01 -4.918302e+01
    endloop
  endfacet
  facet normal 1.915095e-01 0.000000e+00 -9.814908e-01
    outer loop
      vertex   9.001706e+00 -1.250000e+00 -4.918302e+01
      vertex   9.001706e+00 -2.500000e-01 -4.918302e+01
      vertex   1.014794e+01 -1.250000e+00 -4.895936e+01
    endloop
  endfacet
  facet normal 1.915095e-01 -1.700946e-15 -9.814908e-01
    outer loop
      vertex   1.014794e+01 -1.250000e+00 -4.895936e+01
      vertex   9.001706e+00 -2.500000e-01 -4.918302e+01
      vertex   1.014794e+01 -2.500000e-01 -4.895936e+01
    endloop
  endfacet
  facet normal 2.143804e-01 -1.904081e-15 -9.767502e-01
    outer loop
      vertex   1.014794e+01 -1.250000e+00 -4.895936e+01
      vertex   1.014794e+01 -2.500000e-01 -4.895936e+01
      vertex   1.128864e+01 -1.250000e+00 -4.870900e+01
    endloop
  endfacet
  facet normal 2.143804e-01 -2.952795e-16 -9.767502e-01
    outer loop
      vertex   1.128864e+01 -1.250000e+00 -4.870900e+01
      vertex   1.014794e+01 -2.500000e-01 -4.895936e+01
      vertex   1.128864e+01 -2.500000e-01 -4.870900e+01
    endloop
  endfacet
  facet normal 2.371344e-01 -1.100713e-15 -9.714769e-01
    outer loop
      vertex   1.128864e+01 -1.250000e+00 -4.870900e+01
      vertex   1.128864e+01 -2.500000e-01 -4.870900e+01
      vertex   1.242318e+01 -1.250000e+00 -4.843206e+01
    endloop
  endfacet
  facet normal 2.371344e-01 0.000000e+00 -9.714769e-01
    outer loop
      vertex   1.242318e+01 -1.250000e+00 -4.843206e+01
      vertex   1.128864e+01 -2.500000e-01 -4.870900e+01
      vertex   1.242318e+01 -2.500000e-01 -4.843206e+01
    endloop
  endfacet
  facet normal 2.597590e-01 0.000000e+00 -9.656735e-01
    outer loop
      vertex   1.242318e+01 -1.250000e+00 -4.843206e+01
      vertex   1.242318e+01 -2.500000e-01 -4.843206e+01
      vertex   1.355095e+01 -1.250000e+00 -4.812870e+01
    endloop
  endfacet
  facet normal 2.597590e-01 -3.229973e-15 -9.656735e-01
    outer loop
      vertex   1.355095e+01 -1.250000e+00 -4.812870e+01
      vertex   1.242318e+01 -2.500000e-01 -4.843206e+01
      vertex   1.355095e+01 -2.500000e-01 -4.812870e+01
    endloop
  endfacet
  facet normal 2.822419e-01 -3.509536e-15 -9.593433e-01
    outer loop
      vertex   1.355095e+01 -1.250000e+00 -4.812870e+01
      vertex   1.355095e+01 -2.500000e-01 -4.812870e+01
      vertex   1.467132e+01 -1.250000e+00 -4.779908e+01
    endloop
  endfacet
  facet normal 2.822419e-01 -5.514985e-15 -9.593433e-01
    outer loop
      vertex   1.467132e+01 -1.250000e+00 -4.779908e+01
      vertex   1.355095e+01 -2.500000e-01 -4.812870e+01
      vertex   1.467132e+01 -2.500000e-01 -4.779908e+01
    endloop
  endfacet
  facet normal 3.045708e-01 -5.951290e-15 -9.524897e-01
    outer loop
      vertex   1.467132e+01 -1.250000e+00 -4.779908e+01
      vertex   1.467132e+01 -2.500000e-01 -4.779908e+01
      vertex   1.578368e+01 -1.250000e+00 -4.744339e+01
    endloop
  endfacet
  facet normal 3.045708e-01 0.000000e+00 -9.524897e-01
    outer loop
      vertex   1.578368e+01 -1.250000e+00 -4.744339e+01
      vertex   1.467132e+01 -2.500000e-01 -4.779908e+01
      vertex   1.578368e+01 -2.500000e-01 -4.744339e+01
    endloop
  endfacet
  facet normal 3.267335e-01 0.000000e+00 -9.451165e-01
    outer loop
      vertex   1.578368e+01 -1.250000e+00 -4.744339e+01
      vertex   1.578368e+01 -2.500000e-01 -4.744339e+01
      vertex   1.688744e+01 -1.250000e+00 -4.706181e+01
    endloop
  endfacet
  facet normal 3.267335e-01 3.233085e-15 -9.451165e-01
    outer loop
      vertex   1.688744e+01 -1.250000e+00 -4.706181e+01
      vertex   1.578368e+01 -2.500000e-01 -4.744339e+01
      vertex   1.688744e+01 -2.500000e-01 -4.706181e+01
    endloop
  endfacet
  facet normal 3.487180e-01 2.942718e-15 -9.372277e-01
    outer loop
      vertex   1.688744e+01 -1.250000e+00 -4.706181e+01
      vertex   1.688744e+01 -2.500000e-01 -4.706181e+01
      vertex   1.798198e+01 -1.250000e+00 -4.665456e+01
    endloop
  endfacet
  facet normal 3.487180e-01 -7.739678e-16 -9.372277e-01
    outer loop
      vertex   1.798198e+01 -1.250000e+00 -4.665456e+01
      vertex   1.688744e+01 -2.500000e-01 -4.706181e+01
      vertex   1.798198e+01 -2.500000e-01 -4.665456e+01
    endloop
  endfacet
  facet normal 3.705122e-01 -1.298226e-15 -9.288276e-01
    outer loop
      vertex   1.798198e+01 -1.250000e+00 -4.665456e+01
      vertex   1.798198e+01 -2.500000e-01 -4.665456e+01
      vertex   1.906672e+01 -1.250000e+00 -4.622186e+01
    endloop
  endfacet
  facet normal 3.705122e-01 0.000000e+00 -9.288276e-01
    outer loop
      vertex   1.906672e+01 -1.250000e+00 -4.622186e+01
      vertex   1.798198e+01 -2.500000e-01 -4.665456e+01
      vertex   1.906672e+01 -2.500000e-01 -4.622186e+01
    endloop
  endfacet
  facet normal 3.921044e-01 0.000000e+00 -9.199207e-01
    outer loop
      vertex   1.906672e+01 -1.250000e+00 -4.622186e+01
      vertex   1.906672e+01 -2.500000e-01 -4.622186e+01
      vertex   2.014105e+01 -1.250000e+00 -4.576394e+01
    endloop
  endfacet
  facet normal 3.921044e-01 3.750361e-15 -9.199207e-01
    outer loop
      vertex   2.014105e+01 -1.250000e+00 -4.576394e+01
      vertex   1.906672e+01 -2.500000e-01 -4.622186e+01
      vertex   2.014105e+01 -2.500000e-01 -4.576394e+01
    endloop
  endfacet
  facet normal 4.134826e-01 3.531607e-15 -9.105120e-01
    outer loop
      vertex   2.014105e+01 -1.250000e+00 -4.576394e+01
      vertex   2.014105e+01 -2.500000e-01 -4.576394e+01
      vertex   2.120439e+01 -1.250000e+00 -4.528105e+01
    endloop
  endfacet
  facet normal 4.134826e-01 -8.813911e-15 -9.105120e-01
    outer loop
      vertex   2.120439e+01 -1.250000e+00 -4.528105e+01
      vertex   2.014105e+01 -2.500000e-01 -4.576394e+01
      vertex   2.120439e+01 -2.500000e-01 -4.528105e+01
    endloop
  endfacet
  facet normal 4.346352e-01 -9.264806e-15 -9.006066e-01
    outer loop
      vertex   2.120439e+01 -1.250000e+00 -4.528105e+01
      vertex   2.120439e+01 -2.500000e-01 -4.528105e+01
      vertex   2.225616e+01 -1.250000e+00 -4.477346e+01
    endloop
  endfacet
  facet normal 4.346352e-01 0.000000e+00 -9.006066e-01
    outer loop
      vertex   2.225616e+01 -1.250000e+00 -4.477346e+01
      vertex   2.120439e+01 -2.500000e-01 -4.528105e+01
      vertex   2.225616e+01 -2.500000e-01 -4.477346e+01
    endloop
  endfacet
  facet normal 4.555507e-01 0.000000e+00 -8.902098e-01
    outer loop
      vertex   2.225616e+01 -1.250000e+00 -4.477346e+01
      vertex   2.225616e+01 -2.500000e-01 -4.477346e+01
      vertex   2.329580e+01 -1.250000e+00 -4.424145e+01
    endloop
  endfacet
  facet normal 4.555507e-01 0.000000e+00 -8.902098e-01
    outer loop
      vertex   2.329580e+01 -1.250000e+00 -4.424145e+01
      vertex   2.225616e+01 -2.500000e-01 -4.477346e+01
      vertex   2.329580e+01 -2.500000e-01 -4.424145e+01
    endloop
  endfacet
  facet normal 4.762177e-01 0.000000e+00 -8.793274e-01
    outer loop
      vertex   2.329580e+01 -1.250000e+00 -4.424145e+01
      vertex   2.329580e+01 -2.500000e-01 -4.424145e+01
      vertex   2.432272e+01 -1.250000e+00 -4.368530e+01
    endloop
  endfacet
  facet normal 4.762177e-01 -5.595058e-15 -8.793274e-01
    outer loop
      vertex   2.432272e+01 -1.250000e+00 -4.368530e+01
      vertex   2.329580e+01 -2.500000e-01 -4.424145e+01
      vertex   2.432272e+01 -2.500000e-01 -4.368530e+01
    endloop
  endfacet
  facet normal 4.966248e-01 -6.183297e-15 -8.679653e-01
    outer loop
      vertex   2.432272e+01 -1.250000e+00 -4.368530e+01
      vertex   2.432272e+01 -2.500000e-01 -4.368530e+01
      vertex   2.533638e+01 -1.250000e+00 -4.310531e+01
    endloop
  endfacet
  facet normal 4.966248e-01 0.000000e+00 -8.679653e-01
    outer loop
      vertex   2.533638e+01 -1.250000e+00 -4.310531e+01
      vertex   2.432272e+01 -2.500000e-01 -4.368530e+01
      vertex   2.533638e+01 -2.500000e-01 -4.310531e+01
    endloop
  endfacet
  facet normal 5.167611e-01 0.000000e+00 -8.561296e-01
    outer loop
      vertex   2.533638e+01 -1.250000e+00 -4.310531e+01
      vertex   2.533638e+01 -2.500000e-01 -4.310531e+01
      vertex   2.633621e+01 -1.250000e+00 -4.250181e+01
    endloop
  endfacet
  facet normal 5.167611e-01 0.000000e+00 -8.561296e-01
    outer loop
      vertex   2.633621e+01 -1.250000e+00 -4.250181e+01
      vertex   2.533638e+01 -2.500000e-01 -4.310531e+01
      vertex   2.633621e+01 -2.500000e-01 -4.250181e+01
    endloop
  endfacet
  facet normal 5.366154e-01 0.000000e+00 -8.438269e-01
    outer loop
      vertex   2.633621e+01 -1.250000e+00 -4.250181e+01
      vertex   2.633621e+01 -2.500000e-01 -4.250181e+01
      vertex   2.732167e+01 -1.250000e+00 -4.187513e+01
    endloop
  endfacet
  facet normal 5.366154e-01 -1.353585e-15 -8.438269e-01
    outer loop
      vertex   2.732167e+01 -1.250000e+00 -4.187513e+01
      vertex   2.633621e+01 -2.500000e-01 -4.250181e+01
      vertex   2.732167e+01 -2.500000e-01 -4.187513e+01
    endloop
  endfacet
  facet normal 5.561770e-01 -2.021435e-15 -8.310639e-01
    outer loop
      vertex   2.732167e+01 -1.250000e+00 -4.187513e+01
      vertex   2.732167e+01 -2.500000e-01 -4.187513e+01
      vertex   2.829223e+01 -1.250000e+00 -4.122559e+01
    endloop
  endfacet
  facet normal 5.561770e-01 0.000000e+00 -8.310639e-01
    outer loop
      vertex   2.829223e+01 -1.250000e+00 -4.122559e+01
      vertex   2.732167e+01 -2.500000e-01 -4.187513e+01
      vertex   2.829223e+01 -2.500000e-01 -4.122559e+01
    endloop
  endfacet
  facet normal 5.754351e-01 0.000000e+00 -8.178474e-01
    outer loop
      vertex   2.829223e+01 -1.250000e+00 -4.122559e+01
      vertex   2.829223e+01 -2.500000e-01 -4.122559e+01
      vertex   2.924736e+01 -1.250000e+00 -4.055357e+01
    endloop
  endfacet
  facet normal 5.754351e-01 0.000000e+00 -8.178474e-01
    outer loop
      vertex   2.924736e+01 -1.250000e+00 -4.055357e+01
      vertex   2.829223e+01 -2.500000e-01 -4.122559e+01
      vertex   2.924736e+01 -2.500000e-01 -4.055357e+01
    endloop
  endfacet
  facet normal 5.943794e-01 0.000000e+00 -8.041848e-01
    outer loop
      vertex   2.924736e+01 -1.250000e+00 -4.055357e+01
      vertex   2.924736e+01 -2.500000e-01 -4.055357e+01
      vertex   3.018653e+01 -1.250000e+00 -3.985942e+01
    endloop
  endfacet
  facet normal 5.943794e-01 -4.844222e-15 -8.041848e-01
    outer loop
      vertex   3.018653e+01 -1.250000e+00 -3.985942e+01
      vertex   2.924736e+01 -2.500000e-01 -4.055357e+01
      vertex   3.018653e+01 -2.500000e-01 -3.985942e+01
    endloop
  endfacet
  facet normal 6.129993e-01 -5.275175e-15 -7.900834e-01
    outer loop
      vertex   3.018653e+01 -1.250000e+00 -3.985942e+01
      vertex   3.018653e+01 -2.500000e-01 -3.985942e+01
      vertex   3.110923e+01 -1.250000e+00 -3.914353e+01
    endloop
  endfacet
  facet normal 6.129993e-01 0.000000e+00 -7.900834e-01
    outer loop
      vertex   3.110923e+01 -1.250000e+00 -3.914353e+01
      vertex   3.018653e+01 -2.500000e-01 -3.985942e+01
      vertex   3.110923e+01 -2.500000e-01 -3.914353e+01
    endloop
  endfacet
  facet normal 6.312849e-01 0.000000e+00 -7.755510e-01
    outer loop
      vertex   3.110923e+01 -1.250000e+00 -3.914353e+01
      vertex   3.110923e+01 -2.500000e-01 -3.914353e+01
      vertex   3.201496e+01 -1.250000e+00 -3.840628e+01
    endloop
  endfacet
  facet normal 6.312849e-01 0.000000e+00 -7.755510e-01
    outer loop
      vertex   3.201496e+01 -1.250000e+00 -3.840628e+01
      vertex   3.110923e+01 -2.500000e-01 -3.914353e+01
      vertex   3.201496e+01 -2.500000e-01 -3.840628e+01
    endloop
  endfacet
  facet normal 6.492260e-01 0.000000e+00 -7.605956e-01
    outer loop
      vertex   3.201496e+01 -1.250000e+00 -3.840628e+01
      vertex   3.201496e+01 -2.500000e-01 -3.840628e+01
      vertex   3.290322e+01 -1.250000e+00 -3.764808e+01
    endloop
  endfacet
  facet normal 6.492260e-01 2.373985e-15 -7.605956e-01
    outer loop
      vertex   3.290322e+01 -1.250000e+00 -3.764808e+01
      vertex   3.201496e+01 -2.500000e-01 -3.840628e+01
      vertex   3.290322e+01 -2.500000e-01 -3.764808e+01
    endloop
  endfacet
  facet normal 6.668130e-01 1.671456e-15 -7.452251e-01
    outer loop
      vertex   3.290322e+01 -1.250000e+00 -3.764808e+01
      vertex   3.290322e+01 -2.500000e-01 -3.764808e+01
      vertex   3.377353e+01 -1.250000e+00 -3.686935e+01
    endloop
  endfacet
  facet normal 6.668130e-01 0.000000e+00 -7.452251e-01
    outer loop
      vertex   3.377353e+01 -1.250000e+00 -3.686935e+01
      vertex   3.290322e+01 -2.500000e-01 -3.764808e+01
      vertex   3.377353e+01 -2.500000e-01 -3.686935e+01
    endloop
  endfacet
  facet normal 6.840361e-01 0.000000e+00 -7.294481e-01
    outer loop
      vertex   3.377353e+01 -1.250000e+00 -3.686935e+01
      vertex   3.377353e+01 -2.500000e-01 -3.686935e+01
      vertex   3.462542e+01 -1.250000e+00 -3.607049e+01
    endloop
  endfacet
  facet normal 6.840361e-01 0.000000e+00 -7.294481e-01
    outer loop
      vertex   3.462542e+01 -1.250000e+00 -3.607049e+01
      vertex   3.377353e+01 -2.500000e-01 -3.686935e+01
      vertex   3.462542e+01 -2.500000e-01 -3.607049e+01
    endloop
  endfacet
  facet normal 7.008861e-01 0.000000e+00 -7.132732e-01
    outer loop
      vertex   3.462542e+01 -1.250000e+00 -3.607049e+01
      vertex   3.462542e+01 -2.500000e-01 -3.607049e+01
      vertex   3.545842e+01 -1.250000e+00 -3.525196e+01
    endloop
  endfacet
  facet normal 7.008861e-01 2.640461e-16 -7.132732e-01
    outer loop
      vertex   3.545842e+01 -1.250000e+00 -3.525196e+01
      vertex   3.462542e+01 -2.500000e-01 -3.607049e+01
      vertex   3.545842e+01 -2.500000e-01 -3.525196e+01
    endloop
  endfacet
  facet normal 7.173538e-01 -4.400668e-16 -6.967091e-01
    outer loop
      vertex   3.545842e+01 -1.250000e+00 -3.525196e+01
      vertex   3.545842e+01 -2.500000e-01 -3.525196e+01
      vertex   3.627207e+01 -1.250000e+00 -3.441420e+01
    endloop
  endfacet
  facet normal 7.173538e-01 0.000000e+00 -6.967091e-01
    outer loop
      vertex   3.627207e+01 -1.250000e+00 -3.441420e+01
      vertex   3.545842e+01 -2.500000e-01 -3.525196e+01
      vertex   3.627207e+01 -2.500000e-01 -3.441420e+01
    endloop
  endfacet
  facet normal 7.334300e-01 0.000000e+00 -6.797650e-01
    outer loop
      vertex   3.627207e+01 -1.250000e+00 -3.441420e+01
      vertex   3.627207e+01 -2.500000e-01 -3.441420e+01
      vertex   3.706593e+01 -1.250000e+00 -3.355766e+01
    endloop
  endfacet
  facet normal 7.334300e-01 0.000000e+00 -6.797650e-01
    outer loop
      vertex   3.706593e+01 -1.250000e+00 -3.355766e+01
      vertex   3.627207e+01 -2.500000e-01 -3.441420e+01
      vertex   3.706593e+01 -2.500000e-01 -3.355766e+01
    endloop
  endfacet
  facet normal 7.491062e-01 0.000000e+00 -6.624500e-01
    outer loop
      vertex   3.706593e+01 -1.250000e+00 -3.355766e+01
      vertex   3.706593e+01 -2.500000e-01 -3.355766e+01
      vertex   3.783958e+01 -1.250000e+00 -3.268282e+01
    endloop
  endfacet
  facet normal 7.491062e-01 4.091261e-15 -6.624500e-01
    outer loop
      vertex   3.783958e+01 -1.250000e+00 -3.268282e+01
      vertex   3.706593e+01 -2.500000e-01 -3.355766e+01
      vertex   3.783958e+01 -2.500000e-01 -3.268282e+01
    endloop
  endfacet
  facet normal 7.643736e-01 3.731582e-15 -6.447735e-01
    outer loop
      vertex   3.783958e+01 -1.250000e+00 -3.268282e+01
      vertex   3.783958e+01 -2.500000e-01 -3.268282e+01
      vertex   3.859258e+01 -1.250000e+00 -3.179014e+01
    endloop
  endfacet
  facet normal 7.643736e-01 0.000000e+00 -6.447735e-01
    outer loop
      vertex   3.859258e+01 -1.250000e+00 -3.179014e+01
      vertex   3.783958e+01 -2.500000e-01 -3.268282e+01
      vertex   3.859258e+01 -2.500000e-01 -3.179014e+01
    endloop
  endfacet
  facet normal 7.792241e-01 0.000000e+00 -6.267454e-01
    outer loop
      vertex   3.859258e+01 -1.250000e+00 -3.179014e+01
      vertex   3.859258e+01 -2.500000e-01 -3.179014e+01
      vertex   3.932452e+01 -1.250000e+00 -3.088012e+01
    endloop
  endfacet
  facet normal 7.792241e-01 0.000000e+00 -6.267454e-01
    outer loop
      vertex   3.932452e+01 -1.250000e+00 -3.088012e+01
      vertex   3.859258e+01 -2.500000e-01 -3.179014e+01
      vertex   3.932452e+01 -2.500000e-01 -3.088012e+01
    endloop
  endfacet
  facet normal 7.936495e-01 0.000000e+00 -6.083753e-01
    outer loop
      vertex   3.932452e+01 -1.250000e+00 -3.088012e+01
      vertex   3.932452e+01 -2.500000e-01 -3.088012e+01
      vertex   4.003501e+01 -1.250000e+00 -2.995326e+01
    endloop
  endfacet
  facet normal 7.936495e-01 -4.715212e-16 -6.083753e-01
    outer loop
      vertex   4.003501e+01 -1.250000e+00 -2.995326e+01
      vertex   3.932452e+01 -2.500000e-01 -3.088012e+01
      vertex   4.003501e+01 -2.500000e-01 -2.995326e+01
    endloop
  endfacet
  facet normal 8.076419e-01 -1.002579e-15 -5.896733e-01
    outer loop
      vertex   4.003501e+01 -1.250000e+00 -2.995326e+01
      vertex   4.003501e+01 -2.500000e-01 -2.995326e+01
      vertex   4.072366e+01 -1.250000e+00 -2.901005e+01
    endloop
  endfacet
  facet normal 8.076419e-01 0.000000e+00 -5.896733e-01
    outer loop
      vertex   4.072366e+01 -1.250000e+00 -2.901005e+01
      vertex   4.003501e+01 -2.500000e-01 -2.995326e+01
      vertex   4.072366e+01 -2.500000e-01 -2.901005e+01
    endloop
  endfacet
  facet normal 8.211936e-01 0.000000e+00 -5.706496e-01
    outer loop
      vertex   4.072366e+01 -1.250000e+00 -2.901005e+01
      vertex   4.072366e+01 -2.500000e-01 -2.901005e+01
      vertex   4.139010e+01 -1.250000e+00 -2.805102e+01
    endloop
  endfacet
  facet normal 8.211936e-01 0.000000e+00 -5.706496e-01
    outer loop
      vertex   4.139010e+01 -1.250000e+00 -2.805102e+01
      vertex   4.072366e+01 -2.500000e-01 -2.901005e+01
      vertex   4.139010e+01 -2.500000e-01 -2.805102e+01
    endloop
  endfacet
  facet normal 8.342974e-01 0.000000e+00 -5.513146e-01
    outer loop
      vertex   4.139010e+01 -1.250000e+00 -2.805102e+01
      vertex   4.139010e+01 -2.500000e-01 -2.805102e+01
      vertex   4.203395e+01 -1.250000e+00 -2.707668e+01
    endloop
  endfacet
  facet normal 8.342974e-01 0.000000e+00 -5.513146e-01
    outer loop
      vertex   4.203395e+01 -1.250000e+00 -2.707668e+01
      vertex   4.139010e+01 -2.500000e-01 -2.805102e+01
      vertex   4.203395e+01 -2.500000e-01 -2.707668e+01
    endloop
  endfacet
  facet normal 8.469460e-01 0.000000e+00 -5.316789e-01
    outer loop
      vertex   4.203395e+01 -1.250000e+00 -2.707668e+01
      vertex   4.203395e+01 -2.500000e-01 -2.707668e+01
      vertex   4.265487e+01 -1.250000e+00 -2.608758e+01
    endloop
  endfacet
  facet normal 8.469460e-01 0.000000e+00 -5.316789e-01
    outer loop
      vertex   4.265487e+01 -1.250000e+00 -2.608758e+01
      vertex   4.203395e+01 -2.500000e-01 -2.707668e+01
      vertex   4.265487e+01 -2.500000e-01 -2.608758e+01
    endloop
  endfacet
  facet normal 8.591326e-01 0.000000e+00 -5.117530e-01
    outer loop
      vertex   4.265487e+01 -1.250000e+00 -2.608758e+01
      vertex   4.265487e+01 -2.500000e-01 -2.608758e+01
      vertex   4.325253e+01 -1.250000e+00 -2.508424e+01
    endloop
  endfacet
  facet normal 8.591326e-01 4.804168e-15 -5.117530e-01
    outer loop
      vertex   4.325253e+01 -1.250000e+00 -2.508424e+01
      vertex   4.265487e+01 -2.500000e-01 -2.608758e+01
      vertex   4.325253e+01 -2.500000e-01 -2.508424e+01
    endloop
  endfacet
  facet normal 8.708505e-01 4.290211e-15 -4.915480e-01
    outer loop
      vertex   4.325253e+01 -1.250000e+00 -2.508424e+01
      vertex   4.325253e+01 -2.500000e-01 -2.508424e+01
      vertex   4.382658e+01 -1.250000e+00 -2.406721e+01
    endloop
  endfacet
  facet normal 8.708505e-01 0.000000e+00 -4.915480e-01
    outer loop
      vertex   4.382658e+01 -1.250000e+00 -2.406721e+01
      vertex   4.325253e+01 -2.500000e-01 -2.508424e+01
      vertex   4.382658e+01 -2.500000e-01 -2.406721e+01
    endloop
  endfacet
  facet normal 8.820932e-01 0.000000e+00 -4.710748e-01
    outer loop
      vertex   4.382658e+01 -1.250000e+00 -2.406721e+01
      vertex   4.382658e+01 -2.500000e-01 -2.406721e+01
      vertex   4.437673e+01 -1.250000e+00 -2.303706e+01
    endloop
  endfacet
  facet normal 8.820932e-01 0.000000e+00 -4.710748e-01
    outer loop
      vertex   4.437673e+01 -1.250000e+00 -2.303706e+01
      vertex   4.382658e+01 -2.500000e-01 -2.406721e+01
      vertex   4.437673e+01 -2.500000e-01 -2.303706e+01
    endloop
  endfacet
  facet normal 8.928548e-01 0.000000e+00 -4.503447e-01
    outer loop
      vertex   4.437673e+01 -1.250000e+00 -2.303706e+01
      vertex   4.437673e+01 -2.500000e-01 -2.303706e+01
      vertex   4.490266e+01 -1.250000e+00 -2.199434e+01
    endloop
  endfacet
  facet normal 8.928548e-01 1.655613e-15 -4.503447e-01
    outer loop
      vertex   4.490266e+01 -1.250000e+00 -2.199434e+01
      vertex   4.437673e+01 -2.500000e-01 -2.303706e+01
      vertex   4.490266e+01 -2.500000e-01 -2.199434e+01
    endloop
  endfacet
  facet normal 9.031292e-01 1.210003e-15 -4.293688e-01
    outer loop
      vertex   4.490266e+01 -1.250000e+00 -2.199434e+01
      vertex   4.490266e+01 -2.500000e-01 -2.199434e+01
      vertex   4.540410e+01 -1.250000e+00 -2.093962e+01
    endloop
  endfacet
  facet normal 9.031292e-01 0.000000e+00 -4.293688e-01
    outer loop
      vertex   4.540410e+01 -1.250000e+00 -2.093962e+01
      vertex   4.490266e+01 -2.500000e-01 -2.199434e+01
      vertex   4.540410e+01 -2.500000e-01 -2.093962e+01
    endloop
  endfacet
  facet normal 9.129110e-01 0.000000e+00 -4.081587e-01
    outer loop
      vertex   4.540410e+01 -1.250000e+00 -2.093962e+01
      vertex   4.540410e+01 -2.500000e-01 -2.093962e+01
      vertex   4.588077e+01 -1.250000e+00 -1.987347e+01
    endloop
  endfacet
  facet normal 9.129110e-01 0.000000e+00 -4.081587e-01
    outer loop
      vertex   4.588077e+01 -1.250000e+00 -1.987347e+01
      vertex   4.540410e+01 -2.500000e-01 -2.093962e+01
      vertex   4.588077e+01 -2.500000e-01 -1.987347e+01
    endloop
  endfacet
  facet normal 9.221947e-01 0.000000e+00 -3.867259e-01
    outer loop
      vertex   4.588077e+01 -1.250000e+00 -1.987347e+01
      vertex   4.588077e+01 -2.500000e-01 -1.987347e+01
      vertex   4.633241e+01 -1.250000e+00 -1.879648e+01
    endloop
  endfacet
  facet normal 9.221947e-01 -1.004028e-14 -3.867259e-01
    outer loop
      vertex   4.633241e+01 -1.250000e+00 -1.879648e+01
      vertex   4.588077e+01 -2.500000e-01 -1.987347e+01
      vertex   4.633241e+01 -2.500000e-01 -1.879648e+01
    endloop
  endfacet
  facet normal 9.309753e-01 -1.076571e-14 -3.650822e-01
    outer loop
      vertex   4.633241e+01 -1.250000e+00 -1.879648e+01
      vertex   4.633241e+01 -2.500000e-01 -1.879648e+01
      vertex   4.675877e+01 -1.250000e+00 -1.770924e+01
    endloop
  endfacet
  facet normal 9.309753e-01 0.000000e+00 -3.650822e-01
    outer loop
      vertex   4.675877e+01 -1.250000e+00 -1.770924e+01
      vertex   4.633241e+01 -2.500000e-01 -1.879648e+01
      vertex   4.675877e+01 -2.500000e-01 -1.770924e+01
    endloop
  endfacet
  facet normal 9.392480e-01 0.000000e+00 -3.432392e-01
    outer loop
      vertex   4.675877e+01 -1.250000e+00 -1.770924e+01
      vertex   4.675877e+01 -2.500000e-01 -1.770924e+01
      vertex   4.715962e+01 -1.250000e+00 -1.661234e+01
    endloop
  endfacet
  facet normal 9.392480e-01 0.000000e+00 -3.432392e-01
    outer loop
      vertex   4.715962e+01 -1.250000e+00 -1.661234e+01
      vertex   4.675877e+01 -2.500000e-01 -1.770924e+01
      vertex   4.715962e+01 -2.500000e-01 -1.661234e+01
    endloop
  endfacet
  facet normal 9.470083e-01 0.000000e+00 -3.212091e-01
    outer loop
      vertex   4.715962e+01 -1.250000e+00 -1.661234e+01
      vertex   4.715962e+01 -2.500000e-01 -1.661234e+01
      vertex   4.753475e+01 -1.250000e+00 -1.550638e+01
    endloop
  endfacet
  facet normal 9.470083e-01 6.846983e-15 -3.212091e-01
    outer loop
      vertex   4.753475e+01 -1.250000e+00 -1.550638e+01
      vertex   4.715962e+01 -2.500000e-01 -1.661234e+01
      vertex   4.753475e+01 -2.500000e-01 -1.550638e+01
    endloop
  endfacet
  facet normal 9.542520e-01 6.373646e-15 -2.990036e-01
    outer loop
      vertex   4.753475e+01 -1.250000e+00 -1.550638e+01
      vertex   4.753475e+01 -2.500000e-01 -1.550638e+01
      vertex   4.788394e+01 -1.250000e+00 -1.439195e+01
    endloop
  endfacet
  facet normal 9.542520e-01 0.000000e+00 -2.990036e-01
    outer loop
      vertex   4.788394e+01 -1.250000e+00 -1.439195e+01
      vertex   4.753475e+01 -2.500000e-01 -1.550638e+01
      vertex   4.788394e+01 -2.500000e-01 -1.439195e+01
    endloop
  endfacet
  facet normal 9.609750e-01 0.000000e+00 -2.766351e-01
    outer loop
      vertex   4.788394e+01 -1.250000e+00 -1.439195e+01
      vertex   4.788394e+01 -2.500000e-01 -1.439195e+01
      vertex   4.820701e+01 -1.250000e+00 -1.326967e+01
    endloop
  endfacet
  facet normal 9.609750e-01 4.914027e-15 -2.766351e-01
    outer loop
      vertex   4.820701e+01 -1.250000e+00 -1.326967e+01
      vertex   4.788394e+01 -2.500000e-01 -1.439195e+01
      vertex   4.820701e+01 -2.500000e-01 -1.326967e+01
    endloop
  endfacet
  facet normal 9.671738e-01 4.514001e-15 -2.541157e-01
    outer loop
      vertex   4.820701e+01 -1.250000e+00 -1.326967e+01
      vertex   4.820701e+01 -2.500000e-01 -1.326967e+01
      vertex   4.850378e+01 -1.250000e+00 -1.214016e+01
    endloop
  endfacet
  facet normal 9.671738e-01 0.000000e+00 -2.541157e-01
    outer loop
      vertex   4.850378e+01 -1.250000e+00 -1.214016e+01
      vertex   4.820701e+01 -2.500000e-01 -1.326967e+01
      vertex   4.850378e+01 -2.500000e-01 -1.214016e+01
    endloop
  endfacet
  facet normal 9.728450e-01 0.000000e+00 -2.314576e-01
    outer loop
      vertex   4.850378e+01 -1.250000e+00 -1.214016e+01
      vertex   4.850378e+01 -2.500000e-01 -1.214016e+01
      vertex   4.877409e+01 -1.250000e+00 -1.100402e+01
    endloop
  endfacet
  facet normal 9.728450e-01 0.000000e+00 -2.314576e-01
    outer loop
      vertex   4.877409e+01 -1.250000e+00 -1.100402e+01
      vertex   4.850378e+01 -2.500000e-01 -1.214016e+01
      vertex   4.877409e+01 -2.500000e-01 -1.100402e+01
    endloop
  endfacet
  facet normal 9.779854e-01 0.000000e+00 -2.086732e-01
    outer loop
      vertex   4.877409e+01 -1.250000e+00 -1.100402e+01
      vertex   4.877409e+01 -2.500000e-01 -1.100402e+01
      vertex   4.901779e+01 -1.250000e+00 -9.861877e+00
    endloop
  endfacet
  facet normal 9.779854e-01 4.448137e-15 -2.086732e-01
    outer loop
      vertex   4.901779e+01 -1.250000e+00 -9.861877e+00
      vertex   4.877409e+01 -2.500000e-01 -1.100402e+01
      vertex   4.901779e+01 -2.500000e-01 -9.861877e+00
    endloop
  endfacet
  facet normal 9.825923e-01 3.960032e-15 -1.857750e-01
    outer loop
      vertex   4.901779e+01 -1.250000e+00 -9.861877e+00
      vertex   4.901779e+01 -2.500000e-01 -9.861877e+00
      vertex   4.923474e+01 -1.250000e+00 -8.714355e+00
    endloop
  endfacet
  facet normal 9.825923e-01 0.000000e+00 -1.857750e-01
    outer loop
      vertex   4.923474e+01 -1.250000e+00 -8.714355e+00
      vertex   4.901779e+01 -2.500000e-01 -9.861877e+00
      vertex   4.923474e+01 -2.500000e-01 -8.714355e+00
    endloop
  endfacet
  facet normal 9.866631e-01 0.000000e+00 -1.627754e-01
    outer loop
      vertex   4.923474e+01 -1.250000e+00 -8.714355e+00
      vertex   4.923474e+01 -2.500000e-01 -8.714355e+00
      vertex   4.942484e+01 -1.250000e+00 -7.562079e+00
    endloop
  endfacet
  facet normal 9.866631e-01 0.000000e+00 -1.627754e-01
    outer loop
      vertex   4.942484e+01 -1.250000e+00 -7.562079e+00
      vertex   4.923474e+01 -2.500000e-01 -8.714355e+00
      vertex   4.942484e+01 -2.500000e-01 -7.562079e+00
    endloop
  endfacet
  facet normal 9.901957e-01 0.000000e+00 -1.396871e-01
    outer loop
      vertex   4.942484e+01 -1.250000e+00 -7.562079e+00
      vertex   4.942484e+01 -2.500000e-01 -7.562079e+00
      vertex   4.958798e+01 -1.250000e+00 -6.405677e+00
    endloop
  endfacet
  facet normal 9.901957e-01 3.225743e-15 -1.396871e-01
    outer loop
      vertex   4.958798e+01 -1.250000e+00 -6.405677e+00
      vertex   4.942484e+01 -2.500000e-01 -7.562079e+00
      vertex   4.958798e+01 -2.500000e-01 -6.405677e+00
    endloop
  endfacet
  facet normal 9.931880e-01 2.690813e-15 -1.165225e-01
    outer loop
      vertex   4.958798e+01 -1.250000e+00 -6.405677e+00
      vertex   4.958798e+01 -2.500000e-01 -6.405677e+00
      vertex   4.972406e+01 -1.250000e+00 -5.245781e+00
    endloop
  endfacet
  facet normal 9.931880e-01 0.000000e+00 -1.165225e-01
    outer loop
      vertex   4.972406e+01 -1.250000e+00 -5.245781e+00
      vertex   4.958798e+01 -2.500000e-01 -6.405677e+00
      vertex   4.972406e+01 -2.500000e-01 -5.245781e+00
    endloop
  endfacet
  facet normal 9.956386e-01 0.000000e+00 -9.329440e-02
    outer loop
      vertex   4.972406e+01 -1.250000e+00 -5.245781e+00
      vertex   4.972406e+01 -2.500000e-01 -5.245781e+00
      vertex   4.983301e+01 -1.250000e+00 -4.083023e+00
    endloop
  endfacet
  facet normal 9.956386e-01 0.000000e+00 -9.329440e-02
    outer loop
      vertex   4.983301e+01 -1.250000e+00 -4.083023e+00
      vertex   4.972406e+01 -2.500000e-01 -5.245781e+00
      vertex   4.983301e+01 -2.500000e-01 -4.083023e+00
    endloop
  endfacet
  facet normal 9.975459e-01 0.000000e+00 -7.001537e-02
    outer loop
      vertex   4.983301e+01 -1.250000e+00 -4.083023e+00
      vertex   4.983301e+01 -2.500000e-01 -4.083023e+00
      vertex   4.991478e+01 -1.250000e+00 -2.918037e+00
    endloop
  endfacet
  facet normal 9.975459e-01 1.554653e-15 -7.001537e-02
    outer loop
      vertex   4.991478e+01 -1.250000e+00 -2.918037e+00
      vertex   4.983301e+01 -2.500000e-01 -4.083023e+00
      vertex   4.991478e+01 -2.500000e-01 -2.918037e+00
    endloop
  endfacet
  facet normal 9.989090e-01 1.036907e-15 -4.669814e-02
    outer loop
      vertex   4.991478e+01 -1.250000e+00 -2.918037e+00
      vertex   4.991478e+01 -2.500000e-01 -2.918037e+00
      vertex   4.996931e+01 -1.250000e+00 -1.751459e+00
    endloop
  endfacet
  facet normal 9.989090e-01 0.000000e+00 -4.669814e-02
    outer loop
      vertex   4.996931e+01 -1.250000e+00 -1.751459e+00
      vertex   4.991478e+01 -2.500000e-01 -2.918037e+00
      vertex   4.996931e+01 -2.500000e-01 -1.751459e+00
    endloop
  endfacet
  facet normal 9.997272e-01 0.000000e+00 -2.335544e-02
    outer loop
      vertex   4.996931e+01 -1.250000e+00 -1.751459e+00
      vertex   4.996931e+01 -2.500000e-01 -1.751459e+00
      vertex   4.999659e+01 -1.250000e+00 -5.839259e-01
    endloop
  endfacet
  facet normal 9.997272e-01 0.000000e+00 -2.335544e-02
    outer loop
      vertex   4.999659e+01 -1.250000e+00 -5.839259e-01
      vertex   4.996931e+01 -2.500000e-01 -1.751459e+00
      vertex   4.999659e+01 -2.500000e-01 -5.839259e-01
    endloop
  endfacet
  facet normal 1.000000e+00 0.000000e+00 0.000000e+00
    outer loop
      vertex   4.999659e+01 -1.250000e+00 -5.839259e-01
      vertex   4.999659e+01 -2.500000e-01 -5.839259e-01
      vertex   4.999659e+01 -1.250000e+00 5.839259e-01
    endloop
  endfacet
  facet normal 1.000000e+00 -0.000000e+00 0.000000e+00
    outer loop
      vertex   4.999659e+01 -1.250000e+00 5.839259e-01
      vertex   4.999659e+01 -2.500000e-01 -5.839259e-01
      vertex   4.999659e+01 -2.500000e-01 5.839259e-01
    endloop
  endfacet
  facet normal 9.997272e-01 -0.000000e+00 2.335544e-02
    outer loop
      vertex   4.999659e+01 -1.250000e+00 5.839259e-01
      vertex   4.999659e+01 -2.500000e-01 5.839259e-01
      vertex   4.996931e+01 -1.250000e+00 1.751459e+00
    endloop
  endfacet
  facet normal 9.997272e-01 -0.000000e+00 2.335544e-02
    outer loop
      vertex   4.996931e+01 -1.250000e+00 1.751459e+00
      vertex   4.999659e+01 -2.500000e-01 5.839259e-01
      vertex   4.996931e+01 -2.500000e-01 1.751459e+00
    endloop
  endfacet
  facet normal 9.989090e-01 -0.000000e+00 4.669814e-02
    outer loop
      vertex   4.996931e+01 -1.250000e+00 1.751459e+00
      vertex   4.996931e+01 -2.500000e-01 1.751459e+00
      vertex   4.991478e+01 -1.250000e+00 2.918037e+00
    endloop
  endfacet
  facet normal 9.989090e-01 -1.036907e-15 4.669814e-02
    outer loop
      vertex   4.991478e+01 -1.250000e+00 2.918037e+00
      vertex   4.996931e+01 -2.500000e-01 1.751459e+00
      vertex   4.991478e+01 -2.500000e-01 2.918037e+00
    endloop
  endfacet
  facet normal 9.975459e-01 -1.554653e-15 7.001537e-02
    outer loop
      vertex   4.991478e+01 -1.250000e+00 2.918037e+00
      vertex   4.991478e+01 -2.500000e-01 2.918037e+00
      vertex   4.983301e+01 -1.250000e+00 4.083023e+00
    endloop
  endfacet
  facet normal 9.975459e-01 -0.000000e+00 7.001537e-02
    outer loop
      vertex   4.983301e+01 -1.250000e+00 4.083023e+00
      vertex   4.991478e+01 -2.500000e-01 2.918037e+00
      vertex   4.983301e+01 -2.500000e-01 4.083023e+00
    endloop
  endfacet
  facet normal 9.956386e-01 -0.000000e+00 9.329440e-02
    outer loop
      vertex   4.983301e+01 -1.250000e+00 4.083023e+00
      vertex   4.983301e+01 -2.500000e-01 4.083023e+00
      vertex   4.972406e+01 -1.250000e+00 5.245781e+00
    endloop
  endfacet
  facet normal 9.956386e-01 -0.000000e+00 9.329440e-02
    outer loop
      vertex   4.972406e+01 -1.250000e+00 5.245781e+00
      vertex   4.983301e+01 -2.500000e-01 4.083023e+00
      vertex   4.972406e+01 -2.500000e-01 5.245781e+00
    endloop
  endfacet
  facet normal 9.931880e-01 -0.000000e+00 1.165225e-01
    outer loop
      vertex   4.972406e+01 -1.250000e+00 5.245781e+00
      vertex   4.972406e+01 -2.500000e-01 5.245781e+00
      vertex   4.958798e+01 -1.250000e+00 6.405677e+00
    endloop
  endfacet
  facet normal 9.931880e-01 -2.690813e-15 1.165225e-01
    outer loop
      vertex   4.958798e+01 -1.250000e+00 6.405677e+00
      vertex   4.972406e+01 -2.500000e-01 5.245781e+00
      vertex   4.958798e+01 -2.500000e-01 6.405677e+00
    endloop
  endfacet
  facet normal 9.901957e-01 -3.225743e-15 1.396871e-01
    outer loop
      vertex   4.958798e+01 -1.250000e+00 6.405677e+00
      vertex   4.958798e+01 -2.500000e-01 6.405677e+00
      vertex   4.942484e+01 -1.250000e+00 7.562079e+00
    endloop
  endfacet
  facet normal 9.901957e-01 -0.000000e+00 1.396871e-01
    outer loop
      vertex   4.942484e+01 -1.250000e+00 7.562079e+00
      vertex   4.958798e+01 -2.500000e-01 6.405677e+00
      vertex   4.942484e+01 -2.500000e-01 7.562079e+00
    endloop
  endfacet
  facet normal 9.866631e-01 -0.000000e+00 1.627754e-01
    outer loop
      vertex   4.942484e+01 -1.250000e+00 7.562079e+00
      vertex   4.942484e+01 -2.500000e-01 7.562079e+00
      vertex   4.923474e+01 -1.250000e+00 8.714355e+00
    endloop
  endfacet
  facet normal 9.866631e-01 -0.000000e+00 1.627754e-01
    outer loop
      vertex   4.923474e+01 -1.250000e+00 8.714355e+00
      vertex   4.942484e+01 -2.500000e-01 7.562079e+00
      vertex   4.923474e+01 -2.500000e-01 8.714355e+00
    endloop
  endfacet
  facet normal 9.825923e-01 -0.000000e+00 1.857750e-01
    outer loop
      vertex   4.923474e+01 -1.250000e+00 8.714355e+00
      vertex   4.923474e+01 -2.500000e-01 8.714355e+00
      vertex   4.901779e+01 -1.250000e+00 9.861877e+00
    endloop
  endfacet
  facet normal 9.825923e-01 -3.960032e-15 1.857750e-01
    outer loop
      vertex   4.901779e+01 -1.250000e+00 9.861877e+00
      vertex   4.923474e+01 -2.500000e-01 8.714355e+00
      vertex   4.901779e+01 -2.500000e-01 9.861877e+00
    endloop
  endfacet
  facet normal 9.779854e-01 -4.448137e-15 2.086732e-01
    outer loop
      vertex   4.901779e+01 -1.250000e+00 9.861877e+00
      vertex   4.901779e+01 -2.500000e-01 9.861877e+00
      vertex   4.877409e+01 -1.250000e+00 1.100402e+01
    endloop
  endfacet
  facet normal 9.779854e-01 -0.000000e+00 2.086732e-01
    outer loop
      vertex   4.877409e+01 -1.250000e+00 1.100402e+01
      vertex   4.901779e+01 -2.500000e-01 9.861877e+00
      vertex   4.877409e+01 -2.500000e-01 1.100402e+01
    endloop
  endfacet
  facet normal 9.728450e-01 -0.000000e+00 2.314576e-01
    outer loop
      vertex   4.877409e+01 -1.250000e+00 1.100402e+01
      vertex   4.877409e+01 -2.500000e-01 1.100402e+01
      vertex   4.850378e+01 -1.250000e+00 1.214016e+01
    endloop
  endfacet
  facet normal 9.728450e-01 -0.000000e+00 2.314576e-01
    outer loop
      vertex   4.850378e+01 -1.250000e+00 1.214016e+01
      vertex   4.877409e+01 -2.500000e-01 1.100402e+01
      vertex   4.850378e+01 -2.500000e-01 1.214016e+01
    endloop
  endfacet
  facet normal 9.671738e-01 -0.000000e+00 2.541157e-01
    outer loop
      vertex   4.850378e+01 -1.250000e+00 1.214016e+01
      vertex   4.850378e+01 -2.500000e-01 1.214016e+01
      vertex   4.820701e+01 -1.250000e+00 1.326967e+01
    endloop
  endfacet
  facet normal 9.671738e-01 -4.514001e-15 2.541157e-01
    outer loop
      vertex   4.820701e+01 -1.250000e+00 1.326967e+01
      vertex   4.850378e+01 -2.500000e-01 1.214016e+01
      vertex   4.820701e+01 -2.500000e-01 1.326967e+01
    endloop
  endfacet
  facet normal 9.609750e-01 -4.914027e-15 2.766351e-01
    outer loop
      vertex   4.820701e+01 -1.250000e+00 1.326967e+01
      vertex   4.820701e+01 -2.500000e-01 1.326967e+01
      vertex   4.788394e+01 -1.250000e+00 1.439195e+01
    endloop
  endfacet
  facet normal 9.609750e-01 -0.000000e+00 2.766351e-01
    outer loop
      vertex   4.788394e+01 -1.250000e+00 1.439195e+01
      vertex   4.820701e+01 -2.500000e-01 1.326967e+01
      vertex   4.788394e+01 -2.500000e-01 1.439195e+01
    endloop
  endfacet
  facet normal 9.542520e-01 -0.000000e+00 2.990036e-01
    outer loop
      vertex   4.788394e+01 -1.250000e+00 1.439195e+01
      vertex   4.788394e+01 -2.500000e-01 1.439195e+01
      vertex   4.753475e+01 -1.250000e+00 1.550638e+01
    endloop
  endfacet
  facet normal 9.542520e-01 -6.373646e-15 2.990036e-01
    outer loop
      vertex   4.753475e+01 -1.250000e+00 1.550638e+01
      vertex   4.788394e+01 -2.500000e-01 1.439195e+01
      vertex   4.753475e+01 -2.500000e-01 1.550638e+01
    endloop
  endfacet
  facet normal 9.470083e-01 -6.846983e-15 3.212091e-01
    outer loop
      vertex   4.753475e+01 -1.250000e+00 1.550638e+01
      vertex   4.753475e+01 -2.500000e-01 1.550638e+01
      vertex   4.715962e+01 -1.250000e+00 1.661234e+01
    endloop
  endfacet
  facet normal 9.470083e-01 -0.000000e+00 3.212091e-01
    outer loop
      vertex   4.715962e+01 -1.250000e+00 1.661234e+01
      vertex   4.753475e+01 -2.500000e-01 1.550638e+01
      vertex   4.715962e+01 -2.500000e-01 1.661234e+01
    endloop
  endfacet
  facet normal 9.392480e-01 -0.000000e+00 3.432392e-01
    outer loop
      vertex   4.715962e+01 -1.250000e+00 1.661234e+01
      vertex   4.715962e+01 -2.500000e-01 1.661234e+01
      vertex   4.675877e+01 -1.250000e+00 1.770924e+01
    endloop
  endfacet
  facet normal 9.392480e-01 -0.000000e+00 3.432392e-01
    outer loop
      vertex   4.675877e+01 -1.250000e+00 1.770924e+01
      vertex   4.715962e+01 -2.500000e-01 1.661234e+01
      vertex   4.675877e+01 -2.500000e-01 1.770924e+01
    endloop
  endfacet
  facet normal 9.309753e-01 -0.000000e+00 3.650822e-01
    outer loop
      vertex   4.675877e+01 -1.250000e+00 1.770924e+01
      vertex   4.675877e+01 -2.500000e-01 1.770924e+01
      vertex   4.633241e+01 -1.250000e+00 1.879648e+01
    endloop
  endfacet
  facet normal 9.309753e-01 1.076571e-14 3.650822e-01
    outer loop
      vertex   4.633241e+01 -1.250000e+00 1.879648e+01
      vertex   4.675877e+01 -2.500000e-01 1.770924e+01
      vertex   4.633241e+01 -2.500000e-01 1.879648e+01
    endloop
  endfacet
  facet normal 9.221947e-01 1.004028e-14 3.867259e-01
    outer loop
      vertex   4.633241e+01 -1.250000e+00 1.879648e+01
      vertex   4.633241e+01 -2.500000e-01 1.879648e+01
      vertex   4.588077e+01 -1.250000e+00 1.987347e+01
    endloop
  endfacet
  facet normal 9.221947e-01 -0.000000e+00 3.867259e-01
    outer loop
      vertex   4.588077e+01 -1.250000e+00 1.987347e+01
      vertex   4.633241e+01 -2.500000e-01 1.879648e+01
      vertex   4.588077e+01 -2.500000e-01 1.987347e+01
    endloop
  endfacet
  facet normal 9.129110e-01 -0.000000e+00 4.081587e-01
    outer loop
      vertex   4.588077e+01 -1.250000e+00 1.987347e+01
      vertex   4.588077e+01 -2.500000e-01 1.987347e+01
      vertex   4.540410e+01 -1.250000e+00 2.093962e+01
    endloop
  endfacet
  facet normal 9.129110e-01 -0.000000e+00 4.081587e-01
    outer loop
      vertex   4.540410e+01 -1.250000e+00 2.093962e+01
      vertex   4.588077e+01 -2.500000e-01 1.987347e+01
      vertex   4.540410e+01 -2.500000e-01 2.093962e+01
    endloop
  endfacet
  facet normal 9.031292e-01 -0.000000e+00 4.293688e-01
    outer loop
      vertex   4.540410e+01 -1.250000e+00 2.093962e+01
      vertex   4.540410e+01 -2.500000e-01 2.093962e+01
      vertex   4.490266e+01 -1.250000e+00 2.199434e+01
    endloop
  endfacet
  facet normal 9.031292e-01 -1.210003e-15 4.293688e-01
    outer loop
      vertex   4.490266e+01 -1.250000e+00 2.199434e+01
      vertex   4.540410e+01 -2.500000e-01 2.093962e+01
      vertex   4.490266e+01 -2.500000e-01 2.199434e+01
    endloop
  endfacet
  facet normal 8.928548e-01 -1.655613e-15 4.503447e-01
    outer loop
      vertex   4.490266e+01 -1.250000e+00 2.199434e+01
      vertex   4.490266e+01 -2.500000e-01 2.199434e+01
      vertex   4.437673e+01 -1.250000e+00 2.303706e+01
    endloop
  endfacet
  facet normal 8.928548e-01 -0.000000e+00 4.503447e-01
    outer loop
      vertex   4.437673e+01 -1.250000e+00 2.303706e+01
      vertex   4.490266e+01 -2.500000e-01 2.199434e+01
      vertex   4.437673e+01 -2.500000e-01 2.303706e+01
    endloop
  endfacet
  facet normal 8.820932e-01 -0.000000e+00 4.710748e-01
    outer loop
      vertex   4.437673e+01 -1.250000e+00 2.303706e+01
      vertex   4.437673e+01 -2.500000e-01 2.303706e+01
      vertex   4.382658e+01 -1.250000e+00 2.406721e+01
    endloop
  endfacet
  facet normal 8.820932e-01 -0.000000e+00 4.710748e-01
    outer loop
      vertex   4.382658e+01 -1.250000e+00 2.406721e+01
      vertex   4.437673e+01 -2.500000e-01 2.303706e+01
      vertex   4.382658e+01 -2.500000e-01 2.406721e+01
    endloop
  endfacet
  facet normal 8.708505e-01 -0.000000e+00 4.915480e-01
    outer loop
      vertex   4.382658e+01 -1.250000e+00 2.406721e+01
      vertex   4.382658e+01 -2.500000e-01 2.406721e+01
      vertex   4.325253e+01 -1.250000e+00 2.508424e+01
    endloop
  endfacet
  facet normal 8.708505e-01 -4.290211e-15 4.915480e-01
    outer loop
      vertex   4.325253e+01 -1.250000e+00 2.508424e+01
      vertex   4.382658e+01 -2.500000e-01 2.406721e+01
      vertex   4.325253e+01 -2.500000e-01 2.508424e+01
    endloop
  endfacet
  facet normal 8.591326e-01 -4.804168e-15 5.117530e-01
    outer loop
      vertex   4.325253e+01 -1.250000e+00 2.508424e+01
      vertex   4.325253e+01 -2.500000e-01 2.508424e+01
      vertex   4.265487e+01 -1.250000e+00 2.608758e+01
    endloop
  endfacet
  facet normal 8.591326e-01 -0.000000e+00 5.117530e-01
    outer loop
      vertex   4.265487e+01 -1.250000e+00 2.608758e+01
      vertex   4.325253e+01 -2.500000e-01 2.508424e+01
      vertex   4.265487e+01 -2.500000e-01 2.608758e+01
    endloop
  endfacet
  facet normal 8.469460e-01 -0.000000e+00 5.316789e-01
    outer loop
      vertex   4.265487e+01 -1.250000e+00 2.608758e+01
      vertex   4.265487e+01 -2.500000e-01 2.608758e+01
      vertex   4.203395e+01 -1.250000e+00 2.707668e+01
    endloop
  endfacet
  facet normal 8.469460e-01 -0.000000e+00 5.316789e-01
    outer loop
      vertex   4.203395e+01 -1.250000e+00 2.707668e+01
      vertex   4.265487e+01 -2.500000e-01 2.608758e+01
      vertex   4.203395e+01 -2.500000e-01 2.707668e+01
    endloop
  endfacet
  facet normal 8.342974e-01 -0.000000e+00 5.513146e-01
    outer loop
      vertex   4.203395e+01 -1.250000e+00 2.707668e+01
      vertex   4.203395e+01 -2.500000e-01 2.707668e+01
      vertex   4.139010e+01 -1.250000e+00 2.805102e+01
    endloop
  endfacet
  facet normal 8.342974e-01 -0.000000e+00 5.513146e-01
    outer loop
      vertex   4.139010e+01 -1.250000e+00 2.805102e+01
      vertex   4.203395e+01 -2.500000e-01 2.707668e+01
      vertex   4.139010e+01 -2.500000e-01 2.805102e+01
    endloop
  endfacet
  facet normal 8.211936e-01 -0.000000e+00 5.706496e-01
    outer loop
      vertex   4.139010e+01 -1.250000e+00 2.805102e+01
      vertex   4.139010e+01 -2.500000e-01 2.805102e+01
      vertex   4.072366e+01 -1.250000e+00 2.901005e+01
    endloop
  endfacet
  facet normal 8.211936e-01 -0.000000e+00 5.706496e-01
    outer loop
      vertex   4.072366e+01 -1.250000e+00 2.901005e+01
      vertex   4.139010e+01 -2.500000e-01 2.805102e+01
      vertex   4.072366e+01 -2.500000e-01 2.901005e+01
    endloop
  endfacet
  facet normal 8.076419e-01 -0.000000e+00 5.896733e-01
    outer loop
      vertex   4.072366e+01 -1.250000e+00 2.901005e+01
      vertex   4.072366e+01 -2.500000e-01 2.901005e+01
      vertex   4.003501e+01 -1.250000e+00 2.995326e+01
    endloop
  endfacet
  facet normal 8.076419e-01 1.002579e-15 5.896733e-01
    outer loop
      vertex   4.003501e+01 -1.250000e+00 2.995326e+01
      vertex   4.072366e+01 -2.500000e-01 2.901005e+01
      vertex   4.003501e+01 -2.500000e-01 2.995326e+01
    endloop
  endfacet
  facet normal 7.936495e-01 4.715212e-16 6.083753e-01
    outer loop
      vertex   4.003501e+01 -1.250000e+00 2.995326e+01
      vertex   4.003501e+01 -2.500000e-01 2.995326e+01
      vertex   3.932452e+01 -1.250000e+00 3.088012e+01
    endloop
  endfacet
  facet normal 7.936495e-01 -0.000000e+00 6.083753e-01
    outer loop
      vertex   3.932452e+01 -1.250000e+00 3.088012e+01
      vertex   4.003501e+01 -2.500000e-01 2.995326e+01
      vertex   3.932452e+01 -2.500000e-01 3.088012e+01
    endloop
  endfacet
  facet normal 7.792241e-01 -0.000000e+00 6.267454e-01
    outer loop
      vertex   3.932452e+01 -1.250000e+00 3.088012e+01
      vertex   3.932452e+01 -2.500000e-01 3.088012e+01
      vertex   3.859258e+01 -1.250000e+00 3.179014e+01
    endloop
  endfacet
  facet normal 7.792241e-01 -0.000000e+00 6.267454e-01
    outer loop
      vertex   3.859258e+01 -1.250000e+00 3.179014e+01
      vertex   3.932452e+01 -2.500000e-01 3.088012e+01
      vertex   3.859258e+01 -2.500000e-01 3.179014e+01
    endloop
  endfacet
  facet normal 7.643736e-01 -0.000000e+00 6.447735e-01
    outer loop
      vertex   3.859258e+01 -1.250000e+00 3.179014e+01
      vertex   3.859258e+01 -2.500000e-01 3.179014e+01
      vertex   3.783958e+01 -1.250000e+00 3.268282e+01
    endloop
  endfacet
  facet normal 7.643736e-01 -3.731582e-15 6.447735e-01
    outer loop
      vertex   3.783958e+01 -1.250000e+00 3.268282e+01
      vertex   3.859258e+01 -2.500000e-01 3.179014e+01
      vertex   3.783958e+01 -2.500000e-01 3.268282e+01
    endloop
  endfacet
  facet normal 7.491062e-01 -4.091261e-15 6.624500e-01
    outer loop
      vertex   3.783958e+01 -1.250000e+00 3.268282e+01
      vertex   3.783958e+01 -2.500000e-01 3.268282e+01
      vertex   3.706593e+01 -1.250000e+00 3.355766e+01
    endloop
  endfacet
  facet normal 7.491062e-01 -0.000000e+00 6.624500e-01
    outer loop
      vertex   3.706593e+01 -1.250000e+00 3.355766e+01
      vertex   3.783958e+01 -2.500000e-01 3.268282e+01
      vertex   3.706593e+01 -2.500000e-01 3.355766e+01
    endloop
  endfacet
  facet normal 7.334300e-01 -0.000000e+00 6.797650e-01
    outer loop
      vertex   3.706593e+01 -1.250000e+00 3.355766e+01
      vertex   3.706593e+01 -2.500000e-01 3.355766e+01
      vertex   3.627207e+01 -1.250000e+00 3.441420e+01
    endloop
  endfacet
  facet normal 7.334300e-01 -0.000000e+00 6.797650e-01
    outer loop
      vertex   3.627207e+01 -1.250000e+00 3.441420e+01
      vertex   3.706593e+01 -2.500000e-01 3.355766e+01
      vertex   3.627207e+01 -2.500000e-01 3.441420e+01
    endloop
  endfacet
  facet normal 7.173538e-01 -0.000000e+00 6.967091e-01
    outer loop
      vertex   3.627207e+01 -1.250000e+00 3.441420e+01
      vertex   3.627207e+01 -2.500000e-01 3.441420e+01
      vertex   3.545842e+01 -1.250000e+00 3.525196e+01
    endloop
  endfacet
  facet normal 7.173538e-01 4.400668e-16 6.967091e-01
    outer loop
      vertex   3.545842e+01 -1.250000e+00 3.525196e+01
      vertex   3.627207e+01 -2.500000e-01 3.441420e+01
      vertex   3.545842e+01 -2.500000e-01 3.525196e+01
    endloop
  endfacet
  facet normal 7.008861e-01 -2.640461e-16 7.132732e-01
    outer loop
      vertex   3.545842e+01 -1.250000e+00 3.525196e+01
      vertex   3.545842e+01 -2.500000e-01 3.525196e+01
      vertex   3.462542e+01 -1.250000e+00 3.607049e+01
    endloop
  endfacet
  facet normal 7.008861e-01 -0.000000e+00 7.132732e-01
    outer loop
      vertex   3.462542e+01 -1.250000e+00 3.607049e+01
      vertex   3.545842e+01 -2.500000e-01 3.525196e+01
      vertex   3.462542e+01 -2.500000e-01 3.607049e+01
    endloop
  endfacet
  facet normal 6.840361e-01 -0.000000e+00 7.294481e-01
    outer loop
      vertex   3.462542e+01 -1.250000e+00 3.607049e+01
      vertex   3.462542e+01 -2.500000e-01 3.607049e+01
      vertex   3.377353e+01 -1.250000e+00 3.686935e+01
    endloop
  endfacet
  facet normal 6.840361e-01 -0.000000e+00 7.294481e-01
    outer loop
      vertex   3.377353e+01 -1.250000e+00 3.686935e+01
      vertex   3.462542e+01 -2.500000e-01 3.607049e+01
      vertex   3.377353e+01 -2.500000e-01 3.686935e+01
    endloop
  endfacet
  facet normal 6.668130e-01 -0.000000e+00 7.452251e-01
    outer loop
      vertex   3.377353e+01 -1.250000e+00 3.686935e+01
      vertex   3.377353e+01 -2.500000e-01 3.686935e+01
      vertex   3.290322e+01 -1.250000e+00 3.764808e+01
    endloop
  endfacet
  facet normal 6.668130e-01 -1.671456e-15 7.452251e-01
    outer loop
      vertex   3.290322e+01 -1.250000e+00 3.764808e+01
      vertex   3.377353e+01 -2.500000e-01 3.686935e+01
      vertex   3.290322e+01 -2.500000e-01 3.764808e+01
    endloop
  endfacet
  facet normal 6.492260e-01 -2.373985e-15 7.605956e-01
    outer loop
      vertex   3.290322e+01 -1.250000e+00 3.764808e+01
      vertex   3.290322e+01 -2.500000e-01 3.764808e+01
      vertex   3.201496e+01 -1.250000e+00 3.840628e+01
    endloop
  endfacet
  facet normal 6.492260e-01 -0.000000e+00 7.605956e-01
    outer loop
      vertex   3.201496e+01 -1.250000e+00 3.840628e+01
      vertex   3.290322e+01 -2.500000e-01 3.764808e+01
      vertex   3.201496e+01 -2.500000e-01 3.840628e+01
    endloop
  endfacet
  facet normal 6.312849e-01 -0.000000e+00 7.755510e-01
    outer loop
      vertex   3.201496e+01 -1.250000e+00 3.840628e+01
      vertex   3.201496e+01 -2.500000e-01 3.840628e+01
      vertex   3.110923e+01 -1.250000e+00 3.914353e+01
    endloop
  endfacet
  facet normal 6.312849e-01 -0.000000e+00 7.755510e-01
    outer loop
      vertex   3.110923e+01 -1.250000e+00 3.914353e+01
      vertex   3.201496e+01 -2.500000e-01 3.840628e+01
      vertex   3.110923e+01 -2.500000e-01 3.914353e+01
    endloop
  endfacet
  facet normal 6.129993e-01 -0.000000e+00 7.900834e-01
    outer loop
      vertex   3.110923e+01 -1.250000e+00 3.914353e+01
      vertex   3.110923e+01 -2.500000e-01 3.914353e+01
      vertex   3.018653e+01 -1.250000e+00 3.985942e+01
    endloop
  endfacet
  facet normal 6.129993e-01 5.275175e-15 7.900834e-01
    outer loop
      vertex   3.018653e+01 -1.250000e+00 3.985942e+01
      vertex   3.110923e+01 -2.500000e-01 3.914353e+01
      vertex   3.018653e+01 -2.500000e-01 3.985942e+01
    endloop
  endfacet
  facet normal 5.943794e-01 4.844222e-15 8.041848e-01
    outer loop
      vertex   3.018653e+01 -1.250000e+00 3.985942e+01
      vertex   3.018653e+01 -2.500000e-01 3.985942e+01
      vertex   2.924736e+01 -1.250000e+00 4.055357e+01
    endloop
  endfacet
  facet normal 5.943794e-01 -0.000000e+00 8.041848e-01
    outer loop
      vertex   2.924736e+01 -1.250000e+00 4.055357e+01
      vertex   3.018653e+01 -2.500000e-01 3.985942e+01
      vertex   2.924736e+01 -2.500000e-01 4.055357e+01
    endloop
  endfacet
  facet normal 5.754351e-01 -0.000000e+00 8.178474e-01
    outer loop
      vertex   2.924736e+01 -1.250000e+00 4.055357e+01
      vertex   2.924736e+01 -2.500000e-01 4.055357e+01
      vertex   2.829223e+01 -1.250000e+00 4.122559e+01
    endloop
  endfacet
  facet normal 5.754351e-01 -0.000000e+00 8.178474e-01
    outer loop
      vertex   2.829223e+01 -1.250000e+00 4.122559e+01
      vertex   2.924736e+01 -2.500000e-01 4.055357e+01
      vertex   2.829223e+01 -2.500000e-01 4.122559e+01
    endloop
  endfacet
  facet normal 5.561770e-01 -0.000000e+00 8.310639e-01
    outer loop
      vertex   2.829223e+01 -1.250000e+00 4.122559e+01
      vertex   2.829223e+01 -2.500000e-01 4.122559e+01
      vertex   2.732167e+01 -1.250000e+00 4.187513e+01
    endloop
  endfacet
  facet normal 5.561770e-01 2.021435e-15 8.310639e-01
    outer loop
      vertex   2.732167e+01 -1.250000e+00 4.187513e+01
      vertex   2.829223e+01 -2.500000e-01 4.122559e+01
      vertex   2.732167e+01 -2.500000e-01 4.187513e+01
    endloop
  endfacet
  facet normal 5.366154e-01 1.353585e-15 8.438269e-01
    outer loop
      vertex   2.732167e+01 -1.250000e+00 4.187513e+01
      vertex   2.732167e+01 -2.500000e-01 4.187513e+01
      vertex   2.633621e+01 -1.250000e+00 4.250181e+01
    endloop
  endfacet
  facet normal 5.366154e-01 -0.000000e+00 8.438269e-01
    outer loop
      vertex   2.633621e+01 -1.250000e+00 4.250181e+01
      vertex   2.732167e+01 -2.500000e-01 4.187513e+01
      vertex   2.633621e+01 -2.500000e-01 4.250181e+01
    endloop
  endfacet
  facet normal 5.167611e-01 -0.000000e+00 8.561296e-01
    outer loop
      vertex   2.633621e+01 -1.250000e+00 4.250181e+01
      vertex   2.633621e+01 -2.500000e-01 4.250181e+01
      vertex   2.533638e+01 -1.250000e+00 4.310531e+01
    endloop
  endfacet
  facet normal 5.167611e-01 -0.000000e+00 8.561296e-01
    outer loop
      vertex   2.533638e+01 -1.250000e+00 4.310531e+01
      vertex   2.633621e+01 -2.500000e-01 4.250181e+01
      vertex   2.533638e+01 -2.500000e-01 4.310531e+01
    endloop
  endfacet
  facet normal 4.966248e-01 -0.000000e+00 8.679653e-01
    outer loop
      vertex   2.533638e+01 -1.250000e+00 4.310531e+01
      vertex   2.533638e+01 -2.500000e-01 4.310531e+01
      vertex   2.432272e+01 -1.250000e+00 4.368530e+01
    endloop
  endfacet
  facet normal 4.966248e-01 6.183297e-15 8.679653e-01
    outer loop
      vertex   2.432272e+01 -1.250000e+00 4.368530e+01
      vertex   2.533638e+01 -2.500000e-01 4.310531e+01
      vertex   2.432272e+01 -2.500000e-01 4.368530e+01
    endloop
  endfacet
  facet normal 4.762177e-01 5.595058e-15 8.793274e-01
    outer loop
      vertex   2.432272e+01 -1.250000e+00 4.368530e+01
      vertex   2.432272e+01 -2.500000e-01 4.368530e+01
      vertex   2.329580e+01 -1.250000e+00 4.424145e+01
    endloop
  endfacet
  facet normal 4.762177e-01 -0.000000e+00 8.793274e-01
    outer loop
      vertex   2.329580e+01 -1.250000e+00 4.424145e+01
      vertex   2.432272e+01 -2.500000e-01 4.368530e+01
      vertex   2.329580e+01 -2.500000e-01 4.424145e+01
    endloop
  endfacet
  facet normal 4.555507e-01 -0.000000e+00 8.902098e-01
    outer loop
      vertex   2.329580e+01 -1.250000e+00 4.424145e+01
      vertex   2.329580e+01 -2.500000e-01 4.424145e+01
      vertex   2.225616e+01 -1.250000e+00 4.477346e+01
    endloop
  endfacet
  facet normal 4.555507e-01 -0.000000e+00 8.902098e-01
    outer loop
      vertex   2.225616e+01 -1.250000e+00 4.477346e+01
      vertex   2.329580e+01 -2.500000e-01 4.424145e+01
      vertex   2.225616e+01 -2.500000e-01 4.477346e+01
    endloop
  endfacet
  facet normal 4.346352e-01 -0.000000e+00 9.006066e-01
    outer loop
      vertex   2.225616e+01 -1.250000e+00 4.477346e+01
      vertex   2.225616e+01 -2.500000e-01 4.477346e+01
      vertex   2.120439e+01 -1.250000e+00 4.528105e+01
    endloop
  endfacet
  facet normal 4.346352e-01 9.264806e-15 9.006066e-01
    outer loop
      vertex   2.120439e+01 -1.250000e+00 4.528105e+01
      vertex   2.225616e+01 -2.500000e-01 4.477346e+01
      vertex   2.120439e+01 -2.500000e-01 4.528105e+01
    endloop
  endfacet
  facet normal 4.134826e-01 8.813911e-15 9.105120e-01
    outer loop
      vertex   2.120439e+01 -1.250000e+00 4.528105e+01
      vertex   2.120439e+01 -2.500000e-01 4.528105e+01
      vertex   2.014105e+01 -1.250000e+00 4.576394e+01
    endloop
  endfacet
  facet normal 4.134826e-01 -3.531607e-15 9.105120e-01
    outer loop
      vertex   2.014105e+01 -1.250000e+00 4.576394e+01
      vertex   2.120439e+01 -2.500000e-01 4.528105e+01
      vertex   2.014105e+01 -2.500000e-01 4.576394e+01
    endloop
  endfacet
  facet normal 3.921044e-01 -3.750361e-15 9.199207e-01
    outer loop
      vertex   2.014105e+01 -1.250000e+00 4.576394e+01
      vertex   2.014105e+01 -2.500000e-01 4.576394e+01
      vertex   1.906672e+01 -1.250000e+00 4.622186e+01
    endloop
  endfacet
  facet normal 3.921044e-01 -0.000000e+00 9.199207e-01
    outer loop
      vertex   1.906672e+01 -1.250000e+00 4.622186e+01
      vertex   2.014105e+01 -2.500000e-01 4.576394e+01
      vertex   1.906672e+01 -2.500000e-01 4.622186e+01
    endloop
  endfacet
  facet normal 3.705122e-01 -0.000000e+00 9.288276e-01
    outer loop
      vertex   1.906672e+01 -1.250000e+00 4.622186e+01
      vertex   1.906672e+01 -2.500000e-01 4.622186e+01
      vertex   1.798198e+01 -1.250000e+00 4.665456e+01
    endloop
  endfacet
  facet normal 3.705122e-01 1.298226e-15 9.288276e-01
    outer loop
      vertex   1.798198e+01 -1.250000e+00 4.665456e+01
      vertex   1.906672e+01 -2.500000e-01 4.622186e+01
      vertex   1.798198e+01 -2.500000e-01 4.665456e+01
    endloop
  endfacet
  facet normal 3.487180e-01 7.739678e-16 9.372277e-01
    outer loop
      vertex   1.798198e+01 -1.250000e+00 4.665456e+01
      vertex   1.798198e+01 -2.500000e-01 4.665456e+01
      vertex   1.688744e+01 -1.250000e+00 4.706181e+01
    endloop
  endfacet
  facet normal 3.487180e-01 -2.942718e-15 9.372277e-01
    outer loop
      vertex   1.688744e+01 -1.250000e+00 4.706181e+01
      vertex   1.798198e+01 -2.500000e-01 4.665456e+01
      vertex   1.688744e+01 -2.500000e-01 4.706181e+01
    endloop
  endfacet
  facet normal 3.267335e-01 -3.233085e-15 9.451165e-01
    outer loop
      vertex   1.688744e+01 -1.250000e+00 4.706181e+01
      vertex   1.688744e+01 -2.500000e-01 4.706181e+01
      vertex   1.578368e+01 -1.250000e+00 4.744339e+01
    endloop
  endfacet
  facet normal 3.267335e-01 -0.000000e+00 9.451165e-01
    outer loop
      vertex   1.578368e+01 -1.250000e+00 4.744339e+01
      vertex   1.688744e+01 -2.500000e-01 4.706181e+01
      vertex   1.578368e+01 -2.500000e-01 4.744339e+01
    endloop
  endfacet
  facet normal 3.045708e-01 -0.000000e+00 9.524897e-01
    outer loop
      vertex   1.578368e+01 -1.250000e+00 4.744339e+01
      vertex   1.578368e+01 -2.500000e-01 4.744339e+01
      vertex   1.467132e+01 -1.250000e+00 4.779908e+01
    endloop
  endfacet
  facet normal 3.045708e-01 5.951290e-15 9.524897e-01
    outer loop
      vertex   1.467132e+01 -1.250000e+00 4.779908e+01
      vertex   1.578368e+01 -2.500000e-01 4.744339e+01
      vertex   1.467132e+01 -2.500000e-01 4.779908e+01
    endloop
  endfacet
  facet normal 2.822419e-01 5.514985e-15 9.593433e-01
    outer loop
      vertex   1.467132e+01 -1.250000e+00 4.779908e+01
      vertex   1.467132e+01 -2.500000e-01 4.779908e+01
      vertex   1.355095e+01 -1.250000e+00 4.812870e+01
    endloop
  endfacet
  facet normal 2.822419e-01 3.509536e-15 9.593433e-01
    outer loop
      vertex   1.355095e+01 -1.250000e+00 4.812870e+01
      vertex   1.467132e+01 -2.500000e-01 4.779908e+01
      vertex   1.355095e+01 -2.500000e-01 4.812870e+01
    endloop
  endfacet
  facet normal 2.597590e-01 3.229973e-15 9.656735e-01
    outer loop
      vertex   1.355095e+01 -1.250000e+00 4.812870e+01
      vertex   1.355095e+01 -2.500000e-01 4.812870e+01
      vertex   1.242318e+01 -1.250000e+00 4.843206e+01
    endloop
  endfacet
  facet normal 2.597590e-01 -0.000000e+00 9.656735e-01
    outer loop
      vertex   1.242318e+01 -1.250000e+00 4.843206e+01
      vertex   1.355095e+01 -2.500000e-01 4.812870e+01
      vertex   1.242318e+01 -2.500000e-01 4.843206e+01
    endloop
  endfacet
  facet normal 2.371344e-01 -0.000000e+00 9.714769e-01
    outer loop
      vertex   1.242318e+01 -1.250000e+00 4.843206e+01
      vertex   1.242318e+01 -2.500000e-01 4.843206e+01
      vertex   1.128864e+01 -1.250000e+00 4.870900e+01
    endloop
  endfacet
  facet normal 2.371344e-01 1.100713e-15 9.714769e-01
    outer loop
      vertex   1.128864e+01 -1.250000e+00 4.870900e+01
      vertex   1.242318e+01 -2.500000e-01 4.843206e+01
      vertex   1.128864e+01 -2.500000e-01 4.870900e+01
    endloop
  endfacet
  facet normal 2.143804e-01 2.952795e-16 9.767502e-01
    outer loop
      vertex   1.128864e+01 -1.250000e+00 4.870900e+01
      vertex   1.128864e+01 -2.500000e-01 4.870900e+01
      vertex   1.014794e+01 -1.250000e+00 4.895936e+01
    endloop
  endfacet
  facet normal 2.143804e-01 1.904081e-15 9.767502e-01
    outer loop
      vertex   1.014794e+01 -1.250000e+00 4.895936e+01
      vertex   1.128864e+01 -2.500000e-01 4.870900e+01
      vertex   1.014794e+01 -2.500000e-01 4.895936e+01
    endloop
  endfacet
  facet normal 1.915095e-01 1.700946e-15 9.814908e-01
    outer loop
      vertex   1.014794e+01 -1.250000e+00 4.895936e+01
      vertex   1.014794e+01 -2.500000e-01 4.895936e+01
      vertex   9.001706e+00 -1.250000e+00 4.918302e+01
    endloop
  endfacet
  facet normal 1.915095e-01 -0.000000e+00 9.814908e-01
    outer loop
      vertex   9.001706e+00 -1.250000e+00 4.918302e+01
      vertex   1.014794e+01 -2.500000e-01 4.895936e+01
      vertex   9.001706e+00 -2.500000e-01 4.918302e+01
    endloop
  endfacet
  facet normal 1.685341e-01 -0.000000e+00 9.856958e-01
    outer loop
      vertex   9.001706e+00 -1.250000e+00 4.918302e+01
      vertex   9.001706e+00 -2.500000e-01 4.918302e+01
      vertex   7.850559e+00 -1.250000e+00 4.937984e+01
    endloop
  endfacet
  facet normal 1.685341e-01 1.206163e-14 9.856958e-01
    outer loop
      vertex   7.850559e+00 -1.250000e+00 4.937984e+01
      vertex   9.001706e+00 -2.500000e-01 4.918302e+01
      vertex   7.850559e+00 -2.500000e-01 4.937984e+01
    endloop
  endfacet
  facet normal 1.454668e-01 1.238009e-14 9.893631e-01
    outer loop
      vertex   7.850559e+00 -1.250000e+00 4.937984e+01
      vertex   7.850559e+00 -2.500000e-01 4.937984e+01
      vertex   6.695130e+00 -1.250000e+00 4.954972e+01
    endloop
  endfacet
  facet normal 1.454668e-01 3.230012e-15 9.893631e-01
    outer loop
      vertex   6.695130e+00 -1.250000e+00 4.954972e+01
      vertex   7.850559e+00 -2.500000e-01 4.937984e+01
      vertex   6.695130e+00 -2.500000e-01 4.954972e+01
    endloop
  endfacet
  facet normal 1.223201e-01 2.716052e-15 9.924907e-01
    outer loop
      vertex   6.695130e+00 -1.250000e+00 4.954972e+01
      vertex   6.695130e+00 -2.500000e-01 4.954972e+01
      vertex   5.536048e+00 -1.250000e+00 4.969258e+01
    endloop
  endfacet
  facet normal 1.223201e-01 -0.000000e+00 9.924907e-01
    outer loop
      vertex   5.536048e+00 -1.250000e+00 4.969258e+01
      vertex   6.695130e+00 -2.500000e-01 4.954972e+01
      vertex   5.536048e+00 -2.500000e-01 4.969258e+01
    endloop
  endfacet
  facet normal 9.910670e-02 -0.000000e+00 9.950768e-01
    outer loop
      vertex   5.536048e+00 -1.250000e+00 4.969258e+01
      vertex   5.536048e+00 -2.500000e-01 4.969258e+01
      vertex   4.373946e+00 -1.250000e+00 4.980832e+01
    endloop
  endfacet
  facet normal 9.910670e-02 -1.144318e-15 9.950768e-01
    outer loop
      vertex   4.373946e+00 -1.250000e+00 4.980832e+01
      vertex   5.536048e+00 -2.500000e-01 4.969258e+01
      vertex   4.373946e+00 -2.500000e-01 4.980832e+01
    endloop
  endfacet
  facet normal 7.583920e-02 -8.756637e-16 9.971201e-01
    outer loop
      vertex   4.373946e+00 -1.250000e+00 4.980832e+01
      vertex   4.373946e+00 -2.500000e-01 4.980832e+01
      vertex   3.209457e+00 -1.250000e+00 4.989689e+01
    endloop
  endfacet
  facet normal 7.583920e-02 1.683969e-15 9.971201e-01
    outer loop
      vertex   3.209457e+00 -1.250000e+00 4.989689e+01
      vertex   4.373946e+00 -2.500000e-01 4.980832e+01
      vertex   3.209457e+00 -2.500000e-01 4.989689e+01
    endloop
  endfacet
  facet normal 5.253033e-02 1.166408e-15 9.986193e-01
    outer loop
      vertex   3.209457e+00 -1.250000e+00 4.989689e+01
      vertex   3.209457e+00 -2.500000e-01 4.989689e+01
      vertex   2.043218e+00 -1.250000e+00 4.995824e+01
    endloop
  endfacet
  facet normal 5.253033e-02 -0.000000e+00 9.986193e-01
    outer loop
      vertex   2.043218e+00 -1.250000e+00 4.995824e+01
      vertex   3.209457e+00 -2.500000e-01 4.989689e+01
      vertex   2.043218e+00 -2.500000e-01 4.995824e+01
    endloop
  endfacet
  facet normal 2.919281e-02 -0.000000e+00 9.995738e-01
    outer loop
      vertex   2.043218e+00 -1.250000e+00 4.995824e+01
      vertex   2.043218e+00 -2.500000e-01 4.995824e+01
      vertex   8.758639e-01 -1.250000e+00 4.999233e+01
    endloop
  endfacet
  facet normal 2.919281e-02 -3.241053e-16 9.995738e-01
    outer loop
      vertex   8.758639e-01 -1.250000e+00 4.999233e+01
      vertex   2.043218e+00 -2.500000e-01 4.995824e+01
      vertex   8.758639e-01 -2.500000e-01 4.999233e+01
    endloop
  endfacet
  facet normal 5.839358e-03 -6.482990e-17 9.999830e-01
    outer loop
      vertex   8.758639e-01 -1.250000e+00 4.999233e+01
      vertex   8.758639e-01 -2.500000e-01 4.999233e+01
      vertex   -2.919679e-01 -1.250000e+00 4.999915e+01
    endloop
  endfacet
  facet normal 5.839358e-03 1.296598e-16 9.999830e-01
    outer loop
      vertex   -2.919679e-01 -1.250000e+00 4.999915e+01
      vertex   8.758639e-01 -2.500000e-01 4.999233e+01
      vertex   -2.919679e-01 -2.500000e-01 4.999915e+01
    endloop
  endfacet
  facet normal -1.751728e-02 -3.889617e-16 9.998466e-01
    outer loop
      vertex   -2.919679e-01 -1.250000e+00 4.999915e+01
      vertex   -2.919679e-01 -2.500000e-01 4.999915e+01
      vertex   -1.459640e+00 -1.250000e+00 4.997869e+01
    endloop
  endfacet
  facet normal -1.751728e-02 -1.944809e-16 9.998466e-01
    outer loop
      vertex   -1.459640e+00 -1.250000e+00 4.997869e+01
      vertex   -2.919679e-01 -2.500000e-01 4.999915e+01
      vertex   -1.459640e+00 -2.500000e-01 4.997869e+01
    endloop
  endfacet
  facet normal -4.086436e-02 -4.536855e-16 9.991647e-01
    outer loop
      vertex   -1.459640e+00 -1.250000e+00 4.997869e+01
      vertex   -1.459640e+00 -2.500000e-01 4.997869e+01
      vertex   -2.626517e+00 -1.250000e+00 4.993097e+01
    endloop
  endfacet
  facet normal -4.086436e-02 4.536855e-16 9.991647e-01
    outer loop
      vertex   -2.626517e+00 -1.250000e+00 4.993097e+01
      vertex   -1.459640e+00 -2.500000e-01 4.997869e+01
      vertex   -2.626517e+00 -2.500000e-01 4.993097e+01
    endloop
  endfacet
  facet normal -6.418915e-02 7.126427e-16 9.979378e-01
    outer loop
      vertex   -2.626517e+00 -1.250000e+00 4.993097e+01
      vertex   -2.626517e+00 -2.500000e-01 4.993097e+01
      vertex   -3.791960e+00 -1.250000e+00 4.985600e+01
    endloop
  endfacet
  facet normal -6.418915e-02 -1.425285e-15 9.979378e-01
    outer loop
      vertex   -3.791960e+00 -1.250000e+00 4.985600e+01
      vertex   -2.626517e+00 -2.500000e-01 4.993097e+01
      vertex   -3.791960e+00 -2.500000e-01 4.985600e+01
    endloop
  endfacet
  facet normal -8.747891e-02 -1.942422e-15 9.961664e-01
    outer loop
      vertex   -3.791960e+00 -1.250000e+00 4.985600e+01
      vertex   -3.791960e+00 -2.500000e-01 4.985600e+01
      vertex   -4.955335e+00 -1.250000e+00 4.975384e+01
    endloop
  endfacet
  facet normal -8.747891e-02 -9.323626e-16 9.961664e-01
    outer loop
      vertex   -4.955335e+00 -1.250000e+00 4.975384e+01
      vertex   -3.791960e+00 -2.500000e-01 4.985600e+01
      vertex   -4.955335e+00 -2.500000e-01 4.975384e+01
    endloop
  endfacet
  facet normal -1.107210e-01 -1.180080e-15 9.938515e-01
    outer loop
      vertex   -4.955335e+00 -1.250000e+00 4.975384e+01
      vertex   -4.955335e+00 -2.500000e-01 4.975384e+01
      vertex   -6.116006e+00 -1.250000e+00 4.962453e+01
    endloop
  endfacet
  facet normal -1.107210e-01 1.180080e-15 9.938515e-01
    outer loop
      vertex   -6.116006e+00 -1.250000e+00 4.962453e+01
      vertex   -4.955335e+00 -2.500000e-01 4.975384e+01
      vertex   -6.116006e+00 -2.500000e-01 4.962453e+01
    endloop
  endfacet
  facet normal -1.339026e-01 1.427153e-15 9.909945e-01
    outer loop
      vertex   -6.116006e+00 -1.250000e+00 4.962453e+01
      vertex   -6.116006e+00 -2.500000e-01 4.962453e+01
      vertex   -7.273341e+00 -1.250000e+00 4.946816e+01
    endloop
  endfacet
  facet normal -1.339026e-01 -2.973235e-15 9.909945e-01
    outer loop
      vertex   -7.273341e+00 -1.250000e+00 4.946816e+01
      vertex   -6.116006e+00 -2.500000e-01 4.962453e+01
      vertex   -7.273341e+00 -2.500000e-01 4.946816e+01
    endloop
  endfacet
  facet normal -1.570112e-01 -3.486349e-15 9.875968e-01
    outer loop
      vertex   -7.273341e+00 -1.250000e+00 4.946816e+01
      vertex   -7.273341e+00 -2.500000e-01 4.946816e+01
      vertex   -8.426707e+00 -1.250000e+00 4.928479e+01
    endloop
  endfacet
  facet normal -1.570112e-01 1.236115e-14 9.875968e-01
    outer loop
      vertex   -8.426707e+00 -1.250000e+00 4.928479e+01
      vertex   -7.273341e+00 -2.500000e-01 4.946816e+01
      vertex   -8.426707e+00 -2.500000e-01 4.928479e+01
    endloop
  endfacet
  facet normal -1.800341e-01 1.205983e-14 9.836604e-01
    outer loop
      vertex   -8.426707e+00 -1.250000e+00 4.928479e+01
      vertex   -8.426707e+00 -2.500000e-01 4.928479e+01
      vertex   -9.575477e+00 -1.250000e+00 4.907454e+01
    endloop
  endfacet
  facet normal -1.800341e-01 0.000000e+00 9.836604e-01
    outer loop
      vertex   -9.575477e+00 -1.250000e+00 4.907454e+01
      vertex   -8.426707e+00 -2.500000e-01 4.928479e+01
      vertex   -9.575477e+00 -2.500000e-01 4.907454e+01
    endloop
  endfacet
  facet normal -2.029588e-01 0.000000e+00 9.791873e-01
    outer loop
      vertex   -9.575477e+00 -1.250000e+00 4.907454e+01
      vertex   -9.575477e+00 -2.500000e-01 4.907454e+01
      vertex   -1.071902e+01 -1.250000e+00 4.883751e+01
    endloop
  endfacet
  facet normal -2.029588e-01 -4.326328e-15 9.791873e-01
    outer loop
      vertex   -1.071902e+01 -1.250000e+00 4.883751e+01
      vertex   -9.575477e+00 -2.500000e-01 4.907454e+01
      vertex   -1.071902e+01 -2.500000e-01 4.883751e+01
    endloop
  endfacet
  facet normal -2.257728e-01 -4.812637e-15 9.741800e-01
    outer loop
      vertex   -1.071902e+01 -1.250000e+00 4.883751e+01
      vertex   -1.071902e+01 -2.500000e-01 4.883751e+01
      vertex   -1.185672e+01 -1.250000e+00 4.857384e+01
    endloop
  endfacet
  facet normal -2.257728e-01 -2.807372e-15 9.741800e-01
    outer loop
      vertex   -1.185672e+01 -1.250000e+00 4.857384e+01
      vertex   -1.071902e+01 -2.500000e-01 4.883751e+01
      vertex   -1.185672e+01 -2.500000e-01 4.857384e+01
    endloop
  endfacet
  facet normal -2.484636e-01 -3.089521e-15 9.686412e-01
    outer loop
      vertex   -1.185672e+01 -1.250000e+00 4.857384e+01
      vertex   -1.185672e+01 -2.500000e-01 4.857384e+01
      vertex   -1.298795e+01 -1.250000e+00 4.828367e+01
    endloop
  endfacet
  facet normal -2.484636e-01 0.000000e+00 9.686412e-01
    outer loop
      vertex   -1.298795e+01 -1.250000e+00 4.828367e+01
      vertex   -1.185672e+01 -2.500000e-01 4.857384e+01
      vertex   -1.298795e+01 -2.500000e-01 4.828367e+01
    endloop
  endfacet
  facet normal -2.710189e-01 0.000000e+00 9.625740e-01
    outer loop
      vertex   -1.298795e+01 -1.250000e+00 4.828367e+01
      vertex   -1.298795e+01 -2.500000e-01 4.828367e+01
      vertex   -1.411209e+01 -1.250000e+00 4.796716e+01
    endloop
  endfacet
  facet normal -2.710189e-01 1.062384e-15 9.625740e-01
    outer loop
      vertex   -1.411209e+01 -1.250000e+00 4.796716e+01
      vertex   -1.298795e+01 -2.500000e-01 4.828367e+01
      vertex   -1.411209e+01 -2.500000e-01 4.796716e+01
    endloop
  endfacet
  facet normal -2.934263e-01 5.379001e-16 9.559817e-01
    outer loop
      vertex   -1.411209e+01 -1.250000e+00 4.796716e+01
      vertex   -1.411209e+01 -2.500000e-01 4.796716e+01
      vertex   -1.522854e+01 -1.250000e+00 4.762449e+01
    endloop
  endfacet
  facet normal -2.934263e-01 -3.127379e-15 9.559817e-01
    outer loop
      vertex   -1.522854e+01 -1.250000e+00 4.762449e+01
      vertex   -1.411209e+01 -2.500000e-01 4.796716e+01
      vertex   -1.522854e+01 -2.500000e-01 4.762449e+01
    endloop
  endfacet
  facet normal -3.156737e-01 -3.364494e-15 9.488678e-01
    outer loop
      vertex   -1.522854e+01 -1.250000e+00 4.762449e+01
      vertex   -1.522854e+01 -2.500000e-01 4.762449e+01
      vertex   -1.633668e+01 -1.250000e+00 4.725583e+01
    endloop
  endfacet
  facet normal -3.156737e-01 0.000000e+00 9.488678e-01
    outer loop
      vertex   -1.633668e+01 -1.250000e+00 4.725583e+01
      vertex   -1.522854e+01 -2.500000e-01 4.762449e+01
      vertex   -1.633668e+01 -2.500000e-01 4.725583e+01
    endloop
  endfacet
  facet normal -3.377488e-01 0.000000e+00 9.412363e-01
    outer loop
      vertex   -1.633668e+01 -1.250000e+00 4.725583e+01
      vertex   -1.633668e+01 -2.500000e-01 4.725583e+01
      vertex   -1.743590e+01 -1.250000e+00 4.686138e+01
    endloop
  endfacet
  facet normal -3.377488e-01 -4.111436e-15 9.412363e-01
    outer loop
      vertex   -1.743590e+01 -1.250000e+00 4.686138e+01
      vertex   -1.633668e+01 -2.500000e-01 4.725583e+01
      vertex   -1.743590e+01 -2.500000e-01 4.686138e+01
    endloop
  endfacet
  facet normal -3.596396e-01 -4.869258e-15 9.330913e-01
    outer loop
      vertex   -1.743590e+01 -1.250000e+00 4.686138e+01
      vertex   -1.743590e+01 -2.500000e-01 4.686138e+01
      vertex   -1.852561e+01 -1.250000e+00 4.644138e+01
    endloop
  endfacet
  facet normal -3.596396e-01 -3.833090e-15 9.330913e-01
    outer loop
      vertex   -1.852561e+01 -1.250000e+00 4.644138e+01
      vertex   -1.743590e+01 -2.500000e-01 4.686138e+01
      vertex   -1.852561e+01 -2.500000e-01 4.644138e+01
    endloop
  endfacet
  facet normal -3.813343e-01 -4.064315e-15 9.244372e-01
    outer loop
      vertex   -1.852561e+01 -1.250000e+00 4.644138e+01
      vertex   -1.852561e+01 -2.500000e-01 4.644138e+01
      vertex   -1.960522e+01 -1.250000e+00 4.599604e+01
    endloop
  endfacet
  facet normal -3.813343e-01 0.000000e+00 9.244372e-01
    outer loop
      vertex   -1.960522e+01 -1.250000e+00 4.599604e+01
      vertex   -1.852561e+01 -2.500000e-01 4.644138e+01
      vertex   -1.960522e+01 -2.500000e-01 4.599604e+01
    endloop
  endfacet
  facet normal -4.028209e-01 0.000000e+00 9.152788e-01
    outer loop
      vertex   -1.960522e+01 -1.250000e+00 4.599604e+01
      vertex   -1.960522e+01 -2.500000e-01 4.599604e+01
      vertex   -2.067413e+01 -1.250000e+00 4.552560e+01
    endloop
  endfacet
  facet normal -4.028209e-01 -8.713572e-15 9.152788e-01
    outer loop
      vertex   -2.067413e+01 -1.250000e+00 4.552560e+01
      vertex   -1.960522e+01 -2.500000e-01 4.599604e+01
      vertex   -2.067413e+01 -2.500000e-01 4.552560e+01
    endloop
  endfacet
  facet normal -4.240878e-01 -8.349662e-15 9.056211e-01
    outer loop
      vertex   -2.067413e+01 -1.250000e+00 4.552560e+01
      vertex   -2.067413e+01 -2.500000e-01 4.552560e+01
      vertex   -2.173176e+01 -1.250000e+00 4.503033e+01
    endloop
  endfacet
  facet normal -4.240878e-01 4.081749e-16 9.056211e-01
    outer loop
      vertex   -2.173176e+01 -1.250000e+00 4.503033e+01
      vertex   -2.067413e+01 -2.500000e-01 4.552560e+01
      vertex   -2.173176e+01 -2.500000e-01 4.503033e+01
    endloop
  endfacet
  facet normal -4.451233e-01 3.710971e-17 8.954693e-01
    outer loop
      vertex   -2.173176e+01 -1.250000e+00 4.503033e+01
      vertex   -2.173176e+01 -2.500000e-01 4.503033e+01
      vertex   -2.277753e+01 -1.250000e+00 4.451049e+01
    endloop
  endfacet
  facet normal -4.451233e-01 0.000000e+00 8.954693e-01
    outer loop
      vertex   -2.277753e+01 -1.250000e+00 4.451049e+01
      vertex   -2.173176e+01 -2.500000e-01 4.503033e+01
      vertex   -2.277753e+01 -2.500000e-01 4.451049e+01
    endloop
  endfacet
  facet normal -4.659159e-01 0.000000e+00 8.848290e-01
    outer loop
      vertex   -2.277753e+01 -1.250000e+00 4.451049e+01
      vertex   -2.277753e+01 -2.500000e-01 4.451049e+01
      vertex   -2.381088e+01 -1.250000e+00 4.396637e+01
    endloop
  endfacet
  facet normal -4.659159e-01 0.000000e+00 8.848290e-01
    outer loop
      vertex   -2.381088e+01 -1.250000e+00 4.396637e+01
      vertex   -2.277753e+01 -2.500000e-01 4.451049e+01
      vertex   -2.381088e+01 -2.500000e-01 4.396637e+01
    endloop
  endfacet
  facet normal -4.864544e-01 0.000000e+00 8.737060e-01
    outer loop
      vertex   -2.381088e+01 -1.250000e+00 4.396637e+01
      vertex   -2.381088e+01 -2.500000e-01 4.396637e+01
      vertex   -2.483124e+01 -1.250000e+00 4.339827e+01
    endloop
  endfacet
  facet normal -4.864544e-01 2.046708e-15 8.737060e-01
    outer loop
      vertex   -2.483124e+01 -1.250000e+00 4.339827e+01
      vertex   -2.381088e+01 -2.500000e-01 4.396637e+01
      vertex   -2.483124e+01 -2.500000e-01 4.339827e+01
    endloop
  endfacet
  facet normal -5.067275e-01 1.449720e-15 8.621063e-01
    outer loop
      vertex   -2.483124e+01 -1.250000e+00 4.339827e+01
      vertex   -2.483124e+01 -2.500000e-01 4.339827e+01
      vertex   -2.583805e+01 -1.250000e+00 4.280648e+01
    endloop
  endfacet
  facet normal -5.067275e-01 0.000000e+00 8.621063e-01
    outer loop
      vertex   -2.583805e+01 -1.250000e+00 4.280648e+01
      vertex   -2.483124e+01 -2.500000e-01 4.339827e+01
      vertex   -2.583805e+01 -2.500000e-01 4.280648e+01
    endloop
  endfacet
  facet normal -5.267242e-01 0.000000e+00 8.500363e-01
    outer loop
      vertex   -2.583805e+01 -1.250000e+00 4.280648e+01
      vertex   -2.583805e+01 -2.500000e-01 4.280648e+01
      vertex   -2.683077e+01 -1.250000e+00 4.219135e+01
    endloop
  endfacet
  facet normal -5.267242e-01 0.000000e+00 8.500363e-01
    outer loop
      vertex   -2.683077e+01 -1.250000e+00 4.219135e+01
      vertex   -2.583805e+01 -2.500000e-01 4.280648e+01
      vertex   -2.683077e+01 -2.500000e-01 4.219135e+01
    endloop
  endfacet
  facet normal -5.464335e-01 0.000000e+00 8.375025e-01
    outer loop
      vertex   -2.683077e+01 -1.250000e+00 4.219135e+01
      vertex   -2.683077e+01 -2.500000e-01 4.219135e+01
      vertex   -2.780885e+01 -1.250000e+00 4.155319e+01
    endloop
  endfacet
  facet normal -5.464335e-01 8.145831e-15 8.375025e-01
    outer loop
      vertex   -2.780885e+01 -1.250000e+00 4.155319e+01
      vertex   -2.683077e+01 -2.500000e-01 4.219135e+01
      vertex   -2.780885e+01 -2.500000e-01 4.155319e+01
    endloop
  endfacet
  facet normal -5.658447e-01 7.524107e-15 8.245119e-01
    outer loop
      vertex   -2.780885e+01 -1.250000e+00 4.155319e+01
      vertex   -2.780885e+01 -2.500000e-01 4.155319e+01
      vertex   -2.877176e+01 -1.250000e+00 4.089237e+01
    endloop
  endfacet
  facet normal -5.658447e-01 0.000000e+00 8.245119e-01
    outer loop
      vertex   -2.877176e+01 -1.250000e+00 4.089237e+01
      vertex   -2.780885e+01 -2.500000e-01 4.155319e+01
      vertex   -2.877176e+01 -2.500000e-01 4.089237e+01
    endloop
  endfacet
  facet normal -5.849472e-01 0.000000e+00 8.110714e-01
    outer loop
      vertex   -2.877176e+01 -1.250000e+00 4.089237e+01
      vertex   -2.877176e+01 -2.500000e-01 4.089237e+01
      vertex   -2.971897e+01 -1.250000e+00 4.020924e+01
    endloop
  endfacet
  facet normal -5.849472e-01 0.000000e+00 8.110714e-01
    outer loop
      vertex   -2.971897e+01 -1.250000e+00 4.020924e+01
      vertex   -2.877176e+01 -2.500000e-01 4.089237e+01
      vertex   -2.971897e+01 -2.500000e-01 4.020924e+01
    endloop
  endfacet
  facet normal -6.037305e-01 0.000000e+00 7.971885e-01
    outer loop
      vertex   -2.971897e+01 -1.250000e+00 4.020924e+01
      vertex   -2.971897e+01 -2.500000e-01 4.020924e+01
      vertex   -3.064997e+01 -1.250000e+00 3.950417e+01
    endloop
  endfacet
  facet normal -6.037305e-01 6.268686e-15 7.971885e-01
    outer loop
      vertex   -3.064997e+01 -1.250000e+00 3.950417e+01
      vertex   -2.971897e+01 -2.500000e-01 4.020924e+01
      vertex   -3.064997e+01 -2.500000e-01 3.950417e+01
    endloop
  endfacet
  facet normal -6.221845e-01 5.635674e-15 7.828706e-01
    outer loop
      vertex   -3.064997e+01 -1.250000e+00 3.950417e+01
      vertex   -3.064997e+01 -2.500000e-01 3.950417e+01
      vertex   -3.156424e+01 -1.250000e+00 3.877755e+01
    endloop
  endfacet
  facet normal -6.221845e-01 0.000000e+00 7.828706e-01
    outer loop
      vertex   -3.156424e+01 -1.250000e+00 3.877755e+01
      vertex   -3.064997e+01 -2.500000e-01 3.950417e+01
      vertex   -3.156424e+01 -2.500000e-01 3.877755e+01
    endloop
  endfacet
  facet normal -6.402991e-01 0.000000e+00 7.681257e-01
    outer loop
      vertex   -3.156424e+01 -1.250000e+00 3.877755e+01
      vertex   -3.156424e+01 -2.500000e-01 3.877755e+01
      vertex   -3.246130e+01 -1.250000e+00 3.802978e+01
    endloop
  endfacet
  facet normal -6.402991e-01 0.000000e+00 7.681257e-01
    outer loop
      vertex   -3.246130e+01 -1.250000e+00 3.802978e+01
      vertex   -3.156424e+01 -2.500000e-01 3.877755e+01
      vertex   -3.246130e+01 -2.500000e-01 3.802978e+01
    endloop
  endfacet
  facet normal -6.580644e-01 0.000000e+00 7.529617e-01
    outer loop
      vertex   -3.246130e+01 -1.250000e+00 3.802978e+01
      vertex   -3.246130e+01 -2.500000e-01 3.802978e+01
      vertex   -3.334065e+01 -1.250000e+00 3.726126e+01
    endloop
  endfacet
  facet normal -6.580644e-01 6.698687e-15 7.529617e-01
    outer loop
      vertex   -3.334065e+01 -1.250000e+00 3.726126e+01
      vertex   -3.246130e+01 -2.500000e-01 3.802978e+01
      vertex   -3.334065e+01 -2.500000e-01 3.726126e+01
    endloop
  endfacet
  facet normal -6.754706e-01 6.119333e-15 7.373869e-01
    outer loop
      vertex   -3.334065e+01 -1.250000e+00 3.726126e+01
      vertex   -3.334065e+01 -2.500000e-01 3.726126e+01
      vertex   -3.420181e+01 -1.250000e+00 3.647241e+01
    endloop
  endfacet
  facet normal -6.754706e-01 0.000000e+00 7.373869e-01
    outer loop
      vertex   -3.420181e+01 -1.250000e+00 3.647241e+01
      vertex   -3.334065e+01 -2.500000e-01 3.726126e+01
      vertex   -3.420181e+01 -2.500000e-01 3.647241e+01
    endloop
  endfacet
  facet normal -6.925084e-01 0.000000e+00 7.214099e-01
    outer loop
      vertex   -3.420181e+01 -1.250000e+00 3.647241e+01
      vertex   -3.420181e+01 -2.500000e-01 3.647241e+01
      vertex   -3.504431e+01 -1.250000e+00 3.566366e+01
    endloop
  endfacet
  facet normal -6.925084e-01 0.000000e+00 7.214099e-01
    outer loop
      vertex   -3.504431e+01 -1.250000e+00 3.566366e+01
      vertex   -3.420181e+01 -2.500000e-01 3.647241e+01
      vertex   -3.504431e+01 -2.500000e-01 3.566366e+01
    endloop
  endfacet
  facet normal -7.091683e-01 0.000000e+00 7.050392e-01
    outer loop
      vertex   -3.504431e+01 -1.250000e+00 3.566366e+01
      vertex   -3.504431e+01 -2.500000e-01 3.566366e+01
      vertex   -3.586769e+01 -1.250000e+00 3.483546e+01
    endloop
  endfacet
  facet normal -7.091683e-01 -5.867758e-17 7.050392e-01
    outer loop
      vertex   -3.586769e+01 -1.250000e+00 3.483546e+01
      vertex   -3.504431e+01 -2.500000e-01 3.566366e+01
      vertex   -3.586769e+01 -2.500000e-01 3.483546e+01
    endloop
  endfacet
  facet normal -7.254414e-01 -5.280382e-16 6.882840e-01
    outer loop
      vertex   -3.586769e+01 -1.250000e+00 3.483546e+01
      vertex   -3.586769e+01 -2.500000e-01 3.483546e+01
      vertex   -3.667150e+01 -1.250000e+00 3.398825e+01
    endloop
  endfacet
  facet normal -7.254414e-01 0.000000e+00 6.882840e-01
    outer loop
      vertex   -3.667150e+01 -1.250000e+00 3.398825e+01
      vertex   -3.586769e+01 -2.500000e-01 3.483546e+01
      vertex   -3.667150e+01 -2.500000e-01 3.398825e+01
    endloop
  endfacet
  facet normal -7.413187e-01 0.000000e+00 6.711532e-01
    outer loop
      vertex   -3.667150e+01 -1.250000e+00 3.398825e+01
      vertex   -3.667150e+01 -2.500000e-01 3.398825e+01
      vertex   -3.745531e+01 -1.250000e+00 3.312250e+01
    endloop
  endfacet
  facet normal -7.413187e-01 0.000000e+00 6.711532e-01
    outer loop
      vertex   -3.745531e+01 -1.250000e+00 3.312250e+01
      vertex   -3.667150e+01 -2.500000e-01 3.398825e+01
      vertex   -3.745531e+01 -2.500000e-01 3.312250e+01
    endloop
  endfacet
  facet normal -7.567915e-01 0.000000e+00 6.536563e-01
    outer loop
      vertex   -3.745531e+01 -1.250000e+00 3.312250e+01
      vertex   -3.745531e+01 -2.500000e-01 3.312250e+01
      vertex   -3.821868e+01 -1.250000e+00 3.223868e+01
    endloop
  endfacet
  facet normal -7.567915e-01 3.178868e-15 6.536563e-01
    outer loop
      vertex   -3.821868e+01 -1.250000e+00 3.223868e+01
      vertex   -3.745531e+01 -2.500000e-01 3.312250e+01
      vertex   -3.821868e+01 -2.500000e-01 3.223868e+01
    endloop
  endfacet
  facet normal -7.718515e-01 2.584283e-15 6.358028e-01
    outer loop
      vertex   -3.821868e+01 -1.250000e+00 3.223868e+01
      vertex   -3.821868e+01 -2.500000e-01 3.223868e+01
      vertex   -3.896121e+01 -1.250000e+00 3.133727e+01
    endloop
  endfacet
  facet normal -7.718515e-01 0.000000e+00 6.358028e-01
    outer loop
      vertex   -3.896121e+01 -1.250000e+00 3.133727e+01
      vertex   -3.821868e+01 -2.500000e-01 3.223868e+01
      vertex   -3.896121e+01 -2.500000e-01 3.133727e+01
    endloop
  endfacet
  facet normal -7.864904e-01 0.000000e+00 6.176025e-01
    outer loop
      vertex   -3.896121e+01 -1.250000e+00 3.133727e+01
      vertex   -3.896121e+01 -2.500000e-01 3.133727e+01
      vertex   -3.968247e+01 -1.250000e+00 3.041876e+01
    endloop
  endfacet
  facet normal -7.864904e-01 0.000000e+00 6.176025e-01
    outer loop
      vertex   -3.968247e+01 -1.250000e+00 3.041876e+01
      vertex   -3.896121e+01 -2.500000e-01 3.133727e+01
      vertex   -3.968247e+01 -2.500000e-01 3.041876e+01
    endloop
  endfacet
  facet normal -8.007003e-01 0.000000e+00 5.990652e-01
    outer loop
      vertex   -3.968247e+01 -1.250000e+00 3.041876e+01
      vertex   -3.968247e+01 -2.500000e-01 3.041876e+01
      vertex   -4.038209e+01 -1.250000e+00 2.948367e+01
    endloop
  endfacet
  facet normal -8.007003e-01 -4.298111e-15 5.990652e-01
    outer loop
      vertex   -4.038209e+01 -1.250000e+00 2.948367e+01
      vertex   -3.968247e+01 -2.500000e-01 3.041876e+01
      vertex   -4.038209e+01 -2.500000e-01 2.948367e+01
    endloop
  endfacet
  facet normal -8.144733e-01 -4.993814e-15 5.802010e-01
    outer loop
      vertex   -4.038209e+01 -1.250000e+00 2.948367e+01
      vertex   -4.038209e+01 -2.500000e-01 2.948367e+01
      vertex   -4.105968e+01 -1.250000e+00 2.853248e+01
    endloop
  endfacet
  facet normal -8.144733e-01 8.641836e-15 5.802010e-01
    outer loop
      vertex   -4.105968e+01 -1.250000e+00 2.853248e+01
      vertex   -4.038209e+01 -2.500000e-01 2.948367e+01
      vertex   -4.105968e+01 -2.500000e-01 2.853248e+01
    endloop
  endfacet
  facet normal -8.278020e-01 8.070127e-15 5.610204e-01
    outer loop
      vertex   -4.105968e+01 -1.250000e+00 2.853248e+01
      vertex   -4.105968e+01 -2.500000e-01 2.853248e+01
      vertex   -4.171487e+01 -1.250000e+00 2.756573e+01
    endloop
  endfacet
  facet normal -8.278020e-01 0.000000e+00 5.610204e-01
    outer loop
      vertex   -4.171487e+01 -1.250000e+00 2.756573e+01
      vertex   -4.105968e+01 -2.500000e-01 2.853248e+01
      vertex   -4.171487e+01 -2.500000e-01 2.756573e+01
    endloop
  endfacet
  facet normal -8.406791e-01 0.000000e+00 5.415337e-01
    outer loop
      vertex   -4.171487e+01 -1.250000e+00 2.756573e+01
      vertex   -4.171487e+01 -2.500000e-01 2.756573e+01
      vertex   -4.234730e+01 -1.250000e+00 2.658394e+01
    endloop
  endfacet
  facet normal -8.406791e-01 0.000000e+00 5.415337e-01
    outer loop
      vertex   -4.234730e+01 -1.250000e+00 2.658394e+01
      vertex   -4.171487e+01 -2.500000e-01 2.756573e+01
      vertex   -4.234730e+01 -2.500000e-01 2.658394e+01
    endloop
  endfacet
  facet normal -8.530975e-01 0.000000e+00 5.217515e-01
    outer loop
      vertex   -4.234730e+01 -1.250000e+00 2.658394e+01
      vertex   -4.234730e+01 -2.500000e-01 2.658394e+01
      vertex   -4.295663e+01 -1.250000e+00 2.558765e+01
    endloop
  endfacet
  facet normal -8.530975e-01 1.352913e-15 5.217515e-01
    outer loop
      vertex   -4.295663e+01 -1.250000e+00 2.558765e+01
      vertex   -4.234730e+01 -2.500000e-01 2.658394e+01
      vertex   -4.295663e+01 -2.500000e-01 2.558765e+01
    endloop
  endfacet
  facet normal -8.650505e-01 9.828152e-16 5.016847e-01
    outer loop
      vertex   -4.295663e+01 -1.250000e+00 2.558765e+01
      vertex   -4.295663e+01 -2.500000e-01 2.558765e+01
      vertex   -4.354252e+01 -1.250000e+00 2.457740e+01
    endloop
  endfacet
  facet normal -8.650505e-01 0.000000e+00 5.016847e-01
    outer loop
      vertex   -4.354252e+01 -1.250000e+00 2.457740e+01
      vertex   -4.295663e+01 -2.500000e-01 2.558765e+01
      vertex   -4.354252e+01 -2.500000e-01 2.457740e+01
    endloop
  endfacet
  facet normal -8.765316e-01 0.000000e+00 4.813443e-01
    outer loop
      vertex   -4.354252e+01 -1.250000e+00 2.457740e+01
      vertex   -4.354252e+01 -2.500000e-01 2.457740e+01
      vertex   -4.410466e+01 -1.250000e+00 2.355374e+01
    endloop
  endfacet
  facet normal -8.765316e-01 0.000000e+00 4.813443e-01
    outer loop
      vertex   -4.410466e+01 -1.250000e+00 2.355374e+01
      vertex   -4.354252e+01 -2.500000e-01 2.457740e+01
      vertex   -4.410466e+01 -2.500000e-01 2.355374e+01
    endloop
  endfacet
  facet normal -8.875345e-01 0.000000e+00 4.607412e-01
    outer loop
      vertex   -4.410466e+01 -1.250000e+00 2.355374e+01
      vertex   -4.410466e+01 -2.500000e-01 2.355374e+01
      vertex   -4.464274e+01 -1.250000e+00 2.251723e+01
    endloop
  endfacet
  facet normal -8.875345e-01 -7.460767e-15 4.607412e-01
    outer loop
      vertex   -4.464274e+01 -1.250000e+00 2.251723e+01
      vertex   -4.410466e+01 -2.500000e-01 2.355374e+01
      vertex   -4.464274e+01 -2.500000e-01 2.251723e+01
    endloop
  endfacet
  facet normal -8.980533e-01 -8.203615e-15 4.398867e-01
    outer loop
      vertex   -4.464274e+01 -1.250000e+00 2.251723e+01
      vertex   -4.464274e+01 -2.500000e-01 2.251723e+01
      vertex   -4.515646e+01 -1.250000e+00 2.146844e+01
    endloop
  endfacet
  facet normal -8.980533e-01 0.000000e+00 4.398867e-01
    outer loop
      vertex   -4.515646e+01 -1.250000e+00 2.146844e+01
      vertex   -4.464274e+01 -2.500000e-01 2.251723e+01
      vertex   -4.515646e+01 -2.500000e-01 2.146844e+01
    endloop
  endfacet
  facet normal -9.080820e-01 0.000000e+00 4.187923e-01
    outer loop
      vertex   -4.515646e+01 -1.250000e+00 2.146844e+01
      vertex   -4.515646e+01 -2.500000e-01 2.146844e+01
      vertex   -4.564555e+01 -1.250000e+00 2.040793e+01
    endloop
  endfacet
  facet normal -9.080820e-01 0.000000e+00 4.187923e-01
    outer loop
      vertex   -4.564555e+01 -1.250000e+00 2.040793e+01
      vertex   -4.515646e+01 -2.500000e-01 2.146844e+01
      vertex   -4.564555e+01 -2.500000e-01 2.040793e+01
    endloop
  endfacet
  facet normal -9.176154e-01 0.000000e+00 3.974694e-01
    outer loop
      vertex   -4.564555e+01 -1.250000e+00 2.040793e+01
      vertex   -4.564555e+01 -2.500000e-01 2.040793e+01
      vertex   -4.610973e+01 -1.250000e+00 1.933630e+01
    endloop
  endfacet
  facet normal -9.176154e-01 -4.567529e-15 3.974694e-01
    outer loop
      vertex   -4.610973e+01 -1.250000e+00 1.933630e+01
      vertex   -4.564555e+01 -2.500000e-01 2.040793e+01
      vertex   -4.610973e+01 -2.500000e-01 1.933630e+01
    endloop
  endfacet
  facet normal -9.266482e-01 -5.155040e-15 3.759297e-01
    outer loop
      vertex   -4.610973e+01 -1.250000e+00 1.933630e+01
      vertex   -4.610973e+01 -2.500000e-01 1.933630e+01
      vertex   -4.654877e+01 -1.250000e+00 1.825411e+01
    endloop
  endfacet
  facet normal -9.266482e-01 0.000000e+00 3.759297e-01
    outer loop
      vertex   -4.654877e+01 -1.250000e+00 1.825411e+01
      vertex   -4.610973e+01 -2.500000e-01 1.933630e+01
      vertex   -4.654877e+01 -2.500000e-01 1.825411e+01
    endloop
  endfacet
  facet normal -9.351754e-01 0.000000e+00 3.541849e-01
    outer loop
      vertex   -4.654877e+01 -1.250000e+00 1.825411e+01
      vertex   -4.654877e+01 -2.500000e-01 1.825411e+01
      vertex   -4.696240e+01 -1.250000e+00 1.716196e+01
    endloop
  endfacet
  facet normal -9.351754e-01 0.000000e+00 3.541849e-01
    outer loop
      vertex   -4.696240e+01 -1.250000e+00 1.716196e+01
      vertex   -4.654877e+01 -2.500000e-01 1.825411e+01
      vertex   -4.696240e+01 -2.500000e-01 1.716196e+01
    endloop
  endfacet
  facet normal -9.431925e-01 0.000000e+00 3.322468e-01
    outer loop
      vertex   -4.696240e+01 -1.250000e+00 1.716196e+01
      vertex   -4.696240e+01 -2.500000e-01 1.716196e+01
      vertex   -4.735042e+01 -1.250000e+00 1.606045e+01
    endloop
  endfacet
  facet normal -9.431925e-01 5.901889e-15 3.322468e-01
    outer loop
      vertex   -4.735042e+01 -1.250000e+00 1.606045e+01
      vertex   -4.696240e+01 -2.500000e-01 1.716196e+01
      vertex   -4.735042e+01 -2.500000e-01 1.606045e+01
    endloop
  endfacet
  facet normal -9.506950e-01 5.508971e-15 3.101275e-01
    outer loop
      vertex   -4.735042e+01 -1.250000e+00 1.606045e+01
      vertex   -4.735042e+01 -2.500000e-01 1.606045e+01
      vertex   -4.771260e+01 -1.250000e+00 1.495018e+01
    endloop
  endfacet
  facet normal -9.506950e-01 0.000000e+00 3.101275e-01
    outer loop
      vertex   -4.771260e+01 -1.250000e+00 1.495018e+01
      vertex   -4.735042e+01 -2.500000e-01 1.606045e+01
      vertex   -4.771260e+01 -2.500000e-01 1.495018e+01
    endloop
  endfacet
  facet normal -9.576788e-01 0.000000e+00 2.878390e-01
    outer loop
      vertex   -4.771260e+01 -1.250000e+00 1.495018e+01
      vertex   -4.771260e+01 -2.500000e-01 1.495018e+01
      vertex   -4.804875e+01 -1.250000e+00 1.383176e+01
    endloop
  endfacet
  facet normal -9.576788e-01 0.000000e+00 2.878390e-01
    outer loop
      vertex   -4.804875e+01 -1.250000e+00 1.383176e+01
      vertex   -4.771260e+01 -2.500000e-01 1.495018e+01
      vertex   -4.804875e+01 -2.500000e-01 1.383176e+01
    endloop
  endfacet
  facet normal -9.641402e-01 0.000000e+00 2.653935e-01
    outer loop
      vertex   -4.804875e+01 -1.250000e+00 1.383176e+01
      vertex   -4.804875e+01 -2.500000e-01 1.383176e+01
      vertex   -4.835869e+01 -1.250000e+00 1.270578e+01
    endloop
  endfacet
  facet normal -9.641402e-01 -8.515487e-15 2.653935e-01
    outer loop
      vertex   -4.835869e+01 -1.250000e+00 1.270578e+01
      vertex   -4.804875e+01 -2.500000e-01 1.383176e+01
      vertex   -4.835869e+01 -2.500000e-01 1.270578e+01
    endloop
  endfacet
  facet normal -9.700756e-01 -9.041247e-15 2.428032e-01
    outer loop
      vertex   -4.835869e+01 -1.250000e+00 1.270578e+01
      vertex   -4.835869e+01 -2.500000e-01 1.270578e+01
      vertex   -4.864225e+01 -1.250000e+00 1.157288e+01
    endloop
  endfacet
  facet normal -9.700756e-01 0.000000e+00 2.428032e-01
    outer loop
      vertex   -4.864225e+01 -1.250000e+00 1.157288e+01
      vertex   -4.835869e+01 -2.500000e-01 1.270578e+01
      vertex   -4.864225e+01 -2.500000e-01 1.157288e+01
    endloop
  endfacet
  facet normal -9.754817e-01 0.000000e+00 2.200804e-01
    outer loop
      vertex   -4.864225e+01 -1.250000e+00 1.157288e+01
      vertex   -4.864225e+01 -2.500000e-01 1.157288e+01
      vertex   -4.889927e+01 -1.250000e+00 1.043366e+01
    endloop
  endfacet
  facet normal -9.754817e-01 0.000000e+00 2.200804e-01
    outer loop
      vertex   -4.889927e+01 -1.250000e+00 1.043366e+01
      vertex   -4.864225e+01 -2.500000e-01 1.157288e+01
      vertex   -4.889927e+01 -2.500000e-01 1.043366e+01
    endloop
  endfacet
  facet normal -9.803557e-01 0.000000e+00 1.972375e-01
    outer loop
      vertex   -4.889927e+01 -1.250000e+00 1.043366e+01
      vertex   -4.889927e+01 -2.500000e-01 1.043366e+01
      vertex   -4.912962e+01 -1.250000e+00 9.288750e+00
    endloop
  endfacet
  facet normal -9.803557e-01 4.554735e-15 1.972375e-01
    outer loop
      vertex   -4.912962e+01 -1.250000e+00 9.288750e+00
      vertex   -4.889927e+01 -2.500000e-01 1.043366e+01
      vertex   -4.912962e+01 -2.500000e-01 9.288750e+00
    endloop
  endfacet
  facet normal -9.846949e-01 4.024749e-15 1.742871e-01
    outer loop
      vertex   -4.912962e+01 -1.250000e+00 9.288750e+00
      vertex   -4.912962e+01 -2.500000e-01 9.288750e+00
      vertex   -4.933316e+01 -1.250000e+00 8.138772e+00
    endloop
  endfacet
  facet normal -9.846949e-01 0.000000e+00 1.742871e-01
    outer loop
      vertex   -4.933316e+01 -1.250000e+00 8.138772e+00
      vertex   -4.912962e+01 -2.500000e-01 9.288750e+00
      vertex   -4.933316e+01 -2.500000e-01 8.138772e+00
    endloop
  endfacet
  facet normal -9.884968e-01 0.000000e+00 1.512416e-01
    outer loop
      vertex   -4.933316e+01 -1.250000e+00 8.138772e+00
      vertex   -4.933316e+01 -2.500000e-01 8.138772e+00
      vertex   -4.950978e+01 -1.250000e+00 6.984354e+00
    endloop
  endfacet
  facet normal -9.884968e-01 0.000000e+00 1.512416e-01
    outer loop
      vertex   -4.950978e+01 -1.250000e+00 6.984354e+00
      vertex   -4.933316e+01 -2.500000e-01 8.138772e+00
      vertex   -4.950978e+01 -2.500000e-01 6.984354e+00
    endloop
  endfacet
  facet normal -9.917595e-01 0.000000e+00 1.281135e-01
    outer loop
      vertex   -4.950978e+01 -1.250000e+00 6.984354e+00
      vertex   -4.950978e+01 -2.500000e-01 6.984354e+00
      vertex   -4.965940e+01 -1.250000e+00 5.826126e+00
    endloop
  endfacet
  facet normal -9.917595e-01 2.958480e-15 1.281135e-01
    outer loop
      vertex   -4.965940e+01 -1.250000e+00 5.826126e+00
      vertex   -4.950978e+01 -2.500000e-01 6.984354e+00
      vertex   -4.965940e+01 -2.500000e-01 5.826126e+00
    endloop
  endfacet
  facet normal -9.944811e-01 2.422778e-15 1.049156e-01
    outer loop
      vertex   -4.965940e+01 -1.250000e+00 5.826126e+00
      vertex   -4.965940e+01 -2.500000e-01 5.826126e+00
      vertex   -4.978193e+01 -1.250000e+00 4.664720e+00
    endloop
  endfacet
  facet normal -9.944811e-01 2.236411e-15 1.049156e-01
    outer loop
      vertex   -4.978193e+01 -1.250000e+00 4.664720e+00
      vertex   -4.965940e+01 -2.500000e-01 5.826126e+00
      vertex   -4.978193e+01 -2.500000e-01 4.664720e+00
    endloop
  endfacet
  facet normal -9.966602e-01 1.740697e-15 8.166045e-02
    outer loop
      vertex   -4.978193e+01 -1.250000e+00 4.664720e+00
      vertex   -4.978193e+01 -2.500000e-01 4.664720e+00
      vertex   -4.987730e+01 -1.250000e+00 3.500768e+00
    endloop
  endfacet
  facet normal -9.966602e-01 0.000000e+00 8.166045e-02
    outer loop
      vertex   -4.987730e+01 -1.250000e+00 3.500768e+00
      vertex   -4.978193e+01 -2.500000e-01 4.664720e+00
      vertex   -4.987730e+01 -2.500000e-01 3.500768e+00
    endloop
  endfacet
  facet normal -9.982956e-01 0.000000e+00 5.836074e-02
    outer loop
      vertex   -4.987730e+01 -1.250000e+00 3.500768e+00
      vertex   -4.987730e+01 -2.500000e-01 3.500768e+00
      vertex   -4.994545e+01 -1.250000e+00 2.334907e+00
    endloop
  endfacet
  facet normal -9.982956e-01 -5.797448e-15 5.836074e-02
    outer loop
      vertex   -4.994545e+01 -1.250000e+00 2.334907e+00
      vertex   -4.987730e+01 -2.500000e-01 3.500768e+00
      vertex   -4.994545e+01 -2.500000e-01 2.334907e+00
    endloop
  endfacet
  facet normal -9.993863e-01 -6.323263e-15 3.502918e-02
    outer loop
      vertex   -4.994545e+01 -1.250000e+00 2.334907e+00
      vertex   -4.994545e+01 -2.500000e-01 2.334907e+00
      vertex   -4.998636e+01 -1.250000e+00 1.167772e+00
    endloop
  endfacet
  facet normal -9.993863e-01 7.778041e-16 3.502918e-02
    outer loop
      vertex   -4.998636e+01 -1.250000e+00 1.167772e+00
      vertex   -4.994545e+01 -2.500000e-01 2.334907e+00
      vertex   -4.998636e+01 -2.500000e-01 1.167772e+00
    endloop
  endfacet
  facet normal 0.000000e+00 1.000000e+00 0.000000e+00
    outer loop
      vertex   -4.998636e+01 -2.500000e-01 1.167772e+00
      vertex   4.999659e+01 -2.500000e-01 5.839259e-01
      vertex   -5.000000e+01 -2.500000e-01 6.123234e-15
    endloop
  endfacet
  facet normal -0.000000e+00 1.000000e+00 0.000000e+00
    outer loop
      vertex   -5.000000e+01 -2.500000e-01 6.123234e-15
      vertex   4.999659e+01 -2.500000e-01 5.839259e-01
      vertex   4.999659e+01 -2.500000e-01 -5.839259e-01
    endloop
  endfacet
  facet normal 0.000000e+00 1.000000e+00 0.000000e+00
    outer loop
      vertex   -5.000000e+01 -2.500000e-01 6.123234e-15
      vertex   4.999659e+01 -2.500000e-01 -5.839259e-01
      vertex   -4.998636e+01 -2.500000e-01 -1.167772e+00
    endloop
  endfacet
  facet normal -0.000000e+00 1.000000e+00 0.000000e+00
    outer loop
      vertex   -4.998636e+01 -2.500000e-01 -1.167772e+00
      vertex   4.999659e+01 -2.500000e-01 -5.839259e-01
      vertex   4.996931e+01 -2.500000e-01 -1.751459e+00
    endloop
  endfacet
  facet normal 0.000000e+00 1.000000e+00 0.000000e+00
    outer loop
      vertex   -4.998636e+01 -2.500000e-01 -1.167772e+00
      vertex   4.996931e+01 -2.500000e-01 -1.751459e+00
      vertex   -4.994545e+01 -2.500000e-01 -2.334907e+00
    endloop
  endfacet
  facet normal -0.000000e+00 1.000000e+00 0.000000e+00
    outer loop
      vertex   -4.994545e+01 -2.500000e-01 -2.334907e+00
      vertex   4.996931e+01 -2.500000e-01 -1.751459e+00
      vertex   4.991478e+01 -2.500000e-01 -2.918037e+00
    endloop
  endfacet
  facet normal 0.000000e+00 1.000000e+00 0.000000e+00
    outer loop
      vertex   -4.994545e+01 -2.500000e-01 -2.334907e+00
      vertex   4.991478e+01 -2.500000e-01 -2.918037e+00
      vertex   -4.987730e+01 -2.500000e-01 -3.500768e+00
    endloop
  endfacet
  facet normal -0.000000e+00 1.000000e+00 0.000000e+00
    outer loop
      vertex   -4.987730e+01 -2.500000e-01 -3.500768e+00
      vertex   4.991478e+01 -2.500000e-01 -2.918037e+00
      vertex   4.983301e+01 -2.500000e-01 -4.083023e+00
    endloop
  endfacet
  facet normal 0.000000e+00 1.000000e+00 0.000000e+00
    outer loop
      vertex   -4.987730e+01 -2.500000e-01 -3.500768e+00
      vertex   4.983301e+01 -2.500000e-01 -4.083023e+00
      vertex   -4.978193e+01 -2.500000e-01 -4.664720e+00
    endloop
  endfacet
  facet normal -0.000000e+00 1.000000e+00 0.000000e+00
    outer loop
      vertex   -4.978193e+01 -2.500000e-01 -4.664720e+00
      vertex   4.983301e+01 -2.500000e-01 -4.083023e+00
      vertex   4.972406e+01 -2.500000e-01 -5.245781e+00
    endloop
  endfacet
  facet normal 0.000000e+00 1.000000e+00 0.000000e+00
    outer loop
      vertex   -4.978193e+01 -2.500000e-01 -4.664720e+00
      vertex   4.972406e+01 -2.500000e-01 -5.245781e+00
      vertex   -4.965940e+01 -2.500000e-01 -5.826126e+00
    endloop
  endfacet
  facet normal -0.000000e+00 1.000000e+00 0.000000e+00
    outer loop
      vertex   -4.965940e+01 -2.500000e-01 -5.826126e+00
      vertex   4.972406e+01 -2.500000e-01 -5.245781e+00
      vertex   4.958798e+01 -2.500000e-01 -6.405677e+00
    endloop
  endfacet
  facet normal 0.000000e+00 1.000000e+00 0.000000e+00
    outer loop
      vertex   -4.965940e+01 -2.500000e-01 -5.826126e+00
      vertex   4.958798e+01 -2.500000e-01 -6.405677e+00
      vertex   -4.950978e+01 -2.500000e-01 -6.984354e+00
    endloop
  endfacet
  facet normal -0.000000e+00 1.000000e+00 0.000000e+00
    outer loop
      vertex   -4.950978e+01 -2.500000e-01 -6.984354e+00
      vertex   4.958798e+01 -2.500000e-01 -6.405677e+00
      vertex   4.942484e+01 -2.500000e-01 -7.562079e+00
    endloop
  endfacet
  facet normal 0.000000e+00 1.000000e+00 0.000000e+00
    outer loop
      vertex   -4.950978e+01 -2.500000e-01 -6.984354e+00
      vertex   4.942484e+01 -2.500000e-01 -7.562079e+00
      vertex   -4.933316e+01 -2.500000e-01 -8.138772e+00
    endloop
  endfacet
  facet normal -0.000000e+00 1.000000e+00 0.000000e+00
    outer loop
      vertex   -4.933316e+01 -2.500000e-01 -8.138772e+00
      vertex   4.942484e+01 -2.500000e-01 -7.562079e+00
      vertex   4.923474e+01 -2.500000e-01 -8.714355e+00
    endloop
  endfacet
  facet normal 0.000000e+00 1.000000e+00 0.000000e+00
    outer loop
      vertex   -4.933316e+01 -2.500000e-01 -8.138772e+00
      vertex   4.923474e+01 -2.500000e-01 -8.714355e+00
      vertex   -4.912962e+01 -2.500000e-01 -9.288750e+00
    endloop
  endfacet
  facet normal -0.000000e+00 1.000000e+00 0.000000e+00
    outer loop
      vertex   -4.912962e+01 -2.500000e-01 -9.288750e+00
      vertex   4.923474e+01 -2.500000e-01 -8.714355e+00
      vertex   4.901779e+01 -2.500000e-01 -9.861877e+00
    endloop
  endfacet
  facet normal 0.000000e+00 1.000000e+00 0.000000e+00
    outer loop
      vertex   -4.912962e+01 -2.500000e-01 -9.288750e+00
      vertex   4.901779e+01 -2.500000e-01 -9.861877e+00
      vertex   -4.889927e+01 -2.500000e-01 -1.043366e+01
    endloop
  endfacet
  facet normal -0.000000e+00 1.000000e+00 0.000000e+00
    outer loop
      vertex   -4.889927e+01 -2.500000e-01 -1.043366e+01
      vertex   4.901779e+01 -2.500000e-01 -9.861877e+00
      vertex   4.877409e+01 -2.500000e-01 -1.100402e+01
    endloop
  endfacet
  facet normal 0.000000e+00 1.000000e+00 0.000000e+00
    outer loop
      vertex   -4.889927e+01 -2.500000e-01 -1.043366e+01
      vertex   4.877409e+01 -2.500000e-01 -1.100402e+01
      vertex   -4.864225e+01 -2.500000e-01 -1.157288e+01
    endloop
  endfacet
  facet normal -0.000000e+00 1.000000e+00 0.000000e+00
    outer loop
      vertex   -4.864225e+01 -2.500000e-01 -1.157288e+01
      vertex   4.877409e+01 -2.500000e-01 -1.100402e+01
      vertex   4.850378e+01 -2.500000e-01 -1.214016e+01
    endloop
  endfacet
  facet normal 0.000000e+00 1.000000e+00 0.000000e+00
    outer loop
      vertex   -4.864225e+01 -2.500000e-01 -1.157288e+01
      vertex   4.850378e+01 -2.500000e-01 -1.214016e+01
      vertex   -4.835869e+01 -2.500000e-01 -1.270578e+01
    endloop
  endfacet
  facet normal -0.000000e+00 1.000000e+00 0.000000e+00
    outer loop
      vertex   -4.835869e+01 -2.500000e-01 -1.270578e+01
      vertex   4.850378e+01 -2.500000e-01 -1.214016e+01
      vertex   4.820701e+01 -2.500000e-01 -1.326967e+01
    endloop
  endfacet
  facet normal 0.000000e+00 1.000000e+00 0.000000e+00
    outer loop
      vertex   -4.835869e+01 -2.500000e-01 -1.270578e+01
      vertex   4.820701e+01 -2.500000e-01 -1.326967e+01
      vertex   -4.804875e+01 -2.500000e-01 -1.383176e+01
    endloop
  endfacet
  facet normal -0.000000e+00 1.000000e+00 0.000000e+00
    outer loop
      vertex   -4.804875e+01 -2.500000e-01 -1.383176e+01
      vertex   4.820701e+01 -2.500000e-01 -1.326967e+01
      vertex   4.788394e+01 -2.500000e-01 -1.439195e+01
    endloop
  endfacet
  facet normal 0.000000e+00 1.000000e+00 0.000000e+00
    outer loop
      vertex   -4.804875e+01 -2.500000e-01 -1.383176e+01
      vertex   4.788394e+01 -2.500000e-01 -1.439195e+01
      vertex   -4.771260e+01 -2.500000e-01 -1.495018e+01
    endloop
  endfacet
  facet normal -0.000000e+00 1.000000e+00 0.000000e+00
    outer loop
      vertex   -4.771260e+01 -2.500000e-01 -1.495018e+01
      vertex   4.788394e+01 -2.500000e-01 -1.439195e+01
      vertex   4.753475e+01 -2.500000e-01 -1.550638e+01
    endloop
  endfacet
  facet normal 0.000000e+00 1.000000e+00 0.000000e+00
    outer loop
      vertex   -4.771260e+01 -2.500000e-01 -1.495018e+01
      vertex   4.753475e+01 -2.500000e-01 -1.550638e+01
      vertex   -4.735042e+01 -2.500000e-01 -1.606045e+01
    endloop
  endfacet
  facet normal -0.000000e+00 1.000000e+00 0.000000e+00
    outer loop
      vertex   -4.735042e+01 -2.500000e-01 -1.606045e+01
      vertex   4.753475e+01 -2.500000e-01 -1.550638e+01
      vertex   4.715962e+01 -2.500000e-01 -1.661234e+01
    endloop
  endfacet
  facet normal 0.000000e+00 1.000000e+00 0.000000e+00
    outer loop
      vertex   -4.735042e+01 -2.500000e-01 -1.606045e+01
      vertex   4.715962e+01 -2.500000e-01 -1.661234e+01
      vertex   -4.696240e+01 -2.500000e-01 -1.716196e+01
    endloop
  endfacet
  facet normal -0.000000e+00 1.000000e+00 0.000000e+00
    outer loop
      vertex   -4.696240e+01 -2.500000e-01 -1.716196e+01
      vertex   4.715962e+01 -2.500000e-01 -1.661234e+01
      vertex   4.675877e+01 -2.500000e-01 -1.770924e+01
    endloop
  endfacet
  facet normal 0.000000e+00 1.000000e+00 0.000000e+00
    outer loop
      vertex   -4.696240e+01 -2.500000e-01 -1.716196e+01
      vertex   4.675877e+01 -2.500000e-01 -1.770924e+01
      vertex   -4.654877e+01 -2.500000e-01 -1.825411e+01
    endloop
  endfacet
  facet normal -0.000000e+00 1.000000e+00 0.000000e+00
    outer loop
      vertex   -4.654877e+01 -2.500000e-01 -1.825411e+01
      vertex   4.675877e+01 -2.500000e-01 -1.770924e+01
      vertex   4.633241e+01 -2.500000e-01 -1.879648e+01
    endloop
  endfacet
  facet normal 0.000000e+00 1.000000e+00 0.000000e+00
    outer loop
      vertex   -4.654877e+01 -2.500000e-01 -1.825411e+01
      vertex   4.633241e+01 -2.500000e-01 -1.879648e+01
      vertex   -4.610973e+01 -2.500000e-01 -1.933630e+01
    endloop
  endfacet
  facet normal -0.000000e+00 1.000000e+00 0.000000e+00
    outer loop
      vertex   -4.610973e+01 -2.500000e-01 -1.933630e+01
      vertex   4.633241e+01 -2.500000e-01 -1.879648e+01
      vertex   4.588077e+01 -2.500000e-01 -1.987347e+01
    endloop
  endfacet
  facet normal 0.000000e+00 1.000000e+00 0.000000e+00
    outer loop
      vertex   -4.610973e+01 -2.500000e-01 -1.933630e+01
      vertex   4.588077e+01 -2.500000e-01 -1.987347e+01
      vertex   -4.564555e+01 -2.500000e-01 -2.040793e+01
    endloop
  endfacet
  facet normal -0.000000e+00 1.000000e+00 0.000000e+00
    outer loop
      vertex   -4.564555e+01 -2.500000e-01 -2.040793e+01
      vertex   4.588077e+01 -2.500000e-01 -1.987347e+01
      vertex   4.540410e+01 -2.500000e-01 -2.093962e+01
    endloop
  endfacet
  facet normal 0.000000e+00 1.000000e+00 0.000000e+00
    outer loop
      vertex   -4.564555e+01 -2.500000e-01 -2.040793e+01
      vertex   4.540410e+01 -2.500000e-01 -2.093962e+01
      vertex   -4.515646e+01 -2.500000e-01 -2.146844e+01
    endloop
  endfacet
  facet normal -0.000000e+00 1.000000e+00 0.000000e+00
    outer loop
      vertex   -4.515646e+01 -2.500000e-01 -2.146844e+01
      vertex   4.540410e+01 -2.500000e-01 -2.093962e+01
      vertex   4.490266e+01 -2.500000e-01 -2.199434e+01
    endloop
  endfacet
  facet normal 0.000000e+00 1.000000e+00 0.000000e+00
    outer loop
      vertex   -4.515646e+01 -2.500000e-01 -2.146844e+01
      vertex   4.490266e+01 -2.500000e-01 -2.199434e+01
      vertex   -4.464274e+01 -2.500000e-01 -2.251723e+01
    endloop
  endfacet
  facet normal -0.000000e+00 1.000000e+00 0.000000e+00
    outer loop
      vertex   -4.464274e+01 -2.500000e-01 -2.251723e+01
      vertex   4.490266e+01 -2.500000e-01 -2.199434e+01
      vertex   4.437673e+01 -2.500000e-01 -2.303706e+01
    endloop
  endfacet
  facet normal 0.000000e+00 1.000000e+00 0.000000e+00
    outer loop
      vertex   -4.464274e+01 -2.500000e-01 -2.251723e+01
      vertex   4.437673e+01 -2.500000e-01 -2.303706e+01
      vertex   -4.410466e+01 -2.500000e-01 -2.355374e+01
    endloop
  endfacet
  facet normal -0.000000e+00 1.000000e+00 0.000000e+00
    outer loop
      vertex   -4.410466e+01 -2.500000e-01 -2.355374e+01
      vertex   4.437673e+01 -2.500000e-01 -2.303706e+01
      vertex   4.382658e+01 -2.500000e-01 -2.406721e+01
    endloop
  endfacet
  facet normal 0.000000e+00 1.000000e+00 0.000000e+00
    outer loop
      vertex   -4.410466e+01 -2.500000e-01 -2.355374e+01
      vertex   4.382658e+01 -2.500000e-01 -2.406721e+01
      vertex   -4.354252e+01 -2.500000e-01 -2.457740e+01
    endloop
  endfacet
  facet normal -0.000000e+00 1.000000e+00 0.000000e+00
    outer loop
      vertex   -4.354252e+01 -2.500000e-01 -2.457740e+01
      vertex   4.382658e+01 -2.500000e-01 -2.406721e+01
      vertex   4.325253e+01 -2.500000e-01 -2.508424e+01
    endloop
  endfacet
  facet normal 0.000000e+00 1.000000e+00 0.000000e+00
    outer loop
      vertex   -4.354252e+01 -2.500000e-01 -2.457740e+01
      vertex   4.325253e+01 -2.500000e-01 -2.508424e+01
      vertex   -4.295663e+01 -2.500000e-01 -2.558765e+01
    endloop
  endfacet
  facet normal -0.000000e+00 1.000000e+00 0.000000e+00
    outer loop
      vertex   -4.295663e+01 -2.500000e-01 -2.558765e+01
      vertex   4.325253e+01 -2.500000e-01 -2.508424e+01
      vertex   4.265487e+01 -2.500000e-01 -2.608758e+01
    endloop
  endfacet
  facet normal 0.000000e+00 1.000000e+00 0.000000e+00
    outer loop
      vertex   -4.295663e+01 -2.500000e-01 -2.558765e+01
      vertex   4.265487e+01 -2.500000e-01 -2.608758e+01
      vertex   -4.234730e+01 -2.500000e-01 -2.658394e+01
    endloop
  endfacet
  facet normal -0.000000e+00 1.000000e+00 0.000000e+00
    outer loop
      vertex   -4.234730e+01 -2.500000e-01 -2.658394e+01
      vertex   4.265487e+01 -2.500000e-01 -2.608758e+01
      vertex   4.203395e+01 -2.500000e-01 -2.707668e+01
    endloop
  endfacet
  facet normal 0.000000e+00 1.000000e+00 0.000000e+00
    outer loop
      vertex   -4.234730e+01 -2.500000e-01 -2.658394e+01
      vertex   4.203395e+01 -2.500000e-01 -2.707668e+01
      vertex   -4.171487e+01 -2.500000e-01 -2.756573e+01
    endloop
  endfacet
  facet normal -0.000000e+00 1.000000e+00 0.000000e+00
    outer loop
      vertex   -4.171487e+01 -2.500000e-01 -2.756573e+01
      vertex   4.203395e+01 -2.500000e-01 -2.707668e+01
      vertex   4.139010e+01 -2.500000e-01 -2.805102e+01
    endloop
  endfacet
  facet normal 0.000000e+00 1.000000e+00 0.000000e+00
    outer loop
      vertex   -4.171487e+01 -2.500000e-01 -2.756573e+01
      vertex   4.139010e+01 -2.500000e-01 -2.805102e+01
      vertex   -4.105968e+01 -2.500000e-01 -2.853248e+01
    endloop
  endfacet
  facet normal -0.000000e+00 1.000000e+00 0.000000e+00
    outer loop
      vertex   -4.105968e+01 -2.500000e-01 -2.853248e+01
      vertex   4.139010e+01 -2.500000e-01 -2.805102e+01
      vertex   4.072366e+01 -2.500000e-01 -2.901005e+01
    endloop
  endfacet
  facet normal 0.000000e+00 1.000000e+00 0.000000e+00
    outer loop
      vertex   -4.105968e+01 -2.500000e-01 -2.853248e+01
      vertex   4.072366e+01 -2.500000e-01 -2.901005e+01
      vertex   -4.038209e+01 -2.500000e-01 -2.948367e+01
    endloop
  endfacet
  facet normal -0.000000e+00 1.000000e+00 0.000000e+00
    outer loop
      vertex   -4.038209e+01 -2.500000e-01 -2.948367e+01
      vertex   4.072366e+01 -2.500000e-01 -2.901005e+01
      vertex   4.003501e+01 -2.500000e-01 -2.995326e+01
    endloop
  endfacet
  facet normal 0.000000e+00 1.000000e+00 0.000000e+00
    outer loop
      vertex   -4.038209e+01 -2.500000e-01 -2.948367e+01
      vertex   4.003501e+01 -2.500000e-01 -2.995326e+01
      vertex   -3.968247e+01 -2.500000e-01 -3.041876e+01
    endloop
  endfacet
  facet normal -0.000000e+00 1.000000e+00 0.000000e+00
    outer loop
      vertex   -3.968247e+01 -2.500000e-01 -3.041876e+01
      vertex   4.003501e+01 -2.500000e-01 -2.995326e+01
      vertex   3.932452e+01 -2.500000e-01 -3.088012e+01
    endloop
  endfacet
  facet normal 0.000000e+00 1.000000e+00 0.000000e+00
    outer loop
      vertex   -3.968247e+01 -2.500000e-01 -3.041876e+01
      vertex   3.932452e+01 -2.500000e-01 -3.088012e+01
      vertex   -3.896121e+01 -2.500000e-01 -3.133727e+01
    endloop
  endfacet
  facet normal -0.000000e+00 1.000000e+00 0.000000e+00
    outer loop
      vertex   -3.896121e+01 -2.500000e-01 -3.133727e+01
      vertex   3.932452e+01 -2.500000e-01 -3.088012e+01
      vertex   3.859258e+01 -2.500000e-01 -3.179014e+01
    endloop
  endfacet
  facet normal 0.000000e+00 1.000000e+00 0.000000e+00
    outer loop
      vertex   -3.896121e+01 -2.500000e-01 -3.133727e+01
      vertex   3.859258e+01 -2.500000e-01 -3.179014e+01
      vertex   -3.821868e+01 -2.500000e-01 -3.223868e+01
    endloop
  endfacet
  facet normal -0.000000e+00 1.000000e+00 0.000000e+00
    outer loop
      vertex   -3.821868e+01 -2.500000e-01 -3.223868e+01
      vertex   3.859258e+01 -2.500000e-01 -3.179014e+01
      vertex   3.783958e+01 -2.500000e-01 -3.268282e+01
    endloop
  endfacet
  facet normal 0.000000e+00 1.000000e+00 0.000000e+00
    outer loop
      vertex   -3.821868e+01 -2.500000e-01 -3.223868e+01
      vertex   3.783958e+01 -2.500000e-01 -3.268282e+01
      vertex   -3.745531e+01 -2.500000e-01 -3.312250e+01
    endloop
  endfacet
  facet normal -0.000000e+00 1.000000e+00 0.000000e+00
    outer loop
      vertex   -3.745531e+01 -2.500000e-01 -3.312250e+01
      vertex   3.783958e+01 -2.500000e-01 -3.268282e+01
      vertex   3.706593e+01 -2.500000e-01 -3.355766e+01
    endloop
  endfacet
  facet normal 0.000000e+00 1.000000e+00 0.000000e+00
    outer loop
      vertex   -3.745531e+01 -2.500000e-01 -3.312250e+01
      vertex   3.706593e+01 -2.500000e-01 -3.355766e+01
      vertex   -3.667150e+01 -2.500000e-01 -3.398825e+01
    endloop
  endfacet
  facet normal -0.000000e+00 1.000000e+00 0.000000e+00
    outer loop
      vertex   -3.667150e+01 -2.500000e-01 -3.398825e+01
      vertex   3.706593e+01 -2.500000e-01 -3.355766e+01
      vertex   3.627207e+01 -2.500000e-01 -3.441420e+01
    endloop
  endfacet
  facet normal 0.000000e+00 1.000000e+00 0.000000e+00
    outer loop
      vertex   -3.667150e+01 -2.500000e-01 -3.398825e+01
      vertex   3.627207e+01 -2.500000e-01 -3.441420e+01
      vertex   -3.586769e+01 -2.500000e-01 -3.483546e+01
    endloop
  endfacet
  facet normal -0.000000e+00 1.000000e+00 0.000000e+00
    outer loop
      vertex   -3.586769e+01 -2.500000e-01 -3.483546e+01
      vertex   3.627207e+01 -2.500000e-01 -3.441420e+01
      vertex   3.545842e+01 -2.500000e-01 -3.525196e+01
    endloop
  endfacet
  facet normal 0.000000e+00 1.000000e+00 0.000000e+00
    outer loop
      vertex   -3.586769e+01 -2.500000e-01 -3.483546e+01
      vertex   3.545842e+01 -2.500000e-01 -3.525196e+01
      vertex   -3.504431e+01 -2.500000e-01 -3.566366e+01
    endloop
  endfacet
  facet normal -0.000000e+00 1.000000e+00 0.000000e+00
    outer loop
      vertex   -3.504431e+01 -2.500000e-01 -3.566366e+01
      vertex   3.545842e+01 -2.500000e-01 -3.525196e+01
      vertex   3.462542e+01 -2.500000e-01 -3.607049e+01
    endloop
  endfacet
  facet normal 0.000000e+00 1.000000e+00 0.000000e+00
    outer loop
      vertex   -3.504431e+01 -2.500000e-01 -3.566366e+01
      vertex   3.462542e+01 -2.500000e-01 -3.607049e+01
      vertex   -3.420181e+01 -2.500000e-01 -3.647241e+01
    endloop
  endfacet
  facet normal -0.000000e+00 1.000000e+00 0.000000e+00
    outer loop
      vertex   -3.420181e+01 -2.500000e-01 -3.647241e+01
      vertex   3.462542e+01 -2.500000e-01 -3.607049e+01
      vertex   3.377353e+01 -2.500000e-01 -3.686935e+01
    endloop
  endfacet
  facet normal 0.000000e+00 1.000000e+00 0.000000e+00
    outer loop
      vertex   -3.420181e+01 -2.500000e-01 -3.647241e+01
      vertex   3.377353e+01 -2.500000e-01 -3.686935e+01
      vertex   -3.334065e+01 -2.500000e-01 -3.726126e+01
    endloop
  endfacet
  facet normal -0.000000e+00 1.000000e+00 0.000000e+00
    outer loop
      vertex   -3.334065e+01 -2.500000e-01 -3.726126e+01
      vertex   3.377353e+01 -2.500000e-01 -3.686935e+01
      vertex   3.290322e+01 -2.500000e-01 -3.764808e+01
    endloop
  endfacet
  facet normal 0.000000e+00 1.000000e+00 0.000000e+00
    outer loop
      vertex   -3.334065e+01 -2.500000e-01 -3.726126e+01
      vertex   3.290322e+01 -2.500000e-01 -3.764808e+01
      vertex   -3.246130e+01 -2.500000e-01 -3.802978e+01
    endloop
  endfacet
  facet normal -0.000000e+00 1.000000e+00 0.000000e+00
    outer loop
      vertex   -3.246130e+01 -2.500000e-01 -3.802978e+01
      vertex   3.290322e+01 -2.500000e-01 -3.764808e+01
      vertex   3.201496e+01 -2.500000e-01 -3.840628e+01
    endloop
  endfacet
  facet normal 0.000000e+00 1.000000e+00 0.000000e+00
    outer loop
      vertex   -3.246130e+01 -2.500000e-01 -3.802978e+01
      vertex   3.201496e+01 -2.500000e-01 -3.840628e+01
      vertex   -3.156424e+01 -2.500000e-01 -3.877755e+01
    endloop
  endfacet
  facet normal -0.000000e+00 1.000000e+00 0.000000e+00
    outer loop
      vertex   -3.156424e+01 -2.500000e-01 -3.877755e+01
      vertex   3.201496e+01 -2.500000e-01 -3.840628e+01
      vertex   3.110923e+01 -2.500000e-01 -3.914353e+01
    endloop
  endfacet
  facet normal 0.000000e+00 1.000000e+00 0.000000e+00
    outer loop
      vertex   -3.156424e+01 -2.500000e-01 -3.877755e+01
      vertex   3.110923e+01 -2.500000e-01 -3.914353e+01
      vertex   -3.064997e+01 -2.500000e-01 -3.950417e+01
    endloop
  endfacet
  facet normal -0.000000e+00 1.000000e+00 0.000000e+00
    outer loop
      vertex   -3.064997e+01 -2.500000e-01 -3.950417e+01
      vertex   3.110923e+01 -2.500000e-01 -3.914353e+01
      vertex   3.018653e+01 -2.500000e-01 -3.985942e+01
    endloop
  endfacet
  facet normal 0.000000e+00 1.000000e+00 0.000000e+00
    outer loop
      vertex   -3.064997e+01 -2.500000e-01 -3.950417e+01
      vertex   3.018653e+01 -2.500000e-01 -3.985942e+01
      vertex   -2.971897e+01 -2.500000e-01 -4.020924e+01
    endloop
  endfacet
  facet normal -0.000000e+00 1.000000e+00 0.000000e+00
    outer loop
      vertex   -2.971897e+01 -2.500000e-01 -4.020924e+01
      vertex   3.018653e+01 -2.500000e-01 -3.985942e+01
      vertex   2.924736e+01 -2.500000e-01 -4.055357e+01
    endloop
  endfacet
  facet normal 0.000000e+00 1.000000e+00 0.000000e+00
    outer loop
      vertex   -2.971897e+01 -2.500000e-01 -4.020924e+01
      vertex   2.924736e+01 -2.500000e-01 -4.055357e+01
      vertex   -2.877176e+01 -2.500000e-01 -4.089237e+01
    endloop
  endfacet
  facet normal -0.000000e+00 1.000000e+00 0.000000e+00
    outer loop
      vertex   -2.877176e+01 -2.500000e-01 -4.089237e+01
      vertex   2.924736e+01 -2.500000e-01 -4.055357e+01
      vertex   2.829223e+01 -2.500000e-01 -4.122559e+01
    endloop
  endfacet
  facet normal 0.000000e+00 1.000000e+00 0.000000e+00
    outer loop
      vertex   -2.877176e+01 -2.500000e-01 -4.089237e+01
      vertex   2.829223e+01 -2.500000e-01 -4.122559e+01
      vertex   -2.780885e+01 -2.500000e-01 -4.155319e+01
    endloop
  endfacet
  facet normal -0.000000e+00 1.000000e+00 0.000000e+00
    outer loop
      vertex   -2.780885e+01 -2.500000e-01 -4.155319e+01
      vertex   2.829223e+01 -2.500000e-01 -4.122559e+01
      vertex   2.732167e+01 -2.500000e-01 -4.187513e+01
    endloop
  endfacet
  facet normal 0.000000e+00 1.000000e+00 0.000000e+00
    outer loop
      vertex   -2.780885e+01 -2.500000e-01 -4.155319e+01
      vertex   2.732167e+01 -2.500000e-01 -4.187513e+01
      vertex   -2.683077e+01 -2.500000e-01 -4.219135e+01
    endloop
  endfacet
  facet normal -0.000000e+00 1.000000e+00 0.000000e+00
    outer loop
      vertex   -2.683077e+01 -2.500000e-01 -4.219135e+01
      vertex   2.732167e+01 -2.500000e-01 -4.187513e+01
      vertex   2.633621e+01 -2.500000e-01 -4.250181e+01
    endloop
  endfacet
  facet normal 0.000000e+00 1.000000e+00 0.000000e+00
    outer loop
      vertex   -2.683077e+01 -2.500000e-01 -4.219135e+01
      vertex   2.633621e+01 -2.500000e-01 -4.250181e+01
      vertex   -2.583805e+01 -2.500000e-01 -4.280648e+01
    endloop
  endfacet
  facet normal -0.000000e+00 1.000000e+00 0.000000e+00
    outer loop
      vertex   -2.583805e+01 -2.500000e-01 -4.280648e+01
      vertex   2.633621e+01 -2.500000e-01 -4.250181e+01
      vertex   2.533638e+01 -2.500000e-01 -4.310531e+01
    endloop
  endfacet
  facet normal 0.000000e+00 1.000000e+00 0.000000e+00
    outer loop
      vertex   -2.583805e+01 -2.500000e-01 -4.280648e+01
      vertex   2.533638e+01 -2.500000e-01 -4.310531e+01
      vertex   -2.483124e+01 -2.500000e-01 -4.339827e+01
    endloop
  endfacet
  facet normal -0.000000e+00 1.000000e+00 0.000000e+00
    outer loop
      vertex   -2.483124e+01 -2.500000e-01 -4.339827e+01
      vertex   2.533638e+01 -2.500000e-01 -4.310531e+01
      vertex   2.432272e+01 -2.500000e-01 -4.368530e+01
    endloop
  endfacet
  facet normal 0.000000e+00 1.000000e+00 0.000000e+00
    outer loop
      vertex   -2.483124e+01 -2.500000e-01 -4.339827e+01
      vertex   2.432272e+01 -2.500000e-01 -4.368530e+01
      vertex   -2.381088e+01 -2.500000e-01 -4.396637e+01
    endloop
  endfacet
  facet normal -0.000000e+00 1.000000e+00 0.000000e+00
    outer loop
      vertex   -2.381088e+01 -2.500000e-01 -4.396637e+01
      vertex   2.432272e+01 -2.500000e-01 -4.368530e+01
      vertex   2.329580e+01 -2.500000e-01 -4.424145e+01
    endloop
  endfacet
  facet normal 0.000000e+00 1.000000e+00 0.000000e+00
    outer loop
      vertex   -2.381088e+01 -2.500000e-01 -4.396637e+01
      vertex   2.329580e+01 -2.500000e-01 -4.424145e+01
      vertex   -2.277753e+01 -2.500000e-01 -4.451049e+01
    endloop
  endfacet
  facet normal -0.000000e+00 1.000000e+00 0.000000e+00
    outer loop
      vertex   -2.277753e+01 -2.500000e-01 -4.451049e+01
      vertex   2.329580e+01 -2.500000e-01 -4.424145e+01
      vertex   2.225616e+01 -2.500000e-01 -4.477346e+01
    endloop
  endfacet
  facet normal 0.000000e+00 1.000000e+00 0.000000e+00
    outer loop
      vertex   -2.277753e+01 -2.500000e-01 -4.451049e+01
      vertex   2.225616e+01 -2.500000e-01 -4.477346e+01
      vertex   -2.173176e+01 -2.500000e-01 -4.503033e+01
    endloop
  endfacet
  facet normal -0.000000e+00 1.000000e+00 0.000000e+00
    outer loop
      vertex   -2.173176e+01 -2.500000e-01 -4.503033e+01
      vertex   2.225616e+01 -2.500000e-01 -4.477346e+01
      vertex   2.120439e+01 -2.500000e-01 -4.528105e+01
    endloop
  endfacet
  facet normal 0.000000e+00 1.000000e+00 0.000000e+00
    outer loop
      vertex   -2.173176e+01 -2.500000e-01 -4.503033e+01
      vertex   2.120439e+01 -2.500000e-01 -4.528105e+01
      vertex   -2.067413e+01 -2.500000e-01 -4.552560e+01
    endloop
  endfacet
  facet normal -0.000000e+00 1.000000e+00 0.000000e+00
    outer loop
      vertex   -2.067413e+01 -2.500000e-01 -4.552560e+01
      vertex   2.120439e+01 -2.500000e-01 -4.528105e+01
      vertex   2.014105e+01 -2.500000e-01 -4.576394e+01
    endloop
  endfacet
  facet normal 0.000000e+00 1.000000e+00 0.000000e+00
    outer loop
      vertex   -2.067413e+01 -2.500000e-01 -4.552560e+01
      vertex   2.014105e+01 -2.500000e-01 -4.576394e+01
      vertex   -1.960522e+01 -2.500000e-01 -4.599604e+01
    endloop
  endfacet
  facet normal -0.000000e+00 1.000000e+00 0.000000e+00
    outer loop
      vertex   -1.960522e+01 -2.500000e-01 -4.599604e+01
      vertex   2.014105e+01 -2.500000e-01 -4.576394e+01
      vertex   1.906672e+01 -2.500000e-01 -4.622186e+01
    endloop
  endfacet
  facet normal 0.000000e+00 1.000000e+00 0.000000e+00
    outer loop
      vertex   -1.960522e+01 -2.500000e-01 -4.599604e+01
      vertex   1.906672e+01 -2.500000e-01 -4.622186e+01
      vertex   -1.852561e+01 -2.500000e-01 -4.644138e+01
    endloop
  endfacet
  facet normal -0.000000e+00 1.000000e+00 0.000000e+00
    outer loop
      vertex   -1.852561e+01 -2.500000e-01 -4.644138e+01
      vertex   1.906672e+01 -2.500000e-01 -4.622186e+01
      vertex   1.798198e+01 -2.500000e-01 -4.665456e+01
    endloop
  endfacet
  facet normal 0.000000e+00 1.000000e+00 0.000000e+00
    outer loop
      vertex   -1.852561e+01 -2.500000e-01 -4.644138e+01
      vertex   1.798198e+01 -2.500000e-01 -4.665456e+01
      vertex   -1.743590e+01 -2.500000e-01 -4.686138e+01
    endloop
  endfacet
  facet normal -0.000000e+00 1.000000e+00 0.000000e+00
    outer loop
      vertex   -1.743590e+01 -2.500000e-01 -4.686138e+01
      vertex   1.798198e+01 -2.500000e-01 -4.665456e+01
      vertex   -1.633668e+01 -2.500000e-01 -4.725583e+01
    endloop
  endfacet
  facet normal -0.000000e+00 1.000000e+00 0.000000e+00
    outer loop
      vertex   -1.633668e+01 -2.500000e-01 -4.725583e+01
      vertex   1.798198e+01 -2.500000e-01 -4.665456e+01
      vertex   -1.522854e+01 -2.500000e-01 -4.762449e+01
    endloop
  endfacet
  facet normal -0.000000e+00 1.000000e+00 0.000000e+00
    outer loop
      vertex   -1.522854e+01 -2.500000e-01 -4.762449e+01
      vertex   1.798198e+01 -2.500000e-01 -4.665456e+01
      vertex   -1.411209e+01 -2.500000e-01 -4.796716e+01
    endloop
  endfacet
  facet normal -0.000000e+00 1.000000e+00 0.000000e+00
    outer loop
      vertex   -1.411209e+01 -2.500000e-01 -4.796716e+01
      vertex   1.798198e+01 -2.500000e-01 -4.665456e+01
      vertex   -1.298795e+01 -2.500000e-01 -4.828367e+01
    endloop
  endfacet
  facet normal -0.000000e+00 1.000000e+00 0.000000e+00
    outer loop
      vertex   -1.298795e+01 -2.500000e-01 -4.828367e+01
      vertex   1.798198e+01 -2.500000e-01 -4.665456e+01
      vertex   -1.185672e+01 -2.500000e-01 -4.857384e+01
    endloop
  endfacet
  facet normal -0.000000e+00 1.000000e+00 0.000000e+00
    outer loop
      vertex   -1.185672e+01 -2.500000e-01 -4.857384e+01
      vertex   1.798198e+01 -2.500000e-01 -4.665456e+01
      vertex   -1.071902e+01 -2.500000e-01 -4.883751e+01
    endloop
  endfacet
  facet normal -0.000000e+00 1.000000e+00 0.000000e+00
    outer loop
      vertex   -1.071902e+01 -2.500000e-01 -4.883751e+01
      vertex   1.798198e+01 -2.500000e-01 -4.665456e+01
      vertex   -9.575477e+00 -2.500000e-01 -4.907454e+01
    endloop
  endfacet
  facet normal -0.000000e+00 1.000000e+00 0.000000e+00
    outer loop
      vertex   -9.575477e+00 -2.500000e-01 -4.907454e+01
      vertex   1.798198e+01 -2.500000e-01 -4.665456e+01
      vertex   -8.426707e+00 -2.500000e-01 -4.928479e+01
    endloop
  endfacet
  facet normal -0.000000e+00 1.000000e+00 0.000000e+00
    outer loop
      vertex   -8.426707e+00 -2.500000e-01 -4.928479e+01
      vertex   1.798198e+01 -2.500000e-01 -4.665456e+01
      vertex   -7.273341e+00 -2.500000e-01 -4.946816e+01
    endloop
  endfacet
  facet normal -0.000000e+00 1.000000e+00 0.000000e+00
    outer loop
      vertex   -7.273341e+00 -2.500000e-01 -4.946816e+01
      vertex   1.798198e+01 -2.500000e-01 -4.665456e+01
      vertex   -6.116006e+00 -2.500000e-01 -4.962453e+01
    endloop
  endfacet
  facet normal -0.000000e+00 1.000000e+00 0.000000e+00
    outer loop
      vertex   -6.116006e+00 -2.500000e-01 -4.962453e+01
      vertex   1.798198e+01 -2.500000e-01 -4.665456e+01
      vertex   -4.955335e+00 -2.500000e-01 -4.975384e+01
    endloop
  endfacet
  facet normal -0.000000e+00 1.000000e+00 0.000000e+00
    outer loop
      vertex   -4.955335e+00 -2.500000e-01 -4.975384e+01
      vertex   1.798198e+01 -2.500000e-01 -4.665456e+01
      vertex   -3.791960e+00 -2.500000e-01 -4.985600e+01
    endloop
  endfacet
  facet normal -0.000000e+00 1.000000e+00 0.000000e+00
    outer loop
      vertex   -3.791960e+00 -2.500000e-01 -4.985600e+01
      vertex   1.798198e+01 -2.500000e-01 -4.665456e+01
      vertex   -2.626517e+00 -2.500000e-01 -4.993097e+01
    endloop
  endfacet
  facet normal -0.000000e+00 1.000000e+00 0.000000e+00
    outer loop
      vertex   -2.626517e+00 -2.500000e-01 -4.993097e+01
      vertex   1.798198e+01 -2.500000e-01 -4.665456e+01
      vertex   -1.459640e+00 -2.500000e-01 -4.997869e+01
    endloop
  endfacet
  facet normal -0.000000e+00 1.000000e+00 0.000000e+00
    outer loop
      vertex   -1.459640e+00 -2.500000e-01 -4.997869e+01
      vertex   1.798198e+01 -2.500000e-01 -4.665456e+01
      vertex   -2.919679e-01 -2.500000e-01 -4.999915e+01
    endloop
  endfacet
  facet normal 0.000000e+00 1.000000e+00 0.000000e+00
    outer loop
      vertex   -2.919679e-01 -2.500000e-01 -4.999915e+01
      vertex   1.798198e+01 -2.500000e-01 -4.665456e+01
      vertex   8.758639e-01 -2.500000e-01 -4.999233e+01
    endloop
  endfacet
  facet normal 0.000000e+00 1.000000e+00 0.000000e+00
    outer loop
      vertex   8.758639e-01 -2.500000e-01 -4.999233e+01
      vertex   1.798198e+01 -2.500000e-01 -4.665456e+01
      vertex   2.043218e+00 -2.500000e-01 -4.995824e+01
    endloop
  endfacet
  facet normal 0.000000e+00 1.000000e+00 0.000000e+00
    outer loop
      vertex   2.043218e+00 -2.500000e-01 -4.995824e+01
      vertex   1.798198e+01 -2.500000e-01 -4.665456e+01
      vertex   3.209457e+00 -2.500000e-01 -4.989689e+01
    endloop
  endfacet
  facet normal 0.000000e+00 1.000000e+00 0.000000e+00
    outer loop
      vertex   3.209457e+00 -2.500000e-01 -4.989689e+01
      vertex   1.798198e+01 -2.500000e-01 -4.665456e+01
      vertex   4.373946e+00 -2.500000e-01 -4.980832e+01
    endloop
  endfacet
  facet normal 0.000000e+00 1.000000e+00 0.000000e+00
    outer loop
      vertex   4.373946e+00 -2.500000e-01 -4.980832e+01
      vertex   1.798198e+01 -2.500000e-01 -4.665456e+01
      vertex   5.536048e+00 -2.500000e-01 -4.969258e+01
    endloop
  endfacet
  facet normal 0.000000e+00 1.000000e+00 0.000000e+00
    outer loop
      vertex   5.536048e+00 -2.500000e-01 -4.969258e+01
      vertex   1.798198e+01 -2.500000e-01 -4.665456e+01
      vertex   6.695130e+00 -2.500000e-01 -4.954972e+01
    endloop
  endfacet
  facet normal 0.000000e+00 1.000000e+00 0.000000e+00
    outer loop
      vertex   6.695130e+00 -2.500000e-01 -4.954972e+01
      vertex   1.798198e+01 -2.500000e-01 -4.665456e+01
      vertex   7.850559e+00 -2.500000e-01 -4.937984e+01
    endloop
  endfacet
  facet normal 0.000000e+00 1.000000e+00 0.000000e+00
    outer loop
      vertex   7.850559e+00 -2.500000e-01 -4.937984e+01
      vertex   1.798198e+01 -2.500000e-01 -4.665456e+01
      vertex   9.001706e+00 -2.500000e-01 -4.918302e+01
    endloop
  endfacet
  facet normal 0.000000e+00 1.000000e+00 0.000000e+00
    outer loop
      vertex   9.001706e+00 -2.500000e-01 -4.918302e+01
      vertex   1.798198e+01 -2.500000e-01 -4.665456e+01
      vertex   1.014794e+01 -2.500000e-01 -4.895936e+01
    endloop
  endfacet
  facet normal 0.000000e+00 1.000000e+00 0.000000e+00
    outer loop
      vertex   1.014794e+01 -2.500000e-01 -4.895936e+01
      vertex   1.798198e+01 -2.500000e-01 -4.665456e+01
      vertex   1.128864e+01 -2.500000e-01 -4.870900e+01
    endloop
  endfacet
  facet normal 0.000000e+00 1.000000e+00 0.000000e+00
    outer loop
      vertex   1.128864e+01 -2.500000e-01 -4.870900e+01
      vertex   1.798198e+01 -2.500000e-01 -4.665456e+01
      vertex   1.242318e+01 -2.500000e-01 -4.843206e+01
    endloop
  endfacet
  facet normal 0.000000e+00 1.000000e+00 0.000000e+00
    outer loop
      vertex   1.242318e+01 -2.500000e-01 -4.843206e+01
      vertex   1.798198e+01 -2.500000e-01 -4.665456e+01
      vertex   1.355095e+01 -2.500000e-01 -4.812870e+01
    endloop
  endfacet
  facet normal 0.000000e+00 1.000000e+00 0.000000e+00
    outer loop
      vertex   1.355095e+01 -2.500000e-01 -4.812870e+01
      vertex   1.798198e+01 -2.500000e-01 -4.665456e+01
      vertex   1.467132e+01 -2.500000e-01 -4.779908e+01
    endloop
  endfacet
  facet normal 0.000000e+00 1.000000e+00 0.000000e+00
    outer loop
      vertex   1.467132e+01 -2.500000e-01 -4.779908e+01
      vertex   1.798198e+01 -2.500000e-01 -4.665456e+01
      vertex   1.578368e+01 -2.500000e-01 -4.744339e+01
    endloop
  endfacet
  facet normal 0.000000e+00 1.000000e+00 0.000000e+00
    outer loop
      vertex   1.578368e+01 -2.500000e-01 -4.744339e+01
      vertex   1.798198e+01 -2.500000e-01 -4.665456e+01
      vertex   1.688744e+01 -2.500000e-01 -4.706181e+01
    endloop
  endfacet
  facet normal 0.000000e+00 1.000000e+00 0.000000e+00
    outer loop
      vertex   4.999659e+01 -2.500000e-01 5.839259e-01
      vertex   -4.998636e+01 -2.500000e-01 1.167772e+00
      vertex   4.996931e+01 -2.500000e-01 1.751459e+00
    endloop
  endfacet
  facet normal 0.000000e+00 1.000000e+00 0.000000e+00
    outer loop
      vertex   4.996931e+01 -2.500000e-01 1.751459e+00
      vertex   -4.998636e+01 -2.500000e-01 1.167772e+00
      vertex   -4.994545e+01 -2.500000e-01 2.334907e+00
    endloop
  endfacet
  facet normal 0.000000e+00 1.000000e+00 0.000000e+00
    outer loop
      vertex   4.996931e+01 -2.500000e-01 1.751459e+00
      vertex   -4.994545e+01 -2.500000e-01 2.334907e+00
      vertex   4.991478e+01 -2.500000e-01 2.918037e+00
    endloop
  endfacet
  facet normal 0.000000e+00 1.000000e+00 0.000000e+00
    outer loop
      vertex   4.991478e+01 -2.500000e-01 2.918037e+00
      vertex   -4.994545e+01 -2.500000e-01 2.334907e+00
      vertex   -4.987730e+01 -2.500000e-01 3.500768e+00
    endloop
  endfacet
  facet normal 0.000000e+00 1.000000e+00 0.000000e+00
    outer loop
      vertex   4.991478e+01 -2.500000e-01 2.918037e+00
      vertex   -4.987730e+01 -2.500000e-01 3.500768e+00
      vertex   4.983301e+01 -2.500000e-01 4.083023e+00
    endloop
  endfacet
  facet normal 0.000000e+00 1.000000e+00 0.000000e+00
    outer loop
      vertex   4.983301e+01 -2.500000e-01 4.083023e+00
      vertex   -4.987730e+01 -2.500000e-01 3.500768e+00
      vertex   -4.978193e+01 -2.500000e-01 4.664720e+00
    endloop
  endfacet
  facet normal 0.000000e+00 1.000000e+00 0.000000e+00
    outer loop
      vertex   4.983301e+01 -2.500000e-01 4.083023e+00
      vertex   -4.978193e+01 -2.500000e-01 4.664720e+00
      vertex   4.972406e+01 -2.500000e-01 5.245781e+00
    endloop
  endfacet
  facet normal 0.000000e+00 1.000000e+00 0.000000e+00
    outer loop
      vertex   4.972406e+01 -2.500000e-01 5.245781e+00
      vertex   -4.978193e+01 -2.500000e-01 4.664720e+00
      vertex   -4.965940e+01 -2.500000e-01 5.826126e+00
    endloop
  endfacet
  facet normal 0.000000e+00 1.000000e+00 0.000000e+00
    outer loop
      vertex   4.972406e+01 -2.500000e-01 5.245781e+00
      vertex   -4.965940e+01 -2.500000e-01 5.826126e+00
      vertex   4.958798e+01 -2.500000e-01 6.405677e+00
    endloop
  endfacet
  facet normal 0.000000e+00 1.000000e+00 0.000000e+00
    outer loop
      vertex   4.958798e+01 -2.500000e-01 6.405677e+00
      vertex   -4.965940e+01 -2.500000e-01 5.826126e+00
      vertex   -4.950978e+01 -2.500000e-01 6.984354e+00
    endloop
  endfacet
  facet normal 0.000000e+00 1.000000e+00 0.000000e+00
    outer loop
      vertex   4.958798e+01 -2.500000e-01 6.405677e+00
      vertex   -4.950978e+01 -2.500000e-01 6.984354e+00
      vertex   4.942484e+01 -2.500000e-01 7.562079e+00
    endloop
  endfacet
  facet normal 0.000000e+00 1.000000e+00 0.000000e+00
    outer loop
      vertex   4.942484e+01 -2.500000e-01 7.562079e+00
      vertex   -4.950978e+01 -2.500000e-01 6.984354e+00
      vertex   -4.933316e+01 -2.500000e-01 8.138772e+00
    endloop
  endfacet
  facet normal 0.000000e+00 1.000000e+00 0.000000e+00
    outer loop
      vertex   4.942484e+01 -2.500000e-01 7.562079e+00
      vertex   -4.933316e+01 -2.500000e-01 8.138772e+00
      vertex   4.923474e+01 -2.500000e-01 8.714355e+00
    endloop
  endfacet
  facet normal 0.000000e+00 1.000000e+00 0.000000e+00
    outer loop
      vertex   4.923474e+01 -2.500000e-01 8.714355e+00
      vertex   -4.933316e+01 -2.500000e-01 8.138772e+00
      vertex   -4.912962e+01 -2.500000e-01 9.288750e+00
    endloop
  endfacet
  facet normal 0.000000e+00 1.000000e+00 0.000000e+00
    outer loop
      vertex   4.923474e+01 -2.500000e-01 8.714355e+00
      vertex   -4.912962e+01 -2.500000e-01 9.288750e+00
      vertex   4.901779e+01 -2.500000e-01 9.861877e+00
    endloop
  endfacet
  facet normal 0.000000e+00 1.000000e+00 0.000000e+00
    outer loop
      vertex   4.901779e+01 -2.500000e-01 9.861877e+00
      vertex   -4.912962e+01 -2.500000e-01 9.288750e+00
      vertex   -4.889927e+01 -2.500000e-01 1.043366e+01
    endloop
  endfacet
  facet normal 0.000000e+00 1.000000e+00 0.000000e+00
    outer loop
      vertex   4.901779e+01 -2.500000e-01 9.861877e+00
      vertex   -4.889927e+01 -2.500000e-01 1.043366e+01
      vertex   4.877409e+01 -2.500000e-01 1.100402e+01
    endloop
  endfacet
  facet normal 0.000000e+00 1.000000e+00 0.000000e+00
    outer loop
      vertex   4.877409e+01 -2.500000e-01 1.100402e+01
      vertex   -4.889927e+01 -2.500000e-01 1.043366e+01
      vertex   -4.864225e+01 -2.500000e-01 1.157288e+01
    endloop
  endfacet
  facet normal 0.000000e+00 1.000000e+00 0.000000e+00
    outer loop
      vertex   4.877409e+01 -2.500000e-01 1.100402e+01
      vertex   -4.864225e+01 -2.500000e-01 1.157288e+01
      vertex   4.850378e+01 -2.500000e-01 1.214016e+01
    endloop
  endfacet
  facet normal 0.000000e+00 1.000000e+00 0.000000e+00
    outer loop
      vertex   4.850378e+01 -2.500000e-01 1.214016e+01
      vertex   -4.864225e+01 -2.500000e-01 1.157288e+01
      vertex   -4.835869e+01 -2.500000e-01 1.270578e+01
    endloop
  endfacet
  facet normal 0.000000e+00 1.000000e+00 0.000000e+00
    outer loop
      vertex   4.850378e+01 -2.500000e-01 1.214016e+01
      vertex   -4.835869e+01 -2.500000e-01 1.270578e+01
      vertex   4.820701e+01 -2.500000e-01 1.326967e+01
    endloop
  endfacet
  facet normal 0.000000e+00 1.000000e+00 0.000000e+00
    outer loop
      vertex   4.820701e+01 -2.500000e-01 1.326967e+01
      vertex   -4.835869e+01 -2.500000e-01 1.270578e+01
      vertex   -4.804875e+01 -2.500000e-01 1.383176e+01
    endloop
  endfacet
  facet normal 0.000000e+00 1.000000e+00 0.000000e+00
    outer loop
      vertex   4.820701e+01 -2.500000e-01 1.326967e+01
      vertex   -4.804875e+01 -2.500000e-01 1.383176e+01
      vertex   4.788394e+01 -2.500000e-01 1.439195e+01
    endloop
  endfacet
  facet normal 0.000000e+00 1.000000e+00 0.000000e+00
    outer loop
      vertex   4.788394e+01 -2.500000e-01 1.439195e+01
      vertex   -4.804875e+01 -2.500000e-01 1.383176e+01
      vertex   -4.771260e+01 -2.500000e-01 1.495018e+01
    endloop
  endfacet
  facet normal 0.000000e+00 1.000000e+00 0.000000e+00
    outer loop
      vertex   4.788394e+01 -2.500000e-01 1.439195e+01
      vertex   -4.771260e+01 -2.500000e-01 1.495018e+01
      vertex   4.753475e+01 -2.500000e-01 1.550638e+01
    endloop
  endfacet
  facet normal 0.000000e+00 1.000000e+00 0.000000e+00
    outer loop
      vertex   4.753475e+01 -2.500000e-01 1.550638e+01
      vertex   -4.771260e+01 -2.500000e-01 1.495018e+01
      vertex   -4.735042e+01 -2.500000e-01 1.606045e+01
    endloop
  endfacet
  facet normal 0.000000e+00 1.000000e+00 0.000000e+00
    outer loop
      vertex   4.753475e+01 -2.500000e-01 1.550638e+01
      vertex   -4.735042e+01 -2.500000e-01 1.606045e+01
      vertex   4.715962e+01 -2.500000e-01 1.661234e+01
    endloop
  endfacet
  facet normal 0.000000e+00 1.000000e+00 0.000000e+00
    outer loop
      vertex   4.715962e+01 -2.500000e-01 1.661234e+01
      vertex   -4.735042e+01 -2.500000e-01 1.606045e+01
      vertex   -4.696240e+01 -2.500000e-01 1.716196e+01
    endloop
  endfacet
  facet normal 0.000000e+00 1.000000e+00 0.000000e+00
    outer loop
      vertex   4.715962e+01 -2.500000e-01 1.661234e+01
      vertex   -4.696240e+01 -2.500000e-01 1.716196e+01
      vertex   4.675877e+01 -2.500000e-01 1.770924e+01
    endloop
  endfacet
  facet normal 0.000000e+00 1.000000e+00 0.000000e+00
    outer loop
      vertex   4.675877e+01 -2.500000e-01 1.770924e+01
      vertex   -4.696240e+01 -2.500000e-01 1.716196e+01
      vertex   -4.654877e+01 -2.500000e-01 1.825411e+01
    endloop
  endfacet
  facet normal 0.000000e+00 1.000000e+00 0.000000e+00
    outer loop
      vertex   4.675877e+01 -2.500000e-01 1.770924e+01
      vertex   -4.654877e+01 -2.500000e-01 1.825411e+01
      vertex   4.633241e+01 -2.500000e-01 1.879648e+01
    endloop
  endfacet
  facet normal 0.000000e+00 1.000000e+00 0.000000e+00
    outer loop
      vertex   4.633241e+01 -2.500000e-01 1.879648e+01
      vertex   -4.654877e+01 -2.500000e-01 1.825411e+01
      vertex   -4.610973e+01 -2.500000e-01 1.933630e+01
    endloop
  endfacet
  facet normal 0.000000e+00 1.000000e+00 0.000000e+00
    outer loop
      vertex   4.633241e+01 -2.500000e-01 1.879648e+01
      vertex   -4.610973e+01 -2.500000e-01 1.933630e+01
      vertex   4.588077e+01 -2.500000e-01 1.987347e+01
    endloop
  endfacet
  facet normal 0.000000e+00 1.000000e+00 0.000000e+00
    outer loop
      vertex   4.588077e+01 -2.500000e-01 1.987347e+01
      vertex   -4.610973e+01 -2.500000e-01 1.933630e+01
      vertex   -4.564555e+01 -2.500000e-01 2.040793e+01
    endloop
  endfacet
  facet normal 0.000000e+00 1.000000e+00 0.000000e+00
    outer loop
      vertex   4.588077e+01 -2.500000e-01 1.987347e+01
      vertex   -4.564555e+01 -2.500000e-01 2.040793e+01
      vertex   4.540410e+01 -2.500000e-01 2.093962e+01
    endloop
  endfacet
  facet normal 0.000000e+00 1.000000e+00 0.000000e+00
    outer loop
      vertex   4.540410e+01 -2.500000e-01 2.093962e+01
      vertex   -4.564555e+01 -2.500000e-01 2.040793e+01
      vertex   -4.515646e+01 -2.500000e-01 2.146844e+01
    endloop
  endfacet
  facet normal 0.000000e+00 1.000000e+00 0.000000e+00
    outer loop
      vertex   4.540410e+01 -2.500000e-01 2.093962e+01
      vertex   -4.515646e+01 -2.500000e-01 2.146844e+01
      vertex   4.490266e+01 -2.500000e-01 2.199434e+01
    endloop
  endfacet
  facet normal 0.000000e+00 1.000000e+00 0.000000e+00
    outer loop
      vertex   4.490266e+01 -2.500000e-01 2.199434e+01
      vertex   -4.515646e+01 -2.500000e-01 2.146844e+01
      vertex   -4.464274e+01 -2.500000e-01 2.251723e+01
    endloop
  endfacet
  facet normal 0.000000e+00 1.000000e+00 0.000000e+00
    outer loop
      vertex   4.490266e+01 -2.500000e-01 2.199434e+01
      vertex   -4.464274e+01 -2.500000e-01 2.251723e+01
      vertex   4.437673e+01 -2.500000e-01 2.303706e+01
    endloop
  endfacet
  facet normal 0.000000e+00 1.000000e+00 0.000000e+00
    outer loop
      vertex   4.437673e+01 -2.500000e-01 2.303706e+01
      vertex   -4.464274e+01 -2.500000e-01 2.251723e+01
      vertex   -4.410466e+01 -2.500000e-01 2.355374e+01
    endloop
  endfacet
  facet normal 0.000000e+00 1.000000e+00 0.000000e+00
    outer loop
      vertex   4.437673e+01 -2.500000e-01 2.303706e+01
      vertex   -4.410466e+01 -2.500000e-01 2.355374e+01
      vertex   4.382658e+01 -2.500000e-01 2.406721e+01
    endloop
  endfacet
  facet normal 0.000000e+00 1.000000e+00 0.000000e+00
    outer loop
      vertex   4.382658e+01 -2.500000e-01 2.406721e+01
      vertex   -4.410466e+01 -2.500000e-01 2.355374e+01
      vertex   -4.354252e+01 -2.500000e-01 2.457740e+01
    endloop
  endfacet
  facet normal 0.000000e+00 1.000000e+00 0.000000e+00
    outer loop
      vertex   4.382658e+01 -2.500000e-01 2.406721e+01
      vertex   -4.354252e+01 -2.500000e-01 2.457740e+01
      vertex   4.325253e+01 -2.500000e-01 2.508424e+01
    endloop
  endfacet
  facet normal 0.000000e+00 1.000000e+00 0.000000e+00
    outer loop
      vertex   4.325253e+01 -2.500000e-01 2.508424e+01
      vertex   -4.354252e+01 -2.500000e-01 2.457740e+01
      vertex   -4.295663e+01 -2.500000e-01 2.558765e+01
    endloop
  endfacet
  facet normal 0.000000e+00 1.000000e+00 0.000000e+00
    outer loop
      vertex   4.325253e+01 -2.500000e-01 2.508424e+01
      vertex   -4.295663e+01 -2.500000e-01 2.558765e+01
      vertex   4.265487e+01 -2.500000e-01 2.608758e+01
    endloop
  endfacet
  facet normal 0.000000e+00 1.000000e+00 0.000000e+00
    outer loop
      vertex   4.265487e+01 -2.500000e-01 2.608758e+01
      vertex   -4.295663e+01 -2.500000e-01 2.558765e+01
      vertex   -4.234730e+01 -2.500000e-01 2.658394e+01
    endloop
  endfacet
  facet normal 0.000000e+00 1.000000e+00 0.000000e+00
    outer loop
      vertex   4.265487e+01 -2.500000e-01 2.608758e+01
      vertex   -4.234730e+01 -2.500000e-01 2.658394e+01
      vertex   4.203395e+01 -2.500000e-01 2.707668e+01
    endloop
  endfacet
  facet normal 0.000000e+00 1.000000e+00 0.000000e+00
    outer loop
      vertex   4.203395e+01 -2.500000e-01 2.707668e+01
      vertex   -4.234730e+01 -2.500000e-01 2.658394e+01
      vertex   -4.171487e+01 -2.500000e-01 2.756573e+01
    endloop
  endfacet
  facet normal 0.000000e+00 1.000000e+00 0.000000e+00
    outer loop
      vertex   4.203395e+01 -2.500000e-01 2.707668e+01
      vertex   -4.171487e+01 -2.500000e-01 2.756573e+01
      vertex   4.139010e+01 -2.500000e-01 2.805102e+01
    endloop
  endfacet
  facet normal 0.000000e+00 1.000000e+00 0.000000e+00
    outer loop
      vertex   4.139010e+01 -2.500000e-01 2.805102e+01
      vertex   -4.171487e+01 -2.500000e-01 2.756573e+01
      vertex   -4.105968e+01 -2.500000e-01 2.853248e+01
    endloop
  endfacet
  facet normal 0.000000e+00 1.000000e+00 0.000000e+00
    outer loop
      vertex   4.139010e+01 -2.500000e-01 2.805102e+01
      vertex   -4.105968e+01 -2.500000e-01 2.853248e+01
      vertex   4.072366e+01 -2.500000e-01 2.901005e+01
    endloop
  endfacet
  facet normal 0.000000e+00 1.000000e+00 0.000000e+00
    outer loop
      vertex   4.072366e+01 -2.500000e-01 2.901005e+01
      vertex   -4.105968e+01 -2.500000e-01 2.853248e+01
      vertex   -4.038209e+01 -2.500000e-01 2.948367e+01
    endloop
  endfacet
  facet normal 0.000000e+00 1.000000e+00 0.000000e+00
    outer loop
      vertex   4.072366e+01 -2.500000e-01 2.901005e+01
      vertex   -4.038209e+01 -2.500000e-01 2.948367e+01
      vertex   4.003501e+01 -2.500000e-01 2.995326e+01
    endloop
  endfacet
  facet normal 0.000000e+00 1.000000e+00 0.000000e+00
    outer loop
      vertex   4.003501e+01 -2.500000e-01 2.995326e+01
      vertex   -4.038209e+01 -2.500000e-01 2.948367e+01
      vertex   -3.968247e+01 -2.500000e-01 3.041876e+01
    endloop
  endfacet
  facet normal 0.000000e+00 1.000000e+00 0.000000e+00
    outer loop
      vertex   4.003501e+01 -2.500000e-01 2.995326e+01
      vertex   -3.968247e+01 -2.500000e-01 3.041876e+01
      vertex   3.932452e+01 -2.500000e-01 3.088012e+01
    endloop
  endfacet
  facet normal 0.000000e+00 1.000000e+00 0.000000e+00
    outer loop
      vertex   3.932452e+01 -2.500000e-01 3.088012e+01
      vertex   -3.968247e+01 -2.500000e-01 3.041876e+01
      vertex   -3.896121e+01 -2.500000e-01 3.133727e+01
    endloop
  endfacet
  facet normal 0.000000e+00 1.000000e+00 0.000000e+00
    outer loop
      vertex   3.932452e+01 -2.500000e-01 3.088012e+01
      vertex   -3.896121e+01 -2.500000e-01 3.133727e+01
      vertex   3.859258e+01 -2.500000e-01 3.179014e+01
    endloop
  endfacet
  facet normal 0.000000e+00 1.000000e+00 0.000000e+00
    outer loop
      vertex   3.859258e+01 -2.500000e-01 3.179014e+01
      vertex   -3.896121e+01 -2.500000e-01 3.133727e+01
      vertex   -3.821868e+01 -2.500000e-01 3.223868e+01
    endloop
  endfacet
  facet normal 0.000000e+00 1.000000e+00 0.000000e+00
    outer loop
      vertex   3.859258e+01 -2.500000e-01 3.179014e+01
      vertex   -3.821868e+01 -2.500000e-01 3.223868e+01
      vertex   3.783958e+01 -2.500000e-01 3.268282e+01
    endloop
  endfacet
  facet normal 0.000000e+00 1.000000e+00 0.000000e+00
    outer loop
      vertex   3.783958e+01 -2.500000e-01 3.268282e+01
      vertex   -3.821868e+01 -2.500000e-01 3.223868e+01
      vertex   -3.745531e+01 -2.500000e-01 3.312250e+01
    endloop
  endfacet
  facet normal 0.000000e+00 1.000000e+00 0.000000e+00
    outer loop
      vertex   3.783958e+01 -2.500000e-01 3.268282e+01
      vertex   -3.745531e+01 -2.500000e-01 3.312250e+01
      vertex   3.706593e+01 -2.500000e-01 3.355766e+01
    endloop
  endfacet
  facet normal 0.000000e+00 1.000000e+00 0.000000e+00
    outer loop
      vertex   3.706593e+01 -2.500000e-01 3.355766e+01
      vertex   -3.745531e+01 -2.500000e-01 3.312250e+01
      vertex   -3.667150e+01 -2.500000e-01 3.398825e+01
    endloop
  endfacet
  facet normal 0.000000e+00 1.000000e+00 0.000000e+00
    outer loop
      vertex   3.706593e+01 -2.500000e-01 3.355766e+01
      vertex   -3.667150e+01 -2.500000e-01 3.398825e+01
      vertex   3.627207e+01 -2.500000e-01 3.441420e+01
    endloop
  endfacet
  facet normal 0.000000e+00 1.000000e+00 0.000000e+00
    outer loop
      vertex   3.627207e+01 -2.500000e-01 3.441420e+01
      vertex   -3.667150e+01 -2.500000e-01 3.398825e+01
      vertex   -3.586769e+01 -2.500000e-01 3.483546e+01
    endloop
  endfacet
  facet normal 0.000000e+00 1.000000e+00 0.000000e+00
    outer loop
      vertex   3.627207e+01 -2.500000e-01 3.441420e+01
      vertex   -3.586769e+01 -2.500000e-01 3.483546e+01
      vertex   3.545842e+01 -2.500000e-01 3.525196e+01
    endloop
  endfacet
  facet normal 0.000000e+00 1.000000e+00 0.000000e+00
    outer loop
      vertex   3.545842e+01 -2.500000e-01 3.525196e+01
      vertex   -3.586769e+01 -2.500000e-01 3.483546e+01
      vertex   -3.504431e+01 -2.500000e-01 3.566366e+01
    endloop
  endfacet
  facet normal 0.000000e+00 1.000000e+00 0.000000e+00
    outer loop
      vertex   3.545842e+01 -2.500000e-01 3.525196e+01
      vertex   -3.504431e+01 -2.500000e-01 3.566366e+01
      vertex   3.462542e+01 -2.500000e-01 3.607049e+01
    endloop
  endfacet
  facet normal 0.000000e+00 1.000000e+00 0.000000e+00
    outer loop
      vertex   3.462542e+01 -2.500000e-01 3.607049e+01
      vertex   -3.504431e+01 -2.500000e-01 3.566366e+01
      vertex   -3.420181e+01 -2.500000e-01 3.647241e+01
    endloop
  endfacet
  facet normal 0.000000e+00 1.000000e+00 0.000000e+00
    outer loop
      vertex   3.462542e+01 -2.500000e-01 3.607049e+01
      vertex   -3.420181e+01 -2.500000e-01 3.647241e+01
      vertex   3.377353e+01 -2.500000e-01 3.686935e+01
    endloop
  endfacet
  facet normal 0.000000e+00 1.000000e+00 0.000000e+00
    outer loop
      vertex   3.377353e+01 -2.500000e-01 3.686935e+01
      vertex   -3.420181e+01 -2.500000e-01 3.647241e+01
      vertex   -3.334065e+01 -2.500000e-01 3.726126e+01
    endloop
  endfacet
  facet normal 0.000000e+00 1.000000e+00 0.000000e+00
    outer loop
      vertex   3.377353e+01 -2.500000e-01 3.686935e+01
      vertex   -3.334065e+01 -2.500000e-01 3.726126e+01
      vertex   3.290322e+01 -2.500000e-01 3.764808e+01
    endloop
  endfacet
  facet normal 0.000000e+00 1.000000e+00 0.000000e+00
    outer loop
      vertex   3.290322e+01 -2.500000e-01 3.764808e+01
      vertex   -3.334065e+01 -2.500000e-01 3.726126e+01
      vertex   -3.246130e+01 -2.500000e-01 3.802978e+01
    endloop
  endfacet
  facet normal 0.000000e+00 1.000000e+00 0.000000e+00
    outer loop
      vertex   3.290322e+01 -2.500000e-01 3.764808e+01
      vertex   -3.246130e+01 -2.500000e-01 3.802978e+01
      vertex   3.201496e+01 -2.500000e-01 3.840628e+01
    endloop
  endfacet
  facet normal 0.000000e+00 1.000000e+00 0.000000e+00
    outer loop
      vertex   3.201496e+01 -2.500000e-01 3.840628e+01
      vertex   -3.246130e+01 -2.500000e-01 3.802978e+01
      vertex   -3.156424e+01 -2.500000e-01 3.877755e+01
    endloop
  endfacet
  facet normal 0.000000e+00 1.000000e+00 0.000000e+00
    outer loop
      vertex   3.201496e+01 -2.500000e-01 3.840628e+01
      vertex   -3.156424e+01 -2.500000e-01 3.877755e+01
      vertex   3.110923e+01 -2.500000e-01 3.914353e+01
    endloop
  endfacet
  facet normal 0.000000e+00 1.000000e+00 0.000000e+00
    outer loop
      vertex   3.110923e+01 -2.500000e-01 3.914353e+01
      vertex   -3.156424e+01 -2.500000e-01 3.877755e+01
      vertex   -3.064997e+01 -2.500000e-01 3.950417e+01
    endloop
  endfacet
  facet normal 0.000000e+00 1.000000e+00 0.000000e+00
    outer loop
      vertex   3.110923e+01 -2.500000e-01 3.914353e+01
      vertex   -3.064997e+01 -2.500000e-01 3.950417e+01
      vertex   3.018653e+01 -2.500000e-01 3.985942e+01
    endloop
  endfacet
  facet normal 0.000000e+00 1.000000e+00 0.000000e+00
    outer loop
      vertex   3.018653e+01 -2.500000e-01 3.985942e+01
      vertex   -3.064997e+01 -2.500000e-01 3.950417e+01
      vertex   -2.971897e+01 -2.500000e-01 4.020924e+01
    endloop
  endfacet
  facet normal 0.000000e+00 1.000000e+00 0.000000e+00
    outer loop
      vertex   3.018653e+01 -2.500000e-01 3.985942e+01
      vertex   -2.971897e+01 -2.500000e-01 4.020924e+01
      vertex   2.924736e+01 -2.500000e-01 4.055357e+01
    endloop
  endfacet
  facet normal 0.000000e+00 1.000000e+00 0.000000e+00
    outer loop
      vertex   2.924736e+01 -2.500000e-01 4.055357e+01
      vertex   -2.971897e+01 -2.500000e-01 4.020924e+01
      vertex   -2.877176e+01 -2.500000e-01 4.089237e+01
    endloop
  endfacet
  facet normal 0.000000e+00 1.000000e+00 0.000000e+00
    outer loop
      vertex   2.924736e+01 -2.500000e-01 4.055357e+01
      vertex   -2.877176e+01 -2.500000e-01 4.089237e+01
      vertex   2.829223e+01 -2.500000e-01 4.122559e+01
    endloop
  endfacet
  facet normal 0.000000e+00 1.000000e+00 0.000000e+00
    outer loop
      vertex   2.829223e+01 -2.500000e-01 4.122559e+01
      vertex   -2.877176e+01 -2.500000e-01 4.089237e+01
      vertex   -2.780885e+01 -2.500000e-01 4.155319e+01
    endloop
  endfacet
  facet normal 0.000000e+00 1.000000e+00 0.000000e+00
    outer loop
      vertex   2.829223e+01 -2.500000e-01 4.122559e+01
      vertex   -2.780885e+01 -2.500000e-01 4.155319e+01
      vertex   2.732167e+01 -2.500000e-01 4.187513e+01
    endloop
  endfacet
  facet normal 0.000000e+00 1.000000e+00 0.000000e+00
    outer loop
      vertex   2.732167e+01 -2.500000e-01 4.187513e+01
      vertex   -2.780885e+01 -2.500000e-01 4.155319e+01
      vertex   -2.683077e+01 -2.500000e-01 4.219135e+01
    endloop
  endfacet
  facet normal 0.000000e+00 1.000000e+00 0.000000e+00
    outer loop
      vertex   2.732167e+01 -2.500000e-01 4.187513e+01
      vertex   -2.683077e+01 -2.500000e-01 4.219135e+01
      vertex   2.633621e+01 -2.500000e-01 4.250181e+01
    endloop
  endfacet
  facet normal 0.000000e+00 1.000000e+00 0.000000e+00
    outer loop
      vertex   2.633621e+01 -2.500000e-01 4.250181e+01
      vertex   -2.683077e+01 -2.500000e-01 4.219135e+01
      vertex   -2.583805e+01 -2.500000e-01 4.280648e+01
    endloop
  endfacet
  facet normal 0.000000e+00 1.000000e+00 0.000000e+00
    outer loop
      vertex   2.633621e+01 -2.500000e-01 4.250181e+01
      vertex   -2.583805e+01 -2.500000e-01 4.280648e+01
      vertex   2.533638e+01 -2.500000e-01 4.310531e+01
    endloop
  endfacet
  facet normal 0.000000e+00 1.000000e+00 0.000000e+00
    outer loop
      vertex   2.533638e+01 -2.500000e-01 4.310531e+01
      vertex   -2.583805e+01 -2.500000e-01 4.280648e+01
      vertex   -2.483124e+01 -2.500000e-01 4.339827e+01
    endloop
  endfacet
  facet normal 0.000000e+00 1.000000e+00 0.000000e+00
    outer loop
      vertex   2.533638e+01 -2.500000e-01 4.310531e+01
      vertex   -2.483124e+01 -2.500000e-01 4.339827e+01
      vertex   2.432272e+01 -2.500000e-01 4.368530e+01
    endloop
  endfacet
  facet normal 0.000000e+00 1.000000e+00 0.000000e+00
    outer loop
      vertex   2.432272e+01 -2.500000e-01 4.368530e+01
      vertex   -2.483124e+01 -2.500000e-01 4.339827e+01
      vertex   -2.381088e+01 -2.500000e-01 4.396637e+01
    endloop
  endfacet
  facet normal 0.000000e+00 1.000000e+00 0.000000e+00
    outer loop
      vertex   2.432272e+01 -2.500000e-01 4.368530e+01
      vertex   -2.381088e+01 -2.500000e-01 4.396637e+01
      vertex   2.329580e+01 -2.500000e-01 4.424145e+01
    endloop
  endfacet
  facet normal 0.000000e+00 1.000000e+00 0.000000e+00
    outer loop
      vertex   2.329580e+01 -2.500000e-01 4.424145e+01
      vertex   -2.381088e+01 -2.500000e-01 4.396637e+01
      vertex   -2.277753e+01 -2.500000e-01 4.451049e+01
    endloop
  endfacet
  facet normal 0.000000e+00 1.000000e+00 0.000000e+00
    outer loop
      vertex   2.329580e+01 -2.500000e-01 4.424145e+01
      vertex   -2.277753e+01 -2.500000e-01 4.451049e+01
      vertex   2.225616e+01 -2.500000e-01 4.477346e+01
    endloop
  endfacet
  facet normal 0.000000e+00 1.000000e+00 0.000000e+00
    outer loop
      vertex   2.225616e+01 -2.500000e-01 4.477346e+01
      vertex   -2.277753e+01 -2.500000e-01 4.451049e+01
      vertex   -2.173176e+01 -2.500000e-01 4.503033e+01
    endloop
  endfacet
  facet normal 0.000000e+00 1.000000e+00 0.000000e+00
    outer loop
      vertex   2.225616e+01 -2.500000e-01 4.477346e+01
      vertex   -2.173176e+01 -2.500000e-01 4.503033e+01
      vertex   2.120439e+01 -2.500000e-01 4.528105e+01
    endloop
  endfacet
  facet normal 0.000000e+00 1.000000e+00 0.000000e+00
    outer loop
      vertex   2.120439e+01 -2.500000e-01 4.528105e+01
      vertex   -2.173176e+01 -2.500000e-01 4.503033e+01
      vertex   -2.067413e+01 -2.500000e-01 4.552560e+01
    endloop
  endfacet
  facet normal 0.000000e+00 1.000000e+00 0.000000e+00
    outer loop
      vertex   2.120439e+01 -2.500000e-01 4.528105e+01
      vertex   -2.067413e+01 -2.500000e-01 4.552560e+01
      vertex   2.014105e+01 -2.500000e-01 4.576394e+01
    endloop
  endfacet
  facet normal 0.000000e+00 1.000000e+00 0.000000e+00
    outer loop
      vertex   2.014105e+01 -2.500000e-01 4.576394e+01
      vertex   -2.067413e+01 -2.500000e-01 4.552560e+01
      vertex   -1.960522e+01 -2.500000e-01 4.599604e+01
    endloop
  endfacet
  facet normal 0.000000e+00 1.000000e+00 0.000000e+00
    outer loop
      vertex   2.014105e+01 -2.500000e-01 4.576394e+01
      vertex   -1.960522e+01 -2.500000e-01 4.599604e+01
      vertex   1.906672e+01 -2.500000e-01 4.622186e+01
    endloop
  endfacet
  facet normal 0.000000e+00 1.000000e+00 0.000000e+00
    outer loop
      vertex   1.906672e+01 -2.500000e-01 4.622186e+01
      vertex   -1.960522e+01 -2.500000e-01 4.599604e+01
      vertex   -1.852561e+01 -2.500000e-01 4.644138e+01
    endloop
  endfacet
  facet normal 0.000000e+00 1.000000e+00 0.000000e+00
    outer loop
      vertex   1.906672e+01 -2.500000e-01 4.622186e+01
      vertex   -1.852561e+01 -2.500000e-01 4.644138e+01
      vertex   1.798198e+01 -2.500000e-01 4.665456e+01
    endloop
  endfacet
  facet normal 0.000000e+00 1.000000e+00 0.000000e+00
    outer loop
      vertex   1.798198e+01 -2.500000e-01 4.665456e+01
      vertex   -1.852561e+01 -2.500000e-01 4.644138e+01
      vertex   -1.743590e+01 -2.500000e-01 4.686138e+01
    endloop
  endfacet
  facet normal 0.000000e+00 1.000000e+00 0.000000e+00
    outer loop
      vertex   1.798198e+01 -2.500000e-01 4.665456e+01
      vertex   -1.743590e+01 -2.500000e-01 4.686138e+01
      vertex   -1.633668e+01 -2.500000e-01 4.725583e+01
    endloop
  endfacet
  facet normal -0.000000e+00 1.000000e+00 0.000000e+00
    outer loop
      vertex   -1.633668e+01 -2.500000e-01 4.725583e+01
      vertex   -1.522854e+01 -2.500000e-01 4.762449e+01
      vertex   1.798198e+01 -2.500000e-01 4.665456e+01
    endloop
  endfacet
  facet normal 0.000000e+00 1.000000e+00 0.000000e+00
    outer loop
      vertex   1.798198e+01 -2.500000e-01 4.665456e+01
      vertex   -1.522854e+01 -2.500000e-01 4.762449e+01
      vertex   -1.411209e+01 -2.500000e-01 4.796716e+01
    endloop
  endfacet
  facet normal 0.000000e+00 1.000000e+00 0.000000e+00
    outer loop
      vertex   1.798198e+01 -2.500000e-01 4.665456e+01
      vertex   -1.411209e+01 -2.500000e-01 4.796716e+01
      vertex   -1.298795e+01 -2.500000e-01 4.828367e+01
    endloop
  endfacet
  facet normal -0.000000e+00 1.000000e+00 0.000000e+00
    outer loop
      vertex   -1.298795e+01 -2.500000e-01 4.828367e+01
      vertex   -1.185672e+01 -2.500000e-01 4.857384e+01
      vertex   1.798198e+01 -2.500000e-01 4.665456e+01
    endloop
  endfacet
  facet normal 0.000000e+00 1.000000e+00 0.000000e+00
    outer loop
      vertex   1.798198e+01 -2.500000e-01 4.665456e+01
      vertex   -1.185672e+01 -2.500000e-01 4.857384e+01
      vertex   -1.071902e+01 -2.500000e-01 4.883751e+01
    endloop
  endfacet
  facet normal 0.000000e+00 1.000000e+00 0.000000e+00
    outer loop
      vertex   1.798198e+01 -2.500000e-01 4.665456e+01
      vertex   -1.071902e+01 -2.500000e-01 4.883751e+01
      vertex   -9.575477e+00 -2.500000e-01 4.907454e+01
    endloop
  endfacet
  facet normal -0.000000e+00 1.000000e+00 0.000000e+00
    outer loop
      vertex   -9.575477e+00 -2.500000e-01 4.907454e+01
      vertex   -8.426707e+00 -2.500000e-01 4.928479e+01
      vertex   1.798198e+01 -2.500000e-01 4.665456e+01
    endloop
  endfacet
  facet normal 0.000000e+00 1.000000e+00 0.000000e+00
    outer loop
      vertex   1.798198e+01 -2.500000e-01 4.665456e+01
      vertex   -8.426707e+00 -2.500000e-01 4.928479e+01
      vertex   -7.273341e+00 -2.500000e-01 4.946816e+01
    endloop
  endfacet
  facet normal 0.000000e+00 1.000000e+00 0.000000e+00
    outer loop
      vertex   1.798198e+01 -2.500000e-01 4.665456e+01
      vertex   -7.273341e+00 -2.500000e-01 4.946816e+01
      vertex   -6.116006e+00 -2.500000e-01 4.962453e+01
    endloop
  endfacet
  facet normal -0.000000e+00 1.000000e+00 0.000000e+00
    outer loop
      vertex   -6.116006e+00 -2.500000e-01 4.962453e+01
      vertex   -4.955335e+00 -2.500000e-01 4.975384e+01
      vertex   1.798198e+01 -2.500000e-01 4.665456e+01
    endloop
  endfacet
  facet normal 0.000000e+00 1.000000e+00 0.000000e+00
    outer loop
      vertex   1.798198e+01 -2.500000e-01 4.665456e+01
      vertex   -4.955335e+00 -2.500000e-01 4.975384e+01
      vertex   -3.791960e+00 -2.500000e-01 4.985600e+01
    endloop
  endfacet
  facet normal 0.000000e+00 1.000000e+00 0.000000e+00
    outer loop
      vertex   1.798198e+01 -2.500000e-01 4.665456e+01
      vertex   -3.791960e+00 -2.500000e-01 4.985600e+01
      vertex   -2.626517e+00 -2.500000e-01 4.993097e+01
    endloop
  endfacet
  facet normal -0.000000e+00 1.000000e+00 0.000000e+00
    outer loop
      vertex   -2.626517e+00 -2.500000e-01 4.993097e+01
      vertex   -1.459640e+00 -2.500000e-01 4.997869e+01
      vertex   1.798198e+01 -2.500000e-01 4.665456e+01
    endloop
  endfacet
  facet normal 0.000000e+00 1.000000e+00 0.000000e+00
    outer loop
      vertex   1.798198e+01 -2.500000e-01 4.665456e+01
      vertex   -1.459640e+00 -2.500000e-01 4.997869e+01
      vertex   -2.919679e-01 -2.500000e-01 4.999915e+01
    endloop
  endfacet
  facet normal 0.000000e+00 1.000000e+00 0.000000e+00
    outer loop
      vertex   1.798198e+01 -2.500000e-01 4.665456e+01
      vertex   -2.919679e-01 -2.500000e-01 4.999915e+01
      vertex   8.758639e-01 -2.500000e-01 4.999233e+01
    endloop
  endfacet
  facet normal 0.000000e+00 1.000000e+00 0.000000e+00
    outer loop
      vertex   8.758639e-01 -2.500000e-01 4.999233e+01
      vertex   2.043218e+00 -2.500000e-01 4.995824e+01
      vertex   1.798198e+01 -2.500000e-01 4.665456e+01
    endloop
  endfacet
  facet normal 0.000000e+00 1.000000e+00 0.000000e+00
    outer loop
      vertex   1.798198e+01 -2.500000e-01 4.665456e+01
      vertex   2.043218e+00 -2.500000e-01 4.995824e+01
      vertex   3.209457e+00 -2.500000e-01 4.989689e+01
    endloop
  endfacet
  facet normal 0.000000e+00 1.000000e+00 0.000000e+00
    outer loop
      vertex   1.798198e+01 -2.500000e-01 4.665456e+01
      vertex   3.209457e+00 -2.500000e-01 4.989689e+01
      vertex   4.373946e+00 -2.500000e-01 4.980832e+01
    endloop
  endfacet
  facet normal 0.000000e+00 1.000000e+00 0.000000e+00
    outer loop
      vertex   4.373946e+00 -2.500000e-01 4.980832e+01
      vertex   5.536048e+00 -2.500000e-01 4.969258e+01
      vertex   1.798198e+01 -2.500000e-01 4.665456e+01
    endloop
  endfacet
  facet normal 0.000000e+00 1.000000e+00 0.000000e+00
    outer loop
      vertex   1.798198e+01 -2.500000e-01 4.665456e+01
      vertex   5.536048e+00 -2.500000e-01 4.969258e+01
      vertex   6.695130e+00 -2.500000e-01 4.954972e+01
    endloop
  endfacet
  facet normal 0.000000e+00 1.000000e+00 0.000000e+00
    outer loop
      vertex   1.798198e+01 -2.500000e-01 4.665456e+01
      vertex   6.695130e+00 -2.500000e-01 4.954972e+01
      vertex   7.850559e+00 -2.500000e-01 4.937984e+01
    endloop
  endfacet
  facet normal 0.000000e+00 1.000000e+00 0.000000e+00
    outer loop
      vertex   7.850559e+00 -2.500000e-01 4.937984e+01
      vertex   9.001706e+00 -2.500000e-01 4.918302e+01
      vertex   1.798198e+01 -2.500000e-01 4.665456e+01
    endloop
  endfacet
  facet normal 0.000000e+00 1.000000e+00 0.000000e+00
    outer loop
      vertex   1.798198e+01 -2.500000e-01 4.665456e+01
      vertex   9.001706e+00 -2.500000e-01 4.918302e+01
      vertex   1.014794e+01 -2.500000e-01 4.895936e+01
    endloop
  endfacet
  facet normal 0.000000e+00 1.000000e+00 0.000000e+00
    outer loop
      vertex   1.798198e+01 -2.500000e-01 4.665456e+01
      vertex   1.014794e+01 -2.500000e-01 4.895936e+01
      vertex   1.128864e+01 -2.500000e-01 4.870900e+01
    endloop
  endfacet
  facet normal 0.000000e+00 1.000000e+00 0.000000e+00
    outer loop
      vertex   1.128864e+01 -2.500000e-01 4.870900e+01
      vertex   1.242318e+01 -2.500000e-01 4.843206e+01
      vertex   1.798198e+01 -2.500000e-01 4.665456e+01
    endloop
  endfacet
  facet normal 0.000000e+00 1.000000e+00 0.000000e+00
    outer loop
      vertex   1.798198e+01 -2.500000e-01 4.665456e+01
      vertex   1.242318e+01 -2.500000e-01 4.843206e+01
      vertex   1.355095e+01 -2.500000e-01 4.812870e+01
    endloop
  endfacet
  facet normal 0.000000e+00 1.000000e+00 0.000000e+00
    outer loop
      vertex   1.798198e+01 -2.500000e-01 4.665456e+01
      vertex   1.355095e+01 -2.500000e-01 4.812870e+01
      vertex   1.467132e+01 -2.500000e-01 4.779908e+01
    endloop
  endfacet
  facet normal 0.000000e+00 1.000000e+00 0.000000e+00
    outer loop
      vertex   1.467132e+01 -2.500000e-01 4.779908e+01
      vertex   1.578368e+01 -2.500000e-01 4.744339e+01
      vertex   1.798198e+01 -2.500000e-01 4.665456e+01
    endloop
  endfacet
  facet normal 0.000000e+00 1.000000e+00 0.000000e+00
    outer loop
      vertex   1.798198e+01 -2.500000e-01 4.665456e+01
      vertex   1.578368e+01 -2.500000e-01 4.744339e+01
      vertex   1.688744e+01 -2.500000e-01 4.706181e+01
    endloop
  endfacet
endsolid
