solid ASCII
  facet normal 3.687868e-15 -1.000000e+00 9.738212e-17
    outer loop
      vertex   -9.986064e+00 6.450000e+00 -5.277535e-01
      vertex   9.996515e+00 6.450000e+00 -2.639687e-01
      vertex   -1.000000e+01 6.450000e+00 -1.224647e-15
    endloop
  endfacet
  facet normal 3.686583e-15 -1.000000e+00 2.988984e-30
    outer loop
      vertex   -1.000000e+01 6.450000e+00 -1.224647e-15
      vertex   9.996515e+00 6.450000e+00 -2.639687e-01
      vertex   9.996515e+00 6.450000e+00 2.639687e-01
    endloop
  endfacet
  facet normal 3.687868e-15 -1.000000e+00 -9.738212e-17
    outer loop
      vertex   -1.000000e+01 6.450000e+00 -1.224647e-15
      vertex   9.996515e+00 6.450000e+00 2.639687e-01
      vertex   -9.986064e+00 6.450000e+00 5.277535e-01
    endloop
  endfacet
  facet normal 3.669474e-15 -1.000000e+00 -1.490775e-15
    outer loop
      vertex   -9.986064e+00 6.450000e+00 5.277535e-01
      vertex   9.996515e+00 6.450000e+00 2.639687e-01
      vertex   9.968653e+00 6.450000e+00 7.911704e-01
    endloop
  endfacet
  facet normal 3.653623e-15 -1.000000e+00 -2.899728e-16
    outer loop
      vertex   -9.986064e+00 6.450000e+00 5.277535e-01
      vertex   9.968653e+00 6.450000e+00 7.911704e-01
      vertex   -9.944295e+00 6.450000e+00 1.054036e+00
    endloop
  endfacet
  facet normal 3.662576e-15 -1.000000e+00 3.882112e-16
    outer loop
      vertex   -9.944295e+00 6.450000e+00 1.054036e+00
      vertex   9.968653e+00 6.450000e+00 7.911704e-01
      vertex   9.913007e+00 6.450000e+00 1.316167e+00
    endloop
  endfacet
  facet normal 3.651697e-15 -1.000000e+00 1.212277e-15
    outer loop
      vertex   -9.944295e+00 6.450000e+00 1.054036e+00
      vertex   9.913007e+00 6.450000e+00 1.316167e+00
      vertex   -9.874810e+00 6.450000e+00 1.577381e+00
    endloop
  endfacet
  facet normal 3.643377e-15 -1.000000e+00 5.819851e-16
    outer loop
      vertex   -9.874810e+00 6.450000e+00 1.577381e+00
      vertex   9.913007e+00 6.450000e+00 1.316167e+00
      vertex   9.829731e+00 6.450000e+00 1.837495e+00
    endloop
  endfacet
  facet normal 3.660091e-15 -1.000000e+00 -6.841896e-16
    outer loop
      vertex   -9.874810e+00 6.450000e+00 1.577381e+00
      vertex   9.829731e+00 6.450000e+00 1.837495e+00
      vertex   -9.777802e+00 6.450000e+00 2.096329e+00
    endloop
  endfacet
  facet normal 3.679537e-15 -1.000000e+00 7.888808e-16
    outer loop
      vertex   -9.777802e+00 6.450000e+00 2.096329e+00
      vertex   9.829731e+00 6.450000e+00 1.837495e+00
      vertex   9.719058e+00 6.450000e+00 2.353702e+00
    endloop
  endfacet
  facet normal 3.678861e-15 -1.000000e+00 8.400620e-16
    outer loop
      vertex   -9.777802e+00 6.450000e+00 2.096329e+00
      vertex   9.719058e+00 6.450000e+00 2.353702e+00
      vertex   -9.653541e+00 6.450000e+00 2.609434e+00
    endloop
  endfacet
  facet normal 3.657819e-15 -1.000000e+00 -7.539945e-16
    outer loop
      vertex   -9.653541e+00 6.450000e+00 2.609434e+00
      vertex   9.719058e+00 6.450000e+00 2.353702e+00
      vertex   9.581296e+00 6.450000e+00 2.863348e+00
    endloop
  endfacet
  facet normal 3.662313e-15 -1.000000e+00 -1.094474e-15
    outer loop
      vertex   -9.653541e+00 6.450000e+00 2.609434e+00
      vertex   9.581296e+00 6.450000e+00 2.863348e+00
      vertex   -9.502374e+00 6.450000e+00 3.115267e+00
    endloop
  endfacet
  facet normal 3.669269e-15 -1.000000e+00 -5.675214e-16
    outer loop
      vertex   -9.502374e+00 6.450000e+00 3.115267e+00
      vertex   9.581296e+00 6.450000e+00 2.863348e+00
      vertex   9.416830e+00 6.450000e+00 3.365014e+00
    endloop
  endfacet
  facet normal 3.655437e-15 -1.000000e+00 4.803055e-16
    outer loop
      vertex   -9.502374e+00 6.450000e+00 3.115267e+00
      vertex   9.416830e+00 6.450000e+00 3.365014e+00
      vertex   -9.324722e+00 6.450000e+00 3.612417e+00
    endloop
  endfacet
  facet normal 3.667854e-15 -1.000000e+00 1.420934e-15
    outer loop
      vertex   -9.324722e+00 6.450000e+00 3.612417e+00
      vertex   9.416830e+00 6.450000e+00 3.365014e+00
      vertex   9.226117e+00 6.450000e+00 3.857301e+00
    endloop
  endfacet
  facet normal 3.713277e-15 -1.000000e+00 -2.019995e-15
    outer loop
      vertex   -9.324722e+00 6.450000e+00 3.612417e+00
      vertex   9.226117e+00 6.450000e+00 3.857301e+00
      vertex   9.009689e+00 6.450000e+00 4.338837e+00
    endloop
  endfacet
  facet normal 3.669474e-15 -1.000000e+00 1.490775e-15
    outer loop
      vertex   9.996515e+00 6.450000e+00 -2.639687e-01
      vertex   -9.986064e+00 6.450000e+00 -5.277535e-01
      vertex   9.968653e+00 6.450000e+00 -7.911704e-01
    endloop
  endfacet
  facet normal 3.653623e-15 -1.000000e+00 2.899728e-16
    outer loop
      vertex   9.968653e+00 6.450000e+00 -7.911704e-01
      vertex   -9.986064e+00 6.450000e+00 -5.277535e-01
      vertex   -9.944295e+00 6.450000e+00 -1.054036e+00
    endloop
  endfacet
  facet normal 3.662576e-15 -1.000000e+00 -3.882112e-16
    outer loop
      vertex   9.968653e+00 6.450000e+00 -7.911704e-01
      vertex   -9.944295e+00 6.450000e+00 -1.054036e+00
      vertex   9.913007e+00 6.450000e+00 -1.316167e+00
    endloop
  endfacet
  facet normal 3.651697e-15 -1.000000e+00 -1.212277e-15
    outer loop
      vertex   9.913007e+00 6.450000e+00 -1.316167e+00
      vertex   -9.944295e+00 6.450000e+00 -1.054036e+00
      vertex   -9.874810e+00 6.450000e+00 -1.577381e+00
    endloop
  endfacet
  facet normal 3.643377e-15 -1.000000e+00 -5.819851e-16
    outer loop
      vertex   9.913007e+00 6.450000e+00 -1.316167e+00
      vertex   -9.874810e+00 6.450000e+00 -1.577381e+00
      vertex   9.829731e+00 6.450000e+00 -1.837495e+00
    endloop
  endfacet
  facet normal 3.660091e-15 -1.000000e+00 6.841896e-16
    outer loop
      vertex   9.829731e+00 6.450000e+00 -1.837495e+00
      vertex   -9.874810e+00 6.450000e+00 -1.577381e+00
      vertex   -9.777802e+00 6.450000e+00 -2.096329e+00
    endloop
  endfacet
  facet normal 3.679537e-15 -1.000000e+00 -7.888808e-16
    outer loop
      vertex   9.829731e+00 6.450000e+00 -1.837495e+00
      vertex   -9.777802e+00 6.450000e+00 -2.096329e+00
      vertex   9.719058e+00 6.450000e+00 -2.353702e+00
    endloop
  endfacet
  facet normal 3.678861e-15 -1.000000e+00 -8.400620e-16
    outer loop
      vertex   9.719058e+00 6.450000e+00 -2.353702e+00
      vertex   -9.777802e+00 6.450000e+00 -2.096329e+00
      vertex   -9.653541e+00 6.450000e+00 -2.609434e+00
    endloop
  endfacet
  facet normal 3.657819e-15 -1.000000e+00 7.539945e-16
    outer loop
      vertex   9.719058e+00 6.450000e+00 -2.353702e+00
      vertex   -9.653541e+00 6.450000e+00 -2.609434e+00
      vertex   9.581296e+00 6.450000e+00 -2.863348e+00
    endloop
  endfacet
  facet normal 3.662313e-15 -1.000000e+00 1.094474e-15
    outer loop
      vertex   9.581296e+00 6.450000e+00 -2.863348e+00
      vertex   -9.653541e+00 6.450000e+00 -2.609434e+00
      vertex   -9.502374e+00 6.450000e+00 -3.115267e+00
    endloop
  endfacet
  facet normal 3.669269e-15 -1.000000e+00 5.675214e-16
    outer loop
      vertex   9.581296e+00 6.450000e+00 -2.863348e+00
      vertex   -9.502374e+00 6.450000e+00 -3.115267e+00
      vertex   9.416830e+00 6.450000e+00 -3.365014e+00
    endloop
  endfacet
  facet normal 3.655437e-15 -1.000000e+00 -4.803055e-16
    outer loop
      vertex   9.416830e+00 6.450000e+00 -3.365014e+00
      vertex   -9.502374e+00 6.450000e+00 -3.115267e+00
      vertex   -9.324722e+00 6.450000e+00 -3.612417e+00
    endloop
  endfacet
  facet normal 3.667854e-15 -1.000000e+00 -1.420934e-15
    outer loop
      vertex   9.416830e+00 6.450000e+00 -3.365014e+00
      vertex   -9.324722e+00 6.450000e+00 -3.612417e+00
      vertex   9.226117e+00 6.450000e+00 -3.857301e+00
    endloop
  endfacet
  facet normal 3.682866e-15 -1.000000e+00 -2.837195e-16
    outer loop
      vertex   9.226117e+00 6.450000e+00 -3.857301e+00
      vertex   -9.324722e+00 6.450000e+00 -3.612417e+00
      vertex   -9.121081e+00 6.450000e+00 -4.099498e+00
    endloop
  endfacet
  facet normal 3.652093e-15 -1.000000e+00 2.047495e-15
    outer loop
      vertex   9.226117e+00 6.450000e+00 -3.857301e+00
      vertex   -9.121081e+00 6.450000e+00 -4.099498e+00
      vertex   9.009689e+00 6.450000e+00 -4.338837e+00
    endloop
  endfacet
  facet normal 3.623450e-15 -1.000000e+00 -1.223123e-16
    outer loop
      vertex   9.009689e+00 6.450000e+00 -4.338837e+00
      vertex   -9.121081e+00 6.450000e+00 -4.099498e+00
      vertex   -8.892017e+00 6.450000e+00 -4.575153e+00
    endloop
  endfacet
  facet normal 3.646603e-15 -1.000000e+00 -1.876263e-15
    outer loop
      vertex   9.009689e+00 6.450000e+00 -4.338837e+00
      vertex   -8.892017e+00 6.450000e+00 -4.575153e+00
      vertex   8.768149e+00 6.450000e+00 -4.808280e+00
    endloop
  endfacet
  facet normal 3.672629e-15 -1.000000e+00 9.528517e-17
    outer loop
      vertex   8.768149e+00 6.450000e+00 -4.808280e+00
      vertex   -8.892017e+00 6.450000e+00 -4.575153e+00
      vertex   -8.638170e+00 6.450000e+00 -5.038057e+00
    endloop
  endfacet
  facet normal 3.650574e-15 -1.000000e+00 1.766035e-15
    outer loop
      vertex   8.768149e+00 6.450000e+00 -4.808280e+00
      vertex   -8.638170e+00 6.450000e+00 -5.038057e+00
      vertex   8.502171e+00 6.450000e+00 -5.264322e+00
    endloop
  endfacet
  facet normal 3.630817e-15 -1.000000e+00 2.693703e-16
    outer loop
      vertex   8.502171e+00 6.450000e+00 -5.264322e+00
      vertex   -8.638170e+00 6.450000e+00 -5.038057e+00
      vertex   -8.360247e+00 6.450000e+00 -5.486918e+00
    endloop
  endfacet
  facet normal 3.639339e-15 -1.000000e+00 -3.762089e-16
    outer loop
      vertex   8.502171e+00 6.450000e+00 -5.264322e+00
      vertex   -8.360247e+00 6.450000e+00 -5.486918e+00
      vertex   8.212496e+00 6.450000e+00 -5.705690e+00
    endloop
  endfacet
  facet normal 3.650745e-15 -1.000000e+00 4.878500e-16
    outer loop
      vertex   8.212496e+00 6.450000e+00 -5.705690e+00
      vertex   -8.360247e+00 6.450000e+00 -5.486918e+00
      vertex   -8.059022e+00 6.450000e+00 -5.920486e+00
    endloop
  endfacet
  facet normal 3.665172e-15 -1.000000e+00 -6.050419e-16
    outer loop
      vertex   8.212496e+00 6.450000e+00 -5.705690e+00
      vertex   -8.059022e+00 6.450000e+00 -5.920486e+00
      vertex   7.899932e+00 6.450000e+00 -6.131156e+00
    endloop
  endfacet
  facet normal 3.654374e-15 -1.000000e+00 -1.422996e-15
    outer loop
      vertex   7.899932e+00 6.450000e+00 -6.131156e+00
      vertex   -8.059022e+00 6.450000e+00 -5.920486e+00
      vertex   -7.735336e+00 6.450000e+00 -6.337553e+00
    endloop
  endfacet
  facet normal 3.646316e-15 -1.000000e+00 -8.125266e-16
    outer loop
      vertex   7.899932e+00 6.450000e+00 -6.131156e+00
      vertex   -7.735336e+00 6.450000e+00 -6.337553e+00
      vertex   7.565349e+00 6.450000e+00 -6.539534e+00
    endloop
  endfacet
  facet normal 3.669559e-15 -1.000000e+00 9.482246e-16
    outer loop
      vertex   7.565349e+00 6.450000e+00 -6.539534e+00
      vertex   -7.735336e+00 6.450000e+00 -6.337553e+00
      vertex   -7.390089e+00 6.450000e+00 -6.736956e+00
    endloop
  endfacet
  facet normal 3.666091e-15 -1.000000e+00 1.210921e-15
    outer loop
      vertex   7.565349e+00 6.450000e+00 -6.539534e+00
      vertex   -7.390089e+00 6.450000e+00 -6.736956e+00
      vertex   7.209679e+00 6.450000e+00 -6.929684e+00
    endloop
  endfacet
  facet normal 3.665815e-15 -1.000000e+00 1.189981e-15
    outer loop
      vertex   7.209679e+00 6.450000e+00 -6.929684e+00
      vertex   -7.390089e+00 6.450000e+00 -6.736956e+00
      vertex   -7.024245e+00 6.450000e+00 -7.117582e+00
    endloop
  endfacet
  facet normal 3.699390e-15 -1.000000e+00 -1.353478e-15
    outer loop
      vertex   7.209679e+00 6.450000e+00 -6.929684e+00
      vertex   -7.024245e+00 6.450000e+00 -7.117582e+00
      vertex   6.833916e+00 6.450000e+00 -7.300520e+00
    endloop
  endfacet
  facet normal 3.704504e-15 -1.000000e+00 -9.661084e-16
    outer loop
      vertex   6.833916e+00 6.450000e+00 -7.300520e+00
      vertex   -7.024245e+00 6.450000e+00 -7.117582e+00
      vertex   -6.638823e+00 6.450000e+00 -7.478370e+00
    endloop
  endfacet
  facet normal 3.679562e-15 -1.000000e+00 9.233541e-16
    outer loop
      vertex   6.833916e+00 6.450000e+00 -7.300520e+00
      vertex   -6.638823e+00 6.450000e+00 -7.478370e+00
      vertex   6.439104e+00 6.450000e+00 -7.651009e+00
    endloop
  endfacet
  facet normal 3.655734e-15 -1.000000e+00 -8.816529e-16
    outer loop
      vertex   6.439104e+00 6.450000e+00 -7.651009e+00
      vertex   -6.638823e+00 6.450000e+00 -7.478370e+00
      vertex   -6.234898e+00 6.450000e+00 -7.818315e+00
    endloop
  endfacet
  facet normal 3.632995e-15 -1.000000e+00 8.409462e-16
    outer loop
      vertex   6.439104e+00 6.450000e+00 -7.651009e+00
      vertex   -6.234898e+00 6.450000e+00 -7.818315e+00
      vertex   6.026346e+00 6.450000e+00 -7.980172e+00
    endloop
  endfacet
  facet normal 3.611317e-15 -1.000000e+00 -8.011777e-16
    outer loop
      vertex   6.026346e+00 6.450000e+00 -7.980172e+00
      vertex   -6.234898e+00 6.450000e+00 -7.818315e+00
      vertex   -5.813595e+00 6.450000e+00 -8.136468e+00
    endloop
  endfacet
  facet normal 3.590678e-15 -1.000000e+00 7.622940e-16
    outer loop
      vertex   6.026346e+00 6.450000e+00 -7.980172e+00
      vertex   -5.813595e+00 6.450000e+00 -8.136468e+00
      vertex   5.596792e+00 6.450000e+00 -8.287094e+00
    endloop
  endfacet
  facet normal 3.571055e-15 -1.000000e+00 -7.242438e-16
    outer loop
      vertex   5.596792e+00 6.450000e+00 -8.287094e+00
      vertex   -5.813595e+00 6.450000e+00 -8.136468e+00
      vertex   -5.376088e+00 6.450000e+00 -8.431944e+00
    endloop
  endfacet
  facet normal 3.594609e-15 -1.000000e+00 -2.508512e-15
    outer loop
      vertex   5.596792e+00 6.450000e+00 -8.287094e+00
      vertex   -5.376088e+00 6.450000e+00 -8.431944e+00
      vertex   5.151638e+00 6.450000e+00 -8.570918e+00
    endloop
  endfacet
  facet normal 3.665108e-15 -1.000000e+00 2.832067e-15
    outer loop
      vertex   5.151638e+00 6.450000e+00 -8.570918e+00
      vertex   -5.376088e+00 6.450000e+00 -8.431944e+00
      vertex   -4.923597e+00 6.450000e+00 -8.703918e+00
    endloop
  endfacet
  facet normal 3.698593e-15 -1.000000e+00 2.954870e-16
    outer loop
      vertex   5.151638e+00 6.450000e+00 -8.570918e+00
      vertex   -4.923597e+00 6.450000e+00 -8.703918e+00
      vertex   4.692125e+00 6.450000e+00 -8.830853e+00
    endloop
  endfacet
  facet normal 3.691750e-15 -1.000000e+00 -2.228858e-16
    outer loop
      vertex   4.692125e+00 6.450000e+00 -8.830853e+00
      vertex   -4.923597e+00 6.450000e+00 -8.703918e+00
      vertex   -4.457384e+00 6.450000e+00 -8.951633e+00
    endloop
  endfacet
  facet normal 3.686903e-15 -1.000000e+00 1.443247e-16
    outer loop
      vertex   4.692125e+00 6.450000e+00 -8.830853e+00
      vertex   -4.457384e+00 6.450000e+00 -8.951633e+00
      vertex   4.219535e+00 6.450000e+00 -9.066175e+00
    endloop
  endfacet
  facet normal 3.684230e-15 -1.000000e+00 -5.811891e-17
    outer loop
      vertex   4.219535e+00 6.450000e+00 -9.066175e+00
      vertex   -4.457384e+00 6.450000e+00 -8.951633e+00
      vertex   -3.978746e+00 6.450000e+00 -9.174398e+00
    endloop
  endfacet
  facet normal 3.683964e-15 -1.000000e+00 -3.796267e-17
    outer loop
      vertex   4.219535e+00 6.450000e+00 -9.066175e+00
      vertex   -3.978746e+00 6.450000e+00 -9.174398e+00
      vertex   3.735184e+00 6.450000e+00 -9.276228e+00
    endloop
  endfacet
  facet normal 3.686405e-15 -1.000000e+00 1.469329e-16
    outer loop
      vertex   3.735184e+00 6.450000e+00 -9.276228e+00
      vertex   -3.978746e+00 6.450000e+00 -9.174398e+00
      vertex   -3.489019e+00 6.450000e+00 -9.371592e+00
    endloop
  endfacet
  facet normal 3.691948e-15 -1.000000e+00 -2.729474e-16
    outer loop
      vertex   3.735184e+00 6.450000e+00 -9.276228e+00
      vertex   -3.489019e+00 6.450000e+00 -9.371592e+00
      vertex   3.240423e+00 6.450000e+00 -9.460426e+00
    endloop
  endfacet
  facet normal 3.701120e-15 -1.000000e+00 4.218772e-16
    outer loop
      vertex   3.240423e+00 6.450000e+00 -9.460426e+00
      vertex   -3.489019e+00 6.450000e+00 -9.371592e+00
      vertex   -2.989568e+00 6.450000e+00 -9.542666e+00
    endloop
  endfacet
  facet normal 3.714639e-15 -1.000000e+00 -6.022446e-16
    outer loop
      vertex   3.240423e+00 6.450000e+00 -9.460426e+00
      vertex   -2.989568e+00 6.450000e+00 -9.542666e+00
      vertex   2.736630e+00 6.450000e+00 -9.618256e+00
    endloop
  endfacet
  facet normal 3.733504e-15 -1.000000e+00 8.268147e-16
    outer loop
      vertex   2.736630e+00 6.450000e+00 -9.618256e+00
      vertex   -2.989568e+00 6.450000e+00 -9.542666e+00
      vertex   -2.481784e+00 6.450000e+00 -9.687143e+00
    endloop
  endfacet
  facet normal 3.759143e-15 -1.000000e+00 -1.115425e-15
    outer loop
      vertex   2.736630e+00 6.450000e+00 -9.618256e+00
      vertex   -2.481784e+00 6.450000e+00 -9.687143e+00
      vertex   2.225209e+00 6.450000e+00 -9.749279e+00
    endloop
  endfacet
  facet normal 3.793672e-15 -1.000000e+00 1.500289e-15
    outer loop
      vertex   2.225209e+00 6.450000e+00 -9.749279e+00
      vertex   -2.481784e+00 6.450000e+00 -9.687143e+00
      vertex   -1.967083e+00 6.450000e+00 -9.804620e+00
    endloop
  endfacet
  facet normal 3.719510e-15 -1.000000e+00 7.118294e-15
    outer loop
      vertex   2.225209e+00 6.450000e+00 -9.749279e+00
      vertex   -1.967083e+00 6.450000e+00 -9.804620e+00
      vertex   1.707587e+00 6.450000e+00 -9.853129e+00
    endloop
  endfacet
  facet normal 3.502134e-15 -1.000000e+00 -9.348683e-15
    outer loop
      vertex   1.707587e+00 6.450000e+00 -9.853129e+00
      vertex   -1.967083e+00 6.450000e+00 -9.804620e+00
      vertex   -1.446900e+00 6.450000e+00 -9.894770e+00
    endloop
  endfacet
  facet normal 3.376564e-15 -1.000000e+00 1.636479e-16
    outer loop
      vertex   1.707587e+00 6.450000e+00 -9.853129e+00
      vertex   -1.446900e+00 6.450000e+00 -9.894770e+00
      vertex   1.185205e+00 6.450000e+00 -9.929516e+00
    endloop
  endfacet
  facet normal 3.372639e-15 -1.000000e+00 -1.336758e-16
    outer loop
      vertex   1.185205e+00 6.450000e+00 -9.929516e+00
      vertex   -1.446900e+00 6.450000e+00 -9.894770e+00
      vertex   -9.226836e-01 6.450000e+00 -9.957342e+00
    endloop
  endfacet
  facet normal 3.369504e-15 -1.000000e+00 1.038348e-16
    outer loop
      vertex   1.185205e+00 6.450000e+00 -9.929516e+00
      vertex   -9.226836e-01 6.450000e+00 -9.957342e+00
      vertex   6.595194e-01 6.450000e+00 -9.978228e+00
    endloop
  endfacet
  facet normal 3.367155e-15 -1.000000e+00 -7.409532e-17
    outer loop
      vertex   6.595194e-01 6.450000e+00 -9.978228e+00
      vertex   -9.226836e-01 6.450000e+00 -9.957342e+00
      vertex   -3.958956e-01 6.450000e+00 -9.992160e+00
    endloop
  endfacet
  facet normal 3.365591e-15 -1.000000e+00 4.442827e-17
    outer loop
      vertex   6.595194e-01 6.450000e+00 -9.978228e+00
      vertex   -3.958956e-01 6.450000e+00 -9.992160e+00
      vertex   1.319959e-01 6.450000e+00 -9.999129e+00
    endloop
  endfacet
  facet normal 3.560657e-15 -1.000000e+00 1.832042e-15
    outer loop
      vertex   9.009689e+00 6.450000e+00 4.338837e+00
      vertex   8.768149e+00 6.450000e+00 4.808280e+00
      vertex   -9.324722e+00 6.450000e+00 3.612417e+00
    endloop
  endfacet
  facet normal 3.792985e-15 -1.000000e+00 -1.682976e-15
    outer loop
      vertex   -9.324722e+00 6.450000e+00 3.612417e+00
      vertex   8.768149e+00 6.450000e+00 4.808280e+00
      vertex   8.502171e+00 6.450000e+00 5.264322e+00
    endloop
  endfacet
  facet normal 3.604304e-15 -1.000000e+00 3.532152e-16
    outer loop
      vertex   -9.324722e+00 6.450000e+00 3.612417e+00
      vertex   8.502171e+00 6.450000e+00 5.264322e+00
      vertex   8.212496e+00 6.450000e+00 5.705690e+00
    endloop
  endfacet
  facet normal 3.581576e-15 -1.000000e+00 5.436289e-16
    outer loop
      vertex   8.212496e+00 6.450000e+00 5.705690e+00
      vertex   7.899932e+00 6.450000e+00 6.131156e+00
      vertex   -9.324722e+00 6.450000e+00 3.612417e+00
    endloop
  endfacet
  facet normal 3.553389e-15 -1.000000e+00 7.363915e-16
    outer loop
      vertex   -9.324722e+00 6.450000e+00 3.612417e+00
      vertex   7.899932e+00 6.450000e+00 6.131156e+00
      vertex   7.565349e+00 6.450000e+00 6.539534e+00
    endloop
  endfacet
  facet normal 3.860199e-15 -1.000000e+00 -1.033968e-15
    outer loop
      vertex   -9.324722e+00 6.450000e+00 3.612417e+00
      vertex   7.565349e+00 6.450000e+00 6.539534e+00
      vertex   7.209679e+00 6.450000e+00 6.929684e+00
    endloop
  endfacet
  facet normal 3.434966e-15 -1.000000e+00 1.085540e-15
    outer loop
      vertex   7.209679e+00 6.450000e+00 6.929684e+00
      vertex   6.833916e+00 6.450000e+00 7.300520e+00
      vertex   -9.324722e+00 6.450000e+00 3.612417e+00
    endloop
  endfacet
  facet normal 3.849731e-15 -1.000000e+00 -7.316649e-16
    outer loop
      vertex   -9.324722e+00 6.450000e+00 3.612417e+00
      vertex   6.833916e+00 6.450000e+00 7.300520e+00
      vertex   6.439104e+00 6.450000e+00 7.651009e+00
    endloop
  endfacet
  facet normal 3.818223e-15 -1.000000e+00 -6.086777e-16
    outer loop
      vertex   -9.324722e+00 6.450000e+00 3.612417e+00
      vertex   6.439104e+00 6.450000e+00 7.651009e+00
      vertex   6.026346e+00 6.450000e+00 7.980172e+00
    endloop
  endfacet
  facet normal 3.784678e-15 -1.000000e+00 -4.907804e-16
    outer loop
      vertex   6.026346e+00 6.450000e+00 7.980172e+00
      vertex   5.596792e+00 6.450000e+00 8.287094e+00
      vertex   -9.324722e+00 6.450000e+00 3.612417e+00
    endloop
  endfacet
  facet normal 3.092006e-15 -1.000000e+00 1.720221e-15
    outer loop
      vertex   -9.324722e+00 6.450000e+00 3.612417e+00
      vertex   5.596792e+00 6.450000e+00 8.287094e+00
      vertex   5.151638e+00 6.450000e+00 8.570918e+00
    endloop
  endfacet
  facet normal 3.750814e-15 -1.000000e+00 -2.031713e-16
    outer loop
      vertex   -9.324722e+00 6.450000e+00 3.612417e+00
      vertex   5.151638e+00 6.450000e+00 8.570918e+00
      vertex   4.692125e+00 6.450000e+00 8.830853e+00
    endloop
  endfacet
  facet normal 3.710936e-15 -1.000000e+00 -9.605894e-17
    outer loop
      vertex   4.692125e+00 6.450000e+00 8.830853e+00
      vertex   4.219535e+00 6.450000e+00 9.066175e+00
      vertex   -9.324722e+00 6.450000e+00 3.612417e+00
    endloop
  endfacet
  facet normal 3.669967e-15 -1.000000e+00 5.687034e-18
    outer loop
      vertex   -9.324722e+00 6.450000e+00 3.612417e+00
      vertex   4.219535e+00 6.450000e+00 9.066175e+00
      vertex   3.735184e+00 6.450000e+00 9.276228e+00
    endloop
  endfacet
  facet normal 3.628255e-15 -1.000000e+00 1.018680e-16
    outer loop
      vertex   -9.324722e+00 6.450000e+00 3.612417e+00
      vertex   3.735184e+00 6.450000e+00 9.276228e+00
      vertex   3.240423e+00 6.450000e+00 9.460426e+00
    endloop
  endfacet
  facet normal 3.586192e-15 -1.000000e+00 1.922448e-16
    outer loop
      vertex   3.240423e+00 6.450000e+00 9.460426e+00
      vertex   2.736630e+00 6.450000e+00 9.618256e+00
      vertex   -9.324722e+00 6.450000e+00 3.612417e+00
    endloop
  endfacet
  facet normal 3.544223e-15 -1.000000e+00 2.765304e-16
    outer loop
      vertex   -9.324722e+00 6.450000e+00 3.612417e+00
      vertex   2.736630e+00 6.450000e+00 9.618256e+00
      vertex   2.225209e+00 6.450000e+00 9.749279e+00
    endloop
  endfacet
  facet normal 4.748422e-15 -1.000000e+00 -1.989842e-15
    outer loop
      vertex   -9.324722e+00 6.450000e+00 3.612417e+00
      vertex   2.225209e+00 6.450000e+00 9.749279e+00
      vertex   1.707587e+00 6.450000e+00 9.853129e+00
    endloop
  endfacet
  facet normal 3.446160e-15 -1.000000e+00 3.122920e-16
    outer loop
      vertex   1.707587e+00 6.450000e+00 9.853129e+00
      vertex   1.185205e+00 6.450000e+00 9.929516e+00
      vertex   -9.324722e+00 6.450000e+00 3.612417e+00
    endloop
  endfacet
  facet normal 3.413152e-15 -1.000000e+00 3.672079e-16
    outer loop
      vertex   -9.324722e+00 6.450000e+00 3.612417e+00
      vertex   1.185205e+00 6.450000e+00 9.929516e+00
      vertex   6.595194e-01 6.450000e+00 9.978228e+00
    endloop
  endfacet
  facet normal 3.383728e-15 -1.000000e+00 4.133572e-16
    outer loop
      vertex   -9.324722e+00 6.450000e+00 3.612417e+00
      vertex   6.595194e-01 6.450000e+00 9.978228e+00
      vertex   1.319959e-01 6.450000e+00 9.999129e+00
    endloop
  endfacet
  facet normal 3.359065e-15 -1.000000e+00 4.498753e-16
    outer loop
      vertex   1.319959e-01 6.450000e+00 9.999129e+00
      vertex   -3.958956e-01 6.450000e+00 9.992160e+00
      vertex   -9.324722e+00 6.450000e+00 3.612417e+00
    endloop
  endfacet
  facet normal 3.340610e-15 -1.000000e+00 4.757040e-16
    outer loop
      vertex   -9.324722e+00 6.450000e+00 3.612417e+00
      vertex   -3.958956e-01 6.450000e+00 9.992160e+00
      vertex   -9.226836e-01 6.450000e+00 9.957342e+00
    endloop
  endfacet
  facet normal 3.330163e-15 -1.000000e+00 4.895390e-16
    outer loop
      vertex   -9.324722e+00 6.450000e+00 3.612417e+00
      vertex   -9.226836e-01 6.450000e+00 9.957342e+00
      vertex   -1.446900e+00 6.450000e+00 9.894770e+00
    endloop
  endfacet
  facet normal 5.511499e-15 -1.000000e+00 -2.245770e-15
    outer loop
      vertex   -1.446900e+00 6.450000e+00 9.894770e+00
      vertex   -1.967083e+00 6.450000e+00 9.804620e+00
      vertex   -9.324722e+00 6.450000e+00 3.612417e+00
    endloop
  endfacet
  facet normal 3.387901e-15 -1.000000e+00 2.775107e-16
    outer loop
      vertex   -9.324722e+00 6.450000e+00 3.612417e+00
      vertex   -1.967083e+00 6.450000e+00 9.804620e+00
      vertex   -2.481784e+00 6.450000e+00 9.687143e+00
    endloop
  endfacet
  facet normal 3.434104e-15 -1.000000e+00 2.254640e-16
    outer loop
      vertex   -9.324722e+00 6.450000e+00 3.612417e+00
      vertex   -2.481784e+00 6.450000e+00 9.687143e+00
      vertex   -2.989568e+00 6.450000e+00 9.542666e+00
    endloop
  endfacet
  facet normal 3.505522e-15 -1.000000e+00 1.491697e-16
    outer loop
      vertex   -2.989568e+00 6.450000e+00 9.542666e+00
      vertex   -3.489019e+00 6.450000e+00 9.371592e+00
      vertex   -9.324722e+00 6.450000e+00 3.612417e+00
    endloop
  endfacet
  facet normal 3.609668e-15 -1.000000e+00 4.363987e-17
    outer loop
      vertex   -9.324722e+00 6.450000e+00 3.612417e+00
      vertex   -3.489019e+00 6.450000e+00 9.371592e+00
      vertex   -3.978746e+00 6.450000e+00 9.174398e+00
    endloop
  endfacet
  facet normal 3.111246e-15 -1.000000e+00 5.227053e-16
    outer loop
      vertex   -9.324722e+00 6.450000e+00 3.612417e+00
      vertex   -3.978746e+00 6.450000e+00 9.174398e+00
      vertex   -9.121081e+00 6.450000e+00 4.099498e+00
    endloop
  endfacet
  facet normal 3.786413e-15 -1.000000e+00 -1.614328e-16
    outer loop
      vertex   -9.121081e+00 6.450000e+00 4.099498e+00
      vertex   -3.978746e+00 6.450000e+00 9.174398e+00
      vertex   -4.457384e+00 6.450000e+00 8.951633e+00
    endloop
  endfacet
  facet normal 4.010280e-15 -1.000000e+00 -3.766056e-16
    outer loop
      vertex   -9.121081e+00 6.450000e+00 4.099498e+00
      vertex   -4.457384e+00 6.450000e+00 8.951633e+00
      vertex   -4.923597e+00 6.450000e+00 8.703918e+00
    endloop
  endfacet
  facet normal -1.805125e-17 -1.000000e+00 3.295703e-15
    outer loop
      vertex   -4.923597e+00 6.450000e+00 8.703918e+00
      vertex   -5.376088e+00 6.450000e+00 8.431944e+00
      vertex   -9.121081e+00 6.450000e+00 4.099498e+00
    endloop
  endfacet
  facet normal 4.432653e-15 -1.000000e+00 -5.515125e-16
    outer loop
      vertex   -9.121081e+00 6.450000e+00 4.099498e+00
      vertex   -5.376088e+00 6.450000e+00 8.431944e+00
      vertex   -5.813595e+00 6.450000e+00 8.136468e+00
    endloop
  endfacet
  facet normal 4.957625e-15 -1.000000e+00 -9.816217e-16
    outer loop
      vertex   -9.121081e+00 6.450000e+00 4.099498e+00
      vertex   -5.813595e+00 6.450000e+00 8.136468e+00
      vertex   -6.234898e+00 6.450000e+00 7.818315e+00
    endloop
  endfacet
  facet normal 5.725276e-15 -1.000000e+00 -1.577398e-15
    outer loop
      vertex   -6.234898e+00 6.450000e+00 7.818315e+00
      vertex   -6.638823e+00 6.450000e+00 7.478370e+00
      vertex   -9.121081e+00 6.450000e+00 4.099498e+00
    endloop
  endfacet
  facet normal 6.878505e-15 -1.000000e+00 -2.424607e-15
    outer loop
      vertex   -9.121081e+00 6.450000e+00 4.099498e+00
      vertex   -6.638823e+00 6.450000e+00 7.478370e+00
      vertex   -7.024245e+00 6.450000e+00 7.117582e+00
    endloop
  endfacet
  facet normal -7.813619e-17 -1.000000e+00 2.408569e-15
    outer loop
      vertex   -9.121081e+00 6.450000e+00 4.099498e+00
      vertex   -7.024245e+00 6.450000e+00 7.117582e+00
      vertex   -7.390089e+00 6.450000e+00 6.736956e+00
    endloop
  endfacet
  facet normal -6.416436e-16 -1.000000e+00 2.778405e-15
    outer loop
      vertex   -7.390089e+00 6.450000e+00 6.736956e+00
      vertex   -7.735336e+00 6.450000e+00 6.337553e+00
      vertex   -9.121081e+00 6.450000e+00 4.099498e+00
    endloop
  endfacet
  facet normal 1.196753e-14 -1.000000e+00 -5.028864e-15
    outer loop
      vertex   -9.121081e+00 6.450000e+00 4.099498e+00
      vertex   -7.735336e+00 6.450000e+00 6.337553e+00
      vertex   -8.059022e+00 6.450000e+00 5.920486e+00
    endloop
  endfacet
  facet normal 8.746925e-16 -1.000000e+00 1.440832e-15
    outer loop
      vertex   -9.121081e+00 6.450000e+00 4.099498e+00
      vertex   -8.059022e+00 6.450000e+00 5.920486e+00
      vertex   -8.360247e+00 6.450000e+00 5.486918e+00
    endloop
  endfacet
  facet normal 8.226720e-16 -1.000000e+00 1.469359e-15
    outer loop
      vertex   -8.360247e+00 6.450000e+00 5.486918e+00
      vertex   -8.638170e+00 6.450000e+00 5.038057e+00
      vertex   -9.121081e+00 6.450000e+00 4.099498e+00
    endloop
  endfacet
  facet normal 7.699717e-16 -1.000000e+00 1.496475e-15
    outer loop
      vertex   -9.121081e+00 6.450000e+00 4.099498e+00
      vertex   -8.638170e+00 6.450000e+00 5.038057e+00
      vertex   -8.892017e+00 6.450000e+00 4.575153e+00
    endloop
  endfacet
  facet normal 9.996515e-01 3.906623e-15 -2.639687e-02
    outer loop
      vertex   -9.986064e+00 6.450000e+00 5.277535e-01
      vertex   -9.986064e+00 1.450000e+00 5.277535e-01
      vertex   -1.000000e+01 6.450000e+00 -1.224647e-15
    endloop
  endfacet
  facet normal 9.996515e-01 3.906623e-15 -2.639687e-02
    outer loop
      vertex   -1.000000e+01 6.450000e+00 -1.224647e-15
      vertex   -9.986064e+00 1.450000e+00 5.277535e-01
      vertex   -1.000000e+01 1.450000e+00 -1.224647e-15
    endloop
  endfacet
  facet normal 9.996515e-01 3.906623e-15 2.639687e-02
    outer loop
      vertex   -1.000000e+01 6.450000e+00 -1.224647e-15
      vertex   -1.000000e+01 1.450000e+00 -1.224647e-15
      vertex   -9.986064e+00 6.450000e+00 -5.277535e-01
    endloop
  endfacet
  facet normal 9.996515e-01 3.906623e-15 2.639687e-02
    outer loop
      vertex   -9.986064e+00 6.450000e+00 -5.277535e-01
      vertex   -1.000000e+01 1.450000e+00 -1.224647e-15
      vertex   -9.986064e+00 1.450000e+00 -5.277535e-01
    endloop
  endfacet
  facet normal 9.968653e-01 3.895735e-15 7.911704e-02
    outer loop
      vertex   -9.986064e+00 6.450000e+00 -5.277535e-01
      vertex   -9.986064e+00 1.450000e+00 -5.277535e-01
      vertex   -9.944295e+00 6.450000e+00 -1.054036e+00
    endloop
  endfacet
  facet normal 9.968653e-01 3.541577e-15 7.911704e-02
    outer loop
      vertex   -9.944295e+00 6.450000e+00 -1.054036e+00
      vertex   -9.986064e+00 1.450000e+00 -5.277535e-01
      vertex   -9.944295e+00 1.450000e+00 -1.054036e+00
    endloop
  endfacet
  facet normal 9.913007e-01 3.521807e-15 1.316167e-01
    outer loop
      vertex   -9.944295e+00 6.450000e+00 -1.054036e+00
      vertex   -9.944295e+00 1.450000e+00 -1.054036e+00
      vertex   -9.874810e+00 6.450000e+00 -1.577381e+00
    endloop
  endfacet
  facet normal 9.913007e-01 3.521807e-15 1.316167e-01
    outer loop
      vertex   -9.874810e+00 6.450000e+00 -1.577381e+00
      vertex   -9.944295e+00 1.450000e+00 -1.054036e+00
      vertex   -9.874810e+00 1.450000e+00 -1.577381e+00
    endloop
  endfacet
  facet normal 9.829731e-01 3.492222e-15 1.837495e-01
    outer loop
      vertex   -9.874810e+00 6.450000e+00 -1.577381e+00
      vertex   -9.874810e+00 1.450000e+00 -1.577381e+00
      vertex   -9.777802e+00 6.450000e+00 -2.096329e+00
    endloop
  endfacet
  facet normal 9.829731e-01 3.841444e-15 1.837495e-01
    outer loop
      vertex   -9.777802e+00 6.450000e+00 -2.096329e+00
      vertex   -9.874810e+00 1.450000e+00 -1.577381e+00
      vertex   -9.777802e+00 1.450000e+00 -2.096329e+00
    endloop
  endfacet
  facet normal 9.719058e-01 3.798193e-15 2.353702e-01
    outer loop
      vertex   -9.777802e+00 6.450000e+00 -2.096329e+00
      vertex   -9.777802e+00 1.450000e+00 -2.096329e+00
      vertex   -9.653541e+00 6.450000e+00 -2.609434e+00
    endloop
  endfacet
  facet normal 9.719058e-01 3.798193e-15 2.353702e-01
    outer loop
      vertex   -9.653541e+00 6.450000e+00 -2.609434e+00
      vertex   -9.777802e+00 1.450000e+00 -2.096329e+00
      vertex   -9.653541e+00 1.450000e+00 -2.609434e+00
    endloop
  endfacet
  facet normal 9.581296e-01 3.744356e-15 2.863348e-01
    outer loop
      vertex   -9.653541e+00 6.450000e+00 -2.609434e+00
      vertex   -9.653541e+00 1.450000e+00 -2.609434e+00
      vertex   -9.502374e+00 6.450000e+00 -3.115267e+00
    endloop
  endfacet
  facet normal 9.581296e-01 3.744356e-15 2.863348e-01
    outer loop
      vertex   -9.502374e+00 6.450000e+00 -3.115267e+00
      vertex   -9.653541e+00 1.450000e+00 -2.609434e+00
      vertex   -9.502374e+00 1.450000e+00 -3.115267e+00
    endloop
  endfacet
  facet normal 9.416830e-01 3.680083e-15 3.365014e-01
    outer loop
      vertex   -9.502374e+00 6.450000e+00 -3.115267e+00
      vertex   -9.502374e+00 1.450000e+00 -3.115267e+00
      vertex   -9.324722e+00 6.450000e+00 -3.612417e+00
    endloop
  endfacet
  facet normal 9.416830e-01 3.345530e-15 3.365014e-01
    outer loop
      vertex   -9.324722e+00 6.450000e+00 -3.612417e+00
      vertex   -9.502374e+00 1.450000e+00 -3.115267e+00
      vertex   -9.324722e+00 1.450000e+00 -3.612417e+00
    endloop
  endfacet
  facet normal 9.226117e-01 3.277775e-15 3.857301e-01
    outer loop
      vertex   -9.324722e+00 6.450000e+00 -3.612417e+00
      vertex   -9.324722e+00 1.450000e+00 -3.612417e+00
      vertex   -9.121081e+00 6.450000e+00 -4.099498e+00
    endloop
  endfacet
  facet normal 9.226117e-01 3.605553e-15 3.857301e-01
    outer loop
      vertex   -9.121081e+00 6.450000e+00 -4.099498e+00
      vertex   -9.324722e+00 1.450000e+00 -3.612417e+00
      vertex   -9.121081e+00 1.450000e+00 -4.099498e+00
    endloop
  endfacet
  facet normal 9.009689e-01 3.520973e-15 4.338837e-01
    outer loop
      vertex   -9.121081e+00 6.450000e+00 -4.099498e+00
      vertex   -9.121081e+00 1.450000e+00 -4.099498e+00
      vertex   -8.892017e+00 6.450000e+00 -4.575153e+00
    endloop
  endfacet
  facet normal 9.009689e-01 3.200884e-15 4.338837e-01
    outer loop
      vertex   -8.892017e+00 6.450000e+00 -4.575153e+00
      vertex   -9.121081e+00 1.450000e+00 -4.099498e+00
      vertex   -8.892017e+00 1.450000e+00 -4.575153e+00
    endloop
  endfacet
  facet normal 8.768149e-01 3.115072e-15 4.808280e-01
    outer loop
      vertex   -8.892017e+00 6.450000e+00 -4.575153e+00
      vertex   -8.892017e+00 1.450000e+00 -4.575153e+00
      vertex   -8.638170e+00 6.450000e+00 -5.038057e+00
    endloop
  endfacet
  facet normal 8.768149e-01 3.426580e-15 4.808280e-01
    outer loop
      vertex   -8.638170e+00 6.450000e+00 -5.038057e+00
      vertex   -8.892017e+00 1.450000e+00 -4.575153e+00
      vertex   -8.638170e+00 1.450000e+00 -5.038057e+00
    endloop
  endfacet
  facet normal 8.502171e-01 3.322636e-15 5.264322e-01
    outer loop
      vertex   -8.638170e+00 6.450000e+00 -5.038057e+00
      vertex   -8.638170e+00 1.450000e+00 -5.038057e+00
      vertex   -8.360247e+00 6.450000e+00 -5.486918e+00
    endloop
  endfacet
  facet normal 8.502171e-01 3.322636e-15 5.264322e-01
    outer loop
      vertex   -8.360247e+00 6.450000e+00 -5.486918e+00
      vertex   -8.638170e+00 1.450000e+00 -5.038057e+00
      vertex   -8.360247e+00 1.450000e+00 -5.486918e+00
    endloop
  endfacet
  facet normal 8.212496e-01 3.209431e-15 5.705690e-01
    outer loop
      vertex   -8.360247e+00 6.450000e+00 -5.486918e+00
      vertex   -8.360247e+00 1.450000e+00 -5.486918e+00
      vertex   -8.059022e+00 6.450000e+00 -5.920486e+00
    endloop
  endfacet
  facet normal 8.212496e-01 3.209431e-15 5.705690e-01
    outer loop
      vertex   -8.059022e+00 6.450000e+00 -5.920486e+00
      vertex   -8.360247e+00 1.450000e+00 -5.486918e+00
      vertex   -8.059022e+00 1.450000e+00 -5.920486e+00
    endloop
  endfacet
  facet normal 7.899932e-01 3.087282e-15 6.131156e-01
    outer loop
      vertex   -8.059022e+00 6.450000e+00 -5.920486e+00
      vertex   -8.059022e+00 1.450000e+00 -5.920486e+00
      vertex   -7.735336e+00 6.450000e+00 -6.337553e+00
    endloop
  endfacet
  facet normal 7.899932e-01 2.946951e-15 6.131156e-01
    outer loop
      vertex   -7.735336e+00 6.450000e+00 -6.337553e+00
      vertex   -8.059022e+00 1.450000e+00 -5.920486e+00
      vertex   -7.735336e+00 1.450000e+00 -6.337553e+00
    endloop
  endfacet
  facet normal 7.565349e-01 2.822139e-15 6.539534e-01
    outer loop
      vertex   -7.735336e+00 6.450000e+00 -6.337553e+00
      vertex   -7.735336e+00 1.450000e+00 -6.337553e+00
      vertex   -7.390089e+00 6.450000e+00 -6.736956e+00
    endloop
  endfacet
  facet normal 7.565349e-01 2.956527e-15 6.539534e-01
    outer loop
      vertex   -7.390089e+00 6.450000e+00 -6.736956e+00
      vertex   -7.735336e+00 1.450000e+00 -6.337553e+00
      vertex   -7.390089e+00 1.450000e+00 -6.736956e+00
    endloop
  endfacet
  facet normal 7.209679e-01 2.817532e-15 6.929684e-01
    outer loop
      vertex   -7.390089e+00 6.450000e+00 -6.736956e+00
      vertex   -7.390089e+00 1.450000e+00 -6.736956e+00
      vertex   -7.024245e+00 6.450000e+00 -7.117582e+00
    endloop
  endfacet
  facet normal 7.209679e-01 2.689462e-15 6.929684e-01
    outer loop
      vertex   -7.024245e+00 6.450000e+00 -7.117582e+00
      vertex   -7.390089e+00 1.450000e+00 -6.736956e+00
      vertex   -7.024245e+00 1.450000e+00 -7.117582e+00
    endloop
  endfacet
  facet normal 6.833916e-01 2.549289e-15 7.300520e-01
    outer loop
      vertex   -7.024245e+00 6.450000e+00 -7.117582e+00
      vertex   -7.024245e+00 1.450000e+00 -7.117582e+00
      vertex   -6.638823e+00 6.450000e+00 -7.478370e+00
    endloop
  endfacet
  facet normal 6.833916e-01 2.670684e-15 7.300520e-01
    outer loop
      vertex   -6.638823e+00 6.450000e+00 -7.478370e+00
      vertex   -7.024245e+00 1.450000e+00 -7.117582e+00
      vertex   -6.638823e+00 1.450000e+00 -7.478370e+00
    endloop
  endfacet
  facet normal 6.439104e-01 2.516392e-15 7.651009e-01
    outer loop
      vertex   -6.638823e+00 6.450000e+00 -7.478370e+00
      vertex   -6.638823e+00 1.450000e+00 -7.478370e+00
      vertex   -6.234898e+00 6.450000e+00 -7.818315e+00
    endloop
  endfacet
  facet normal 6.439104e-01 2.402011e-15 7.651009e-01
    outer loop
      vertex   -6.234898e+00 6.450000e+00 -7.818315e+00
      vertex   -6.638823e+00 1.450000e+00 -7.478370e+00
      vertex   -6.234898e+00 1.450000e+00 -7.818315e+00
    endloop
  endfacet
  facet normal 6.026346e-01 2.248038e-15 7.980172e-01
    outer loop
      vertex   -6.234898e+00 6.450000e+00 -7.818315e+00
      vertex   -6.234898e+00 1.450000e+00 -7.818315e+00
      vertex   -5.813595e+00 6.450000e+00 -8.136468e+00
    endloop
  endfacet
  facet normal 6.026346e-01 2.248038e-15 7.980172e-01
    outer loop
      vertex   -5.813595e+00 6.450000e+00 -8.136468e+00
      vertex   -6.234898e+00 1.450000e+00 -7.818315e+00
      vertex   -5.813595e+00 1.450000e+00 -8.136468e+00
    endloop
  endfacet
  facet normal 5.596792e-01 2.087799e-15 8.287094e-01
    outer loop
      vertex   -5.813595e+00 6.450000e+00 -8.136468e+00
      vertex   -5.813595e+00 1.450000e+00 -8.136468e+00
      vertex   -5.376088e+00 6.450000e+00 -8.431944e+00
    endloop
  endfacet
  facet normal 5.596792e-01 2.087799e-15 8.287094e-01
    outer loop
      vertex   -5.376088e+00 6.450000e+00 -8.431944e+00
      vertex   -5.813595e+00 1.450000e+00 -8.136468e+00
      vertex   -5.376088e+00 1.450000e+00 -8.431944e+00
    endloop
  endfacet
  facet normal 5.151638e-01 1.921741e-15 8.570918e-01
    outer loop
      vertex   -5.376088e+00 6.450000e+00 -8.431944e+00
      vertex   -5.376088e+00 1.450000e+00 -8.431944e+00
      vertex   -4.923597e+00 6.450000e+00 -8.703918e+00
    endloop
  endfacet
  facet normal 5.151638e-01 1.830229e-15 8.570918e-01
    outer loop
      vertex   -4.923597e+00 6.450000e+00 -8.703918e+00
      vertex   -5.376088e+00 1.450000e+00 -8.431944e+00
      vertex   -4.923597e+00 1.450000e+00 -8.703918e+00
    endloop
  endfacet
  facet normal 4.692125e-01 1.666978e-15 8.830853e-01
    outer loop
      vertex   -4.923597e+00 6.450000e+00 -8.703918e+00
      vertex   -4.923597e+00 1.450000e+00 -8.703918e+00
      vertex   -4.457384e+00 6.450000e+00 -8.951633e+00
    endloop
  endfacet
  facet normal 4.692125e-01 1.666978e-15 8.830853e-01
    outer loop
      vertex   -4.457384e+00 6.450000e+00 -8.951633e+00
      vertex   -4.923597e+00 1.450000e+00 -8.703918e+00
      vertex   -4.457384e+00 1.450000e+00 -8.951633e+00
    endloop
  endfacet
  facet normal 4.219535e-01 1.499080e-15 9.066175e-01
    outer loop
      vertex   -4.457384e+00 6.450000e+00 -8.951633e+00
      vertex   -4.457384e+00 1.450000e+00 -8.951633e+00
      vertex   -3.978746e+00 6.450000e+00 -9.174398e+00
    endloop
  endfacet
  facet normal 4.219535e-01 1.499080e-15 9.066175e-01
    outer loop
      vertex   -3.978746e+00 6.450000e+00 -9.174398e+00
      vertex   -4.457384e+00 1.450000e+00 -8.951633e+00
      vertex   -3.978746e+00 1.450000e+00 -9.174398e+00
    endloop
  endfacet
  facet normal 3.735184e-01 1.327004e-15 9.276228e-01
    outer loop
      vertex   -3.978746e+00 6.450000e+00 -9.174398e+00
      vertex   -3.978746e+00 1.450000e+00 -9.174398e+00
      vertex   -3.489019e+00 6.450000e+00 -9.371592e+00
    endloop
  endfacet
  facet normal 3.735184e-01 1.327004e-15 9.276228e-01
    outer loop
      vertex   -3.489019e+00 6.450000e+00 -9.371592e+00
      vertex   -3.978746e+00 1.450000e+00 -9.174398e+00
      vertex   -3.489019e+00 1.450000e+00 -9.371592e+00
    endloop
  endfacet
  facet normal 3.240423e-01 1.151230e-15 9.460426e-01
    outer loop
      vertex   -3.489019e+00 6.450000e+00 -9.371592e+00
      vertex   -3.489019e+00 1.450000e+00 -9.371592e+00
      vertex   -2.989568e+00 6.450000e+00 -9.542666e+00
    endloop
  endfacet
  facet normal 3.240423e-01 1.151230e-15 9.460426e-01
    outer loop
      vertex   -2.989568e+00 6.450000e+00 -9.542666e+00
      vertex   -3.489019e+00 1.450000e+00 -9.371592e+00
      vertex   -2.989568e+00 1.450000e+00 -9.542666e+00
    endloop
  endfacet
  facet normal 2.736630e-01 9.722462e-16 9.618256e-01
    outer loop
      vertex   -2.989568e+00 6.450000e+00 -9.542666e+00
      vertex   -2.989568e+00 1.450000e+00 -9.542666e+00
      vertex   -2.481784e+00 6.450000e+00 -9.687143e+00
    endloop
  endfacet
  facet normal 2.736630e-01 1.020859e-15 9.618256e-01
    outer loop
      vertex   -2.481784e+00 6.450000e+00 -9.687143e+00
      vertex   -2.989568e+00 1.450000e+00 -9.542666e+00
      vertex   -2.481784e+00 1.450000e+00 -9.687143e+00
    endloop
  endfacet
  facet normal 2.225209e-01 8.300808e-16 9.749279e-01
    outer loop
      vertex   -2.481784e+00 6.450000e+00 -9.687143e+00
      vertex   -2.481784e+00 1.450000e+00 -9.687143e+00
      vertex   -1.967083e+00 6.450000e+00 -9.804620e+00
    endloop
  endfacet
  facet normal 2.225209e-01 8.103170e-16 9.749279e-01
    outer loop
      vertex   -1.967083e+00 6.450000e+00 -9.804620e+00
      vertex   -2.481784e+00 1.450000e+00 -9.687143e+00
      vertex   -1.967083e+00 1.450000e+00 -9.804620e+00
    endloop
  endfacet
  facet normal 1.707587e-01 6.218231e-16 9.853129e-01
    outer loop
      vertex   -1.967083e+00 6.450000e+00 -9.804620e+00
      vertex   -1.967083e+00 1.450000e+00 -9.804620e+00
      vertex   -1.446900e+00 6.450000e+00 -9.894770e+00
    endloop
  endfacet
  facet normal 1.707587e-01 6.218231e-16 9.853129e-01
    outer loop
      vertex   -1.446900e+00 6.450000e+00 -9.894770e+00
      vertex   -1.967083e+00 1.450000e+00 -9.804620e+00
      vertex   -1.446900e+00 1.450000e+00 -9.894770e+00
    endloop
  endfacet
  facet normal 1.185205e-01 4.315960e-16 9.929516e-01
    outer loop
      vertex   -1.446900e+00 6.450000e+00 -9.894770e+00
      vertex   -1.446900e+00 1.450000e+00 -9.894770e+00
      vertex   -9.226836e-01 6.450000e+00 -9.957342e+00
    endloop
  endfacet
  facet normal 1.185205e-01 4.342277e-16 9.929516e-01
    outer loop
      vertex   -9.226836e-01 6.450000e+00 -9.957342e+00
      vertex   -1.446900e+00 1.450000e+00 -9.894770e+00
      vertex   -9.226836e-01 1.450000e+00 -9.957342e+00
    endloop
  endfacet
  facet normal 6.595194e-02 2.416305e-16 9.978228e-01
    outer loop
      vertex   -9.226836e-01 6.450000e+00 -9.957342e+00
      vertex   -9.226836e-01 1.450000e+00 -9.957342e+00
      vertex   -3.958956e-01 6.450000e+00 -9.992160e+00
    endloop
  endfacet
  facet normal 6.595194e-02 2.408983e-16 9.978228e-01
    outer loop
      vertex   -3.958956e-01 6.450000e+00 -9.992160e+00
      vertex   -9.226836e-01 1.450000e+00 -9.957342e+00
      vertex   -3.958956e-01 1.450000e+00 -9.992160e+00
    endloop
  endfacet
  facet normal 1.319959e-02 4.821325e-17 9.999129e-01
    outer loop
      vertex   -3.958956e-01 6.450000e+00 -9.992160e+00
      vertex   -3.958956e-01 1.450000e+00 -9.992160e+00
      vertex   1.319959e-01 6.450000e+00 -9.999129e+00
    endloop
  endfacet
  facet normal 1.319959e-02 4.813998e-17 9.999129e-01
    outer loop
      vertex   1.319959e-01 6.450000e+00 -9.999129e+00
      vertex   -3.958956e-01 1.450000e+00 -9.992160e+00
      vertex   1.319959e-01 1.450000e+00 -9.999129e+00
    endloop
  endfacet
  facet normal -3.958956e-02 -1.443864e-16 9.992160e-01
    outer loop
      vertex   1.319959e-01 6.450000e+00 -9.999129e+00
      vertex   1.319959e-01 1.450000e+00 -9.999129e+00
      vertex   6.595194e-01 6.450000e+00 -9.978228e+00
    endloop
  endfacet
  facet normal -3.958956e-02 -1.450457e-16 9.992160e-01
    outer loop
      vertex   6.595194e-01 6.450000e+00 -9.978228e+00
      vertex   1.319959e-01 1.450000e+00 -9.999129e+00
      vertex   6.595194e-01 1.450000e+00 -9.978228e+00
    endloop
  endfacet
  facet normal -9.226836e-02 -3.380469e-16 9.957342e-01
    outer loop
      vertex   6.595194e-01 6.450000e+00 -9.978228e+00
      vertex   6.595194e-01 1.450000e+00 -9.978228e+00
      vertex   1.185205e+00 6.450000e+00 -9.929516e+00
    endloop
  endfacet
  facet normal -9.226836e-02 -3.400957e-16 9.957342e-01
    outer loop
      vertex   1.185205e+00 6.450000e+00 -9.929516e+00
      vertex   6.595194e-01 1.450000e+00 -9.978228e+00
      vertex   1.185205e+00 1.450000e+00 -9.929516e+00
    endloop
  endfacet
  facet normal -1.446900e-01 -5.333187e-16 9.894770e-01
    outer loop
      vertex   1.185205e+00 6.450000e+00 -9.929516e+00
      vertex   1.185205e+00 1.450000e+00 -9.929516e+00
      vertex   1.707587e+00 6.450000e+00 -9.853129e+00
    endloop
  endfacet
  facet normal -1.446900e-01 -5.268932e-16 9.894770e-01
    outer loop
      vertex   1.707587e+00 6.450000e+00 -9.853129e+00
      vertex   1.185205e+00 1.450000e+00 -9.929516e+00
      vertex   1.707587e+00 1.450000e+00 -9.853129e+00
    endloop
  endfacet
  facet normal -1.967083e-01 -7.163196e-16 9.804620e-01
    outer loop
      vertex   1.707587e+00 6.450000e+00 -9.853129e+00
      vertex   1.707587e+00 1.450000e+00 -9.853129e+00
      vertex   2.225209e+00 6.450000e+00 -9.749279e+00
    endloop
  endfacet
  facet normal -1.967083e-01 -7.163196e-16 9.804620e-01
    outer loop
      vertex   2.225209e+00 6.450000e+00 -9.749279e+00
      vertex   1.707587e+00 1.450000e+00 -9.853129e+00
      vertex   2.225209e+00 1.450000e+00 -9.749279e+00
    endloop
  endfacet
  facet normal -2.481784e-01 -9.037496e-16 9.687143e-01
    outer loop
      vertex   2.225209e+00 6.450000e+00 -9.749279e+00
      vertex   2.225209e+00 1.450000e+00 -9.749279e+00
      vertex   2.736630e+00 6.450000e+00 -9.618256e+00
    endloop
  endfacet
  facet normal -2.481784e-01 -8.817069e-16 9.687143e-01
    outer loop
      vertex   2.736630e+00 6.450000e+00 -9.618256e+00
      vertex   2.225209e+00 1.450000e+00 -9.749279e+00
      vertex   2.736630e+00 1.450000e+00 -9.618256e+00
    endloop
  endfacet
  facet normal -2.989568e-01 -1.062108e-15 9.542666e-01
    outer loop
      vertex   2.736630e+00 6.450000e+00 -9.618256e+00
      vertex   2.736630e+00 1.450000e+00 -9.618256e+00
      vertex   3.240423e+00 6.450000e+00 -9.460426e+00
    endloop
  endfacet
  facet normal -2.989568e-01 -1.062108e-15 9.542666e-01
    outer loop
      vertex   3.240423e+00 6.450000e+00 -9.460426e+00
      vertex   2.736630e+00 1.450000e+00 -9.618256e+00
      vertex   3.240423e+00 1.450000e+00 -9.460426e+00
    endloop
  endfacet
  facet normal -3.489019e-01 -1.239549e-15 9.371592e-01
    outer loop
      vertex   3.240423e+00 6.450000e+00 -9.460426e+00
      vertex   3.240423e+00 1.450000e+00 -9.460426e+00
      vertex   3.735184e+00 6.450000e+00 -9.276228e+00
    endloop
  endfacet
  facet normal -3.489019e-01 -1.239549e-15 9.371592e-01
    outer loop
      vertex   3.735184e+00 6.450000e+00 -9.276228e+00
      vertex   3.240423e+00 1.450000e+00 -9.460426e+00
      vertex   3.735184e+00 1.450000e+00 -9.276228e+00
    endloop
  endfacet
  facet normal -3.978746e-01 -1.413535e-15 9.174398e-01
    outer loop
      vertex   3.735184e+00 6.450000e+00 -9.276228e+00
      vertex   3.735184e+00 1.450000e+00 -9.276228e+00
      vertex   4.219535e+00 6.450000e+00 -9.066175e+00
    endloop
  endfacet
  facet normal -3.978746e-01 -1.413535e-15 9.174398e-01
    outer loop
      vertex   4.219535e+00 6.450000e+00 -9.066175e+00
      vertex   3.735184e+00 1.450000e+00 -9.276228e+00
      vertex   4.219535e+00 1.450000e+00 -9.066175e+00
    endloop
  endfacet
  facet normal -4.457384e-01 -1.583581e-15 8.951633e-01
    outer loop
      vertex   4.219535e+00 6.450000e+00 -9.066175e+00
      vertex   4.219535e+00 1.450000e+00 -9.066175e+00
      vertex   4.692125e+00 6.450000e+00 -8.830853e+00
    endloop
  endfacet
  facet normal -4.457384e-01 -1.583581e-15 8.951633e-01
    outer loop
      vertex   4.692125e+00 6.450000e+00 -8.830853e+00
      vertex   4.219535e+00 1.450000e+00 -9.066175e+00
      vertex   4.692125e+00 1.450000e+00 -8.830853e+00
    endloop
  endfacet
  facet normal -4.923597e-01 -1.749213e-15 8.703918e-01
    outer loop
      vertex   4.692125e+00 6.450000e+00 -8.830853e+00
      vertex   4.692125e+00 1.450000e+00 -8.830853e+00
      vertex   5.151638e+00 6.450000e+00 -8.570918e+00
    endloop
  endfacet
  facet normal -4.923597e-01 -1.924134e-15 8.703918e-01
    outer loop
      vertex   5.151638e+00 6.450000e+00 -8.570918e+00
      vertex   4.692125e+00 1.450000e+00 -8.830853e+00
      vertex   5.151638e+00 1.450000e+00 -8.570918e+00
    endloop
  endfacet
  facet normal -5.376088e-01 -2.100967e-15 8.431944e-01
    outer loop
      vertex   5.151638e+00 6.450000e+00 -8.570918e+00
      vertex   5.151638e+00 1.450000e+00 -8.570918e+00
      vertex   5.596792e+00 6.450000e+00 -8.287094e+00
    endloop
  endfacet
  facet normal -5.376088e-01 -2.005469e-15 8.431944e-01
    outer loop
      vertex   5.596792e+00 6.450000e+00 -8.287094e+00
      vertex   5.151638e+00 1.450000e+00 -8.570918e+00
      vertex   5.596792e+00 1.450000e+00 -8.287094e+00
    endloop
  endfacet
  facet normal -5.813595e-01 -2.168674e-15 8.136468e-01
    outer loop
      vertex   5.596792e+00 6.450000e+00 -8.287094e+00
      vertex   5.596792e+00 1.450000e+00 -8.287094e+00
      vertex   6.026346e+00 6.450000e+00 -7.980172e+00
    endloop
  endfacet
  facet normal -5.813595e-01 -2.168674e-15 8.136468e-01
    outer loop
      vertex   6.026346e+00 6.450000e+00 -7.980172e+00
      vertex   5.596792e+00 1.450000e+00 -8.287094e+00
      vertex   6.026346e+00 1.450000e+00 -7.980172e+00
    endloop
  endfacet
  facet normal -6.234898e-01 -2.325835e-15 7.818315e-01
    outer loop
      vertex   6.026346e+00 6.450000e+00 -7.980172e+00
      vertex   6.026346e+00 1.450000e+00 -7.980172e+00
      vertex   6.439104e+00 6.450000e+00 -7.651009e+00
    endloop
  endfacet
  facet normal -6.234898e-01 -2.325835e-15 7.818315e-01
    outer loop
      vertex   6.439104e+00 6.450000e+00 -7.651009e+00
      vertex   6.026346e+00 1.450000e+00 -7.980172e+00
      vertex   6.439104e+00 1.450000e+00 -7.651009e+00
    endloop
  endfacet
  facet normal -6.638823e-01 -2.476513e-15 7.478370e-01
    outer loop
      vertex   6.439104e+00 6.450000e+00 -7.651009e+00
      vertex   6.439104e+00 1.450000e+00 -7.651009e+00
      vertex   6.833916e+00 6.450000e+00 -7.300520e+00
    endloop
  endfacet
  facet normal -6.638823e-01 -2.476513e-15 7.478370e-01
    outer loop
      vertex   6.833916e+00 6.450000e+00 -7.300520e+00
      vertex   6.439104e+00 1.450000e+00 -7.651009e+00
      vertex   6.833916e+00 1.450000e+00 -7.300520e+00
    endloop
  endfacet
  facet normal -7.024245e-01 -2.620289e-15 7.117582e-01
    outer loop
      vertex   6.833916e+00 6.450000e+00 -7.300520e+00
      vertex   6.833916e+00 1.450000e+00 -7.300520e+00
      vertex   7.209679e+00 6.450000e+00 -6.929684e+00
    endloop
  endfacet
  facet normal -7.024245e-01 -2.620289e-15 7.117582e-01
    outer loop
      vertex   7.209679e+00 6.450000e+00 -6.929684e+00
      vertex   6.833916e+00 1.450000e+00 -7.300520e+00
      vertex   7.209679e+00 1.450000e+00 -6.929684e+00
    endloop
  endfacet
  facet normal -7.390089e-01 -2.756761e-15 6.736956e-01
    outer loop
      vertex   7.209679e+00 6.450000e+00 -6.929684e+00
      vertex   7.209679e+00 1.450000e+00 -6.929684e+00
      vertex   7.565349e+00 6.450000e+00 -6.539534e+00
    endloop
  endfacet
  facet normal -7.390089e-01 -2.756761e-15 6.736956e-01
    outer loop
      vertex   7.565349e+00 6.450000e+00 -6.539534e+00
      vertex   7.209679e+00 1.450000e+00 -6.929684e+00
      vertex   7.565349e+00 1.450000e+00 -6.539534e+00
    endloop
  endfacet
  facet normal -7.735336e-01 -2.885550e-15 6.337553e-01
    outer loop
      vertex   7.565349e+00 6.450000e+00 -6.539534e+00
      vertex   7.565349e+00 1.450000e+00 -6.539534e+00
      vertex   7.899932e+00 6.450000e+00 -6.131156e+00
    endloop
  endfacet
  facet normal -7.735336e-01 -2.885550e-15 6.337553e-01
    outer loop
      vertex   7.899932e+00 6.450000e+00 -6.131156e+00
      vertex   7.565349e+00 1.450000e+00 -6.539534e+00
      vertex   7.899932e+00 1.450000e+00 -6.131156e+00
    endloop
  endfacet
  facet normal -8.059022e-01 -3.006297e-15 5.920486e-01
    outer loop
      vertex   7.899932e+00 6.450000e+00 -6.131156e+00
      vertex   7.899932e+00 1.450000e+00 -6.131156e+00
      vertex   8.212496e+00 6.450000e+00 -5.705690e+00
    endloop
  endfacet
  facet normal -8.059022e-01 -3.149454e-15 5.920486e-01
    outer loop
      vertex   8.212496e+00 6.450000e+00 -5.705690e+00
      vertex   7.899932e+00 1.450000e+00 -6.131156e+00
      vertex   8.212496e+00 1.450000e+00 -5.705690e+00
    endloop
  endfacet
  facet normal -8.360247e-01 -3.267172e-15 5.486918e-01
    outer loop
      vertex   8.212496e+00 6.450000e+00 -5.705690e+00
      vertex   8.212496e+00 1.450000e+00 -5.705690e+00
      vertex   8.502171e+00 6.450000e+00 -5.264322e+00
    endloop
  endfacet
  facet normal -8.360247e-01 -3.267172e-15 5.486918e-01
    outer loop
      vertex   8.502171e+00 6.450000e+00 -5.264322e+00
      vertex   8.212496e+00 1.450000e+00 -5.705690e+00
      vertex   8.502171e+00 1.450000e+00 -5.264322e+00
    endloop
  endfacet
  facet normal -8.638170e-01 -3.375784e-15 5.038057e-01
    outer loop
      vertex   8.502171e+00 6.450000e+00 -5.264322e+00
      vertex   8.502171e+00 1.450000e+00 -5.264322e+00
      vertex   8.768149e+00 6.450000e+00 -4.808280e+00
    endloop
  endfacet
  facet normal -8.638170e-01 -3.375784e-15 5.038057e-01
    outer loop
      vertex   8.768149e+00 6.450000e+00 -4.808280e+00
      vertex   8.502171e+00 1.450000e+00 -5.264322e+00
      vertex   8.768149e+00 1.450000e+00 -4.808280e+00
    endloop
  endfacet
  facet normal -8.892017e-01 -3.474987e-15 4.575153e-01
    outer loop
      vertex   8.768149e+00 6.450000e+00 -4.808280e+00
      vertex   8.768149e+00 1.450000e+00 -4.808280e+00
      vertex   9.009689e+00 6.450000e+00 -4.338837e+00
    endloop
  endfacet
  facet normal -8.892017e-01 -3.474987e-15 4.575153e-01
    outer loop
      vertex   9.009689e+00 6.450000e+00 -4.338837e+00
      vertex   8.768149e+00 1.450000e+00 -4.808280e+00
      vertex   9.009689e+00 1.450000e+00 -4.338837e+00
    endloop
  endfacet
  facet normal -9.121081e-01 -3.564505e-15 4.099498e-01
    outer loop
      vertex   9.009689e+00 6.450000e+00 -4.338837e+00
      vertex   9.009689e+00 1.450000e+00 -4.338837e+00
      vertex   9.226117e+00 6.450000e+00 -3.857301e+00
    endloop
  endfacet
  facet normal -9.121081e-01 -3.564505e-15 4.099498e-01
    outer loop
      vertex   9.226117e+00 6.450000e+00 -3.857301e+00
      vertex   9.009689e+00 1.450000e+00 -4.338837e+00
      vertex   9.226117e+00 1.450000e+00 -3.857301e+00
    endloop
  endfacet
  facet normal -9.324722e-01 -3.644088e-15 3.612417e-01
    outer loop
      vertex   9.226117e+00 6.450000e+00 -3.857301e+00
      vertex   9.226117e+00 1.450000e+00 -3.857301e+00
      vertex   9.416830e+00 6.450000e+00 -3.365014e+00
    endloop
  endfacet
  facet normal -9.324722e-01 -3.312807e-15 3.612417e-01
    outer loop
      vertex   9.416830e+00 6.450000e+00 -3.365014e+00
      vertex   9.226117e+00 1.450000e+00 -3.857301e+00
      vertex   9.416830e+00 1.450000e+00 -3.365014e+00
    endloop
  endfacet
  facet normal -9.502374e-01 -3.375921e-15 3.115267e-01
    outer loop
      vertex   9.416830e+00 6.450000e+00 -3.365014e+00
      vertex   9.416830e+00 1.450000e+00 -3.365014e+00
      vertex   9.581296e+00 6.450000e+00 -2.863348e+00
    endloop
  endfacet
  facet normal -9.502374e-01 -3.375921e-15 3.115267e-01
    outer loop
      vertex   9.581296e+00 6.450000e+00 -2.863348e+00
      vertex   9.416830e+00 1.450000e+00 -3.365014e+00
      vertex   9.581296e+00 1.450000e+00 -2.863348e+00
    endloop
  endfacet
  facet normal -9.653541e-01 -3.429627e-15 2.609434e-01
    outer loop
      vertex   9.581296e+00 6.450000e+00 -2.863348e+00
      vertex   9.581296e+00 1.450000e+00 -2.863348e+00
      vertex   9.719058e+00 6.450000e+00 -2.353702e+00
    endloop
  endfacet
  facet normal -9.653541e-01 -3.772589e-15 2.609434e-01
    outer loop
      vertex   9.719058e+00 6.450000e+00 -2.353702e+00
      vertex   9.581296e+00 1.450000e+00 -2.863348e+00
      vertex   9.719058e+00 1.450000e+00 -2.353702e+00
    endloop
  endfacet
  facet normal -9.777802e-01 -3.821150e-15 2.096329e-01
    outer loop
      vertex   9.719058e+00 6.450000e+00 -2.353702e+00
      vertex   9.719058e+00 1.450000e+00 -2.353702e+00
      vertex   9.829731e+00 6.450000e+00 -1.837495e+00
    endloop
  endfacet
  facet normal -9.777802e-01 -3.821150e-15 2.096329e-01
    outer loop
      vertex   9.829731e+00 6.450000e+00 -1.837495e+00
      vertex   9.719058e+00 1.450000e+00 -2.353702e+00
      vertex   9.829731e+00 1.450000e+00 -1.837495e+00
    endloop
  endfacet
  facet normal -9.874810e-01 -3.859061e-15 1.577381e-01
    outer loop
      vertex   9.829731e+00 6.450000e+00 -1.837495e+00
      vertex   9.829731e+00 1.450000e+00 -1.837495e+00
      vertex   9.913007e+00 6.450000e+00 -1.316167e+00
    endloop
  endfacet
  facet normal -9.874810e-01 -3.859061e-15 1.577381e-01
    outer loop
      vertex   9.913007e+00 6.450000e+00 -1.316167e+00
      vertex   9.829731e+00 1.450000e+00 -1.837495e+00
      vertex   9.913007e+00 1.450000e+00 -1.316167e+00
    endloop
  endfacet
  facet normal -9.944295e-01 -3.886216e-15 1.054036e-01
    outer loop
      vertex   9.913007e+00 6.450000e+00 -1.316167e+00
      vertex   9.913007e+00 1.450000e+00 -1.316167e+00
      vertex   9.968653e+00 6.450000e+00 -7.911704e-01
    endloop
  endfacet
  facet normal -9.944295e-01 -3.886216e-15 1.054036e-01
    outer loop
      vertex   9.968653e+00 6.450000e+00 -7.911704e-01
      vertex   9.913007e+00 1.450000e+00 -1.316167e+00
      vertex   9.968653e+00 1.450000e+00 -7.911704e-01
    endloop
  endfacet
  facet normal -9.986064e-01 -3.902539e-15 5.277535e-02
    outer loop
      vertex   9.968653e+00 6.450000e+00 -7.911704e-01
      vertex   9.968653e+00 1.450000e+00 -7.911704e-01
      vertex   9.996515e+00 6.450000e+00 -2.639687e-01
    endloop
  endfacet
  facet normal -9.986064e-01 -3.902539e-15 5.277535e-02
    outer loop
      vertex   9.996515e+00 6.450000e+00 -2.639687e-01
      vertex   9.968653e+00 1.450000e+00 -7.911704e-01
      vertex   9.996515e+00 1.450000e+00 -2.639687e-01
    endloop
  endfacet
  facet normal -1.000000e+00 -3.907985e-15 0.000000e+00
    outer loop
      vertex   9.996515e+00 6.450000e+00 -2.639687e-01
      vertex   9.996515e+00 1.450000e+00 -2.639687e-01
      vertex   9.996515e+00 6.450000e+00 2.639687e-01
    endloop
  endfacet
  facet normal -1.000000e+00 -3.907985e-15 -1.195385e-30
    outer loop
      vertex   9.996515e+00 6.450000e+00 2.639687e-01
      vertex   9.996515e+00 1.450000e+00 -2.639687e-01
      vertex   9.996515e+00 1.450000e+00 2.639687e-01
    endloop
  endfacet
  facet normal -9.986064e-01 -3.902539e-15 -5.277535e-02
    outer loop
      vertex   9.996515e+00 6.450000e+00 2.639687e-01
      vertex   9.996515e+00 1.450000e+00 2.639687e-01
      vertex   9.968653e+00 6.450000e+00 7.911704e-01
    endloop
  endfacet
  facet normal -9.986064e-01 -3.902539e-15 -5.277535e-02
    outer loop
      vertex   9.968653e+00 6.450000e+00 7.911704e-01
      vertex   9.996515e+00 1.450000e+00 2.639687e-01
      vertex   9.968653e+00 1.450000e+00 7.911704e-01
    endloop
  endfacet
  facet normal -9.944295e-01 -3.886216e-15 -1.054036e-01
    outer loop
      vertex   9.968653e+00 6.450000e+00 7.911704e-01
      vertex   9.968653e+00 1.450000e+00 7.911704e-01
      vertex   9.913007e+00 6.450000e+00 1.316167e+00
    endloop
  endfacet
  facet normal -9.944295e-01 -3.886216e-15 -1.054036e-01
    outer loop
      vertex   9.913007e+00 6.450000e+00 1.316167e+00
      vertex   9.968653e+00 1.450000e+00 7.911704e-01
      vertex   9.913007e+00 1.450000e+00 1.316167e+00
    endloop
  endfacet
  facet normal -9.874810e-01 -3.859061e-15 -1.577381e-01
    outer loop
      vertex   9.913007e+00 6.450000e+00 1.316167e+00
      vertex   9.913007e+00 1.450000e+00 1.316167e+00
      vertex   9.829731e+00 6.450000e+00 1.837495e+00
    endloop
  endfacet
  facet normal -9.874810e-01 -3.859061e-15 -1.577381e-01
    outer loop
      vertex   9.829731e+00 6.450000e+00 1.837495e+00
      vertex   9.913007e+00 1.450000e+00 1.316167e+00
      vertex   9.829731e+00 1.450000e+00 1.837495e+00
    endloop
  endfacet
  facet normal -9.777802e-01 -3.821150e-15 -2.096329e-01
    outer loop
      vertex   9.829731e+00 6.450000e+00 1.837495e+00
      vertex   9.829731e+00 1.450000e+00 1.837495e+00
      vertex   9.719058e+00 6.450000e+00 2.353702e+00
    endloop
  endfacet
  facet normal -9.777802e-01 -3.821150e-15 -2.096329e-01
    outer loop
      vertex   9.719058e+00 6.450000e+00 2.353702e+00
      vertex   9.829731e+00 1.450000e+00 1.837495e+00
      vertex   9.719058e+00 1.450000e+00 2.353702e+00
    endloop
  endfacet
  facet normal -9.653541e-01 -3.772589e-15 -2.609434e-01
    outer loop
      vertex   9.719058e+00 6.450000e+00 2.353702e+00
      vertex   9.719058e+00 1.450000e+00 2.353702e+00
      vertex   9.581296e+00 6.450000e+00 2.863348e+00
    endloop
  endfacet
  facet normal -9.653541e-01 -3.429627e-15 -2.609434e-01
    outer loop
      vertex   9.581296e+00 6.450000e+00 2.863348e+00
      vertex   9.719058e+00 1.450000e+00 2.353702e+00
      vertex   9.581296e+00 1.450000e+00 2.863348e+00
    endloop
  endfacet
  facet normal -9.502374e-01 -3.375921e-15 -3.115267e-01
    outer loop
      vertex   9.581296e+00 6.450000e+00 2.863348e+00
      vertex   9.581296e+00 1.450000e+00 2.863348e+00
      vertex   9.416830e+00 6.450000e+00 3.365014e+00
    endloop
  endfacet
  facet normal -9.502374e-01 -3.713514e-15 -3.115267e-01
    outer loop
      vertex   9.416830e+00 6.450000e+00 3.365014e+00
      vertex   9.581296e+00 1.450000e+00 2.863348e+00
      vertex   9.416830e+00 1.450000e+00 3.365014e+00
    endloop
  endfacet
  facet normal -9.324722e-01 -3.644088e-15 -3.612417e-01
    outer loop
      vertex   9.416830e+00 6.450000e+00 3.365014e+00
      vertex   9.416830e+00 1.450000e+00 3.365014e+00
      vertex   9.226117e+00 6.450000e+00 3.857301e+00
    endloop
  endfacet
  facet normal -9.324722e-01 -3.644088e-15 -3.612417e-01
    outer loop
      vertex   9.226117e+00 6.450000e+00 3.857301e+00
      vertex   9.416830e+00 1.450000e+00 3.365014e+00
      vertex   9.226117e+00 1.450000e+00 3.857301e+00
    endloop
  endfacet
  facet normal -9.121081e-01 -3.564505e-15 -4.099498e-01
    outer loop
      vertex   9.226117e+00 6.450000e+00 3.857301e+00
      vertex   9.226117e+00 1.450000e+00 3.857301e+00
      vertex   9.009689e+00 6.450000e+00 4.338837e+00
    endloop
  endfacet
  facet normal -9.121081e-01 -3.564505e-15 -4.099498e-01
    outer loop
      vertex   9.009689e+00 6.450000e+00 4.338837e+00
      vertex   9.226117e+00 1.450000e+00 3.857301e+00
      vertex   9.009689e+00 1.450000e+00 4.338837e+00
    endloop
  endfacet
  facet normal -8.892017e-01 -3.474987e-15 -4.575153e-01
    outer loop
      vertex   9.009689e+00 6.450000e+00 4.338837e+00
      vertex   9.009689e+00 1.450000e+00 4.338837e+00
      vertex   8.768149e+00 6.450000e+00 4.808280e+00
    endloop
  endfacet
  facet normal -8.892017e-01 -3.474987e-15 -4.575153e-01
    outer loop
      vertex   8.768149e+00 6.450000e+00 4.808280e+00
      vertex   9.009689e+00 1.450000e+00 4.338837e+00
      vertex   8.768149e+00 1.450000e+00 4.808280e+00
    endloop
  endfacet
  facet normal -8.638170e-01 -3.375784e-15 -5.038057e-01
    outer loop
      vertex   8.768149e+00 6.450000e+00 4.808280e+00
      vertex   8.768149e+00 1.450000e+00 4.808280e+00
      vertex   8.502171e+00 6.450000e+00 5.264322e+00
    endloop
  endfacet
  facet normal -8.638170e-01 -3.375784e-15 -5.038057e-01
    outer loop
      vertex   8.502171e+00 6.450000e+00 5.264322e+00
      vertex   8.768149e+00 1.450000e+00 4.808280e+00
      vertex   8.502171e+00 1.450000e+00 5.264322e+00
    endloop
  endfacet
  facet normal -8.360247e-01 -3.267172e-15 -5.486918e-01
    outer loop
      vertex   8.502171e+00 6.450000e+00 5.264322e+00
      vertex   8.502171e+00 1.450000e+00 5.264322e+00
      vertex   8.212496e+00 6.450000e+00 5.705690e+00
    endloop
  endfacet
  facet normal -8.360247e-01 -3.267172e-15 -5.486918e-01
    outer loop
      vertex   8.212496e+00 6.450000e+00 5.705690e+00
      vertex   8.502171e+00 1.450000e+00 5.264322e+00
      vertex   8.212496e+00 1.450000e+00 5.705690e+00
    endloop
  endfacet
  facet normal -8.059022e-01 -3.149454e-15 -5.920486e-01
    outer loop
      vertex   8.212496e+00 6.450000e+00 5.705690e+00
      vertex   8.212496e+00 1.450000e+00 5.705690e+00
      vertex   7.899932e+00 6.450000e+00 6.131156e+00
    endloop
  endfacet
  facet normal -8.059022e-01 -3.006297e-15 -5.920486e-01
    outer loop
      vertex   7.899932e+00 6.450000e+00 6.131156e+00
      vertex   8.212496e+00 1.450000e+00 5.705690e+00
      vertex   7.899932e+00 1.450000e+00 6.131156e+00
    endloop
  endfacet
  facet normal -7.735336e-01 -2.885550e-15 -6.337553e-01
    outer loop
      vertex   7.899932e+00 6.450000e+00 6.131156e+00
      vertex   7.899932e+00 1.450000e+00 6.131156e+00
      vertex   7.565349e+00 6.450000e+00 6.539534e+00
    endloop
  endfacet
  facet normal -7.735336e-01 -2.885550e-15 -6.337553e-01
    outer loop
      vertex   7.565349e+00 6.450000e+00 6.539534e+00
      vertex   7.899932e+00 1.450000e+00 6.131156e+00
      vertex   7.565349e+00 1.450000e+00 6.539534e+00
    endloop
  endfacet
  facet normal -7.390089e-01 -2.756761e-15 -6.736956e-01
    outer loop
      vertex   7.565349e+00 6.450000e+00 6.539534e+00
      vertex   7.565349e+00 1.450000e+00 6.539534e+00
      vertex   7.209679e+00 6.450000e+00 6.929684e+00
    endloop
  endfacet
  facet normal -7.390089e-01 -2.756761e-15 -6.736956e-01
    outer loop
      vertex   7.209679e+00 6.450000e+00 6.929684e+00
      vertex   7.565349e+00 1.450000e+00 6.539534e+00
      vertex   7.209679e+00 1.450000e+00 6.929684e+00
    endloop
  endfacet
  facet normal -7.024245e-01 -2.620289e-15 -7.117582e-01
    outer loop
      vertex   7.209679e+00 6.450000e+00 6.929684e+00
      vertex   7.209679e+00 1.450000e+00 6.929684e+00
      vertex   6.833916e+00 6.450000e+00 7.300520e+00
    endloop
  endfacet
  facet normal -7.024245e-01 -2.620289e-15 -7.117582e-01
    outer loop
      vertex   6.833916e+00 6.450000e+00 7.300520e+00
      vertex   7.209679e+00 1.450000e+00 6.929684e+00
      vertex   6.833916e+00 1.450000e+00 7.300520e+00
    endloop
  endfacet
  facet normal -6.638823e-01 -2.476513e-15 -7.478370e-01
    outer loop
      vertex   6.833916e+00 6.450000e+00 7.300520e+00
      vertex   6.833916e+00 1.450000e+00 7.300520e+00
      vertex   6.439104e+00 6.450000e+00 7.651009e+00
    endloop
  endfacet
  facet normal -6.638823e-01 -2.476513e-15 -7.478370e-01
    outer loop
      vertex   6.439104e+00 6.450000e+00 7.651009e+00
      vertex   6.833916e+00 1.450000e+00 7.300520e+00
      vertex   6.439104e+00 1.450000e+00 7.651009e+00
    endloop
  endfacet
  facet normal -6.234898e-01 -2.325835e-15 -7.818315e-01
    outer loop
      vertex   6.439104e+00 6.450000e+00 7.651009e+00
      vertex   6.439104e+00 1.450000e+00 7.651009e+00
      vertex   6.026346e+00 6.450000e+00 7.980172e+00
    endloop
  endfacet
  facet normal -6.234898e-01 -2.325835e-15 -7.818315e-01
    outer loop
      vertex   6.026346e+00 6.450000e+00 7.980172e+00
      vertex   6.439104e+00 1.450000e+00 7.651009e+00
      vertex   6.026346e+00 1.450000e+00 7.980172e+00
    endloop
  endfacet
  facet normal -5.813595e-01 -2.168674e-15 -8.136468e-01
    outer loop
      vertex   6.026346e+00 6.450000e+00 7.980172e+00
      vertex   6.026346e+00 1.450000e+00 7.980172e+00
      vertex   5.596792e+00 6.450000e+00 8.287094e+00
    endloop
  endfacet
  facet normal -5.813595e-01 -2.168674e-15 -8.136468e-01
    outer loop
      vertex   5.596792e+00 6.450000e+00 8.287094e+00
      vertex   6.026346e+00 1.450000e+00 7.980172e+00
      vertex   5.596792e+00 1.450000e+00 8.287094e+00
    endloop
  endfacet
  facet normal -5.376088e-01 -2.005469e-15 -8.431944e-01
    outer loop
      vertex   5.596792e+00 6.450000e+00 8.287094e+00
      vertex   5.596792e+00 1.450000e+00 8.287094e+00
      vertex   5.151638e+00 6.450000e+00 8.570918e+00
    endloop
  endfacet
  facet normal -5.376088e-01 -2.005469e-15 -8.431944e-01
    outer loop
      vertex   5.151638e+00 6.450000e+00 8.570918e+00
      vertex   5.596792e+00 1.450000e+00 8.287094e+00
      vertex   5.151638e+00 1.450000e+00 8.570918e+00
    endloop
  endfacet
  facet normal -4.923597e-01 -1.836674e-15 -8.703918e-01
    outer loop
      vertex   5.151638e+00 6.450000e+00 8.570918e+00
      vertex   5.151638e+00 1.450000e+00 8.570918e+00
      vertex   4.692125e+00 6.450000e+00 8.830853e+00
    endloop
  endfacet
  facet normal -4.923597e-01 -1.749213e-15 -8.703918e-01
    outer loop
      vertex   4.692125e+00 6.450000e+00 8.830853e+00
      vertex   5.151638e+00 1.450000e+00 8.570918e+00
      vertex   4.692125e+00 1.450000e+00 8.830853e+00
    endloop
  endfacet
  facet normal -4.457384e-01 -1.583581e-15 -8.951633e-01
    outer loop
      vertex   4.692125e+00 6.450000e+00 8.830853e+00
      vertex   4.692125e+00 1.450000e+00 8.830853e+00
      vertex   4.219535e+00 6.450000e+00 9.066175e+00
    endloop
  endfacet
  facet normal -4.457384e-01 -1.583581e-15 -8.951633e-01
    outer loop
      vertex   4.219535e+00 6.450000e+00 9.066175e+00
      vertex   4.692125e+00 1.450000e+00 8.830853e+00
      vertex   4.219535e+00 1.450000e+00 9.066175e+00
    endloop
  endfacet
  facet normal -3.978746e-01 -1.413535e-15 -9.174398e-01
    outer loop
      vertex   4.219535e+00 6.450000e+00 9.066175e+00
      vertex   4.219535e+00 1.450000e+00 9.066175e+00
      vertex   3.735184e+00 6.450000e+00 9.276228e+00
    endloop
  endfacet
  facet normal -3.978746e-01 -1.413535e-15 -9.174398e-01
    outer loop
      vertex   3.735184e+00 6.450000e+00 9.276228e+00
      vertex   4.219535e+00 1.450000e+00 9.066175e+00
      vertex   3.735184e+00 1.450000e+00 9.276228e+00
    endloop
  endfacet
  facet normal -3.489019e-01 -1.239549e-15 -9.371592e-01
    outer loop
      vertex   3.735184e+00 6.450000e+00 9.276228e+00
      vertex   3.735184e+00 1.450000e+00 9.276228e+00
      vertex   3.240423e+00 6.450000e+00 9.460426e+00
    endloop
  endfacet
  facet normal -3.489019e-01 -1.239549e-15 -9.371592e-01
    outer loop
      vertex   3.240423e+00 6.450000e+00 9.460426e+00
      vertex   3.735184e+00 1.450000e+00 9.276228e+00
      vertex   3.240423e+00 1.450000e+00 9.460426e+00
    endloop
  endfacet
  facet normal -2.989568e-01 -1.062108e-15 -9.542666e-01
    outer loop
      vertex   3.240423e+00 6.450000e+00 9.460426e+00
      vertex   3.240423e+00 1.450000e+00 9.460426e+00
      vertex   2.736630e+00 6.450000e+00 9.618256e+00
    endloop
  endfacet
  facet normal -2.989568e-01 -1.062108e-15 -9.542666e-01
    outer loop
      vertex   2.736630e+00 6.450000e+00 9.618256e+00
      vertex   3.240423e+00 1.450000e+00 9.460426e+00
      vertex   2.736630e+00 1.450000e+00 9.618256e+00
    endloop
  endfacet
  facet normal -2.481784e-01 -8.817069e-16 -9.687143e-01
    outer loop
      vertex   2.736630e+00 6.450000e+00 9.618256e+00
      vertex   2.736630e+00 1.450000e+00 9.618256e+00
      vertex   2.225209e+00 6.450000e+00 9.749279e+00
    endloop
  endfacet
  facet normal -2.481784e-01 -9.037496e-16 -9.687143e-01
    outer loop
      vertex   2.225209e+00 6.450000e+00 9.749279e+00
      vertex   2.736630e+00 1.450000e+00 9.618256e+00
      vertex   2.225209e+00 1.450000e+00 9.749279e+00
    endloop
  endfacet
  facet normal -1.967083e-01 -7.163196e-16 -9.804620e-01
    outer loop
      vertex   2.225209e+00 6.450000e+00 9.749279e+00
      vertex   2.225209e+00 1.450000e+00 9.749279e+00
      vertex   1.707587e+00 6.450000e+00 9.853129e+00
    endloop
  endfacet
  facet normal -1.967083e-01 -7.163196e-16 -9.804620e-01
    outer loop
      vertex   1.707587e+00 6.450000e+00 9.853129e+00
      vertex   2.225209e+00 1.450000e+00 9.749279e+00
      vertex   1.707587e+00 1.450000e+00 9.853129e+00
    endloop
  endfacet
  facet normal -1.446900e-01 -5.268932e-16 -9.894770e-01
    outer loop
      vertex   1.707587e+00 6.450000e+00 9.853129e+00
      vertex   1.707587e+00 1.450000e+00 9.853129e+00
      vertex   1.185205e+00 6.450000e+00 9.929516e+00
    endloop
  endfacet
  facet normal -1.446900e-01 -5.333187e-16 -9.894770e-01
    outer loop
      vertex   1.185205e+00 6.450000e+00 9.929516e+00
      vertex   1.707587e+00 1.450000e+00 9.853129e+00
      vertex   1.185205e+00 1.450000e+00 9.929516e+00
    endloop
  endfacet
  facet normal -9.226836e-02 -3.400957e-16 -9.957342e-01
    outer loop
      vertex   1.185205e+00 6.450000e+00 9.929516e+00
      vertex   1.185205e+00 1.450000e+00 9.929516e+00
      vertex   6.595194e-01 6.450000e+00 9.978228e+00
    endloop
  endfacet
  facet normal -9.226836e-02 -3.380469e-16 -9.957342e-01
    outer loop
      vertex   6.595194e-01 6.450000e+00 9.978228e+00
      vertex   1.185205e+00 1.450000e+00 9.929516e+00
      vertex   6.595194e-01 1.450000e+00 9.978228e+00
    endloop
  endfacet
  facet normal -3.958956e-02 -1.450457e-16 -9.992160e-01
    outer loop
      vertex   6.595194e-01 6.450000e+00 9.978228e+00
      vertex   6.595194e-01 1.450000e+00 9.978228e+00
      vertex   1.319959e-01 6.450000e+00 9.999129e+00
    endloop
  endfacet
  facet normal -3.958956e-02 -1.443864e-16 -9.992160e-01
    outer loop
      vertex   1.319959e-01 6.450000e+00 9.999129e+00
      vertex   6.595194e-01 1.450000e+00 9.978228e+00
      vertex   1.319959e-01 1.450000e+00 9.999129e+00
    endloop
  endfacet
  facet normal 1.319959e-02 4.813998e-17 -9.999129e-01
    outer loop
      vertex   1.319959e-01 6.450000e+00 9.999129e+00
      vertex   1.319959e-01 1.450000e+00 9.999129e+00
      vertex   -3.958956e-01 6.450000e+00 9.992160e+00
    endloop
  endfacet
  facet normal 1.319959e-02 4.821325e-17 -9.999129e-01
    outer loop
      vertex   -3.958956e-01 6.450000e+00 9.992160e+00
      vertex   1.319959e-01 1.450000e+00 9.999129e+00
      vertex   -3.958956e-01 1.450000e+00 9.992160e+00
    endloop
  endfacet
  facet normal 6.595194e-02 2.408983e-16 -9.978228e-01
    outer loop
      vertex   -3.958956e-01 6.450000e+00 9.992160e+00
      vertex   -3.958956e-01 1.450000e+00 9.992160e+00
      vertex   -9.226836e-01 6.450000e+00 9.957342e+00
    endloop
  endfacet
  facet normal 6.595194e-02 2.416305e-16 -9.978228e-01
    outer loop
      vertex   -9.226836e-01 6.450000e+00 9.957342e+00
      vertex   -3.958956e-01 1.450000e+00 9.992160e+00
      vertex   -9.226836e-01 1.450000e+00 9.957342e+00
    endloop
  endfacet
  facet normal 1.185205e-01 4.342277e-16 -9.929516e-01
    outer loop
      vertex   -9.226836e-01 6.450000e+00 9.957342e+00
      vertex   -9.226836e-01 1.450000e+00 9.957342e+00
      vertex   -1.446900e+00 6.450000e+00 9.894770e+00
    endloop
  endfacet
  facet normal 1.185205e-01 4.315960e-16 -9.929516e-01
    outer loop
      vertex   -1.446900e+00 6.450000e+00 9.894770e+00
      vertex   -9.226836e-01 1.450000e+00 9.957342e+00
      vertex   -1.446900e+00 1.450000e+00 9.894770e+00
    endloop
  endfacet
  facet normal 1.707587e-01 6.218231e-16 -9.853129e-01
    outer loop
      vertex   -1.446900e+00 6.450000e+00 9.894770e+00
      vertex   -1.446900e+00 1.450000e+00 9.894770e+00
      vertex   -1.967083e+00 6.450000e+00 9.804620e+00
    endloop
  endfacet
  facet normal 1.707587e-01 6.218231e-16 -9.853129e-01
    outer loop
      vertex   -1.967083e+00 6.450000e+00 9.804620e+00
      vertex   -1.446900e+00 1.450000e+00 9.894770e+00
      vertex   -1.967083e+00 1.450000e+00 9.804620e+00
    endloop
  endfacet
  facet normal 2.225209e-01 8.103170e-16 -9.749279e-01
    outer loop
      vertex   -1.967083e+00 6.450000e+00 9.804620e+00
      vertex   -1.967083e+00 1.450000e+00 9.804620e+00
      vertex   -2.481784e+00 6.450000e+00 9.687143e+00
    endloop
  endfacet
  facet normal 2.225209e-01 8.300808e-16 -9.749279e-01
    outer loop
      vertex   -2.481784e+00 6.450000e+00 9.687143e+00
      vertex   -1.967083e+00 1.450000e+00 9.804620e+00
      vertex   -2.481784e+00 1.450000e+00 9.687143e+00
    endloop
  endfacet
  facet normal 2.736630e-01 1.020859e-15 -9.618256e-01
    outer loop
      vertex   -2.481784e+00 6.450000e+00 9.687143e+00
      vertex   -2.481784e+00 1.450000e+00 9.687143e+00
      vertex   -2.989568e+00 6.450000e+00 9.542666e+00
    endloop
  endfacet
  facet normal 2.736630e-01 9.722462e-16 -9.618256e-01
    outer loop
      vertex   -2.989568e+00 6.450000e+00 9.542666e+00
      vertex   -2.481784e+00 1.450000e+00 9.687143e+00
      vertex   -2.989568e+00 1.450000e+00 9.542666e+00
    endloop
  endfacet
  facet normal 3.240423e-01 1.151230e-15 -9.460426e-01
    outer loop
      vertex   -2.989568e+00 6.450000e+00 9.542666e+00
      vertex   -2.989568e+00 1.450000e+00 9.542666e+00
      vertex   -3.489019e+00 6.450000e+00 9.371592e+00
    endloop
  endfacet
  facet normal 3.240423e-01 1.151230e-15 -9.460426e-01
    outer loop
      vertex   -3.489019e+00 6.450000e+00 9.371592e+00
      vertex   -2.989568e+00 1.450000e+00 9.542666e+00
      vertex   -3.489019e+00 1.450000e+00 9.371592e+00
    endloop
  endfacet
  facet normal 3.735184e-01 1.327004e-15 -9.276228e-01
    outer loop
      vertex   -3.489019e+00 6.450000e+00 9.371592e+00
      vertex   -3.489019e+00 1.450000e+00 9.371592e+00
      vertex   -3.978746e+00 6.450000e+00 9.174398e+00
    endloop
  endfacet
  facet normal 3.735184e-01 1.327004e-15 -9.276228e-01
    outer loop
      vertex   -3.978746e+00 6.450000e+00 9.174398e+00
      vertex   -3.489019e+00 1.450000e+00 9.371592e+00
      vertex   -3.978746e+00 1.450000e+00 9.174398e+00
    endloop
  endfacet
  facet normal 4.219535e-01 1.499080e-15 -9.066175e-01
    outer loop
      vertex   -3.978746e+00 6.450000e+00 9.174398e+00
      vertex   -3.978746e+00 1.450000e+00 9.174398e+00
      vertex   -4.457384e+00 6.450000e+00 8.951633e+00
    endloop
  endfacet
  facet normal 4.219535e-01 1.499080e-15 -9.066175e-01
    outer loop
      vertex   -4.457384e+00 6.450000e+00 8.951633e+00
      vertex   -3.978746e+00 1.450000e+00 9.174398e+00
      vertex   -4.457384e+00 1.450000e+00 8.951633e+00
    endloop
  endfacet
  facet normal 4.692125e-01 1.666978e-15 -8.830853e-01
    outer loop
      vertex   -4.457384e+00 6.450000e+00 8.951633e+00
      vertex   -4.457384e+00 1.450000e+00 8.951633e+00
      vertex   -4.923597e+00 6.450000e+00 8.703918e+00
    endloop
  endfacet
  facet normal 4.692125e-01 1.666978e-15 -8.830853e-01
    outer loop
      vertex   -4.923597e+00 6.450000e+00 8.703918e+00
      vertex   -4.457384e+00 1.450000e+00 8.951633e+00
      vertex   -4.923597e+00 1.450000e+00 8.703918e+00
    endloop
  endfacet
  facet normal 5.151638e-01 1.830229e-15 -8.570918e-01
    outer loop
      vertex   -4.923597e+00 6.450000e+00 8.703918e+00
      vertex   -4.923597e+00 1.450000e+00 8.703918e+00
      vertex   -5.376088e+00 6.450000e+00 8.431944e+00
    endloop
  endfacet
  facet normal 5.151638e-01 1.921741e-15 -8.570918e-01
    outer loop
      vertex   -5.376088e+00 6.450000e+00 8.431944e+00
      vertex   -4.923597e+00 1.450000e+00 8.703918e+00
      vertex   -5.376088e+00 1.450000e+00 8.431944e+00
    endloop
  endfacet
  facet normal 5.596792e-01 2.087799e-15 -8.287094e-01
    outer loop
      vertex   -5.376088e+00 6.450000e+00 8.431944e+00
      vertex   -5.376088e+00 1.450000e+00 8.431944e+00
      vertex   -5.813595e+00 6.450000e+00 8.136468e+00
    endloop
  endfacet
  facet normal 5.596792e-01 2.087799e-15 -8.287094e-01
    outer loop
      vertex   -5.813595e+00 6.450000e+00 8.136468e+00
      vertex   -5.376088e+00 1.450000e+00 8.431944e+00
      vertex   -5.813595e+00 1.450000e+00 8.136468e+00
    endloop
  endfacet
  facet normal 6.026346e-01 2.248038e-15 -7.980172e-01
    outer loop
      vertex   -5.813595e+00 6.450000e+00 8.136468e+00
      vertex   -5.813595e+00 1.450000e+00 8.136468e+00
      vertex   -6.234898e+00 6.450000e+00 7.818315e+00
    endloop
  endfacet
  facet normal 6.026346e-01 2.248038e-15 -7.980172e-01
    outer loop
      vertex   -6.234898e+00 6.450000e+00 7.818315e+00
      vertex   -5.813595e+00 1.450000e+00 8.136468e+00
      vertex   -6.234898e+00 1.450000e+00 7.818315e+00
    endloop
  endfacet
  facet normal 6.439104e-01 2.402011e-15 -7.651009e-01
    outer loop
      vertex   -6.234898e+00 6.450000e+00 7.818315e+00
      vertex   -6.234898e+00 1.450000e+00 7.818315e+00
      vertex   -6.638823e+00 6.450000e+00 7.478370e+00
    endloop
  endfacet
  facet normal 6.439104e-01 2.516392e-15 -7.651009e-01
    outer loop
      vertex   -6.638823e+00 6.450000e+00 7.478370e+00
      vertex   -6.234898e+00 1.450000e+00 7.818315e+00
      vertex   -6.638823e+00 1.450000e+00 7.478370e+00
    endloop
  endfacet
  facet normal 6.833916e-01 2.670684e-15 -7.300520e-01
    outer loop
      vertex   -6.638823e+00 6.450000e+00 7.478370e+00
      vertex   -6.638823e+00 1.450000e+00 7.478370e+00
      vertex   -7.024245e+00 6.450000e+00 7.117582e+00
    endloop
  endfacet
  facet normal 6.833916e-01 2.549289e-15 -7.300520e-01
    outer loop
      vertex   -7.024245e+00 6.450000e+00 7.117582e+00
      vertex   -6.638823e+00 1.450000e+00 7.478370e+00
      vertex   -7.024245e+00 1.450000e+00 7.117582e+00
    endloop
  endfacet
  facet normal 7.209679e-01 2.689462e-15 -6.929684e-01
    outer loop
      vertex   -7.024245e+00 6.450000e+00 7.117582e+00
      vertex   -7.024245e+00 1.450000e+00 7.117582e+00
      vertex   -7.390089e+00 6.450000e+00 6.736956e+00
    endloop
  endfacet
  facet normal 7.209679e-01 2.689462e-15 -6.929684e-01
    outer loop
      vertex   -7.390089e+00 6.450000e+00 6.736956e+00
      vertex   -7.024245e+00 1.450000e+00 7.117582e+00
      vertex   -7.390089e+00 1.450000e+00 6.736956e+00
    endloop
  endfacet
  facet normal 7.565349e-01 2.822139e-15 -6.539534e-01
    outer loop
      vertex   -7.390089e+00 6.450000e+00 6.736956e+00
      vertex   -7.390089e+00 1.450000e+00 6.736956e+00
      vertex   -7.735336e+00 6.450000e+00 6.337553e+00
    endloop
  endfacet
  facet normal 7.565349e-01 2.822139e-15 -6.539534e-01
    outer loop
      vertex   -7.735336e+00 6.450000e+00 6.337553e+00
      vertex   -7.390089e+00 1.450000e+00 6.736956e+00
      vertex   -7.735336e+00 1.450000e+00 6.337553e+00
    endloop
  endfacet
  facet normal 7.899932e-01 2.946951e-15 -6.131156e-01
    outer loop
      vertex   -7.735336e+00 6.450000e+00 6.337553e+00
      vertex   -7.735336e+00 1.450000e+00 6.337553e+00
      vertex   -8.059022e+00 6.450000e+00 5.920486e+00
    endloop
  endfacet
  facet normal 7.899932e-01 3.087282e-15 -6.131156e-01
    outer loop
      vertex   -8.059022e+00 6.450000e+00 5.920486e+00
      vertex   -7.735336e+00 1.450000e+00 6.337553e+00
      vertex   -8.059022e+00 1.450000e+00 5.920486e+00
    endloop
  endfacet
  facet normal 8.212496e-01 3.209431e-15 -5.705690e-01
    outer loop
      vertex   -8.059022e+00 6.450000e+00 5.920486e+00
      vertex   -8.059022e+00 1.450000e+00 5.920486e+00
      vertex   -8.360247e+00 6.450000e+00 5.486918e+00
    endloop
  endfacet
  facet normal 8.212496e-01 3.209431e-15 -5.705690e-01
    outer loop
      vertex   -8.360247e+00 6.450000e+00 5.486918e+00
      vertex   -8.059022e+00 1.450000e+00 5.920486e+00
      vertex   -8.360247e+00 1.450000e+00 5.486918e+00
    endloop
  endfacet
  facet normal 8.502171e-01 3.322636e-15 -5.264322e-01
    outer loop
      vertex   -8.360247e+00 6.450000e+00 5.486918e+00
      vertex   -8.360247e+00 1.450000e+00 5.486918e+00
      vertex   -8.638170e+00 6.450000e+00 5.038057e+00
    endloop
  endfacet
  facet normal 8.502171e-01 3.322636e-15 -5.264322e-01
    outer loop
      vertex   -8.638170e+00 6.450000e+00 5.038057e+00
      vertex   -8.360247e+00 1.450000e+00 5.486918e+00
      vertex   -8.638170e+00 1.450000e+00 5.038057e+00
    endloop
  endfacet
  facet normal 8.768149e-01 3.426580e-15 -4.808280e-01
    outer loop
      vertex   -8.638170e+00 6.450000e+00 5.038057e+00
      vertex   -8.638170e+00 1.450000e+00 5.038057e+00
      vertex   -8.892017e+00 6.450000e+00 4.575153e+00
    endloop
  endfacet
  facet normal 8.768149e-01 3.115072e-15 -4.808280e-01
    outer loop
      vertex   -8.892017e+00 6.450000e+00 4.575153e+00
      vertex   -8.638170e+00 1.450000e+00 5.038057e+00
      vertex   -8.892017e+00 1.450000e+00 4.575153e+00
    endloop
  endfacet
  facet normal 9.009689e-01 3.200884e-15 -4.338837e-01
    outer loop
      vertex   -8.892017e+00 6.450000e+00 4.575153e+00
      vertex   -8.892017e+00 1.450000e+00 4.575153e+00
      vertex   -9.121081e+00 6.450000e+00 4.099498e+00
    endloop
  endfacet
  facet normal 9.009689e-01 3.520973e-15 -4.338837e-01
    outer loop
      vertex   -9.121081e+00 6.450000e+00 4.099498e+00
      vertex   -8.892017e+00 1.450000e+00 4.575153e+00
      vertex   -9.121081e+00 1.450000e+00 4.099498e+00
    endloop
  endfacet
  facet normal 9.226117e-01 3.605553e-15 -3.857301e-01
    outer loop
      vertex   -9.121081e+00 6.450000e+00 4.099498e+00
      vertex   -9.121081e+00 1.450000e+00 4.099498e+00
      vertex   -9.324722e+00 6.450000e+00 3.612417e+00
    endloop
  endfacet
  facet normal 9.226117e-01 3.277775e-15 -3.857301e-01
    outer loop
      vertex   -9.324722e+00 6.450000e+00 3.612417e+00
      vertex   -9.121081e+00 1.450000e+00 4.099498e+00
      vertex   -9.324722e+00 1.450000e+00 3.612417e+00
    endloop
  endfacet
  facet normal 9.416830e-01 3.345530e-15 -3.365014e-01
    outer loop
      vertex   -9.324722e+00 6.450000e+00 3.612417e+00
      vertex   -9.324722e+00 1.450000e+00 3.612417e+00
      vertex   -9.502374e+00 6.450000e+00 3.115267e+00
    endloop
  endfacet
  facet normal 9.416830e-01 3.680083e-15 -3.365014e-01
    outer loop
      vertex   -9.502374e+00 6.450000e+00 3.115267e+00
      vertex   -9.324722e+00 1.450000e+00 3.612417e+00
      vertex   -9.502374e+00 1.450000e+00 3.115267e+00
    endloop
  endfacet
  facet normal 9.581296e-01 3.744356e-15 -2.863348e-01
    outer loop
      vertex   -9.502374e+00 6.450000e+00 3.115267e+00
      vertex   -9.502374e+00 1.450000e+00 3.115267e+00
      vertex   -9.653541e+00 6.450000e+00 2.609434e+00
    endloop
  endfacet
  facet normal 9.581296e-01 3.744356e-15 -2.863348e-01
    outer loop
      vertex   -9.653541e+00 6.450000e+00 2.609434e+00
      vertex   -9.502374e+00 1.450000e+00 3.115267e+00
      vertex   -9.653541e+00 1.450000e+00 2.609434e+00
    endloop
  endfacet
  facet normal 9.719058e-01 3.798193e-15 -2.353702e-01
    outer loop
      vertex   -9.653541e+00 6.450000e+00 2.609434e+00
      vertex   -9.653541e+00 1.450000e+00 2.609434e+00
      vertex   -9.777802e+00 6.450000e+00 2.096329e+00
    endloop
  endfacet
  facet normal 9.719058e-01 3.452903e-15 -2.353702e-01
    outer loop
      vertex   -9.777802e+00 6.450000e+00 2.096329e+00
      vertex   -9.653541e+00 1.450000e+00 2.609434e+00
      vertex   -9.777802e+00 1.450000e+00 2.096329e+00
    endloop
  endfacet
  facet normal 9.829731e-01 3.492222e-15 -1.837495e-01
    outer loop
      vertex   -9.777802e+00 6.450000e+00 2.096329e+00
      vertex   -9.777802e+00 1.450000e+00 2.096329e+00
      vertex   -9.874810e+00 6.450000e+00 1.577381e+00
    endloop
  endfacet
  facet normal 9.829731e-01 3.841444e-15 -1.837495e-01
    outer loop
      vertex   -9.874810e+00 6.450000e+00 1.577381e+00
      vertex   -9.777802e+00 1.450000e+00 2.096329e+00
      vertex   -9.874810e+00 1.450000e+00 1.577381e+00
    endloop
  endfacet
  facet normal 9.913007e-01 3.873988e-15 -1.316167e-01
    outer loop
      vertex   -9.874810e+00 6.450000e+00 1.577381e+00
      vertex   -9.874810e+00 1.450000e+00 1.577381e+00
      vertex   -9.944295e+00 6.450000e+00 1.054036e+00
    endloop
  endfacet
  facet normal 9.913007e-01 3.521807e-15 -1.316167e-01
    outer loop
      vertex   -9.944295e+00 6.450000e+00 1.054036e+00
      vertex   -9.874810e+00 1.450000e+00 1.577381e+00
      vertex   -9.944295e+00 1.450000e+00 1.054036e+00
    endloop
  endfacet
  facet normal 9.968653e-01 3.541577e-15 -7.911704e-02
    outer loop
      vertex   -9.944295e+00 6.450000e+00 1.054036e+00
      vertex   -9.944295e+00 1.450000e+00 1.054036e+00
      vertex   -9.986064e+00 6.450000e+00 5.277535e-01
    endloop
  endfacet
  facet normal 9.968653e-01 3.895735e-15 -7.911704e-02
    outer loop
      vertex   -9.986064e+00 6.450000e+00 5.277535e-01
      vertex   -9.944295e+00 1.450000e+00 1.054036e+00
      vertex   -9.986064e+00 1.450000e+00 5.277535e-01
    endloop
  endfacet
  facet normal -9.996842e-01 -3.847558e-15 2.513010e-02
    outer loop
      vertex   -1.098611e+01 1.450000e+00 5.526875e-01
      vertex   -1.098611e+01 7.450000e+00 5.526875e-01
      vertex   -1.100000e+01 1.450000e+00 -1.347111e-15
    endloop
  endfacet
  facet normal -9.996842e-01 -3.551592e-15 2.513010e-02
    outer loop
      vertex   -1.100000e+01 1.450000e+00 -1.347111e-15
      vertex   -1.098611e+01 7.450000e+00 5.526875e-01
      vertex   -1.100000e+01 7.450000e+00 -1.347111e-15
    endloop
  endfacet
  facet normal -9.996842e-01 -3.551592e-15 -2.513010e-02
    outer loop
      vertex   -1.100000e+01 1.450000e+00 -1.347111e-15
      vertex   -1.100000e+01 7.450000e+00 -1.347111e-15
      vertex   -1.098611e+01 1.450000e+00 -5.526875e-01
    endloop
  endfacet
  facet normal -9.996842e-01 -3.847558e-15 -2.513010e-02
    outer loop
      vertex   -1.098611e+01 1.450000e+00 -5.526875e-01
      vertex   -1.100000e+01 7.450000e+00 -1.347111e-15
      vertex   -1.098611e+01 7.450000e+00 -5.526875e-01
    endloop
  endfacet
  facet normal -9.971589e-01 -3.837838e-15 -7.532681e-02
    outer loop
      vertex   -1.098611e+01 1.450000e+00 -5.526875e-01
      vertex   -1.098611e+01 7.450000e+00 -5.526875e-01
      vertex   -1.094446e+01 1.450000e+00 -1.103979e+00
    endloop
  endfacet
  facet normal -9.971589e-01 -3.837838e-15 -7.532681e-02
    outer loop
      vertex   -1.094446e+01 1.450000e+00 -1.103979e+00
      vertex   -1.098611e+01 7.450000e+00 -5.526875e-01
      vertex   -1.094446e+01 7.450000e+00 -1.103979e+00
    endloop
  endfacet
  facet normal -9.921147e-01 -3.818424e-15 -1.253332e-01
    outer loop
      vertex   -1.094446e+01 1.450000e+00 -1.103979e+00
      vertex   -1.094446e+01 7.450000e+00 -1.103979e+00
      vertex   -1.087517e+01 1.450000e+00 -1.652481e+00
    endloop
  endfacet
  facet normal -9.921147e-01 -3.524699e-15 -1.253332e-01
    outer loop
      vertex   -1.087517e+01 1.450000e+00 -1.652481e+00
      vertex   -1.094446e+01 7.450000e+00 -1.103979e+00
      vertex   -1.087517e+01 7.450000e+00 -1.652481e+00
    endloop
  endfacet
  facet normal -9.845643e-01 -3.497875e-15 -1.750231e-01
    outer loop
      vertex   -1.087517e+01 1.450000e+00 -1.652481e+00
      vertex   -1.087517e+01 7.450000e+00 -1.652481e+00
      vertex   -1.077841e+01 1.450000e+00 -2.196810e+00
    endloop
  endfacet
  facet normal -9.845643e-01 -3.789365e-15 -1.750231e-01
    outer loop
      vertex   -1.077841e+01 1.450000e+00 -2.196810e+00
      vertex   -1.087517e+01 7.450000e+00 -1.652481e+00
      vertex   -1.077841e+01 7.450000e+00 -2.196810e+00
    endloop
  endfacet
  facet normal -9.745269e-01 -3.750733e-15 -2.242708e-01
    outer loop
      vertex   -1.077841e+01 1.450000e+00 -2.196810e+00
      vertex   -1.077841e+01 7.450000e+00 -2.196810e+00
      vertex   -1.065441e+01 1.450000e+00 -2.735589e+00
    endloop
  endfacet
  facet normal -9.745269e-01 -3.750733e-15 -2.242708e-01
    outer loop
      vertex   -1.065441e+01 1.450000e+00 -2.735589e+00
      vertex   -1.077841e+01 7.450000e+00 -2.196810e+00
      vertex   -1.065441e+01 7.450000e+00 -2.735589e+00
    endloop
  endfacet
  facet normal -9.620277e-01 -3.702626e-15 -2.729519e-01
    outer loop
      vertex   -1.065441e+01 1.450000e+00 -2.735589e+00
      vertex   -1.065441e+01 7.450000e+00 -2.735589e+00
      vertex   -1.050351e+01 1.450000e+00 -3.267457e+00
    endloop
  endfacet
  facet normal -9.620277e-01 -3.702626e-15 -2.729519e-01
    outer loop
      vertex   -1.050351e+01 1.450000e+00 -3.267457e+00
      vertex   -1.065441e+01 7.450000e+00 -2.735589e+00
      vertex   -1.050351e+01 7.450000e+00 -3.267457e+00
    endloop
  endfacet
  facet normal -9.470983e-01 -3.645167e-15 -3.209436e-01
    outer loop
      vertex   -1.050351e+01 1.450000e+00 -3.267457e+00
      vertex   -1.050351e+01 7.450000e+00 -3.267457e+00
      vertex   -1.032607e+01 1.450000e+00 -3.791072e+00
    endloop
  endfacet
  facet normal -9.470983e-01 -3.645167e-15 -3.209436e-01
    outer loop
      vertex   -1.032607e+01 1.450000e+00 -3.791072e+00
      vertex   -1.050351e+01 7.450000e+00 -3.267457e+00
      vertex   -1.032607e+01 7.450000e+00 -3.791072e+00
    endloop
  endfacet
  facet normal -9.297765e-01 -3.578499e-15 -3.681246e-01
    outer loop
      vertex   -1.032607e+01 1.450000e+00 -3.791072e+00
      vertex   -1.032607e+01 7.450000e+00 -3.791072e+00
      vertex   -1.012255e+01 1.450000e+00 -4.305110e+00
    endloop
  endfacet
  facet normal -9.297765e-01 -3.578499e-15 -3.681246e-01
    outer loop
      vertex   -1.012255e+01 1.450000e+00 -4.305110e+00
      vertex   -1.032607e+01 7.450000e+00 -3.791072e+00
      vertex   -1.012255e+01 7.450000e+00 -4.305110e+00
    endloop
  endfacet
  facet normal -9.101060e-01 -3.502791e-15 -4.143756e-01
    outer loop
      vertex   -1.012255e+01 1.450000e+00 -4.305110e+00
      vertex   -1.012255e+01 7.450000e+00 -4.305110e+00
      vertex   -9.893458e+00 1.450000e+00 -4.808273e+00
    endloop
  endfacet
  facet normal -9.101060e-01 -3.502791e-15 -4.143756e-01
    outer loop
      vertex   -9.893458e+00 1.450000e+00 -4.808273e+00
      vertex   -1.012255e+01 7.450000e+00 -4.305110e+00
      vertex   -9.893458e+00 7.450000e+00 -4.808273e+00
    endloop
  endfacet
  facet normal -8.881364e-01 -3.418236e-15 -4.595799e-01
    outer loop
      vertex   -9.893458e+00 1.450000e+00 -4.808273e+00
      vertex   -9.893458e+00 7.450000e+00 -4.808273e+00
      vertex   -9.639373e+00 1.450000e+00 -5.299290e+00
    endloop
  endfacet
  facet normal -8.881364e-01 -3.155295e-15 -4.595799e-01
    outer loop
      vertex   -9.639373e+00 1.450000e+00 -5.299290e+00
      vertex   -9.893458e+00 7.450000e+00 -4.808273e+00
      vertex   -9.639373e+00 7.450000e+00 -5.299290e+00
    endloop
  endfacet
  facet normal -8.639234e-01 -3.069273e-15 -5.036232e-01
    outer loop
      vertex   -9.639373e+00 1.450000e+00 -5.299290e+00
      vertex   -9.639373e+00 7.450000e+00 -5.299290e+00
      vertex   -9.360939e+00 1.450000e+00 -5.776921e+00
    endloop
  endfacet
  facet normal -8.639234e-01 -3.069273e-15 -5.036232e-01
    outer loop
      vertex   -9.360939e+00 1.450000e+00 -5.776921e+00
      vertex   -9.639373e+00 7.450000e+00 -5.299290e+00
      vertex   -9.360939e+00 7.450000e+00 -5.776921e+00
    endloop
  endfacet
  facet normal -8.375280e-01 -2.975497e-15 -5.463943e-01
    outer loop
      vertex   -9.360939e+00 1.450000e+00 -5.776921e+00
      vertex   -9.360939e+00 7.450000e+00 -5.776921e+00
      vertex   -9.058859e+00 1.450000e+00 -6.239958e+00
    endloop
  endfacet
  facet normal -8.375280e-01 -2.975497e-15 -5.463943e-01
    outer loop
      vertex   -9.058859e+00 1.450000e+00 -6.239958e+00
      vertex   -9.360939e+00 7.450000e+00 -5.776921e+00
      vertex   -9.058859e+00 7.450000e+00 -6.239958e+00
    endloop
  endfacet
  facet normal -8.090170e-01 -2.874206e-15 -5.877853e-01
    outer loop
      vertex   -9.058859e+00 1.450000e+00 -6.239958e+00
      vertex   -9.058859e+00 7.450000e+00 -6.239958e+00
      vertex   -8.733894e+00 1.450000e+00 -6.687233e+00
    endloop
  endfacet
  facet normal -8.090170e-01 -2.874206e-15 -5.877853e-01
    outer loop
      vertex   -8.733894e+00 1.450000e+00 -6.687233e+00
      vertex   -9.058859e+00 7.450000e+00 -6.239958e+00
      vertex   -8.733894e+00 7.450000e+00 -6.687233e+00
    endloop
  endfacet
  facet normal -7.784623e-01 -2.765654e-15 -6.276914e-01
    outer loop
      vertex   -8.733894e+00 1.450000e+00 -6.687233e+00
      vertex   -8.733894e+00 7.450000e+00 -6.687233e+00
      vertex   -8.386868e+00 1.450000e+00 -7.117616e+00
    endloop
  endfacet
  facet normal -7.784623e-01 -2.765654e-15 -6.276914e-01
    outer loop
      vertex   -8.386868e+00 1.450000e+00 -7.117616e+00
      vertex   -8.733894e+00 7.450000e+00 -6.687233e+00
      vertex   -8.386868e+00 7.450000e+00 -7.117616e+00
    endloop
  endfacet
  facet normal -7.459411e-01 -2.650115e-15 -6.660119e-01
    outer loop
      vertex   -8.386868e+00 1.450000e+00 -7.117616e+00
      vertex   -8.386868e+00 7.450000e+00 -7.117616e+00
      vertex   -8.018655e+00 1.450000e+00 -7.530018e+00
    endloop
  endfacet
  facet normal -7.459411e-01 -2.650115e-15 -6.660119e-01
    outer loop
      vertex   -8.018655e+00 1.450000e+00 -7.530018e+00
      vertex   -8.386868e+00 7.450000e+00 -7.117616e+00
      vertex   -8.018655e+00 7.450000e+00 -7.530018e+00
    endloop
  endfacet
  facet normal -7.115357e-01 -2.527883e-15 -7.026500e-01
    outer loop
      vertex   -8.018655e+00 1.450000e+00 -7.530018e+00
      vertex   -8.018655e+00 7.450000e+00 -7.530018e+00
      vertex   -7.630186e+00 1.450000e+00 -7.923399e+00
    endloop
  endfacet
  facet normal -7.115357e-01 -2.633211e-15 -7.026500e-01
    outer loop
      vertex   -7.630186e+00 1.450000e+00 -7.923399e+00
      vertex   -8.018655e+00 7.450000e+00 -7.530018e+00
      vertex   -7.630186e+00 7.450000e+00 -7.923399e+00
    endloop
  endfacet
  facet normal -6.753328e-01 -2.499233e-15 -7.375131e-01
    outer loop
      vertex   -7.630186e+00 1.450000e+00 -7.923399e+00
      vertex   -7.630186e+00 7.450000e+00 -7.923399e+00
      vertex   -7.222443e+00 1.450000e+00 -8.296765e+00
    endloop
  endfacet
  facet normal -6.753328e-01 -2.499233e-15 -7.375131e-01
    outer loop
      vertex   -7.222443e+00 1.450000e+00 -8.296765e+00
      vertex   -7.630186e+00 7.450000e+00 -7.923399e+00
      vertex   -7.222443e+00 7.450000e+00 -8.296765e+00
    endloop
  endfacet
  facet normal -6.374240e-01 -2.358943e-15 -7.705132e-01
    outer loop
      vertex   -7.222443e+00 1.450000e+00 -8.296765e+00
      vertex   -7.222443e+00 7.450000e+00 -8.296765e+00
      vertex   -6.796456e+00 1.450000e+00 -8.649173e+00
    endloop
  endfacet
  facet normal -6.374240e-01 -2.358943e-15 -7.705132e-01
    outer loop
      vertex   -6.796456e+00 1.450000e+00 -8.649173e+00
      vertex   -7.222443e+00 7.450000e+00 -8.296765e+00
      vertex   -6.796456e+00 7.450000e+00 -8.649173e+00
    endloop
  endfacet
  facet normal -5.979050e-01 -2.212693e-15 -8.015670e-01
    outer loop
      vertex   -6.796456e+00 1.450000e+00 -8.649173e+00
      vertex   -6.796456e+00 7.450000e+00 -8.649173e+00
      vertex   -6.353300e+00 1.450000e+00 -8.979732e+00
    endloop
  endfacet
  facet normal -5.979050e-01 -2.212693e-15 -8.015670e-01
    outer loop
      vertex   -6.353300e+00 1.450000e+00 -8.979732e+00
      vertex   -6.796456e+00 7.450000e+00 -8.649173e+00
      vertex   -6.353300e+00 7.450000e+00 -8.979732e+00
    endloop
  endfacet
  facet normal -5.568756e-01 -2.060854e-15 -8.305959e-01
    outer loop
      vertex   -6.353300e+00 1.450000e+00 -8.979732e+00
      vertex   -6.353300e+00 7.450000e+00 -8.979732e+00
      vertex   -5.894095e+00 1.450000e+00 -9.287607e+00
    endloop
  endfacet
  facet normal -5.568756e-01 -2.060854e-15 -8.305959e-01
    outer loop
      vertex   -5.894095e+00 1.450000e+00 -9.287607e+00
      vertex   -6.353300e+00 7.450000e+00 -8.979732e+00
      vertex   -5.894095e+00 7.450000e+00 -9.287607e+00
    endloop
  endfacet
  facet normal -5.144395e-01 -1.903809e-15 -8.575267e-01
    outer loop
      vertex   -5.894095e+00 1.450000e+00 -9.287607e+00
      vertex   -5.894095e+00 7.450000e+00 -9.287607e+00
      vertex   -5.420001e+00 1.450000e+00 -9.572021e+00
    endloop
  endfacet
  facet normal -5.144395e-01 -1.903809e-15 -8.575267e-01
    outer loop
      vertex   -5.420001e+00 1.450000e+00 -9.572021e+00
      vertex   -5.894095e+00 7.450000e+00 -9.287607e+00
      vertex   -5.420001e+00 7.450000e+00 -9.572021e+00
    endloop
  endfacet
  facet normal -4.707039e-01 -1.741954e-15 -8.822912e-01
    outer loop
      vertex   -5.420001e+00 1.450000e+00 -9.572021e+00
      vertex   -5.420001e+00 7.450000e+00 -9.572021e+00
      vertex   -4.932215e+00 1.450000e+00 -9.832256e+00
    endloop
  endfacet
  facet normal -4.707039e-01 -1.672276e-15 -8.822912e-01
    outer loop
      vertex   -4.932215e+00 1.450000e+00 -9.832256e+00
      vertex   -5.420001e+00 7.450000e+00 -9.572021e+00
      vertex   -4.932215e+00 7.450000e+00 -9.832256e+00
    endloop
  endfacet
  facet normal -4.257793e-01 -1.512672e-15 -9.048271e-01
    outer loop
      vertex   -4.932215e+00 1.450000e+00 -9.832256e+00
      vertex   -4.932215e+00 7.450000e+00 -9.832256e+00
      vertex   -4.431971e+00 1.450000e+00 -1.006765e+01
    endloop
  endfacet
  facet normal -4.257793e-01 -1.512672e-15 -9.048271e-01
    outer loop
      vertex   -4.431971e+00 1.450000e+00 -1.006765e+01
      vertex   -4.932215e+00 7.450000e+00 -9.832256e+00
      vertex   -4.431971e+00 7.450000e+00 -1.006765e+01
    endloop
  endfacet
  facet normal -3.797791e-01 -1.349246e-15 -9.250772e-01
    outer loop
      vertex   -4.431971e+00 1.450000e+00 -1.006765e+01
      vertex   -4.431971e+00 7.450000e+00 -1.006765e+01
      vertex   -3.920531e+00 1.450000e+00 -1.027762e+01
    endloop
  endfacet
  facet normal -3.797791e-01 -1.377356e-15 -9.250772e-01
    outer loop
      vertex   -3.920531e+00 1.450000e+00 -1.027762e+01
      vertex   -4.431971e+00 7.450000e+00 -1.006765e+01
      vertex   -3.920531e+00 7.450000e+00 -1.027762e+01
    endloop
  endfacet
  facet normal -3.328195e-01 -1.207046e-15 -9.429905e-01
    outer loop
      vertex   -3.920531e+00 1.450000e+00 -1.027762e+01
      vertex   -3.920531e+00 7.450000e+00 -1.027762e+01
      vertex   -3.399187e+00 1.450000e+00 -1.046162e+01
    endloop
  endfacet
  facet normal -3.328195e-01 -1.207046e-15 -9.429905e-01
    outer loop
      vertex   -3.399187e+00 1.450000e+00 -1.046162e+01
      vertex   -3.920531e+00 7.450000e+00 -1.027762e+01
      vertex   -3.399187e+00 7.450000e+00 -1.046162e+01
    endloop
  endfacet
  facet normal -2.850193e-01 -1.033687e-15 -9.585218e-01
    outer loop
      vertex   -3.399187e+00 1.450000e+00 -1.046162e+01
      vertex   -3.399187e+00 7.450000e+00 -1.046162e+01
      vertex   -2.869257e+00 1.450000e+00 -1.061920e+01
    endloop
  endfacet
  facet normal -2.850193e-01 -1.033687e-15 -9.585218e-01
    outer loop
      vertex   -2.869257e+00 1.450000e+00 -1.061920e+01
      vertex   -3.399187e+00 7.450000e+00 -1.046162e+01
      vertex   -2.869257e+00 7.450000e+00 -1.061920e+01
    endloop
  endfacet
  facet normal -2.364990e-01 -8.577177e-16 -9.716317e-01
    outer loop
      vertex   -2.869257e+00 1.450000e+00 -1.061920e+01
      vertex   -2.869257e+00 7.450000e+00 -1.061920e+01
      vertex   -2.332078e+00 1.450000e+00 -1.074995e+01
    endloop
  endfacet
  facet normal -2.364990e-01 -8.577177e-16 -9.716317e-01
    outer loop
      vertex   -2.332078e+00 1.450000e+00 -1.074995e+01
      vertex   -2.869257e+00 7.450000e+00 -1.061920e+01
      vertex   -2.332078e+00 7.450000e+00 -1.074995e+01
    endloop
  endfacet
  facet normal -1.873813e-01 -6.795812e-16 -9.822873e-01
    outer loop
      vertex   -2.332078e+00 1.450000e+00 -1.074995e+01
      vertex   -2.332078e+00 7.450000e+00 -1.074995e+01
      vertex   -1.789009e+00 1.450000e+00 -1.085355e+01
    endloop
  endfacet
  facet normal -1.873813e-01 -6.865157e-16 -9.822873e-01
    outer loop
      vertex   -1.789009e+00 1.450000e+00 -1.085355e+01
      vertex   -2.332078e+00 7.450000e+00 -1.074995e+01
      vertex   -1.789009e+00 7.450000e+00 -1.085355e+01
    endloop
  endfacet
  facet normal -1.377903e-01 -5.048272e-16 -9.904614e-01
    outer loop
      vertex   -1.789009e+00 1.450000e+00 -1.085355e+01
      vertex   -1.789009e+00 7.450000e+00 -1.085355e+01
      vertex   -1.241420e+00 1.450000e+00 -1.092972e+01
    endloop
  endfacet
  facet normal -1.377903e-01 -5.048272e-16 -9.904614e-01
    outer loop
      vertex   -1.241420e+00 1.450000e+00 -1.092972e+01
      vertex   -1.789009e+00 7.450000e+00 -1.085355e+01
      vertex   -1.241420e+00 7.450000e+00 -1.092972e+01
    endloop
  endfacet
  facet normal -8.785120e-02 -3.218636e-16 -9.961336e-01
    outer loop
      vertex   -1.241420e+00 1.450000e+00 -1.092972e+01
      vertex   -1.241420e+00 7.450000e+00 -1.092972e+01
      vertex   -6.906957e-01 1.450000e+00 -1.097829e+01
    endloop
  endfacet
  facet normal -8.785120e-02 -3.202380e-16 -9.961336e-01
    outer loop
      vertex   -6.906957e-01 1.450000e+00 -1.097829e+01
      vertex   -1.241420e+00 7.450000e+00 -1.092972e+01
      vertex   -6.906957e-01 7.450000e+00 -1.097829e+01
    endloop
  endfacet
  facet normal -3.769018e-02 -1.373895e-16 -9.992895e-01
    outer loop
      vertex   -6.906957e-01 1.450000e+00 -1.097829e+01
      vertex   -6.906957e-01 7.450000e+00 -1.097829e+01
      vertex   -1.382264e-01 1.450000e+00 -1.099913e+01
    endloop
  endfacet
  facet normal -3.769018e-02 -1.375638e-16 -9.992895e-01
    outer loop
      vertex   -1.382264e-01 1.450000e+00 -1.099913e+01
      vertex   -6.906957e-01 7.450000e+00 -1.097829e+01
      vertex   -1.382264e-01 7.450000e+00 -1.099913e+01
    endloop
  endfacet
  facet normal 1.256604e-02 4.586426e-17 -9.999210e-01
    outer loop
      vertex   -1.382264e-01 1.450000e+00 -1.099913e+01
      vertex   -1.382264e-01 7.450000e+00 -1.099913e+01
      vertex   4.145920e-01 1.450000e+00 -1.099218e+01
    endloop
  endfacet
  facet normal 1.256604e-02 4.592239e-17 -9.999210e-01
    outer loop
      vertex   4.145920e-01 1.450000e+00 -1.099218e+01
      vertex   -1.382264e-01 7.450000e+00 -1.099913e+01
      vertex   4.145920e-01 7.450000e+00 -1.099218e+01
    endloop
  endfacet
  facet normal 6.279052e-02 2.294670e-16 -9.980267e-01
    outer loop
      vertex   4.145920e-01 1.450000e+00 -1.099218e+01
      vertex   4.145920e-01 7.450000e+00 -1.099218e+01
      vertex   9.663632e-01 1.450000e+00 -1.095747e+01
    endloop
  endfacet
  facet normal 6.279052e-02 2.288860e-16 -9.980267e-01
    outer loop
      vertex   9.663632e-01 1.450000e+00 -1.095747e+01
      vertex   4.145920e-01 7.450000e+00 -1.099218e+01
      vertex   9.663632e-01 7.450000e+00 -1.095747e+01
    endloop
  endfacet
  facet normal 1.128564e-01 4.113877e-16 -9.936113e-01
    outer loop
      vertex   9.663632e-01 1.450000e+00 -1.095747e+01
      vertex   9.663632e-01 7.450000e+00 -1.095747e+01
      vertex   1.515693e+00 1.450000e+00 -1.089508e+01
    endloop
  endfacet
  facet normal 1.128564e-01 4.134760e-16 -9.936113e-01
    outer loop
      vertex   1.515693e+00 1.450000e+00 -1.089508e+01
      vertex   9.663632e-01 7.450000e+00 -1.095747e+01
      vertex   1.515693e+00 7.450000e+00 -1.089508e+01
    endloop
  endfacet
  facet normal 1.626372e-01 5.958596e-16 -9.866859e-01
    outer loop
      vertex   1.515693e+00 1.450000e+00 -1.089508e+01
      vertex   1.515693e+00 7.450000e+00 -1.089508e+01
      vertex   2.061194e+00 1.450000e+00 -1.080516e+01
    endloop
  endfacet
  facet normal 1.626372e-01 5.898408e-16 -9.866859e-01
    outer loop
      vertex   2.061194e+00 1.450000e+00 -1.080516e+01
      vertex   1.515693e+00 7.450000e+00 -1.089508e+01
      vertex   2.061194e+00 7.450000e+00 -1.080516e+01
    endloop
  endfacet
  facet normal 2.120071e-01 7.688922e-16 -9.772681e-01
    outer loop
      vertex   2.061194e+00 1.450000e+00 -1.080516e+01
      vertex   2.061194e+00 7.450000e+00 -1.080516e+01
      vertex   2.601489e+00 1.450000e+00 -1.068795e+01
    endloop
  endfacet
  facet normal 2.120071e-01 7.688922e-16 -9.772681e-01
    outer loop
      vertex   2.601489e+00 1.450000e+00 -1.068795e+01
      vertex   2.061194e+00 7.450000e+00 -1.080516e+01
      vertex   2.601489e+00 7.450000e+00 -1.068795e+01
    endloop
  endfacet
  facet normal 2.608415e-01 9.460013e-16 -9.653816e-01
    outer loop
      vertex   2.601489e+00 1.450000e+00 -1.068795e+01
      vertex   2.601489e+00 7.450000e+00 -1.068795e+01
      vertex   3.135212e+00 1.450000e+00 -1.054374e+01
    endloop
  endfacet
  facet normal 2.608415e-01 9.460013e-16 -9.653816e-01
    outer loop
      vertex   3.135212e+00 1.450000e+00 -1.054374e+01
      vertex   2.601489e+00 7.450000e+00 -1.068795e+01
      vertex   3.135212e+00 7.450000e+00 -1.054374e+01
    endloop
  endfacet
  facet normal 3.090170e-01 1.120721e-15 -9.510565e-01
    outer loop
      vertex   3.135212e+00 1.450000e+00 -1.054374e+01
      vertex   3.135212e+00 7.450000e+00 -1.054374e+01
      vertex   3.661015e+00 1.450000e+00 -1.037290e+01
    endloop
  endfacet
  facet normal 3.090170e-01 1.120721e-15 -9.510565e-01
    outer loop
      vertex   3.661015e+00 1.450000e+00 -1.037290e+01
      vertex   3.135212e+00 7.450000e+00 -1.054374e+01
      vertex   3.661015e+00 7.450000e+00 -1.037290e+01
    endloop
  endfacet
  facet normal 3.564119e-01 1.292609e-15 -9.343289e-01
    outer loop
      vertex   3.661015e+00 1.450000e+00 -1.037290e+01
      vertex   3.661015e+00 7.450000e+00 -1.037290e+01
      vertex   4.177570e+00 1.450000e+00 -1.017585e+01
    endloop
  endfacet
  facet normal 3.564119e-01 1.318989e-15 -9.343289e-01
    outer loop
      vertex   4.177570e+00 1.450000e+00 -1.017585e+01
      vertex   3.661015e+00 7.450000e+00 -1.037290e+01
      vertex   4.177570e+00 7.450000e+00 -1.017585e+01
    endloop
  endfacet
  facet normal 4.029064e-01 1.491053e-15 -9.152412e-01
    outer loop
      vertex   4.177570e+00 1.450000e+00 -1.017585e+01
      vertex   4.177570e+00 7.450000e+00 -1.017585e+01
      vertex   4.683572e+00 1.450000e+00 -9.953098e+00
    endloop
  endfacet
  facet normal 4.029064e-01 1.491053e-15 -9.152412e-01
    outer loop
      vertex   4.683572e+00 1.450000e+00 -9.953098e+00
      vertex   4.177570e+00 7.450000e+00 -1.017585e+01
      vertex   4.683572e+00 7.450000e+00 -9.953098e+00
    endloop
  endfacet
  facet normal 4.483832e-01 1.659351e-15 -8.938414e-01
    outer loop
      vertex   4.683572e+00 1.450000e+00 -9.953098e+00
      vertex   4.683572e+00 7.450000e+00 -9.953098e+00
      vertex   5.177743e+00 1.450000e+00 -9.705203e+00
    endloop
  endfacet
  facet normal 4.483832e-01 1.659351e-15 -8.938414e-01
    outer loop
      vertex   5.177743e+00 1.450000e+00 -9.705203e+00
      vertex   4.683572e+00 7.450000e+00 -9.953098e+00
      vertex   5.177743e+00 7.450000e+00 -9.705203e+00
    endloop
  endfacet
  facet normal 4.927273e-01 1.823457e-15 -8.701838e-01
    outer loop
      vertex   5.177743e+00 1.450000e+00 -9.705203e+00
      vertex   5.177743e+00 7.450000e+00 -9.705203e+00
      vertex   5.658835e+00 1.450000e+00 -9.432793e+00
    endloop
  endfacet
  facet normal 4.927273e-01 1.823457e-15 -8.701838e-01
    outer loop
      vertex   5.658835e+00 1.450000e+00 -9.432793e+00
      vertex   5.177743e+00 7.450000e+00 -9.705203e+00
      vertex   5.658835e+00 7.450000e+00 -9.432793e+00
    endloop
  endfacet
  facet normal 5.358268e-01 1.982957e-15 -8.443279e-01
    outer loop
      vertex   5.658835e+00 1.450000e+00 -9.432793e+00
      vertex   5.658835e+00 7.450000e+00 -9.432793e+00
      vertex   6.125632e+00 1.450000e+00 -9.136555e+00
    endloop
  endfacet
  facet normal 5.358268e-01 1.982957e-15 -8.443279e-01
    outer loop
      vertex   6.125632e+00 1.450000e+00 -9.136555e+00
      vertex   5.658835e+00 7.450000e+00 -9.432793e+00
      vertex   6.125632e+00 7.450000e+00 -9.136555e+00
    endloop
  endfacet
  facet normal 5.775727e-01 2.137448e-15 -8.163393e-01
    outer loop
      vertex   6.125632e+00 1.450000e+00 -9.136555e+00
      vertex   6.125632e+00 7.450000e+00 -9.136555e+00
      vertex   6.576955e+00 1.450000e+00 -8.817237e+00
    endloop
  endfacet
  facet normal 5.775727e-01 2.137448e-15 -8.163393e-01
    outer loop
      vertex   6.576955e+00 1.450000e+00 -8.817237e+00
      vertex   6.125632e+00 7.450000e+00 -9.136555e+00
      vertex   6.576955e+00 7.450000e+00 -8.817237e+00
    endloop
  endfacet
  facet normal 6.178596e-01 2.286540e-15 -7.862884e-01
    outer loop
      vertex   6.576955e+00 1.450000e+00 -8.817237e+00
      vertex   6.576955e+00 7.450000e+00 -8.817237e+00
      vertex   7.011664e+00 1.450000e+00 -8.475646e+00
    endloop
  endfacet
  facet normal 6.178596e-01 2.286540e-15 -7.862884e-01
    outer loop
      vertex   7.011664e+00 1.450000e+00 -8.475646e+00
      vertex   6.576955e+00 7.450000e+00 -8.817237e+00
      vertex   7.011664e+00 7.450000e+00 -8.475646e+00
    endloop
  endfacet
  facet normal 6.565858e-01 2.429855e-15 -7.542514e-01
    outer loop
      vertex   7.011664e+00 1.450000e+00 -8.475646e+00
      vertex   7.011664e+00 7.450000e+00 -8.475646e+00
      vertex   7.428661e+00 1.450000e+00 -8.112644e+00
    endloop
  endfacet
  facet normal 6.565858e-01 2.429855e-15 -7.542514e-01
    outer loop
      vertex   7.428661e+00 1.450000e+00 -8.112644e+00
      vertex   7.011664e+00 7.450000e+00 -8.475646e+00
      vertex   7.428661e+00 7.450000e+00 -8.112644e+00
    endloop
  endfacet
  facet normal 6.936533e-01 2.567033e-15 -7.203090e-01
    outer loop
      vertex   7.428661e+00 1.450000e+00 -8.112644e+00
      vertex   7.428661e+00 7.450000e+00 -8.112644e+00
      vertex   7.826892e+00 1.450000e+00 -7.729150e+00
    endloop
  endfacet
  facet normal 6.936533e-01 2.567033e-15 -7.203090e-01
    outer loop
      vertex   7.826892e+00 1.450000e+00 -7.729150e+00
      vertex   7.428661e+00 7.450000e+00 -8.112644e+00
      vertex   7.826892e+00 7.450000e+00 -7.729150e+00
    endloop
  endfacet
  facet normal 7.289686e-01 2.697726e-15 -6.845471e-01
    outer loop
      vertex   7.826892e+00 1.450000e+00 -7.729150e+00
      vertex   7.826892e+00 7.450000e+00 -7.729150e+00
      vertex   8.205353e+00 1.450000e+00 -7.326131e+00
    endloop
  endfacet
  facet normal 7.289686e-01 2.805635e-15 -6.845471e-01
    outer loop
      vertex   8.205353e+00 1.450000e+00 -7.326131e+00
      vertex   7.826892e+00 7.450000e+00 -7.729150e+00
      vertex   8.205353e+00 7.450000e+00 -7.326131e+00
    endloop
  endfacet
  facet normal 7.624425e-01 2.934468e-15 -6.470560e-01
    outer loop
      vertex   8.205353e+00 1.450000e+00 -7.326131e+00
      vertex   8.205353e+00 7.450000e+00 -7.326131e+00
      vertex   8.563085e+00 1.450000e+00 -6.904605e+00
    endloop
  endfacet
  facet normal 7.624425e-01 2.934468e-15 -6.470560e-01
    outer loop
      vertex   8.563085e+00 1.450000e+00 -6.904605e+00
      vertex   8.205353e+00 7.450000e+00 -7.326131e+00
      vertex   8.563085e+00 7.450000e+00 -6.904605e+00
    endloop
  endfacet
  facet normal 7.939904e-01 3.055889e-15 -6.079303e-01
    outer loop
      vertex   8.563085e+00 1.450000e+00 -6.904605e+00
      vertex   8.563085e+00 7.450000e+00 -6.904605e+00
      vertex   8.899187e+00 1.450000e+00 -6.465638e+00
    endloop
  endfacet
  facet normal 7.939904e-01 3.055889e-15 -6.079303e-01
    outer loop
      vertex   8.899187e+00 1.450000e+00 -6.465638e+00
      vertex   8.563085e+00 7.450000e+00 -6.904605e+00
      vertex   8.899187e+00 7.450000e+00 -6.465638e+00
    endloop
  endfacet
  facet normal 8.235326e-01 3.169590e-15 -5.672689e-01
    outer loop
      vertex   8.899187e+00 1.450000e+00 -6.465638e+00
      vertex   8.899187e+00 7.450000e+00 -6.465638e+00
      vertex   9.212808e+00 1.450000e+00 -6.010338e+00
    endloop
  endfacet
  facet normal 8.235326e-01 2.925776e-15 -5.672689e-01
    outer loop
      vertex   9.212808e+00 1.450000e+00 -6.010338e+00
      vertex   8.899187e+00 7.450000e+00 -6.465638e+00
      vertex   9.212808e+00 7.450000e+00 -6.010338e+00
    endloop
  endfacet
  facet normal 8.509945e-01 3.023340e-15 -5.251746e-01
    outer loop
      vertex   9.212808e+00 1.450000e+00 -6.010338e+00
      vertex   9.212808e+00 7.450000e+00 -6.010338e+00
      vertex   9.503158e+00 1.450000e+00 -5.539855e+00
    endloop
  endfacet
  facet normal 8.509945e-01 3.275285e-15 -5.251746e-01
    outer loop
      vertex   9.503158e+00 1.450000e+00 -5.539855e+00
      vertex   9.212808e+00 7.450000e+00 -6.010338e+00
      vertex   9.503158e+00 7.450000e+00 -5.539855e+00
    endloop
  endfacet
  facet normal 8.763067e-01 3.372706e-15 -4.817537e-01
    outer loop
      vertex   9.503158e+00 1.450000e+00 -5.539855e+00
      vertex   9.503158e+00 7.450000e+00 -5.539855e+00
      vertex   9.769501e+00 1.450000e+00 -5.055378e+00
    endloop
  endfacet
  facet normal 8.763067e-01 3.113267e-15 -4.817537e-01
    outer loop
      vertex   9.769501e+00 1.450000e+00 -5.055378e+00
      vertex   9.503158e+00 7.450000e+00 -5.539855e+00
      vertex   9.769501e+00 7.450000e+00 -5.055378e+00
    endloop
  endfacet
  facet normal 8.994053e-01 3.195329e-15 -4.371158e-01
    outer loop
      vertex   9.769501e+00 1.450000e+00 -5.055378e+00
      vertex   9.769501e+00 7.450000e+00 -5.055378e+00
      vertex   1.001117e+01 1.450000e+00 -4.558131e+00
    endloop
  endfacet
  facet normal 8.994053e-01 3.195329e-15 -4.371158e-01
    outer loop
      vertex   1.001117e+01 1.450000e+00 -4.558131e+00
      vertex   9.769501e+00 7.450000e+00 -5.055378e+00
      vertex   1.001117e+01 7.450000e+00 -4.558131e+00
    endloop
  endfacet
  facet normal 9.202318e-01 3.269320e-15 -3.913737e-01
    outer loop
      vertex   1.001117e+01 1.450000e+00 -4.558131e+00
      vertex   1.001117e+01 7.450000e+00 -4.558131e+00
      vertex   1.022754e+01 1.450000e+00 -4.049370e+00
    endloop
  endfacet
  facet normal 9.202318e-01 3.269320e-15 -3.913737e-01
    outer loop
      vertex   1.022754e+01 1.450000e+00 -4.049370e+00
      vertex   1.001117e+01 7.450000e+00 -4.558131e+00
      vertex   1.022754e+01 7.450000e+00 -4.049370e+00
    endloop
  endfacet
  facet normal 9.387339e-01 3.335053e-15 -3.446429e-01
    outer loop
      vertex   1.022754e+01 1.450000e+00 -4.049370e+00
      vertex   1.022754e+01 7.450000e+00 -4.049370e+00
      vertex   1.041808e+01 1.450000e+00 -3.530380e+00
    endloop
  endfacet
  facet normal 9.387339e-01 3.612974e-15 -3.446429e-01
    outer loop
      vertex   1.041808e+01 1.450000e+00 -3.530380e+00
      vertex   1.022754e+01 7.450000e+00 -4.049370e+00
      vertex   1.041808e+01 7.450000e+00 -3.530380e+00
    endloop
  endfacet
  facet normal 9.548645e-01 3.675057e-15 -2.970416e-01
    outer loop
      vertex   1.041808e+01 1.450000e+00 -3.530380e+00
      vertex   1.041808e+01 7.450000e+00 -3.530380e+00
      vertex   1.058230e+01 1.450000e+00 -3.002471e+00
    endloop
  endfacet
  facet normal 9.548645e-01 3.675057e-15 -2.970416e-01
    outer loop
      vertex   1.058230e+01 1.450000e+00 -3.002471e+00
      vertex   1.041808e+01 7.450000e+00 -3.530380e+00
      vertex   1.058230e+01 7.450000e+00 -3.002471e+00
    endloop
  endfacet
  facet normal 9.685832e-01 3.727857e-15 -2.486899e-01
    outer loop
      vertex   1.058230e+01 1.450000e+00 -3.002471e+00
      vertex   1.058230e+01 7.450000e+00 -3.002471e+00
      vertex   1.071980e+01 1.450000e+00 -2.466978e+00
    endloop
  endfacet
  facet normal 9.685832e-01 3.441099e-15 -2.486899e-01
    outer loop
      vertex   1.071980e+01 1.450000e+00 -2.466978e+00
      vertex   1.058230e+01 7.450000e+00 -3.002471e+00
      vertex   1.071980e+01 7.450000e+00 -2.466978e+00
    endloop
  endfacet
  facet normal 9.798551e-01 3.481144e-15 -1.997100e-01
    outer loop
      vertex   1.071980e+01 1.450000e+00 -2.466978e+00
      vertex   1.071980e+01 7.450000e+00 -2.466978e+00
      vertex   1.083021e+01 1.450000e+00 -1.925254e+00
    endloop
  endfacet
  facet normal 9.798551e-01 3.771240e-15 -1.997100e-01
    outer loop
      vertex   1.083021e+01 1.450000e+00 -1.925254e+00
      vertex   1.071980e+01 7.450000e+00 -2.466978e+00
      vertex   1.083021e+01 7.450000e+00 -1.925254e+00
    endloop
  endfacet
  facet normal 9.886517e-01 3.805096e-15 -1.502256e-01
    outer loop
      vertex   1.083021e+01 1.450000e+00 -1.925254e+00
      vertex   1.083021e+01 7.450000e+00 -1.925254e+00
      vertex   1.091326e+01 1.450000e+00 -1.378666e+00
    endloop
  endfacet
  facet normal 9.886517e-01 3.512397e-15 -1.502256e-01
    outer loop
      vertex   1.091326e+01 1.450000e+00 -1.378666e+00
      vertex   1.083021e+01 7.450000e+00 -1.925254e+00
      vertex   1.091326e+01 7.450000e+00 -1.378666e+00
    endloop
  endfacet
  facet normal 9.949510e-01 3.534776e-15 -1.003617e-01
    outer loop
      vertex   1.091326e+01 1.450000e+00 -1.378666e+00
      vertex   1.091326e+01 7.450000e+00 -1.378666e+00
      vertex   1.096875e+01 1.450000e+00 -8.285949e-01
    endloop
  endfacet
  facet normal 9.949510e-01 3.829341e-15 -1.003617e-01
    outer loop
      vertex   1.096875e+01 1.450000e+00 -8.285949e-01
      vertex   1.091326e+01 7.450000e+00 -1.378666e+00
      vertex   1.096875e+01 7.450000e+00 -8.285949e-01
    endloop
  endfacet
  facet normal 9.987370e-01 3.843912e-15 -5.024432e-02
    outer loop
      vertex   1.096875e+01 1.450000e+00 -8.285949e-01
      vertex   1.096875e+01 7.450000e+00 -8.285949e-01
      vertex   1.099653e+01 1.450000e+00 -2.764310e-01
    endloop
  endfacet
  facet normal 9.987370e-01 3.843912e-15 -5.024432e-02
    outer loop
      vertex   1.099653e+01 1.450000e+00 -2.764310e-01
      vertex   1.096875e+01 7.450000e+00 -8.285949e-01
      vertex   1.099653e+01 7.450000e+00 -2.764310e-01
    endloop
  endfacet
  facet normal 1.000000e+00 3.848773e-15 -0.000000e+00
    outer loop
      vertex   1.099653e+01 1.450000e+00 -2.764310e-01
      vertex   1.099653e+01 7.450000e+00 -2.764310e-01
      vertex   1.099653e+01 1.450000e+00 2.764310e-01
    endloop
  endfacet
  facet normal 1.000000e+00 3.848773e-15 3.329357e-30
    outer loop
      vertex   1.099653e+01 1.450000e+00 2.764310e-01
      vertex   1.099653e+01 7.450000e+00 -2.764310e-01
      vertex   1.099653e+01 7.450000e+00 2.764310e-01
    endloop
  endfacet
  facet normal 9.987370e-01 3.843912e-15 5.024432e-02
    outer loop
      vertex   1.099653e+01 1.450000e+00 2.764310e-01
      vertex   1.099653e+01 7.450000e+00 2.764310e-01
      vertex   1.096875e+01 1.450000e+00 8.285949e-01
    endloop
  endfacet
  facet normal 9.987370e-01 3.843912e-15 5.024432e-02
    outer loop
      vertex   1.096875e+01 1.450000e+00 8.285949e-01
      vertex   1.099653e+01 7.450000e+00 2.764310e-01
      vertex   1.096875e+01 7.450000e+00 8.285949e-01
    endloop
  endfacet
  facet normal 9.949510e-01 3.829341e-15 1.003617e-01
    outer loop
      vertex   1.096875e+01 1.450000e+00 8.285949e-01
      vertex   1.096875e+01 7.450000e+00 8.285949e-01
      vertex   1.091326e+01 1.450000e+00 1.378666e+00
    endloop
  endfacet
  facet normal 9.949510e-01 3.534776e-15 1.003617e-01
    outer loop
      vertex   1.091326e+01 1.450000e+00 1.378666e+00
      vertex   1.096875e+01 7.450000e+00 8.285949e-01
      vertex   1.091326e+01 7.450000e+00 1.378666e+00
    endloop
  endfacet
  facet normal 9.886517e-01 3.512397e-15 1.502256e-01
    outer loop
      vertex   1.091326e+01 1.450000e+00 1.378666e+00
      vertex   1.091326e+01 7.450000e+00 1.378666e+00
      vertex   1.083021e+01 1.450000e+00 1.925254e+00
    endloop
  endfacet
  facet normal 9.886517e-01 3.805096e-15 1.502256e-01
    outer loop
      vertex   1.083021e+01 1.450000e+00 1.925254e+00
      vertex   1.091326e+01 7.450000e+00 1.378666e+00
      vertex   1.083021e+01 7.450000e+00 1.925254e+00
    endloop
  endfacet
  facet normal 9.798551e-01 3.771240e-15 1.997100e-01
    outer loop
      vertex   1.083021e+01 1.450000e+00 1.925254e+00
      vertex   1.083021e+01 7.450000e+00 1.925254e+00
      vertex   1.071980e+01 1.450000e+00 2.466978e+00
    endloop
  endfacet
  facet normal 9.798551e-01 3.481144e-15 1.997100e-01
    outer loop
      vertex   1.071980e+01 1.450000e+00 2.466978e+00
      vertex   1.083021e+01 7.450000e+00 1.925254e+00
      vertex   1.071980e+01 7.450000e+00 2.466978e+00
    endloop
  endfacet
  facet normal 9.685832e-01 3.441099e-15 2.486899e-01
    outer loop
      vertex   1.071980e+01 1.450000e+00 2.466978e+00
      vertex   1.071980e+01 7.450000e+00 2.466978e+00
      vertex   1.058230e+01 1.450000e+00 3.002471e+00
    endloop
  endfacet
  facet normal 9.685832e-01 3.727857e-15 2.486899e-01
    outer loop
      vertex   1.058230e+01 1.450000e+00 3.002471e+00
      vertex   1.071980e+01 7.450000e+00 2.466978e+00
      vertex   1.058230e+01 7.450000e+00 3.002471e+00
    endloop
  endfacet
  facet normal 9.548645e-01 3.675057e-15 2.970416e-01
    outer loop
      vertex   1.058230e+01 1.450000e+00 3.002471e+00
      vertex   1.058230e+01 7.450000e+00 3.002471e+00
      vertex   1.041808e+01 1.450000e+00 3.530380e+00
    endloop
  endfacet
  facet normal 9.548645e-01 3.675057e-15 2.970416e-01
    outer loop
      vertex   1.041808e+01 1.450000e+00 3.530380e+00
      vertex   1.058230e+01 7.450000e+00 3.002471e+00
      vertex   1.041808e+01 7.450000e+00 3.530380e+00
    endloop
  endfacet
  facet normal 9.387339e-01 3.612974e-15 3.446429e-01
    outer loop
      vertex   1.041808e+01 1.450000e+00 3.530380e+00
      vertex   1.041808e+01 7.450000e+00 3.530380e+00
      vertex   1.022754e+01 1.450000e+00 4.049370e+00
    endloop
  endfacet
  facet normal 9.387339e-01 3.335053e-15 3.446429e-01
    outer loop
      vertex   1.022754e+01 1.450000e+00 4.049370e+00
      vertex   1.041808e+01 7.450000e+00 3.530380e+00
      vertex   1.022754e+01 7.450000e+00 4.049370e+00
    endloop
  endfacet
  facet normal 9.202318e-01 3.269320e-15 3.913737e-01
    outer loop
      vertex   1.022754e+01 1.450000e+00 4.049370e+00
      vertex   1.022754e+01 7.450000e+00 4.049370e+00
      vertex   1.001117e+01 1.450000e+00 4.558131e+00
    endloop
  endfacet
  facet normal 9.202318e-01 3.541764e-15 3.913737e-01
    outer loop
      vertex   1.001117e+01 1.450000e+00 4.558131e+00
      vertex   1.022754e+01 7.450000e+00 4.049370e+00
      vertex   1.001117e+01 7.450000e+00 4.558131e+00
    endloop
  endfacet
  facet normal 8.994053e-01 3.461607e-15 4.371158e-01
    outer loop
      vertex   1.001117e+01 1.450000e+00 4.558131e+00
      vertex   1.001117e+01 7.450000e+00 4.558131e+00
      vertex   9.769501e+00 1.450000e+00 5.055378e+00
    endloop
  endfacet
  facet normal 8.994053e-01 3.195329e-15 4.371158e-01
    outer loop
      vertex   9.769501e+00 1.450000e+00 5.055378e+00
      vertex   1.001117e+01 7.450000e+00 4.558131e+00
      vertex   9.769501e+00 7.450000e+00 5.055378e+00
    endloop
  endfacet
  facet normal 8.763067e-01 3.113267e-15 4.817537e-01
    outer loop
      vertex   9.769501e+00 1.450000e+00 5.055378e+00
      vertex   9.769501e+00 7.450000e+00 5.055378e+00
      vertex   9.503158e+00 1.450000e+00 5.539855e+00
    endloop
  endfacet
  facet normal 8.763067e-01 3.372706e-15 4.817537e-01
    outer loop
      vertex   9.503158e+00 1.450000e+00 5.539855e+00
      vertex   9.769501e+00 7.450000e+00 5.055378e+00
      vertex   9.503158e+00 7.450000e+00 5.539855e+00
    endloop
  endfacet
  facet normal 8.509945e-01 3.275285e-15 5.251746e-01
    outer loop
      vertex   9.503158e+00 1.450000e+00 5.539855e+00
      vertex   9.503158e+00 7.450000e+00 5.539855e+00
      vertex   9.212808e+00 1.450000e+00 6.010338e+00
    endloop
  endfacet
  facet normal 8.509945e-01 3.023340e-15 5.251746e-01
    outer loop
      vertex   9.212808e+00 1.450000e+00 6.010338e+00
      vertex   9.503158e+00 7.450000e+00 5.539855e+00
      vertex   9.212808e+00 7.450000e+00 6.010338e+00
    endloop
  endfacet
  facet normal 8.235326e-01 2.925776e-15 5.672689e-01
    outer loop
      vertex   9.212808e+00 1.450000e+00 6.010338e+00
      vertex   9.212808e+00 7.450000e+00 6.010338e+00
      vertex   8.899187e+00 1.450000e+00 6.465638e+00
    endloop
  endfacet
  facet normal 8.235326e-01 3.169590e-15 5.672689e-01
    outer loop
      vertex   8.899187e+00 1.450000e+00 6.465638e+00
      vertex   9.212808e+00 7.450000e+00 6.010338e+00
      vertex   8.899187e+00 7.450000e+00 6.465638e+00
    endloop
  endfacet
  facet normal 7.939904e-01 3.055889e-15 6.079303e-01
    outer loop
      vertex   8.899187e+00 1.450000e+00 6.465638e+00
      vertex   8.899187e+00 7.450000e+00 6.465638e+00
      vertex   8.563085e+00 1.450000e+00 6.904605e+00
    endloop
  endfacet
  facet normal 7.939904e-01 2.820821e-15 6.079303e-01
    outer loop
      vertex   8.563085e+00 1.450000e+00 6.904605e+00
      vertex   8.899187e+00 7.450000e+00 6.465638e+00
      vertex   8.563085e+00 7.450000e+00 6.904605e+00
    endloop
  endfacet
  facet normal 7.624425e-01 2.708740e-15 6.470560e-01
    outer loop
      vertex   8.563085e+00 1.450000e+00 6.904605e+00
      vertex   8.563085e+00 7.450000e+00 6.904605e+00
      vertex   8.205353e+00 1.450000e+00 7.326131e+00
    endloop
  endfacet
  facet normal 7.624425e-01 2.708740e-15 6.470560e-01
    outer loop
      vertex   8.205353e+00 1.450000e+00 7.326131e+00
      vertex   8.563085e+00 7.450000e+00 6.904605e+00
      vertex   8.205353e+00 7.450000e+00 7.326131e+00
    endloop
  endfacet
  facet normal 7.289686e-01 2.589817e-15 6.845471e-01
    outer loop
      vertex   8.205353e+00 1.450000e+00 7.326131e+00
      vertex   8.205353e+00 7.450000e+00 7.326131e+00
      vertex   7.826892e+00 1.450000e+00 7.729150e+00
    endloop
  endfacet
  facet normal 7.289686e-01 2.697726e-15 6.845471e-01
    outer loop
      vertex   7.826892e+00 1.450000e+00 7.729150e+00
      vertex   8.205353e+00 7.450000e+00 7.326131e+00
      vertex   7.826892e+00 7.450000e+00 7.729150e+00
    endloop
  endfacet
  facet normal 6.936533e-01 2.567033e-15 7.203090e-01
    outer loop
      vertex   7.826892e+00 1.450000e+00 7.729150e+00
      vertex   7.826892e+00 7.450000e+00 7.729150e+00
      vertex   7.428661e+00 1.450000e+00 8.112644e+00
    endloop
  endfacet
  facet normal 6.936533e-01 2.567033e-15 7.203090e-01
    outer loop
      vertex   7.428661e+00 1.450000e+00 8.112644e+00
      vertex   7.826892e+00 7.450000e+00 7.729150e+00
      vertex   7.428661e+00 7.450000e+00 8.112644e+00
    endloop
  endfacet
  facet normal 6.565858e-01 2.429855e-15 7.542514e-01
    outer loop
      vertex   7.428661e+00 1.450000e+00 8.112644e+00
      vertex   7.428661e+00 7.450000e+00 8.112644e+00
      vertex   7.011664e+00 1.450000e+00 8.475646e+00
    endloop
  endfacet
  facet normal 6.565858e-01 2.429855e-15 7.542514e-01
    outer loop
      vertex   7.011664e+00 1.450000e+00 8.475646e+00
      vertex   7.428661e+00 7.450000e+00 8.112644e+00
      vertex   7.011664e+00 7.450000e+00 8.475646e+00
    endloop
  endfacet
  facet normal 6.178596e-01 2.286540e-15 7.862884e-01
    outer loop
      vertex   7.011664e+00 1.450000e+00 8.475646e+00
      vertex   7.011664e+00 7.450000e+00 8.475646e+00
      vertex   6.576955e+00 1.450000e+00 8.817237e+00
    endloop
  endfacet
  facet normal 6.178596e-01 2.286540e-15 7.862884e-01
    outer loop
      vertex   6.576955e+00 1.450000e+00 8.817237e+00
      vertex   7.011664e+00 7.450000e+00 8.475646e+00
      vertex   6.576955e+00 7.450000e+00 8.817237e+00
    endloop
  endfacet
  facet normal 5.775727e-01 2.137448e-15 8.163393e-01
    outer loop
      vertex   6.576955e+00 1.450000e+00 8.817237e+00
      vertex   6.576955e+00 7.450000e+00 8.817237e+00
      vertex   6.125632e+00 1.450000e+00 9.136555e+00
    endloop
  endfacet
  facet normal 5.775727e-01 2.137448e-15 8.163393e-01
    outer loop
      vertex   6.125632e+00 1.450000e+00 9.136555e+00
      vertex   6.576955e+00 7.450000e+00 8.817237e+00
      vertex   6.125632e+00 7.450000e+00 9.136555e+00
    endloop
  endfacet
  facet normal 5.358268e-01 1.982957e-15 8.443279e-01
    outer loop
      vertex   6.125632e+00 1.450000e+00 9.136555e+00
      vertex   6.125632e+00 7.450000e+00 9.136555e+00
      vertex   5.658835e+00 1.450000e+00 9.432793e+00
    endloop
  endfacet
  facet normal 5.358268e-01 1.982957e-15 8.443279e-01
    outer loop
      vertex   5.658835e+00 1.450000e+00 9.432793e+00
      vertex   6.125632e+00 7.450000e+00 9.136555e+00
      vertex   5.658835e+00 7.450000e+00 9.432793e+00
    endloop
  endfacet
  facet normal 4.927273e-01 1.823457e-15 8.701838e-01
    outer loop
      vertex   5.658835e+00 1.450000e+00 9.432793e+00
      vertex   5.658835e+00 7.450000e+00 9.432793e+00
      vertex   5.177743e+00 1.450000e+00 9.705203e+00
    endloop
  endfacet
  facet normal 4.927273e-01 1.823457e-15 8.701838e-01
    outer loop
      vertex   5.177743e+00 1.450000e+00 9.705203e+00
      vertex   5.658835e+00 7.450000e+00 9.432793e+00
      vertex   5.177743e+00 7.450000e+00 9.705203e+00
    endloop
  endfacet
  facet normal 4.483832e-01 1.659351e-15 8.938414e-01
    outer loop
      vertex   5.177743e+00 1.450000e+00 9.705203e+00
      vertex   5.177743e+00 7.450000e+00 9.705203e+00
      vertex   4.683572e+00 1.450000e+00 9.953098e+00
    endloop
  endfacet
  facet normal 4.483832e-01 1.659351e-15 8.938414e-01
    outer loop
      vertex   4.683572e+00 1.450000e+00 9.953098e+00
      vertex   5.177743e+00 7.450000e+00 9.705203e+00
      vertex   4.683572e+00 7.450000e+00 9.953098e+00
    endloop
  endfacet
  facet normal 4.029064e-01 1.491053e-15 9.152412e-01
    outer loop
      vertex   4.683572e+00 1.450000e+00 9.953098e+00
      vertex   4.683572e+00 7.450000e+00 9.953098e+00
      vertex   4.177570e+00 1.450000e+00 1.017585e+01
    endloop
  endfacet
  facet normal 4.029064e-01 1.431411e-15 9.152412e-01
    outer loop
      vertex   4.177570e+00 1.450000e+00 1.017585e+01
      vertex   4.683572e+00 7.450000e+00 9.953098e+00
      vertex   4.177570e+00 7.450000e+00 1.017585e+01
    endloop
  endfacet
  facet normal 3.564119e-01 1.266229e-15 9.343289e-01
    outer loop
      vertex   4.177570e+00 1.450000e+00 1.017585e+01
      vertex   4.177570e+00 7.450000e+00 1.017585e+01
      vertex   3.661015e+00 1.450000e+00 1.037290e+01
    endloop
  endfacet
  facet normal 3.564119e-01 1.292609e-15 9.343289e-01
    outer loop
      vertex   3.661015e+00 1.450000e+00 1.037290e+01
      vertex   4.177570e+00 7.450000e+00 1.017585e+01
      vertex   3.661015e+00 7.450000e+00 1.037290e+01
    endloop
  endfacet
  facet normal 3.090170e-01 1.120721e-15 9.510565e-01
    outer loop
      vertex   3.661015e+00 1.450000e+00 1.037290e+01
      vertex   3.661015e+00 7.450000e+00 1.037290e+01
      vertex   3.135212e+00 1.450000e+00 1.054374e+01
    endloop
  endfacet
  facet normal 3.090170e-01 1.120721e-15 9.510565e-01
    outer loop
      vertex   3.135212e+00 1.450000e+00 1.054374e+01
      vertex   3.661015e+00 7.450000e+00 1.037290e+01
      vertex   3.135212e+00 7.450000e+00 1.054374e+01
    endloop
  endfacet
  facet normal 2.608415e-01 9.460013e-16 9.653816e-01
    outer loop
      vertex   3.135212e+00 1.450000e+00 1.054374e+01
      vertex   3.135212e+00 7.450000e+00 1.054374e+01
      vertex   2.601489e+00 1.450000e+00 1.068795e+01
    endloop
  endfacet
  facet normal 2.608415e-01 9.266952e-16 9.653816e-01
    outer loop
      vertex   2.601489e+00 1.450000e+00 1.068795e+01
      vertex   3.135212e+00 7.450000e+00 1.054374e+01
      vertex   2.601489e+00 7.450000e+00 1.068795e+01
    endloop
  endfacet
  facet normal 2.120071e-01 7.532006e-16 9.772681e-01
    outer loop
      vertex   2.601489e+00 1.450000e+00 1.068795e+01
      vertex   2.601489e+00 7.450000e+00 1.068795e+01
      vertex   2.061194e+00 1.450000e+00 1.080516e+01
    endloop
  endfacet
  facet normal 2.120071e-01 7.688922e-16 9.772681e-01
    outer loop
      vertex   2.061194e+00 1.450000e+00 1.080516e+01
      vertex   2.601489e+00 7.450000e+00 1.068795e+01
      vertex   2.061194e+00 7.450000e+00 1.080516e+01
    endloop
  endfacet
  facet normal 1.626372e-01 5.898408e-16 9.866859e-01
    outer loop
      vertex   2.061194e+00 1.450000e+00 1.080516e+01
      vertex   2.061194e+00 7.450000e+00 1.080516e+01
      vertex   1.515693e+00 1.450000e+00 1.089508e+01
    endloop
  endfacet
  facet normal 1.626372e-01 5.958596e-16 9.866859e-01
    outer loop
      vertex   1.515693e+00 1.450000e+00 1.089508e+01
      vertex   2.061194e+00 7.450000e+00 1.080516e+01
      vertex   1.515693e+00 7.450000e+00 1.089508e+01
    endloop
  endfacet
  facet normal 1.128564e-01 4.134760e-16 9.936113e-01
    outer loop
      vertex   1.515693e+00 1.450000e+00 1.089508e+01
      vertex   1.515693e+00 7.450000e+00 1.089508e+01
      vertex   9.663632e-01 1.450000e+00 1.095747e+01
    endloop
  endfacet
  facet normal 1.128564e-01 4.113877e-16 9.936113e-01
    outer loop
      vertex   9.663632e-01 1.450000e+00 1.095747e+01
      vertex   1.515693e+00 7.450000e+00 1.089508e+01
      vertex   9.663632e-01 7.450000e+00 1.095747e+01
    endloop
  endfacet
  facet normal 6.279052e-02 2.288860e-16 9.980267e-01
    outer loop
      vertex   9.663632e-01 1.450000e+00 1.095747e+01
      vertex   9.663632e-01 7.450000e+00 1.095747e+01
      vertex   4.145920e-01 1.450000e+00 1.099218e+01
    endloop
  endfacet
  facet normal 6.279052e-02 2.294670e-16 9.980267e-01
    outer loop
      vertex   4.145920e-01 1.450000e+00 1.099218e+01
      vertex   9.663632e-01 7.450000e+00 1.095747e+01
      vertex   4.145920e-01 7.450000e+00 1.099218e+01
    endloop
  endfacet
  facet normal 1.256604e-02 4.592239e-17 9.999210e-01
    outer loop
      vertex   4.145920e-01 1.450000e+00 1.099218e+01
      vertex   4.145920e-01 7.450000e+00 1.099218e+01
      vertex   -1.382264e-01 1.450000e+00 1.099913e+01
    endloop
  endfacet
  facet normal 1.256604e-02 4.586426e-17 9.999210e-01
    outer loop
      vertex   -1.382264e-01 1.450000e+00 1.099913e+01
      vertex   4.145920e-01 7.450000e+00 1.099218e+01
      vertex   -1.382264e-01 7.450000e+00 1.099913e+01
    endloop
  endfacet
  facet normal -3.769018e-02 -1.375638e-16 9.992895e-01
    outer loop
      vertex   -1.382264e-01 1.450000e+00 1.099913e+01
      vertex   -1.382264e-01 7.450000e+00 1.099913e+01
      vertex   -6.906957e-01 1.450000e+00 1.097829e+01
    endloop
  endfacet
  facet normal -3.769018e-02 -1.380869e-16 9.992895e-01
    outer loop
      vertex   -6.906957e-01 1.450000e+00 1.097829e+01
      vertex   -1.382264e-01 7.450000e+00 1.099913e+01
      vertex   -6.906957e-01 7.450000e+00 1.097829e+01
    endloop
  endfacet
  facet normal -8.785120e-02 -3.218636e-16 9.961336e-01
    outer loop
      vertex   -6.906957e-01 1.450000e+00 1.097829e+01
      vertex   -6.906957e-01 7.450000e+00 1.097829e+01
      vertex   -1.241420e+00 1.450000e+00 1.092972e+01
    endloop
  endfacet
  facet normal -8.785120e-02 -3.218636e-16 9.961336e-01
    outer loop
      vertex   -1.241420e+00 1.450000e+00 1.092972e+01
      vertex   -6.906957e-01 7.450000e+00 1.097829e+01
      vertex   -1.241420e+00 7.450000e+00 1.092972e+01
    endloop
  endfacet
  facet normal -1.377903e-01 -5.048272e-16 9.904614e-01
    outer loop
      vertex   -1.241420e+00 1.450000e+00 1.092972e+01
      vertex   -1.241420e+00 7.450000e+00 1.092972e+01
      vertex   -1.789009e+00 1.450000e+00 1.085355e+01
    endloop
  endfacet
  facet normal -1.377903e-01 -5.048272e-16 9.904614e-01
    outer loop
      vertex   -1.789009e+00 1.450000e+00 1.085355e+01
      vertex   -1.241420e+00 7.450000e+00 1.092972e+01
      vertex   -1.789009e+00 7.450000e+00 1.085355e+01
    endloop
  endfacet
  facet normal -1.873813e-01 -6.865157e-16 9.822873e-01
    outer loop
      vertex   -1.789009e+00 1.450000e+00 1.085355e+01
      vertex   -1.789009e+00 7.450000e+00 1.085355e+01
      vertex   -2.332078e+00 1.450000e+00 1.074995e+01
    endloop
  endfacet
  facet normal -1.873813e-01 -6.934502e-16 9.822873e-01
    outer loop
      vertex   -2.332078e+00 1.450000e+00 1.074995e+01
      vertex   -1.789009e+00 7.450000e+00 1.085355e+01
      vertex   -2.332078e+00 7.450000e+00 1.074995e+01
    endloop
  endfacet
  facet normal -2.364990e-01 -8.752221e-16 9.716317e-01
    outer loop
      vertex   -2.332078e+00 1.450000e+00 1.074995e+01
      vertex   -2.332078e+00 7.450000e+00 1.074995e+01
      vertex   -2.869257e+00 1.450000e+00 1.061920e+01
    endloop
  endfacet
  facet normal -2.364990e-01 -8.577177e-16 9.716317e-01
    outer loop
      vertex   -2.869257e+00 1.450000e+00 1.061920e+01
      vertex   -2.332078e+00 7.450000e+00 1.074995e+01
      vertex   -2.869257e+00 7.450000e+00 1.061920e+01
    endloop
  endfacet
  facet normal -2.850193e-01 -1.033687e-15 9.585218e-01
    outer loop
      vertex   -2.869257e+00 1.450000e+00 1.061920e+01
      vertex   -2.869257e+00 7.450000e+00 1.061920e+01
      vertex   -3.399187e+00 1.450000e+00 1.046162e+01
    endloop
  endfacet
  facet normal -2.850193e-01 -1.033687e-15 9.585218e-01
    outer loop
      vertex   -3.399187e+00 1.450000e+00 1.046162e+01
      vertex   -2.869257e+00 7.450000e+00 1.061920e+01
      vertex   -3.399187e+00 7.450000e+00 1.046162e+01
    endloop
  endfacet
  facet normal -3.328195e-01 -1.207046e-15 9.429905e-01
    outer loop
      vertex   -3.399187e+00 1.450000e+00 1.046162e+01
      vertex   -3.399187e+00 7.450000e+00 1.046162e+01
      vertex   -3.920531e+00 1.450000e+00 1.027762e+01
    endloop
  endfacet
  facet normal -3.328195e-01 -1.207046e-15 9.429905e-01
    outer loop
      vertex   -3.920531e+00 1.450000e+00 1.027762e+01
      vertex   -3.399187e+00 7.450000e+00 1.046162e+01
      vertex   -3.920531e+00 7.450000e+00 1.027762e+01
    endloop
  endfacet
  facet normal -3.797791e-01 -1.377356e-15 9.250772e-01
    outer loop
      vertex   -3.920531e+00 1.450000e+00 1.027762e+01
      vertex   -3.920531e+00 7.450000e+00 1.027762e+01
      vertex   -4.431971e+00 1.450000e+00 1.006765e+01
    endloop
  endfacet
  facet normal -3.797791e-01 -1.349246e-15 9.250772e-01
    outer loop
      vertex   -4.431971e+00 1.450000e+00 1.006765e+01
      vertex   -3.920531e+00 7.450000e+00 1.027762e+01
      vertex   -4.431971e+00 7.450000e+00 1.006765e+01
    endloop
  endfacet
  facet normal -4.257793e-01 -1.512672e-15 9.048271e-01
    outer loop
      vertex   -4.431971e+00 1.450000e+00 1.006765e+01
      vertex   -4.431971e+00 7.450000e+00 1.006765e+01
      vertex   -4.932215e+00 1.450000e+00 9.832256e+00
    endloop
  endfacet
  facet normal -4.257793e-01 -1.512672e-15 9.048271e-01
    outer loop
      vertex   -4.932215e+00 1.450000e+00 9.832256e+00
      vertex   -4.431971e+00 7.450000e+00 1.006765e+01
      vertex   -4.932215e+00 7.450000e+00 9.832256e+00
    endloop
  endfacet
  facet normal -4.707039e-01 -1.672276e-15 8.822912e-01
    outer loop
      vertex   -4.932215e+00 1.450000e+00 9.832256e+00
      vertex   -4.932215e+00 7.450000e+00 9.832256e+00
      vertex   -5.420001e+00 1.450000e+00 9.572021e+00
    endloop
  endfacet
  facet normal -4.707039e-01 -1.741954e-15 8.822912e-01
    outer loop
      vertex   -5.420001e+00 1.450000e+00 9.572021e+00
      vertex   -4.932215e+00 7.450000e+00 9.832256e+00
      vertex   -5.420001e+00 7.450000e+00 9.572021e+00
    endloop
  endfacet
  facet normal -5.144395e-01 -1.903809e-15 8.575267e-01
    outer loop
      vertex   -5.420001e+00 1.450000e+00 9.572021e+00
      vertex   -5.420001e+00 7.450000e+00 9.572021e+00
      vertex   -5.894095e+00 1.450000e+00 9.287607e+00
    endloop
  endfacet
  facet normal -5.144395e-01 -1.903809e-15 8.575267e-01
    outer loop
      vertex   -5.894095e+00 1.450000e+00 9.287607e+00
      vertex   -5.420001e+00 7.450000e+00 9.572021e+00
      vertex   -5.894095e+00 7.450000e+00 9.287607e+00
    endloop
  endfacet
  facet normal -5.568756e-01 -2.060854e-15 8.305959e-01
    outer loop
      vertex   -5.894095e+00 1.450000e+00 9.287607e+00
      vertex   -5.894095e+00 7.450000e+00 9.287607e+00
      vertex   -6.353300e+00 1.450000e+00 8.979732e+00
    endloop
  endfacet
  facet normal -5.568756e-01 -2.060854e-15 8.305959e-01
    outer loop
      vertex   -6.353300e+00 1.450000e+00 8.979732e+00
      vertex   -5.894095e+00 7.450000e+00 9.287607e+00
      vertex   -6.353300e+00 7.450000e+00 8.979732e+00
    endloop
  endfacet
  facet normal -5.979050e-01 -2.212693e-15 8.015670e-01
    outer loop
      vertex   -6.353300e+00 1.450000e+00 8.979732e+00
      vertex   -6.353300e+00 7.450000e+00 8.979732e+00
      vertex   -6.796456e+00 1.450000e+00 8.649173e+00
    endloop
  endfacet
  facet normal -5.979050e-01 -2.212693e-15 8.015670e-01
    outer loop
      vertex   -6.796456e+00 1.450000e+00 8.649173e+00
      vertex   -6.353300e+00 7.450000e+00 8.979732e+00
      vertex   -6.796456e+00 7.450000e+00 8.649173e+00
    endloop
  endfacet
  facet normal -6.374240e-01 -2.358943e-15 7.705132e-01
    outer loop
      vertex   -6.796456e+00 1.450000e+00 8.649173e+00
      vertex   -6.796456e+00 7.450000e+00 8.649173e+00
      vertex   -7.222443e+00 1.450000e+00 8.296765e+00
    endloop
  endfacet
  facet normal -6.374240e-01 -2.358943e-15 7.705132e-01
    outer loop
      vertex   -7.222443e+00 1.450000e+00 8.296765e+00
      vertex   -6.796456e+00 7.450000e+00 8.649173e+00
      vertex   -7.222443e+00 7.450000e+00 8.296765e+00
    endloop
  endfacet
  facet normal -6.753328e-01 -2.499233e-15 7.375131e-01
    outer loop
      vertex   -7.222443e+00 1.450000e+00 8.296765e+00
      vertex   -7.222443e+00 7.450000e+00 8.296765e+00
      vertex   -7.630186e+00 1.450000e+00 7.923399e+00
    endloop
  endfacet
  facet normal -6.753328e-01 -2.499233e-15 7.375131e-01
    outer loop
      vertex   -7.630186e+00 1.450000e+00 7.923399e+00
      vertex   -7.222443e+00 7.450000e+00 8.296765e+00
      vertex   -7.630186e+00 7.450000e+00 7.923399e+00
    endloop
  endfacet
  facet normal -7.115357e-01 -2.633211e-15 7.026500e-01
    outer loop
      vertex   -7.630186e+00 1.450000e+00 7.923399e+00
      vertex   -7.630186e+00 7.450000e+00 7.923399e+00
      vertex   -8.018655e+00 1.450000e+00 7.530018e+00
    endloop
  endfacet
  facet normal -7.115357e-01 -2.738539e-15 7.026500e-01
    outer loop
      vertex   -8.018655e+00 1.450000e+00 7.530018e+00
      vertex   -7.630186e+00 7.450000e+00 7.923399e+00
      vertex   -8.018655e+00 7.450000e+00 7.530018e+00
    endloop
  endfacet
  facet normal -7.459411e-01 -2.870958e-15 6.660119e-01
    outer loop
      vertex   -8.018655e+00 1.450000e+00 7.530018e+00
      vertex   -8.018655e+00 7.450000e+00 7.530018e+00
      vertex   -8.386868e+00 1.450000e+00 7.117616e+00
    endloop
  endfacet
  facet normal -7.459411e-01 -2.870958e-15 6.660119e-01
    outer loop
      vertex   -8.386868e+00 1.450000e+00 7.117616e+00
      vertex   -8.018655e+00 7.450000e+00 7.530018e+00
      vertex   -8.386868e+00 7.450000e+00 7.117616e+00
    endloop
  endfacet
  facet normal -7.784623e-01 -2.996125e-15 6.276914e-01
    outer loop
      vertex   -8.386868e+00 1.450000e+00 7.117616e+00
      vertex   -8.386868e+00 7.450000e+00 7.117616e+00
      vertex   -8.733894e+00 1.450000e+00 6.687233e+00
    endloop
  endfacet
  facet normal -7.784623e-01 -2.765654e-15 6.276914e-01
    outer loop
      vertex   -8.733894e+00 1.450000e+00 6.687233e+00
      vertex   -8.386868e+00 7.450000e+00 7.117616e+00
      vertex   -8.733894e+00 7.450000e+00 6.687233e+00
    endloop
  endfacet
  facet normal -8.090170e-01 -2.874206e-15 5.877853e-01
    outer loop
      vertex   -8.733894e+00 1.450000e+00 6.687233e+00
      vertex   -8.733894e+00 7.450000e+00 6.687233e+00
      vertex   -9.058859e+00 1.450000e+00 6.239958e+00
    endloop
  endfacet
  facet normal -8.090170e-01 -2.874206e-15 5.877853e-01
    outer loop
      vertex   -9.058859e+00 1.450000e+00 6.239958e+00
      vertex   -8.733894e+00 7.450000e+00 6.687233e+00
      vertex   -9.058859e+00 7.450000e+00 6.239958e+00
    endloop
  endfacet
  facet normal -8.375280e-01 -2.975497e-15 5.463943e-01
    outer loop
      vertex   -9.058859e+00 1.450000e+00 6.239958e+00
      vertex   -9.058859e+00 7.450000e+00 6.239958e+00
      vertex   -9.360939e+00 1.450000e+00 5.776921e+00
    endloop
  endfacet
  facet normal -8.375280e-01 -2.975497e-15 5.463943e-01
    outer loop
      vertex   -9.360939e+00 1.450000e+00 5.776921e+00
      vertex   -9.058859e+00 7.450000e+00 6.239958e+00
      vertex   -9.360939e+00 7.450000e+00 5.776921e+00
    endloop
  endfacet
  facet normal -8.639234e-01 -3.069273e-15 5.036232e-01
    outer loop
      vertex   -9.360939e+00 1.450000e+00 5.776921e+00
      vertex   -9.360939e+00 7.450000e+00 5.776921e+00
      vertex   -9.639373e+00 1.450000e+00 5.299290e+00
    endloop
  endfacet
  facet normal -8.639234e-01 -3.069273e-15 5.036232e-01
    outer loop
      vertex   -9.639373e+00 1.450000e+00 5.299290e+00
      vertex   -9.360939e+00 7.450000e+00 5.776921e+00
      vertex   -9.639373e+00 7.450000e+00 5.299290e+00
    endloop
  endfacet
  facet normal -8.881364e-01 -3.155295e-15 4.595799e-01
    outer loop
      vertex   -9.639373e+00 1.450000e+00 5.299290e+00
      vertex   -9.639373e+00 7.450000e+00 5.299290e+00
      vertex   -9.893458e+00 1.450000e+00 4.808273e+00
    endloop
  endfacet
  facet normal -8.881364e-01 -3.155295e-15 4.595799e-01
    outer loop
      vertex   -9.893458e+00 1.450000e+00 4.808273e+00
      vertex   -9.639373e+00 7.450000e+00 5.299290e+00
      vertex   -9.893458e+00 7.450000e+00 4.808273e+00
    endloop
  endfacet
  facet normal -9.101060e-01 -3.233346e-15 4.143756e-01
    outer loop
      vertex   -9.893458e+00 1.450000e+00 4.808273e+00
      vertex   -9.893458e+00 7.450000e+00 4.808273e+00
      vertex   -1.012255e+01 1.450000e+00 4.305110e+00
    endloop
  endfacet
  facet normal -9.101060e-01 -3.502791e-15 4.143756e-01
    outer loop
      vertex   -1.012255e+01 1.450000e+00 4.305110e+00
      vertex   -9.893458e+00 7.450000e+00 4.808273e+00
      vertex   -1.012255e+01 7.450000e+00 4.305110e+00
    endloop
  endfacet
  facet normal -9.297765e-01 -3.578499e-15 3.681246e-01
    outer loop
      vertex   -1.012255e+01 1.450000e+00 4.305110e+00
      vertex   -1.012255e+01 7.450000e+00 4.305110e+00
      vertex   -1.032607e+01 1.450000e+00 3.791072e+00
    endloop
  endfacet
  facet normal -9.297765e-01 -3.303230e-15 3.681246e-01
    outer loop
      vertex   -1.032607e+01 1.450000e+00 3.791072e+00
      vertex   -1.012255e+01 7.450000e+00 4.305110e+00
      vertex   -1.032607e+01 7.450000e+00 3.791072e+00
    endloop
  endfacet
  facet normal -9.470983e-01 -3.364769e-15 3.209436e-01
    outer loop
      vertex   -1.032607e+01 1.450000e+00 3.791072e+00
      vertex   -1.032607e+01 7.450000e+00 3.791072e+00
      vertex   -1.050351e+01 1.450000e+00 3.267457e+00
    endloop
  endfacet
  facet normal -9.470983e-01 -3.645167e-15 3.209436e-01
    outer loop
      vertex   -1.050351e+01 1.450000e+00 3.267457e+00
      vertex   -1.032607e+01 7.450000e+00 3.791072e+00
      vertex   -1.050351e+01 7.450000e+00 3.267457e+00
    endloop
  endfacet
  facet normal -9.620277e-01 -3.702626e-15 2.729519e-01
    outer loop
      vertex   -1.050351e+01 1.450000e+00 3.267457e+00
      vertex   -1.050351e+01 7.450000e+00 3.267457e+00
      vertex   -1.065441e+01 1.450000e+00 2.735589e+00
    endloop
  endfacet
  facet normal -9.620277e-01 -3.702626e-15 2.729519e-01
    outer loop
      vertex   -1.065441e+01 1.450000e+00 2.735589e+00
      vertex   -1.050351e+01 7.450000e+00 3.267457e+00
      vertex   -1.065441e+01 7.450000e+00 2.735589e+00
    endloop
  endfacet
  facet normal -9.745269e-01 -3.750733e-15 2.242708e-01
    outer loop
      vertex   -1.065441e+01 1.450000e+00 2.735589e+00
      vertex   -1.065441e+01 7.450000e+00 2.735589e+00
      vertex   -1.077841e+01 1.450000e+00 2.196810e+00
    endloop
  endfacet
  facet normal -9.745269e-01 -3.750733e-15 2.242708e-01
    outer loop
      vertex   -1.077841e+01 1.450000e+00 2.196810e+00
      vertex   -1.065441e+01 7.450000e+00 2.735589e+00
      vertex   -1.077841e+01 7.450000e+00 2.196810e+00
    endloop
  endfacet
  facet normal -9.845643e-01 -3.789365e-15 1.750231e-01
    outer loop
      vertex   -1.077841e+01 1.450000e+00 2.196810e+00
      vertex   -1.077841e+01 7.450000e+00 2.196810e+00
      vertex   -1.087517e+01 1.450000e+00 1.652481e+00
    endloop
  endfacet
  facet normal -9.845643e-01 -3.497875e-15 1.750231e-01
    outer loop
      vertex   -1.087517e+01 1.450000e+00 1.652481e+00
      vertex   -1.077841e+01 7.450000e+00 2.196810e+00
      vertex   -1.087517e+01 7.450000e+00 1.652481e+00
    endloop
  endfacet
  facet normal -9.921147e-01 -3.524699e-15 1.253332e-01
    outer loop
      vertex   -1.087517e+01 1.450000e+00 1.652481e+00
      vertex   -1.087517e+01 7.450000e+00 1.652481e+00
      vertex   -1.094446e+01 1.450000e+00 1.103979e+00
    endloop
  endfacet
  facet normal -9.921147e-01 -3.818424e-15 1.253332e-01
    outer loop
      vertex   -1.094446e+01 1.450000e+00 1.103979e+00
      vertex   -1.087517e+01 7.450000e+00 1.652481e+00
      vertex   -1.094446e+01 7.450000e+00 1.103979e+00
    endloop
  endfacet
  facet normal -9.971589e-01 -3.837838e-15 7.532681e-02
    outer loop
      vertex   -1.094446e+01 1.450000e+00 1.103979e+00
      vertex   -1.094446e+01 7.450000e+00 1.103979e+00
      vertex   -1.098611e+01 1.450000e+00 5.526875e-01
    endloop
  endfacet
  facet normal -9.971589e-01 -3.837838e-15 7.532681e-02
    outer loop
      vertex   -1.098611e+01 1.450000e+00 5.526875e-01
      vertex   -1.094446e+01 7.450000e+00 1.103979e+00
      vertex   -1.098611e+01 7.450000e+00 5.526875e-01
    endloop
  endfacet
  facet normal 2.662669e-15 -1.000000e+00 -7.031064e-17
    outer loop
      vertex   -9.986064e+00 1.450000e+00 5.277535e-01
      vertex   -1.098611e+01 1.450000e+00 5.526875e-01
      vertex   -1.000000e+01 1.450000e+00 -1.224647e-15
    endloop
  endfacet
  facet normal 2.664535e-15 -1.000000e+00 -6.698118e-17
    outer loop
      vertex   -1.000000e+01 1.450000e+00 -1.224647e-15
      vertex   -1.098611e+01 1.450000e+00 5.526875e-01
      vertex   -1.100000e+01 1.450000e+00 -1.347111e-15
    endloop
  endfacet
  facet normal 2.664535e-15 -1.000000e+00 6.698118e-17
    outer loop
      vertex   -1.000000e+01 1.450000e+00 -1.224647e-15
      vertex   -1.100000e+01 1.450000e+00 -1.347111e-15
      vertex   -1.098611e+01 1.450000e+00 -5.526875e-01
    endloop
  endfacet
  facet normal 2.659413e-15 -1.000000e+00 -2.008959e-16
    outer loop
      vertex   -1.098611e+01 1.450000e+00 5.526875e-01
      vertex   -9.986064e+00 1.450000e+00 5.277535e-01
      vertex   -1.094446e+01 1.450000e+00 1.103979e+00
    endloop
  endfacet
  facet normal 2.653577e-15 -1.000000e+00 -2.106033e-16
    outer loop
      vertex   -1.094446e+01 1.450000e+00 1.103979e+00
      vertex   -9.986064e+00 1.450000e+00 5.277535e-01
      vertex   -9.944295e+00 1.450000e+00 1.054036e+00
    endloop
  endfacet
  facet normal 2.647393e-15 -1.000000e+00 -3.344435e-16
    outer loop
      vertex   -1.094446e+01 1.450000e+00 1.103979e+00
      vertex   -9.944295e+00 1.450000e+00 1.054036e+00
      vertex   -1.087517e+01 1.450000e+00 1.652481e+00
    endloop
  endfacet
  facet normal 4.647788e-15 -1.000000e+00 2.777144e-15
    outer loop
      vertex   -1.087517e+01 1.450000e+00 1.652481e+00
      vertex   -9.944295e+00 1.450000e+00 1.054036e+00
      vertex   -9.874810e+00 1.450000e+00 1.577381e+00
    endloop
  endfacet
  facet normal 4.501716e-15 -1.000000e+00 8.314395e-16
    outer loop
      vertex   -1.087517e+01 1.450000e+00 1.652481e+00
      vertex   -9.874810e+00 1.450000e+00 1.577381e+00
      vertex   -1.077841e+01 1.450000e+00 2.196810e+00
    endloop
  endfacet
  facet normal 3.485147e-15 -1.000000e+00 -6.514869e-16
    outer loop
      vertex   -1.077841e+01 1.450000e+00 2.196810e+00
      vertex   -9.874810e+00 1.450000e+00 1.577381e+00
      vertex   -9.777802e+00 1.450000e+00 2.096329e+00
    endloop
  endfacet
  facet normal 3.470369e-15 -1.000000e+00 -7.986464e-16
    outer loop
      vertex   -1.077841e+01 1.450000e+00 2.196810e+00
      vertex   -9.777802e+00 1.450000e+00 2.096329e+00
      vertex   -1.065441e+01 1.450000e+00 2.735589e+00
    endloop
  endfacet
  facet normal 3.444471e-15 -1.000000e+00 -8.341608e-16
    outer loop
      vertex   -1.065441e+01 1.450000e+00 2.735589e+00
      vertex   -9.777802e+00 1.450000e+00 2.096329e+00
      vertex   -9.653541e+00 1.450000e+00 2.609434e+00
    endloop
  endfacet
  facet normal 3.427054e-15 -1.000000e+00 -9.723430e-16
    outer loop
      vertex   -1.065441e+01 1.450000e+00 2.735589e+00
      vertex   -9.653541e+00 1.450000e+00 2.609434e+00
      vertex   -1.050351e+01 1.450000e+00 3.267457e+00
    endloop
  endfacet
  facet normal 4.498413e-15 -1.000000e+00 4.115340e-16
    outer loop
      vertex   -1.050351e+01 1.450000e+00 3.267457e+00
      vertex   -9.653541e+00 1.450000e+00 2.609434e+00
      vertex   -9.502374e+00 1.450000e+00 3.115267e+00
    endloop
  endfacet
  facet normal 4.463764e-15 -1.000000e+00 1.836063e-16
    outer loop
      vertex   -1.050351e+01 1.450000e+00 3.267457e+00
      vertex   -9.502374e+00 1.450000e+00 3.115267e+00
      vertex   -1.032607e+01 1.450000e+00 3.791072e+00
    endloop
  endfacet
  facet normal 3.335283e-15 -1.000000e+00 -1.191832e-15
    outer loop
      vertex   -1.032607e+01 1.450000e+00 3.791072e+00
      vertex   -9.502374e+00 1.450000e+00 3.115267e+00
      vertex   -9.324722e+00 1.450000e+00 3.612417e+00
    endloop
  endfacet
  facet normal 3.601770e-15 -1.000000e+00 3.018037e-16
    outer loop
      vertex   -1.032607e+01 1.450000e+00 3.791072e+00
      vertex   -9.324722e+00 1.450000e+00 3.612417e+00
      vertex   -1.012255e+01 1.450000e+00 4.305110e+00
    endloop
  endfacet
  facet normal 3.611848e-15 -1.000000e+00 3.134113e-16
    outer loop
      vertex   -1.012255e+01 1.450000e+00 4.305110e+00
      vertex   -9.324722e+00 1.450000e+00 3.612417e+00
      vertex   -9.121081e+00 1.450000e+00 4.099498e+00
    endloop
  endfacet
  facet normal 3.244233e-15 -1.000000e+00 -1.477115e-15
    outer loop
      vertex   -1.012255e+01 1.450000e+00 4.305110e+00
      vertex   -9.121081e+00 1.450000e+00 4.099498e+00
      vertex   -9.893458e+00 1.450000e+00 4.808273e+00
    endloop
  endfacet
  facet normal 4.378351e-15 -1.000000e+00 -2.412288e-16
    outer loop
      vertex   -9.893458e+00 1.450000e+00 4.808273e+00
      vertex   -9.121081e+00 1.450000e+00 4.099498e+00
      vertex   -8.892017e+00 1.450000e+00 4.575153e+00
    endloop
  endfacet
  facet normal 4.709371e-15 -1.000000e+00 1.180773e-15
    outer loop
      vertex   -9.893458e+00 1.450000e+00 4.808273e+00
      vertex   -8.892017e+00 1.450000e+00 4.575153e+00
      vertex   -9.639373e+00 1.450000e+00 5.299290e+00
    endloop
  endfacet
  facet normal 4.756273e-15 -1.000000e+00 1.229178e-15
    outer loop
      vertex   -9.639373e+00 1.450000e+00 5.299290e+00
      vertex   -8.892017e+00 1.450000e+00 4.575153e+00
      vertex   -8.638170e+00 1.450000e+00 5.038057e+00
    endloop
  endfacet
  facet normal 4.271102e-15 -1.000000e+00 -6.302830e-16
    outer loop
      vertex   -9.639373e+00 1.450000e+00 5.299290e+00
      vertex   -8.638170e+00 1.450000e+00 5.038057e+00
      vertex   -9.360939e+00 1.450000e+00 5.776921e+00
    endloop
  endfacet
  facet normal 4.248856e-15 -1.000000e+00 -6.520442e-16
    outer loop
      vertex   -9.360939e+00 1.450000e+00 5.776921e+00
      vertex   -8.638170e+00 1.450000e+00 5.038057e+00
      vertex   -8.360247e+00 1.450000e+00 5.486918e+00
    endloop
  endfacet
  facet normal 4.199695e-15 -1.000000e+00 -8.216799e-16
    outer loop
      vertex   -9.360939e+00 1.450000e+00 5.776921e+00
      vertex   -8.360247e+00 1.450000e+00 5.486918e+00
      vertex   -9.058859e+00 1.450000e+00 6.239958e+00
    endloop
  endfacet
  facet normal 4.170384e-15 -1.000000e+00 -8.488728e-16
    outer loop
      vertex   -9.058859e+00 1.450000e+00 6.239958e+00
      vertex   -8.360247e+00 1.450000e+00 5.486918e+00
      vertex   -8.059022e+00 1.450000e+00 5.920486e+00
    endloop
  endfacet
  facet normal 4.119730e-15 -1.000000e+00 -1.007403e-15
    outer loop
      vertex   -9.058859e+00 1.450000e+00 6.239958e+00
      vertex   -8.059022e+00 1.450000e+00 5.920486e+00
      vertex   -8.733894e+00 1.450000e+00 6.687233e+00
    endloop
  endfacet
  facet normal 4.083294e-15 -1.000000e+00 -1.039473e-15
    outer loop
      vertex   -8.733894e+00 1.450000e+00 6.687233e+00
      vertex   -8.059022e+00 1.450000e+00 5.920486e+00
      vertex   -7.735336e+00 1.450000e+00 6.337553e+00
    endloop
  endfacet
  facet normal 4.595156e-15 -1.000000e+00 4.222172e-16
    outer loop
      vertex   -8.733894e+00 1.450000e+00 6.687233e+00
      vertex   -7.735336e+00 1.450000e+00 6.337553e+00
      vertex   -8.386868e+00 1.450000e+00 7.117616e+00
    endloop
  endfacet
  facet normal 4.626475e-15 -1.000000e+00 4.483760e-16
    outer loop
      vertex   -8.386868e+00 1.450000e+00 7.117616e+00
      vertex   -7.735336e+00 1.450000e+00 6.337553e+00
      vertex   -7.390089e+00 1.450000e+00 6.736956e+00
    endloop
  endfacet
  facet normal 4.549077e-15 -1.000000e+00 2.457040e-16
    outer loop
      vertex   -8.386868e+00 1.450000e+00 7.117616e+00
      vertex   -7.390089e+00 1.450000e+00 6.736956e+00
      vertex   -8.018655e+00 1.450000e+00 7.530018e+00
    endloop
  endfacet
  facet normal 3.246353e-15 -1.000000e+00 -7.868100e-16
    outer loop
      vertex   -8.018655e+00 1.450000e+00 7.530018e+00
      vertex   -7.390089e+00 1.450000e+00 6.736956e+00
      vertex   -7.024245e+00 1.450000e+00 7.117582e+00
    endloop
  endfacet
  facet normal 3.198923e-15 -1.000000e+00 -9.011679e-16
    outer loop
      vertex   -8.018655e+00 1.450000e+00 7.530018e+00
      vertex   -7.024245e+00 1.450000e+00 7.117582e+00
      vertex   -7.630186e+00 1.450000e+00 7.923399e+00
    endloop
  endfacet
  facet normal 3.169038e-15 -1.000000e+00 -9.236396e-16
    outer loop
      vertex   -7.630186e+00 1.450000e+00 7.923399e+00
      vertex   -7.024245e+00 1.450000e+00 7.117582e+00
      vertex   -6.638823e+00 1.450000e+00 7.478370e+00
    endloop
  endfacet
  facet normal 3.837922e-15 -1.000000e+00 5.663903e-16
    outer loop
      vertex   -7.630186e+00 1.450000e+00 7.923399e+00
      vertex   -6.638823e+00 1.450000e+00 7.478370e+00
      vertex   -7.222443e+00 1.450000e+00 8.296765e+00
    endloop
  endfacet
  facet normal 5.264024e-15 -1.000000e+00 1.583383e-15
    outer loop
      vertex   -7.222443e+00 1.450000e+00 8.296765e+00
      vertex   -6.638823e+00 1.450000e+00 7.478370e+00
      vertex   -6.234898e+00 1.450000e+00 7.818315e+00
    endloop
  endfacet
  facet normal 4.376153e-15 -1.000000e+00 -2.492279e-16
    outer loop
      vertex   -7.222443e+00 1.450000e+00 8.296765e+00
      vertex   -6.234898e+00 1.450000e+00 7.818315e+00
      vertex   -6.796456e+00 1.450000e+00 8.649173e+00
    endloop
  endfacet
  facet normal 2.999182e-15 -1.000000e+00 -1.179891e-15
    outer loop
      vertex   -6.796456e+00 1.450000e+00 8.649173e+00
      vertex   -6.234898e+00 1.450000e+00 7.818315e+00
      vertex   -5.813595e+00 1.450000e+00 8.136468e+00
    endloop
  endfacet
  facet normal 2.951911e-15 -1.000000e+00 -1.270510e-15
    outer loop
      vertex   -6.796456e+00 1.450000e+00 8.649173e+00
      vertex   -5.813595e+00 1.450000e+00 8.136468e+00
      vertex   -6.353300e+00 1.450000e+00 8.979732e+00
    endloop
  endfacet
  facet normal 2.907390e-15 -1.000000e+00 -1.299004e-15
    outer loop
      vertex   -6.353300e+00 1.450000e+00 8.979732e+00
      vertex   -5.813595e+00 1.450000e+00 8.136468e+00
      vertex   -5.376088e+00 1.450000e+00 8.431944e+00
    endloop
  endfacet
  facet normal 4.622310e-15 -1.000000e+00 1.760282e-15
    outer loop
      vertex   -6.353300e+00 1.450000e+00 8.979732e+00
      vertex   -5.376088e+00 1.450000e+00 8.431944e+00
      vertex   -5.894095e+00 1.450000e+00 9.287607e+00
    endloop
  endfacet
  facet normal 4.775000e-15 -1.000000e+00 1.852718e-15
    outer loop
      vertex   -5.894095e+00 1.450000e+00 9.287607e+00
      vertex   -5.376088e+00 1.450000e+00 8.431944e+00
      vertex   -4.923597e+00 1.450000e+00 8.703918e+00
    endloop
  endfacet
  facet normal 2.765936e-15 -1.000000e+00 -1.487744e-15
    outer loop
      vertex   -5.894095e+00 1.450000e+00 9.287607e+00
      vertex   -4.923597e+00 1.450000e+00 8.703918e+00
      vertex   -5.420001e+00 1.450000e+00 9.572021e+00
    endloop
  endfacet
  facet normal 5.440347e-15 -1.000000e+00 4.155244e-17
    outer loop
      vertex   -5.420001e+00 1.450000e+00 9.572021e+00
      vertex   -4.923597e+00 1.450000e+00 8.703918e+00
      vertex   -4.932215e+00 1.450000e+00 9.832256e+00
    endloop
  endfacet
  facet normal 1.897388e-15 -1.000000e+00 1.449193e-17
    outer loop
      vertex   -4.932215e+00 1.450000e+00 9.832256e+00
      vertex   -4.923597e+00 1.450000e+00 8.703918e+00
      vertex   -4.457384e+00 1.450000e+00 8.951633e+00
    endloop
  endfacet
  facet normal 1.794719e-15 -1.000000e+00 -4.086734e-17
    outer loop
      vertex   -4.932215e+00 1.450000e+00 9.832256e+00
      vertex   -4.457384e+00 1.450000e+00 8.951633e+00
      vertex   -4.431971e+00 1.450000e+00 1.006765e+01
    endloop
  endfacet
  facet normal 3.751033e-15 -1.000000e+00 -8.541434e-17
    outer loop
      vertex   -4.431971e+00 1.450000e+00 1.006765e+01
      vertex   -4.457384e+00 1.450000e+00 8.951633e+00
      vertex   -3.978746e+00 1.450000e+00 9.174398e+00
    endloop
  endfacet
  facet normal 3.550154e-15 -1.000000e+00 -1.873373e-16
    outer loop
      vertex   -4.431971e+00 1.450000e+00 1.006765e+01
      vertex   -3.978746e+00 1.450000e+00 9.174398e+00
      vertex   -3.920531e+00 1.450000e+00 1.027762e+01
    endloop
  endfacet
  facet normal 5.558978e-15 -1.000000e+00 -2.933405e-16
    outer loop
      vertex   -3.920531e+00 1.450000e+00 1.027762e+01
      vertex   -3.978746e+00 1.450000e+00 9.174398e+00
      vertex   -3.489019e+00 1.450000e+00 9.371592e+00
    endloop
  endfacet
  facet normal 5.264013e-15 -1.000000e+00 -4.338229e-16
    outer loop
      vertex   -3.920531e+00 1.450000e+00 1.027762e+01
      vertex   -3.489019e+00 1.450000e+00 9.371592e+00
      vertex   -3.399187e+00 1.450000e+00 1.046162e+01
    endloop
  endfacet
  facet normal 1.829965e-15 -1.000000e+00 -1.508129e-16
    outer loop
      vertex   -3.399187e+00 1.450000e+00 1.046162e+01
      vertex   -3.489019e+00 1.450000e+00 9.371592e+00
      vertex   -2.989568e+00 1.450000e+00 9.542666e+00
    endloop
  endfacet
  facet normal 3.213521e-15 -1.000000e+00 4.658986e-16
    outer loop
      vertex   -3.399187e+00 1.450000e+00 1.046162e+01
      vertex   -2.989568e+00 1.450000e+00 9.542666e+00
      vertex   -2.869257e+00 1.450000e+00 1.061920e+01
    endloop
  endfacet
  facet normal 5.177265e-15 -1.000000e+00 2.464333e-16
    outer loop
      vertex   -2.869257e+00 1.450000e+00 1.061920e+01
      vertex   -2.989568e+00 1.450000e+00 9.542666e+00
      vertex   -2.481784e+00 1.450000e+00 9.687143e+00
    endloop
  endfacet
  facet normal 3.424231e-15 -1.000000e+00 -4.823351e-16
    outer loop
      vertex   -2.869257e+00 1.450000e+00 1.061920e+01
      vertex   -2.481784e+00 1.450000e+00 9.687143e+00
      vertex   -2.332078e+00 1.450000e+00 1.074995e+01
    endloop
  endfacet
  facet normal 3.565885e-15 -1.000000e+00 -5.022884e-16
    outer loop
      vertex   -2.332078e+00 1.450000e+00 1.074995e+01
      vertex   -2.481784e+00 1.450000e+00 9.687143e+00
      vertex   -1.967083e+00 1.450000e+00 9.804620e+00
    endloop
  endfacet
  facet normal 3.380433e-15 -1.000000e+00 -5.738919e-16
    outer loop
      vertex   -2.332078e+00 1.450000e+00 1.074995e+01
      vertex   -1.967083e+00 1.450000e+00 9.804620e+00
      vertex   -1.789009e+00 1.450000e+00 1.085355e+01
    endloop
  endfacet
  facet normal 1.759191e-15 -1.000000e+00 -2.986556e-16
    outer loop
      vertex   -1.789009e+00 1.450000e+00 1.085355e+01
      vertex   -1.967083e+00 1.450000e+00 9.804620e+00
      vertex   -1.446900e+00 1.450000e+00 9.894770e+00
    endloop
  endfacet
  facet normal 4.758602e-15 -1.000000e+00 7.715905e-16
    outer loop
      vertex   -1.789009e+00 1.450000e+00 1.085355e+01
      vertex   -1.446900e+00 1.450000e+00 9.894770e+00
      vertex   -1.241420e+00 1.450000e+00 1.092972e+01
    endloop
  endfacet
  facet normal 4.996430e-15 -1.000000e+00 7.243722e-16
    outer loop
      vertex   -1.241420e+00 1.450000e+00 1.092972e+01
      vertex   -1.446900e+00 1.450000e+00 9.894770e+00
      vertex   -9.226836e-01 1.450000e+00 9.957342e+00
    endloop
  endfacet
  facet normal 3.213158e-15 -1.000000e+00 1.398348e-16
    outer loop
      vertex   -1.241420e+00 1.450000e+00 1.092972e+01
      vertex   -9.226836e-01 1.450000e+00 9.957342e+00
      vertex   -6.906957e-01 1.450000e+00 1.097829e+01
    endloop
  endfacet
  facet normal 3.365092e-15 -1.000000e+00 1.053114e-16
    outer loop
      vertex   -6.906957e-01 1.450000e+00 1.097829e+01
      vertex   -9.226836e-01 1.450000e+00 9.957342e+00
      vertex   -3.958956e-01 1.450000e+00 9.992160e+00
    endloop
  endfacet
  facet normal 4.802774e-15 -1.000000e+00 5.350998e-16
    outer loop
      vertex   -6.906957e-01 1.450000e+00 1.097829e+01
      vertex   -3.958956e-01 1.450000e+00 9.992160e+00
      vertex   -1.382264e-01 1.450000e+00 1.099913e+01
    endloop
  endfacet
  facet normal 3.353043e-15 -1.000000e+00 9.060647e-16
    outer loop
      vertex   -1.382264e-01 1.450000e+00 1.099913e+01
      vertex   -3.958956e-01 1.450000e+00 9.992160e+00
      vertex   1.319959e-01 1.450000e+00 9.999129e+00
    endloop
  endfacet
  facet normal 1.612111e-15 -1.000000e+00 4.356272e-16
    outer loop
      vertex   -1.382264e-01 1.450000e+00 1.099913e+01
      vertex   1.319959e-01 1.450000e+00 9.999129e+00
      vertex   4.145920e-01 1.450000e+00 1.099218e+01
    endloop
  endfacet
  facet normal 3.364849e-15 -1.000000e+00 -6.315343e-17
    outer loop
      vertex   4.145920e-01 1.450000e+00 1.099218e+01
      vertex   1.319959e-01 1.450000e+00 9.999129e+00
      vertex   6.595194e-01 1.450000e+00 9.978228e+00
    endloop
  endfacet
  facet normal 3.213093e-15 -1.000000e+00 -9.981097e-17
    outer loop
      vertex   4.145920e-01 1.450000e+00 1.099218e+01
      vertex   6.595194e-01 1.450000e+00 9.978228e+00
      vertex   9.663632e-01 1.450000e+00 1.095747e+01
    endloop
  endfacet
  facet normal 5.007342e-15 -1.000000e+00 -6.620359e-16
    outer loop
      vertex   9.663632e-01 1.450000e+00 1.095747e+01
      vertex   6.595194e-01 1.450000e+00 9.978228e+00
      vertex   1.185205e+00 1.450000e+00 9.929516e+00
    endloop
  endfacet
  facet normal 4.769573e-15 -1.000000e+00 -7.126546e-16
    outer loop
      vertex   9.663632e-01 1.450000e+00 1.095747e+01
      vertex   1.185205e+00 1.450000e+00 9.929516e+00
      vertex   1.515693e+00 1.450000e+00 1.089508e+01
    endloop
  endfacet
  facet normal 3.366508e-15 -1.000000e+00 -2.324181e-16
    outer loop
      vertex   1.515693e+00 1.450000e+00 1.089508e+01
      vertex   1.185205e+00 1.450000e+00 9.929516e+00
      vertex   1.707587e+00 1.450000e+00 9.853129e+00
    endloop
  endfacet
  facet normal 3.213418e-15 -1.000000e+00 -2.606124e-16
    outer loop
      vertex   1.515693e+00 1.450000e+00 1.089508e+01
      vertex   1.707587e+00 1.450000e+00 9.853129e+00
      vertex   2.061194e+00 1.450000e+00 1.080516e+01
    endloop
  endfacet
  facet normal 1.771075e-15 -1.000000e+00 2.751094e-16
    outer loop
      vertex   2.061194e+00 1.450000e+00 1.080516e+01
      vertex   1.707587e+00 1.450000e+00 9.853129e+00
      vertex   2.225209e+00 1.450000e+00 9.749279e+00
    endloop
  endfacet
  facet normal 5.103617e-15 -1.000000e+00 7.927687e-16
    outer loop
      vertex   2.061194e+00 1.450000e+00 1.080516e+01
      vertex   2.225209e+00 1.450000e+00 9.749279e+00
      vertex   2.601489e+00 1.450000e+00 1.068795e+01
    endloop
  endfacet
  facet normal 5.384339e-15 -1.000000e+00 6.802371e-16
    outer loop
      vertex   2.601489e+00 1.450000e+00 1.068795e+01
      vertex   2.225209e+00 1.450000e+00 9.749279e+00
      vertex   2.736630e+00 1.450000e+00 9.618256e+00
    endloop
  endfacet
  facet normal 1.722932e-15 -1.000000e+00 2.176687e-16
    outer loop
      vertex   2.601489e+00 1.450000e+00 1.068795e+01
      vertex   2.736630e+00 1.450000e+00 9.618256e+00
      vertex   3.135212e+00 1.450000e+00 1.054374e+01
    endloop
  endfacet
  facet normal 3.371700e-15 -1.000000e+00 -4.924134e-16
    outer loop
      vertex   3.135212e+00 1.450000e+00 1.054374e+01
      vertex   2.736630e+00 1.450000e+00 9.618256e+00
      vertex   3.240423e+00 1.450000e+00 9.460426e+00
    endloop
  endfacet
  facet normal 4.957603e-15 -1.000000e+00 -3.383909e-16
    outer loop
      vertex   3.135212e+00 1.450000e+00 1.054374e+01
      vertex   3.240423e+00 1.450000e+00 9.460426e+00
      vertex   3.661015e+00 1.450000e+00 1.037290e+01
    endloop
  endfacet
  facet normal 3.683066e-15 -1.000000e+00 2.490917e-16
    outer loop
      vertex   3.661015e+00 1.450000e+00 1.037290e+01
      vertex   3.240423e+00 1.450000e+00 9.460426e+00
      vertex   3.735184e+00 1.450000e+00 9.276228e+00
    endloop
  endfacet
  facet normal 3.529921e-15 -1.000000e+00 2.387342e-16
    outer loop
      vertex   3.661015e+00 1.450000e+00 1.037290e+01
      vertex   3.735184e+00 1.450000e+00 9.276228e+00
      vertex   4.177570e+00 1.450000e+00 1.017585e+01
    endloop
  endfacet
  facet normal 3.728653e-15 -1.000000e+00 1.410086e-16
    outer loop
      vertex   4.177570e+00 1.450000e+00 1.017585e+01
      vertex   3.735184e+00 1.450000e+00 9.276228e+00
      vertex   4.219535e+00 1.450000e+00 9.066175e+00
    endloop
  endfacet
  facet normal 1.785003e-15 -1.000000e+00 6.750444e-17
    outer loop
      vertex   4.177570e+00 1.450000e+00 1.017585e+01
      vertex   4.219535e+00 1.450000e+00 9.066175e+00
      vertex   4.683572e+00 1.450000e+00 9.953098e+00
    endloop
  endfacet
  facet normal 1.886543e-15 -1.000000e+00 1.437838e-17
    outer loop
      vertex   4.683572e+00 1.450000e+00 9.953098e+00
      vertex   4.219535e+00 1.450000e+00 9.066175e+00
      vertex   4.692125e+00 1.450000e+00 8.830853e+00
    endloop
  endfacet
  facet normal 5.412623e-15 -1.000000e+00 4.125257e-17
    outer loop
      vertex   4.683572e+00 1.450000e+00 9.953098e+00
      vertex   4.692125e+00 1.450000e+00 8.830853e+00
      vertex   5.177743e+00 1.450000e+00 9.705203e+00
    endloop
  endfacet
  facet normal 5.724093e-15 -1.000000e+00 -1.317389e-16
    outer loop
      vertex   5.177743e+00 1.450000e+00 9.705203e+00
      vertex   4.692125e+00 1.450000e+00 8.830853e+00
      vertex   5.151638e+00 1.450000e+00 8.570918e+00
    endloop
  endfacet
  facet normal 3.644847e-15 -1.000000e+00 -8.388550e-17
    outer loop
      vertex   5.177743e+00 1.450000e+00 9.705203e+00
      vertex   5.151638e+00 1.450000e+00 8.570918e+00
      vertex   5.658835e+00 1.450000e+00 9.432793e+00
    endloop
  endfacet
  facet normal 3.722996e-15 -1.000000e+00 -1.298744e-16
    outer loop
      vertex   5.658835e+00 1.450000e+00 9.432793e+00
      vertex   5.151638e+00 1.450000e+00 8.570918e+00
      vertex   6.125632e+00 1.450000e+00 9.136555e+00
    endloop
  endfacet
  facet normal 2.859943e-15 -1.000000e+00 1.356251e-15
    outer loop
      vertex   6.125632e+00 1.450000e+00 9.136555e+00
      vertex   5.151638e+00 1.450000e+00 8.570918e+00
      vertex   5.596792e+00 1.450000e+00 8.287094e+00
    endloop
  endfacet
  facet normal 4.273033e-15 -1.000000e+00 4.765192e-16
    outer loop
      vertex   6.125632e+00 1.450000e+00 9.136555e+00
      vertex   5.596792e+00 1.450000e+00 8.287094e+00
      vertex   6.576955e+00 1.450000e+00 8.817237e+00
    endloop
  endfacet
  facet normal 5.251245e-15 -1.000000e+00 -1.332063e-15
    outer loop
      vertex   6.576955e+00 1.450000e+00 8.817237e+00
      vertex   5.596792e+00 1.450000e+00 8.287094e+00
      vertex   6.026346e+00 1.450000e+00 7.980172e+00
    endloop
  endfacet
  facet normal 2.446272e-15 -1.000000e+00 5.130056e-16
    outer loop
      vertex   6.576955e+00 1.450000e+00 8.817237e+00
      vertex   6.026346e+00 1.450000e+00 7.980172e+00
      vertex   7.011664e+00 1.450000e+00 8.475646e+00
    endloop
  endfacet
  facet normal 2.490609e-15 -1.000000e+00 4.248359e-16
    outer loop
      vertex   7.011664e+00 1.450000e+00 8.475646e+00
      vertex   6.026346e+00 1.450000e+00 7.980172e+00
      vertex   6.439104e+00 1.450000e+00 7.651009e+00
    endloop
  endfacet
  facet normal 3.823867e-15 -1.000000e+00 -5.008679e-16
    outer loop
      vertex   7.011664e+00 1.450000e+00 8.475646e+00
      vertex   6.439104e+00 1.450000e+00 7.651009e+00
      vertex   7.428661e+00 1.450000e+00 8.112644e+00
    endloop
  endfacet
  facet normal 3.128408e-15 -1.000000e+00 9.899100e-16
    outer loop
      vertex   7.428661e+00 1.450000e+00 8.112644e+00
      vertex   6.439104e+00 1.450000e+00 7.651009e+00
      vertex   6.833916e+00 1.450000e+00 7.300520e+00
    endloop
  endfacet
  facet normal 4.468684e-15 -1.000000e+00 8.381294e-18
    outer loop
      vertex   7.428661e+00 1.450000e+00 8.112644e+00
      vertex   6.833916e+00 1.450000e+00 7.300520e+00
      vertex   7.826892e+00 1.450000e+00 7.729150e+00
    endloop
  endfacet
  facet normal 5.269161e-15 -1.000000e+00 -1.846031e-15
    outer loop
      vertex   7.826892e+00 1.450000e+00 7.729150e+00
      vertex   6.833916e+00 1.450000e+00 7.300520e+00
      vertex   7.209679e+00 1.450000e+00 6.929684e+00
    endloop
  endfacet
  facet normal 2.586498e-15 -1.000000e+00 2.250712e-16
    outer loop
      vertex   7.826892e+00 1.450000e+00 7.729150e+00
      vertex   7.209679e+00 1.450000e+00 6.929684e+00
      vertex   8.205353e+00 1.450000e+00 7.326131e+00
    endloop
  endfacet
  facet normal 2.628468e-15 -1.000000e+00 1.196632e-16
    outer loop
      vertex   8.205353e+00 1.450000e+00 7.326131e+00
      vertex   7.209679e+00 1.450000e+00 6.929684e+00
      vertex   7.565349e+00 1.450000e+00 6.539534e+00
    endloop
  endfacet
  facet normal 3.893642e-15 -1.000000e+00 -9.097283e-16
    outer loop
      vertex   8.205353e+00 1.450000e+00 7.326131e+00
      vertex   7.565349e+00 1.450000e+00 6.539534e+00
      vertex   8.563085e+00 1.450000e+00 6.904605e+00
    endloop
  endfacet
  facet normal 3.351769e-15 -1.000000e+00 5.712049e-16
    outer loop
      vertex   8.563085e+00 1.450000e+00 6.904605e+00
      vertex   7.565349e+00 1.450000e+00 6.539534e+00
      vertex   7.899932e+00 1.450000e+00 6.131156e+00
    endloop
  endfacet
  facet normal 3.369150e-15 -1.000000e+00 5.563023e-16
    outer loop
      vertex   8.563085e+00 1.450000e+00 6.904605e+00
      vertex   7.899932e+00 1.450000e+00 6.131156e+00
      vertex   8.899187e+00 1.450000e+00 6.465638e+00
    endloop
  endfacet
  facet normal 3.414482e-15 -1.000000e+00 4.208749e-16
    outer loop
      vertex   8.899187e+00 1.450000e+00 6.465638e+00
      vertex   7.899932e+00 1.450000e+00 6.131156e+00
      vertex   8.212496e+00 1.450000e+00 5.705690e+00
    endloop
  endfacet
  facet normal 3.426823e-15 -1.000000e+00 4.097234e-16
    outer loop
      vertex   8.899187e+00 1.450000e+00 6.465638e+00
      vertex   8.212496e+00 1.450000e+00 5.705690e+00
      vertex   9.212808e+00 1.450000e+00 6.010338e+00
    endloop
  endfacet
  facet normal 3.981498e-15 -1.000000e+00 -1.411556e-15
    outer loop
      vertex   9.212808e+00 1.450000e+00 6.010338e+00
      vertex   8.212496e+00 1.450000e+00 5.705690e+00
      vertex   8.502171e+00 1.450000e+00 5.264322e+00
    endloop
  endfacet
  facet normal 2.719570e-15 -1.000000e+00 -2.094733e-16
    outer loop
      vertex   9.212808e+00 1.450000e+00 6.010338e+00
      vertex   8.502171e+00 1.450000e+00 5.264322e+00
      vertex   9.503158e+00 1.450000e+00 5.539855e+00
    endloop
  endfacet
  facet normal 2.755615e-15 -1.000000e+00 -3.404206e-16
    outer loop
      vertex   9.503158e+00 1.450000e+00 5.539855e+00
      vertex   8.502171e+00 1.450000e+00 5.264322e+00
      vertex   8.768149e+00 1.450000e+00 4.808280e+00
    endloop
  endfacet
  facet normal 3.920797e-15 -1.000000e+00 -1.511071e-15
    outer loop
      vertex   9.503158e+00 1.450000e+00 5.539855e+00
      vertex   8.768149e+00 1.450000e+00 4.808280e+00
      vertex   9.769501e+00 1.450000e+00 5.055378e+00
    endloop
  endfacet
  facet normal 3.562478e-15 -1.000000e+00 -5.900476e-17
    outer loop
      vertex   9.769501e+00 1.450000e+00 5.055378e+00
      vertex   8.768149e+00 1.450000e+00 4.808280e+00
      vertex   9.009689e+00 1.450000e+00 4.338837e+00
    endloop
  endfacet
  facet normal 3.559764e-15 -1.000000e+00 -5.612688e-17
    outer loop
      vertex   9.769501e+00 1.450000e+00 5.055378e+00
      vertex   9.009689e+00 1.450000e+00 4.338837e+00
      vertex   1.001117e+01 1.450000e+00 4.558131e+00
    endloop
  endfacet
  facet normal 3.229624e-15 -1.000000e+00 1.451565e-15
    outer loop
      vertex   1.001117e+01 1.450000e+00 4.558131e+00
      vertex   9.009689e+00 1.450000e+00 4.338837e+00
      vertex   9.226117e+00 1.450000e+00 3.857301e+00
    endloop
  endfacet
  facet normal 4.409702e-15 -1.000000e+00 1.296755e-16
    outer loop
      vertex   1.001117e+01 1.450000e+00 4.558131e+00
      vertex   9.226117e+00 1.450000e+00 3.857301e+00
      vertex   1.022754e+01 1.450000e+00 4.049370e+00
    endloop
  endfacet
  facet normal 4.449967e-15 -1.000000e+00 -8.026169e-17
    outer loop
      vertex   1.022754e+01 1.450000e+00 4.049370e+00
      vertex   9.226117e+00 1.450000e+00 3.857301e+00
      vertex   9.416830e+00 1.450000e+00 3.365014e+00
    endloop
  endfacet
  facet normal 3.345420e-15 -1.000000e+00 1.228224e-15
    outer loop
      vertex   1.022754e+01 1.450000e+00 4.049370e+00
      vertex   9.416830e+00 1.450000e+00 3.365014e+00
      vertex   1.041808e+01 1.450000e+00 3.530380e+00
    endloop
  endfacet
  facet normal 3.366016e-15 -1.000000e+00 1.103518e-15
    outer loop
      vertex   1.041808e+01 1.450000e+00 3.530380e+00
      vertex   9.416830e+00 1.450000e+00 3.365014e+00
      vertex   9.581296e+00 1.450000e+00 2.863348e+00
    endloop
  endfacet
  facet normal 4.476700e-15 -1.000000e+00 -2.898253e-16
    outer loop
      vertex   1.041808e+01 1.450000e+00 3.530380e+00
      vertex   9.581296e+00 1.450000e+00 2.863348e+00
      vertex   1.058230e+01 1.450000e+00 3.002471e+00
    endloop
  endfacet
  facet normal 4.742665e-15 -1.000000e+00 -2.203485e-15
    outer loop
      vertex   1.058230e+01 1.450000e+00 3.002471e+00
      vertex   9.581296e+00 1.450000e+00 2.863348e+00
      vertex   9.719058e+00 1.450000e+00 2.353702e+00
    endloop
  endfacet
  facet normal 2.587374e-15 -1.000000e+00 6.643248e-16
    outer loop
      vertex   1.058230e+01 1.450000e+00 3.002471e+00
      vertex   9.719058e+00 1.450000e+00 2.353702e+00
      vertex   1.071980e+01 1.450000e+00 2.466978e+00
    endloop
  endfacet
  facet normal 2.599486e-15 -1.000000e+00 5.573215e-16
    outer loop
      vertex   1.071980e+01 1.450000e+00 2.466978e+00
      vertex   9.719058e+00 1.450000e+00 2.353702e+00
      vertex   9.829731e+00 1.450000e+00 1.837495e+00
    endloop
  endfacet
  facet normal 4.643391e-15 -1.000000e+00 -2.332680e-15
    outer loop
      vertex   1.071980e+01 1.450000e+00 2.466978e+00
      vertex   9.829731e+00 1.450000e+00 1.837495e+00
      vertex   1.083021e+01 1.450000e+00 1.925254e+00
    endloop
  endfacet
  facet normal 4.524817e-15 -1.000000e+00 -9.808994e-16
    outer loop
      vertex   1.083021e+01 1.450000e+00 1.925254e+00
      vertex   9.829731e+00 1.450000e+00 1.837495e+00
      vertex   9.913007e+00 1.450000e+00 1.316167e+00
    endloop
  endfacet
  facet normal 3.518404e-15 -1.000000e+00 5.346213e-16
    outer loop
      vertex   1.083021e+01 1.450000e+00 1.925254e+00
      vertex   9.913007e+00 1.450000e+00 1.316167e+00
      vertex   1.091326e+01 1.450000e+00 1.378666e+00
    endloop
  endfacet
  facet normal 3.528440e-15 -1.000000e+00 3.739936e-16
    outer loop
      vertex   1.091326e+01 1.450000e+00 1.378666e+00
      vertex   9.913007e+00 1.450000e+00 1.316167e+00
      vertex   9.968653e+00 1.450000e+00 7.911704e-01
    endloop
  endfacet
  facet normal 3.539019e-15 -1.000000e+00 3.569844e-16
    outer loop
      vertex   1.091326e+01 1.450000e+00 1.378666e+00
      vertex   9.968653e+00 1.450000e+00 7.911704e-01
      vertex   1.096875e+01 1.450000e+00 8.285949e-01
    endloop
  endfacet
  facet normal 3.545366e-15 -1.000000e+00 1.873690e-16
    outer loop
      vertex   1.096875e+01 1.450000e+00 8.285949e-01
      vertex   9.968653e+00 1.450000e+00 7.911704e-01
      vertex   9.996515e+00 1.450000e+00 2.639687e-01
    endloop
  endfacet
  facet normal 3.550450e-15 -1.000000e+00 1.786155e-16
    outer loop
      vertex   1.096875e+01 1.450000e+00 8.285949e-01
      vertex   9.996515e+00 1.450000e+00 2.639687e-01
      vertex   1.099653e+01 1.450000e+00 2.764310e-01
    endloop
  endfacet
  facet normal 3.552676e-15 -1.000000e+00 0.000000e+00
    outer loop
      vertex   1.099653e+01 1.450000e+00 2.764310e-01
      vertex   9.996515e+00 1.450000e+00 2.639687e-01
      vertex   1.099653e+01 1.450000e+00 -2.764310e-01
    endloop
  endfacet
  facet normal 3.552676e-15 -1.000000e+00 0.000000e+00
    outer loop
      vertex   1.099653e+01 1.450000e+00 -2.764310e-01
      vertex   9.996515e+00 1.450000e+00 2.639687e-01
      vertex   9.996515e+00 1.450000e+00 -2.639687e-01
    endloop
  endfacet
  facet normal 3.550450e-15 -1.000000e+00 -1.786155e-16
    outer loop
      vertex   1.099653e+01 1.450000e+00 -2.764310e-01
      vertex   9.996515e+00 1.450000e+00 -2.639687e-01
      vertex   1.096875e+01 1.450000e+00 -8.285949e-01
    endloop
  endfacet
  facet normal 3.545366e-15 -1.000000e+00 -1.873690e-16
    outer loop
      vertex   1.096875e+01 1.450000e+00 -8.285949e-01
      vertex   9.996515e+00 1.450000e+00 -2.639687e-01
      vertex   9.968653e+00 1.450000e+00 -7.911704e-01
    endloop
  endfacet
  facet normal 3.539019e-15 -1.000000e+00 -3.569844e-16
    outer loop
      vertex   1.096875e+01 1.450000e+00 -8.285949e-01
      vertex   9.968653e+00 1.450000e+00 -7.911704e-01
      vertex   1.091326e+01 1.450000e+00 -1.378666e+00
    endloop
  endfacet
  facet normal 3.528440e-15 -1.000000e+00 -3.739936e-16
    outer loop
      vertex   1.091326e+01 1.450000e+00 -1.378666e+00
      vertex   9.968653e+00 1.450000e+00 -7.911704e-01
      vertex   9.913007e+00 1.450000e+00 -1.316167e+00
    endloop
  endfacet
  facet normal 3.518404e-15 -1.000000e+00 -5.346213e-16
    outer loop
      vertex   1.091326e+01 1.450000e+00 -1.378666e+00
      vertex   9.913007e+00 1.450000e+00 -1.316167e+00
      vertex   1.083021e+01 1.450000e+00 -1.925254e+00
    endloop
  endfacet
  facet normal 4.524817e-15 -1.000000e+00 9.808994e-16
    outer loop
      vertex   1.083021e+01 1.450000e+00 -1.925254e+00
      vertex   9.913007e+00 1.450000e+00 -1.316167e+00
      vertex   9.829731e+00 1.450000e+00 -1.837495e+00
    endloop
  endfacet
  facet normal 4.643391e-15 -1.000000e+00 2.332680e-15
    outer loop
      vertex   1.083021e+01 1.450000e+00 -1.925254e+00
      vertex   9.829731e+00 1.450000e+00 -1.837495e+00
      vertex   1.071980e+01 1.450000e+00 -2.466978e+00
    endloop
  endfacet
  facet normal 2.599486e-15 -1.000000e+00 -5.573215e-16
    outer loop
      vertex   1.071980e+01 1.450000e+00 -2.466978e+00
      vertex   9.829731e+00 1.450000e+00 -1.837495e+00
      vertex   9.719058e+00 1.450000e+00 -2.353702e+00
    endloop
  endfacet
  facet normal 2.587374e-15 -1.000000e+00 -6.643248e-16
    outer loop
      vertex   1.071980e+01 1.450000e+00 -2.466978e+00
      vertex   9.719058e+00 1.450000e+00 -2.353702e+00
      vertex   1.058230e+01 1.450000e+00 -3.002471e+00
    endloop
  endfacet
  facet normal 4.742665e-15 -1.000000e+00 2.203485e-15
    outer loop
      vertex   1.058230e+01 1.450000e+00 -3.002471e+00
      vertex   9.719058e+00 1.450000e+00 -2.353702e+00
      vertex   9.581296e+00 1.450000e+00 -2.863348e+00
    endloop
  endfacet
  facet normal 4.476700e-15 -1.000000e+00 2.898253e-16
    outer loop
      vertex   1.058230e+01 1.450000e+00 -3.002471e+00
      vertex   9.581296e+00 1.450000e+00 -2.863348e+00
      vertex   1.041808e+01 1.450000e+00 -3.530380e+00
    endloop
  endfacet
  facet normal 3.366016e-15 -1.000000e+00 -1.103518e-15
    outer loop
      vertex   1.041808e+01 1.450000e+00 -3.530380e+00
      vertex   9.581296e+00 1.450000e+00 -2.863348e+00
      vertex   9.416830e+00 1.450000e+00 -3.365014e+00
    endloop
  endfacet
  facet normal 3.345420e-15 -1.000000e+00 -1.228224e-15
    outer loop
      vertex   1.041808e+01 1.450000e+00 -3.530380e+00
      vertex   9.416830e+00 1.450000e+00 -3.365014e+00
      vertex   1.022754e+01 1.450000e+00 -4.049370e+00
    endloop
  endfacet
  facet normal 4.449967e-15 -1.000000e+00 8.026169e-17
    outer loop
      vertex   1.022754e+01 1.450000e+00 -4.049370e+00
      vertex   9.416830e+00 1.450000e+00 -3.365014e+00
      vertex   9.226117e+00 1.450000e+00 -3.857301e+00
    endloop
  endfacet
  facet normal 4.409702e-15 -1.000000e+00 -1.296755e-16
    outer loop
      vertex   1.022754e+01 1.450000e+00 -4.049370e+00
      vertex   9.226117e+00 1.450000e+00 -3.857301e+00
      vertex   1.001117e+01 1.450000e+00 -4.558131e+00
    endloop
  endfacet
  facet normal 3.229624e-15 -1.000000e+00 -1.451565e-15
    outer loop
      vertex   1.001117e+01 1.450000e+00 -4.558131e+00
      vertex   9.226117e+00 1.450000e+00 -3.857301e+00
      vertex   9.009689e+00 1.450000e+00 -4.338837e+00
    endloop
  endfacet
  facet normal 3.559764e-15 -1.000000e+00 5.612688e-17
    outer loop
      vertex   1.001117e+01 1.450000e+00 -4.558131e+00
      vertex   9.009689e+00 1.450000e+00 -4.338837e+00
      vertex   9.769501e+00 1.450000e+00 -5.055378e+00
    endloop
  endfacet
  facet normal 3.562478e-15 -1.000000e+00 5.900476e-17
    outer loop
      vertex   9.769501e+00 1.450000e+00 -5.055378e+00
      vertex   9.009689e+00 1.450000e+00 -4.338837e+00
      vertex   8.768149e+00 1.450000e+00 -4.808280e+00
    endloop
  endfacet
  facet normal 3.920797e-15 -1.000000e+00 1.511071e-15
    outer loop
      vertex   9.769501e+00 1.450000e+00 -5.055378e+00
      vertex   8.768149e+00 1.450000e+00 -4.808280e+00
      vertex   9.503158e+00 1.450000e+00 -5.539855e+00
    endloop
  endfacet
  facet normal 2.755615e-15 -1.000000e+00 3.404206e-16
    outer loop
      vertex   9.503158e+00 1.450000e+00 -5.539855e+00
      vertex   8.768149e+00 1.450000e+00 -4.808280e+00
      vertex   8.502171e+00 1.450000e+00 -5.264322e+00
    endloop
  endfacet
  facet normal 2.719570e-15 -1.000000e+00 2.094733e-16
    outer loop
      vertex   9.503158e+00 1.450000e+00 -5.539855e+00
      vertex   8.502171e+00 1.450000e+00 -5.264322e+00
      vertex   9.212808e+00 1.450000e+00 -6.010338e+00
    endloop
  endfacet
  facet normal 3.981498e-15 -1.000000e+00 1.411556e-15
    outer loop
      vertex   9.212808e+00 1.450000e+00 -6.010338e+00
      vertex   8.502171e+00 1.450000e+00 -5.264322e+00
      vertex   8.212496e+00 1.450000e+00 -5.705690e+00
    endloop
  endfacet
  facet normal 3.426823e-15 -1.000000e+00 -4.097234e-16
    outer loop
      vertex   9.212808e+00 1.450000e+00 -6.010338e+00
      vertex   8.212496e+00 1.450000e+00 -5.705690e+00
      vertex   8.899187e+00 1.450000e+00 -6.465638e+00
    endloop
  endfacet
  facet normal 3.414482e-15 -1.000000e+00 -4.208749e-16
    outer loop
      vertex   8.899187e+00 1.450000e+00 -6.465638e+00
      vertex   8.212496e+00 1.450000e+00 -5.705690e+00
      vertex   7.899932e+00 1.450000e+00 -6.131156e+00
    endloop
  endfacet
  facet normal 3.369150e-15 -1.000000e+00 -5.563023e-16
    outer loop
      vertex   8.899187e+00 1.450000e+00 -6.465638e+00
      vertex   7.899932e+00 1.450000e+00 -6.131156e+00
      vertex   8.563085e+00 1.450000e+00 -6.904605e+00
    endloop
  endfacet
  facet normal 3.351769e-15 -1.000000e+00 -5.712049e-16
    outer loop
      vertex   8.563085e+00 1.450000e+00 -6.904605e+00
      vertex   7.899932e+00 1.450000e+00 -6.131156e+00
      vertex   7.565349e+00 1.450000e+00 -6.539534e+00
    endloop
  endfacet
  facet normal 3.893642e-15 -1.000000e+00 9.097283e-16
    outer loop
      vertex   8.563085e+00 1.450000e+00 -6.904605e+00
      vertex   7.565349e+00 1.450000e+00 -6.539534e+00
      vertex   8.205353e+00 1.450000e+00 -7.326131e+00
    endloop
  endfacet
  facet normal 2.628468e-15 -1.000000e+00 -1.196632e-16
    outer loop
      vertex   8.205353e+00 1.450000e+00 -7.326131e+00
      vertex   7.565349e+00 1.450000e+00 -6.539534e+00
      vertex   7.209679e+00 1.450000e+00 -6.929684e+00
    endloop
  endfacet
  facet normal 2.586498e-15 -1.000000e+00 -2.250712e-16
    outer loop
      vertex   8.205353e+00 1.450000e+00 -7.326131e+00
      vertex   7.209679e+00 1.450000e+00 -6.929684e+00
      vertex   7.826892e+00 1.450000e+00 -7.729150e+00
    endloop
  endfacet
  facet normal 5.269161e-15 -1.000000e+00 1.846031e-15
    outer loop
      vertex   7.826892e+00 1.450000e+00 -7.729150e+00
      vertex   7.209679e+00 1.450000e+00 -6.929684e+00
      vertex   6.833916e+00 1.450000e+00 -7.300520e+00
    endloop
  endfacet
  facet normal 4.468684e-15 -1.000000e+00 -8.381294e-18
    outer loop
      vertex   7.826892e+00 1.450000e+00 -7.729150e+00
      vertex   6.833916e+00 1.450000e+00 -7.300520e+00
      vertex   7.428661e+00 1.450000e+00 -8.112644e+00
    endloop
  endfacet
  facet normal 3.128408e-15 -1.000000e+00 -9.899100e-16
    outer loop
      vertex   7.428661e+00 1.450000e+00 -8.112644e+00
      vertex   6.833916e+00 1.450000e+00 -7.300520e+00
      vertex   6.439104e+00 1.450000e+00 -7.651009e+00
    endloop
  endfacet
  facet normal 3.823867e-15 -1.000000e+00 5.008679e-16
    outer loop
      vertex   7.428661e+00 1.450000e+00 -8.112644e+00
      vertex   6.439104e+00 1.450000e+00 -7.651009e+00
      vertex   7.011664e+00 1.450000e+00 -8.475646e+00
    endloop
  endfacet
  facet normal 2.490609e-15 -1.000000e+00 -4.248359e-16
    outer loop
      vertex   7.011664e+00 1.450000e+00 -8.475646e+00
      vertex   6.439104e+00 1.450000e+00 -7.651009e+00
      vertex   6.026346e+00 1.450000e+00 -7.980172e+00
    endloop
  endfacet
  facet normal 2.446272e-15 -1.000000e+00 -5.130056e-16
    outer loop
      vertex   7.011664e+00 1.450000e+00 -8.475646e+00
      vertex   6.026346e+00 1.450000e+00 -7.980172e+00
      vertex   6.576955e+00 1.450000e+00 -8.817237e+00
    endloop
  endfacet
  facet normal 5.251245e-15 -1.000000e+00 1.332063e-15
    outer loop
      vertex   6.576955e+00 1.450000e+00 -8.817237e+00
      vertex   6.026346e+00 1.450000e+00 -7.980172e+00
      vertex   5.596792e+00 1.450000e+00 -8.287094e+00
    endloop
  endfacet
  facet normal 4.273033e-15 -1.000000e+00 -4.765192e-16
    outer loop
      vertex   6.576955e+00 1.450000e+00 -8.817237e+00
      vertex   5.596792e+00 1.450000e+00 -8.287094e+00
      vertex   6.125632e+00 1.450000e+00 -9.136555e+00
    endloop
  endfacet
  facet normal 2.859943e-15 -1.000000e+00 -1.356251e-15
    outer loop
      vertex   6.125632e+00 1.450000e+00 -9.136555e+00
      vertex   5.596792e+00 1.450000e+00 -8.287094e+00
      vertex   5.151638e+00 1.450000e+00 -8.570918e+00
    endloop
  endfacet
  facet normal 3.722996e-15 -1.000000e+00 1.298744e-16
    outer loop
      vertex   6.125632e+00 1.450000e+00 -9.136555e+00
      vertex   5.151638e+00 1.450000e+00 -8.570918e+00
      vertex   5.658835e+00 1.450000e+00 -9.432793e+00
    endloop
  endfacet
  facet normal 3.644847e-15 -1.000000e+00 8.388550e-17
    outer loop
      vertex   5.658835e+00 1.450000e+00 -9.432793e+00
      vertex   5.151638e+00 1.450000e+00 -8.570918e+00
      vertex   5.177743e+00 1.450000e+00 -9.705203e+00
    endloop
  endfacet
  facet normal 5.724093e-15 -1.000000e+00 1.317389e-16
    outer loop
      vertex   5.177743e+00 1.450000e+00 -9.705203e+00
      vertex   5.151638e+00 1.450000e+00 -8.570918e+00
      vertex   4.692125e+00 1.450000e+00 -8.830853e+00
    endloop
  endfacet
  facet normal 5.412623e-15 -1.000000e+00 -4.125257e-17
    outer loop
      vertex   5.177743e+00 1.450000e+00 -9.705203e+00
      vertex   4.692125e+00 1.450000e+00 -8.830853e+00
      vertex   4.683572e+00 1.450000e+00 -9.953098e+00
    endloop
  endfacet
  facet normal 1.886543e-15 -1.000000e+00 -1.437838e-17
    outer loop
      vertex   4.683572e+00 1.450000e+00 -9.953098e+00
      vertex   4.692125e+00 1.450000e+00 -8.830853e+00
      vertex   4.219535e+00 1.450000e+00 -9.066175e+00
    endloop
  endfacet
  facet normal 1.785003e-15 -1.000000e+00 -6.750444e-17
    outer loop
      vertex   4.683572e+00 1.450000e+00 -9.953098e+00
      vertex   4.219535e+00 1.450000e+00 -9.066175e+00
      vertex   4.177570e+00 1.450000e+00 -1.017585e+01
    endloop
  endfacet
  facet normal 3.728653e-15 -1.000000e+00 -1.410086e-16
    outer loop
      vertex   4.177570e+00 1.450000e+00 -1.017585e+01
      vertex   4.219535e+00 1.450000e+00 -9.066175e+00
      vertex   3.735184e+00 1.450000e+00 -9.276228e+00
    endloop
  endfacet
  facet normal 3.529921e-15 -1.000000e+00 -2.387342e-16
    outer loop
      vertex   4.177570e+00 1.450000e+00 -1.017585e+01
      vertex   3.735184e+00 1.450000e+00 -9.276228e+00
      vertex   3.661015e+00 1.450000e+00 -1.037290e+01
    endloop
  endfacet
  facet normal 3.683066e-15 -1.000000e+00 -2.490917e-16
    outer loop
      vertex   3.661015e+00 1.450000e+00 -1.037290e+01
      vertex   3.735184e+00 1.450000e+00 -9.276228e+00
      vertex   3.240423e+00 1.450000e+00 -9.460426e+00
    endloop
  endfacet
  facet normal 4.957603e-15 -1.000000e+00 3.383909e-16
    outer loop
      vertex   3.661015e+00 1.450000e+00 -1.037290e+01
      vertex   3.240423e+00 1.450000e+00 -9.460426e+00
      vertex   3.135212e+00 1.450000e+00 -1.054374e+01
    endloop
  endfacet
  facet normal 3.371700e-15 -1.000000e+00 4.924134e-16
    outer loop
      vertex   3.135212e+00 1.450000e+00 -1.054374e+01
      vertex   3.240423e+00 1.450000e+00 -9.460426e+00
      vertex   2.736630e+00 1.450000e+00 -9.618256e+00
    endloop
  endfacet
  facet normal 1.722932e-15 -1.000000e+00 -2.176687e-16
    outer loop
      vertex   3.135212e+00 1.450000e+00 -1.054374e+01
      vertex   2.736630e+00 1.450000e+00 -9.618256e+00
      vertex   2.601489e+00 1.450000e+00 -1.068795e+01
    endloop
  endfacet
  facet normal 5.384339e-15 -1.000000e+00 -6.802371e-16
    outer loop
      vertex   2.601489e+00 1.450000e+00 -1.068795e+01
      vertex   2.736630e+00 1.450000e+00 -9.618256e+00
      vertex   2.225209e+00 1.450000e+00 -9.749279e+00
    endloop
  endfacet
  facet normal 5.103617e-15 -1.000000e+00 -7.927687e-16
    outer loop
      vertex   2.601489e+00 1.450000e+00 -1.068795e+01
      vertex   2.225209e+00 1.450000e+00 -9.749279e+00
      vertex   2.061194e+00 1.450000e+00 -1.080516e+01
    endloop
  endfacet
  facet normal 1.771075e-15 -1.000000e+00 -2.751094e-16
    outer loop
      vertex   2.061194e+00 1.450000e+00 -1.080516e+01
      vertex   2.225209e+00 1.450000e+00 -9.749279e+00
      vertex   1.707587e+00 1.450000e+00 -9.853129e+00
    endloop
  endfacet
  facet normal 3.213418e-15 -1.000000e+00 2.606124e-16
    outer loop
      vertex   2.061194e+00 1.450000e+00 -1.080516e+01
      vertex   1.707587e+00 1.450000e+00 -9.853129e+00
      vertex   1.515693e+00 1.450000e+00 -1.089508e+01
    endloop
  endfacet
  facet normal 3.366508e-15 -1.000000e+00 2.324181e-16
    outer loop
      vertex   1.515693e+00 1.450000e+00 -1.089508e+01
      vertex   1.707587e+00 1.450000e+00 -9.853129e+00
      vertex   1.185205e+00 1.450000e+00 -9.929516e+00
    endloop
  endfacet
  facet normal 4.769573e-15 -1.000000e+00 7.126546e-16
    outer loop
      vertex   1.515693e+00 1.450000e+00 -1.089508e+01
      vertex   1.185205e+00 1.450000e+00 -9.929516e+00
      vertex   9.663632e-01 1.450000e+00 -1.095747e+01
    endloop
  endfacet
  facet normal 5.007342e-15 -1.000000e+00 6.620359e-16
    outer loop
      vertex   9.663632e-01 1.450000e+00 -1.095747e+01
      vertex   1.185205e+00 1.450000e+00 -9.929516e+00
      vertex   6.595194e-01 1.450000e+00 -9.978228e+00
    endloop
  endfacet
  facet normal 3.213093e-15 -1.000000e+00 9.981097e-17
    outer loop
      vertex   9.663632e-01 1.450000e+00 -1.095747e+01
      vertex   6.595194e-01 1.450000e+00 -9.978228e+00
      vertex   4.145920e-01 1.450000e+00 -1.099218e+01
    endloop
  endfacet
  facet normal 3.364849e-15 -1.000000e+00 6.315343e-17
    outer loop
      vertex   4.145920e-01 1.450000e+00 -1.099218e+01
      vertex   6.595194e-01 1.450000e+00 -9.978228e+00
      vertex   1.319959e-01 1.450000e+00 -9.999129e+00
    endloop
  endfacet
  facet normal 1.612111e-15 -1.000000e+00 -4.356272e-16
    outer loop
      vertex   4.145920e-01 1.450000e+00 -1.099218e+01
      vertex   1.319959e-01 1.450000e+00 -9.999129e+00
      vertex   -1.382264e-01 1.450000e+00 -1.099913e+01
    endloop
  endfacet
  facet normal 3.353043e-15 -1.000000e+00 -9.060647e-16
    outer loop
      vertex   -1.382264e-01 1.450000e+00 -1.099913e+01
      vertex   1.319959e-01 1.450000e+00 -9.999129e+00
      vertex   -3.958956e-01 1.450000e+00 -9.992160e+00
    endloop
  endfacet
  facet normal 4.802774e-15 -1.000000e+00 -5.350998e-16
    outer loop
      vertex   -1.382264e-01 1.450000e+00 -1.099913e+01
      vertex   -3.958956e-01 1.450000e+00 -9.992160e+00
      vertex   -6.906957e-01 1.450000e+00 -1.097829e+01
    endloop
  endfacet
  facet normal 3.365092e-15 -1.000000e+00 -1.053114e-16
    outer loop
      vertex   -6.906957e-01 1.450000e+00 -1.097829e+01
      vertex   -3.958956e-01 1.450000e+00 -9.992160e+00
      vertex   -9.226836e-01 1.450000e+00 -9.957342e+00
    endloop
  endfacet
  facet normal 3.213158e-15 -1.000000e+00 -1.398348e-16
    outer loop
      vertex   -6.906957e-01 1.450000e+00 -1.097829e+01
      vertex   -9.226836e-01 1.450000e+00 -9.957342e+00
      vertex   -1.241420e+00 1.450000e+00 -1.092972e+01
    endloop
  endfacet
  facet normal 4.996430e-15 -1.000000e+00 -7.243722e-16
    outer loop
      vertex   -1.241420e+00 1.450000e+00 -1.092972e+01
      vertex   -9.226836e-01 1.450000e+00 -9.957342e+00
      vertex   -1.446900e+00 1.450000e+00 -9.894770e+00
    endloop
  endfacet
  facet normal 4.758602e-15 -1.000000e+00 -7.715905e-16
    outer loop
      vertex   -1.241420e+00 1.450000e+00 -1.092972e+01
      vertex   -1.446900e+00 1.450000e+00 -9.894770e+00
      vertex   -1.789009e+00 1.450000e+00 -1.085355e+01
    endloop
  endfacet
  facet normal 1.759191e-15 -1.000000e+00 2.986556e-16
    outer loop
      vertex   -1.789009e+00 1.450000e+00 -1.085355e+01
      vertex   -1.446900e+00 1.450000e+00 -9.894770e+00
      vertex   -1.967083e+00 1.450000e+00 -9.804620e+00
    endloop
  endfacet
  facet normal 3.380433e-15 -1.000000e+00 5.738919e-16
    outer loop
      vertex   -1.789009e+00 1.450000e+00 -1.085355e+01
      vertex   -1.967083e+00 1.450000e+00 -9.804620e+00
      vertex   -2.332078e+00 1.450000e+00 -1.074995e+01
    endloop
  endfacet
  facet normal 3.565885e-15 -1.000000e+00 5.022884e-16
    outer loop
      vertex   -2.332078e+00 1.450000e+00 -1.074995e+01
      vertex   -1.967083e+00 1.450000e+00 -9.804620e+00
      vertex   -2.481784e+00 1.450000e+00 -9.687143e+00
    endloop
  endfacet
  facet normal 3.424231e-15 -1.000000e+00 4.823351e-16
    outer loop
      vertex   -2.332078e+00 1.450000e+00 -1.074995e+01
      vertex   -2.481784e+00 1.450000e+00 -9.687143e+00
      vertex   -2.869257e+00 1.450000e+00 -1.061920e+01
    endloop
  endfacet
  facet normal 5.177265e-15 -1.000000e+00 -2.464333e-16
    outer loop
      vertex   -2.869257e+00 1.450000e+00 -1.061920e+01
      vertex   -2.481784e+00 1.450000e+00 -9.687143e+00
      vertex   -2.989568e+00 1.450000e+00 -9.542666e+00
    endloop
  endfacet
  facet normal 3.213521e-15 -1.000000e+00 -4.658986e-16
    outer loop
      vertex   -2.869257e+00 1.450000e+00 -1.061920e+01
      vertex   -2.989568e+00 1.450000e+00 -9.542666e+00
      vertex   -3.399187e+00 1.450000e+00 -1.046162e+01
    endloop
  endfacet
  facet normal 1.829965e-15 -1.000000e+00 1.508129e-16
    outer loop
      vertex   -3.399187e+00 1.450000e+00 -1.046162e+01
      vertex   -2.989568e+00 1.450000e+00 -9.542666e+00
      vertex   -3.489019e+00 1.450000e+00 -9.371592e+00
    endloop
  endfacet
  facet normal 5.264013e-15 -1.000000e+00 4.338229e-16
    outer loop
      vertex   -3.399187e+00 1.450000e+00 -1.046162e+01
      vertex   -3.489019e+00 1.450000e+00 -9.371592e+00
      vertex   -3.920531e+00 1.450000e+00 -1.027762e+01
    endloop
  endfacet
  facet normal 5.558978e-15 -1.000000e+00 2.933405e-16
    outer loop
      vertex   -3.920531e+00 1.450000e+00 -1.027762e+01
      vertex   -3.489019e+00 1.450000e+00 -9.371592e+00
      vertex   -3.978746e+00 1.450000e+00 -9.174398e+00
    endloop
  endfacet
  facet normal 3.550154e-15 -1.000000e+00 1.873373e-16
    outer loop
      vertex   -3.920531e+00 1.450000e+00 -1.027762e+01
      vertex   -3.978746e+00 1.450000e+00 -9.174398e+00
      vertex   -4.431971e+00 1.450000e+00 -1.006765e+01
    endloop
  endfacet
  facet normal 3.751033e-15 -1.000000e+00 8.541434e-17
    outer loop
      vertex   -4.431971e+00 1.450000e+00 -1.006765e+01
      vertex   -3.978746e+00 1.450000e+00 -9.174398e+00
      vertex   -4.457384e+00 1.450000e+00 -8.951633e+00
    endloop
  endfacet
  facet normal 1.794719e-15 -1.000000e+00 4.086734e-17
    outer loop
      vertex   -4.431971e+00 1.450000e+00 -1.006765e+01
      vertex   -4.457384e+00 1.450000e+00 -8.951633e+00
      vertex   -4.932215e+00 1.450000e+00 -9.832256e+00
    endloop
  endfacet
  facet normal 1.897388e-15 -1.000000e+00 -1.449193e-17
    outer loop
      vertex   -4.932215e+00 1.450000e+00 -9.832256e+00
      vertex   -4.457384e+00 1.450000e+00 -8.951633e+00
      vertex   -4.923597e+00 1.450000e+00 -8.703918e+00
    endloop
  endfacet
  facet normal 5.440347e-15 -1.000000e+00 -4.155244e-17
    outer loop
      vertex   -4.932215e+00 1.450000e+00 -9.832256e+00
      vertex   -4.923597e+00 1.450000e+00 -8.703918e+00
      vertex   -5.420001e+00 1.450000e+00 -9.572021e+00
    endloop
  endfacet
  facet normal 2.765936e-15 -1.000000e+00 1.487744e-15
    outer loop
      vertex   -5.420001e+00 1.450000e+00 -9.572021e+00
      vertex   -4.923597e+00 1.450000e+00 -8.703918e+00
      vertex   -5.894095e+00 1.450000e+00 -9.287607e+00
    endloop
  endfacet
  facet normal 4.775000e-15 -1.000000e+00 -1.852718e-15
    outer loop
      vertex   -5.894095e+00 1.450000e+00 -9.287607e+00
      vertex   -4.923597e+00 1.450000e+00 -8.703918e+00
      vertex   -5.376088e+00 1.450000e+00 -8.431944e+00
    endloop
  endfacet
  facet normal 4.622310e-15 -1.000000e+00 -1.760282e-15
    outer loop
      vertex   -5.894095e+00 1.450000e+00 -9.287607e+00
      vertex   -5.376088e+00 1.450000e+00 -8.431944e+00
      vertex   -6.353300e+00 1.450000e+00 -8.979732e+00
    endloop
  endfacet
  facet normal 2.907390e-15 -1.000000e+00 1.299004e-15
    outer loop
      vertex   -6.353300e+00 1.450000e+00 -8.979732e+00
      vertex   -5.376088e+00 1.450000e+00 -8.431944e+00
      vertex   -5.813595e+00 1.450000e+00 -8.136468e+00
    endloop
  endfacet
  facet normal 2.951911e-15 -1.000000e+00 1.270510e-15
    outer loop
      vertex   -6.353300e+00 1.450000e+00 -8.979732e+00
      vertex   -5.813595e+00 1.450000e+00 -8.136468e+00
      vertex   -6.796456e+00 1.450000e+00 -8.649173e+00
    endloop
  endfacet
  facet normal 2.999182e-15 -1.000000e+00 1.179891e-15
    outer loop
      vertex   -6.796456e+00 1.450000e+00 -8.649173e+00
      vertex   -5.813595e+00 1.450000e+00 -8.136468e+00
      vertex   -6.234898e+00 1.450000e+00 -7.818315e+00
    endloop
  endfacet
  facet normal 4.376153e-15 -1.000000e+00 2.492279e-16
    outer loop
      vertex   -6.796456e+00 1.450000e+00 -8.649173e+00
      vertex   -6.234898e+00 1.450000e+00 -7.818315e+00
      vertex   -7.222443e+00 1.450000e+00 -8.296765e+00
    endloop
  endfacet
  facet normal 5.264024e-15 -1.000000e+00 -1.583383e-15
    outer loop
      vertex   -7.222443e+00 1.450000e+00 -8.296765e+00
      vertex   -6.234898e+00 1.450000e+00 -7.818315e+00
      vertex   -6.638823e+00 1.450000e+00 -7.478370e+00
    endloop
  endfacet
  facet normal 3.837922e-15 -1.000000e+00 -5.663903e-16
    outer loop
      vertex   -7.222443e+00 1.450000e+00 -8.296765e+00
      vertex   -6.638823e+00 1.450000e+00 -7.478370e+00
      vertex   -7.630186e+00 1.450000e+00 -7.923399e+00
    endloop
  endfacet
  facet normal 3.169038e-15 -1.000000e+00 9.236396e-16
    outer loop
      vertex   -7.630186e+00 1.450000e+00 -7.923399e+00
      vertex   -6.638823e+00 1.450000e+00 -7.478370e+00
      vertex   -7.024245e+00 1.450000e+00 -7.117582e+00
    endloop
  endfacet
  facet normal 3.198923e-15 -1.000000e+00 9.011679e-16
    outer loop
      vertex   -7.630186e+00 1.450000e+00 -7.923399e+00
      vertex   -7.024245e+00 1.450000e+00 -7.117582e+00
      vertex   -8.018655e+00 1.450000e+00 -7.530018e+00
    endloop
  endfacet
  facet normal 3.246353e-15 -1.000000e+00 7.868100e-16
    outer loop
      vertex   -8.018655e+00 1.450000e+00 -7.530018e+00
      vertex   -7.024245e+00 1.450000e+00 -7.117582e+00
      vertex   -7.390089e+00 1.450000e+00 -6.736956e+00
    endloop
  endfacet
  facet normal 4.549077e-15 -1.000000e+00 -2.457040e-16
    outer loop
      vertex   -8.018655e+00 1.450000e+00 -7.530018e+00
      vertex   -7.390089e+00 1.450000e+00 -6.736956e+00
      vertex   -8.386868e+00 1.450000e+00 -7.117616e+00
    endloop
  endfacet
  facet normal 4.626475e-15 -1.000000e+00 -4.483760e-16
    outer loop
      vertex   -8.386868e+00 1.450000e+00 -7.117616e+00
      vertex   -7.390089e+00 1.450000e+00 -6.736956e+00
      vertex   -7.735336e+00 1.450000e+00 -6.337553e+00
    endloop
  endfacet
  facet normal 4.595156e-15 -1.000000e+00 -4.222172e-16
    outer loop
      vertex   -8.386868e+00 1.450000e+00 -7.117616e+00
      vertex   -7.735336e+00 1.450000e+00 -6.337553e+00
      vertex   -8.733894e+00 1.450000e+00 -6.687233e+00
    endloop
  endfacet
  facet normal 4.083294e-15 -1.000000e+00 1.039473e-15
    outer loop
      vertex   -8.733894e+00 1.450000e+00 -6.687233e+00
      vertex   -7.735336e+00 1.450000e+00 -6.337553e+00
      vertex   -8.059022e+00 1.450000e+00 -5.920486e+00
    endloop
  endfacet
  facet normal 4.119730e-15 -1.000000e+00 1.007403e-15
    outer loop
      vertex   -8.733894e+00 1.450000e+00 -6.687233e+00
      vertex   -8.059022e+00 1.450000e+00 -5.920486e+00
      vertex   -9.058859e+00 1.450000e+00 -6.239958e+00
    endloop
  endfacet
  facet normal 4.170384e-15 -1.000000e+00 8.488728e-16
    outer loop
      vertex   -9.058859e+00 1.450000e+00 -6.239958e+00
      vertex   -8.059022e+00 1.450000e+00 -5.920486e+00
      vertex   -8.360247e+00 1.450000e+00 -5.486918e+00
    endloop
  endfacet
  facet normal 4.199695e-15 -1.000000e+00 8.216799e-16
    outer loop
      vertex   -9.058859e+00 1.450000e+00 -6.239958e+00
      vertex   -8.360247e+00 1.450000e+00 -5.486918e+00
      vertex   -9.360939e+00 1.450000e+00 -5.776921e+00
    endloop
  endfacet
  facet normal 4.248856e-15 -1.000000e+00 6.520442e-16
    outer loop
      vertex   -9.360939e+00 1.450000e+00 -5.776921e+00
      vertex   -8.360247e+00 1.450000e+00 -5.486918e+00
      vertex   -8.638170e+00 1.450000e+00 -5.038057e+00
    endloop
  endfacet
  facet normal 4.271102e-15 -1.000000e+00 6.302830e-16
    outer loop
      vertex   -9.360939e+00 1.450000e+00 -5.776921e+00
      vertex   -8.638170e+00 1.450000e+00 -5.038057e+00
      vertex   -9.639373e+00 1.450000e+00 -5.299290e+00
    endloop
  endfacet
  facet normal 4.756273e-15 -1.000000e+00 -1.229178e-15
    outer loop
      vertex   -9.639373e+00 1.450000e+00 -5.299290e+00
      vertex   -8.638170e+00 1.450000e+00 -5.038057e+00
      vertex   -8.892017e+00 1.450000e+00 -4.575153e+00
    endloop
  endfacet
  facet normal 4.709371e-15 -1.000000e+00 -1.180773e-15
    outer loop
      vertex   -9.639373e+00 1.450000e+00 -5.299290e+00
      vertex   -8.892017e+00 1.450000e+00 -4.575153e+00
      vertex   -9.893458e+00 1.450000e+00 -4.808273e+00
    endloop
  endfacet
  facet normal 4.378351e-15 -1.000000e+00 2.412288e-16
    outer loop
      vertex   -9.893458e+00 1.450000e+00 -4.808273e+00
      vertex   -8.892017e+00 1.450000e+00 -4.575153e+00
      vertex   -9.121081e+00 1.450000e+00 -4.099498e+00
    endloop
  endfacet
  facet normal 3.244233e-15 -1.000000e+00 1.477115e-15
    outer loop
      vertex   -9.893458e+00 1.450000e+00 -4.808273e+00
      vertex   -9.121081e+00 1.450000e+00 -4.099498e+00
      vertex   -1.012255e+01 1.450000e+00 -4.305110e+00
    endloop
  endfacet
  facet normal 3.611848e-15 -1.000000e+00 -3.134113e-16
    outer loop
      vertex   -1.012255e+01 1.450000e+00 -4.305110e+00
      vertex   -9.121081e+00 1.450000e+00 -4.099498e+00
      vertex   -9.324722e+00 1.450000e+00 -3.612417e+00
    endloop
  endfacet
  facet normal 3.601770e-15 -1.000000e+00 -3.018037e-16
    outer loop
      vertex   -1.012255e+01 1.450000e+00 -4.305110e+00
      vertex   -9.324722e+00 1.450000e+00 -3.612417e+00
      vertex   -1.032607e+01 1.450000e+00 -3.791072e+00
    endloop
  endfacet
  facet normal 3.335283e-15 -1.000000e+00 1.191832e-15
    outer loop
      vertex   -1.032607e+01 1.450000e+00 -3.791072e+00
      vertex   -9.324722e+00 1.450000e+00 -3.612417e+00
      vertex   -9.502374e+00 1.450000e+00 -3.115267e+00
    endloop
  endfacet
  facet normal 4.463764e-15 -1.000000e+00 -1.836063e-16
    outer loop
      vertex   -1.032607e+01 1.450000e+00 -3.791072e+00
      vertex   -9.502374e+00 1.450000e+00 -3.115267e+00
      vertex   -1.050351e+01 1.450000e+00 -3.267457e+00
    endloop
  endfacet
  facet normal 4.498413e-15 -1.000000e+00 -4.115340e-16
    outer loop
      vertex   -1.050351e+01 1.450000e+00 -3.267457e+00
      vertex   -9.502374e+00 1.450000e+00 -3.115267e+00
      vertex   -9.653541e+00 1.450000e+00 -2.609434e+00
    endloop
  endfacet
  facet normal 3.427054e-15 -1.000000e+00 9.723430e-16
    outer loop
      vertex   -1.050351e+01 1.450000e+00 -3.267457e+00
      vertex   -9.653541e+00 1.450000e+00 -2.609434e+00
      vertex   -1.065441e+01 1.450000e+00 -2.735589e+00
    endloop
  endfacet
  facet normal 3.444471e-15 -1.000000e+00 8.341608e-16
    outer loop
      vertex   -1.065441e+01 1.450000e+00 -2.735589e+00
      vertex   -9.653541e+00 1.450000e+00 -2.609434e+00
      vertex   -9.777802e+00 1.450000e+00 -2.096329e+00
    endloop
  endfacet
  facet normal 3.470369e-15 -1.000000e+00 7.986464e-16
    outer loop
      vertex   -1.065441e+01 1.450000e+00 -2.735589e+00
      vertex   -9.777802e+00 1.450000e+00 -2.096329e+00
      vertex   -1.077841e+01 1.450000e+00 -2.196810e+00
    endloop
  endfacet
  facet normal 3.485147e-15 -1.000000e+00 6.514869e-16
    outer loop
      vertex   -1.077841e+01 1.450000e+00 -2.196810e+00
      vertex   -9.777802e+00 1.450000e+00 -2.096329e+00
      vertex   -9.874810e+00 1.450000e+00 -1.577381e+00
    endloop
  endfacet
  facet normal 4.501716e-15 -1.000000e+00 -8.314395e-16
    outer loop
      vertex   -1.077841e+01 1.450000e+00 -2.196810e+00
      vertex   -9.874810e+00 1.450000e+00 -1.577381e+00
      vertex   -1.087517e+01 1.450000e+00 -1.652481e+00
    endloop
  endfacet
  facet normal 4.647788e-15 -1.000000e+00 -2.777144e-15
    outer loop
      vertex   -1.087517e+01 1.450000e+00 -1.652481e+00
      vertex   -9.874810e+00 1.450000e+00 -1.577381e+00
      vertex   -9.944295e+00 1.450000e+00 -1.054036e+00
    endloop
  endfacet
  facet normal 2.647393e-15 -1.000000e+00 3.344435e-16
    outer loop
      vertex   -1.087517e+01 1.450000e+00 -1.652481e+00
      vertex   -9.944295e+00 1.450000e+00 -1.054036e+00
      vertex   -1.094446e+01 1.450000e+00 -1.103979e+00
    endloop
  endfacet
  facet normal 2.653577e-15 -1.000000e+00 2.106033e-16
    outer loop
      vertex   -1.094446e+01 1.450000e+00 -1.103979e+00
      vertex   -9.944295e+00 1.450000e+00 -1.054036e+00
      vertex   -9.986064e+00 1.450000e+00 -5.277535e-01
    endloop
  endfacet
  facet normal 2.659413e-15 -1.000000e+00 2.008959e-16
    outer loop
      vertex   -1.094446e+01 1.450000e+00 -1.103979e+00
      vertex   -9.986064e+00 1.450000e+00 -5.277535e-01
      vertex   -1.098611e+01 1.450000e+00 -5.526875e-01
    endloop
  endfacet
  facet normal 2.662669e-15 -1.000000e+00 7.031064e-17
    outer loop
      vertex   -1.098611e+01 1.450000e+00 -5.526875e-01
      vertex   -9.986064e+00 1.450000e+00 -5.277535e-01
      vertex   -1.000000e+01 1.450000e+00 -1.224647e-15
    endloop
  endfacet
  facet normal -3.635179e-15 1.000000e+00 9.138126e-17
    outer loop
      vertex   -1.098611e+01 7.450000e+00 5.526875e-01
      vertex   1.099653e+01 7.450000e+00 2.764310e-01
      vertex   -1.100000e+01 7.450000e+00 -1.347111e-15
    endloop
  endfacet
  facet normal -3.634031e-15 1.000000e+00 -2.075771e-30
    outer loop
      vertex   -1.100000e+01 7.450000e+00 -1.347111e-15
      vertex   1.099653e+01 7.450000e+00 2.764310e-01
      vertex   1.099653e+01 7.450000e+00 -2.764310e-01
    endloop
  endfacet
  facet normal -3.635179e-15 1.000000e+00 -9.138126e-17
    outer loop
      vertex   -1.100000e+01 7.450000e+00 -1.347111e-15
      vertex   1.099653e+01 7.450000e+00 -2.764310e-01
      vertex   -1.098611e+01 7.450000e+00 -5.526875e-01
    endloop
  endfacet
  facet normal -3.638628e-15 1.000000e+00 1.830516e-16
    outer loop
      vertex   -1.098611e+01 7.450000e+00 -5.526875e-01
      vertex   1.099653e+01 7.450000e+00 -2.764310e-01
      vertex   1.096875e+01 7.450000e+00 -8.285949e-01
    endloop
  endfacet
  facet normal -3.644388e-15 1.000000e+00 -2.753023e-16
    outer loop
      vertex   -1.098611e+01 7.450000e+00 -5.526875e-01
      vertex   1.096875e+01 7.450000e+00 -8.285949e-01
      vertex   -1.094446e+01 7.450000e+00 -1.103979e+00
    endloop
  endfacet
  facet normal -3.652478e-15 1.000000e+00 3.684292e-16
    outer loop
      vertex   -1.094446e+01 7.450000e+00 -1.103979e+00
      vertex   1.096875e+01 7.450000e+00 -8.285949e-01
      vertex   1.091326e+01 7.450000e+00 -1.378666e+00
    endloop
  endfacet
  facet normal -3.662923e-15 1.000000e+00 -4.627348e-16
    outer loop
      vertex   -1.094446e+01 7.450000e+00 -1.103979e+00
      vertex   1.091326e+01 7.450000e+00 -1.378666e+00
      vertex   -1.087517e+01 7.450000e+00 -1.652481e+00
    endloop
  endfacet
  facet normal -3.675758e-15 1.000000e+00 5.585312e-16
    outer loop
      vertex   -1.087517e+01 7.450000e+00 -1.652481e+00
      vertex   1.091326e+01 7.450000e+00 -1.378666e+00
      vertex   1.083021e+01 7.450000e+00 -1.925254e+00
    endloop
  endfacet
  facet normal -3.670471e-15 1.000000e+00 9.792075e-16
    outer loop
      vertex   -1.087517e+01 7.450000e+00 -1.652481e+00
      vertex   1.083021e+01 7.450000e+00 -1.925254e+00
      vertex   -1.077841e+01 7.450000e+00 -2.196810e+00
    endloop
  endfacet
  facet normal -3.646902e-15 1.000000e+00 -8.962418e-16
    outer loop
      vertex   -1.077841e+01 7.450000e+00 -2.196810e+00
      vertex   1.083021e+01 7.450000e+00 -1.925254e+00
      vertex   1.071980e+01 7.450000e+00 -2.466978e+00
    endloop
  endfacet
  facet normal -3.646184e-15 1.000000e+00 -8.391072e-16
    outer loop
      vertex   -1.077841e+01 7.450000e+00 -2.196810e+00
      vertex   1.071980e+01 7.450000e+00 -2.466978e+00
      vertex   -1.065441e+01 7.450000e+00 -2.735589e+00
    endloop
  endfacet
  facet normal -3.647655e-15 1.000000e+00 -7.220598e-16
    outer loop
      vertex   -1.065441e+01 7.450000e+00 -2.735589e+00
      vertex   1.071980e+01 7.450000e+00 -2.466978e+00
      vertex   1.058230e+01 7.450000e+00 -3.002471e+00
    endloop
  endfacet
  facet normal -3.630540e-15 1.000000e+00 6.398433e-16
    outer loop
      vertex   -1.065441e+01 7.450000e+00 -2.735589e+00
      vertex   1.058230e+01 7.450000e+00 -3.002471e+00
      vertex   -1.050351e+01 7.450000e+00 -3.267457e+00
    endloop
  endfacet
  facet normal -3.636716e-15 1.000000e+00 1.131319e-15
    outer loop
      vertex   -1.050351e+01 7.450000e+00 -3.267457e+00
      vertex   1.058230e+01 7.450000e+00 -3.002471e+00
      vertex   1.041808e+01 7.450000e+00 -3.530380e+00
    endloop
  endfacet
  facet normal -3.645140e-15 1.000000e+00 4.610138e-16
    outer loop
      vertex   -1.050351e+01 7.450000e+00 -3.267457e+00
      vertex   1.041808e+01 7.450000e+00 -3.530380e+00
      vertex   -1.032607e+01 7.450000e+00 -3.791072e+00
    endloop
  endfacet
  facet normal -3.634609e-15 1.000000e+00 -3.769625e-16
    outer loop
      vertex   -1.032607e+01 7.450000e+00 -3.791072e+00
      vertex   1.041808e+01 7.450000e+00 -3.530380e+00
      vertex   1.022754e+01 7.450000e+00 -4.049370e+00
    endloop
  endfacet
  facet normal -3.648023e-15 1.000000e+00 -1.444355e-15
    outer loop
      vertex   -1.032607e+01 7.450000e+00 -3.791072e+00
      vertex   1.022754e+01 7.450000e+00 -4.049370e+00
      vertex   -1.012255e+01 7.450000e+00 -4.305110e+00
    endloop
  endfacet
  facet normal -3.663818e-15 1.000000e+00 -1.875486e-16
    outer loop
      vertex   -1.012255e+01 7.450000e+00 -4.305110e+00
      vertex   1.022754e+01 7.450000e+00 -4.049370e+00
      vertex   1.001117e+01 7.450000e+00 -4.558131e+00
    endloop
  endfacet
  facet normal -3.660221e-15 1.000000e+00 9.867403e-17
    outer loop
      vertex   -1.012255e+01 7.450000e+00 -4.305110e+00
      vertex   1.001117e+01 7.450000e+00 -4.558131e+00
      vertex   -9.893458e+00 7.450000e+00 -4.808273e+00
    endloop
  endfacet
  facet normal -3.658881e-15 1.000000e+00 -7.955786e-18
    outer loop
      vertex   -9.893458e+00 7.450000e+00 -4.808273e+00
      vertex   1.001117e+01 7.450000e+00 -4.558131e+00
      vertex   9.769501e+00 7.450000e+00 -5.055378e+00
    endloop
  endfacet
  facet normal -3.659849e-15 1.000000e+00 -8.499018e-17
    outer loop
      vertex   -9.893458e+00 7.450000e+00 -4.808273e+00
      vertex   9.769501e+00 7.450000e+00 -5.055378e+00
      vertex   -9.639373e+00 7.450000e+00 -5.299290e+00
    endloop
  endfacet
  facet normal -3.663186e-15 1.000000e+00 1.805800e-16
    outer loop
      vertex   -9.639373e+00 7.450000e+00 -5.299290e+00
      vertex   9.769501e+00 7.450000e+00 -5.055378e+00
      vertex   9.503158e+00 7.450000e+00 -5.539855e+00
    endloop
  endfacet
  facet normal -3.645424e-15 1.000000e+00 1.594007e-15
    outer loop
      vertex   -9.639373e+00 7.450000e+00 -5.299290e+00
      vertex   9.503158e+00 7.450000e+00 -5.539855e+00
      vertex   -9.360939e+00 7.450000e+00 -5.776921e+00
    endloop
  endfacet
  facet normal -3.629819e-15 1.000000e+00 3.522687e-16
    outer loop
      vertex   -9.360939e+00 7.450000e+00 -5.776921e+00
      vertex   9.503158e+00 7.450000e+00 -5.539855e+00
      vertex   9.212808e+00 7.450000e+00 -6.010338e+00
    endloop
  endfacet
  facet normal -3.639983e-15 1.000000e+00 -4.565294e-16
    outer loop
      vertex   -9.360939e+00 7.450000e+00 -5.776921e+00
      vertex   9.212808e+00 7.450000e+00 -6.010338e+00
      vertex   -9.058859e+00 7.450000e+00 -6.239958e+00
    endloop
  endfacet
  facet normal -3.652825e-15 1.000000e+00 5.653990e-16
    outer loop
      vertex   -9.058859e+00 7.450000e+00 -6.239958e+00
      vertex   9.212808e+00 7.450000e+00 -6.010338e+00
      vertex   8.899187e+00 7.450000e+00 -6.465638e+00
    endloop
  endfacet
  facet normal -3.668471e-15 1.000000e+00 -6.795445e-16
    outer loop
      vertex   -9.058859e+00 7.450000e+00 -6.239958e+00
      vertex   8.899187e+00 7.450000e+00 -6.465638e+00
      vertex   -8.733894e+00 7.450000e+00 -6.687233e+00
    endloop
  endfacet
  facet normal -3.661386e-15 1.000000e+00 -1.243280e-15
    outer loop
      vertex   -8.733894e+00 7.450000e+00 -6.687233e+00
      vertex   8.899187e+00 7.450000e+00 -6.465638e+00
      vertex   8.563085e+00 7.450000e+00 -6.904605e+00
    endloop
  endfacet
  facet normal -3.630683e-15 1.000000e+00 1.199893e-15
    outer loop
      vertex   -8.733894e+00 7.450000e+00 -6.687233e+00
      vertex   8.563085e+00 7.450000e+00 -6.904605e+00
      vertex   -8.386868e+00 7.450000e+00 -7.117616e+00
    endloop
  endfacet
  facet normal -3.627815e-15 1.000000e+00 9.717319e-16
    outer loop
      vertex   -8.386868e+00 7.450000e+00 -7.117616e+00
      vertex   8.563085e+00 7.450000e+00 -6.904605e+00
      vertex   8.205353e+00 7.450000e+00 -7.326131e+00
    endloop
  endfacet
  facet normal -3.653961e-15 1.000000e+00 -1.108762e-15
    outer loop
      vertex   -8.386868e+00 7.450000e+00 -7.117616e+00
      vertex   8.205353e+00 7.450000e+00 -7.326131e+00
      vertex   -8.018655e+00 7.450000e+00 -7.530018e+00
    endloop
  endfacet
  facet normal -3.655645e-15 1.000000e+00 -9.747448e-16
    outer loop
      vertex   -8.018655e+00 7.450000e+00 -7.530018e+00
      vertex   8.205353e+00 7.450000e+00 -7.326131e+00
      vertex   7.826892e+00 7.450000e+00 -7.729150e+00
    endloop
  endfacet
  facet normal -3.631718e-15 1.000000e+00 9.292484e-16
    outer loop
      vertex   -8.018655e+00 7.450000e+00 -7.530018e+00
      vertex   7.826892e+00 7.450000e+00 -7.729150e+00
      vertex   -7.630186e+00 7.450000e+00 -7.923399e+00
    endloop
  endfacet
  facet normal -3.638416e-15 1.000000e+00 1.462220e-15
    outer loop
      vertex   -7.630186e+00 7.450000e+00 -7.923399e+00
      vertex   7.826892e+00 7.450000e+00 -7.729150e+00
      vertex   7.428661e+00 7.450000e+00 -8.112644e+00
    endloop
  endfacet
  facet normal -3.677365e-15 1.000000e+00 -1.637111e-15
    outer loop
      vertex   -7.630186e+00 7.450000e+00 -7.923399e+00
      vertex   7.428661e+00 7.450000e+00 -8.112644e+00
      vertex   -7.222443e+00 7.450000e+00 -8.296765e+00
    endloop
  endfacet
  facet normal -3.689707e-15 1.000000e+00 -6.549835e-16
    outer loop
      vertex   -7.222443e+00 7.450000e+00 -8.296765e+00
      vertex   7.428661e+00 7.450000e+00 -8.112644e+00
      vertex   7.011664e+00 7.450000e+00 -8.475646e+00
    endloop
  endfacet
  facet normal -3.673941e-15 1.000000e+00 5.996002e-16
    outer loop
      vertex   -7.222443e+00 7.450000e+00 -8.296765e+00
      vertex   7.011664e+00 7.450000e+00 -8.475646e+00
      vertex   -6.796456e+00 7.450000e+00 -8.649173e+00
    endloop
  endfacet
  facet normal -3.659581e-15 1.000000e+00 -5.430577e-16
    outer loop
      vertex   -6.796456e+00 7.450000e+00 -8.649173e+00
      vertex   7.011664e+00 7.450000e+00 -8.475646e+00
      vertex   6.576955e+00 7.450000e+00 -8.817237e+00
    endloop
  endfacet
  facet normal -3.646662e-15 1.000000e+00 4.849869e-16
    outer loop
      vertex   -6.796456e+00 7.450000e+00 -8.649173e+00
      vertex   6.576955e+00 7.450000e+00 -8.817237e+00
      vertex   -6.353300e+00 7.450000e+00 -8.979732e+00
    endloop
  endfacet
  facet normal -3.635226e-15 1.000000e+00 -4.249538e-16
    outer loop
      vertex   -6.353300e+00 7.450000e+00 -8.979732e+00
      vertex   6.576955e+00 7.450000e+00 -8.817237e+00
      vertex   6.125632e+00 7.450000e+00 -9.136555e+00
    endloop
  endfacet
  facet normal -3.625331e-15 1.000000e+00 3.624409e-16
    outer loop
      vertex   -6.353300e+00 7.450000e+00 -8.979732e+00
      vertex   6.125632e+00 7.450000e+00 -9.136555e+00
      vertex   -5.894095e+00 7.450000e+00 -9.287607e+00
    endloop
  endfacet
  facet normal -3.617046e-15 1.000000e+00 -2.968246e-16
    outer loop
      vertex   -5.894095e+00 7.450000e+00 -9.287607e+00
      vertex   6.125632e+00 7.450000e+00 -9.136555e+00
      vertex   5.658835e+00 7.450000e+00 -9.432793e+00
    endloop
  endfacet
  facet normal -3.610459e-15 1.000000e+00 2.273443e-16
    outer loop
      vertex   -5.894095e+00 7.450000e+00 -9.287607e+00
      vertex   5.658835e+00 7.450000e+00 -9.432793e+00
      vertex   -5.420001e+00 7.450000e+00 -9.572021e+00
    endloop
  endfacet
  facet normal -3.605678e-15 1.000000e+00 -1.530602e-16
    outer loop
      vertex   -5.420001e+00 7.450000e+00 -9.572021e+00
      vertex   5.658835e+00 7.450000e+00 -9.432793e+00
      vertex   5.177743e+00 7.450000e+00 -9.705203e+00
    endloop
  endfacet
  facet normal -3.602840e-15 1.000000e+00 7.279639e-17
    outer loop
      vertex   -5.420001e+00 7.450000e+00 -9.572021e+00
      vertex   5.177743e+00 7.450000e+00 -9.705203e+00
      vertex   -4.932215e+00 7.450000e+00 -9.832256e+00
    endloop
  endfacet
  facet normal -3.602113e-15 1.000000e+00 1.493823e-17
    outer loop
      vertex   -4.932215e+00 7.450000e+00 -9.832256e+00
      vertex   5.177743e+00 7.450000e+00 -9.705203e+00
      vertex   4.683572e+00 7.450000e+00 -9.953098e+00
    endloop
  endfacet
  facet normal -3.603709e-15 1.000000e+00 -1.120619e-16
    outer loop
      vertex   -4.932215e+00 7.450000e+00 -9.832256e+00
      vertex   4.683572e+00 7.450000e+00 -9.953098e+00
      vertex   -4.431971e+00 7.450000e+00 -1.006765e+01
    endloop
  endfacet
  facet normal -3.607896e-15 1.000000e+00 2.210808e-16
    outer loop
      vertex   -4.431971e+00 7.450000e+00 -1.006765e+01
      vertex   4.683572e+00 7.450000e+00 -9.953098e+00
      vertex   4.177570e+00 7.450000e+00 -1.017585e+01
    endloop
  endfacet
  facet normal -3.615014e-15 1.000000e+00 -3.453244e-16
    outer loop
      vertex   -4.431971e+00 7.450000e+00 -1.006765e+01
      vertex   4.177570e+00 7.450000e+00 -1.017585e+01
      vertex   -3.920531e+00 7.450000e+00 -1.027762e+01
    endloop
  endfacet
  facet normal -3.625502e-15 1.000000e+00 4.892992e-16
    outer loop
      vertex   -3.920531e+00 7.450000e+00 -1.027762e+01
      vertex   4.177570e+00 7.450000e+00 -1.017585e+01
      vertex   3.661015e+00 7.450000e+00 -1.037290e+01
    endloop
  endfacet
  facet normal -3.639936e-15 1.000000e+00 -6.592325e-16
    outer loop
      vertex   -3.920531e+00 7.450000e+00 -1.027762e+01
      vertex   3.661015e+00 7.450000e+00 -1.037290e+01
      vertex   -3.399187e+00 7.450000e+00 -1.046162e+01
    endloop
  endfacet
  facet normal -3.659078e-15 1.000000e+00 8.639328e-16
    outer loop
      vertex   -3.399187e+00 7.450000e+00 -1.046162e+01
      vertex   3.661015e+00 7.450000e+00 -1.037290e+01
      vertex   3.135212e+00 7.450000e+00 -1.054374e+01
    endloop
  endfacet
  facet normal -3.683962e-15 1.000000e+00 -1.116199e-15
    outer loop
      vertex   -3.399187e+00 7.450000e+00 -1.046162e+01
      vertex   3.135212e+00 7.450000e+00 -1.054374e+01
      vertex   -2.869257e+00 7.450000e+00 -1.061920e+01
    endloop
  endfacet
  facet normal -3.716026e-15 1.000000e+00 1.435214e-15
    outer loop
      vertex   -2.869257e+00 7.450000e+00 -1.061920e+01
      vertex   3.135212e+00 7.450000e+00 -1.054374e+01
      vertex   2.601489e+00 7.450000e+00 -1.068795e+01
    endloop
  endfacet
  facet normal -3.757321e-15 1.000000e+00 -1.850802e-15
    outer loop
      vertex   -2.869257e+00 7.450000e+00 -1.061920e+01
      vertex   2.601489e+00 7.450000e+00 -1.068795e+01
      vertex   -2.332078e+00 7.450000e+00 -1.074995e+01
    endloop
  endfacet
  facet normal -3.709801e-15 1.000000e+00 -5.632168e-15
    outer loop
      vertex   -2.332078e+00 7.450000e+00 -1.074995e+01
      vertex   2.601489e+00 7.450000e+00 -1.068795e+01
      vertex   2.061194e+00 7.450000e+00 -1.080516e+01
    endloop
  endfacet
  facet normal -3.549637e-15 1.000000e+00 7.112591e-15
    outer loop
      vertex   -2.332078e+00 7.450000e+00 -1.074995e+01
      vertex   2.061194e+00 7.450000e+00 -1.080516e+01
      vertex   -1.789009e+00 7.450000e+00 -1.085355e+01
    endloop
  endfacet
  facet normal -3.477080e-15 1.000000e+00 1.338967e-15
    outer loop
      vertex   -1.789009e+00 7.450000e+00 -1.085355e+01
      vertex   2.061194e+00 7.450000e+00 -1.080516e+01
      vertex   1.515693e+00 7.450000e+00 -1.089508e+01
    endloop
  endfacet
  facet normal -3.518727e-15 1.000000e+00 -1.975056e-15
    outer loop
      vertex   -1.789009e+00 7.450000e+00 -1.085355e+01
      vertex   1.515693e+00 7.450000e+00 -1.089508e+01
      vertex   -1.241420e+00 7.450000e+00 -1.092972e+01
    endloop
  endfacet
  facet normal -3.582098e-15 1.000000e+00 3.067553e-15
    outer loop
      vertex   -1.241420e+00 7.450000e+00 -1.092972e+01
      vertex   1.515693e+00 7.450000e+00 -1.089508e+01
      vertex   9.663632e-01 7.450000e+00 -1.095747e+01
    endloop
  endfacet
  facet normal -3.686313e-15 1.000000e+00 -5.225205e-15
    outer loop
      vertex   -1.241420e+00 7.450000e+00 -1.092972e+01
      vertex   9.663632e-01 7.450000e+00 -1.095747e+01
      vertex   -6.906957e-01 7.450000e+00 -1.097829e+01
    endloop
  endfacet
  facet normal -3.884919e-15 1.000000e+00 1.057857e-14
    outer loop
      vertex   -6.906957e-01 7.450000e+00 -1.097829e+01
      vertex   9.663632e-01 7.450000e+00 -1.095747e+01
      vertex   4.145920e-01 7.450000e+00 -1.099218e+01
    endloop
  endfacet
  facet normal -4.418885e-15 1.000000e+00 -3.191085e-14
    outer loop
      vertex   -6.906957e-01 7.450000e+00 -1.097829e+01
      vertex   4.145920e-01 7.450000e+00 -1.099218e+01
      vertex   -1.382264e-01 7.450000e+00 -1.099913e+01
    endloop
  endfacet
  facet normal -3.638628e-15 1.000000e+00 -1.830516e-16
    outer loop
      vertex   1.099653e+01 7.450000e+00 2.764310e-01
      vertex   -1.098611e+01 7.450000e+00 5.526875e-01
      vertex   1.096875e+01 7.450000e+00 8.285949e-01
    endloop
  endfacet
  facet normal -3.644388e-15 1.000000e+00 2.753023e-16
    outer loop
      vertex   1.096875e+01 7.450000e+00 8.285949e-01
      vertex   -1.098611e+01 7.450000e+00 5.526875e-01
      vertex   -1.094446e+01 7.450000e+00 1.103979e+00
    endloop
  endfacet
  facet normal -3.652478e-15 1.000000e+00 -3.684292e-16
    outer loop
      vertex   1.096875e+01 7.450000e+00 8.285949e-01
      vertex   -1.094446e+01 7.450000e+00 1.103979e+00
      vertex   1.091326e+01 7.450000e+00 1.378666e+00
    endloop
  endfacet
  facet normal -3.662923e-15 1.000000e+00 4.627348e-16
    outer loop
      vertex   1.091326e+01 7.450000e+00 1.378666e+00
      vertex   -1.094446e+01 7.450000e+00 1.103979e+00
      vertex   -1.087517e+01 7.450000e+00 1.652481e+00
    endloop
  endfacet
  facet normal -3.675758e-15 1.000000e+00 -5.585312e-16
    outer loop
      vertex   1.091326e+01 7.450000e+00 1.378666e+00
      vertex   -1.087517e+01 7.450000e+00 1.652481e+00
      vertex   1.083021e+01 7.450000e+00 1.925254e+00
    endloop
  endfacet
  facet normal -3.670471e-15 1.000000e+00 -9.792075e-16
    outer loop
      vertex   1.083021e+01 7.450000e+00 1.925254e+00
      vertex   -1.087517e+01 7.450000e+00 1.652481e+00
      vertex   -1.077841e+01 7.450000e+00 2.196810e+00
    endloop
  endfacet
  facet normal -3.646902e-15 1.000000e+00 8.962418e-16
    outer loop
      vertex   1.083021e+01 7.450000e+00 1.925254e+00
      vertex   -1.077841e+01 7.450000e+00 2.196810e+00
      vertex   1.071980e+01 7.450000e+00 2.466978e+00
    endloop
  endfacet
  facet normal -3.646184e-15 1.000000e+00 8.391072e-16
    outer loop
      vertex   1.071980e+01 7.450000e+00 2.466978e+00
      vertex   -1.077841e+01 7.450000e+00 2.196810e+00
      vertex   -1.065441e+01 7.450000e+00 2.735589e+00
    endloop
  endfacet
  facet normal -3.647655e-15 1.000000e+00 7.220598e-16
    outer loop
      vertex   1.071980e+01 7.450000e+00 2.466978e+00
      vertex   -1.065441e+01 7.450000e+00 2.735589e+00
      vertex   1.058230e+01 7.450000e+00 3.002471e+00
    endloop
  endfacet
  facet normal -3.630540e-15 1.000000e+00 -6.398433e-16
    outer loop
      vertex   1.058230e+01 7.450000e+00 3.002471e+00
      vertex   -1.065441e+01 7.450000e+00 2.735589e+00
      vertex   -1.050351e+01 7.450000e+00 3.267457e+00
    endloop
  endfacet
  facet normal -3.636716e-15 1.000000e+00 -1.131319e-15
    outer loop
      vertex   1.058230e+01 7.450000e+00 3.002471e+00
      vertex   -1.050351e+01 7.450000e+00 3.267457e+00
      vertex   1.041808e+01 7.450000e+00 3.530380e+00
    endloop
  endfacet
  facet normal -3.645140e-15 1.000000e+00 -4.610138e-16
    outer loop
      vertex   1.041808e+01 7.450000e+00 3.530380e+00
      vertex   -1.050351e+01 7.450000e+00 3.267457e+00
      vertex   -1.032607e+01 7.450000e+00 3.791072e+00
    endloop
  endfacet
  facet normal -3.634609e-15 1.000000e+00 3.769625e-16
    outer loop
      vertex   1.041808e+01 7.450000e+00 3.530380e+00
      vertex   -1.032607e+01 7.450000e+00 3.791072e+00
      vertex   1.022754e+01 7.450000e+00 4.049370e+00
    endloop
  endfacet
  facet normal -3.648023e-15 1.000000e+00 1.444355e-15
    outer loop
      vertex   1.022754e+01 7.450000e+00 4.049370e+00
      vertex   -1.032607e+01 7.450000e+00 3.791072e+00
      vertex   -1.012255e+01 7.450000e+00 4.305110e+00
    endloop
  endfacet
  facet normal -3.663818e-15 1.000000e+00 1.875486e-16
    outer loop
      vertex   1.022754e+01 7.450000e+00 4.049370e+00
      vertex   -1.012255e+01 7.450000e+00 4.305110e+00
      vertex   1.001117e+01 7.450000e+00 4.558131e+00
    endloop
  endfacet
  facet normal -3.660221e-15 1.000000e+00 -9.867403e-17
    outer loop
      vertex   1.001117e+01 7.450000e+00 4.558131e+00
      vertex   -1.012255e+01 7.450000e+00 4.305110e+00
      vertex   -9.893458e+00 7.450000e+00 4.808273e+00
    endloop
  endfacet
  facet normal -3.657925e-15 1.000000e+00 8.399474e-17
    outer loop
      vertex   1.001117e+01 7.450000e+00 4.558131e+00
      vertex   -9.893458e+00 7.450000e+00 4.808273e+00
      vertex   -9.639373e+00 7.450000e+00 5.299290e+00
    endloop
  endfacet
  facet normal -3.719584e-15 1.000000e+00 -1.550775e-15
    outer loop
      vertex   -9.639373e+00 7.450000e+00 5.299290e+00
      vertex   -9.360939e+00 7.450000e+00 5.776921e+00
      vertex   1.001117e+01 7.450000e+00 4.558131e+00
    endloop
  endfacet
  facet normal -3.595135e-15 1.000000e+00 4.272714e-16
    outer loop
      vertex   1.001117e+01 7.450000e+00 4.558131e+00
      vertex   -9.360939e+00 7.450000e+00 5.776921e+00
      vertex   -9.058859e+00 7.450000e+00 6.239958e+00
    endloop
  endfacet
  facet normal -3.578643e-15 1.000000e+00 6.142807e-16
    outer loop
      vertex   1.001117e+01 7.450000e+00 4.558131e+00
      vertex   -9.058859e+00 7.450000e+00 6.239958e+00
      vertex   -8.733894e+00 7.450000e+00 6.687233e+00
    endloop
  endfacet
  facet normal -3.771778e-15 1.000000e+00 -1.086125e-15
    outer loop
      vertex   -8.733894e+00 7.450000e+00 6.687233e+00
      vertex   -8.386868e+00 7.450000e+00 7.117616e+00
      vertex   1.001117e+01 7.450000e+00 4.558131e+00
    endloop
  endfacet
  facet normal -3.487151e-15 1.000000e+00 9.598265e-16
    outer loop
      vertex   1.001117e+01 7.450000e+00 4.558131e+00
      vertex   -8.386868e+00 7.450000e+00 7.117616e+00
      vertex   -8.018655e+00 7.450000e+00 7.530018e+00
    endloop
  endfacet
  facet normal -3.775179e-15 1.000000e+00 -7.875788e-16
    outer loop
      vertex   1.001117e+01 7.450000e+00 4.558131e+00
      vertex   -8.018655e+00 7.450000e+00 7.530018e+00
      vertex   -7.630186e+00 7.450000e+00 7.923399e+00
    endloop
  endfacet
  facet normal -3.375525e-15 1.000000e+00 1.307480e-15
    outer loop
      vertex   -7.630186e+00 7.450000e+00 7.923399e+00
      vertex   -7.222443e+00 7.450000e+00 8.296765e+00
      vertex   1.001117e+01 7.450000e+00 4.558131e+00
    endloop
  endfacet
  facet normal -3.765290e-15 1.000000e+00 -4.891787e-16
    outer loop
      vertex   1.001117e+01 7.450000e+00 4.558131e+00
      vertex   -7.222443e+00 7.450000e+00 8.296765e+00
      vertex   -6.796456e+00 7.450000e+00 8.649173e+00
    endloop
  endfacet
  facet normal -3.735334e-15 1.000000e+00 -3.661103e-16
    outer loop
      vertex   1.001117e+01 7.450000e+00 4.558131e+00
      vertex   -6.796456e+00 7.450000e+00 8.649173e+00
      vertex   -6.353300e+00 7.450000e+00 8.979732e+00
    endloop
  endfacet
  facet normal -3.703030e-15 1.000000e+00 -2.465511e-16
    outer loop
      vertex   -6.353300e+00 7.450000e+00 8.979732e+00
      vertex   -5.894095e+00 7.450000e+00 9.287607e+00
      vertex   1.001117e+01 7.450000e+00 4.558131e+00
    endloop
  endfacet
  facet normal -3.668533e-15 1.000000e+00 -1.305392e-16
    outer loop
      vertex   1.001117e+01 7.450000e+00 4.558131e+00
      vertex   -5.894095e+00 7.450000e+00 9.287607e+00
      vertex   -5.420001e+00 7.450000e+00 9.572021e+00
    endloop
  endfacet
  facet normal -3.632008e-15 1.000000e+00 -1.812446e-17
    outer loop
      vertex   1.001117e+01 7.450000e+00 4.558131e+00
      vertex   -5.420001e+00 7.450000e+00 9.572021e+00
      vertex   -4.932215e+00 7.450000e+00 9.832256e+00
    endloop
  endfacet
  facet normal -3.593624e-15 1.000000e+00 9.062988e-17
    outer loop
      vertex   -4.932215e+00 7.450000e+00 9.832256e+00
      vertex   -4.431971e+00 7.450000e+00 1.006765e+01
      vertex   1.001117e+01 7.450000e+00 4.558131e+00
    endloop
  endfacet
  facet normal -3.553565e-15 1.000000e+00 1.956448e-16
    outer loop
      vertex   1.001117e+01 7.450000e+00 4.558131e+00
      vertex   -4.431971e+00 7.450000e+00 1.006765e+01
      vertex   -3.920531e+00 7.450000e+00 1.027762e+01
    endloop
  endfacet
  facet normal -3.512027e-15 1.000000e+00 2.968231e-16
    outer loop
      vertex   1.001117e+01 7.450000e+00 4.558131e+00
      vertex   -3.920531e+00 7.450000e+00 1.027762e+01
      vertex   -3.399187e+00 7.450000e+00 1.046162e+01
    endloop
  endfacet
  facet normal -3.469228e-15 1.000000e+00 3.940458e-16
    outer loop
      vertex   -3.399187e+00 7.450000e+00 1.046162e+01
      vertex   -2.869257e+00 7.450000e+00 1.061920e+01
      vertex   1.001117e+01 7.450000e+00 4.558131e+00
    endloop
  endfacet
  facet normal -3.425407e-15 1.000000e+00 4.871686e-16
    outer loop
      vertex   1.001117e+01 7.450000e+00 4.558131e+00
      vertex   -2.869257e+00 7.450000e+00 1.061920e+01
      vertex   -2.332078e+00 7.450000e+00 1.074995e+01
    endloop
  endfacet
  facet normal -4.565731e-15 1.000000e+00 -1.786039e-15
    outer loop
      vertex   1.001117e+01 7.450000e+00 4.558131e+00
      vertex   -2.332078e+00 7.450000e+00 1.074995e+01
      vertex   -1.789009e+00 7.450000e+00 1.085355e+01
    endloop
  endfacet
  facet normal -3.320265e-15 1.000000e+00 5.484728e-16
    outer loop
      vertex   -1.789009e+00 7.450000e+00 1.085355e+01
      vertex   -1.241420e+00 7.450000e+00 1.092972e+01
      vertex   1.001117e+01 7.450000e+00 4.558131e+00
    endloop
  endfacet
  facet normal -3.280115e-15 1.000000e+00 6.193789e-16
    outer loop
      vertex   1.001117e+01 7.450000e+00 4.558131e+00
      vertex   -1.241420e+00 7.450000e+00 1.092972e+01
      vertex   -6.906957e-01 7.450000e+00 1.097829e+01
    endloop
  endfacet
  facet normal -3.241117e-15 1.000000e+00 6.843850e-16
    outer loop
      vertex   1.001117e+01 7.450000e+00 4.558131e+00
      vertex   -6.906957e-01 7.450000e+00 1.097829e+01
      vertex   -1.382264e-01 7.450000e+00 1.099913e+01
    endloop
  endfacet
  facet normal -4.843031e-15 1.000000e+00 -1.839828e-15
    outer loop
      vertex   -1.382264e-01 7.450000e+00 1.099913e+01
      vertex   4.145920e-01 7.450000e+00 1.099218e+01
      vertex   1.001117e+01 7.450000e+00 4.558131e+00
    endloop
  endfacet
  facet normal -3.178971e-15 1.000000e+00 6.421662e-16
    outer loop
      vertex   1.001117e+01 7.450000e+00 4.558131e+00
      vertex   4.145920e-01 7.450000e+00 1.099218e+01
      vertex   9.663632e-01 7.450000e+00 1.095747e+01
    endloop
  endfacet
  facet normal -3.157254e-15 1.000000e+00 6.728609e-16
    outer loop
      vertex   1.001117e+01 7.450000e+00 4.558131e+00
      vertex   9.663632e-01 7.450000e+00 1.095747e+01
      vertex   1.515693e+00 7.450000e+00 1.089508e+01
    endloop
  endfacet
  facet normal -3.142123e-15 1.000000e+00 6.931458e-16
    outer loop
      vertex   1.515693e+00 7.450000e+00 1.089508e+01
      vertex   2.061194e+00 7.450000e+00 1.080516e+01
      vertex   1.001117e+01 7.450000e+00 4.558131e+00
    endloop
  endfacet
  facet normal -5.406369e-15 1.000000e+00 -2.188335e-15
    outer loop
      vertex   1.001117e+01 7.450000e+00 4.558131e+00
      vertex   2.061194e+00 7.450000e+00 1.080516e+01
      vertex   2.601489e+00 7.450000e+00 1.068795e+01
    endloop
  endfacet
  facet normal -3.198357e-15 1.000000e+00 4.806933e-16
    outer loop
      vertex   1.001117e+01 7.450000e+00 4.558131e+00
      vertex   2.601489e+00 7.450000e+00 1.068795e+01
      vertex   3.135212e+00 7.450000e+00 1.054374e+01
    endloop
  endfacet
  facet normal -3.236371e-15 1.000000e+00 4.370247e-16
    outer loop
      vertex   3.135212e+00 7.450000e+00 1.054374e+01
      vertex   3.661015e+00 7.450000e+00 1.037290e+01
      vertex   1.001117e+01 7.450000e+00 4.558131e+00
    endloop
  endfacet
  facet normal -3.297688e-15 1.000000e+00 3.700621e-16
    outer loop
      vertex   1.001117e+01 7.450000e+00 4.558131e+00
      vertex   3.661015e+00 7.450000e+00 1.037290e+01
      vertex   4.177570e+00 7.450000e+00 1.017585e+01
    endloop
  endfacet
  facet normal -3.389747e-15 1.000000e+00 2.744656e-16
    outer loop
      vertex   1.001117e+01 7.450000e+00 4.558131e+00
      vertex   4.177570e+00 7.450000e+00 1.017585e+01
      vertex   4.683572e+00 7.450000e+00 9.953098e+00
    endloop
  endfacet
  facet normal -3.522896e-15 1.000000e+00 1.429793e-16
    outer loop
      vertex   4.683572e+00 7.450000e+00 9.953098e+00
      vertex   5.177743e+00 7.450000e+00 9.705203e+00
      vertex   1.001117e+01 7.450000e+00 4.558131e+00
    endloop
  endfacet
  facet normal -3.711869e-15 1.000000e+00 -3.447845e-17
    outer loop
      vertex   1.001117e+01 7.450000e+00 4.558131e+00
      vertex   5.177743e+00 7.450000e+00 9.705203e+00
      vertex   5.658835e+00 7.450000e+00 9.432793e+00
    endloop
  endfacet
  facet normal -3.978213e-15 1.000000e+00 -2.722828e-16
    outer loop
      vertex   1.001117e+01 7.450000e+00 4.558131e+00
      vertex   5.658835e+00 7.450000e+00 9.432793e+00
      vertex   6.125632e+00 7.450000e+00 9.136555e+00
    endloop
  endfacet
  facet normal -4.354426e-15 1.000000e+00 -5.915610e-16
    outer loop
      vertex   6.125632e+00 7.450000e+00 9.136555e+00
      vertex   6.576955e+00 7.450000e+00 8.817237e+00
      vertex   1.001117e+01 7.450000e+00 4.558131e+00
    endloop
  endfacet
  facet normal -4.891355e-15 1.000000e+00 -1.024499e-15
    outer loop
      vertex   1.001117e+01 7.450000e+00 4.558131e+00
      vertex   6.576955e+00 7.450000e+00 8.817237e+00
      vertex   7.011664e+00 7.450000e+00 8.475646e+00
    endloop
  endfacet
  facet normal -5.672104e-15 1.000000e+00 -1.622291e-15
    outer loop
      vertex   1.001117e+01 7.450000e+00 4.558131e+00
      vertex   7.011664e+00 7.450000e+00 8.475646e+00
      vertex   7.428661e+00 7.450000e+00 8.112644e+00
    endloop
  endfacet
  facet normal 5.858620e-16 1.000000e+00 2.924388e-15
    outer loop
      vertex   7.428661e+00 7.450000e+00 8.112644e+00
      vertex   7.826892e+00 7.450000e+00 7.729150e+00
      vertex   1.001117e+01 7.450000e+00 4.558131e+00
    endloop
  endfacet
  facet normal -7.539971e-15 1.000000e+00 -2.672880e-15
    outer loop
      vertex   1.001117e+01 7.450000e+00 4.558131e+00
      vertex   7.826892e+00 7.450000e+00 7.729150e+00
      vertex   8.205353e+00 7.450000e+00 7.326131e+00
    endloop
  endfacet
  facet normal 7.085021e-16 1.000000e+00 2.708336e-15
    outer loop
      vertex   1.001117e+01 7.450000e+00 4.558131e+00
      vertex   8.205353e+00 7.450000e+00 7.326131e+00
      vertex   8.563085e+00 7.450000e+00 6.904605e+00
    endloop
  endfacet
  facet normal -1.195400e-14 1.000000e+00 -5.106078e-15
    outer loop
      vertex   8.563085e+00 7.450000e+00 6.904605e+00
      vertex   8.899187e+00 7.450000e+00 6.465638e+00
      vertex   1.001117e+01 7.450000e+00 4.558131e+00
    endloop
  endfacet
  facet normal -8.336558e-16 1.000000e+00 1.376512e-15
    outer loop
      vertex   1.001117e+01 7.450000e+00 4.558131e+00
      vertex   8.899187e+00 7.450000e+00 6.465638e+00
      vertex   9.212808e+00 7.450000e+00 6.010338e+00
    endloop
  endfacet
  facet normal -7.864006e-16 1.000000e+00 1.402491e-15
    outer loop
      vertex   1.001117e+01 7.450000e+00 4.558131e+00
      vertex   9.212808e+00 7.450000e+00 6.010338e+00
      vertex   9.503158e+00 7.450000e+00 5.539855e+00
    endloop
  endfacet
  facet normal -7.385528e-16 1.000000e+00 1.427251e-15
    outer loop
      vertex   9.503158e+00 7.450000e+00 5.539855e+00
      vertex   9.769501e+00 7.450000e+00 5.055378e+00
      vertex   1.001117e+01 7.450000e+00 4.558131e+00
    endloop
  endfacet
endsolid
