-59.459999999999994 -59.459999999999994 -51.05 180 0 0
-59.459999999999994 -59.459999999999994 51.05 0 0 0
-59.459999999999994 -55.36 -51.05 180 0 0
-59.459999999999994 -55.36 51.05 0 0 0
-59.459999999999994 -51.26 -51.05 180 0 0
-59.459999999999994 -51.26 51.05 0 0 0
-59.459999999999994 -51.05 -34.849999999999994 90 0 0
-59.459999999999994 -51.05 -26.65 90 0 0
-59.459999999999994 -51.05 -18.45 90 0 0
-59.459999999999994 -51.05 -10.25 90 0 0
-59.459999999999994 -51.05 -2.05 90 0 0
-59.459999999999994 -51.05 6.1499999999999995 90 0 0
-59.459999999999994 -51.05 14.349999999999998 90 0 0
-59.459999999999994 -51.05 22.549999999999997 90 0 0
-59.459999999999994 -51.05 30.749999999999996 90 0 0
-59.459999999999994 -51.05 38.949999999999996 90 0 0
-59.459999999999994 -47.16 -51.05 180 0 0
-59.459999999999994 -47.16 51.05 0 0 0
-59.459999999999994 -43.06 -51.05 180 0 0
-59.459999999999994 -43.06 51.05 0 0 0
-59.459999999999994 -34.849999999999994 -51.05 180 0 0
-59.459999999999994 -34.849999999999994 51.05 0 0 0
-59.459999999999994 -26.65 -51.05 180 0 0
-59.459999999999994 -26.65 51.05 0 0 0
-59.459999999999994 -18.45 -51.05 180 0 0
-59.459999999999994 -18.45 51.05 0 0 0
-59.459999999999994 -10.25 -51.05 180 0 0
-59.459999999999994 -10.25 51.05 0 0 0
-59.459999999999994 -2.05 -51.05 180 0 0
-59.459999999999994 -2.05 51.05 0 0 0
-59.459999999999994 6.1499999999999995 -51.05 180 0 0
-59.459999999999994 6.1499999999999995 51.05 0 0 0
-59.459999999999994 14.349999999999998 -51.05 180 0 0
-59.459999999999994 14.349999999999998 51.05 0 0 0
-59.459999999999994 22.549999999999997 -51.05 180 0 0
-59.459999999999994 22.549999999999997 51.05 0 0 0
-59.459999999999994 30.749999999999996 -51.05 180 0 0
-59.459999999999994 30.749999999999996 51.05 0 0 0
-59.459999999999994 38.949999999999996 -51.05 180 0 0
-59.459999999999994 38.949999999999996 51.05 0 0 0
-59.459999999999994 43.06 -51.05 180 0 0
-59.459999999999994 43.06 51.05 0 0 0
-59.459999999999994 47.16 -51.05 180 0 0
-59.459999999999994 47.16 51.05 0 0 0
-59.459999999999994 51.05 -34.849999999999994 -90 0 0
-59.459999999999994 51.05 -26.65 -90 0 0
-59.459999999999994 51.05 -18.45 -90 0 0
-59.459999999999994 51.05 -10.25 -90 0 0
-59.459999999999994 51.05 -2.05 -90 0 0
-59.459999999999994 51.05 6.1499999999999995 -90 0 0
-59.459999999999994 51.05 14.349999999999998 -90 0 0
-59.459999999999994 51.05 22.549999999999997 -90 0 0
-59.459999999999994 51.05 30.749999999999996 -90 0 0
-59.459999999999994 51.05 38.949999999999996 -90 0 0
-59.459999999999994 51.26 -51.05 180 0 0
-59.459999999999994 51.26 51.05 0 0 0
-59.459999999999994 55.36 -51.05 180 0 0
-59.459999999999994 55.36 51.05 0 0 0
-59.459999999999994 59.459999999999994 -51.05 180 0 0
-59.459999999999994 59.459999999999994 51.05 0 0 0
-55.36 -51.05 -59.459999999999994 90 0 0
-55.36 -51.05 -55.36 90 0 0
-55.36 -51.05 -51.26 90 0 0
-55.36 -51.05 -47.16 90 0 0
-55.36 -51.05 -43.06 90 0 0
-55.36 -51.05 -34.849999999999994 90 0 0
-55.36 -51.05 -26.65 90 0 0
-55.36 -51.05 -18.45 90 0 0
-55.36 -51.05 -10.25 90 0 0
-55.36 -51.05 -2.05 90 0 0
-55.36 -51.05 6.1499999999999995 90 0 0
-55.36 -51.05 14.349999999999998 90 0 0
-55.36 -51.05 22.549999999999997 90 0 0
-55.36 -51.05 30.749999999999996 90 0 0
-55.36 -51.05 38.949999999999996 90 0 0
-55.36 -51.05 43.06 90 0 0
-55.36 -51.05 47.16 90 0 0
-55.36 -51.05 51.26 90 0 0
-55.36 -51.05 55.36 90 0 0
-55.36 -51.05 59.459999999999994 90 0 0
-55.36 -34.849999999999994 -51.05 180 0 0
-55.36 -34.849999999999994 51.05 0 0 0
-55.36 -26.65 -51.05 180 0 0
-55.36 -26.65 51.05 0 0 0
-55.36 -18.45 -51.05 180 0 0
-55.36 -18.45 51.05 0 0 0
-55.36 -10.25 -51.05 180 0 0
-55.36 -10.25 51.05 0 0 0
-55.36 -2.05 -51.05 180 0 0
-55.36 -2.05 51.05 0 0 0
-55.36 6.1499999999999995 -51.05 180 0 0
-55.36 6.1499999999999995 51.05 0 0 0
-55.36 14.349999999999998 -51.05 180 0 0
-55.36 14.349999999999998 51.05 0 0 0
-55.36 22.549999999999997 -51.05 180 0 0
-55.36 22.549999999999997 51.05 0 0 0
-55.36 30.749999999999996 -51.05 180 0 0
-55.36 30.749999999999996 51.05 0 0 0
-55.36 38.949999999999996 -51.05 180 0 0
-55.36 38.949999999999996 51.05 0 0 0
-55.36 51.05 -59.459999999999994 -90 0 0
-55.36 51.05 -55.36 -90 0 0
-55.36 51.05 -51.26 -90 0 0
-55.36 51.05 -47.16 -90 0 0
-55.36 51.05 -43.06 -90 0 0
-55.36 51.05 -34.849999999999994 -90 0 0
-55.36 51.05 -26.65 -90 0 0
-55.36 51.05 -18.45 -90 0 0
-55.36 51.05 -10.25 -90 0 0
-55.36 51.05 -2.05 -90 0 0
-55.36 51.05 6.1499999999999995 -90 0 0
-55.36 51.05 14.349999999999998 -90 0 0
-55.36 51.05 22.549999999999997 -90 0 0
-55.36 51.05 30.749999999999996 -90 0 0
-55.36 51.05 38.949999999999996 -90 0 0
-55.36 51.05 43.06 -90 0 0
-55.36 51.05 47.16 -90 0 0
-55.36 51.05 51.26 -90 0 0
-55.36 51.05 55.36 -90 0 0
-55.36 51.05 59.459999999999994 -90 0 0
-51.26 -59.459999999999994 -51.05 180 0 0
-51.26 -59.459999999999994 51.05 0 0 0
-51.26 -55.36 -51.05 180 0 0
-51.26 -55.36 51.05 0 0 0
-51.26 -51.26 -51.05 180 0 0
-51.26 -51.26 51.05 0 0 0
-51.26 -51.05 -34.849999999999994 90 0 0
-51.26 -51.05 -26.65 90 0 0
-51.26 -51.05 -18.45 90 0 0
-51.26 -51.05 -10.25 90 0 0
-51.26 -51.05 -2.05 90 0 0
-51.26 -51.05 6.1499999999999995 90 0 0
-51.26 -51.05 14.349999999999998 90 0 0
-51.26 -51.05 22.549999999999997 90 0 0
-51.26 -51.05 30.749999999999996 90 0 0
-51.26 -51.05 38.949999999999996 90 0 0
-51.26 -47.16 -51.05 180 0 0
-51.26 -47.16 51.05 0 0 0
-51.26 -43.06 -51.05 180 0 0
-51.26 -43.06 51.05 0 0 0
-51.26 -34.849999999999994 -51.05 180 0 0
-51.26 -34.849999999999994 51.05 0 0 0
-51.26 -26.65 -51.05 180 0 0
-51.26 -26.65 51.05 0 0 0
-51.26 -18.45 -51.05 180 0 0
-51.26 -18.45 51.05 0 0 0
-51.26 -10.25 -51.05 180 0 0
-51.26 -10.25 51.05 0 0 0
-51.26 -2.05 -51.05 180 0 0
-51.26 -2.05 51.05 0 0 0
-51.26 6.1499999999999995 -51.05 180 0 0
-51.26 6.1499999999999995 51.05 0 0 0
-51.26 14.349999999999998 -51.05 180 0 0
-51.26 14.349999999999998 51.05 0 0 0
-51.26 22.549999999999997 -51.05 180 0 0
-51.26 22.549999999999997 51.05 0 0 0
-51.26 30.749999999999996 -51.05 180 0 0
-51.26 30.749999999999996 51.05 0 0 0
-51.26 38.949999999999996 -51.05 180 0 0
-51.26 38.949999999999996 51.05 0 0 0
-51.26 43.06 -51.05 180 0 0
-51.26 43.06 51.05 0 0 0
-51.26 47.16 -51.05 180 0 0
-51.26 47.16 51.05 0 0 0
-51.26 51.05 -34.849999999999994 -90 0 0
-51.26 51.05 -26.65 -90 0 0
-51.26 51.05 -18.45 -90 0 0
-51.26 51.05 -10.25 -90 0 0
-51.26 51.05 -2.05 -90 0 0
-51.26 51.05 6.1499999999999995 -90 0 0
-51.26 51.05 14.349999999999998 -90 0 0
-51.26 51.05 22.549999999999997 -90 0 0
-51.26 51.05 30.749999999999996 -90 0 0
-51.26 51.05 38.949999999999996 -90 0 0
-51.26 51.26 -51.05 180 0 0
-51.26 51.26 51.05 0 0 0
-51.26 55.36 -51.05 180 0 0
-51.26 55.36 51.05 0 0 0
-51.26 59.459999999999994 -51.05 180 0 0
-51.26 59.459999999999994 51.05 0 0 0
-51.05 -59.459999999999994 -38.949999999999996 0 -90 0
-51.05 -59.459999999999994 -30.749999999999996 0 -90 0
-51.05 -59.459999999999994 -22.549999999999997 0 -90 0
-51.05 -59.459999999999994 -14.349999999999998 0 -90 0
-51.05 -59.459999999999994 -6.1499999999999995 0 -90 0
-51.05 -59.459999999999994 2.05 0 -90 0
-51.05 -59.459999999999994 10.25 0 -90 0
-51.05 -59.459999999999994 18.45 0 -90 0
-51.05 -59.459999999999994 26.65 0 -90 0
-51.05 -59.459999999999994 34.849999999999994 0 -90 0
-51.05 -55.36 -38.949999999999996 0 -90 0
-51.05 -55.36 -30.749999999999996 0 -90 0
-51.05 -55.36 -22.549999999999997 0 -90 0
-51.05 -55.36 -14.349999999999998 0 -90 0
-51.05 -55.36 -6.1499999999999995 0 -90 0
-51.05 -55.36 2.05 0 -90 0
-51.05 -55.36 10.25 0 -90 0
-51.05 -55.36 18.45 0 -90 0
-51.05 -55.36 26.65 0 -90 0
-51.05 -55.36 34.849999999999994 0 -90 0
-51.05 -51.26 -38.949999999999996 0 -90 0
-51.05 -51.26 -30.749999999999996 0 -90 0
-51.05 -51.26 -22.549999999999997 0 -90 0
-51.05 -51.26 -14.349999999999998 0 -90 0
-51.05 -51.26 -6.1499999999999995 0 -90 0
-51.05 -51.26 2.05 0 -90 0
-51.05 -51.26 10.25 0 -90 0
-51.05 -51.26 18.45 0 -90 0
-51.05 -51.26 26.65 0 -90 0
-51.05 -51.26 34.849999999999994 0 -90 0
-51.05 -47.16 -38.949999999999996 0 -90 0
-51.05 -47.16 -30.749999999999996 0 -90 0
-51.05 -47.16 -22.549999999999997 0 -90 0
-51.05 -47.16 -14.349999999999998 0 -90 0
-51.05 -47.16 -6.1499999999999995 0 -90 0
-51.05 -47.16 2.05 0 -90 0
-51.05 -47.16 10.25 0 -90 0
-51.05 -47.16 18.45 0 -90 0
-51.05 -47.16 26.65 0 -90 0
-51.05 -47.16 34.849999999999994 0 -90 0
-51.05 -43.06 -38.949999999999996 0 -90 0
-51.05 -43.06 -30.749999999999996 0 -90 0
-51.05 -43.06 -22.549999999999997 0 -90 0
-51.05 -43.06 -14.349999999999998 0 -90 0
-51.05 -43.06 -6.1499999999999995 0 -90 0
-51.05 -43.06 2.05 0 -90 0
-51.05 -43.06 10.25 0 -90 0
-51.05 -43.06 18.45 0 -90 0
-51.05 -43.06 26.65 0 -90 0
-51.05 -43.06 34.849999999999994 0 -90 0
-51.05 -38.949999999999996 -59.459999999999994 0 -90 0
-51.05 -38.949999999999996 -55.36 0 -90 0
-51.05 -38.949999999999996 -51.26 0 -90 0
-51.05 -38.949999999999996 -47.16 0 -90 0
-51.05 -38.949999999999996 -43.06 0 -90 0
-51.05 -38.949999999999996 -38.949999999999996 0 -90 0
-51.05 -38.949999999999996 -34.849999999999994 0 -90 0
-51.05 -38.949999999999996 -30.749999999999996 0 -90 0
-51.05 -38.949999999999996 -26.65 0 -90 0
-51.05 -38.949999999999996 -22.549999999999997 0 -90 0
-51.05 -38.949999999999996 -18.45 0 -90 0
-51.05 -38.949999999999996 -14.349999999999998 0 -90 0
-51.05 -38.949999999999996 -10.25 0 -90 0
-51.05 -38.949999999999996 -6.1499999999999995 0 -90 0
-51.05 -38.949999999999996 -2.05 0 -90 0
-51.05 -38.949999999999996 2.05 0 -90 0
-51.05 -38.949999999999996 6.1499999999999995 0 -90 0
-51.05 -38.949999999999996 10.25 0 -90 0
-51.05 -38.949999999999996 14.349999999999998 0 -90 0
-51.05 -38.949999999999996 18.45 0 -90 0
-51.05 -38.949999999999996 22.549999999999997 0 -90 0
-51.05 -38.949999999999996 26.65 0 -90 0
-51.05 -38.949999999999996 30.749999999999996 0 -90 0
-51.05 -38.949999999999996 34.849999999999994 0 -90 0
-51.05 -38.949999999999996 38.949999999999996 0 -90 0
-51.05 -38.949999999999996 43.06 0 -90 0
-51.05 -38.949999999999996 47.16 0 -90 0
-51.05 -38.949999999999996 51.26 0 -90 0
-51.05 -38.949999999999996 55.36 0 -90 0
-51.05 -38.949999999999996 59.459999999999994 0 -90 0
-51.05 -34.849999999999994 -38.949999999999996 0 -90 0
-51.05 -34.849999999999994 -34.849999999999994 0 -90 0
-51.05 -34.849999999999994 -30.749999999999996 0 -90 0
-51.05 -34.849999999999994 -26.65 0 -90 0
-51.05 -34.849999999999994 -22.549999999999997 0 -90 0
-51.05 -34.849999999999994 -18.45 0 -90 0
-51.05 -34.849999999999994 -14.349999999999998 0 -90 0
-51.05 -34.849999999999994 -10.25 0 -90 0
-51.05 -34.849999999999994 -6.1499999999999995 0 -90 0
-51.05 -34.849999999999994 -2.05 0 -90 0
-51.05 -34.849999999999994 2.05 0 -90 0
-51.05 -34.849999999999994 6.1499999999999995 0 -90 0
-51.05 -34.849999999999994 10.25 0 -90 0
-51.05 -34.849999999999994 14.349999999999998 0 -90 0
-51.05 -34.849999999999994 18.45 0 -90 0
-51.05 -34.849999999999994 22.549999999999997 0 -90 0
-51.05 -34.849999999999994 26.65 0 -90 0
-51.05 -34.849999999999994 30.749999999999996 0 -90 0
-51.05 -34.849999999999994 34.849999999999994 0 -90 0
-51.05 -34.849999999999994 38.949999999999996 0 -90 0
-51.05 -30.749999999999996 -59.459999999999994 0 -90 0
-51.05 -30.749999999999996 -55.36 0 -90 0
-51.05 -30.749999999999996 -51.26 0 -90 0
-51.05 -30.749999999999996 -47.16 0 -90 0
-51.05 -30.749999999999996 -43.06 0 -90 0
-51.05 -30.749999999999996 -38.949999999999996 0 -90 0
-51.05 -30.749999999999996 -34.849999999999994 0 -90 0
-51.05 -30.749999999999996 -30.749999999999996 0 -90 0
-51.05 -30.749999999999996 -26.65 0 -90 0
-51.05 -30.749999999999996 -22.549999999999997 0 -90 0
-51.05 -30.749999999999996 -18.45 0 -90 0
-51.05 -30.749999999999996 -14.349999999999998 0 -90 0
-51.05 -30.749999999999996 -10.25 0 -90 0
-51.05 -30.749999999999996 -6.1499999999999995 0 -90 0
-51.05 -30.749999999999996 -2.05 0 -90 0
-51.05 -30.749999999999996 2.05 0 -90 0
-51.05 -30.749999999999996 6.1499999999999995 0 -90 0
-51.05 -30.749999999999996 10.25 0 -90 0
-51.05 -30.749999999999996 14.349999999999998 0 -90 0
-51.05 -30.749999999999996 18.45 0 -90 0
-51.05 -30.749999999999996 22.549999999999997 0 -90 0
-51.05 -30.749999999999996 26.65 0 -90 0
-51.05 -30.749999999999996 30.749999999999996 0 -90 0
-51.05 -30.749999999999996 34.849999999999994 0 -90 0
-51.05 -30.749999999999996 38.949999999999996 0 -90 0
-51.05 -30.749999999999996 43.06 0 -90 0
-51.05 -30.749999999999996 47.16 0 -90 0
-51.05 -30.749999999999996 51.26 0 -90 0
-51.05 -30.749999999999996 55.36 0 -90 0
-51.05 -30.749999999999996 59.459999999999994 0 -90 0
-51.05 -26.65 -38.949999999999996 0 -90 0
-51.05 -26.65 -34.849999999999994 0 -90 0
-51.05 -26.65 -30.749999999999996 0 -90 0
-51.05 -26.65 -26.65 0 -90 0
-51.05 -26.65 -22.549999999999997 0 -90 0
-51.05 -26.65 -18.45 0 -90 0
-51.05 -26.65 -14.349999999999998 0 -90 0
-51.05 -26.65 -10.25 0 -90 0
-51.05 -26.65 -6.1499999999999995 0 -90 0
-51.05 -26.65 -2.05 0 -90 0
-51.05 -26.65 2.05 0 -90 0
-51.05 -26.65 6.1499999999999995 0 -90 0
-51.05 -26.65 10.25 0 -90 0
-51.05 -26.65 14.349999999999998 0 -90 0
-51.05 -26.65 18.45 0 -90 0
-51.05 -26.65 22.549999999999997 0 -90 0
-51.05 -26.65 26.65 0 -90 0
-51.05 -26.65 30.749999999999996 0 -90 0
-51.05 -26.65 34.849999999999994 0 -90 0
-51.05 -26.65 38.949999999999996 0 -90 0
-51.05 -22.549999999999997 -59.459999999999994 0 -90 0
-51.05 -22.549999999999997 -55.36 0 -90 0
-51.05 -22.549999999999997 -51.26 0 -90 0
-51.05 -22.549999999999997 -47.16 0 -90 0
-51.05 -22.549999999999997 -43.06 0 -90 0
-51.05 -22.549999999999997 -38.949999999999996 0 -90 0
-51.05 -22.549999999999997 -34.849999999999994 0 -90 0
-51.05 -22.549999999999997 -30.749999999999996 0 -90 0
-51.05 -22.549999999999997 -26.65 0 -90 0
-51.05 -22.549999999999997 -22.549999999999997 0 -90 0
-51.05 -22.549999999999997 -18.45 0 -90 0
-51.05 -22.549999999999997 -14.349999999999998 0 -90 0
-51.05 -22.549999999999997 -10.25 0 -90 0
-51.05 -22.549999999999997 -6.1499999999999995 0 -90 0
-51.05 -22.549999999999997 -2.05 0 -90 0
-51.05 -22.549999999999997 2.05 0 -90 0
-51.05 -22.549999999999997 6.1499999999999995 0 -90 0
-51.05 -22.549999999999997 10.25 0 -90 0
-51.05 -22.549999999999997 14.349999999999998 0 -90 0
-51.05 -22.549999999999997 18.45 0 -90 0
-51.05 -22.549999999999997 22.549999999999997 0 -90 0
-51.05 -22.549999999999997 26.65 0 -90 0
-51.05 -22.549999999999997 30.749999999999996 0 -90 0
-51.05 -22.549999999999997 34.849999999999994 0 -90 0
-51.05 -22.549999999999997 38.949999999999996 0 -90 0
-51.05 -22.549999999999997 43.06 0 -90 0
-51.05 -22.549999999999997 47.16 0 -90 0
-51.05 -22.549999999999997 51.26 0 -90 0
-51.05 -22.549999999999997 55.36 0 -90 0
-51.05 -22.549999999999997 59.459999999999994 0 -90 0
-51.05 -18.45 -38.949999999999996 0 -90 0
-51.05 -18.45 -34.849999999999994 0 -90 0
-51.05 -18.45 -30.749999999999996 0 -90 0
-51.05 -18.45 -26.65 0 -90 0
-51.05 -18.45 -22.549999999999997 0 -90 0
-51.05 -18.45 -18.45 0 -90 0
-51.05 -18.45 -14.349999999999998 0 -90 0
-51.05 -18.45 -10.25 0 -90 0
-51.05 -18.45 -6.1499999999999995 0 -90 0
-51.05 -18.45 -2.05 0 -90 0
-51.05 -18.45 2.05 0 -90 0
-51.05 -18.45 6.1499999999999995 0 -90 0
-51.05 -18.45 10.25 0 -90 0
-51.05 -18.45 14.349999999999998 0 -90 0
-51.05 -18.45 18.45 0 -90 0
-51.05 -18.45 22.549999999999997 0 -90 0
-51.05 -18.45 26.65 0 -90 0
-51.05 -18.45 30.749999999999996 0 -90 0
-51.05 -18.45 34.849999999999994 0 -90 0
-51.05 -18.45 38.949999999999996 0 -90 0
-51.05 -14.349999999999998 -59.459999999999994 0 -90 0
-51.05 -14.349999999999998 -55.36 0 -90 0
-51.05 -14.349999999999998 -51.26 0 -90 0
-51.05 -14.349999999999998 -47.16 0 -90 0
-51.05 -14.349999999999998 -43.06 0 -90 0
-51.05 -14.349999999999998 -38.949999999999996 0 -90 0
-51.05 -14.349999999999998 -34.849999999999994 0 -90 0
-51.05 -14.349999999999998 -30.749999999999996 0 -90 0
-51.05 -14.349999999999998 -26.65 0 -90 0
-51.05 -14.349999999999998 -22.549999999999997 0 -90 0
-51.05 -14.349999999999998 -18.45 0 -90 0
-51.05 -14.349999999999998 -14.349999999999998 0 -90 0
-51.05 -14.349999999999998 -10.25 0 -90 0
-51.05 -14.349999999999998 -6.1499999999999995 0 -90 0
-51.05 -14.349999999999998 -2.05 0 -90 0
-51.05 -14.349999999999998 2.05 0 -90 0
-51.05 -14.349999999999998 6.1499999999999995 0 -90 0
-51.05 -14.349999999999998 10.25 0 -90 0
-51.05 -14.349999999999998 14.349999999999998 0 -90 0
-51.05 -14.349999999999998 18.45 0 -90 0
-51.05 -14.349999999999998 22.549999999999997 0 -90 0
-51.05 -14.349999999999998 26.65 0 -90 0
-51.05 -14.349999999999998 30.749999999999996 0 -90 0
-51.05 -14.349999999999998 34.849999999999994 0 -90 0
-51.05 -14.349999999999998 38.949999999999996 0 -90 0
-51.05 -14.349999999999998 43.06 0 -90 0
-51.05 -14.349999999999998 47.16 0 -90 0
-51.05 -14.349999999999998 51.26 0 -90 0
-51.05 -14.349999999999998 55.36 0 -90 0
-51.05 -14.349999999999998 59.459999999999994 0 -90 0
-51.05 -10.25 -38.949999999999996 0 -90 0
-51.05 -10.25 -34.849999999999994 0 -90 0
-51.05 -10.25 -30.749999999999996 0 -90 0
-51.05 -10.25 -26.65 0 -90 0
-51.05 -10.25 -22.549999999999997 0 -90 0
-51.05 -10.25 -18.45 0 -90 0
-51.05 -10.25 -14.349999999999998 0 -90 0
-51.05 -10.25 -10.25 0 -90 0
-51.05 -10.25 -6.1499999999999995 0 -90 0
-51.05 -10.25 -2.05 0 -90 0
-51.05 -10.25 2.05 0 -90 0
-51.05 -10.25 6.1499999999999995 0 -90 0
-51.05 -10.25 10.25 0 -90 0
-51.05 -10.25 14.349999999999998 0 -90 0
-51.05 -10.25 18.45 0 -90 0
-51.05 -10.25 22.549999999999997 0 -90 0
-51.05 -10.25 26.65 0 -90 0
-51.05 -10.25 30.749999999999996 0 -90 0
-51.05 -10.25 34.849999999999994 0 -90 0
-51.05 -10.25 38.949999999999996 0 -90 0
-51.05 -6.1499999999999995 -59.459999999999994 0 -90 0
-51.05 -6.1499999999999995 -55.36 0 -90 0
-51.05 -6.1499999999999995 -51.26 0 -90 0
-51.05 -6.1499999999999995 -47.16 0 -90 0
-51.05 -6.1499999999999995 -43.06 0 -90 0
-51.05 -6.1499999999999995 -38.949999999999996 0 -90 0
-51.05 -6.1499999999999995 -34.849999999999994 0 -90 0
-51.05 -6.1499999999999995 -30.749999999999996 0 -90 0
-51.05 -6.1499999999999995 -26.65 0 -90 0
-51.05 -6.1499999999999995 -22.549999999999997 0 -90 0
-51.05 -6.1499999999999995 -18.45 0 -90 0
-51.05 -6.1499999999999995 -14.349999999999998 0 -90 0
-51.05 -6.1499999999999995 -10.25 0 -90 0
-51.05 -6.1499999999999995 -6.1499999999999995 0 -90 0
-51.05 -6.1499999999999995 -2.05 0 -90 0
-51.05 -6.1499999999999995 2.05 0 -90 0
-51.05 -6.1499999999999995 6.1499999999999995 0 -90 0
-51.05 -6.1499999999999995 10.25 0 -90 0
-51.05 -6.1499999999999995 14.349999999999998 0 -90 0
-51.05 -6.1499999999999995 18.45 0 -90 0
-51.05 -6.1499999999999995 22.549999999999997 0 -90 0
-51.05 -6.1499999999999995 26.65 0 -90 0
-51.05 -6.1499999999999995 30.749999999999996 0 -90 0
-51.05 -6.1499999999999995 34.849999999999994 0 -90 0
-51.05 -6.1499999999999995 38.949999999999996 0 -90 0
-51.05 -6.1499999999999995 43.06 0 -90 0
-51.05 -6.1499999999999995 47.16 0 -90 0
-51.05 -6.1499999999999995 51.26 0 -90 0
-51.05 -6.1499999999999995 55.36 0 -90 0
-51.05 -6.1499999999999995 59.459999999999994 0 -90 0
-51.05 -2.05 -38.949999999999996 0 -90 0
-51.05 -2.05 -34.849999999999994 0 -90 0
-51.05 -2.05 -30.749999999999996 0 -90 0
-51.05 -2.05 -26.65 0 -90 0
-51.05 -2.05 -22.549999999999997 0 -90 0
-51.05 -2.05 -18.45 0 -90 0
-51.05 -2.05 -14.349999999999998 0 -90 0
-51.05 -2.05 -10.25 0 -90 0
-51.05 -2.05 -6.1499999999999995 0 -90 0
-51.05 -2.05 -2.05 0 -90 0
-51.05 -2.05 2.05 0 -90 0
-51.05 -2.05 6.1499999999999995 0 -90 0
-51.05 -2.05 10.25 0 -90 0
-51.05 -2.05 14.349999999999998 0 -90 0
-51.05 -2.05 18.45 0 -90 0
-51.05 -2.05 22.549999999999997 0 -90 0
-51.05 -2.05 26.65 0 -90 0
-51.05 -2.05 30.749999999999996 0 -90 0
-51.05 -2.05 34.849999999999994 0 -90 0
-51.05 -2.05 38.949999999999996 0 -90 0
-51.05 2.05 -59.459999999999994 0 -90 0
-51.05 2.05 -55.36 0 -90 0
-51.05 2.05 -51.26 0 -90 0
-51.05 2.05 -47.16 0 -90 0
-51.05 2.05 -43.06 0 -90 0
-51.05 2.05 -38.949999999999996 0 -90 0
-51.05 2.05 -34.849999999999994 0 -90 0
-51.05 2.05 -30.749999999999996 0 -90 0
-51.05 2.05 -26.65 0 -90 0
-51.05 2.05 -22.549999999999997 0 -90 0
-51.05 2.05 -18.45 0 -90 0
-51.05 2.05 -14.349999999999998 0 -90 0
-51.05 2.05 -10.25 0 -90 0
-51.05 2.05 -6.1499999999999995 0 -90 0
-51.05 2.05 -2.05 0 -90 0
-51.05 2.05 2.05 0 -90 0
-51.05 2.05 6.1499999999999995 0 -90 0
-51.05 2.05 10.25 0 -90 0
-51.05 2.05 14.349999999999998 0 -90 0
-51.05 2.05 18.45 0 -90 0
-51.05 2.05 22.549999999999997 0 -90 0
-51.05 2.05 26.65 0 -90 0
-51.05 2.05 30.749999999999996 0 -90 0
-51.05 2.05 34.849999999999994 0 -90 0
-51.05 2.05 38.949999999999996 0 -90 0
-51.05 2.05 43.06 0 -90 0
-51.05 2.05 47.16 0 -90 0
-51.05 2.05 51.26 0 -90 0
-51.05 2.05 55.36 0 -90 0
-51.05 2.05 59.459999999999994 0 -90 0
-51.05 6.1499999999999995 -38.949999999999996 0 -90 0
-51.05 6.1499999999999995 -34.849999999999994 0 -90 0
-51.05 6.1499999999999995 -30.749999999999996 0 -90 0
-51.05 6.1499999999999995 -26.65 0 -90 0
-51.05 6.1499999999999995 -22.549999999999997 0 -90 0
-51.05 6.1499999999999995 -18.45 0 -90 0
-51.05 6.1499999999999995 -14.349999999999998 0 -90 0
-51.05 6.1499999999999995 -10.25 0 -90 0
-51.05 6.1499999999999995 -6.1499999999999995 0 -90 0
-51.05 6.1499999999999995 -2.05 0 -90 0
-51.05 6.1499999999999995 2.05 0 -90 0
-51.05 6.1499999999999995 6.1499999999999995 0 -90 0
-51.05 6.1499999999999995 10.25 0 -90 0
-51.05 6.1499999999999995 14.349999999999998 0 -90 0
-51.05 6.1499999999999995 18.45 0 -90 0
-51.05 6.1499999999999995 22.549999999999997 0 -90 0
-51.05 6.1499999999999995 26.65 0 -90 0
-51.05 6.1499999999999995 30.749999999999996 0 -90 0
-51.05 6.1499999999999995 34.849999999999994 0 -90 0
-51.05 6.1499999999999995 38.949999999999996 0 -90 0
-51.05 10.25 -59.459999999999994 0 -90 0
-51.05 10.25 -55.36 0 -90 0
-51.05 10.25 -51.26 0 -90 0
-51.05 10.25 -47.16 0 -90 0
-51.05 10.25 -43.06 0 -90 0
-51.05 10.25 -38.949999999999996 0 -90 0
-51.05 10.25 -34.849999999999994 0 -90 0
-51.05 10.25 -30.749999999999996 0 -90 0
-51.05 10.25 -26.65 0 -90 0
-51.05 10.25 -22.549999999999997 0 -90 0
-51.05 10.25 -18.45 0 -90 0
-51.05 10.25 -14.349999999999998 0 -90 0
-51.05 10.25 -10.25 0 -90 0
-51.05 10.25 -6.1499999999999995 0 -90 0
-51.05 10.25 -2.05 0 -90 0
-51.05 10.25 2.05 0 -90 0
-51.05 10.25 6.1499999999999995 0 -90 0
-51.05 10.25 10.25 0 -90 0
-51.05 10.25 14.349999999999998 0 -90 0
-51.05 10.25 18.45 0 -90 0
-51.05 10.25 22.549999999999997 0 -90 0
-51.05 10.25 26.65 0 -90 0
-51.05 10.25 30.749999999999996 0 -90 0
-51.05 10.25 34.849999999999994 0 -90 0
-51.05 10.25 38.949999999999996 0 -90 0
-51.05 10.25 43.06 0 -90 0
-51.05 10.25 47.16 0 -90 0
-51.05 10.25 51.26 0 -90 0
-51.05 10.25 55.36 0 -90 0
-51.05 10.25 59.459999999999994 0 -90 0
-51.05 14.349999999999998 -38.949999999999996 0 -90 0
-51.05 14.349999999999998 -34.849999999999994 0 -90 0
-51.05 14.349999999999998 -30.749999999999996 0 -90 0
-51.05 14.349999999999998 -26.65 0 -90 0
-51.05 14.349999999999998 -22.549999999999997 0 -90 0
-51.05 14.349999999999998 -18.45 0 -90 0
-51.05 14.349999999999998 -14.349999999999998 0 -90 0
-51.05 14.349999999999998 -10.25 0 -90 0
-51.05 14.349999999999998 -6.1499999999999995 0 -90 0
-51.05 14.349999999999998 -2.05 0 -90 0
-51.05 14.349999999999998 2.05 0 -90 0
-51.05 14.349999999999998 6.1499999999999995 0 -90 0
-51.05 14.349999999999998 10.25 0 -90 0
-51.05 14.349999999999998 14.349999999999998 0 -90 0
-51.05 14.349999999999998 18.45 0 -90 0
-51.05 14.349999999999998 22.549999999999997 0 -90 0
-51.05 14.349999999999998 26.65 0 -90 0
-51.05 14.349999999999998 30.749999999999996 0 -90 0
-51.05 14.349999999999998 34.849999999999994 0 -90 0
-51.05 14.349999999999998 38.949999999999996 0 -90 0
-51.05 18.45 -59.459999999999994 0 -90 0
-51.05 18.45 -55.36 0 -90 0
-51.05 18.45 -51.26 0 -90 0
-51.05 18.45 -47.16 0 -90 0
-51.05 18.45 -43.06 0 -90 0
-51.05 18.45 -38.949999999999996 0 -90 0
-51.05 18.45 -34.849999999999994 0 -90 0
-51.05 18.45 -30.749999999999996 0 -90 0
-51.05 18.45 -26.65 0 -90 0
-51.05 18.45 -22.549999999999997 0 -90 0
-51.05 18.45 -18.45 0 -90 0
-51.05 18.45 -14.349999999999998 0 -90 0
-51.05 18.45 -10.25 0 -90 0
-51.05 18.45 -6.1499999999999995 0 -90 0
-51.05 18.45 -2.05 0 -90 0
-51.05 18.45 2.05 0 -90 0
-51.05 18.45 6.1499999999999995 0 -90 0
-51.05 18.45 10.25 0 -90 0
-51.05 18.45 14.349999999999998 0 -90 0
-51.05 18.45 18.45 0 -90 0
-51.05 18.45 22.549999999999997 0 -90 0
-51.05 18.45 26.65 0 -90 0
-51.05 18.45 30.749999999999996 0 -90 0
-51.05 18.45 34.849999999999994 0 -90 0
-51.05 18.45 38.949999999999996 0 -90 0
-51.05 18.45 43.06 0 -90 0
-51.05 18.45 47.16 0 -90 0
-51.05 18.45 51.26 0 -90 0
-51.05 18.45 55.36 0 -90 0
-51.05 18.45 59.459999999999994 0 -90 0
-51.05 22.549999999999997 -38.949999999999996 0 -90 0
-51.05 22.549999999999997 -34.849999999999994 0 -90 0
-51.05 22.549999999999997 -30.749999999999996 0 -90 0
-51.05 22.549999999999997 -26.65 0 -90 0
-51.05 22.549999999999997 -22.549999999999997 0 -90 0
-51.05 22.549999999999997 -18.45 0 -90 0
-51.05 22.549999999999997 -14.349999999999998 0 -90 0
-51.05 22.549999999999997 -10.25 0 -90 0
-51.05 22.549999999999997 -6.1499999999999995 0 -90 0
-51.05 22.549999999999997 -2.05 0 -90 0
-51.05 22.549999999999997 2.05 0 -90 0
-51.05 22.549999999999997 6.1499999999999995 0 -90 0
-51.05 22.549999999999997 10.25 0 -90 0
-51.05 22.549999999999997 14.349999999999998 0 -90 0
-51.05 22.549999999999997 18.45 0 -90 0
-51.05 22.549999999999997 22.549999999999997 0 -90 0
-51.05 22.549999999999997 26.65 0 -90 0
-51.05 22.549999999999997 30.749999999999996 0 -90 0
-51.05 22.549999999999997 34.849999999999994 0 -90 0
-51.05 22.549999999999997 38.949999999999996 0 -90 0
-51.05 26.65 -59.459999999999994 0 -90 0
-51.05 26.65 -55.36 0 -90 0
-51.05 26.65 -51.26 0 -90 0
-51.05 26.65 -47.16 0 -90 0
-51.05 26.65 -43.06 0 -90 0
-51.05 26.65 -38.949999999999996 0 -90 0
-51.05 26.65 -34.849999999999994 0 -90 0
-51.05 26.65 -30.749999999999996 0 -90 0
-51.05 26.65 -26.65 0 -90 0
-51.05 26.65 -22.549999999999997 0 -90 0
-51.05 26.65 -18.45 0 -90 0
-51.05 26.65 -14.349999999999998 0 -90 0
-51.05 26.65 -10.25 0 -90 0
-51.05 26.65 -6.1499999999999995 0 -90 0
-51.05 26.65 -2.05 0 -90 0
-51.05 26.65 2.05 0 -90 0
-51.05 26.65 6.1499999999999995 0 -90 0
-51.05 26.65 10.25 0 -90 0
-51.05 26.65 14.349999999999998 0 -90 0
-51.05 26.65 18.45 0 -90 0
-51.05 26.65 22.549999999999997 0 -90 0
-51.05 26.65 26.65 0 -90 0
-51.05 26.65 30.749999999999996 0 -90 0
-51.05 26.65 34.849999999999994 0 -90 0
-51.05 26.65 38.949999999999996 0 -90 0
-51.05 26.65 43.06 0 -90 0
-51.05 26.65 47.16 0 -90 0
-51.05 26.65 51.26 0 -90 0
-51.05 26.65 55.36 0 -90 0
-51.05 26.65 59.459999999999994 0 -90 0
-51.05 30.749999999999996 -38.949999999999996 0 -90 0
-51.05 30.749999999999996 -34.849999999999994 0 -90 0
-51.05 30.749999999999996 -30.749999999999996 0 -90 0
-51.05 30.749999999999996 -26.65 0 -90 0
-51.05 30.749999999999996 -22.549999999999997 0 -90 0
-51.05 30.749999999999996 -18.45 0 -90 0
-51.05 30.749999999999996 -14.349999999999998 0 -90 0
-51.05 30.749999999999996 -10.25 0 -90 0
-51.05 30.749999999999996 -6.1499999999999995 0 -90 0
-51.05 30.749999999999996 -2.05 0 -90 0
-51.05 30.749999999999996 2.05 0 -90 0
-51.05 30.749999999999996 6.1499999999999995 0 -90 0
-51.05 30.749999999999996 10.25 0 -90 0
-51.05 30.749999999999996 14.349999999999998 0 -90 0
-51.05 30.749999999999996 18.45 0 -90 0
-51.05 30.749999999999996 22.549999999999997 0 -90 0
-51.05 30.749999999999996 26.65 0 -90 0
-51.05 30.749999999999996 30.749999999999996 0 -90 0
-51.05 30.749999999999996 34.849999999999994 0 -90 0
-51.05 30.749999999999996 38.949999999999996 0 -90 0
-51.05 34.849999999999994 -59.459999999999994 0 -90 0
-51.05 34.849999999999994 -55.36 0 -90 0
-51.05 34.849999999999994 -51.26 0 -90 0
-51.05 34.849999999999994 -47.16 0 -90 0
-51.05 34.849999999999994 -43.06 0 -90 0
-51.05 34.849999999999994 -38.949999999999996 0 -90 0
-51.05 34.849999999999994 -34.849999999999994 0 -90 0
-51.05 34.849999999999994 -30.749999999999996 0 -90 0
-51.05 34.849999999999994 -26.65 0 -90 0
-51.05 34.849999999999994 -22.549999999999997 0 -90 0
-51.05 34.849999999999994 -18.45 0 -90 0
-51.05 34.849999999999994 -14.349999999999998 0 -90 0
-51.05 34.849999999999994 -10.25 0 -90 0
-51.05 34.849999999999994 -6.1499999999999995 0 -90 0
-51.05 34.849999999999994 -2.05 0 -90 0
-51.05 34.849999999999994 2.05 0 -90 0
-51.05 34.849999999999994 6.1499999999999995 0 -90 0
-51.05 34.849999999999994 10.25 0 -90 0
-51.05 34.849999999999994 14.349999999999998 0 -90 0
-51.05 34.849999999999994 18.45 0 -90 0
-51.05 34.849999999999994 22.549999999999997 0 -90 0
-51.05 34.849999999999994 26.65 0 -90 0
-51.05 34.849999999999994 30.749999999999996 0 -90 0
-51.05 34.849999999999994 34.849999999999994 0 -90 0
-51.05 34.849999999999994 38.949999999999996 0 -90 0
-51.05 34.849999999999994 43.06 0 -90 0
-51.05 34.849999999999994 47.16 0 -90 0
-51.05 34.849999999999994 51.26 0 -90 0
-51.05 34.849999999999994 55.36 0 -90 0
-51.05 34.849999999999994 59.459999999999994 0 -90 0
-51.05 38.949999999999996 -38.949999999999996 0 -90 0
-51.05 38.949999999999996 -34.849999999999994 0 -90 0
-51.05 38.949999999999996 -30.749999999999996 0 -90 0
-51.05 38.949999999999996 -26.65 0 -90 0
-51.05 38.949999999999996 -22.549999999999997 0 -90 0
-51.05 38.949999999999996 -18.45 0 -90 0
-51.05 38.949999999999996 -14.349999999999998 0 -90 0
-51.05 38.949999999999996 -10.25 0 -90 0
-51.05 38.949999999999996 -6.1499999999999995 0 -90 0
-51.05 38.949999999999996 -2.05 0 -90 0
-51.05 38.949999999999996 2.05 0 -90 0
-51.05 38.949999999999996 6.1499999999999995 0 -90 0
-51.05 38.949999999999996 10.25 0 -90 0
-51.05 38.949999999999996 14.349999999999998 0 -90 0
-51.05 38.949999999999996 18.45 0 -90 0
-51.05 38.949999999999996 22.549999999999997 0 -90 0
-51.05 38.949999999999996 26.65 0 -90 0
-51.05 38.949999999999996 30.749999999999996 0 -90 0
-51.05 38.949999999999996 34.849999999999994 0 -90 0
-51.05 38.949999999999996 38.949999999999996 0 -90 0
-51.05 43.06 -38.949999999999996 0 -90 0
-51.05 43.06 -30.749999999999996 0 -90 0
-51.05 43.06 -22.549999999999997 0 -90 0
-51.05 43.06 -14.349999999999998 0 -90 0
-51.05 43.06 -6.1499999999999995 0 -90 0
-51.05 43.06 2.05 0 -90 0
-51.05 43.06 10.25 0 -90 0
-51.05 43.06 18.45 0 -90 0
-51.05 43.06 26.65 0 -90 0
-51.05 43.06 34.849999999999994 0 -90 0
-51.05 47.16 -38.949999999999996 0 -90 0
-51.05 47.16 -30.749999999999996 0 -90 0
-51.05 47.16 -22.549999999999997 0 -90 0
-51.05 47.16 -14.349999999999998 0 -90 0
-51.05 47.16 -6.1499999999999995 0 -90 0
-51.05 47.16 2.05 0 -90 0
-51.05 47.16 10.25 0 -90 0
-51.05 47.16 18.45 0 -90 0
-51.05 47.16 26.65 0 -90 0
-51.05 47.16 34.849999999999994 0 -90 0
-51.05 51.26 -38.949999999999996 0 -90 0
-51.05 51.26 -30.749999999999996 0 -90 0
-51.05 51.26 -22.549999999999997 0 -90 0
-51.05 51.26 -14.349999999999998 0 -90 0
-51.05 51.26 -6.1499999999999995 0 -90 0
-51.05 51.26 2.05 0 -90 0
-51.05 51.26 10.25 0 -90 0
-51.05 51.26 18.45 0 -90 0
-51.05 51.26 26.65 0 -90 0
-51.05 51.26 34.849999999999994 0 -90 0
-51.05 55.36 -38.949999999999996 0 -90 0
-51.05 55.36 -30.749999999999996 0 -90 0
-51.05 55.36 -22.549999999999997 0 -90 0
-51.05 55.36 -14.349999999999998 0 -90 0
-51.05 55.36 -6.1499999999999995 0 -90 0
-51.05 55.36 2.05 0 -90 0
-51.05 55.36 10.25 0 -90 0
-51.05 55.36 18.45 0 -90 0
-51.05 55.36 26.65 0 -90 0
-51.05 55.36 34.849999999999994 0 -90 0
-51.05 59.459999999999994 -38.949999999999996 0 -90 0
-51.05 59.459999999999994 -30.749999999999996 0 -90 0
-51.05 59.459999999999994 -22.549999999999997 0 -90 0
-51.05 59.459999999999994 -14.349999999999998 0 -90 0
-51.05 59.459999999999994 -6.1499999999999995 0 -90 0
-51.05 59.459999999999994 2.05 0 -90 0
-51.05 59.459999999999994 10.25 0 -90 0
-51.05 59.459999999999994 18.45 0 -90 0
-51.05 59.459999999999994 26.65 0 -90 0
-51.05 59.459999999999994 34.849999999999994 0 -90 0
-47.16 -51.05 -59.459999999999994 90 0 0
-47.16 -51.05 -55.36 90 0 0
-47.16 -51.05 -51.26 90 0 0
-47.16 -51.05 -47.16 90 0 0
-47.16 -51.05 -43.06 90 0 0
-47.16 -51.05 -34.849999999999994 90 0 0
-47.16 -51.05 -26.65 90 0 0
-47.16 -51.05 -18.45 90 0 0
-47.16 -51.05 -10.25 90 0 0
-47.16 -51.05 -2.05 90 0 0
-47.16 -51.05 6.1499999999999995 90 0 0
-47.16 -51.05 14.349999999999998 90 0 0
-47.16 -51.05 22.549999999999997 90 0 0
-47.16 -51.05 30.749999999999996 90 0 0
-47.16 -51.05 38.949999999999996 90 0 0
-47.16 -51.05 43.06 90 0 0
-47.16 -51.05 47.16 90 0 0
-47.16 -51.05 51.26 90 0 0
-47.16 -51.05 55.36 90 0 0
-47.16 -51.05 59.459999999999994 90 0 0
-47.16 -34.849999999999994 -51.05 180 0 0
-47.16 -34.849999999999994 51.05 0 0 0
-47.16 -26.65 -51.05 180 0 0
-47.16 -26.65 51.05 0 0 0
-47.16 -18.45 -51.05 180 0 0
-47.16 -18.45 51.05 0 0 0
-47.16 -10.25 -51.05 180 0 0
-47.16 -10.25 51.05 0 0 0
-47.16 -2.05 -51.05 180 0 0
-47.16 -2.05 51.05 0 0 0
-47.16 6.1499999999999995 -51.05 180 0 0
-47.16 6.1499999999999995 51.05 0 0 0
-47.16 14.349999999999998 -51.05 180 0 0
-47.16 14.349999999999998 51.05 0 0 0
-47.16 22.549999999999997 -51.05 180 0 0
-47.16 22.549999999999997 51.05 0 0 0
-47.16 30.749999999999996 -51.05 180 0 0
-47.16 30.749999999999996 51.05 0 0 0
-47.16 38.949999999999996 -51.05 180 0 0
-47.16 38.949999999999996 51.05 0 0 0
-47.16 51.05 -59.459999999999994 -90 0 0
-47.16 51.05 -55.36 -90 0 0
-47.16 51.05 -51.26 -90 0 0
-47.16 51.05 -47.16 -90 0 0
-47.16 51.05 -43.06 -90 0 0
-47.16 51.05 -34.849999999999994 -90 0 0
-47.16 51.05 -26.65 -90 0 0
-47.16 51.05 -18.45 -90 0 0
-47.16 51.05 -10.25 -90 0 0
-47.16 51.05 -2.05 -90 0 0
-47.16 51.05 6.1499999999999995 -90 0 0
-47.16 51.05 14.349999999999998 -90 0 0
-47.16 51.05 22.549999999999997 -90 0 0
-47.16 51.05 30.749999999999996 -90 0 0
-47.16 51.05 38.949999999999996 -90 0 0
-47.16 51.05 43.06 -90 0 0
-47.16 51.05 47.16 -90 0 0
-47.16 51.05 51.26 -90 0 0
-47.16 51.05 55.36 -90 0 0
-47.16 51.05 59.459999999999994 -90 0 0
-43.06 -59.459999999999994 -51.05 180 0 0
-43.06 -59.459999999999994 51.05 0 0 0
-43.06 -55.36 -51.05 180 0 0
-43.06 -55.36 51.05 0 0 0
-43.06 -51.26 -51.05 180 0 0
-43.06 -51.26 51.05 0 0 0
-43.06 -51.05 -34.849999999999994 90 0 0
-43.06 -51.05 -26.65 90 0 0
-43.06 -51.05 -18.45 90 0 0
-43.06 -51.05 -10.25 90 0 0
-43.06 -51.05 -2.05 90 0 0
-43.06 -51.05 6.1499999999999995 90 0 0
-43.06 -51.05 14.349999999999998 90 0 0
-43.06 -51.05 22.549999999999997 90 0 0
-43.06 -51.05 30.749999999999996 90 0 0
-43.06 -51.05 38.949999999999996 90 0 0
-43.06 -47.16 -51.05 180 0 0
-43.06 -47.16 51.05 0 0 0
-43.06 -43.06 -51.05 180 0 0
-43.06 -43.06 51.05 0 0 0
-43.06 -34.849999999999994 -51.05 180 0 0
-43.06 -34.849999999999994 51.05 0 0 0
-43.06 -26.65 -51.05 180 0 0
-43.06 -26.65 51.05 0 0 0
-43.06 -18.45 -51.05 180 0 0
-43.06 -18.45 51.05 0 0 0
-43.06 -10.25 -51.05 180 0 0
-43.06 -10.25 51.05 0 0 0
-43.06 -2.05 -51.05 180 0 0
-43.06 -2.05 51.05 0 0 0
-43.06 6.1499999999999995 -51.05 180 0 0
-43.06 6.1499999999999995 51.05 0 0 0
-43.06 14.349999999999998 -51.05 180 0 0
-43.06 14.349999999999998 51.05 0 0 0
-43.06 22.549999999999997 -51.05 180 0 0
-43.06 22.549999999999997 51.05 0 0 0
-43.06 30.749999999999996 -51.05 180 0 0
-43.06 30.749999999999996 51.05 0 0 0
-43.06 38.949999999999996 -51.05 180 0 0
-43.06 38.949999999999996 51.05 0 0 0
-43.06 43.06 -51.05 180 0 0
-43.06 43.06 51.05 0 0 0
-43.06 47.16 -51.05 180 0 0
-43.06 47.16 51.05 0 0 0
-43.06 51.05 -34.849999999999994 -90 0 0
-43.06 51.05 -26.65 -90 0 0
-43.06 51.05 -18.45 -90 0 0
-43.06 51.05 -10.25 -90 0 0
-43.06 51.05 -2.05 -90 0 0
-43.06 51.05 6.1499999999999995 -90 0 0
-43.06 51.05 14.349999999999998 -90 0 0
-43.06 51.05 22.549999999999997 -90 0 0
-43.06 51.05 30.749999999999996 -90 0 0
-43.06 51.05 38.949999999999996 -90 0 0
-43.06 51.26 -51.05 180 0 0
-43.06 51.26 51.05 0 0 0
-43.06 55.36 -51.05 180 0 0
-43.06 55.36 51.05 0 0 0
-43.06 59.459999999999994 -51.05 180 0 0
-43.06 59.459999999999994 51.05 0 0 0
-38.949999999999996 -51.05 -59.459999999999994 90 0 0
-38.949999999999996 -51.05 -55.36 90 0 0
-38.949999999999996 -51.05 -51.26 90 0 0
-38.949999999999996 -51.05 -47.16 90 0 0
-38.949999999999996 -51.05 -43.06 90 0 0
-38.949999999999996 -51.05 -38.949999999999996 90 0 0
-38.949999999999996 -51.05 -34.849999999999994 90 0 0
-38.949999999999996 -51.05 -30.749999999999996 90 0 0
-38.949999999999996 -51.05 -26.65 90 0 0
-38.949999999999996 -51.05 -22.549999999999997 90 0 0
-38.949999999999996 -51.05 -18.45 90 0 0
-38.949999999999996 -51.05 -14.349999999999998 90 0 0
-38.949999999999996 -51.05 -10.25 90 0 0
-38.949999999999996 -51.05 -6.1499999999999995 90 0 0
-38.949999999999996 -51.05 -2.05 90 0 0
-38.949999999999996 -51.05 2.05 90 0 0
-38.949999999999996 -51.05 6.1499999999999995 90 0 0
-38.949999999999996 -51.05 10.25 90 0 0
-38.949999999999996 -51.05 14.349999999999998 90 0 0
-38.949999999999996 -51.05 18.45 90 0 0
-38.949999999999996 -51.05 22.549999999999997 90 0 0
-38.949999999999996 -51.05 26.65 90 0 0
-38.949999999999996 -51.05 30.749999999999996 90 0 0
-38.949999999999996 -51.05 34.849999999999994 90 0 0
-38.949999999999996 -51.05 38.949999999999996 90 0 0
-38.949999999999996 -51.05 43.06 90 0 0
-38.949999999999996 -51.05 47.16 90 0 0
-38.949999999999996 -51.05 51.26 90 0 0
-38.949999999999996 -51.05 55.36 90 0 0
-38.949999999999996 -51.05 59.459999999999994 90 0 0
-38.949999999999996 -38.949999999999996 -51.05 180 0 0
-38.949999999999996 -38.949999999999996 51.05 0 0 0
-38.949999999999996 -34.849999999999994 -51.05 180 0 0
-38.949999999999996 -34.849999999999994 51.05 0 0 0
-38.949999999999996 -30.749999999999996 -51.05 180 0 0
-38.949999999999996 -30.749999999999996 51.05 0 0 0
-38.949999999999996 -26.65 -51.05 180 0 0
-38.949999999999996 -26.65 51.05 0 0 0
-38.949999999999996 -22.549999999999997 -51.05 180 0 0
-38.949999999999996 -22.549999999999997 51.05 0 0 0
-38.949999999999996 -18.45 -51.05 180 0 0
-38.949999999999996 -18.45 51.05 0 0 0
-38.949999999999996 -14.349999999999998 -51.05 180 0 0
-38.949999999999996 -14.349999999999998 51.05 0 0 0
-38.949999999999996 -10.25 -51.05 180 0 0
-38.949999999999996 -10.25 51.05 0 0 0
-38.949999999999996 -6.1499999999999995 -51.05 180 0 0
-38.949999999999996 -6.1499999999999995 51.05 0 0 0
-38.949999999999996 -2.05 -51.05 180 0 0
-38.949999999999996 -2.05 51.05 0 0 0
-38.949999999999996 2.05 -51.05 180 0 0
-38.949999999999996 2.05 51.05 0 0 0
-38.949999999999996 6.1499999999999995 -51.05 180 0 0
-38.949999999999996 6.1499999999999995 51.05 0 0 0
-38.949999999999996 10.25 -51.05 180 0 0
-38.949999999999996 10.25 51.05 0 0 0
-38.949999999999996 14.349999999999998 -51.05 180 0 0
-38.949999999999996 14.349999999999998 51.05 0 0 0
-38.949999999999996 18.45 -51.05 180 0 0
-38.949999999999996 18.45 51.05 0 0 0
-38.949999999999996 22.549999999999997 -51.05 180 0 0
-38.949999999999996 22.549999999999997 51.05 0 0 0
-38.949999999999996 26.65 -51.05 180 0 0
-38.949999999999996 26.65 51.05 0 0 0
-38.949999999999996 30.749999999999996 -51.05 180 0 0
-38.949999999999996 30.749999999999996 51.05 0 0 0
-38.949999999999996 34.849999999999994 -51.05 180 0 0
-38.949999999999996 34.849999999999994 51.05 0 0 0
-38.949999999999996 38.949999999999996 -51.05 180 0 0
-38.949999999999996 38.949999999999996 51.05 0 0 0
-38.949999999999996 51.05 -59.459999999999994 -90 0 0
-38.949999999999996 51.05 -55.36 -90 0 0
-38.949999999999996 51.05 -51.26 -90 0 0
-38.949999999999996 51.05 -47.16 -90 0 0
-38.949999999999996 51.05 -43.06 -90 0 0
-38.949999999999996 51.05 -38.949999999999996 -90 0 0
-38.949999999999996 51.05 -34.849999999999994 -90 0 0
-38.949999999999996 51.05 -30.749999999999996 -90 0 0
-38.949999999999996 51.05 -26.65 -90 0 0
-38.949999999999996 51.05 -22.549999999999997 -90 0 0
-38.949999999999996 51.05 -18.45 -90 0 0
-38.949999999999996 51.05 -14.349999999999998 -90 0 0
-38.949999999999996 51.05 -10.25 -90 0 0
-38.949999999999996 51.05 -6.1499999999999995 -90 0 0
-38.949999999999996 51.05 -2.05 -90 0 0
-38.949999999999996 51.05 2.05 -90 0 0
-38.949999999999996 51.05 6.1499999999999995 -90 0 0
-38.949999999999996 51.05 10.25 -90 0 0
-38.949999999999996 51.05 14.349999999999998 -90 0 0
-38.949999999999996 51.05 18.45 -90 0 0
-38.949999999999996 51.05 22.549999999999997 -90 0 0
-38.949999999999996 51.05 26.65 -90 0 0
-38.949999999999996 51.05 30.749999999999996 -90 0 0
-38.949999999999996 51.05 34.849999999999994 -90 0 0
-38.949999999999996 51.05 38.949999999999996 -90 0 0
-38.949999999999996 51.05 43.06 -90 0 0
-38.949999999999996 51.05 47.16 -90 0 0
-38.949999999999996 51.05 51.26 -90 0 0
-38.949999999999996 51.05 55.36 -90 0 0
-38.949999999999996 51.05 59.459999999999994 -90 0 0
-34.849999999999994 -59.459999999999994 -51.05 180 0 0
-34.849999999999994 -59.459999999999994 51.05 0 0 0
-34.849999999999994 -55.36 -51.05 180 0 0
-34.849999999999994 -55.36 51.05 0 0 0
-34.849999999999994 -51.26 -51.05 180 0 0
-34.849999999999994 -51.26 51.05 0 0 0
-34.849999999999994 -51.05 -38.949999999999996 90 0 0
-34.849999999999994 -51.05 -34.849999999999994 90 0 0
-34.849999999999994 -51.05 -30.749999999999996 90 0 0
-34.849999999999994 -51.05 -26.65 90 0 0
-34.849999999999994 -51.05 -22.549999999999997 90 0 0
-34.849999999999994 -51.05 -18.45 90 0 0
-34.849999999999994 -51.05 -14.349999999999998 90 0 0
-34.849999999999994 -51.05 -10.25 90 0 0
-34.849999999999994 -51.05 -6.1499999999999995 90 0 0
-34.849999999999994 -51.05 -2.05 90 0 0
-34.849999999999994 -51.05 2.05 90 0 0
-34.849999999999994 -51.05 6.1499999999999995 90 0 0
-34.849999999999994 -51.05 10.25 90 0 0
-34.849999999999994 -51.05 14.349999999999998 90 0 0
-34.849999999999994 -51.05 18.45 90 0 0
-34.849999999999994 -51.05 22.549999999999997 90 0 0
-34.849999999999994 -51.05 26.65 90 0 0
-34.849999999999994 -51.05 30.749999999999996 90 0 0
-34.849999999999994 -51.05 34.849999999999994 90 0 0
-34.849999999999994 -51.05 38.949999999999996 90 0 0
-34.849999999999994 -47.16 -51.05 180 0 0
-34.849999999999994 -47.16 51.05 0 0 0
-34.849999999999994 -43.06 -51.05 180 0 0
-34.849999999999994 -43.06 51.05 0 0 0
-34.849999999999994 -38.949999999999996 -51.05 180 0 0
-34.849999999999994 -38.949999999999996 51.05 0 0 0
-34.849999999999994 -34.849999999999994 -51.05 180 0 0
-34.849999999999994 -34.849999999999994 51.05 0 0 0
-34.849999999999994 -30.749999999999996 -51.05 180 0 0
-34.849999999999994 -30.749999999999996 51.05 0 0 0
-34.849999999999994 -26.65 -51.05 180 0 0
-34.849999999999994 -26.65 51.05 0 0 0
-34.849999999999994 -22.549999999999997 -51.05 180 0 0
-34.849999999999994 -22.549999999999997 51.05 0 0 0
-34.849999999999994 -18.45 -51.05 180 0 0
-34.849999999999994 -18.45 51.05 0 0 0
-34.849999999999994 -14.349999999999998 -51.05 180 0 0
-34.849999999999994 -14.349999999999998 51.05 0 0 0
-34.849999999999994 -10.25 -51.05 180 0 0
-34.849999999999994 -10.25 51.05 0 0 0
-34.849999999999994 -6.1499999999999995 -51.05 180 0 0
-34.849999999999994 -6.1499999999999995 51.05 0 0 0
-34.849999999999994 -2.05 -51.05 180 0 0
-34.849999999999994 -2.05 51.05 0 0 0
-34.849999999999994 2.05 -51.05 180 0 0
-34.849999999999994 2.05 51.05 0 0 0
-34.849999999999994 6.1499999999999995 -51.05 180 0 0
-34.849999999999994 6.1499999999999995 51.05 0 0 0
-34.849999999999994 10.25 -51.05 180 0 0
-34.849999999999994 10.25 51.05 0 0 0
-34.849999999999994 14.349999999999998 -51.05 180 0 0
-34.849999999999994 14.349999999999998 51.05 0 0 0
-34.849999999999994 18.45 -51.05 180 0 0
-34.849999999999994 18.45 51.05 0 0 0
-34.849999999999994 22.549999999999997 -51.05 180 0 0
-34.849999999999994 22.549999999999997 51.05 0 0 0
-34.849999999999994 26.65 -51.05 180 0 0
-34.849999999999994 26.65 51.05 0 0 0
-34.849999999999994 30.749999999999996 -51.05 180 0 0
-34.849999999999994 30.749999999999996 51.05 0 0 0
-34.849999999999994 34.849999999999994 -51.05 180 0 0
-34.849999999999994 34.849999999999994 51.05 0 0 0
-34.849999999999994 38.949999999999996 -51.05 180 0 0
-34.849999999999994 38.949999999999996 51.05 0 0 0
-34.849999999999994 43.06 -51.05 180 0 0
-34.849999999999994 43.06 51.05 0 0 0
-34.849999999999994 47.16 -51.05 180 0 0
-34.849999999999994 47.16 51.05 0 0 0
-34.849999999999994 51.05 -38.949999999999996 -90 0 0
-34.849999999999994 51.05 -34.849999999999994 -90 0 0
-34.849999999999994 51.05 -30.749999999999996 -90 0 0
-34.849999999999994 51.05 -26.65 -90 0 0
-34.849999999999994 51.05 -22.549999999999997 -90 0 0
-34.849999999999994 51.05 -18.45 -90 0 0
-34.849999999999994 51.05 -14.349999999999998 -90 0 0
-34.849999999999994 51.05 -10.25 -90 0 0
-34.849999999999994 51.05 -6.1499999999999995 -90 0 0
-34.849999999999994 51.05 -2.05 -90 0 0
-34.849999999999994 51.05 2.05 -90 0 0
-34.849999999999994 51.05 6.1499999999999995 -90 0 0
-34.849999999999994 51.05 10.25 -90 0 0
-34.849999999999994 51.05 14.349999999999998 -90 0 0
-34.849999999999994 51.05 18.45 -90 0 0
-34.849999999999994 51.05 22.549999999999997 -90 0 0
-34.849999999999994 51.05 26.65 -90 0 0
-34.849999999999994 51.05 30.749999999999996 -90 0 0
-34.849999999999994 51.05 34.849999999999994 -90 0 0
-34.849999999999994 51.05 38.949999999999996 -90 0 0
-34.849999999999994 51.26 -51.05 180 0 0
-34.849999999999994 51.26 51.05 0 0 0
-34.849999999999994 55.36 -51.05 180 0 0
-34.849999999999994 55.36 51.05 0 0 0
-34.849999999999994 59.459999999999994 -51.05 180 0 0
-34.849999999999994 59.459999999999994 51.05 0 0 0
-30.749999999999996 -51.05 -59.459999999999994 90 0 0
-30.749999999999996 -51.05 -55.36 90 0 0
-30.749999999999996 -51.05 -51.26 90 0 0
-30.749999999999996 -51.05 -47.16 90 0 0
-30.749999999999996 -51.05 -43.06 90 0 0
-30.749999999999996 -51.05 -38.949999999999996 90 0 0
-30.749999999999996 -51.05 -34.849999999999994 90 0 0
-30.749999999999996 -51.05 -30.749999999999996 90 0 0
-30.749999999999996 -51.05 -26.65 90 0 0
-30.749999999999996 -51.05 -22.549999999999997 90 0 0
-30.749999999999996 -51.05 -18.45 90 0 0
-30.749999999999996 -51.05 -14.349999999999998 90 0 0
-30.749999999999996 -51.05 -10.25 90 0 0
-30.749999999999996 -51.05 -6.1499999999999995 90 0 0
-30.749999999999996 -51.05 -2.05 90 0 0
-30.749999999999996 -51.05 2.05 90 0 0
-30.749999999999996 -51.05 6.1499999999999995 90 0 0
-30.749999999999996 -51.05 10.25 90 0 0
-30.749999999999996 -51.05 14.349999999999998 90 0 0
-30.749999999999996 -51.05 18.45 90 0 0
-30.749999999999996 -51.05 22.549999999999997 90 0 0
-30.749999999999996 -51.05 26.65 90 0 0
-30.749999999999996 -51.05 30.749999999999996 90 0 0
-30.749999999999996 -51.05 34.849999999999994 90 0 0
-30.749999999999996 -51.05 38.949999999999996 90 0 0
-30.749999999999996 -51.05 43.06 90 0 0
-30.749999999999996 -51.05 47.16 90 0 0
-30.749999999999996 -51.05 51.26 90 0 0
-30.749999999999996 -51.05 55.36 90 0 0
-30.749999999999996 -51.05 59.459999999999994 90 0 0
-30.749999999999996 -38.949999999999996 -51.05 180 0 0
-30.749999999999996 -38.949999999999996 51.05 0 0 0
-30.749999999999996 -34.849999999999994 -51.05 180 0 0
-30.749999999999996 -34.849999999999994 51.05 0 0 0
-30.749999999999996 -30.749999999999996 -51.05 180 0 0
-30.749999999999996 -30.749999999999996 51.05 0 0 0
-30.749999999999996 -26.65 -51.05 180 0 0
-30.749999999999996 -26.65 51.05 0 0 0
-30.749999999999996 -22.549999999999997 -51.05 180 0 0
-30.749999999999996 -22.549999999999997 51.05 0 0 0
-30.749999999999996 -18.45 -51.05 180 0 0
-30.749999999999996 -18.45 51.05 0 0 0
-30.749999999999996 -14.349999999999998 -51.05 180 0 0
-30.749999999999996 -14.349999999999998 51.05 0 0 0
-30.749999999999996 -10.25 -51.05 180 0 0
-30.749999999999996 -10.25 51.05 0 0 0
-30.749999999999996 -6.1499999999999995 -51.05 180 0 0
-30.749999999999996 -6.1499999999999995 51.05 0 0 0
-30.749999999999996 -2.05 -51.05 180 0 0
-30.749999999999996 -2.05 51.05 0 0 0
-30.749999999999996 2.05 -51.05 180 0 0
-30.749999999999996 2.05 51.05 0 0 0
-30.749999999999996 6.1499999999999995 -51.05 180 0 0
-30.749999999999996 6.1499999999999995 51.05 0 0 0
-30.749999999999996 10.25 -51.05 180 0 0
-30.749999999999996 10.25 51.05 0 0 0
-30.749999999999996 14.349999999999998 -51.05 180 0 0
-30.749999999999996 14.349999999999998 51.05 0 0 0
-30.749999999999996 18.45 -51.05 180 0 0
-30.749999999999996 18.45 51.05 0 0 0
-30.749999999999996 22.549999999999997 -51.05 180 0 0
-30.749999999999996 22.549999999999997 51.05 0 0 0
-30.749999999999996 26.65 -51.05 180 0 0
-30.749999999999996 26.65 51.05 0 0 0
-30.749999999999996 30.749999999999996 -51.05 180 0 0
-30.749999999999996 30.749999999999996 51.05 0 0 0
-30.749999999999996 34.849999999999994 -51.05 180 0 0
-30.749999999999996 34.849999999999994 51.05 0 0 0
-30.749999999999996 38.949999999999996 -51.05 180 0 0
-30.749999999999996 38.949999999999996 51.05 0 0 0
-30.749999999999996 51.05 -59.459999999999994 -90 0 0
-30.749999999999996 51.05 -55.36 -90 0 0
-30.749999999999996 51.05 -51.26 -90 0 0
-30.749999999999996 51.05 -47.16 -90 0 0
-30.749999999999996 51.05 -43.06 -90 0 0
-30.749999999999996 51.05 -38.949999999999996 -90 0 0
-30.749999999999996 51.05 -34.849999999999994 -90 0 0
-30.749999999999996 51.05 -30.749999999999996 -90 0 0
-30.749999999999996 51.05 -26.65 -90 0 0
-30.749999999999996 51.05 -22.549999999999997 -90 0 0
-30.749999999999996 51.05 -18.45 -90 0 0
-30.749999999999996 51.05 -14.349999999999998 -90 0 0
-30.749999999999996 51.05 -10.25 -90 0 0
-30.749999999999996 51.05 -6.1499999999999995 -90 0 0
-30.749999999999996 51.05 -2.05 -90 0 0
-30.749999999999996 51.05 2.05 -90 0 0
-30.749999999999996 51.05 6.1499999999999995 -90 0 0
-30.749999999999996 51.05 10.25 -90 0 0
-30.749999999999996 51.05 14.349999999999998 -90 0 0
-30.749999999999996 51.05 18.45 -90 0 0
-30.749999999999996 51.05 22.549999999999997 -90 0 0
-30.749999999999996 51.05 26.65 -90 0 0
-30.749999999999996 51.05 30.749999999999996 -90 0 0
-30.749999999999996 51.05 34.849999999999994 -90 0 0
-30.749999999999996 51.05 38.949999999999996 -90 0 0
-30.749999999999996 51.05 43.06 -90 0 0
-30.749999999999996 51.05 47.16 -90 0 0
-30.749999999999996 51.05 51.26 -90 0 0
-30.749999999999996 51.05 55.36 -90 0 0
-30.749999999999996 51.05 59.459999999999994 -90 0 0
-26.65 -59.459999999999994 -51.05 180 0 0
-26.65 -59.459999999999994 51.05 0 0 0
-26.65 -55.36 -51.05 180 0 0
-26.65 -55.36 51.05 0 0 0
-26.65 -51.26 -51.05 180 0 0
-26.65 -51.26 51.05 0 0 0
-26.65 -51.05 -38.949999999999996 90 0 0
-26.65 -51.05 -34.849999999999994 90 0 0
-26.65 -51.05 -30.749999999999996 90 0 0
-26.65 -51.05 -26.65 90 0 0
-26.65 -51.05 -22.549999999999997 90 0 0
-26.65 -51.05 -18.45 90 0 0
-26.65 -51.05 -14.349999999999998 90 0 0
-26.65 -51.05 -10.25 90 0 0
-26.65 -51.05 -6.1499999999999995 90 0 0
-26.65 -51.05 -2.05 90 0 0
-26.65 -51.05 2.05 90 0 0
-26.65 -51.05 6.1499999999999995 90 0 0
-26.65 -51.05 10.25 90 0 0
-26.65 -51.05 14.349999999999998 90 0 0
-26.65 -51.05 18.45 90 0 0
-26.65 -51.05 22.549999999999997 90 0 0
-26.65 -51.05 26.65 90 0 0
-26.65 -51.05 30.749999999999996 90 0 0
-26.65 -51.05 34.849999999999994 90 0 0
-26.65 -51.05 38.949999999999996 90 0 0
-26.65 -47.16 -51.05 180 0 0
-26.65 -47.16 51.05 0 0 0
-26.65 -43.06 -51.05 180 0 0
-26.65 -43.06 51.05 0 0 0
-26.65 -38.949999999999996 -51.05 180 0 0
-26.65 -38.949999999999996 51.05 0 0 0
-26.65 -34.849999999999994 -51.05 180 0 0
-26.65 -34.849999999999994 51.05 0 0 0
-26.65 -30.749999999999996 -51.05 180 0 0
-26.65 -30.749999999999996 51.05 0 0 0
-26.65 -26.65 -51.05 180 0 0
-26.65 -26.65 51.05 0 0 0
-26.65 -22.549999999999997 -51.05 180 0 0
-26.65 -22.549999999999997 51.05 0 0 0
-26.65 -18.45 -51.05 180 0 0
-26.65 -18.45 51.05 0 0 0
-26.65 -14.349999999999998 -51.05 180 0 0
-26.65 -14.349999999999998 51.05 0 0 0
-26.65 -10.25 -51.05 180 0 0
-26.65 -10.25 51.05 0 0 0
-26.65 -6.1499999999999995 -51.05 180 0 0
-26.65 -6.1499999999999995 51.05 0 0 0
-26.65 -2.05 -51.05 180 0 0
-26.65 -2.05 51.05 0 0 0
-26.65 2.05 -51.05 180 0 0
-26.65 2.05 51.05 0 0 0
-26.65 6.1499999999999995 -51.05 180 0 0
-26.65 6.1499999999999995 51.05 0 0 0
-26.65 10.25 -51.05 180 0 0
-26.65 10.25 51.05 0 0 0
-26.65 14.349999999999998 -51.05 180 0 0
-26.65 14.349999999999998 51.05 0 0 0
-26.65 18.45 -51.05 180 0 0
-26.65 18.45 51.05 0 0 0
-26.65 22.549999999999997 -51.05 180 0 0
-26.65 22.549999999999997 51.05 0 0 0
-26.65 26.65 -51.05 180 0 0
-26.65 26.65 51.05 0 0 0
-26.65 30.749999999999996 -51.05 180 0 0
-26.65 30.749999999999996 51.05 0 0 0
-26.65 34.849999999999994 -51.05 180 0 0
-26.65 34.849999999999994 51.05 0 0 0
-26.65 38.949999999999996 -51.05 180 0 0
-26.65 38.949999999999996 51.05 0 0 0
-26.65 43.06 -51.05 180 0 0
-26.65 43.06 51.05 0 0 0
-26.65 47.16 -51.05 180 0 0
-26.65 47.16 51.05 0 0 0
-26.65 51.05 -38.949999999999996 -90 0 0
-26.65 51.05 -34.849999999999994 -90 0 0
-26.65 51.05 -30.749999999999996 -90 0 0
-26.65 51.05 -26.65 -90 0 0
-26.65 51.05 -22.549999999999997 -90 0 0
-26.65 51.05 -18.45 -90 0 0
-26.65 51.05 -14.349999999999998 -90 0 0
-26.65 51.05 -10.25 -90 0 0
-26.65 51.05 -6.1499999999999995 -90 0 0
-26.65 51.05 -2.05 -90 0 0
-26.65 51.05 2.05 -90 0 0
-26.65 51.05 6.1499999999999995 -90 0 0
-26.65 51.05 10.25 -90 0 0
-26.65 51.05 14.349999999999998 -90 0 0
-26.65 51.05 18.45 -90 0 0
-26.65 51.05 22.549999999999997 -90 0 0
-26.65 51.05 26.65 -90 0 0
-26.65 51.05 30.749999999999996 -90 0 0
-26.65 51.05 34.849999999999994 -90 0 0
-26.65 51.05 38.949999999999996 -90 0 0
-26.65 51.26 -51.05 180 0 0
-26.65 51.26 51.05 0 0 0
-26.65 55.36 -51.05 180 0 0
-26.65 55.36 51.05 0 0 0
-26.65 59.459999999999994 -51.05 180 0 0
-26.65 59.459999999999994 51.05 0 0 0
-22.549999999999997 -51.05 -59.459999999999994 90 0 0
-22.549999999999997 -51.05 -55.36 90 0 0
-22.549999999999997 -51.05 -51.26 90 0 0
-22.549999999999997 -51.05 -47.16 90 0 0
-22.549999999999997 -51.05 -43.06 90 0 0
-22.549999999999997 -51.05 -38.949999999999996 90 0 0
-22.549999999999997 -51.05 -34.849999999999994 90 0 0
-22.549999999999997 -51.05 -30.749999999999996 90 0 0
-22.549999999999997 -51.05 -26.65 90 0 0
-22.549999999999997 -51.05 -22.549999999999997 90 0 0
-22.549999999999997 -51.05 -18.45 90 0 0
-22.549999999999997 -51.05 -14.349999999999998 90 0 0
-22.549999999999997 -51.05 -10.25 90 0 0
-22.549999999999997 -51.05 -6.1499999999999995 90 0 0
-22.549999999999997 -51.05 -2.05 90 0 0
-22.549999999999997 -51.05 2.05 90 0 0
-22.549999999999997 -51.05 6.1499999999999995 90 0 0
-22.549999999999997 -51.05 10.25 90 0 0
-22.549999999999997 -51.05 14.349999999999998 90 0 0
-22.549999999999997 -51.05 18.45 90 0 0
-22.549999999999997 -51.05 22.549999999999997 90 0 0
-22.549999999999997 -51.05 26.65 90 0 0
-22.549999999999997 -51.05 30.749999999999996 90 0 0
-22.549999999999997 -51.05 34.849999999999994 90 0 0
-22.549999999999997 -51.05 38.949999999999996 90 0 0
-22.549999999999997 -51.05 43.06 90 0 0
-22.549999999999997 -51.05 47.16 90 0 0
-22.549999999999997 -51.05 51.26 90 0 0
-22.549999999999997 -51.05 55.36 90 0 0
-22.549999999999997 -51.05 59.459999999999994 90 0 0
-22.549999999999997 -38.949999999999996 -51.05 180 0 0
-22.549999999999997 -38.949999999999996 51.05 0 0 0
-22.549999999999997 -34.849999999999994 -51.05 180 0 0
-22.549999999999997 -34.849999999999994 51.05 0 0 0
-22.549999999999997 -30.749999999999996 -51.05 180 0 0
-22.549999999999997 -30.749999999999996 51.05 0 0 0
-22.549999999999997 -26.65 -51.05 180 0 0
-22.549999999999997 -26.65 51.05 0 0 0
-22.549999999999997 -22.549999999999997 -51.05 180 0 0
-22.549999999999997 -22.549999999999997 51.05 0 0 0
-22.549999999999997 -18.45 -51.05 180 0 0
-22.549999999999997 -18.45 51.05 0 0 0
-22.549999999999997 -14.349999999999998 -51.05 180 0 0
-22.549999999999997 -14.349999999999998 51.05 0 0 0
-22.549999999999997 -10.25 -51.05 180 0 0
-22.549999999999997 -10.25 51.05 0 0 0
-22.549999999999997 -6.1499999999999995 -51.05 180 0 0
-22.549999999999997 -6.1499999999999995 51.05 0 0 0
-22.549999999999997 -2.05 -51.05 180 0 0
-22.549999999999997 -2.05 51.05 0 0 0
-22.549999999999997 2.05 -51.05 180 0 0
-22.549999999999997 2.05 51.05 0 0 0
-22.549999999999997 6.1499999999999995 -51.05 180 0 0
-22.549999999999997 6.1499999999999995 51.05 0 0 0
-22.549999999999997 10.25 -51.05 180 0 0
-22.549999999999997 10.25 51.05 0 0 0
-22.549999999999997 14.349999999999998 -51.05 180 0 0
-22.549999999999997 14.349999999999998 51.05 0 0 0
-22.549999999999997 18.45 -51.05 180 0 0
-22.549999999999997 18.45 51.05 0 0 0
-22.549999999999997 22.549999999999997 -51.05 180 0 0
-22.549999999999997 22.549999999999997 51.05 0 0 0
-22.549999999999997 26.65 -51.05 180 0 0
-22.549999999999997 26.65 51.05 0 0 0
-22.549999999999997 30.749999999999996 -51.05 180 0 0
-22.549999999999997 30.749999999999996 51.05 0 0 0
-22.549999999999997 34.849999999999994 -51.05 180 0 0
-22.549999999999997 34.849999999999994 51.05 0 0 0
-22.549999999999997 38.949999999999996 -51.05 180 0 0
-22.549999999999997 38.949999999999996 51.05 0 0 0
-22.549999999999997 51.05 -59.459999999999994 -90 0 0
-22.549999999999997 51.05 -55.36 -90 0 0
-22.549999999999997 51.05 -51.26 -90 0 0
-22.549999999999997 51.05 -47.16 -90 0 0
-22.549999999999997 51.05 -43.06 -90 0 0
-22.549999999999997 51.05 -38.949999999999996 -90 0 0
-22.549999999999997 51.05 -34.849999999999994 -90 0 0
-22.549999999999997 51.05 -30.749999999999996 -90 0 0
-22.549999999999997 51.05 -26.65 -90 0 0
-22.549999999999997 51.05 -22.549999999999997 -90 0 0
-22.549999999999997 51.05 -18.45 -90 0 0
-22.549999999999997 51.05 -14.349999999999998 -90 0 0
-22.549999999999997 51.05 -10.25 -90 0 0
-22.549999999999997 51.05 -6.1499999999999995 -90 0 0
-22.549999999999997 51.05 -2.05 -90 0 0
-22.549999999999997 51.05 2.05 -90 0 0
-22.549999999999997 51.05 6.1499999999999995 -90 0 0
-22.549999999999997 51.05 10.25 -90 0 0
-22.549999999999997 51.05 14.349999999999998 -90 0 0
-22.549999999999997 51.05 18.45 -90 0 0
-22.549999999999997 51.05 22.549999999999997 -90 0 0
-22.549999999999997 51.05 26.65 -90 0 0
-22.549999999999997 51.05 30.749999999999996 -90 0 0
-22.549999999999997 51.05 34.849999999999994 -90 0 0
-22.549999999999997 51.05 38.949999999999996 -90 0 0
-22.549999999999997 51.05 43.06 -90 0 0
-22.549999999999997 51.05 47.16 -90 0 0
-22.549999999999997 51.05 51.26 -90 0 0
-22.549999999999997 51.05 55.36 -90 0 0
-22.549999999999997 51.05 59.459999999999994 -90 0 0
-18.45 -59.459999999999994 -51.05 180 0 0
-18.45 -59.459999999999994 51.05 0 0 0
-18.45 -55.36 -51.05 180 0 0
-18.45 -55.36 51.05 0 0 0
-18.45 -51.26 -51.05 180 0 0
-18.45 -51.26 51.05 0 0 0
-18.45 -51.05 -38.949999999999996 90 0 0
-18.45 -51.05 -34.849999999999994 90 0 0
-18.45 -51.05 -30.749999999999996 90 0 0
-18.45 -51.05 -26.65 90 0 0
-18.45 -51.05 -22.549999999999997 90 0 0
-18.45 -51.05 -18.45 90 0 0
-18.45 -51.05 -14.349999999999998 90 0 0
-18.45 -51.05 -10.25 90 0 0
-18.45 -51.05 -6.1499999999999995 90 0 0
-18.45 -51.05 -2.05 90 0 0
-18.45 -51.05 2.05 90 0 0
-18.45 -51.05 6.1499999999999995 90 0 0
-18.45 -51.05 10.25 90 0 0
-18.45 -51.05 14.349999999999998 90 0 0
-18.45 -51.05 18.45 90 0 0
-18.45 -51.05 22.549999999999997 90 0 0
-18.45 -51.05 26.65 90 0 0
-18.45 -51.05 30.749999999999996 90 0 0
-18.45 -51.05 34.849999999999994 90 0 0
-18.45 -51.05 38.949999999999996 90 0 0
-18.45 -47.16 -51.05 180 0 0
-18.45 -47.16 51.05 0 0 0
-18.45 -43.06 -51.05 180 0 0
-18.45 -43.06 51.05 0 0 0
-18.45 -38.949999999999996 -51.05 180 0 0
-18.45 -38.949999999999996 51.05 0 0 0
-18.45 -34.849999999999994 -51.05 180 0 0
-18.45 -34.849999999999994 51.05 0 0 0
-18.45 -30.749999999999996 -51.05 180 0 0
-18.45 -30.749999999999996 51.05 0 0 0
-18.45 -26.65 -51.05 180 0 0
-18.45 -26.65 51.05 0 0 0
-18.45 -22.549999999999997 -51.05 180 0 0
-18.45 -22.549999999999997 51.05 0 0 0
-18.45 -18.45 -51.05 180 0 0
-18.45 -18.45 51.05 0 0 0
-18.45 -14.349999999999998 -51.05 180 0 0
-18.45 -14.349999999999998 51.05 0 0 0
-18.45 -10.25 -51.05 180 0 0
-18.45 -10.25 51.05 0 0 0
-18.45 -6.1499999999999995 -51.05 180 0 0
-18.45 -6.1499999999999995 51.05 0 0 0
-18.45 -2.05 -51.05 180 0 0
-18.45 -2.05 51.05 0 0 0
-18.45 2.05 -51.05 180 0 0
-18.45 2.05 51.05 0 0 0
-18.45 6.1499999999999995 -51.05 180 0 0
-18.45 6.1499999999999995 51.05 0 0 0
-18.45 10.25 -51.05 180 0 0
-18.45 10.25 51.05 0 0 0
-18.45 14.349999999999998 -51.05 180 0 0
-18.45 14.349999999999998 51.05 0 0 0
-18.45 18.45 -51.05 180 0 0
-18.45 18.45 51.05 0 0 0
-18.45 22.549999999999997 -51.05 180 0 0
-18.45 22.549999999999997 51.05 0 0 0
-18.45 26.65 -51.05 180 0 0
-18.45 26.65 51.05 0 0 0
-18.45 30.749999999999996 -51.05 180 0 0
-18.45 30.749999999999996 51.05 0 0 0
-18.45 34.849999999999994 -51.05 180 0 0
-18.45 34.849999999999994 51.05 0 0 0
-18.45 38.949999999999996 -51.05 180 0 0
-18.45 38.949999999999996 51.05 0 0 0
-18.45 43.06 -51.05 180 0 0
-18.45 43.06 51.05 0 0 0
-18.45 47.16 -51.05 180 0 0
-18.45 47.16 51.05 0 0 0
-18.45 51.05 -38.949999999999996 -90 0 0
-18.45 51.05 -34.849999999999994 -90 0 0
-18.45 51.05 -30.749999999999996 -90 0 0
-18.45 51.05 -26.65 -90 0 0
-18.45 51.05 -22.549999999999997 -90 0 0
-18.45 51.05 -18.45 -90 0 0
-18.45 51.05 -14.349999999999998 -90 0 0
-18.45 51.05 -10.25 -90 0 0
-18.45 51.05 -6.1499999999999995 -90 0 0
-18.45 51.05 -2.05 -90 0 0
-18.45 51.05 2.05 -90 0 0
-18.45 51.05 6.1499999999999995 -90 0 0
-18.45 51.05 10.25 -90 0 0
-18.45 51.05 14.349999999999998 -90 0 0
-18.45 51.05 18.45 -90 0 0
-18.45 51.05 22.549999999999997 -90 0 0
-18.45 51.05 26.65 -90 0 0
-18.45 51.05 30.749999999999996 -90 0 0
-18.45 51.05 34.849999999999994 -90 0 0
-18.45 51.05 38.949999999999996 -90 0 0
-18.45 51.26 -51.05 180 0 0
-18.45 51.26 51.05 0 0 0
-18.45 55.36 -51.05 180 0 0
-18.45 55.36 51.05 0 0 0
-18.45 59.459999999999994 -51.05 180 0 0
-18.45 59.459999999999994 51.05 0 0 0
-14.349999999999998 -51.05 -59.459999999999994 90 0 0
-14.349999999999998 -51.05 -55.36 90 0 0
-14.349999999999998 -51.05 -51.26 90 0 0
-14.349999999999998 -51.05 -47.16 90 0 0
-14.349999999999998 -51.05 -43.06 90 0 0
-14.349999999999998 -51.05 -38.949999999999996 90 0 0
-14.349999999999998 -51.05 -34.849999999999994 90 0 0
-14.349999999999998 -51.05 -30.749999999999996 90 0 0
-14.349999999999998 -51.05 -26.65 90 0 0
-14.349999999999998 -51.05 -22.549999999999997 90 0 0
-14.349999999999998 -51.05 -18.45 90 0 0
-14.349999999999998 -51.05 -14.349999999999998 90 0 0
-14.349999999999998 -51.05 -10.25 90 0 0
-14.349999999999998 -51.05 -6.1499999999999995 90 0 0
-14.349999999999998 -51.05 -2.05 90 0 0
-14.349999999999998 -51.05 2.05 90 0 0
-14.349999999999998 -51.05 6.1499999999999995 90 0 0
-14.349999999999998 -51.05 10.25 90 0 0
-14.349999999999998 -51.05 14.349999999999998 90 0 0
-14.349999999999998 -51.05 18.45 90 0 0
-14.349999999999998 -51.05 22.549999999999997 90 0 0
-14.349999999999998 -51.05 26.65 90 0 0
-14.349999999999998 -51.05 30.749999999999996 90 0 0
-14.349999999999998 -51.05 34.849999999999994 90 0 0
-14.349999999999998 -51.05 38.949999999999996 90 0 0
-14.349999999999998 -51.05 43.06 90 0 0
-14.349999999999998 -51.05 47.16 90 0 0
-14.349999999999998 -51.05 51.26 90 0 0
-14.349999999999998 -51.05 55.36 90 0 0
-14.349999999999998 -51.05 59.459999999999994 90 0 0
-14.349999999999998 -38.949999999999996 -51.05 180 0 0
-14.349999999999998 -38.949999999999996 51.05 0 0 0
-14.349999999999998 -34.849999999999994 -51.05 180 0 0
-14.349999999999998 -34.849999999999994 51.05 0 0 0
-14.349999999999998 -30.749999999999996 -51.05 180 0 0
-14.349999999999998 -30.749999999999996 51.05 0 0 0
-14.349999999999998 -26.65 -51.05 180 0 0
-14.349999999999998 -26.65 51.05 0 0 0
-14.349999999999998 -22.549999999999997 -51.05 180 0 0
-14.349999999999998 -22.549999999999997 51.05 0 0 0
-14.349999999999998 -18.45 -51.05 180 0 0
-14.349999999999998 -18.45 51.05 0 0 0
-14.349999999999998 -14.349999999999998 -51.05 180 0 0
-14.349999999999998 -14.349999999999998 51.05 0 0 0
-14.349999999999998 -10.25 -51.05 180 0 0
-14.349999999999998 -10.25 51.05 0 0 0
-14.349999999999998 -6.1499999999999995 -51.05 180 0 0
-14.349999999999998 -6.1499999999999995 51.05 0 0 0
-14.349999999999998 -2.05 -51.05 180 0 0
-14.349999999999998 -2.05 51.05 0 0 0
-14.349999999999998 2.05 -51.05 180 0 0
-14.349999999999998 2.05 51.05 0 0 0
-14.349999999999998 6.1499999999999995 -51.05 180 0 0
-14.349999999999998 6.1499999999999995 51.05 0 0 0
-14.349999999999998 10.25 -51.05 180 0 0
-14.349999999999998 10.25 51.05 0 0 0
-14.349999999999998 14.349999999999998 -51.05 180 0 0
-14.349999999999998 14.349999999999998 51.05 0 0 0
-14.349999999999998 18.45 -51.05 180 0 0
-14.349999999999998 18.45 51.05 0 0 0
-14.349999999999998 22.549999999999997 -51.05 180 0 0
-14.349999999999998 22.549999999999997 51.05 0 0 0
-14.349999999999998 26.65 -51.05 180 0 0
-14.349999999999998 26.65 51.05 0 0 0
-14.349999999999998 30.749999999999996 -51.05 180 0 0
-14.349999999999998 30.749999999999996 51.05 0 0 0
-14.349999999999998 34.849999999999994 -51.05 180 0 0
-14.349999999999998 34.849999999999994 51.05 0 0 0
-14.349999999999998 38.949999999999996 -51.05 180 0 0
-14.349999999999998 38.949999999999996 51.05 0 0 0
-14.349999999999998 51.05 -59.459999999999994 -90 0 0
-14.349999999999998 51.05 -55.36 -90 0 0
-14.349999999999998 51.05 -51.26 -90 0 0
-14.349999999999998 51.05 -47.16 -90 0 0
-14.349999999999998 51.05 -43.06 -90 0 0
-14.349999999999998 51.05 -38.949999999999996 -90 0 0
-14.349999999999998 51.05 -34.849999999999994 -90 0 0
-14.349999999999998 51.05 -30.749999999999996 -90 0 0
-14.349999999999998 51.05 -26.65 -90 0 0
-14.349999999999998 51.05 -22.549999999999997 -90 0 0
-14.349999999999998 51.05 -18.45 -90 0 0
-14.349999999999998 51.05 -14.349999999999998 -90 0 0
-14.349999999999998 51.05 -10.25 -90 0 0
-14.349999999999998 51.05 -6.1499999999999995 -90 0 0
-14.349999999999998 51.05 -2.05 -90 0 0
-14.349999999999998 51.05 2.05 -90 0 0
-14.349999999999998 51.05 6.1499999999999995 -90 0 0
-14.349999999999998 51.05 10.25 -90 0 0
-14.349999999999998 51.05 14.349999999999998 -90 0 0
-14.349999999999998 51.05 18.45 -90 0 0
-14.349999999999998 51.05 22.549999999999997 -90 0 0
-14.349999999999998 51.05 26.65 -90 0 0
-14.349999999999998 51.05 30.749999999999996 -90 0 0
-14.349999999999998 51.05 34.849999999999994 -90 0 0
-14.349999999999998 51.05 38.949999999999996 -90 0 0
-14.349999999999998 51.05 43.06 -90 0 0
-14.349999999999998 51.05 47.16 -90 0 0
-14.349999999999998 51.05 51.26 -90 0 0
-14.349999999999998 51.05 55.36 -90 0 0
-14.349999999999998 51.05 59.459999999999994 -90 0 0
-10.25 -59.459999999999994 -51.05 180 0 0
-10.25 -59.459999999999994 51.05 0 0 0
-10.25 -55.36 -51.05 180 0 0
-10.25 -55.36 51.05 0 0 0
-10.25 -51.26 -51.05 180 0 0
-10.25 -51.26 51.05 0 0 0
-10.25 -51.05 -38.949999999999996 90 0 0
-10.25 -51.05 -34.849999999999994 90 0 0
-10.25 -51.05 -30.749999999999996 90 0 0
-10.25 -51.05 -26.65 90 0 0
-10.25 -51.05 -22.549999999999997 90 0 0
-10.25 -51.05 -18.45 90 0 0
-10.25 -51.05 -14.349999999999998 90 0 0
-10.25 -51.05 -10.25 90 0 0
-10.25 -51.05 -6.1499999999999995 90 0 0
-10.25 -51.05 -2.05 90 0 0
-10.25 -51.05 2.05 90 0 0
-10.25 -51.05 6.1499999999999995 90 0 0
-10.25 -51.05 10.25 90 0 0
-10.25 -51.05 14.349999999999998 90 0 0
-10.25 -51.05 18.45 90 0 0
-10.25 -51.05 22.549999999999997 90 0 0
-10.25 -51.05 26.65 90 0 0
-10.25 -51.05 30.749999999999996 90 0 0
-10.25 -51.05 34.849999999999994 90 0 0
-10.25 -51.05 38.949999999999996 90 0 0
-10.25 -47.16 -51.05 180 0 0
-10.25 -47.16 51.05 0 0 0
-10.25 -43.06 -51.05 180 0 0
-10.25 -43.06 51.05 0 0 0
-10.25 -38.949999999999996 -51.05 180 0 0
-10.25 -38.949999999999996 51.05 0 0 0
-10.25 -34.849999999999994 -51.05 180 0 0
-10.25 -34.849999999999994 51.05 0 0 0
-10.25 -30.749999999999996 -51.05 180 0 0
-10.25 -30.749999999999996 51.05 0 0 0
-10.25 -26.65 -51.05 180 0 0
-10.25 -26.65 51.05 0 0 0
-10.25 -22.549999999999997 -51.05 180 0 0
-10.25 -22.549999999999997 51.05 0 0 0
-10.25 -18.45 -51.05 180 0 0
-10.25 -18.45 51.05 0 0 0
-10.25 -14.349999999999998 -51.05 180 0 0
-10.25 -14.349999999999998 51.05 0 0 0
-10.25 -10.25 -51.05 180 0 0
-10.25 -10.25 51.05 0 0 0
-10.25 -6.1499999999999995 -51.05 180 0 0
-10.25 -6.1499999999999995 51.05 0 0 0
-10.25 -2.05 -51.05 180 0 0
-10.25 -2.05 51.05 0 0 0
-10.25 2.05 -51.05 180 0 0
-10.25 2.05 51.05 0 0 0
-10.25 6.1499999999999995 -51.05 180 0 0
-10.25 6.1499999999999995 51.05 0 0 0
-10.25 10.25 -51.05 180 0 0
-10.25 10.25 51.05 0 0 0
-10.25 14.349999999999998 -51.05 180 0 0
-10.25 14.349999999999998 51.05 0 0 0
-10.25 18.45 -51.05 180 0 0
-10.25 18.45 51.05 0 0 0
-10.25 22.549999999999997 -51.05 180 0 0
-10.25 22.549999999999997 51.05 0 0 0
-10.25 26.65 -51.05 180 0 0
-10.25 26.65 51.05 0 0 0
-10.25 30.749999999999996 -51.05 180 0 0
-10.25 30.749999999999996 51.05 0 0 0
-10.25 34.849999999999994 -51.05 180 0 0
-10.25 34.849999999999994 51.05 0 0 0
-10.25 38.949999999999996 -51.05 180 0 0
-10.25 38.949999999999996 51.05 0 0 0
-10.25 43.06 -51.05 180 0 0
-10.25 43.06 51.05 0 0 0
-10.25 47.16 -51.05 180 0 0
-10.25 47.16 51.05 0 0 0
-10.25 51.05 -38.949999999999996 -90 0 0
-10.25 51.05 -34.849999999999994 -90 0 0
-10.25 51.05 -30.749999999999996 -90 0 0
-10.25 51.05 -26.65 -90 0 0
-10.25 51.05 -22.549999999999997 -90 0 0
-10.25 51.05 -18.45 -90 0 0
-10.25 51.05 -14.349999999999998 -90 0 0
-10.25 51.05 -10.25 -90 0 0
-10.25 51.05 -6.1499999999999995 -90 0 0
-10.25 51.05 -2.05 -90 0 0
-10.25 51.05 2.05 -90 0 0
-10.25 51.05 6.1499999999999995 -90 0 0
-10.25 51.05 10.25 -90 0 0
-10.25 51.05 14.349999999999998 -90 0 0
-10.25 51.05 18.45 -90 0 0
-10.25 51.05 22.549999999999997 -90 0 0
-10.25 51.05 26.65 -90 0 0
-10.25 51.05 30.749999999999996 -90 0 0
-10.25 51.05 34.849999999999994 -90 0 0
-10.25 51.05 38.949999999999996 -90 0 0
-10.25 51.26 -51.05 180 0 0
-10.25 51.26 51.05 0 0 0
-10.25 55.36 -51.05 180 0 0
-10.25 55.36 51.05 0 0 0
-10.25 59.459999999999994 -51.05 180 0 0
-10.25 59.459999999999994 51.05 0 0 0
-6.1499999999999995 -51.05 -59.459999999999994 90 0 0
-6.1499999999999995 -51.05 -55.36 90 0 0
-6.1499999999999995 -51.05 -51.26 90 0 0
-6.1499999999999995 -51.05 -47.16 90 0 0
-6.1499999999999995 -51.05 -43.06 90 0 0
-6.1499999999999995 -51.05 -38.949999999999996 90 0 0
-6.1499999999999995 -51.05 -34.849999999999994 90 0 0
-6.1499999999999995 -51.05 -30.749999999999996 90 0 0
-6.1499999999999995 -51.05 -26.65 90 0 0
-6.1499999999999995 -51.05 -22.549999999999997 90 0 0
-6.1499999999999995 -51.05 -18.45 90 0 0
-6.1499999999999995 -51.05 -14.349999999999998 90 0 0
-6.1499999999999995 -51.05 -10.25 90 0 0
-6.1499999999999995 -51.05 -6.1499999999999995 90 0 0
-6.1499999999999995 -51.05 -2.05 90 0 0
-6.1499999999999995 -51.05 2.05 90 0 0
-6.1499999999999995 -51.05 6.1499999999999995 90 0 0
-6.1499999999999995 -51.05 10.25 90 0 0
-6.1499999999999995 -51.05 14.349999999999998 90 0 0
-6.1499999999999995 -51.05 18.45 90 0 0
-6.1499999999999995 -51.05 22.549999999999997 90 0 0
-6.1499999999999995 -51.05 26.65 90 0 0
-6.1499999999999995 -51.05 30.749999999999996 90 0 0
-6.1499999999999995 -51.05 34.849999999999994 90 0 0
-6.1499999999999995 -51.05 38.949999999999996 90 0 0
-6.1499999999999995 -51.05 43.06 90 0 0
-6.1499999999999995 -51.05 47.16 90 0 0
-6.1499999999999995 -51.05 51.26 90 0 0
-6.1499999999999995 -51.05 55.36 90 0 0
-6.1499999999999995 -51.05 59.459999999999994 90 0 0
-6.1499999999999995 -38.949999999999996 -51.05 180 0 0
-6.1499999999999995 -38.949999999999996 51.05 0 0 0
-6.1499999999999995 -34.849999999999994 -51.05 180 0 0
-6.1499999999999995 -34.849999999999994 51.05 0 0 0
-6.1499999999999995 -30.749999999999996 -51.05 180 0 0
-6.1499999999999995 -30.749999999999996 51.05 0 0 0
-6.1499999999999995 -26.65 -51.05 180 0 0
-6.1499999999999995 -26.65 51.05 0 0 0
-6.1499999999999995 -22.549999999999997 -51.05 180 0 0
-6.1499999999999995 -22.549999999999997 51.05 0 0 0
-6.1499999999999995 -18.45 -51.05 180 0 0
-6.1499999999999995 -18.45 51.05 0 0 0
-6.1499999999999995 -14.349999999999998 -51.05 180 0 0
-6.1499999999999995 -14.349999999999998 51.05 0 0 0
-6.1499999999999995 -10.25 -51.05 180 0 0
-6.1499999999999995 -10.25 51.05 0 0 0
-6.1499999999999995 -6.1499999999999995 -51.05 180 0 0
-6.1499999999999995 -6.1499999999999995 51.05 0 0 0
-6.1499999999999995 -2.05 -51.05 180 0 0
-6.1499999999999995 -2.05 51.05 0 0 0
-6.1499999999999995 2.05 -51.05 180 0 0
-6.1499999999999995 2.05 51.05 0 0 0
-6.1499999999999995 6.1499999999999995 -51.05 180 0 0
-6.1499999999999995 6.1499999999999995 51.05 0 0 0
-6.1499999999999995 10.25 -51.05 180 0 0
-6.1499999999999995 10.25 51.05 0 0 0
-6.1499999999999995 14.349999999999998 -51.05 180 0 0
-6.1499999999999995 14.349999999999998 51.05 0 0 0
-6.1499999999999995 18.45 -51.05 180 0 0
-6.1499999999999995 18.45 51.05 0 0 0
-6.1499999999999995 22.549999999999997 -51.05 180 0 0
-6.1499999999999995 22.549999999999997 51.05 0 0 0
-6.1499999999999995 26.65 -51.05 180 0 0
-6.1499999999999995 26.65 51.05 0 0 0
-6.1499999999999995 30.749999999999996 -51.05 180 0 0
-6.1499999999999995 30.749999999999996 51.05 0 0 0
-6.1499999999999995 34.849999999999994 -51.05 180 0 0
-6.1499999999999995 34.849999999999994 51.05 0 0 0
-6.1499999999999995 38.949999999999996 -51.05 180 0 0
-6.1499999999999995 38.949999999999996 51.05 0 0 0
-6.1499999999999995 51.05 -59.459999999999994 -90 0 0
-6.1499999999999995 51.05 -55.36 -90 0 0
-6.1499999999999995 51.05 -51.26 -90 0 0
-6.1499999999999995 51.05 -47.16 -90 0 0
-6.1499999999999995 51.05 -43.06 -90 0 0
-6.1499999999999995 51.05 -38.949999999999996 -90 0 0
-6.1499999999999995 51.05 -34.849999999999994 -90 0 0
-6.1499999999999995 51.05 -30.749999999999996 -90 0 0
-6.1499999999999995 51.05 -26.65 -90 0 0
-6.1499999999999995 51.05 -22.549999999999997 -90 0 0
-6.1499999999999995 51.05 -18.45 -90 0 0
-6.1499999999999995 51.05 -14.349999999999998 -90 0 0
-6.1499999999999995 51.05 -10.25 -90 0 0
-6.1499999999999995 51.05 -6.1499999999999995 -90 0 0
-6.1499999999999995 51.05 -2.05 -90 0 0
-6.1499999999999995 51.05 2.05 -90 0 0
-6.1499999999999995 51.05 6.1499999999999995 -90 0 0
-6.1499999999999995 51.05 10.25 -90 0 0
-6.1499999999999995 51.05 14.349999999999998 -90 0 0
-6.1499999999999995 51.05 18.45 -90 0 0
-6.1499999999999995 51.05 22.549999999999997 -90 0 0
-6.1499999999999995 51.05 26.65 -90 0 0
-6.1499999999999995 51.05 30.749999999999996 -90 0 0
-6.1499999999999995 51.05 34.849999999999994 -90 0 0
-6.1499999999999995 51.05 38.949999999999996 -90 0 0
-6.1499999999999995 51.05 43.06 -90 0 0
-6.1499999999999995 51.05 47.16 -90 0 0
-6.1499999999999995 51.05 51.26 -90 0 0
-6.1499999999999995 51.05 55.36 -90 0 0
-6.1499999999999995 51.05 59.459999999999994 -90 0 0
-2.05 -59.459999999999994 -51.05 180 0 0
-2.05 -59.459999999999994 51.05 0 0 0
-2.05 -55.36 -51.05 180 0 0
-2.05 -55.36 51.05 0 0 0
-2.05 -51.26 -51.05 180 0 0
-2.05 -51.26 51.05 0 0 0
-2.05 -51.05 -38.949999999999996 90 0 0
-2.05 -51.05 -34.849999999999994 90 0 0
-2.05 -51.05 -30.749999999999996 90 0 0
-2.05 -51.05 -26.65 90 0 0
-2.05 -51.05 -22.549999999999997 90 0 0
-2.05 -51.05 -18.45 90 0 0
-2.05 -51.05 -14.349999999999998 90 0 0
-2.05 -51.05 -10.25 90 0 0
-2.05 -51.05 -6.1499999999999995 90 0 0
-2.05 -51.05 -2.05 90 0 0
-2.05 -51.05 2.05 90 0 0
-2.05 -51.05 6.1499999999999995 90 0 0
-2.05 -51.05 10.25 90 0 0
-2.05 -51.05 14.349999999999998 90 0 0
-2.05 -51.05 18.45 90 0 0
-2.05 -51.05 22.549999999999997 90 0 0
-2.05 -51.05 26.65 90 0 0
-2.05 -51.05 30.749999999999996 90 0 0
-2.05 -51.05 34.849999999999994 90 0 0
-2.05 -51.05 38.949999999999996 90 0 0
-2.05 -47.16 -51.05 180 0 0
-2.05 -47.16 51.05 0 0 0
-2.05 -43.06 -51.05 180 0 0
-2.05 -43.06 51.05 0 0 0
-2.05 -38.949999999999996 -51.05 180 0 0
-2.05 -38.949999999999996 51.05 0 0 0
-2.05 -34.849999999999994 -51.05 180 0 0
-2.05 -34.849999999999994 51.05 0 0 0
-2.05 -30.749999999999996 -51.05 180 0 0
-2.05 -30.749999999999996 51.05 0 0 0
-2.05 -26.65 -51.05 180 0 0
-2.05 -26.65 51.05 0 0 0
-2.05 -22.549999999999997 -51.05 180 0 0
-2.05 -22.549999999999997 51.05 0 0 0
-2.05 -18.45 -51.05 180 0 0
-2.05 -18.45 51.05 0 0 0
-2.05 -14.349999999999998 -51.05 180 0 0
-2.05 -14.349999999999998 51.05 0 0 0
-2.05 -10.25 -51.05 180 0 0
-2.05 -10.25 51.05 0 0 0
-2.05 -6.1499999999999995 -51.05 180 0 0
-2.05 -6.1499999999999995 51.05 0 0 0
-2.05 -2.05 -51.05 180 0 0
-2.05 -2.05 51.05 0 0 0
-2.05 2.05 -51.05 180 0 0
-2.05 2.05 51.05 0 0 0
-2.05 6.1499999999999995 -51.05 180 0 0
-2.05 6.1499999999999995 51.05 0 0 0
-2.05 10.25 -51.05 180 0 0
-2.05 10.25 51.05 0 0 0
-2.05 14.349999999999998 -51.05 180 0 0
-2.05 14.349999999999998 51.05 0 0 0
-2.05 18.45 -51.05 180 0 0
-2.05 18.45 51.05 0 0 0
-2.05 22.549999999999997 -51.05 180 0 0
-2.05 22.549999999999997 51.05 0 0 0
-2.05 26.65 -51.05 180 0 0
-2.05 26.65 51.05 0 0 0
-2.05 30.749999999999996 -51.05 180 0 0
-2.05 30.749999999999996 51.05 0 0 0
-2.05 34.849999999999994 -51.05 180 0 0
-2.05 34.849999999999994 51.05 0 0 0
-2.05 38.949999999999996 -51.05 180 0 0
-2.05 38.949999999999996 51.05 0 0 0
-2.05 43.06 -51.05 180 0 0
-2.05 43.06 51.05 0 0 0
-2.05 47.16 -51.05 180 0 0
-2.05 47.16 51.05 0 0 0
-2.05 51.05 -38.949999999999996 -90 0 0
-2.05 51.05 -34.849999999999994 -90 0 0
-2.05 51.05 -30.749999999999996 -90 0 0
-2.05 51.05 -26.65 -90 0 0
-2.05 51.05 -22.549999999999997 -90 0 0
-2.05 51.05 -18.45 -90 0 0
-2.05 51.05 -14.349999999999998 -90 0 0
-2.05 51.05 -10.25 -90 0 0
-2.05 51.05 -6.1499999999999995 -90 0 0
-2.05 51.05 -2.05 -90 0 0
-2.05 51.05 2.05 -90 0 0
-2.05 51.05 6.1499999999999995 -90 0 0
-2.05 51.05 10.25 -90 0 0
-2.05 51.05 14.349999999999998 -90 0 0
-2.05 51.05 18.45 -90 0 0
-2.05 51.05 22.549999999999997 -90 0 0
-2.05 51.05 26.65 -90 0 0
-2.05 51.05 30.749999999999996 -90 0 0
-2.05 51.05 34.849999999999994 -90 0 0
-2.05 51.05 38.949999999999996 -90 0 0
-2.05 51.26 -51.05 180 0 0
-2.05 51.26 51.05 0 0 0
-2.05 55.36 -51.05 180 0 0
-2.05 55.36 51.05 0 0 0
-2.05 59.459999999999994 -51.05 180 0 0
-2.05 59.459999999999994 51.05 0 0 0
2.05 -51.05 -59.459999999999994 90 0 0
2.05 -51.05 -55.36 90 0 0
2.05 -51.05 -51.26 90 0 0
2.05 -51.05 -47.16 90 0 0
2.05 -51.05 -43.06 90 0 0
2.05 -51.05 -38.949999999999996 90 0 0
2.05 -51.05 -34.849999999999994 90 0 0
2.05 -51.05 -30.749999999999996 90 0 0
2.05 -51.05 -26.65 90 0 0
2.05 -51.05 -22.549999999999997 90 0 0
2.05 -51.05 -18.45 90 0 0
2.05 -51.05 -14.349999999999998 90 0 0
2.05 -51.05 -10.25 90 0 0
2.05 -51.05 -6.1499999999999995 90 0 0
2.05 -51.05 -2.05 90 0 0
2.05 -51.05 2.05 90 0 0
2.05 -51.05 6.1499999999999995 90 0 0
2.05 -51.05 10.25 90 0 0
2.05 -51.05 14.349999999999998 90 0 0
2.05 -51.05 18.45 90 0 0
2.05 -51.05 22.549999999999997 90 0 0
2.05 -51.05 26.65 90 0 0
2.05 -51.05 30.749999999999996 90 0 0
2.05 -51.05 34.849999999999994 90 0 0
2.05 -51.05 38.949999999999996 90 0 0
2.05 -51.05 43.06 90 0 0
2.05 -51.05 47.16 90 0 0
2.05 -51.05 51.26 90 0 0
2.05 -51.05 55.36 90 0 0
2.05 -51.05 59.459999999999994 90 0 0
2.05 -38.949999999999996 -51.05 180 0 0
2.05 -38.949999999999996 51.05 0 0 0
2.05 -34.849999999999994 -51.05 180 0 0
2.05 -34.849999999999994 51.05 0 0 0
2.05 -30.749999999999996 -51.05 180 0 0
2.05 -30.749999999999996 51.05 0 0 0
2.05 -26.65 -51.05 180 0 0
2.05 -26.65 51.05 0 0 0
2.05 -22.549999999999997 -51.05 180 0 0
2.05 -22.549999999999997 51.05 0 0 0
2.05 -18.45 -51.05 180 0 0
2.05 -18.45 51.05 0 0 0
2.05 -14.349999999999998 -51.05 180 0 0
2.05 -14.349999999999998 51.05 0 0 0
2.05 -10.25 -51.05 180 0 0
2.05 -10.25 51.05 0 0 0
2.05 -6.1499999999999995 -51.05 180 0 0
2.05 -6.1499999999999995 51.05 0 0 0
2.05 -2.05 -51.05 180 0 0
2.05 -2.05 51.05 0 0 0
2.05 2.05 -51.05 180 0 0
2.05 2.05 51.05 0 0 0
2.05 6.1499999999999995 -51.05 180 0 0
2.05 6.1499999999999995 51.05 0 0 0
2.05 10.25 -51.05 180 0 0
2.05 10.25 51.05 0 0 0
2.05 14.349999999999998 -51.05 180 0 0
2.05 14.349999999999998 51.05 0 0 0
2.05 18.45 -51.05 180 0 0
2.05 18.45 51.05 0 0 0
2.05 22.549999999999997 -51.05 180 0 0
2.05 22.549999999999997 51.05 0 0 0
2.05 26.65 -51.05 180 0 0
2.05 26.65 51.05 0 0 0
2.05 30.749999999999996 -51.05 180 0 0
2.05 30.749999999999996 51.05 0 0 0
2.05 34.849999999999994 -51.05 180 0 0
2.05 34.849999999999994 51.05 0 0 0
2.05 38.949999999999996 -51.05 180 0 0
2.05 38.949999999999996 51.05 0 0 0
2.05 51.05 -59.459999999999994 -90 0 0
2.05 51.05 -55.36 -90 0 0
2.05 51.05 -51.26 -90 0 0
2.05 51.05 -47.16 -90 0 0
2.05 51.05 -43.06 -90 0 0
2.05 51.05 -38.949999999999996 -90 0 0
2.05 51.05 -34.849999999999994 -90 0 0
2.05 51.05 -30.749999999999996 -90 0 0
2.05 51.05 -26.65 -90 0 0
2.05 51.05 -22.549999999999997 -90 0 0
2.05 51.05 -18.45 -90 0 0
2.05 51.05 -14.349999999999998 -90 0 0
2.05 51.05 -10.25 -90 0 0
2.05 51.05 -6.1499999999999995 -90 0 0
2.05 51.05 -2.05 -90 0 0
2.05 51.05 2.05 -90 0 0
2.05 51.05 6.1499999999999995 -90 0 0
2.05 51.05 10.25 -90 0 0
2.05 51.05 14.349999999999998 -90 0 0
2.05 51.05 18.45 -90 0 0
2.05 51.05 22.549999999999997 -90 0 0
2.05 51.05 26.65 -90 0 0
2.05 51.05 30.749999999999996 -90 0 0
2.05 51.05 34.849999999999994 -90 0 0
2.05 51.05 38.949999999999996 -90 0 0
2.05 51.05 43.06 -90 0 0
2.05 51.05 47.16 -90 0 0
2.05 51.05 51.26 -90 0 0
2.05 51.05 55.36 -90 0 0
2.05 51.05 59.459999999999994 -90 0 0
6.1499999999999995 -59.459999999999994 -51.05 180 0 0
6.1499999999999995 -59.459999999999994 51.05 0 0 0
6.1499999999999995 -55.36 -51.05 180 0 0
6.1499999999999995 -55.36 51.05 0 0 0
6.1499999999999995 -51.26 -51.05 180 0 0
6.1499999999999995 -51.26 51.05 0 0 0
6.1499999999999995 -51.05 -38.949999999999996 90 0 0
6.1499999999999995 -51.05 -34.849999999999994 90 0 0
6.1499999999999995 -51.05 -30.749999999999996 90 0 0
6.1499999999999995 -51.05 -26.65 90 0 0
6.1499999999999995 -51.05 -22.549999999999997 90 0 0
6.1499999999999995 -51.05 -18.45 90 0 0
6.1499999999999995 -51.05 -14.349999999999998 90 0 0
6.1499999999999995 -51.05 -10.25 90 0 0
6.1499999999999995 -51.05 -6.1499999999999995 90 0 0
6.1499999999999995 -51.05 -2.05 90 0 0
6.1499999999999995 -51.05 2.05 90 0 0
6.1499999999999995 -51.05 6.1499999999999995 90 0 0
6.1499999999999995 -51.05 10.25 90 0 0
6.1499999999999995 -51.05 14.349999999999998 90 0 0
6.1499999999999995 -51.05 18.45 90 0 0
6.1499999999999995 -51.05 22.549999999999997 90 0 0
6.1499999999999995 -51.05 26.65 90 0 0
6.1499999999999995 -51.05 30.749999999999996 90 0 0
6.1499999999999995 -51.05 34.849999999999994 90 0 0
6.1499999999999995 -51.05 38.949999999999996 90 0 0
6.1499999999999995 -47.16 -51.05 180 0 0
6.1499999999999995 -47.16 51.05 0 0 0
6.1499999999999995 -43.06 -51.05 180 0 0
6.1499999999999995 -43.06 51.05 0 0 0
6.1499999999999995 -38.949999999999996 -51.05 180 0 0
6.1499999999999995 -38.949999999999996 51.05 0 0 0
6.1499999999999995 -34.849999999999994 -51.05 180 0 0
6.1499999999999995 -34.849999999999994 51.05 0 0 0
6.1499999999999995 -30.749999999999996 -51.05 180 0 0
6.1499999999999995 -30.749999999999996 51.05 0 0 0
6.1499999999999995 -26.65 -51.05 180 0 0
6.1499999999999995 -26.65 51.05 0 0 0
6.1499999999999995 -22.549999999999997 -51.05 180 0 0
6.1499999999999995 -22.549999999999997 51.05 0 0 0
6.1499999999999995 -18.45 -51.05 180 0 0
6.1499999999999995 -18.45 51.05 0 0 0
6.1499999999999995 -14.349999999999998 -51.05 180 0 0
6.1499999999999995 -14.349999999999998 51.05 0 0 0
6.1499999999999995 -10.25 -51.05 180 0 0
6.1499999999999995 -10.25 51.05 0 0 0
6.1499999999999995 -6.1499999999999995 -51.05 180 0 0
6.1499999999999995 -6.1499999999999995 51.05 0 0 0
6.1499999999999995 -2.05 -51.05 180 0 0
6.1499999999999995 -2.05 51.05 0 0 0
6.1499999999999995 2.05 -51.05 180 0 0
6.1499999999999995 2.05 51.05 0 0 0
6.1499999999999995 6.1499999999999995 -51.05 180 0 0
6.1499999999999995 6.1499999999999995 51.05 0 0 0
6.1499999999999995 10.25 -51.05 180 0 0
6.1499999999999995 10.25 51.05 0 0 0
6.1499999999999995 14.349999999999998 -51.05 180 0 0
6.1499999999999995 14.349999999999998 51.05 0 0 0
6.1499999999999995 18.45 -51.05 180 0 0
6.1499999999999995 18.45 51.05 0 0 0
6.1499999999999995 22.549999999999997 -51.05 180 0 0
6.1499999999999995 22.549999999999997 51.05 0 0 0
6.1499999999999995 26.65 -51.05 180 0 0
6.1499999999999995 26.65 51.05 0 0 0
6.1499999999999995 30.749999999999996 -51.05 180 0 0
6.1499999999999995 30.749999999999996 51.05 0 0 0
6.1499999999999995 34.849999999999994 -51.05 180 0 0
6.1499999999999995 34.849999999999994 51.05 0 0 0
6.1499999999999995 38.949999999999996 -51.05 180 0 0
6.1499999999999995 38.949999999999996 51.05 0 0 0
6.1499999999999995 43.06 -51.05 180 0 0
6.1499999999999995 43.06 51.05 0 0 0
6.1499999999999995 47.16 -51.05 180 0 0
6.1499999999999995 47.16 51.05 0 0 0
6.1499999999999995 51.05 -38.949999999999996 -90 0 0
6.1499999999999995 51.05 -34.849999999999994 -90 0 0
6.1499999999999995 51.05 -30.749999999999996 -90 0 0
6.1499999999999995 51.05 -26.65 -90 0 0
6.1499999999999995 51.05 -22.549999999999997 -90 0 0
6.1499999999999995 51.05 -18.45 -90 0 0
6.1499999999999995 51.05 -14.349999999999998 -90 0 0
6.1499999999999995 51.05 -10.25 -90 0 0
6.1499999999999995 51.05 -6.1499999999999995 -90 0 0
6.1499999999999995 51.05 -2.05 -90 0 0
6.1499999999999995 51.05 2.05 -90 0 0
6.1499999999999995 51.05 6.1499999999999995 -90 0 0
6.1499999999999995 51.05 10.25 -90 0 0
6.1499999999999995 51.05 14.349999999999998 -90 0 0
6.1499999999999995 51.05 18.45 -90 0 0
6.1499999999999995 51.05 22.549999999999997 -90 0 0
6.1499999999999995 51.05 26.65 -90 0 0
6.1499999999999995 51.05 30.749999999999996 -90 0 0
6.1499999999999995 51.05 34.849999999999994 -90 0 0
6.1499999999999995 51.05 38.949999999999996 -90 0 0
6.1499999999999995 51.26 -51.05 180 0 0
6.1499999999999995 51.26 51.05 0 0 0
6.1499999999999995 55.36 -51.05 180 0 0
6.1499999999999995 55.36 51.05 0 0 0
6.1499999999999995 59.459999999999994 -51.05 180 0 0
6.1499999999999995 59.459999999999994 51.05 0 0 0
10.25 -51.05 -59.459999999999994 90 0 0
10.25 -51.05 -55.36 90 0 0
10.25 -51.05 -51.26 90 0 0
10.25 -51.05 -47.16 90 0 0
10.25 -51.05 -43.06 90 0 0
10.25 -51.05 -38.949999999999996 90 0 0
10.25 -51.05 -34.849999999999994 90 0 0
10.25 -51.05 -30.749999999999996 90 0 0
10.25 -51.05 -26.65 90 0 0
10.25 -51.05 -22.549999999999997 90 0 0
10.25 -51.05 -18.45 90 0 0
10.25 -51.05 -14.349999999999998 90 0 0
10.25 -51.05 -10.25 90 0 0
10.25 -51.05 -6.1499999999999995 90 0 0
10.25 -51.05 -2.05 90 0 0
10.25 -51.05 2.05 90 0 0
10.25 -51.05 6.1499999999999995 90 0 0
10.25 -51.05 10.25 90 0 0
10.25 -51.05 14.349999999999998 90 0 0
10.25 -51.05 18.45 90 0 0
10.25 -51.05 22.549999999999997 90 0 0
10.25 -51.05 26.65 90 0 0
10.25 -51.05 30.749999999999996 90 0 0
10.25 -51.05 34.849999999999994 90 0 0
10.25 -51.05 38.949999999999996 90 0 0
10.25 -51.05 43.06 90 0 0
10.25 -51.05 47.16 90 0 0
10.25 -51.05 51.26 90 0 0
10.25 -51.05 55.36 90 0 0
10.25 -51.05 59.459999999999994 90 0 0
10.25 -38.949999999999996 -51.05 180 0 0
10.25 -38.949999999999996 51.05 0 0 0
10.25 -34.849999999999994 -51.05 180 0 0
10.25 -34.849999999999994 51.05 0 0 0
10.25 -30.749999999999996 -51.05 180 0 0
10.25 -30.749999999999996 51.05 0 0 0
10.25 -26.65 -51.05 180 0 0
10.25 -26.65 51.05 0 0 0
10.25 -22.549999999999997 -51.05 180 0 0
10.25 -22.549999999999997 51.05 0 0 0
10.25 -18.45 -51.05 180 0 0
10.25 -18.45 51.05 0 0 0
10.25 -14.349999999999998 -51.05 180 0 0
10.25 -14.349999999999998 51.05 0 0 0
10.25 -10.25 -51.05 180 0 0
10.25 -10.25 51.05 0 0 0
10.25 -6.1499999999999995 -51.05 180 0 0
10.25 -6.1499999999999995 51.05 0 0 0
10.25 -2.05 -51.05 180 0 0
10.25 -2.05 51.05 0 0 0
10.25 2.05 -51.05 180 0 0
10.25 2.05 51.05 0 0 0
10.25 6.1499999999999995 -51.05 180 0 0
10.25 6.1499999999999995 51.05 0 0 0
10.25 10.25 -51.05 180 0 0
10.25 10.25 51.05 0 0 0
10.25 14.349999999999998 -51.05 180 0 0
10.25 14.349999999999998 51.05 0 0 0
10.25 18.45 -51.05 180 0 0
10.25 18.45 51.05 0 0 0
10.25 22.549999999999997 -51.05 180 0 0
10.25 22.549999999999997 51.05 0 0 0
10.25 26.65 -51.05 180 0 0
10.25 26.65 51.05 0 0 0
10.25 30.749999999999996 -51.05 180 0 0
10.25 30.749999999999996 51.05 0 0 0
10.25 34.849999999999994 -51.05 180 0 0
10.25 34.849999999999994 51.05 0 0 0
10.25 38.949999999999996 -51.05 180 0 0
10.25 38.949999999999996 51.05 0 0 0
10.25 51.05 -59.459999999999994 -90 0 0
10.25 51.05 -55.36 -90 0 0
10.25 51.05 -51.26 -90 0 0
10.25 51.05 -47.16 -90 0 0
10.25 51.05 -43.06 -90 0 0
10.25 51.05 -38.949999999999996 -90 0 0
10.25 51.05 -34.849999999999994 -90 0 0
10.25 51.05 -30.749999999999996 -90 0 0
10.25 51.05 -26.65 -90 0 0
10.25 51.05 -22.549999999999997 -90 0 0
10.25 51.05 -18.45 -90 0 0
10.25 51.05 -14.349999999999998 -90 0 0
10.25 51.05 -10.25 -90 0 0
10.25 51.05 -6.1499999999999995 -90 0 0
10.25 51.05 -2.05 -90 0 0
10.25 51.05 2.05 -90 0 0
10.25 51.05 6.1499999999999995 -90 0 0
10.25 51.05 10.25 -90 0 0
10.25 51.05 14.349999999999998 -90 0 0
10.25 51.05 18.45 -90 0 0
10.25 51.05 22.549999999999997 -90 0 0
10.25 51.05 26.65 -90 0 0
10.25 51.05 30.749999999999996 -90 0 0
10.25 51.05 34.849999999999994 -90 0 0
10.25 51.05 38.949999999999996 -90 0 0
10.25 51.05 43.06 -90 0 0
10.25 51.05 47.16 -90 0 0
10.25 51.05 51.26 -90 0 0
10.25 51.05 55.36 -90 0 0
10.25 51.05 59.459999999999994 -90 0 0
14.349999999999998 -59.459999999999994 -51.05 180 0 0
14.349999999999998 -59.459999999999994 51.05 0 0 0
14.349999999999998 -55.36 -51.05 180 0 0
14.349999999999998 -55.36 51.05 0 0 0
14.349999999999998 -51.26 -51.05 180 0 0
14.349999999999998 -51.26 51.05 0 0 0
14.349999999999998 -51.05 -38.949999999999996 90 0 0
14.349999999999998 -51.05 -34.849999999999994 90 0 0
14.349999999999998 -51.05 -30.749999999999996 90 0 0
14.349999999999998 -51.05 -26.65 90 0 0
14.349999999999998 -51.05 -22.549999999999997 90 0 0
14.349999999999998 -51.05 -18.45 90 0 0
14.349999999999998 -51.05 -14.349999999999998 90 0 0
14.349999999999998 -51.05 -10.25 90 0 0
14.349999999999998 -51.05 -6.1499999999999995 90 0 0
14.349999999999998 -51.05 -2.05 90 0 0
14.349999999999998 -51.05 2.05 90 0 0
14.349999999999998 -51.05 6.1499999999999995 90 0 0
14.349999999999998 -51.05 10.25 90 0 0
14.349999999999998 -51.05 14.349999999999998 90 0 0
14.349999999999998 -51.05 18.45 90 0 0
14.349999999999998 -51.05 22.549999999999997 90 0 0
14.349999999999998 -51.05 26.65 90 0 0
14.349999999999998 -51.05 30.749999999999996 90 0 0
14.349999999999998 -51.05 34.849999999999994 90 0 0
14.349999999999998 -51.05 38.949999999999996 90 0 0
14.349999999999998 -47.16 -51.05 180 0 0
14.349999999999998 -47.16 51.05 0 0 0
14.349999999999998 -43.06 -51.05 180 0 0
14.349999999999998 -43.06 51.05 0 0 0
14.349999999999998 -38.949999999999996 -51.05 180 0 0
14.349999999999998 -38.949999999999996 51.05 0 0 0
14.349999999999998 -34.849999999999994 -51.05 180 0 0
14.349999999999998 -34.849999999999994 51.05 0 0 0
14.349999999999998 -30.749999999999996 -51.05 180 0 0
14.349999999999998 -30.749999999999996 51.05 0 0 0
14.349999999999998 -26.65 -51.05 180 0 0
14.349999999999998 -26.65 51.05 0 0 0
14.349999999999998 -22.549999999999997 -51.05 180 0 0
14.349999999999998 -22.549999999999997 51.05 0 0 0
14.349999999999998 -18.45 -51.05 180 0 0
14.349999999999998 -18.45 51.05 0 0 0
14.349999999999998 -14.349999999999998 -51.05 180 0 0
14.349999999999998 -14.349999999999998 51.05 0 0 0
14.349999999999998 -10.25 -51.05 180 0 0
14.349999999999998 -10.25 51.05 0 0 0
14.349999999999998 -6.1499999999999995 -51.05 180 0 0
14.349999999999998 -6.1499999999999995 51.05 0 0 0
14.349999999999998 -2.05 -51.05 180 0 0
14.349999999999998 -2.05 51.05 0 0 0
14.349999999999998 2.05 -51.05 180 0 0
14.349999999999998 2.05 51.05 0 0 0
14.349999999999998 6.1499999999999995 -51.05 180 0 0
14.349999999999998 6.1499999999999995 51.05 0 0 0
14.349999999999998 10.25 -51.05 180 0 0
14.349999999999998 10.25 51.05 0 0 0
14.349999999999998 14.349999999999998 -51.05 180 0 0
14.349999999999998 14.349999999999998 51.05 0 0 0
14.349999999999998 18.45 -51.05 180 0 0
14.349999999999998 18.45 51.05 0 0 0
14.349999999999998 22.549999999999997 -51.05 180 0 0
14.349999999999998 22.549999999999997 51.05 0 0 0
14.349999999999998 26.65 -51.05 180 0 0
14.349999999999998 26.65 51.05 0 0 0
14.349999999999998 30.749999999999996 -51.05 180 0 0
14.349999999999998 30.749999999999996 51.05 0 0 0
14.349999999999998 34.849999999999994 -51.05 180 0 0
14.349999999999998 34.849999999999994 51.05 0 0 0
14.349999999999998 38.949999999999996 -51.05 180 0 0
14.349999999999998 38.949999999999996 51.05 0 0 0
14.349999999999998 43.06 -51.05 180 0 0
14.349999999999998 43.06 51.05 0 0 0
14.349999999999998 47.16 -51.05 180 0 0
14.349999999999998 47.16 51.05 0 0 0
14.349999999999998 51.05 -38.949999999999996 -90 0 0
14.349999999999998 51.05 -34.849999999999994 -90 0 0
14.349999999999998 51.05 -30.749999999999996 -90 0 0
14.349999999999998 51.05 -26.65 -90 0 0
14.349999999999998 51.05 -22.549999999999997 -90 0 0
14.349999999999998 51.05 -18.45 -90 0 0
14.349999999999998 51.05 -14.349999999999998 -90 0 0
14.349999999999998 51.05 -10.25 -90 0 0
14.349999999999998 51.05 -6.1499999999999995 -90 0 0
14.349999999999998 51.05 -2.05 -90 0 0
14.349999999999998 51.05 2.05 -90 0 0
14.349999999999998 51.05 6.1499999999999995 -90 0 0
14.349999999999998 51.05 10.25 -90 0 0
14.349999999999998 51.05 14.349999999999998 -90 0 0
14.349999999999998 51.05 18.45 -90 0 0
14.349999999999998 51.05 22.549999999999997 -90 0 0
14.349999999999998 51.05 26.65 -90 0 0
14.349999999999998 51.05 30.749999999999996 -90 0 0
14.349999999999998 51.05 34.849999999999994 -90 0 0
14.349999999999998 51.05 38.949999999999996 -90 0 0
14.349999999999998 51.26 -51.05 180 0 0
14.349999999999998 51.26 51.05 0 0 0
14.349999999999998 55.36 -51.05 180 0 0
14.349999999999998 55.36 51.05 0 0 0
14.349999999999998 59.459999999999994 -51.05 180 0 0
14.349999999999998 59.459999999999994 51.05 0 0 0
18.45 -51.05 -59.459999999999994 90 0 0
18.45 -51.05 -55.36 90 0 0
18.45 -51.05 -51.26 90 0 0
18.45 -51.05 -47.16 90 0 0
18.45 -51.05 -43.06 90 0 0
18.45 -51.05 -38.949999999999996 90 0 0
18.45 -51.05 -34.849999999999994 90 0 0
18.45 -51.05 -30.749999999999996 90 0 0
18.45 -51.05 -26.65 90 0 0
18.45 -51.05 -22.549999999999997 90 0 0
18.45 -51.05 -18.45 90 0 0
18.45 -51.05 -14.349999999999998 90 0 0
18.45 -51.05 -10.25 90 0 0
18.45 -51.05 -6.1499999999999995 90 0 0
18.45 -51.05 -2.05 90 0 0
18.45 -51.05 2.05 90 0 0
18.45 -51.05 6.1499999999999995 90 0 0
18.45 -51.05 10.25 90 0 0
18.45 -51.05 14.349999999999998 90 0 0
18.45 -51.05 18.45 90 0 0
18.45 -51.05 22.549999999999997 90 0 0
18.45 -51.05 26.65 90 0 0
18.45 -51.05 30.749999999999996 90 0 0
18.45 -51.05 34.849999999999994 90 0 0
18.45 -51.05 38.949999999999996 90 0 0
18.45 -51.05 43.06 90 0 0
18.45 -51.05 47.16 90 0 0
18.45 -51.05 51.26 90 0 0
18.45 -51.05 55.36 90 0 0
18.45 -51.05 59.459999999999994 90 0 0
18.45 -38.949999999999996 -51.05 180 0 0
18.45 -38.949999999999996 51.05 0 0 0
18.45 -34.849999999999994 -51.05 180 0 0
18.45 -34.849999999999994 51.05 0 0 0
18.45 -30.749999999999996 -51.05 180 0 0
18.45 -30.749999999999996 51.05 0 0 0
18.45 -26.65 -51.05 180 0 0
18.45 -26.65 51.05 0 0 0
18.45 -22.549999999999997 -51.05 180 0 0
18.45 -22.549999999999997 51.05 0 0 0
18.45 -18.45 -51.05 180 0 0
18.45 -18.45 51.05 0 0 0
18.45 -14.349999999999998 -51.05 180 0 0
18.45 -14.349999999999998 51.05 0 0 0
18.45 -10.25 -51.05 180 0 0
18.45 -10.25 51.05 0 0 0
18.45 -6.1499999999999995 -51.05 180 0 0
18.45 -6.1499999999999995 51.05 0 0 0
18.45 -2.05 -51.05 180 0 0
18.45 -2.05 51.05 0 0 0
18.45 2.05 -51.05 180 0 0
18.45 2.05 51.05 0 0 0
18.45 6.1499999999999995 -51.05 180 0 0
18.45 6.1499999999999995 51.05 0 0 0
18.45 10.25 -51.05 180 0 0
18.45 10.25 51.05 0 0 0
18.45 14.349999999999998 -51.05 180 0 0
18.45 14.349999999999998 51.05 0 0 0
18.45 18.45 -51.05 180 0 0
18.45 18.45 51.05 0 0 0
18.45 22.549999999999997 -51.05 180 0 0
18.45 22.549999999999997 51.05 0 0 0
18.45 26.65 -51.05 180 0 0
18.45 26.65 51.05 0 0 0
18.45 30.749999999999996 -51.05 180 0 0
18.45 30.749999999999996 51.05 0 0 0
18.45 34.849999999999994 -51.05 180 0 0
18.45 34.849999999999994 51.05 0 0 0
18.45 38.949999999999996 -51.05 180 0 0
18.45 38.949999999999996 51.05 0 0 0
18.45 51.05 -59.459999999999994 -90 0 0
18.45 51.05 -55.36 -90 0 0
18.45 51.05 -51.26 -90 0 0
18.45 51.05 -47.16 -90 0 0
18.45 51.05 -43.06 -90 0 0
18.45 51.05 -38.949999999999996 -90 0 0
18.45 51.05 -34.849999999999994 -90 0 0
18.45 51.05 -30.749999999999996 -90 0 0
18.45 51.05 -26.65 -90 0 0
18.45 51.05 -22.549999999999997 -90 0 0
18.45 51.05 -18.45 -90 0 0
18.45 51.05 -14.349999999999998 -90 0 0
18.45 51.05 -10.25 -90 0 0
18.45 51.05 -6.1499999999999995 -90 0 0
18.45 51.05 -2.05 -90 0 0
18.45 51.05 2.05 -90 0 0
18.45 51.05 6.1499999999999995 -90 0 0
18.45 51.05 10.25 -90 0 0
18.45 51.05 14.349999999999998 -90 0 0
18.45 51.05 18.45 -90 0 0
18.45 51.05 22.549999999999997 -90 0 0
18.45 51.05 26.65 -90 0 0
18.45 51.05 30.749999999999996 -90 0 0
18.45 51.05 34.849999999999994 -90 0 0
18.45 51.05 38.949999999999996 -90 0 0
18.45 51.05 43.06 -90 0 0
18.45 51.05 47.16 -90 0 0
18.45 51.05 51.26 -90 0 0
18.45 51.05 55.36 -90 0 0
18.45 51.05 59.459999999999994 -90 0 0
22.549999999999997 -59.459999999999994 -51.05 180 0 0
22.549999999999997 -59.459999999999994 51.05 0 0 0
22.549999999999997 -55.36 -51.05 180 0 0
22.549999999999997 -55.36 51.05 0 0 0
22.549999999999997 -51.26 -51.05 180 0 0
22.549999999999997 -51.26 51.05 0 0 0
22.549999999999997 -51.05 -38.949999999999996 90 0 0
22.549999999999997 -51.05 -34.849999999999994 90 0 0
22.549999999999997 -51.05 -30.749999999999996 90 0 0
22.549999999999997 -51.05 -26.65 90 0 0
22.549999999999997 -51.05 -22.549999999999997 90 0 0
22.549999999999997 -51.05 -18.45 90 0 0
22.549999999999997 -51.05 -14.349999999999998 90 0 0
22.549999999999997 -51.05 -10.25 90 0 0
22.549999999999997 -51.05 -6.1499999999999995 90 0 0
22.549999999999997 -51.05 -2.05 90 0 0
22.549999999999997 -51.05 2.05 90 0 0
22.549999999999997 -51.05 6.1499999999999995 90 0 0
22.549999999999997 -51.05 10.25 90 0 0
22.549999999999997 -51.05 14.349999999999998 90 0 0
22.549999999999997 -51.05 18.45 90 0 0
22.549999999999997 -51.05 22.549999999999997 90 0 0
22.549999999999997 -51.05 26.65 90 0 0
22.549999999999997 -51.05 30.749999999999996 90 0 0
22.549999999999997 -51.05 34.849999999999994 90 0 0
22.549999999999997 -51.05 38.949999999999996 90 0 0
22.549999999999997 -47.16 -51.05 180 0 0
22.549999999999997 -47.16 51.05 0 0 0
22.549999999999997 -43.06 -51.05 180 0 0
22.549999999999997 -43.06 51.05 0 0 0
22.549999999999997 -38.949999999999996 -51.05 180 0 0
22.549999999999997 -38.949999999999996 51.05 0 0 0
22.549999999999997 -34.849999999999994 -51.05 180 0 0
22.549999999999997 -34.849999999999994 51.05 0 0 0
22.549999999999997 -30.749999999999996 -51.05 180 0 0
22.549999999999997 -30.749999999999996 51.05 0 0 0
22.549999999999997 -26.65 -51.05 180 0 0
22.549999999999997 -26.65 51.05 0 0 0
22.549999999999997 -22.549999999999997 -51.05 180 0 0
22.549999999999997 -22.549999999999997 51.05 0 0 0
22.549999999999997 -18.45 -51.05 180 0 0
22.549999999999997 -18.45 51.05 0 0 0
22.549999999999997 -14.349999999999998 -51.05 180 0 0
22.549999999999997 -14.349999999999998 51.05 0 0 0
22.549999999999997 -10.25 -51.05 180 0 0
22.549999999999997 -10.25 51.05 0 0 0
22.549999999999997 -6.1499999999999995 -51.05 180 0 0
22.549999999999997 -6.1499999999999995 51.05 0 0 0
22.549999999999997 -2.05 -51.05 180 0 0
22.549999999999997 -2.05 51.05 0 0 0
22.549999999999997 2.05 -51.05 180 0 0
22.549999999999997 2.05 51.05 0 0 0
22.549999999999997 6.1499999999999995 -51.05 180 0 0
22.549999999999997 6.1499999999999995 51.05 0 0 0
22.549999999999997 10.25 -51.05 180 0 0
22.549999999999997 10.25 51.05 0 0 0
22.549999999999997 14.349999999999998 -51.05 180 0 0
22.549999999999997 14.349999999999998 51.05 0 0 0
22.549999999999997 18.45 -51.05 180 0 0
22.549999999999997 18.45 51.05 0 0 0
22.549999999999997 22.549999999999997 -51.05 180 0 0
22.549999999999997 22.549999999999997 51.05 0 0 0
22.549999999999997 26.65 -51.05 180 0 0
22.549999999999997 26.65 51.05 0 0 0
22.549999999999997 30.749999999999996 -51.05 180 0 0
22.549999999999997 30.749999999999996 51.05 0 0 0
22.549999999999997 34.849999999999994 -51.05 180 0 0
22.549999999999997 34.849999999999994 51.05 0 0 0
22.549999999999997 38.949999999999996 -51.05 180 0 0
22.549999999999997 38.949999999999996 51.05 0 0 0
22.549999999999997 43.06 -51.05 180 0 0
22.549999999999997 43.06 51.05 0 0 0
22.549999999999997 47.16 -51.05 180 0 0
22.549999999999997 47.16 51.05 0 0 0
22.549999999999997 51.05 -38.949999999999996 -90 0 0
22.549999999999997 51.05 -34.849999999999994 -90 0 0
22.549999999999997 51.05 -30.749999999999996 -90 0 0
22.549999999999997 51.05 -26.65 -90 0 0
22.549999999999997 51.05 -22.549999999999997 -90 0 0
22.549999999999997 51.05 -18.45 -90 0 0
22.549999999999997 51.05 -14.349999999999998 -90 0 0
22.549999999999997 51.05 -10.25 -90 0 0
22.549999999999997 51.05 -6.1499999999999995 -90 0 0
22.549999999999997 51.05 -2.05 -90 0 0
22.549999999999997 51.05 2.05 -90 0 0
22.549999999999997 51.05 6.1499999999999995 -90 0 0
22.549999999999997 51.05 10.25 -90 0 0
22.549999999999997 51.05 14.349999999999998 -90 0 0
22.549999999999997 51.05 18.45 -90 0 0
22.549999999999997 51.05 22.549999999999997 -90 0 0
22.549999999999997 51.05 26.65 -90 0 0
22.549999999999997 51.05 30.749999999999996 -90 0 0
22.549999999999997 51.05 34.849999999999994 -90 0 0
22.549999999999997 51.05 38.949999999999996 -90 0 0
22.549999999999997 51.26 -51.05 180 0 0
22.549999999999997 51.26 51.05 0 0 0
22.549999999999997 55.36 -51.05 180 0 0
22.549999999999997 55.36 51.05 0 0 0
22.549999999999997 59.459999999999994 -51.05 180 0 0
22.549999999999997 59.459999999999994 51.05 0 0 0
26.65 -51.05 -59.459999999999994 90 0 0
26.65 -51.05 -55.36 90 0 0
26.65 -51.05 -51.26 90 0 0
26.65 -51.05 -47.16 90 0 0
26.65 -51.05 -43.06 90 0 0
26.65 -51.05 -38.949999999999996 90 0 0
26.65 -51.05 -34.849999999999994 90 0 0
26.65 -51.05 -30.749999999999996 90 0 0
26.65 -51.05 -26.65 90 0 0
26.65 -51.05 -22.549999999999997 90 0 0
26.65 -51.05 -18.45 90 0 0
26.65 -51.05 -14.349999999999998 90 0 0
26.65 -51.05 -10.25 90 0 0
26.65 -51.05 -6.1499999999999995 90 0 0
26.65 -51.05 -2.05 90 0 0
26.65 -51.05 2.05 90 0 0
26.65 -51.05 6.1499999999999995 90 0 0
26.65 -51.05 10.25 90 0 0
26.65 -51.05 14.349999999999998 90 0 0
26.65 -51.05 18.45 90 0 0
26.65 -51.05 22.549999999999997 90 0 0
26.65 -51.05 26.65 90 0 0
26.65 -51.05 30.749999999999996 90 0 0
26.65 -51.05 34.849999999999994 90 0 0
26.65 -51.05 38.949999999999996 90 0 0
26.65 -51.05 43.06 90 0 0
26.65 -51.05 47.16 90 0 0
26.65 -51.05 51.26 90 0 0
26.65 -51.05 55.36 90 0 0
26.65 -51.05 59.459999999999994 90 0 0
26.65 -38.949999999999996 -51.05 180 0 0
26.65 -38.949999999999996 51.05 0 0 0
26.65 -34.849999999999994 -51.05 180 0 0
26.65 -34.849999999999994 51.05 0 0 0
26.65 -30.749999999999996 -51.05 180 0 0
26.65 -30.749999999999996 51.05 0 0 0
26.65 -26.65 -51.05 180 0 0
26.65 -26.65 51.05 0 0 0
26.65 -22.549999999999997 -51.05 180 0 0
26.65 -22.549999999999997 51.05 0 0 0
26.65 -18.45 -51.05 180 0 0
26.65 -18.45 51.05 0 0 0
26.65 -14.349999999999998 -51.05 180 0 0
26.65 -14.349999999999998 51.05 0 0 0
26.65 -10.25 -51.05 180 0 0
26.65 -10.25 51.05 0 0 0
26.65 -6.1499999999999995 -51.05 180 0 0
26.65 -6.1499999999999995 51.05 0 0 0
26.65 -2.05 -51.05 180 0 0
26.65 -2.05 51.05 0 0 0
26.65 2.05 -51.05 180 0 0
26.65 2.05 51.05 0 0 0
26.65 6.1499999999999995 -51.05 180 0 0
26.65 6.1499999999999995 51.05 0 0 0
26.65 10.25 -51.05 180 0 0
26.65 10.25 51.05 0 0 0
26.65 14.349999999999998 -51.05 180 0 0
26.65 14.349999999999998 51.05 0 0 0
26.65 18.45 -51.05 180 0 0
26.65 18.45 51.05 0 0 0
26.65 22.549999999999997 -51.05 180 0 0
26.65 22.549999999999997 51.05 0 0 0
26.65 26.65 -51.05 180 0 0
26.65 26.65 51.05 0 0 0
26.65 30.749999999999996 -51.05 180 0 0
26.65 30.749999999999996 51.05 0 0 0
26.65 34.849999999999994 -51.05 180 0 0
26.65 34.849999999999994 51.05 0 0 0
26.65 38.949999999999996 -51.05 180 0 0
26.65 38.949999999999996 51.05 0 0 0
26.65 51.05 -59.459999999999994 -90 0 0
26.65 51.05 -55.36 -90 0 0
26.65 51.05 -51.26 -90 0 0
26.65 51.05 -47.16 -90 0 0
26.65 51.05 -43.06 -90 0 0
26.65 51.05 -38.949999999999996 -90 0 0
26.65 51.05 -34.849999999999994 -90 0 0
26.65 51.05 -30.749999999999996 -90 0 0
26.65 51.05 -26.65 -90 0 0
26.65 51.05 -22.549999999999997 -90 0 0
26.65 51.05 -18.45 -90 0 0
26.65 51.05 -14.349999999999998 -90 0 0
26.65 51.05 -10.25 -90 0 0
26.65 51.05 -6.1499999999999995 -90 0 0
26.65 51.05 -2.05 -90 0 0
26.65 51.05 2.05 -90 0 0
26.65 51.05 6.1499999999999995 -90 0 0
26.65 51.05 10.25 -90 0 0
26.65 51.05 14.349999999999998 -90 0 0
26.65 51.05 18.45 -90 0 0
26.65 51.05 22.549999999999997 -90 0 0
26.65 51.05 26.65 -90 0 0
26.65 51.05 30.749999999999996 -90 0 0
26.65 51.05 34.849999999999994 -90 0 0
26.65 51.05 38.949999999999996 -90 0 0
26.65 51.05 43.06 -90 0 0
26.65 51.05 47.16 -90 0 0
26.65 51.05 51.26 -90 0 0
26.65 51.05 55.36 -90 0 0
26.65 51.05 59.459999999999994 -90 0 0
30.749999999999996 -59.459999999999994 -51.05 180 0 0
30.749999999999996 -59.459999999999994 51.05 0 0 0
30.749999999999996 -55.36 -51.05 180 0 0
30.749999999999996 -55.36 51.05 0 0 0
30.749999999999996 -51.26 -51.05 180 0 0
30.749999999999996 -51.26 51.05 0 0 0
30.749999999999996 -51.05 -38.949999999999996 90 0 0
30.749999999999996 -51.05 -34.849999999999994 90 0 0
30.749999999999996 -51.05 -30.749999999999996 90 0 0
30.749999999999996 -51.05 -26.65 90 0 0
30.749999999999996 -51.05 -22.549999999999997 90 0 0
30.749999999999996 -51.05 -18.45 90 0 0
30.749999999999996 -51.05 -14.349999999999998 90 0 0
30.749999999999996 -51.05 -10.25 90 0 0
30.749999999999996 -51.05 -6.1499999999999995 90 0 0
30.749999999999996 -51.05 -2.05 90 0 0
30.749999999999996 -51.05 2.05 90 0 0
30.749999999999996 -51.05 6.1499999999999995 90 0 0
30.749999999999996 -51.05 10.25 90 0 0
30.749999999999996 -51.05 14.349999999999998 90 0 0
30.749999999999996 -51.05 18.45 90 0 0
30.749999999999996 -51.05 22.549999999999997 90 0 0
30.749999999999996 -51.05 26.65 90 0 0
30.749999999999996 -51.05 30.749999999999996 90 0 0
30.749999999999996 -51.05 34.849999999999994 90 0 0
30.749999999999996 -51.05 38.949999999999996 90 0 0
30.749999999999996 -47.16 -51.05 180 0 0
30.749999999999996 -47.16 51.05 0 0 0
30.749999999999996 -43.06 -51.05 180 0 0
30.749999999999996 -43.06 51.05 0 0 0
30.749999999999996 -38.949999999999996 -51.05 180 0 0
30.749999999999996 -38.949999999999996 51.05 0 0 0
30.749999999999996 -34.849999999999994 -51.05 180 0 0
30.749999999999996 -34.849999999999994 51.05 0 0 0
30.749999999999996 -30.749999999999996 -51.05 180 0 0
30.749999999999996 -30.749999999999996 51.05 0 0 0
30.749999999999996 -26.65 -51.05 180 0 0
30.749999999999996 -26.65 51.05 0 0 0
30.749999999999996 -22.549999999999997 -51.05 180 0 0
30.749999999999996 -22.549999999999997 51.05 0 0 0
30.749999999999996 -18.45 -51.05 180 0 0
30.749999999999996 -18.45 51.05 0 0 0
30.749999999999996 -14.349999999999998 -51.05 180 0 0
30.749999999999996 -14.349999999999998 51.05 0 0 0
30.749999999999996 -10.25 -51.05 180 0 0
30.749999999999996 -10.25 51.05 0 0 0
30.749999999999996 -6.1499999999999995 -51.05 180 0 0
30.749999999999996 -6.1499999999999995 51.05 0 0 0
30.749999999999996 -2.05 -51.05 180 0 0
30.749999999999996 -2.05 51.05 0 0 0
30.749999999999996 2.05 -51.05 180 0 0
30.749999999999996 2.05 51.05 0 0 0
30.749999999999996 6.1499999999999995 -51.05 180 0 0
30.749999999999996 6.1499999999999995 51.05 0 0 0
30.749999999999996 10.25 -51.05 180 0 0
30.749999999999996 10.25 51.05 0 0 0
30.749999999999996 14.349999999999998 -51.05 180 0 0
30.749999999999996 14.349999999999998 51.05 0 0 0
30.749999999999996 18.45 -51.05 180 0 0
30.749999999999996 18.45 51.05 0 0 0
30.749999999999996 22.549999999999997 -51.05 180 0 0
30.749999999999996 22.549999999999997 51.05 0 0 0
30.749999999999996 26.65 -51.05 180 0 0
30.749999999999996 26.65 51.05 0 0 0
30.749999999999996 30.749999999999996 -51.05 180 0 0
30.749999999999996 30.749999999999996 51.05 0 0 0
30.749999999999996 34.849999999999994 -51.05 180 0 0
30.749999999999996 34.849999999999994 51.05 0 0 0
30.749999999999996 38.949999999999996 -51.05 180 0 0
30.749999999999996 38.949999999999996 51.05 0 0 0
30.749999999999996 43.06 -51.05 180 0 0
30.749999999999996 43.06 51.05 0 0 0
30.749999999999996 47.16 -51.05 180 0 0
30.749999999999996 47.16 51.05 0 0 0
30.749999999999996 51.05 -38.949999999999996 -90 0 0
30.749999999999996 51.05 -34.849999999999994 -90 0 0
30.749999999999996 51.05 -30.749999999999996 -90 0 0
30.749999999999996 51.05 -26.65 -90 0 0
30.749999999999996 51.05 -22.549999999999997 -90 0 0
30.749999999999996 51.05 -18.45 -90 0 0
30.749999999999996 51.05 -14.349999999999998 -90 0 0
30.749999999999996 51.05 -10.25 -90 0 0
30.749999999999996 51.05 -6.1499999999999995 -90 0 0
30.749999999999996 51.05 -2.05 -90 0 0
30.749999999999996 51.05 2.05 -90 0 0
30.749999999999996 51.05 6.1499999999999995 -90 0 0
30.749999999999996 51.05 10.25 -90 0 0
30.749999999999996 51.05 14.349999999999998 -90 0 0
30.749999999999996 51.05 18.45 -90 0 0
30.749999999999996 51.05 22.549999999999997 -90 0 0
30.749999999999996 51.05 26.65 -90 0 0
30.749999999999996 51.05 30.749999999999996 -90 0 0
30.749999999999996 51.05 34.849999999999994 -90 0 0
30.749999999999996 51.05 38.949999999999996 -90 0 0
30.749999999999996 51.26 -51.05 180 0 0
30.749999999999996 51.26 51.05 0 0 0
30.749999999999996 55.36 -51.05 180 0 0
30.749999999999996 55.36 51.05 0 0 0
30.749999999999996 59.459999999999994 -51.05 180 0 0
30.749999999999996 59.459999999999994 51.05 0 0 0
34.849999999999994 -51.05 -59.459999999999994 90 0 0
34.849999999999994 -51.05 -55.36 90 0 0
34.849999999999994 -51.05 -51.26 90 0 0
34.849999999999994 -51.05 -47.16 90 0 0
34.849999999999994 -51.05 -43.06 90 0 0
34.849999999999994 -51.05 -38.949999999999996 90 0 0
34.849999999999994 -51.05 -34.849999999999994 90 0 0
34.849999999999994 -51.05 -30.749999999999996 90 0 0
34.849999999999994 -51.05 -26.65 90 0 0
34.849999999999994 -51.05 -22.549999999999997 90 0 0
34.849999999999994 -51.05 -18.45 90 0 0
34.849999999999994 -51.05 -14.349999999999998 90 0 0
34.849999999999994 -51.05 -10.25 90 0 0
34.849999999999994 -51.05 -6.1499999999999995 90 0 0
34.849999999999994 -51.05 -2.05 90 0 0
34.849999999999994 -51.05 2.05 90 0 0
34.849999999999994 -51.05 6.1499999999999995 90 0 0
34.849999999999994 -51.05 10.25 90 0 0
34.849999999999994 -51.05 14.349999999999998 90 0 0
34.849999999999994 -51.05 18.45 90 0 0
34.849999999999994 -51.05 22.549999999999997 90 0 0
34.849999999999994 -51.05 26.65 90 0 0
34.849999999999994 -51.05 30.749999999999996 90 0 0
34.849999999999994 -51.05 34.849999999999994 90 0 0
34.849999999999994 -51.05 38.949999999999996 90 0 0
34.849999999999994 -51.05 43.06 90 0 0
34.849999999999994 -51.05 47.16 90 0 0
34.849999999999994 -51.05 51.26 90 0 0
34.849999999999994 -51.05 55.36 90 0 0
34.849999999999994 -51.05 59.459999999999994 90 0 0
34.849999999999994 -38.949999999999996 -51.05 180 0 0
34.849999999999994 -38.949999999999996 51.05 0 0 0
34.849999999999994 -34.849999999999994 -51.05 180 0 0
34.849999999999994 -34.849999999999994 51.05 0 0 0
34.849999999999994 -30.749999999999996 -51.05 180 0 0
34.849999999999994 -30.749999999999996 51.05 0 0 0
34.849999999999994 -26.65 -51.05 180 0 0
34.849999999999994 -26.65 51.05 0 0 0
34.849999999999994 -22.549999999999997 -51.05 180 0 0
34.849999999999994 -22.549999999999997 51.05 0 0 0
34.849999999999994 -18.45 -51.05 180 0 0
34.849999999999994 -18.45 51.05 0 0 0
34.849999999999994 -14.349999999999998 -51.05 180 0 0
34.849999999999994 -14.349999999999998 51.05 0 0 0
34.849999999999994 -10.25 -51.05 180 0 0
34.849999999999994 -10.25 51.05 0 0 0
34.849999999999994 -6.1499999999999995 -51.05 180 0 0
34.849999999999994 -6.1499999999999995 51.05 0 0 0
34.849999999999994 -2.05 -51.05 180 0 0
34.849999999999994 -2.05 51.05 0 0 0
34.849999999999994 2.05 -51.05 180 0 0
34.849999999999994 2.05 51.05 0 0 0
34.849999999999994 6.1499999999999995 -51.05 180 0 0
34.849999999999994 6.1499999999999995 51.05 0 0 0
34.849999999999994 10.25 -51.05 180 0 0
34.849999999999994 10.25 51.05 0 0 0
34.849999999999994 14.349999999999998 -51.05 180 0 0
34.849999999999994 14.349999999999998 51.05 0 0 0
34.849999999999994 18.45 -51.05 180 0 0
34.849999999999994 18.45 51.05 0 0 0
34.849999999999994 22.549999999999997 -51.05 180 0 0
34.849999999999994 22.549999999999997 51.05 0 0 0
34.849999999999994 26.65 -51.05 180 0 0
34.849999999999994 26.65 51.05 0 0 0
34.849999999999994 30.749999999999996 -51.05 180 0 0
34.849999999999994 30.749999999999996 51.05 0 0 0
34.849999999999994 34.849999999999994 -51.05 180 0 0
34.849999999999994 34.849999999999994 51.05 0 0 0
34.849999999999994 38.949999999999996 -51.05 180 0 0
34.849999999999994 38.949999999999996 51.05 0 0 0
34.849999999999994 51.05 -59.459999999999994 -90 0 0
34.849999999999994 51.05 -55.36 -90 0 0
34.849999999999994 51.05 -51.26 -90 0 0
34.849999999999994 51.05 -47.16 -90 0 0
34.849999999999994 51.05 -43.06 -90 0 0
34.849999999999994 51.05 -38.949999999999996 -90 0 0
34.849999999999994 51.05 -34.849999999999994 -90 0 0
34.849999999999994 51.05 -30.749999999999996 -90 0 0
34.849999999999994 51.05 -26.65 -90 0 0
34.849999999999994 51.05 -22.549999999999997 -90 0 0
34.849999999999994 51.05 -18.45 -90 0 0
34.849999999999994 51.05 -14.349999999999998 -90 0 0
34.849999999999994 51.05 -10.25 -90 0 0
34.849999999999994 51.05 -6.1499999999999995 -90 0 0
34.849999999999994 51.05 -2.05 -90 0 0
34.849999999999994 51.05 2.05 -90 0 0
34.849999999999994 51.05 6.1499999999999995 -90 0 0
34.849999999999994 51.05 10.25 -90 0 0
34.849999999999994 51.05 14.349999999999998 -90 0 0
34.849999999999994 51.05 18.45 -90 0 0
34.849999999999994 51.05 22.549999999999997 -90 0 0
34.849999999999994 51.05 26.65 -90 0 0
34.849999999999994 51.05 30.749999999999996 -90 0 0
34.849999999999994 51.05 34.849999999999994 -90 0 0
34.849999999999994 51.05 38.949999999999996 -90 0 0
34.849999999999994 51.05 43.06 -90 0 0
34.849999999999994 51.05 47.16 -90 0 0
34.849999999999994 51.05 51.26 -90 0 0
34.849999999999994 51.05 55.36 -90 0 0
34.849999999999994 51.05 59.459999999999994 -90 0 0
38.949999999999996 -59.459999999999994 -51.05 180 0 0
38.949999999999996 -59.459999999999994 51.05 0 0 0
38.949999999999996 -55.36 -51.05 180 0 0
38.949999999999996 -55.36 51.05 0 0 0
38.949999999999996 -51.26 -51.05 180 0 0
38.949999999999996 -51.26 51.05 0 0 0
38.949999999999996 -51.05 -38.949999999999996 90 0 0
38.949999999999996 -51.05 -34.849999999999994 90 0 0
38.949999999999996 -51.05 -30.749999999999996 90 0 0
38.949999999999996 -51.05 -26.65 90 0 0
38.949999999999996 -51.05 -22.549999999999997 90 0 0
38.949999999999996 -51.05 -18.45 90 0 0
38.949999999999996 -51.05 -14.349999999999998 90 0 0
38.949999999999996 -51.05 -10.25 90 0 0
38.949999999999996 -51.05 -6.1499999999999995 90 0 0
38.949999999999996 -51.05 -2.05 90 0 0
38.949999999999996 -51.05 2.05 90 0 0
38.949999999999996 -51.05 6.1499999999999995 90 0 0
38.949999999999996 -51.05 10.25 90 0 0
38.949999999999996 -51.05 14.349999999999998 90 0 0
38.949999999999996 -51.05 18.45 90 0 0
38.949999999999996 -51.05 22.549999999999997 90 0 0
38.949999999999996 -51.05 26.65 90 0 0
38.949999999999996 -51.05 30.749999999999996 90 0 0
38.949999999999996 -51.05 34.849999999999994 90 0 0
38.949999999999996 -51.05 38.949999999999996 90 0 0
38.949999999999996 -47.16 -51.05 180 0 0
38.949999999999996 -47.16 51.05 0 0 0
38.949999999999996 -43.06 -51.05 180 0 0
38.949999999999996 -43.06 51.05 0 0 0
38.949999999999996 -38.949999999999996 -51.05 180 0 0
38.949999999999996 -38.949999999999996 51.05 0 0 0
38.949999999999996 -34.849999999999994 -51.05 180 0 0
38.949999999999996 -34.849999999999994 51.05 0 0 0
38.949999999999996 -30.749999999999996 -51.05 180 0 0
38.949999999999996 -30.749999999999996 51.05 0 0 0
38.949999999999996 -26.65 -51.05 180 0 0
38.949999999999996 -26.65 51.05 0 0 0
38.949999999999996 -22.549999999999997 -51.05 180 0 0
38.949999999999996 -22.549999999999997 51.05 0 0 0
38.949999999999996 -18.45 -51.05 180 0 0
38.949999999999996 -18.45 51.05 0 0 0
38.949999999999996 -14.349999999999998 -51.05 180 0 0
38.949999999999996 -14.349999999999998 51.05 0 0 0
38.949999999999996 -10.25 -51.05 180 0 0
38.949999999999996 -10.25 51.05 0 0 0
38.949999999999996 -6.1499999999999995 -51.05 180 0 0
38.949999999999996 -6.1499999999999995 51.05 0 0 0
38.949999999999996 -2.05 -51.05 180 0 0
38.949999999999996 -2.05 51.05 0 0 0
38.949999999999996 2.05 -51.05 180 0 0
38.949999999999996 2.05 51.05 0 0 0
38.949999999999996 6.1499999999999995 -51.05 180 0 0
38.949999999999996 6.1499999999999995 51.05 0 0 0
38.949999999999996 10.25 -51.05 180 0 0
38.949999999999996 10.25 51.05 0 0 0
38.949999999999996 14.349999999999998 -51.05 180 0 0
38.949999999999996 14.349999999999998 51.05 0 0 0
38.949999999999996 18.45 -51.05 180 0 0
38.949999999999996 18.45 51.05 0 0 0
38.949999999999996 22.549999999999997 -51.05 180 0 0
38.949999999999996 22.549999999999997 51.05 0 0 0
38.949999999999996 26.65 -51.05 180 0 0
38.949999999999996 26.65 51.05 0 0 0
38.949999999999996 30.749999999999996 -51.05 180 0 0
38.949999999999996 30.749999999999996 51.05 0 0 0
38.949999999999996 34.849999999999994 -51.05 180 0 0
38.949999999999996 34.849999999999994 51.05 0 0 0
38.949999999999996 38.949999999999996 -51.05 180 0 0
38.949999999999996 38.949999999999996 51.05 0 0 0
38.949999999999996 43.06 -51.05 180 0 0
38.949999999999996 43.06 51.05 0 0 0
38.949999999999996 47.16 -51.05 180 0 0
38.949999999999996 47.16 51.05 0 0 0
38.949999999999996 51.05 -38.949999999999996 -90 0 0
38.949999999999996 51.05 -34.849999999999994 -90 0 0
38.949999999999996 51.05 -30.749999999999996 -90 0 0
38.949999999999996 51.05 -26.65 -90 0 0
38.949999999999996 51.05 -22.549999999999997 -90 0 0
38.949999999999996 51.05 -18.45 -90 0 0
38.949999999999996 51.05 -14.349999999999998 -90 0 0
38.949999999999996 51.05 -10.25 -90 0 0
38.949999999999996 51.05 -6.1499999999999995 -90 0 0
38.949999999999996 51.05 -2.05 -90 0 0
38.949999999999996 51.05 2.05 -90 0 0
38.949999999999996 51.05 6.1499999999999995 -90 0 0
38.949999999999996 51.05 10.25 -90 0 0
38.949999999999996 51.05 14.349999999999998 -90 0 0
38.949999999999996 51.05 18.45 -90 0 0
38.949999999999996 51.05 22.549999999999997 -90 0 0
38.949999999999996 51.05 26.65 -90 0 0
38.949999999999996 51.05 30.749999999999996 -90 0 0
38.949999999999996 51.05 34.849999999999994 -90 0 0
38.949999999999996 51.05 38.949999999999996 -90 0 0
38.949999999999996 51.26 -51.05 180 0 0
38.949999999999996 51.26 51.05 0 0 0
38.949999999999996 55.36 -51.05 180 0 0
38.949999999999996 55.36 51.05 0 0 0
38.949999999999996 59.459999999999994 -51.05 180 0 0
38.949999999999996 59.459999999999994 51.05 0 0 0
43.06 -59.459999999999994 -51.05 180 0 0
43.06 -59.459999999999994 51.05 0 0 0
43.06 -55.36 -51.05 180 0 0
43.06 -55.36 51.05 0 0 0
43.06 -51.26 -51.05 180 0 0
43.06 -51.26 51.05 0 0 0
43.06 -51.05 -34.849999999999994 90 0 0
43.06 -51.05 -26.65 90 0 0
43.06 -51.05 -18.45 90 0 0
43.06 -51.05 -10.25 90 0 0
43.06 -51.05 -2.05 90 0 0
43.06 -51.05 6.1499999999999995 90 0 0
43.06 -51.05 14.349999999999998 90 0 0
43.06 -51.05 22.549999999999997 90 0 0
43.06 -51.05 30.749999999999996 90 0 0
43.06 -51.05 38.949999999999996 90 0 0
43.06 -47.16 -51.05 180 0 0
43.06 -47.16 51.05 0 0 0
43.06 -43.06 -51.05 180 0 0
43.06 -43.06 51.05 0 0 0
43.06 -34.849999999999994 -51.05 180 0 0
43.06 -34.849999999999994 51.05 0 0 0
43.06 -26.65 -51.05 180 0 0
43.06 -26.65 51.05 0 0 0
43.06 -18.45 -51.05 180 0 0
43.06 -18.45 51.05 0 0 0
43.06 -10.25 -51.05 180 0 0
43.06 -10.25 51.05 0 0 0
43.06 -2.05 -51.05 180 0 0
43.06 -2.05 51.05 0 0 0
43.06 6.1499999999999995 -51.05 180 0 0
43.06 6.1499999999999995 51.05 0 0 0
43.06 14.349999999999998 -51.05 180 0 0
43.06 14.349999999999998 51.05 0 0 0
43.06 22.549999999999997 -51.05 180 0 0
43.06 22.549999999999997 51.05 0 0 0
43.06 30.749999999999996 -51.05 180 0 0
43.06 30.749999999999996 51.05 0 0 0
43.06 38.949999999999996 -51.05 180 0 0
43.06 38.949999999999996 51.05 0 0 0
43.06 43.06 -51.05 180 0 0
43.06 43.06 51.05 0 0 0
43.06 47.16 -51.05 180 0 0
43.06 47.16 51.05 0 0 0
43.06 51.05 -34.849999999999994 -90 0 0
43.06 51.05 -26.65 -90 0 0
43.06 51.05 -18.45 -90 0 0
43.06 51.05 -10.25 -90 0 0
43.06 51.05 -2.05 -90 0 0
43.06 51.05 6.1499999999999995 -90 0 0
43.06 51.05 14.349999999999998 -90 0 0
43.06 51.05 22.549999999999997 -90 0 0
43.06 51.05 30.749999999999996 -90 0 0
43.06 51.05 38.949999999999996 -90 0 0
43.06 51.26 -51.05 180 0 0
43.06 51.26 51.05 0 0 0
43.06 55.36 -51.05 180 0 0
43.06 55.36 51.05 0 0 0
43.06 59.459999999999994 -51.05 180 0 0
43.06 59.459999999999994 51.05 0 0 0
47.16 -51.05 -59.459999999999994 90 0 0
47.16 -51.05 -55.36 90 0 0
47.16 -51.05 -51.26 90 0 0
47.16 -51.05 -47.16 90 0 0
47.16 -51.05 -43.06 90 0 0
47.16 -51.05 -34.849999999999994 90 0 0
47.16 -51.05 -26.65 90 0 0
47.16 -51.05 -18.45 90 0 0
47.16 -51.05 -10.25 90 0 0
47.16 -51.05 -2.05 90 0 0
47.16 -51.05 6.1499999999999995 90 0 0
47.16 -51.05 14.349999999999998 90 0 0
47.16 -51.05 22.549999999999997 90 0 0
47.16 -51.05 30.749999999999996 90 0 0
47.16 -51.05 38.949999999999996 90 0 0
47.16 -51.05 43.06 90 0 0
47.16 -51.05 47.16 90 0 0
47.16 -51.05 51.26 90 0 0
47.16 -51.05 55.36 90 0 0
47.16 -51.05 59.459999999999994 90 0 0
47.16 -34.849999999999994 -51.05 180 0 0
47.16 -34.849999999999994 51.05 0 0 0
47.16 -26.65 -51.05 180 0 0
47.16 -26.65 51.05 0 0 0
47.16 -18.45 -51.05 180 0 0
47.16 -18.45 51.05 0 0 0
47.16 -10.25 -51.05 180 0 0
47.16 -10.25 51.05 0 0 0
47.16 -2.05 -51.05 180 0 0
47.16 -2.05 51.05 0 0 0
47.16 6.1499999999999995 -51.05 180 0 0
47.16 6.1499999999999995 51.05 0 0 0
47.16 14.349999999999998 -51.05 180 0 0
47.16 14.349999999999998 51.05 0 0 0
47.16 22.549999999999997 -51.05 180 0 0
47.16 22.549999999999997 51.05 0 0 0
47.16 30.749999999999996 -51.05 180 0 0
47.16 30.749999999999996 51.05 0 0 0
47.16 38.949999999999996 -51.05 180 0 0
47.16 38.949999999999996 51.05 0 0 0
47.16 51.05 -59.459999999999994 -90 0 0
47.16 51.05 -55.36 -90 0 0
47.16 51.05 -51.26 -90 0 0
47.16 51.05 -47.16 -90 0 0
47.16 51.05 -43.06 -90 0 0
47.16 51.05 -34.849999999999994 -90 0 0
47.16 51.05 -26.65 -90 0 0
47.16 51.05 -18.45 -90 0 0
47.16 51.05 -10.25 -90 0 0
47.16 51.05 -2.05 -90 0 0
47.16 51.05 6.1499999999999995 -90 0 0
47.16 51.05 14.349999999999998 -90 0 0
47.16 51.05 22.549999999999997 -90 0 0
47.16 51.05 30.749999999999996 -90 0 0
47.16 51.05 38.949999999999996 -90 0 0
47.16 51.05 43.06 -90 0 0
47.16 51.05 47.16 -90 0 0
47.16 51.05 51.26 -90 0 0
47.16 51.05 55.36 -90 0 0
47.16 51.05 59.459999999999994 -90 0 0
51.05 -59.459999999999994 -38.949999999999996 0 90 0
51.05 -59.459999999999994 -30.749999999999996 0 90 0
51.05 -59.459999999999994 -22.549999999999997 0 90 0
51.05 -59.459999999999994 -14.349999999999998 0 90 0
51.05 -59.459999999999994 -6.1499999999999995 0 90 0
51.05 -59.459999999999994 2.05 0 90 0
51.05 -59.459999999999994 10.25 0 90 0
51.05 -59.459999999999994 18.45 0 90 0
51.05 -59.459999999999994 26.65 0 90 0
51.05 -59.459999999999994 34.849999999999994 0 90 0
51.05 -55.36 -38.949999999999996 0 90 0
51.05 -55.36 -30.749999999999996 0 90 0
51.05 -55.36 -22.549999999999997 0 90 0
51.05 -55.36 -14.349999999999998 0 90 0
51.05 -55.36 -6.1499999999999995 0 90 0
51.05 -55.36 2.05 0 90 0
51.05 -55.36 10.25 0 90 0
51.05 -55.36 18.45 0 90 0
51.05 -55.36 26.65 0 90 0
51.05 -55.36 34.849999999999994 0 90 0
51.05 -51.26 -38.949999999999996 0 90 0
51.05 -51.26 -30.749999999999996 0 90 0
51.05 -51.26 -22.549999999999997 0 90 0
51.05 -51.26 -14.349999999999998 0 90 0
51.05 -51.26 -6.1499999999999995 0 90 0
51.05 -51.26 2.05 0 90 0
51.05 -51.26 10.25 0 90 0
51.05 -51.26 18.45 0 90 0
51.05 -51.26 26.65 0 90 0
51.05 -51.26 34.849999999999994 0 90 0
51.05 -47.16 -38.949999999999996 0 90 0
51.05 -47.16 -30.749999999999996 0 90 0
51.05 -47.16 -22.549999999999997 0 90 0
51.05 -47.16 -14.349999999999998 0 90 0
51.05 -47.16 -6.1499999999999995 0 90 0
51.05 -47.16 2.05 0 90 0
51.05 -47.16 10.25 0 90 0
51.05 -47.16 18.45 0 90 0
51.05 -47.16 26.65 0 90 0
51.05 -47.16 34.849999999999994 0 90 0
51.05 -43.06 -38.949999999999996 0 90 0
51.05 -43.06 -30.749999999999996 0 90 0
51.05 -43.06 -22.549999999999997 0 90 0
51.05 -43.06 -14.349999999999998 0 90 0
51.05 -43.06 -6.1499999999999995 0 90 0
51.05 -43.06 2.05 0 90 0
51.05 -43.06 10.25 0 90 0
51.05 -43.06 18.45 0 90 0
51.05 -43.06 26.65 0 90 0
51.05 -43.06 34.849999999999994 0 90 0
51.05 -38.949999999999996 -59.459999999999994 0 90 0
51.05 -38.949999999999996 -55.36 0 90 0
51.05 -38.949999999999996 -51.26 0 90 0
51.05 -38.949999999999996 -47.16 0 90 0
51.05 -38.949999999999996 -43.06 0 90 0
51.05 -38.949999999999996 -38.949999999999996 0 90 0
51.05 -38.949999999999996 -34.849999999999994 0 90 0
51.05 -38.949999999999996 -30.749999999999996 0 90 0
51.05 -38.949999999999996 -26.65 0 90 0
51.05 -38.949999999999996 -22.549999999999997 0 90 0
51.05 -38.949999999999996 -18.45 0 90 0
51.05 -38.949999999999996 -14.349999999999998 0 90 0
51.05 -38.949999999999996 -10.25 0 90 0
51.05 -38.949999999999996 -6.1499999999999995 0 90 0
51.05 -38.949999999999996 -2.05 0 90 0
51.05 -38.949999999999996 2.05 0 90 0
51.05 -38.949999999999996 6.1499999999999995 0 90 0
51.05 -38.949999999999996 10.25 0 90 0
51.05 -38.949999999999996 14.349999999999998 0 90 0
51.05 -38.949999999999996 18.45 0 90 0
51.05 -38.949999999999996 22.549999999999997 0 90 0
51.05 -38.949999999999996 26.65 0 90 0
51.05 -38.949999999999996 30.749999999999996 0 90 0
51.05 -38.949999999999996 34.849999999999994 0 90 0
51.05 -38.949999999999996 38.949999999999996 0 90 0
51.05 -38.949999999999996 43.06 0 90 0
51.05 -38.949999999999996 47.16 0 90 0
51.05 -38.949999999999996 51.26 0 90 0
51.05 -38.949999999999996 55.36 0 90 0
51.05 -38.949999999999996 59.459999999999994 0 90 0
51.05 -34.849999999999994 -38.949999999999996 0 90 0
51.05 -34.849999999999994 -34.849999999999994 0 90 0
51.05 -34.849999999999994 -30.749999999999996 0 90 0
51.05 -34.849999999999994 -26.65 0 90 0
51.05 -34.849999999999994 -22.549999999999997 0 90 0
51.05 -34.849999999999994 -18.45 0 90 0
51.05 -34.849999999999994 -14.349999999999998 0 90 0
51.05 -34.849999999999994 -10.25 0 90 0
51.05 -34.849999999999994 -6.1499999999999995 0 90 0
51.05 -34.849999999999994 -2.05 0 90 0
51.05 -34.849999999999994 2.05 0 90 0
51.05 -34.849999999999994 6.1499999999999995 0 90 0
51.05 -34.849999999999994 10.25 0 90 0
51.05 -34.849999999999994 14.349999999999998 0 90 0
51.05 -34.849999999999994 18.45 0 90 0
51.05 -34.849999999999994 22.549999999999997 0 90 0
51.05 -34.849999999999994 26.65 0 90 0
51.05 -34.849999999999994 30.749999999999996 0 90 0
51.05 -34.849999999999994 34.849999999999994 0 90 0
51.05 -34.849999999999994 38.949999999999996 0 90 0
51.05 -30.749999999999996 -59.459999999999994 0 90 0
51.05 -30.749999999999996 -55.36 0 90 0
51.05 -30.749999999999996 -51.26 0 90 0
51.05 -30.749999999999996 -47.16 0 90 0
51.05 -30.749999999999996 -43.06 0 90 0
51.05 -30.749999999999996 -38.949999999999996 0 90 0
51.05 -30.749999999999996 -34.849999999999994 0 90 0
51.05 -30.749999999999996 -30.749999999999996 0 90 0
51.05 -30.749999999999996 -26.65 0 90 0
51.05 -30.749999999999996 -22.549999999999997 0 90 0
51.05 -30.749999999999996 -18.45 0 90 0
51.05 -30.749999999999996 -14.349999999999998 0 90 0
51.05 -30.749999999999996 -10.25 0 90 0
51.05 -30.749999999999996 -6.1499999999999995 0 90 0
51.05 -30.749999999999996 -2.05 0 90 0
51.05 -30.749999999999996 2.05 0 90 0
51.05 -30.749999999999996 6.1499999999999995 0 90 0
51.05 -30.749999999999996 10.25 0 90 0
51.05 -30.749999999999996 14.349999999999998 0 90 0
51.05 -30.749999999999996 18.45 0 90 0
51.05 -30.749999999999996 22.549999999999997 0 90 0
51.05 -30.749999999999996 26.65 0 90 0
51.05 -30.749999999999996 30.749999999999996 0 90 0
51.05 -30.749999999999996 34.849999999999994 0 90 0
51.05 -30.749999999999996 38.949999999999996 0 90 0
51.05 -30.749999999999996 43.06 0 90 0
51.05 -30.749999999999996 47.16 0 90 0
51.05 -30.749999999999996 51.26 0 90 0
51.05 -30.749999999999996 55.36 0 90 0
51.05 -30.749999999999996 59.459999999999994 0 90 0
51.05 -26.65 -38.949999999999996 0 90 0
51.05 -26.65 -34.849999999999994 0 90 0
51.05 -26.65 -30.749999999999996 0 90 0
51.05 -26.65 -26.65 0 90 0
51.05 -26.65 -22.549999999999997 0 90 0
51.05 -26.65 -18.45 0 90 0
51.05 -26.65 -14.349999999999998 0 90 0
51.05 -26.65 -10.25 0 90 0
51.05 -26.65 -6.1499999999999995 0 90 0
51.05 -26.65 -2.05 0 90 0
51.05 -26.65 2.05 0 90 0
51.05 -26.65 6.1499999999999995 0 90 0
51.05 -26.65 10.25 0 90 0
51.05 -26.65 14.349999999999998 0 90 0
51.05 -26.65 18.45 0 90 0
51.05 -26.65 22.549999999999997 0 90 0
51.05 -26.65 26.65 0 90 0
51.05 -26.65 30.749999999999996 0 90 0
51.05 -26.65 34.849999999999994 0 90 0
51.05 -26.65 38.949999999999996 0 90 0
51.05 -22.549999999999997 -59.459999999999994 0 90 0
51.05 -22.549999999999997 -55.36 0 90 0
51.05 -22.549999999999997 -51.26 0 90 0
51.05 -22.549999999999997 -47.16 0 90 0
51.05 -22.549999999999997 -43.06 0 90 0
51.05 -22.549999999999997 -38.949999999999996 0 90 0
51.05 -22.549999999999997 -34.849999999999994 0 90 0
51.05 -22.549999999999997 -30.749999999999996 0 90 0
51.05 -22.549999999999997 -26.65 0 90 0
51.05 -22.549999999999997 -22.549999999999997 0 90 0
51.05 -22.549999999999997 -18.45 0 90 0
51.05 -22.549999999999997 -14.349999999999998 0 90 0
51.05 -22.549999999999997 -10.25 0 90 0
51.05 -22.549999999999997 -6.1499999999999995 0 90 0
51.05 -22.549999999999997 -2.05 0 90 0
51.05 -22.549999999999997 2.05 0 90 0
51.05 -22.549999999999997 6.1499999999999995 0 90 0
51.05 -22.549999999999997 10.25 0 90 0
51.05 -22.549999999999997 14.349999999999998 0 90 0
51.05 -22.549999999999997 18.45 0 90 0
51.05 -22.549999999999997 22.549999999999997 0 90 0
51.05 -22.549999999999997 26.65 0 90 0
51.05 -22.549999999999997 30.749999999999996 0 90 0
51.05 -22.549999999999997 34.849999999999994 0 90 0
51.05 -22.549999999999997 38.949999999999996 0 90 0
51.05 -22.549999999999997 43.06 0 90 0
51.05 -22.549999999999997 47.16 0 90 0
51.05 -22.549999999999997 51.26 0 90 0
51.05 -22.549999999999997 55.36 0 90 0
51.05 -22.549999999999997 59.459999999999994 0 90 0
51.05 -18.45 -38.949999999999996 0 90 0
51.05 -18.45 -34.849999999999994 0 90 0
51.05 -18.45 -30.749999999999996 0 90 0
51.05 -18.45 -26.65 0 90 0
51.05 -18.45 -22.549999999999997 0 90 0
51.05 -18.45 -18.45 0 90 0
51.05 -18.45 -14.349999999999998 0 90 0
51.05 -18.45 -10.25 0 90 0
51.05 -18.45 -6.1499999999999995 0 90 0
51.05 -18.45 -2.05 0 90 0
51.05 -18.45 2.05 0 90 0
51.05 -18.45 6.1499999999999995 0 90 0
51.05 -18.45 10.25 0 90 0
51.05 -18.45 14.349999999999998 0 90 0
51.05 -18.45 18.45 0 90 0
51.05 -18.45 22.549999999999997 0 90 0
51.05 -18.45 26.65 0 90 0
51.05 -18.45 30.749999999999996 0 90 0
51.05 -18.45 34.849999999999994 0 90 0
51.05 -18.45 38.949999999999996 0 90 0
51.05 -14.349999999999998 -59.459999999999994 0 90 0
51.05 -14.349999999999998 -55.36 0 90 0
51.05 -14.349999999999998 -51.26 0 90 0
51.05 -14.349999999999998 -47.16 0 90 0
51.05 -14.349999999999998 -43.06 0 90 0
51.05 -14.349999999999998 -38.949999999999996 0 90 0
51.05 -14.349999999999998 -34.849999999999994 0 90 0
51.05 -14.349999999999998 -30.749999999999996 0 90 0
51.05 -14.349999999999998 -26.65 0 90 0
51.05 -14.349999999999998 -22.549999999999997 0 90 0
51.05 -14.349999999999998 -18.45 0 90 0
51.05 -14.349999999999998 -14.349999999999998 0 90 0
51.05 -14.349999999999998 -10.25 0 90 0
51.05 -14.349999999999998 -6.1499999999999995 0 90 0
51.05 -14.349999999999998 -2.05 0 90 0
51.05 -14.349999999999998 2.05 0 90 0
51.05 -14.349999999999998 6.1499999999999995 0 90 0
51.05 -14.349999999999998 10.25 0 90 0
51.05 -14.349999999999998 14.349999999999998 0 90 0
51.05 -14.349999999999998 18.45 0 90 0
51.05 -14.349999999999998 22.549999999999997 0 90 0
51.05 -14.349999999999998 26.65 0 90 0
51.05 -14.349999999999998 30.749999999999996 0 90 0
51.05 -14.349999999999998 34.849999999999994 0 90 0
51.05 -14.349999999999998 38.949999999999996 0 90 0
51.05 -14.349999999999998 43.06 0 90 0
51.05 -14.349999999999998 47.16 0 90 0
51.05 -14.349999999999998 51.26 0 90 0
51.05 -14.349999999999998 55.36 0 90 0
51.05 -14.349999999999998 59.459999999999994 0 90 0
51.05 -10.25 -38.949999999999996 0 90 0
51.05 -10.25 -34.849999999999994 0 90 0
51.05 -10.25 -30.749999999999996 0 90 0
51.05 -10.25 -26.65 0 90 0
51.05 -10.25 -22.549999999999997 0 90 0
51.05 -10.25 -18.45 0 90 0
51.05 -10.25 -14.349999999999998 0 90 0
51.05 -10.25 -10.25 0 90 0
51.05 -10.25 -6.1499999999999995 0 90 0
51.05 -10.25 -2.05 0 90 0
51.05 -10.25 2.05 0 90 0
51.05 -10.25 6.1499999999999995 0 90 0
51.05 -10.25 10.25 0 90 0
51.05 -10.25 14.349999999999998 0 90 0
51.05 -10.25 18.45 0 90 0
51.05 -10.25 22.549999999999997 0 90 0
51.05 -10.25 26.65 0 90 0
51.05 -10.25 30.749999999999996 0 90 0
51.05 -10.25 34.849999999999994 0 90 0
51.05 -10.25 38.949999999999996 0 90 0
51.05 -6.1499999999999995 -59.459999999999994 0 90 0
51.05 -6.1499999999999995 -55.36 0 90 0
51.05 -6.1499999999999995 -51.26 0 90 0
51.05 -6.1499999999999995 -47.16 0 90 0
51.05 -6.1499999999999995 -43.06 0 90 0
51.05 -6.1499999999999995 -38.949999999999996 0 90 0
51.05 -6.1499999999999995 -34.849999999999994 0 90 0
51.05 -6.1499999999999995 -30.749999999999996 0 90 0
51.05 -6.1499999999999995 -26.65 0 90 0
51.05 -6.1499999999999995 -22.549999999999997 0 90 0
51.05 -6.1499999999999995 -18.45 0 90 0
51.05 -6.1499999999999995 -14.349999999999998 0 90 0
51.05 -6.1499999999999995 -10.25 0 90 0
51.05 -6.1499999999999995 -6.1499999999999995 0 90 0
51.05 -6.1499999999999995 -2.05 0 90 0
51.05 -6.1499999999999995 2.05 0 90 0
51.05 -6.1499999999999995 6.1499999999999995 0 90 0
51.05 -6.1499999999999995 10.25 0 90 0
51.05 -6.1499999999999995 14.349999999999998 0 90 0
51.05 -6.1499999999999995 18.45 0 90 0
51.05 -6.1499999999999995 22.549999999999997 0 90 0
51.05 -6.1499999999999995 26.65 0 90 0
51.05 -6.1499999999999995 30.749999999999996 0 90 0
51.05 -6.1499999999999995 34.849999999999994 0 90 0
51.05 -6.1499999999999995 38.949999999999996 0 90 0
51.05 -6.1499999999999995 43.06 0 90 0
51.05 -6.1499999999999995 47.16 0 90 0
51.05 -6.1499999999999995 51.26 0 90 0
51.05 -6.1499999999999995 55.36 0 90 0
51.05 -6.1499999999999995 59.459999999999994 0 90 0
51.05 -2.05 -38.949999999999996 0 90 0
51.05 -2.05 -34.849999999999994 0 90 0
51.05 -2.05 -30.749999999999996 0 90 0
51.05 -2.05 -26.65 0 90 0
51.05 -2.05 -22.549999999999997 0 90 0
51.05 -2.05 -18.45 0 90 0
51.05 -2.05 -14.349999999999998 0 90 0
51.05 -2.05 -10.25 0 90 0
51.05 -2.05 -6.1499999999999995 0 90 0
51.05 -2.05 -2.05 0 90 0
51.05 -2.05 2.05 0 90 0
51.05 -2.05 6.1499999999999995 0 90 0
51.05 -2.05 10.25 0 90 0
51.05 -2.05 14.349999999999998 0 90 0
51.05 -2.05 18.45 0 90 0
51.05 -2.05 22.549999999999997 0 90 0
51.05 -2.05 26.65 0 90 0
51.05 -2.05 30.749999999999996 0 90 0
51.05 -2.05 34.849999999999994 0 90 0
51.05 -2.05 38.949999999999996 0 90 0
51.05 2.05 -59.459999999999994 0 90 0
51.05 2.05 -55.36 0 90 0
51.05 2.05 -51.26 0 90 0
51.05 2.05 -47.16 0 90 0
51.05 2.05 -43.06 0 90 0
51.05 2.05 -38.949999999999996 0 90 0
51.05 2.05 -34.849999999999994 0 90 0
51.05 2.05 -30.749999999999996 0 90 0
51.05 2.05 -26.65 0 90 0
51.05 2.05 -22.549999999999997 0 90 0
51.05 2.05 -18.45 0 90 0
51.05 2.05 -14.349999999999998 0 90 0
51.05 2.05 -10.25 0 90 0
51.05 2.05 -6.1499999999999995 0 90 0
51.05 2.05 -2.05 0 90 0
51.05 2.05 2.05 0 90 0
51.05 2.05 6.1499999999999995 0 90 0
51.05 2.05 10.25 0 90 0
51.05 2.05 14.349999999999998 0 90 0
51.05 2.05 18.45 0 90 0
51.05 2.05 22.549999999999997 0 90 0
51.05 2.05 26.65 0 90 0
51.05 2.05 30.749999999999996 0 90 0
51.05 2.05 34.849999999999994 0 90 0
51.05 2.05 38.949999999999996 0 90 0
51.05 2.05 43.06 0 90 0
51.05 2.05 47.16 0 90 0
51.05 2.05 51.26 0 90 0
51.05 2.05 55.36 0 90 0
51.05 2.05 59.459999999999994 0 90 0
51.05 6.1499999999999995 -38.949999999999996 0 90 0
51.05 6.1499999999999995 -34.849999999999994 0 90 0
51.05 6.1499999999999995 -30.749999999999996 0 90 0
51.05 6.1499999999999995 -26.65 0 90 0
51.05 6.1499999999999995 -22.549999999999997 0 90 0
51.05 6.1499999999999995 -18.45 0 90 0
51.05 6.1499999999999995 -14.349999999999998 0 90 0
51.05 6.1499999999999995 -10.25 0 90 0
51.05 6.1499999999999995 -6.1499999999999995 0 90 0
51.05 6.1499999999999995 -2.05 0 90 0
51.05 6.1499999999999995 2.05 0 90 0
51.05 6.1499999999999995 6.1499999999999995 0 90 0
51.05 6.1499999999999995 10.25 0 90 0
51.05 6.1499999999999995 14.349999999999998 0 90 0
51.05 6.1499999999999995 18.45 0 90 0
51.05 6.1499999999999995 22.549999999999997 0 90 0
51.05 6.1499999999999995 26.65 0 90 0
51.05 6.1499999999999995 30.749999999999996 0 90 0
51.05 6.1499999999999995 34.849999999999994 0 90 0
51.05 6.1499999999999995 38.949999999999996 0 90 0
51.05 10.25 -59.459999999999994 0 90 0
51.05 10.25 -55.36 0 90 0
51.05 10.25 -51.26 0 90 0
51.05 10.25 -47.16 0 90 0
51.05 10.25 -43.06 0 90 0
51.05 10.25 -38.949999999999996 0 90 0
51.05 10.25 -34.849999999999994 0 90 0
51.05 10.25 -30.749999999999996 0 90 0
51.05 10.25 -26.65 0 90 0
51.05 10.25 -22.549999999999997 0 90 0
51.05 10.25 -18.45 0 90 0
51.05 10.25 -14.349999999999998 0 90 0
51.05 10.25 -10.25 0 90 0
51.05 10.25 -6.1499999999999995 0 90 0
51.05 10.25 -2.05 0 90 0
51.05 10.25 2.05 0 90 0
51.05 10.25 6.1499999999999995 0 90 0
51.05 10.25 10.25 0 90 0
51.05 10.25 14.349999999999998 0 90 0
51.05 10.25 18.45 0 90 0
51.05 10.25 22.549999999999997 0 90 0
51.05 10.25 26.65 0 90 0
51.05 10.25 30.749999999999996 0 90 0
51.05 10.25 34.849999999999994 0 90 0
51.05 10.25 38.949999999999996 0 90 0
51.05 10.25 43.06 0 90 0
51.05 10.25 47.16 0 90 0
51.05 10.25 51.26 0 90 0
51.05 10.25 55.36 0 90 0
51.05 10.25 59.459999999999994 0 90 0
51.05 14.349999999999998 -38.949999999999996 0 90 0
51.05 14.349999999999998 -34.849999999999994 0 90 0
51.05 14.349999999999998 -30.749999999999996 0 90 0
51.05 14.349999999999998 -26.65 0 90 0
51.05 14.349999999999998 -22.549999999999997 0 90 0
51.05 14.349999999999998 -18.45 0 90 0
51.05 14.349999999999998 -14.349999999999998 0 90 0
51.05 14.349999999999998 -10.25 0 90 0
51.05 14.349999999999998 -6.1499999999999995 0 90 0
51.05 14.349999999999998 -2.05 0 90 0
51.05 14.349999999999998 2.05 0 90 0
51.05 14.349999999999998 6.1499999999999995 0 90 0
51.05 14.349999999999998 10.25 0 90 0
51.05 14.349999999999998 14.349999999999998 0 90 0
51.05 14.349999999999998 18.45 0 90 0
51.05 14.349999999999998 22.549999999999997 0 90 0
51.05 14.349999999999998 26.65 0 90 0
51.05 14.349999999999998 30.749999999999996 0 90 0
51.05 14.349999999999998 34.849999999999994 0 90 0
51.05 14.349999999999998 38.949999999999996 0 90 0
51.05 18.45 -59.459999999999994 0 90 0
51.05 18.45 -55.36 0 90 0
51.05 18.45 -51.26 0 90 0
51.05 18.45 -47.16 0 90 0
51.05 18.45 -43.06 0 90 0
51.05 18.45 -38.949999999999996 0 90 0
51.05 18.45 -34.849999999999994 0 90 0
51.05 18.45 -30.749999999999996 0 90 0
51.05 18.45 -26.65 0 90 0
51.05 18.45 -22.549999999999997 0 90 0
51.05 18.45 -18.45 0 90 0
51.05 18.45 -14.349999999999998 0 90 0
51.05 18.45 -10.25 0 90 0
51.05 18.45 -6.1499999999999995 0 90 0
51.05 18.45 -2.05 0 90 0
51.05 18.45 2.05 0 90 0
51.05 18.45 6.1499999999999995 0 90 0
51.05 18.45 10.25 0 90 0
51.05 18.45 14.349999999999998 0 90 0
51.05 18.45 18.45 0 90 0
51.05 18.45 22.549999999999997 0 90 0
51.05 18.45 26.65 0 90 0
51.05 18.45 30.749999999999996 0 90 0
51.05 18.45 34.849999999999994 0 90 0
51.05 18.45 38.949999999999996 0 90 0
51.05 18.45 43.06 0 90 0
51.05 18.45 47.16 0 90 0
51.05 18.45 51.26 0 90 0
51.05 18.45 55.36 0 90 0
51.05 18.45 59.459999999999994 0 90 0
51.05 22.549999999999997 -38.949999999999996 0 90 0
51.05 22.549999999999997 -34.849999999999994 0 90 0
51.05 22.549999999999997 -30.749999999999996 0 90 0
51.05 22.549999999999997 -26.65 0 90 0
51.05 22.549999999999997 -22.549999999999997 0 90 0
51.05 22.549999999999997 -18.45 0 90 0
51.05 22.549999999999997 -14.349999999999998 0 90 0
51.05 22.549999999999997 -10.25 0 90 0
51.05 22.549999999999997 -6.1499999999999995 0 90 0
51.05 22.549999999999997 -2.05 0 90 0
51.05 22.549999999999997 2.05 0 90 0
51.05 22.549999999999997 6.1499999999999995 0 90 0
51.05 22.549999999999997 10.25 0 90 0
51.05 22.549999999999997 14.349999999999998 0 90 0
51.05 22.549999999999997 18.45 0 90 0
51.05 22.549999999999997 22.549999999999997 0 90 0
51.05 22.549999999999997 26.65 0 90 0
51.05 22.549999999999997 30.749999999999996 0 90 0
51.05 22.549999999999997 34.849999999999994 0 90 0
51.05 22.549999999999997 38.949999999999996 0 90 0
51.05 26.65 -59.459999999999994 0 90 0
51.05 26.65 -55.36 0 90 0
51.05 26.65 -51.26 0 90 0
51.05 26.65 -47.16 0 90 0
51.05 26.65 -43.06 0 90 0
51.05 26.65 -38.949999999999996 0 90 0
51.05 26.65 -34.849999999999994 0 90 0
51.05 26.65 -30.749999999999996 0 90 0
51.05 26.65 -26.65 0 90 0
51.05 26.65 -22.549999999999997 0 90 0
51.05 26.65 -18.45 0 90 0
51.05 26.65 -14.349999999999998 0 90 0
51.05 26.65 -10.25 0 90 0
51.05 26.65 -6.1499999999999995 0 90 0
51.05 26.65 -2.05 0 90 0
51.05 26.65 2.05 0 90 0
51.05 26.65 6.1499999999999995 0 90 0
51.05 26.65 10.25 0 90 0
51.05 26.65 14.349999999999998 0 90 0
51.05 26.65 18.45 0 90 0
51.05 26.65 22.549999999999997 0 90 0
51.05 26.65 26.65 0 90 0
51.05 26.65 30.749999999999996 0 90 0
51.05 26.65 34.849999999999994 0 90 0
51.05 26.65 38.949999999999996 0 90 0
51.05 26.65 43.06 0 90 0
51.05 26.65 47.16 0 90 0
51.05 26.65 51.26 0 90 0
51.05 26.65 55.36 0 90 0
51.05 26.65 59.459999999999994 0 90 0
51.05 30.749999999999996 -38.949999999999996 0 90 0
51.05 30.749999999999996 -34.849999999999994 0 90 0
51.05 30.749999999999996 -30.749999999999996 0 90 0
51.05 30.749999999999996 -26.65 0 90 0
51.05 30.749999999999996 -22.549999999999997 0 90 0
51.05 30.749999999999996 -18.45 0 90 0
51.05 30.749999999999996 -14.349999999999998 0 90 0
51.05 30.749999999999996 -10.25 0 90 0
51.05 30.749999999999996 -6.1499999999999995 0 90 0
51.05 30.749999999999996 -2.05 0 90 0
51.05 30.749999999999996 2.05 0 90 0
51.05 30.749999999999996 6.1499999999999995 0 90 0
51.05 30.749999999999996 10.25 0 90 0
51.05 30.749999999999996 14.349999999999998 0 90 0
51.05 30.749999999999996 18.45 0 90 0
51.05 30.749999999999996 22.549999999999997 0 90 0
51.05 30.749999999999996 26.65 0 90 0
51.05 30.749999999999996 30.749999999999996 0 90 0
51.05 30.749999999999996 34.849999999999994 0 90 0
51.05 30.749999999999996 38.949999999999996 0 90 0
51.05 34.849999999999994 -59.459999999999994 0 90 0
51.05 34.849999999999994 -55.36 0 90 0
51.05 34.849999999999994 -51.26 0 90 0
51.05 34.849999999999994 -47.16 0 90 0
51.05 34.849999999999994 -43.06 0 90 0
51.05 34.849999999999994 -38.949999999999996 0 90 0
51.05 34.849999999999994 -34.849999999999994 0 90 0
51.05 34.849999999999994 -30.749999999999996 0 90 0
51.05 34.849999999999994 -26.65 0 90 0
51.05 34.849999999999994 -22.549999999999997 0 90 0
51.05 34.849999999999994 -18.45 0 90 0
51.05 34.849999999999994 -14.349999999999998 0 90 0
51.05 34.849999999999994 -10.25 0 90 0
51.05 34.849999999999994 -6.1499999999999995 0 90 0
51.05 34.849999999999994 -2.05 0 90 0
51.05 34.849999999999994 2.05 0 90 0
51.05 34.849999999999994 6.1499999999999995 0 90 0
51.05 34.849999999999994 10.25 0 90 0
51.05 34.849999999999994 14.349999999999998 0 90 0
51.05 34.849999999999994 18.45 0 90 0
51.05 34.849999999999994 22.549999999999997 0 90 0
51.05 34.849999999999994 26.65 0 90 0
51.05 34.849999999999994 30.749999999999996 0 90 0
51.05 34.849999999999994 34.849999999999994 0 90 0
51.05 34.849999999999994 38.949999999999996 0 90 0
51.05 34.849999999999994 43.06 0 90 0
51.05 34.849999999999994 47.16 0 90 0
51.05 34.849999999999994 51.26 0 90 0
51.05 34.849999999999994 55.36 0 90 0
51.05 34.849999999999994 59.459999999999994 0 90 0
51.05 38.949999999999996 -38.949999999999996 0 90 0
51.05 38.949999999999996 -34.849999999999994 0 90 0
51.05 38.949999999999996 -30.749999999999996 0 90 0
51.05 38.949999999999996 -26.65 0 90 0
51.05 38.949999999999996 -22.549999999999997 0 90 0
51.05 38.949999999999996 -18.45 0 90 0
51.05 38.949999999999996 -14.349999999999998 0 90 0
51.05 38.949999999999996 -10.25 0 90 0
51.05 38.949999999999996 -6.1499999999999995 0 90 0
51.05 38.949999999999996 -2.05 0 90 0
51.05 38.949999999999996 2.05 0 90 0
51.05 38.949999999999996 6.1499999999999995 0 90 0
51.05 38.949999999999996 10.25 0 90 0
51.05 38.949999999999996 14.349999999999998 0 90 0
51.05 38.949999999999996 18.45 0 90 0
51.05 38.949999999999996 22.549999999999997 0 90 0
51.05 38.949999999999996 26.65 0 90 0
51.05 38.949999999999996 30.749999999999996 0 90 0
51.05 38.949999999999996 34.849999999999994 0 90 0
51.05 38.949999999999996 38.949999999999996 0 90 0
51.05 43.06 -38.949999999999996 0 90 0
51.05 43.06 -30.749999999999996 0 90 0
51.05 43.06 -22.549999999999997 0 90 0
51.05 43.06 -14.349999999999998 0 90 0
51.05 43.06 -6.1499999999999995 0 90 0
51.05 43.06 2.05 0 90 0
51.05 43.06 10.25 0 90 0
51.05 43.06 18.45 0 90 0
51.05 43.06 26.65 0 90 0
51.05 43.06 34.849999999999994 0 90 0
51.05 47.16 -38.949999999999996 0 90 0
51.05 47.16 -30.749999999999996 0 90 0
51.05 47.16 -22.549999999999997 0 90 0
51.05 47.16 -14.349999999999998 0 90 0
51.05 47.16 -6.1499999999999995 0 90 0
51.05 47.16 2.05 0 90 0
51.05 47.16 10.25 0 90 0
51.05 47.16 18.45 0 90 0
51.05 47.16 26.65 0 90 0
51.05 47.16 34.849999999999994 0 90 0
51.05 51.26 -38.949999999999996 0 90 0
51.05 51.26 -30.749999999999996 0 90 0
51.05 51.26 -22.549999999999997 0 90 0
51.05 51.26 -14.349999999999998 0 90 0
51.05 51.26 -6.1499999999999995 0 90 0
51.05 51.26 2.05 0 90 0
51.05 51.26 10.25 0 90 0
51.05 51.26 18.45 0 90 0
51.05 51.26 26.65 0 90 0
51.05 51.26 34.849999999999994 0 90 0
51.05 55.36 -38.949999999999996 0 90 0
51.05 55.36 -30.749999999999996 0 90 0
51.05 55.36 -22.549999999999997 0 90 0
51.05 55.36 -14.349999999999998 0 90 0
51.05 55.36 -6.1499999999999995 0 90 0
51.05 55.36 2.05 0 90 0
51.05 55.36 10.25 0 90 0
51.05 55.36 18.45 0 90 0
51.05 55.36 26.65 0 90 0
51.05 55.36 34.849999999999994 0 90 0
51.05 59.459999999999994 -38.949999999999996 0 90 0
51.05 59.459999999999994 -30.749999999999996 0 90 0
51.05 59.459999999999994 -22.549999999999997 0 90 0
51.05 59.459999999999994 -14.349999999999998 0 90 0
51.05 59.459999999999994 -6.1499999999999995 0 90 0
51.05 59.459999999999994 2.05 0 90 0
51.05 59.459999999999994 10.25 0 90 0
51.05 59.459999999999994 18.45 0 90 0
51.05 59.459999999999994 26.65 0 90 0
51.05 59.459999999999994 34.849999999999994 0 90 0
51.26 -59.459999999999994 -51.05 180 0 0
51.26 -59.459999999999994 51.05 0 0 0
51.26 -55.36 -51.05 180 0 0
51.26 -55.36 51.05 0 0 0
51.26 -51.26 -51.05 180 0 0
51.26 -51.26 51.05 0 0 0
51.26 -51.05 -34.849999999999994 90 0 0
51.26 -51.05 -26.65 90 0 0
51.26 -51.05 -18.45 90 0 0
51.26 -51.05 -10.25 90 0 0
51.26 -51.05 -2.05 90 0 0
51.26 -51.05 6.1499999999999995 90 0 0
51.26 -51.05 14.349999999999998 90 0 0
51.26 -51.05 22.549999999999997 90 0 0
51.26 -51.05 30.749999999999996 90 0 0
51.26 -51.05 38.949999999999996 90 0 0
51.26 -47.16 -51.05 180 0 0
51.26 -47.16 51.05 0 0 0
51.26 -43.06 -51.05 180 0 0
51.26 -43.06 51.05 0 0 0
51.26 -34.849999999999994 -51.05 180 0 0
51.26 -34.849999999999994 51.05 0 0 0
51.26 -26.65 -51.05 180 0 0
51.26 -26.65 51.05 0 0 0
51.26 -18.45 -51.05 180 0 0
51.26 -18.45 51.05 0 0 0
51.26 -10.25 -51.05 180 0 0
51.26 -10.25 51.05 0 0 0
51.26 -2.05 -51.05 180 0 0
51.26 -2.05 51.05 0 0 0
51.26 6.1499999999999995 -51.05 180 0 0
51.26 6.1499999999999995 51.05 0 0 0
51.26 14.349999999999998 -51.05 180 0 0
51.26 14.349999999999998 51.05 0 0 0
51.26 22.549999999999997 -51.05 180 0 0
51.26 22.549999999999997 51.05 0 0 0
51.26 30.749999999999996 -51.05 180 0 0
51.26 30.749999999999996 51.05 0 0 0
51.26 38.949999999999996 -51.05 180 0 0
51.26 38.949999999999996 51.05 0 0 0
51.26 43.06 -51.05 180 0 0
51.26 43.06 51.05 0 0 0
51.26 47.16 -51.05 180 0 0
51.26 47.16 51.05 0 0 0
51.26 51.05 -34.849999999999994 -90 0 0
51.26 51.05 -26.65 -90 0 0
51.26 51.05 -18.45 -90 0 0
51.26 51.05 -10.25 -90 0 0
51.26 51.05 -2.05 -90 0 0
51.26 51.05 6.1499999999999995 -90 0 0
51.26 51.05 14.349999999999998 -90 0 0
51.26 51.05 22.549999999999997 -90 0 0
51.26 51.05 30.749999999999996 -90 0 0
51.26 51.05 38.949999999999996 -90 0 0
51.26 51.26 -51.05 180 0 0
51.26 51.26 51.05 0 0 0
51.26 55.36 -51.05 180 0 0
51.26 55.36 51.05 0 0 0
51.26 59.459999999999994 -51.05 180 0 0
51.26 59.459999999999994 51.05 0 0 0
55.36 -51.05 -59.459999999999994 90 0 0
55.36 -51.05 -55.36 90 0 0
55.36 -51.05 -51.26 90 0 0
55.36 -51.05 -47.16 90 0 0
55.36 -51.05 -43.06 90 0 0
55.36 -51.05 -34.849999999999994 90 0 0
55.36 -51.05 -26.65 90 0 0
55.36 -51.05 -18.45 90 0 0
55.36 -51.05 -10.25 90 0 0
55.36 -51.05 -2.05 90 0 0
55.36 -51.05 6.1499999999999995 90 0 0
55.36 -51.05 14.349999999999998 90 0 0
55.36 -51.05 22.549999999999997 90 0 0
55.36 -51.05 30.749999999999996 90 0 0
55.36 -51.05 38.949999999999996 90 0 0
55.36 -51.05 43.06 90 0 0
55.36 -51.05 47.16 90 0 0
55.36 -51.05 51.26 90 0 0
55.36 -51.05 55.36 90 0 0
55.36 -51.05 59.459999999999994 90 0 0
55.36 -34.849999999999994 -51.05 180 0 0
55.36 -34.849999999999994 51.05 0 0 0
55.36 -26.65 -51.05 180 0 0
55.36 -26.65 51.05 0 0 0
55.36 -18.45 -51.05 180 0 0
55.36 -18.45 51.05 0 0 0
55.36 -10.25 -51.05 180 0 0
55.36 -10.25 51.05 0 0 0
55.36 -2.05 -51.05 180 0 0
55.36 -2.05 51.05 0 0 0
55.36 6.1499999999999995 -51.05 180 0 0
55.36 6.1499999999999995 51.05 0 0 0
55.36 14.349999999999998 -51.05 180 0 0
55.36 14.349999999999998 51.05 0 0 0
55.36 22.549999999999997 -51.05 180 0 0
55.36 22.549999999999997 51.05 0 0 0
55.36 30.749999999999996 -51.05 180 0 0
55.36 30.749999999999996 51.05 0 0 0
55.36 38.949999999999996 -51.05 180 0 0
55.36 38.949999999999996 51.05 0 0 0
55.36 51.05 -59.459999999999994 -90 0 0
55.36 51.05 -55.36 -90 0 0
55.36 51.05 -51.26 -90 0 0
55.36 51.05 -47.16 -90 0 0
55.36 51.05 -43.06 -90 0 0
55.36 51.05 -34.849999999999994 -90 0 0
55.36 51.05 -26.65 -90 0 0
55.36 51.05 -18.45 -90 0 0
55.36 51.05 -10.25 -90 0 0
55.36 51.05 -2.05 -90 0 0
55.36 51.05 6.1499999999999995 -90 0 0
55.36 51.05 14.349999999999998 -90 0 0
55.36 51.05 22.549999999999997 -90 0 0
55.36 51.05 30.749999999999996 -90 0 0
55.36 51.05 38.949999999999996 -90 0 0
55.36 51.05 43.06 -90 0 0
55.36 51.05 47.16 -90 0 0
55.36 51.05 51.26 -90 0 0
55.36 51.05 55.36 -90 0 0
55.36 51.05 59.459999999999994 -90 0 0
59.459999999999994 -59.459999999999994 -51.05 180 0 0
59.459999999999994 -59.459999999999994 51.05 0 0 0
59.459999999999994 -55.36 -51.05 180 0 0
59.459999999999994 -55.36 51.05 0 0 0
59.459999999999994 -51.26 -51.05 180 0 0
59.459999999999994 -51.26 51.05 0 0 0
59.459999999999994 -51.05 -34.849999999999994 90 0 0
59.459999999999994 -51.05 -26.65 90 0 0
59.459999999999994 -51.05 -18.45 90 0 0
59.459999999999994 -51.05 -10.25 90 0 0
59.459999999999994 -51.05 -2.05 90 0 0
59.459999999999994 -51.05 6.1499999999999995 90 0 0
59.459999999999994 -51.05 14.349999999999998 90 0 0
59.459999999999994 -51.05 22.549999999999997 90 0 0
59.459999999999994 -51.05 30.749999999999996 90 0 0
59.459999999999994 -51.05 38.949999999999996 90 0 0
59.459999999999994 -47.16 -51.05 180 0 0
59.459999999999994 -47.16 51.05 0 0 0
59.459999999999994 -43.06 -51.05 180 0 0
59.459999999999994 -43.06 51.05 0 0 0
59.459999999999994 -34.849999999999994 -51.05 180 0 0
59.459999999999994 -34.849999999999994 51.05 0 0 0
59.459999999999994 -26.65 -51.05 180 0 0
59.459999999999994 -26.65 51.05 0 0 0
59.459999999999994 -18.45 -51.05 180 0 0
59.459999999999994 -18.45 51.05 0 0 0
59.459999999999994 -10.25 -51.05 180 0 0
59.459999999999994 -10.25 51.05 0 0 0
59.459999999999994 -2.05 -51.05 180 0 0
59.459999999999994 -2.05 51.05 0 0 0
59.459999999999994 6.1499999999999995 -51.05 180 0 0
59.459999999999994 6.1499999999999995 51.05 0 0 0
59.459999999999994 14.349999999999998 -51.05 180 0 0
59.459999999999994 14.349999999999998 51.05 0 0 0
59.459999999999994 22.549999999999997 -51.05 180 0 0
59.459999999999994 22.549999999999997 51.05 0 0 0
59.459999999999994 30.749999999999996 -51.05 180 0 0
59.459999999999994 30.749999999999996 51.05 0 0 0
59.459999999999994 38.949999999999996 -51.05 180 0 0
59.459999999999994 38.949999999999996 51.05 0 0 0
59.459999999999994 43.06 -51.05 180 0 0
59.459999999999994 43.06 51.05 0 0 0
59.459999999999994 47.16 -51.05 180 0 0
59.459999999999994 47.16 51.05 0 0 0
59.459999999999994 51.05 -34.849999999999994 -90 0 0
59.459999999999994 51.05 -26.65 -90 0 0
59.459999999999994 51.05 -18.45 -90 0 0
59.459999999999994 51.05 -10.25 -90 0 0
59.459999999999994 51.05 -2.05 -90 0 0
59.459999999999994 51.05 6.1499999999999995 -90 0 0
59.459999999999994 51.05 14.349999999999998 -90 0 0
59.459999999999994 51.05 22.549999999999997 -90 0 0
59.459999999999994 51.05 30.749999999999996 -90 0 0
59.459999999999994 51.05 38.949999999999996 -90 0 0
59.459999999999994 51.26 -51.05 180 0 0
59.459999999999994 51.26 51.05 0 0 0
59.459999999999994 55.36 -51.05 180 0 0
59.459999999999994 55.36 51.05 0 0 0
59.459999999999994 59.459999999999994 -51.05 180 0 0
59.459999999999994 59.459999999999994 51.05 0 0 0
