-51.05 -38.949999999999996 -38.949999999999996 0 -90 0
-51.05 -38.949999999999996 -34.849999999999994 0 -90 0
-51.05 -38.949999999999996 -30.749999999999996 0 -90 0
-51.05 -38.949999999999996 -26.65 0 -90 0
-51.05 -38.949999999999996 -22.549999999999997 0 -90 0
-51.05 -38.949999999999996 -18.45 0 -90 0
-51.05 -38.949999999999996 -14.349999999999998 0 -90 0
-51.05 -38.949999999999996 -10.25 0 -90 0
-51.05 -38.949999999999996 -6.1499999999999995 0 -90 0
-51.05 -38.949999999999996 -2.05 0 -90 0
-51.05 -38.949999999999996 2.05 0 -90 0
-51.05 -38.949999999999996 6.1499999999999995 0 -90 0
-51.05 -38.949999999999996 10.25 0 -90 0
-51.05 -38.949999999999996 14.349999999999998 0 -90 0
-51.05 -38.949999999999996 18.45 0 -90 0
-51.05 -38.949999999999996 22.549999999999997 0 -90 0
-51.05 -38.949999999999996 26.65 0 -90 0
-51.05 -38.949999999999996 30.749999999999996 0 -90 0
-51.05 -38.949999999999996 34.849999999999994 0 -90 0
-51.05 -38.949999999999996 38.949999999999996 0 -90 0
-51.05 -34.849999999999994 -38.949999999999996 0 -90 0
-51.05 -34.849999999999994 -34.849999999999994 0 -90 0
-51.05 -34.849999999999994 -30.749999999999996 0 -90 0
-51.05 -34.849999999999994 -26.65 0 -90 0
-51.05 -34.849999999999994 -22.549999999999997 0 -90 0
-51.05 -34.849999999999994 -18.45 0 -90 0
-51.05 -34.849999999999994 -14.349999999999998 0 -90 0
-51.05 -34.849999999999994 -10.25 0 -90 0
-51.05 -34.849999999999994 -6.1499999999999995 0 -90 0
-51.05 -34.849999999999994 -2.05 0 -90 0
-51.05 -34.849999999999994 2.05 0 -90 0
-51.05 -34.849999999999994 6.1499999999999995 0 -90 0
-51.05 -34.849999999999994 10.25 0 -90 0
-51.05 -34.849999999999994 14.349999999999998 0 -90 0
-51.05 -34.849999999999994 18.45 0 -90 0
-51.05 -34.849999999999994 22.549999999999997 0 -90 0
-51.05 -34.849999999999994 26.65 0 -90 0
-51.05 -34.849999999999994 30.749999999999996 0 -90 0
-51.05 -34.849999999999994 34.849999999999994 0 -90 0
-51.05 -34.849999999999994 38.949999999999996 0 -90 0
-51.05 -30.749999999999996 -38.949999999999996 0 -90 0
-51.05 -30.749999999999996 -34.849999999999994 0 -90 0
-51.05 -30.749999999999996 -30.749999999999996 0 -90 0
-51.05 -30.749999999999996 -26.65 0 -90 0
-51.05 -30.749999999999996 -22.549999999999997 0 -90 0
-51.05 -30.749999999999996 -18.45 0 -90 0
-51.05 -30.749999999999996 -14.349999999999998 0 -90 0
-51.05 -30.749999999999996 -10.25 0 -90 0
-51.05 -30.749999999999996 -6.1499999999999995 0 -90 0
-51.05 -30.749999999999996 -2.05 0 -90 0
-51.05 -30.749999999999996 2.05 0 -90 0
-51.05 -30.749999999999996 6.1499999999999995 0 -90 0
-51.05 -30.749999999999996 10.25 0 -90 0
-51.05 -30.749999999999996 14.349999999999998 0 -90 0
-51.05 -30.749999999999996 18.45 0 -90 0
-51.05 -30.749999999999996 22.549999999999997 0 -90 0
-51.05 -30.749999999999996 26.65 0 -90 0
-51.05 -30.749999999999996 30.749999999999996 0 -90 0
-51.05 -30.749999999999996 34.849999999999994 0 -90 0
-51.05 -30.749999999999996 38.949999999999996 0 -90 0
-51.05 -26.65 -38.949999999999996 0 -90 0
-51.05 -26.65 -34.849999999999994 0 -90 0
-51.05 -26.65 -30.749999999999996 0 -90 0
-51.05 -26.65 -26.65 0 -90 0
-51.05 -26.65 -22.549999999999997 0 -90 0
-51.05 -26.65 -18.45 0 -90 0
-51.05 -26.65 -14.349999999999998 0 -90 0
-51.05 -26.65 -10.25 0 -90 0
-51.05 -26.65 -6.1499999999999995 0 -90 0
-51.05 -26.65 -2.05 0 -90 0
-51.05 -26.65 2.05 0 -90 0
-51.05 -26.65 6.1499999999999995 0 -90 0
-51.05 -26.65 10.25 0 -90 0
-51.05 -26.65 14.349999999999998 0 -90 0
-51.05 -26.65 18.45 0 -90 0
-51.05 -26.65 22.549999999999997 0 -90 0
-51.05 -26.65 26.65 0 -90 0
-51.05 -26.65 30.749999999999996 0 -90 0
-51.05 -26.65 34.849999999999994 0 -90 0
-51.05 -26.65 38.949999999999996 0 -90 0
-51.05 -22.549999999999997 -38.949999999999996 0 -90 0
-51.05 -22.549999999999997 -34.849999999999994 0 -90 0
-51.05 -22.549999999999997 -30.749999999999996 0 -90 0
-51.05 -22.549999999999997 -26.65 0 -90 0
-51.05 -22.549999999999997 -22.549999999999997 0 -90 0
-51.05 -22.549999999999997 -18.45 0 -90 0
-51.05 -22.549999999999997 -14.349999999999998 0 -90 0
-51.05 -22.549999999999997 -10.25 0 -90 0
-51.05 -22.549999999999997 -6.1499999999999995 0 -90 0
-51.05 -22.549999999999997 -2.05 0 -90 0
-51.05 -22.549999999999997 2.05 0 -90 0
-51.05 -22.549999999999997 6.1499999999999995 0 -90 0
-51.05 -22.549999999999997 10.25 0 -90 0
-51.05 -22.549999999999997 14.349999999999998 0 -90 0
-51.05 -22.549999999999997 18.45 0 -90 0
-51.05 -22.549999999999997 22.549999999999997 0 -90 0
-51.05 -22.549999999999997 26.65 0 -90 0
-51.05 -22.549999999999997 30.749999999999996 0 -90 0
-51.05 -22.549999999999997 34.849999999999994 0 -90 0
-51.05 -22.549999999999997 38.949999999999996 0 -90 0
-51.05 -18.45 -38.949999999999996 0 -90 0
-51.05 -18.45 -34.849999999999994 0 -90 0
-51.05 -18.45 -30.749999999999996 0 -90 0
-51.05 -18.45 -26.65 0 -90 0
-51.05 -18.45 -22.549999999999997 0 -90 0
-51.05 -18.45 -18.45 0 -90 0
-51.05 -18.45 -14.349999999999998 0 -90 0
-51.05 -18.45 -10.25 0 -90 0
-51.05 -18.45 -6.1499999999999995 0 -90 0
-51.05 -18.45 -2.05 0 -90 0
-51.05 -18.45 2.05 0 -90 0
-51.05 -18.45 6.1499999999999995 0 -90 0
-51.05 -18.45 10.25 0 -90 0
-51.05 -18.45 14.349999999999998 0 -90 0
-51.05 -18.45 18.45 0 -90 0
-51.05 -18.45 22.549999999999997 0 -90 0
-51.05 -18.45 26.65 0 -90 0
-51.05 -18.45 30.749999999999996 0 -90 0
-51.05 -18.45 34.849999999999994 0 -90 0
-51.05 -18.45 38.949999999999996 0 -90 0
-51.05 -14.349999999999998 -38.949999999999996 0 -90 0
-51.05 -14.349999999999998 -34.849999999999994 0 -90 0
-51.05 -14.349999999999998 -30.749999999999996 0 -90 0
-51.05 -14.349999999999998 -26.65 0 -90 0
-51.05 -14.349999999999998 -22.549999999999997 0 -90 0
-51.05 -14.349999999999998 -18.45 0 -90 0
-51.05 -14.349999999999998 -14.349999999999998 0 -90 0
-51.05 -14.349999999999998 -10.25 0 -90 0
-51.05 -14.349999999999998 -6.1499999999999995 0 -90 0
-51.05 -14.349999999999998 -2.05 0 -90 0
-51.05 -14.349999999999998 2.05 0 -90 0
-51.05 -14.349999999999998 6.1499999999999995 0 -90 0
-51.05 -14.349999999999998 10.25 0 -90 0
-51.05 -14.349999999999998 14.349999999999998 0 -90 0
-51.05 -14.349999999999998 18.45 0 -90 0
-51.05 -14.349999999999998 22.549999999999997 0 -90 0
-51.05 -14.349999999999998 26.65 0 -90 0
-51.05 -14.349999999999998 30.749999999999996 0 -90 0
-51.05 -14.349999999999998 34.849999999999994 0 -90 0
-51.05 -14.349999999999998 38.949999999999996 0 -90 0
-51.05 -10.25 -38.949999999999996 0 -90 0
-51.05 -10.25 -34.849999999999994 0 -90 0
-51.05 -10.25 -30.749999999999996 0 -90 0
-51.05 -10.25 -26.65 0 -90 0
-51.05 -10.25 -22.549999999999997 0 -90 0
-51.05 -10.25 -18.45 0 -90 0
-51.05 -10.25 -14.349999999999998 0 -90 0
-51.05 -10.25 -10.25 0 -90 0
-51.05 -10.25 -6.1499999999999995 0 -90 0
-51.05 -10.25 -2.05 0 -90 0
-51.05 -10.25 2.05 0 -90 0
-51.05 -10.25 6.1499999999999995 0 -90 0
-51.05 -10.25 10.25 0 -90 0
-51.05 -10.25 14.349999999999998 0 -90 0
-51.05 -10.25 18.45 0 -90 0
-51.05 -10.25 22.549999999999997 0 -90 0
-51.05 -10.25 26.65 0 -90 0
-51.05 -10.25 30.749999999999996 0 -90 0
-51.05 -10.25 34.849999999999994 0 -90 0
-51.05 -10.25 38.949999999999996 0 -90 0
-51.05 -6.1499999999999995 -38.949999999999996 0 -90 0
-51.05 -6.1499999999999995 -34.849999999999994 0 -90 0
-51.05 -6.1499999999999995 -30.749999999999996 0 -90 0
-51.05 -6.1499999999999995 -26.65 0 -90 0
-51.05 -6.1499999999999995 -22.549999999999997 0 -90 0
-51.05 -6.1499999999999995 -18.45 0 -90 0
-51.05 -6.1499999999999995 -14.349999999999998 0 -90 0
-51.05 -6.1499999999999995 -10.25 0 -90 0
-51.05 -6.1499999999999995 -6.1499999999999995 0 -90 0
-51.05 -6.1499999999999995 -2.05 0 -90 0
-51.05 -6.1499999999999995 2.05 0 -90 0
-51.05 -6.1499999999999995 6.1499999999999995 0 -90 0
-51.05 -6.1499999999999995 10.25 0 -90 0
-51.05 -6.1499999999999995 14.349999999999998 0 -90 0
-51.05 -6.1499999999999995 18.45 0 -90 0
-51.05 -6.1499999999999995 22.549999999999997 0 -90 0
-51.05 -6.1499999999999995 26.65 0 -90 0
-51.05 -6.1499999999999995 30.749999999999996 0 -90 0
-51.05 -6.1499999999999995 34.849999999999994 0 -90 0
-51.05 -6.1499999999999995 38.949999999999996 0 -90 0
-51.05 -2.05 -38.949999999999996 0 -90 0
-51.05 -2.05 -34.849999999999994 0 -90 0
-51.05 -2.05 -30.749999999999996 0 -90 0
-51.05 -2.05 -26.65 0 -90 0
-51.05 -2.05 -22.549999999999997 0 -90 0
-51.05 -2.05 -18.45 0 -90 0
-51.05 -2.05 -14.349999999999998 0 -90 0
-51.05 -2.05 -10.25 0 -90 0
-51.05 -2.05 -6.1499999999999995 0 -90 0
-51.05 -2.05 -2.05 0 -90 0
-51.05 -2.05 2.05 0 -90 0
-51.05 -2.05 6.1499999999999995 0 -90 0
-51.05 -2.05 10.25 0 -90 0
-51.05 -2.05 14.349999999999998 0 -90 0
-51.05 -2.05 18.45 0 -90 0
-51.05 -2.05 22.549999999999997 0 -90 0
-51.05 -2.05 26.65 0 -90 0
-51.05 -2.05 30.749999999999996 0 -90 0
-51.05 -2.05 34.849999999999994 0 -90 0
-51.05 -2.05 38.949999999999996 0 -90 0
-51.05 2.05 -38.949999999999996 0 -90 0
-51.05 2.05 -34.849999999999994 0 -90 0
-51.05 2.05 -30.749999999999996 0 -90 0
-51.05 2.05 -26.65 0 -90 0
-51.05 2.05 -22.549999999999997 0 -90 0
-51.05 2.05 -18.45 0 -90 0
-51.05 2.05 -14.349999999999998 0 -90 0
-51.05 2.05 -10.25 0 -90 0
-51.05 2.05 -6.1499999999999995 0 -90 0
-51.05 2.05 -2.05 0 -90 0
-51.05 2.05 2.05 0 -90 0
-51.05 2.05 6.1499999999999995 0 -90 0
-51.05 2.05 10.25 0 -90 0
-51.05 2.05 14.349999999999998 0 -90 0
-51.05 2.05 18.45 0 -90 0
-51.05 2.05 22.549999999999997 0 -90 0
-51.05 2.05 26.65 0 -90 0
-51.05 2.05 30.749999999999996 0 -90 0
-51.05 2.05 34.849999999999994 0 -90 0
-51.05 2.05 38.949999999999996 0 -90 0
-51.05 6.1499999999999995 -38.949999999999996 0 -90 0
-51.05 6.1499999999999995 -34.849999999999994 0 -90 0
-51.05 6.1499999999999995 -30.749999999999996 0 -90 0
-51.05 6.1499999999999995 -26.65 0 -90 0
-51.05 6.1499999999999995 -22.549999999999997 0 -90 0
-51.05 6.1499999999999995 -18.45 0 -90 0
-51.05 6.1499999999999995 -14.349999999999998 0 -90 0
-51.05 6.1499999999999995 -10.25 0 -90 0
-51.05 6.1499999999999995 -6.1499999999999995 0 -90 0
-51.05 6.1499999999999995 -2.05 0 -90 0
-51.05 6.1499999999999995 2.05 0 -90 0
-51.05 6.1499999999999995 6.1499999999999995 0 -90 0
-51.05 6.1499999999999995 10.25 0 -90 0
-51.05 6.1499999999999995 14.349999999999998 0 -90 0
-51.05 6.1499999999999995 18.45 0 -90 0
-51.05 6.1499999999999995 22.549999999999997 0 -90 0
-51.05 6.1499999999999995 26.65 0 -90 0
-51.05 6.1499999999999995 30.749999999999996 0 -90 0
-51.05 6.1499999999999995 34.849999999999994 0 -90 0
-51.05 6.1499999999999995 38.949999999999996 0 -90 0
-51.05 10.25 -38.949999999999996 0 -90 0
-51.05 10.25 -34.849999999999994 0 -90 0
-51.05 10.25 -30.749999999999996 0 -90 0
-51.05 10.25 -26.65 0 -90 0
-51.05 10.25 -22.549999999999997 0 -90 0
-51.05 10.25 -18.45 0 -90 0
-51.05 10.25 -14.349999999999998 0 -90 0
-51.05 10.25 -10.25 0 -90 0
-51.05 10.25 -6.1499999999999995 0 -90 0
-51.05 10.25 -2.05 0 -90 0
-51.05 10.25 2.05 0 -90 0
-51.05 10.25 6.1499999999999995 0 -90 0
-51.05 10.25 10.25 0 -90 0
-51.05 10.25 14.349999999999998 0 -90 0
-51.05 10.25 18.45 0 -90 0
-51.05 10.25 22.549999999999997 0 -90 0
-51.05 10.25 26.65 0 -90 0
-51.05 10.25 30.749999999999996 0 -90 0
-51.05 10.25 34.849999999999994 0 -90 0
-51.05 10.25 38.949999999999996 0 -90 0
-51.05 14.349999999999998 -38.949999999999996 0 -90 0
-51.05 14.349999999999998 -34.849999999999994 0 -90 0
-51.05 14.349999999999998 -30.749999999999996 0 -90 0
-51.05 14.349999999999998 -26.65 0 -90 0
-51.05 14.349999999999998 -22.549999999999997 0 -90 0
-51.05 14.349999999999998 -18.45 0 -90 0
-51.05 14.349999999999998 -14.349999999999998 0 -90 0
-51.05 14.349999999999998 -10.25 0 -90 0
-51.05 14.349999999999998 -6.1499999999999995 0 -90 0
-51.05 14.349999999999998 -2.05 0 -90 0
-51.05 14.349999999999998 2.05 0 -90 0
-51.05 14.349999999999998 6.1499999999999995 0 -90 0
-51.05 14.349999999999998 10.25 0 -90 0
-51.05 14.349999999999998 14.349999999999998 0 -90 0
-51.05 14.349999999999998 18.45 0 -90 0
-51.05 14.349999999999998 22.549999999999997 0 -90 0
-51.05 14.349999999999998 26.65 0 -90 0
-51.05 14.349999999999998 30.749999999999996 0 -90 0
-51.05 14.349999999999998 34.849999999999994 0 -90 0
-51.05 14.349999999999998 38.949999999999996 0 -90 0
-51.05 18.45 -38.949999999999996 0 -90 0
-51.05 18.45 -34.849999999999994 0 -90 0
-51.05 18.45 -30.749999999999996 0 -90 0
-51.05 18.45 -26.65 0 -90 0
-51.05 18.45 -22.549999999999997 0 -90 0
-51.05 18.45 -18.45 0 -90 0
-51.05 18.45 -14.349999999999998 0 -90 0
-51.05 18.45 -10.25 0 -90 0
-51.05 18.45 -6.1499999999999995 0 -90 0
-51.05 18.45 -2.05 0 -90 0
-51.05 18.45 2.05 0 -90 0
-51.05 18.45 6.1499999999999995 0 -90 0
-51.05 18.45 10.25 0 -90 0
-51.05 18.45 14.349999999999998 0 -90 0
-51.05 18.45 18.45 0 -90 0
-51.05 18.45 22.549999999999997 0 -90 0
-51.05 18.45 26.65 0 -90 0
-51.05 18.45 30.749999999999996 0 -90 0
-51.05 18.45 34.849999999999994 0 -90 0
-51.05 18.45 38.949999999999996 0 -90 0
-51.05 22.549999999999997 -38.949999999999996 0 -90 0
-51.05 22.549999999999997 -34.849999999999994 0 -90 0
-51.05 22.549999999999997 -30.749999999999996 0 -90 0
-51.05 22.549999999999997 -26.65 0 -90 0
-51.05 22.549999999999997 -22.549999999999997 0 -90 0
-51.05 22.549999999999997 -18.45 0 -90 0
-51.05 22.549999999999997 -14.349999999999998 0 -90 0
-51.05 22.549999999999997 -10.25 0 -90 0
-51.05 22.549999999999997 -6.1499999999999995 0 -90 0
-51.05 22.549999999999997 -2.05 0 -90 0
-51.05 22.549999999999997 2.05 0 -90 0
-51.05 22.549999999999997 6.1499999999999995 0 -90 0
-51.05 22.549999999999997 10.25 0 -90 0
-51.05 22.549999999999997 14.349999999999998 0 -90 0
-51.05 22.549999999999997 18.45 0 -90 0
-51.05 22.549999999999997 22.549999999999997 0 -90 0
-51.05 22.549999999999997 26.65 0 -90 0
-51.05 22.549999999999997 30.749999999999996 0 -90 0
-51.05 22.549999999999997 34.849999999999994 0 -90 0
-51.05 22.549999999999997 38.949999999999996 0 -90 0
-51.05 26.65 -38.949999999999996 0 -90 0
-51.05 26.65 -34.849999999999994 0 -90 0
-51.05 26.65 -30.749999999999996 0 -90 0
-51.05 26.65 -26.65 0 -90 0
-51.05 26.65 -22.549999999999997 0 -90 0
-51.05 26.65 -18.45 0 -90 0
-51.05 26.65 -14.349999999999998 0 -90 0
-51.05 26.65 -10.25 0 -90 0
-51.05 26.65 -6.1499999999999995 0 -90 0
-51.05 26.65 -2.05 0 -90 0
-51.05 26.65 2.05 0 -90 0
-51.05 26.65 6.1499999999999995 0 -90 0
-51.05 26.65 10.25 0 -90 0
-51.05 26.65 14.349999999999998 0 -90 0
-51.05 26.65 18.45 0 -90 0
-51.05 26.65 22.549999999999997 0 -90 0
-51.05 26.65 26.65 0 -90 0
-51.05 26.65 30.749999999999996 0 -90 0
-51.05 26.65 34.849999999999994 0 -90 0
-51.05 26.65 38.949999999999996 0 -90 0
-51.05 30.749999999999996 -38.949999999999996 0 -90 0
-51.05 30.749999999999996 -34.849999999999994 0 -90 0
-51.05 30.749999999999996 -30.749999999999996 0 -90 0
-51.05 30.749999999999996 -26.65 0 -90 0
-51.05 30.749999999999996 -22.549999999999997 0 -90 0
-51.05 30.749999999999996 -18.45 0 -90 0
-51.05 30.749999999999996 -14.349999999999998 0 -90 0
-51.05 30.749999999999996 -10.25 0 -90 0
-51.05 30.749999999999996 -6.1499999999999995 0 -90 0
-51.05 30.749999999999996 -2.05 0 -90 0
-51.05 30.749999999999996 2.05 0 -90 0
-51.05 30.749999999999996 6.1499999999999995 0 -90 0
-51.05 30.749999999999996 10.25 0 -90 0
-51.05 30.749999999999996 14.349999999999998 0 -90 0
-51.05 30.749999999999996 18.45 0 -90 0
-51.05 30.749999999999996 22.549999999999997 0 -90 0
-51.05 30.749999999999996 26.65 0 -90 0
-51.05 30.749999999999996 30.749999999999996 0 -90 0
-51.05 30.749999999999996 34.849999999999994 0 -90 0
-51.05 30.749999999999996 38.949999999999996 0 -90 0
-51.05 34.849999999999994 -38.949999999999996 0 -90 0
-51.05 34.849999999999994 -34.849999999999994 0 -90 0
-51.05 34.849999999999994 -30.749999999999996 0 -90 0
-51.05 34.849999999999994 -26.65 0 -90 0
-51.05 34.849999999999994 -22.549999999999997 0 -90 0
-51.05 34.849999999999994 -18.45 0 -90 0
-51.05 34.849999999999994 -14.349999999999998 0 -90 0
-51.05 34.849999999999994 -10.25 0 -90 0
-51.05 34.849999999999994 -6.1499999999999995 0 -90 0
-51.05 34.849999999999994 -2.05 0 -90 0
-51.05 34.849999999999994 2.05 0 -90 0
-51.05 34.849999999999994 6.1499999999999995 0 -90 0
-51.05 34.849999999999994 10.25 0 -90 0
-51.05 34.849999999999994 14.349999999999998 0 -90 0
-51.05 34.849999999999994 18.45 0 -90 0
-51.05 34.849999999999994 22.549999999999997 0 -90 0
-51.05 34.849999999999994 26.65 0 -90 0
-51.05 34.849999999999994 30.749999999999996 0 -90 0
-51.05 34.849999999999994 34.849999999999994 0 -90 0
-51.05 34.849999999999994 38.949999999999996 0 -90 0
-51.05 38.949999999999996 -38.949999999999996 0 -90 0
-51.05 38.949999999999996 -34.849999999999994 0 -90 0
-51.05 38.949999999999996 -30.749999999999996 0 -90 0
-51.05 38.949999999999996 -26.65 0 -90 0
-51.05 38.949999999999996 -22.549999999999997 0 -90 0
-51.05 38.949999999999996 -18.45 0 -90 0
-51.05 38.949999999999996 -14.349999999999998 0 -90 0
-51.05 38.949999999999996 -10.25 0 -90 0
-51.05 38.949999999999996 -6.1499999999999995 0 -90 0
-51.05 38.949999999999996 -2.05 0 -90 0
-51.05 38.949999999999996 2.05 0 -90 0
-51.05 38.949999999999996 6.1499999999999995 0 -90 0
-51.05 38.949999999999996 10.25 0 -90 0
-51.05 38.949999999999996 14.349999999999998 0 -90 0
-51.05 38.949999999999996 18.45 0 -90 0
-51.05 38.949999999999996 22.549999999999997 0 -90 0
-51.05 38.949999999999996 26.65 0 -90 0
-51.05 38.949999999999996 30.749999999999996 0 -90 0
-51.05 38.949999999999996 34.849999999999994 0 -90 0
-51.05 38.949999999999996 38.949999999999996 0 -90 0
-38.949999999999996 -51.05 -38.949999999999996 -90 0 0
-38.949999999999996 -51.05 -34.849999999999994 -90 0 0
-38.949999999999996 -51.05 -30.749999999999996 -90 0 0
-38.949999999999996 -51.05 -26.65 -90 0 0
-38.949999999999996 -51.05 -22.549999999999997 -90 0 0
-38.949999999999996 -51.05 -18.45 -90 0 0
-38.949999999999996 -51.05 -14.349999999999998 -90 0 0
-38.949999999999996 -51.05 -10.25 -90 0 0
-38.949999999999996 -51.05 -6.1499999999999995 -90 0 0
-38.949999999999996 -51.05 -2.05 -90 0 0
-38.949999999999996 -51.05 2.05 -90 0 0
-38.949999999999996 -51.05 6.1499999999999995 -90 0 0
-38.949999999999996 -51.05 10.25 -90 0 0
-38.949999999999996 -51.05 14.349999999999998 -90 0 0
-38.949999999999996 -51.05 18.45 -90 0 0
-38.949999999999996 -51.05 22.549999999999997 -90 0 0
-38.949999999999996 -51.05 26.65 -90 0 0
-38.949999999999996 -51.05 30.749999999999996 -90 0 0
-38.949999999999996 -51.05 34.849999999999994 -90 0 0
-38.949999999999996 -51.05 38.949999999999996 -90 0 0
-38.949999999999996 -38.949999999999996 -51.05 180 0 0
-38.949999999999996 -38.949999999999996 51.05 0 0 0
-38.949999999999996 -34.849999999999994 -51.05 180 0 0
-38.949999999999996 -34.849999999999994 51.05 0 0 0
-38.949999999999996 -30.749999999999996 -51.05 180 0 0
-38.949999999999996 -30.749999999999996 51.05 0 0 0
-38.949999999999996 -26.65 -51.05 180 0 0
-38.949999999999996 -26.65 51.05 0 0 0
-38.949999999999996 -22.549999999999997 -51.05 180 0 0
-38.949999999999996 -22.549999999999997 51.05 0 0 0
-38.949999999999996 -18.45 -51.05 180 0 0
-38.949999999999996 -18.45 51.05 0 0 0
-38.949999999999996 -14.349999999999998 -51.05 180 0 0
-38.949999999999996 -14.349999999999998 51.05 0 0 0
-38.949999999999996 -10.25 -51.05 180 0 0
-38.949999999999996 -10.25 51.05 0 0 0
-38.949999999999996 -6.1499999999999995 -51.05 180 0 0
-38.949999999999996 -6.1499999999999995 51.05 0 0 0
-38.949999999999996 -2.05 -51.05 180 0 0
-38.949999999999996 -2.05 51.05 0 0 0
-38.949999999999996 2.05 -51.05 180 0 0
-38.949999999999996 2.05 51.05 0 0 0
-38.949999999999996 6.1499999999999995 -51.05 180 0 0
-38.949999999999996 6.1499999999999995 51.05 0 0 0
-38.949999999999996 10.25 -51.05 180 0 0
-38.949999999999996 10.25 51.05 0 0 0
-38.949999999999996 14.349999999999998 -51.05 180 0 0
-38.949999999999996 14.349999999999998 51.05 0 0 0
-38.949999999999996 18.45 -51.05 180 0 0
-38.949999999999996 18.45 51.05 0 0 0
-38.949999999999996 22.549999999999997 -51.05 180 0 0
-38.949999999999996 22.549999999999997 51.05 0 0 0
-38.949999999999996 26.65 -51.05 180 0 0
-38.949999999999996 26.65 51.05 0 0 0
-38.949999999999996 30.749999999999996 -51.05 180 0 0
-38.949999999999996 30.749999999999996 51.05 0 0 0
-38.949999999999996 34.849999999999994 -51.05 180 0 0
-38.949999999999996 34.849999999999994 51.05 0 0 0
-38.949999999999996 38.949999999999996 -51.05 180 0 0
-38.949999999999996 38.949999999999996 51.05 0 0 0
-38.949999999999996 51.05 -38.949999999999996 90 0 0
-38.949999999999996 51.05 -34.849999999999994 90 0 0
-38.949999999999996 51.05 -30.749999999999996 90 0 0
-38.949999999999996 51.05 -26.65 90 0 0
-38.949999999999996 51.05 -22.549999999999997 90 0 0
-38.949999999999996 51.05 -18.45 90 0 0
-38.949999999999996 51.05 -14.349999999999998 90 0 0
-38.949999999999996 51.05 -10.25 90 0 0
-38.949999999999996 51.05 -6.1499999999999995 90 0 0
-38.949999999999996 51.05 -2.05 90 0 0
-38.949999999999996 51.05 2.05 90 0 0
-38.949999999999996 51.05 6.1499999999999995 90 0 0
-38.949999999999996 51.05 10.25 90 0 0
-38.949999999999996 51.05 14.349999999999998 90 0 0
-38.949999999999996 51.05 18.45 90 0 0
-38.949999999999996 51.05 22.549999999999997 90 0 0
-38.949999999999996 51.05 26.65 90 0 0
-38.949999999999996 51.05 30.749999999999996 90 0 0
-38.949999999999996 51.05 34.849999999999994 90 0 0
-38.949999999999996 51.05 38.949999999999996 90 0 0
-34.849999999999994 -51.05 -38.949999999999996 -90 0 0
-34.849999999999994 -51.05 -34.849999999999994 -90 0 0
-34.849999999999994 -51.05 -30.749999999999996 -90 0 0
-34.849999999999994 -51.05 -26.65 -90 0 0
-34.849999999999994 -51.05 -22.549999999999997 -90 0 0
-34.849999999999994 -51.05 -18.45 -90 0 0
-34.849999999999994 -51.05 -14.349999999999998 -90 0 0
-34.849999999999994 -51.05 -10.25 -90 0 0
-34.849999999999994 -51.05 -6.1499999999999995 -90 0 0
-34.849999999999994 -51.05 -2.05 -90 0 0
-34.849999999999994 -51.05 2.05 -90 0 0
-34.849999999999994 -51.05 6.1499999999999995 -90 0 0
-34.849999999999994 -51.05 10.25 -90 0 0
-34.849999999999994 -51.05 14.349999999999998 -90 0 0
-34.849999999999994 -51.05 18.45 -90 0 0
-34.849999999999994 -51.05 22.549999999999997 -90 0 0
-34.849999999999994 -51.05 26.65 -90 0 0
-34.849999999999994 -51.05 30.749999999999996 -90 0 0
-34.849999999999994 -51.05 34.849999999999994 -90 0 0
-34.849999999999994 -51.05 38.949999999999996 -90 0 0
-34.849999999999994 -38.949999999999996 -51.05 180 0 0
-34.849999999999994 -38.949999999999996 51.05 0 0 0
-34.849999999999994 -34.849999999999994 -51.05 180 0 0
-34.849999999999994 -34.849999999999994 51.05 0 0 0
-34.849999999999994 -30.749999999999996 -51.05 180 0 0
-34.849999999999994 -30.749999999999996 51.05 0 0 0
-34.849999999999994 -26.65 -51.05 180 0 0
-34.849999999999994 -26.65 51.05 0 0 0
-34.849999999999994 -22.549999999999997 -51.05 180 0 0
-34.849999999999994 -22.549999999999997 51.05 0 0 0
-34.849999999999994 -18.45 -51.05 180 0 0
-34.849999999999994 -18.45 51.05 0 0 0
-34.849999999999994 -14.349999999999998 -51.05 180 0 0
-34.849999999999994 -14.349999999999998 51.05 0 0 0
-34.849999999999994 -10.25 -51.05 180 0 0
-34.849999999999994 -10.25 51.05 0 0 0
-34.849999999999994 -6.1499999999999995 -51.05 180 0 0
-34.849999999999994 -6.1499999999999995 51.05 0 0 0
-34.849999999999994 -2.05 -51.05 180 0 0
-34.849999999999994 -2.05 51.05 0 0 0
-34.849999999999994 2.05 -51.05 180 0 0
-34.849999999999994 2.05 51.05 0 0 0
-34.849999999999994 6.1499999999999995 -51.05 180 0 0
-34.849999999999994 6.1499999999999995 51.05 0 0 0
-34.849999999999994 10.25 -51.05 180 0 0
-34.849999999999994 10.25 51.05 0 0 0
-34.849999999999994 14.349999999999998 -51.05 180 0 0
-34.849999999999994 14.349999999999998 51.05 0 0 0
-34.849999999999994 18.45 -51.05 180 0 0
-34.849999999999994 18.45 51.05 0 0 0
-34.849999999999994 22.549999999999997 -51.05 180 0 0
-34.849999999999994 22.549999999999997 51.05 0 0 0
-34.849999999999994 26.65 -51.05 180 0 0
-34.849999999999994 26.65 51.05 0 0 0
-34.849999999999994 30.749999999999996 -51.05 180 0 0
-34.849999999999994 30.749999999999996 51.05 0 0 0
-34.849999999999994 34.849999999999994 -51.05 180 0 0
-34.849999999999994 34.849999999999994 51.05 0 0 0
-34.849999999999994 38.949999999999996 -51.05 180 0 0
-34.849999999999994 38.949999999999996 51.05 0 0 0
-34.849999999999994 51.05 -38.949999999999996 90 0 0
-34.849999999999994 51.05 -34.849999999999994 90 0 0
-34.849999999999994 51.05 -30.749999999999996 90 0 0
-34.849999999999994 51.05 -26.65 90 0 0
-34.849999999999994 51.05 -22.549999999999997 90 0 0
-34.849999999999994 51.05 -18.45 90 0 0
-34.849999999999994 51.05 -14.349999999999998 90 0 0
-34.849999999999994 51.05 -10.25 90 0 0
-34.849999999999994 51.05 -6.1499999999999995 90 0 0
-34.849999999999994 51.05 -2.05 90 0 0
-34.849999999999994 51.05 2.05 90 0 0
-34.849999999999994 51.05 6.1499999999999995 90 0 0
-34.849999999999994 51.05 10.25 90 0 0
-34.849999999999994 51.05 14.349999999999998 90 0 0
-34.849999999999994 51.05 18.45 90 0 0
-34.849999999999994 51.05 22.549999999999997 90 0 0
-34.849999999999994 51.05 26.65 90 0 0
-34.849999999999994 51.05 30.749999999999996 90 0 0
-34.849999999999994 51.05 34.849999999999994 90 0 0
-34.849999999999994 51.05 38.949999999999996 90 0 0
-30.749999999999996 -51.05 -38.949999999999996 -90 0 0
-30.749999999999996 -51.05 -34.849999999999994 -90 0 0
-30.749999999999996 -51.05 -30.749999999999996 -90 0 0
-30.749999999999996 -51.05 -26.65 -90 0 0
-30.749999999999996 -51.05 -22.549999999999997 -90 0 0
-30.749999999999996 -51.05 -18.45 -90 0 0
-30.749999999999996 -51.05 -14.349999999999998 -90 0 0
-30.749999999999996 -51.05 -10.25 -90 0 0
-30.749999999999996 -51.05 -6.1499999999999995 -90 0 0
-30.749999999999996 -51.05 -2.05 -90 0 0
-30.749999999999996 -51.05 2.05 -90 0 0
-30.749999999999996 -51.05 6.1499999999999995 -90 0 0
-30.749999999999996 -51.05 10.25 -90 0 0
-30.749999999999996 -51.05 14.349999999999998 -90 0 0
-30.749999999999996 -51.05 18.45 -90 0 0
-30.749999999999996 -51.05 22.549999999999997 -90 0 0
-30.749999999999996 -51.05 26.65 -90 0 0
-30.749999999999996 -51.05 30.749999999999996 -90 0 0
-30.749999999999996 -51.05 34.849999999999994 -90 0 0
-30.749999999999996 -51.05 38.949999999999996 -90 0 0
-30.749999999999996 -38.949999999999996 -51.05 180 0 0
-30.749999999999996 -38.949999999999996 51.05 0 0 0
-30.749999999999996 -34.849999999999994 -51.05 180 0 0
-30.749999999999996 -34.849999999999994 51.05 0 0 0
-30.749999999999996 -30.749999999999996 -51.05 180 0 0
-30.749999999999996 -30.749999999999996 51.05 0 0 0
-30.749999999999996 -26.65 -51.05 180 0 0
-30.749999999999996 -26.65 51.05 0 0 0
-30.749999999999996 -22.549999999999997 -51.05 180 0 0
-30.749999999999996 -22.549999999999997 51.05 0 0 0
-30.749999999999996 -18.45 -51.05 180 0 0
-30.749999999999996 -18.45 51.05 0 0 0
-30.749999999999996 -14.349999999999998 -51.05 180 0 0
-30.749999999999996 -14.349999999999998 51.05 0 0 0
-30.749999999999996 -10.25 -51.05 180 0 0
-30.749999999999996 -10.25 51.05 0 0 0
-30.749999999999996 -6.1499999999999995 -51.05 180 0 0
-30.749999999999996 -6.1499999999999995 51.05 0 0 0
-30.749999999999996 -2.05 -51.05 180 0 0
-30.749999999999996 -2.05 51.05 0 0 0
-30.749999999999996 2.05 -51.05 180 0 0
-30.749999999999996 2.05 51.05 0 0 0
-30.749999999999996 6.1499999999999995 -51.05 180 0 0
-30.749999999999996 6.1499999999999995 51.05 0 0 0
-30.749999999999996 10.25 -51.05 180 0 0
-30.749999999999996 10.25 51.05 0 0 0
-30.749999999999996 14.349999999999998 -51.05 180 0 0
-30.749999999999996 14.349999999999998 51.05 0 0 0
-30.749999999999996 18.45 -51.05 180 0 0
-30.749999999999996 18.45 51.05 0 0 0
-30.749999999999996 22.549999999999997 -51.05 180 0 0
-30.749999999999996 22.549999999999997 51.05 0 0 0
-30.749999999999996 26.65 -51.05 180 0 0
-30.749999999999996 26.65 51.05 0 0 0
-30.749999999999996 30.749999999999996 -51.05 180 0 0
-30.749999999999996 30.749999999999996 51.05 0 0 0
-30.749999999999996 34.849999999999994 -51.05 180 0 0
-30.749999999999996 34.849999999999994 51.05 0 0 0
-30.749999999999996 38.949999999999996 -51.05 180 0 0
-30.749999999999996 38.949999999999996 51.05 0 0 0
-30.749999999999996 51.05 -38.949999999999996 90 0 0
-30.749999999999996 51.05 -34.849999999999994 90 0 0
-30.749999999999996 51.05 -30.749999999999996 90 0 0
-30.749999999999996 51.05 -26.65 90 0 0
-30.749999999999996 51.05 -22.549999999999997 90 0 0
-30.749999999999996 51.05 -18.45 90 0 0
-30.749999999999996 51.05 -14.349999999999998 90 0 0
-30.749999999999996 51.05 -10.25 90 0 0
-30.749999999999996 51.05 -6.1499999999999995 90 0 0
-30.749999999999996 51.05 -2.05 90 0 0
-30.749999999999996 51.05 2.05 90 0 0
-30.749999999999996 51.05 6.1499999999999995 90 0 0
-30.749999999999996 51.05 10.25 90 0 0
-30.749999999999996 51.05 14.349999999999998 90 0 0
-30.749999999999996 51.05 18.45 90 0 0
-30.749999999999996 51.05 22.549999999999997 90 0 0
-30.749999999999996 51.05 26.65 90 0 0
-30.749999999999996 51.05 30.749999999999996 90 0 0
-30.749999999999996 51.05 34.849999999999994 90 0 0
-30.749999999999996 51.05 38.949999999999996 90 0 0
-26.65 -51.05 -38.949999999999996 -90 0 0
-26.65 -51.05 -34.849999999999994 -90 0 0
-26.65 -51.05 -30.749999999999996 -90 0 0
-26.65 -51.05 -26.65 -90 0 0
-26.65 -51.05 -22.549999999999997 -90 0 0
-26.65 -51.05 -18.45 -90 0 0
-26.65 -51.05 -14.349999999999998 -90 0 0
-26.65 -51.05 -10.25 -90 0 0
-26.65 -51.05 -6.1499999999999995 -90 0 0
-26.65 -51.05 -2.05 -90 0 0
-26.65 -51.05 2.05 -90 0 0
-26.65 -51.05 6.1499999999999995 -90 0 0
-26.65 -51.05 10.25 -90 0 0
-26.65 -51.05 14.349999999999998 -90 0 0
-26.65 -51.05 18.45 -90 0 0
-26.65 -51.05 22.549999999999997 -90 0 0
-26.65 -51.05 26.65 -90 0 0
-26.65 -51.05 30.749999999999996 -90 0 0
-26.65 -51.05 34.849999999999994 -90 0 0
-26.65 -51.05 38.949999999999996 -90 0 0
-26.65 -38.949999999999996 -51.05 180 0 0
-26.65 -38.949999999999996 51.05 0 0 0
-26.65 -34.849999999999994 -51.05 180 0 0
-26.65 -34.849999999999994 51.05 0 0 0
-26.65 -30.749999999999996 -51.05 180 0 0
-26.65 -30.749999999999996 51.05 0 0 0
-26.65 -26.65 -51.05 180 0 0
-26.65 -26.65 51.05 0 0 0
-26.65 -22.549999999999997 -51.05 180 0 0
-26.65 -22.549999999999997 51.05 0 0 0
-26.65 -18.45 -51.05 180 0 0
-26.65 -18.45 51.05 0 0 0
-26.65 -14.349999999999998 -51.05 180 0 0
-26.65 -14.349999999999998 51.05 0 0 0
-26.65 -10.25 -51.05 180 0 0
-26.65 -10.25 51.05 0 0 0
-26.65 -6.1499999999999995 -51.05 180 0 0
-26.65 -6.1499999999999995 51.05 0 0 0
-26.65 -2.05 -51.05 180 0 0
-26.65 -2.05 51.05 0 0 0
-26.65 2.05 -51.05 180 0 0
-26.65 2.05 51.05 0 0 0
-26.65 6.1499999999999995 -51.05 180 0 0
-26.65 6.1499999999999995 51.05 0 0 0
-26.65 10.25 -51.05 180 0 0
-26.65 10.25 51.05 0 0 0
-26.65 14.349999999999998 -51.05 180 0 0
-26.65 14.349999999999998 51.05 0 0 0
-26.65 18.45 -51.05 180 0 0
-26.65 18.45 51.05 0 0 0
-26.65 22.549999999999997 -51.05 180 0 0
-26.65 22.549999999999997 51.05 0 0 0
-26.65 26.65 -51.05 180 0 0
-26.65 26.65 51.05 0 0 0
-26.65 30.749999999999996 -51.05 180 0 0
-26.65 30.749999999999996 51.05 0 0 0
-26.65 34.849999999999994 -51.05 180 0 0
-26.65 34.849999999999994 51.05 0 0 0
-26.65 38.949999999999996 -51.05 180 0 0
-26.65 38.949999999999996 51.05 0 0 0
-26.65 51.05 -38.949999999999996 90 0 0
-26.65 51.05 -34.849999999999994 90 0 0
-26.65 51.05 -30.749999999999996 90 0 0
-26.65 51.05 -26.65 90 0 0
-26.65 51.05 -22.549999999999997 90 0 0
-26.65 51.05 -18.45 90 0 0
-26.65 51.05 -14.349999999999998 90 0 0
-26.65 51.05 -10.25 90 0 0
-26.65 51.05 -6.1499999999999995 90 0 0
-26.65 51.05 -2.05 90 0 0
-26.65 51.05 2.05 90 0 0
-26.65 51.05 6.1499999999999995 90 0 0
-26.65 51.05 10.25 90 0 0
-26.65 51.05 14.349999999999998 90 0 0
-26.65 51.05 18.45 90 0 0
-26.65 51.05 22.549999999999997 90 0 0
-26.65 51.05 26.65 90 0 0
-26.65 51.05 30.749999999999996 90 0 0
-26.65 51.05 34.849999999999994 90 0 0
-26.65 51.05 38.949999999999996 90 0 0
-22.549999999999997 -51.05 -38.949999999999996 -90 0 0
-22.549999999999997 -51.05 -34.849999999999994 -90 0 0
-22.549999999999997 -51.05 -30.749999999999996 -90 0 0
-22.549999999999997 -51.05 -26.65 -90 0 0
-22.549999999999997 -51.05 -22.549999999999997 -90 0 0
-22.549999999999997 -51.05 -18.45 -90 0 0
-22.549999999999997 -51.05 -14.349999999999998 -90 0 0
-22.549999999999997 -51.05 -10.25 -90 0 0
-22.549999999999997 -51.05 -6.1499999999999995 -90 0 0
-22.549999999999997 -51.05 -2.05 -90 0 0
-22.549999999999997 -51.05 2.05 -90 0 0
-22.549999999999997 -51.05 6.1499999999999995 -90 0 0
-22.549999999999997 -51.05 10.25 -90 0 0
-22.549999999999997 -51.05 14.349999999999998 -90 0 0
-22.549999999999997 -51.05 18.45 -90 0 0
-22.549999999999997 -51.05 22.549999999999997 -90 0 0
-22.549999999999997 -51.05 26.65 -90 0 0
-22.549999999999997 -51.05 30.749999999999996 -90 0 0
-22.549999999999997 -51.05 34.849999999999994 -90 0 0
-22.549999999999997 -51.05 38.949999999999996 -90 0 0
-22.549999999999997 -38.949999999999996 -51.05 180 0 0
-22.549999999999997 -38.949999999999996 51.05 0 0 0
-22.549999999999997 -34.849999999999994 -51.05 180 0 0
-22.549999999999997 -34.849999999999994 51.05 0 0 0
-22.549999999999997 -30.749999999999996 -51.05 180 0 0
-22.549999999999997 -30.749999999999996 51.05 0 0 0
-22.549999999999997 -26.65 -51.05 180 0 0
-22.549999999999997 -26.65 51.05 0 0 0
-22.549999999999997 -22.549999999999997 -51.05 180 0 0
-22.549999999999997 -22.549999999999997 51.05 0 0 0
-22.549999999999997 -18.45 -51.05 180 0 0
-22.549999999999997 -18.45 51.05 0 0 0
-22.549999999999997 -14.349999999999998 -51.05 180 0 0
-22.549999999999997 -14.349999999999998 51.05 0 0 0
-22.549999999999997 -10.25 -51.05 180 0 0
-22.549999999999997 -10.25 51.05 0 0 0
-22.549999999999997 -6.1499999999999995 -51.05 180 0 0
-22.549999999999997 -6.1499999999999995 51.05 0 0 0
-22.549999999999997 -2.05 -51.05 180 0 0
-22.549999999999997 -2.05 51.05 0 0 0
-22.549999999999997 2.05 -51.05 180 0 0
-22.549999999999997 2.05 51.05 0 0 0
-22.549999999999997 6.1499999999999995 -51.05 180 0 0
-22.549999999999997 6.1499999999999995 51.05 0 0 0
-22.549999999999997 10.25 -51.05 180 0 0
-22.549999999999997 10.25 51.05 0 0 0
-22.549999999999997 14.349999999999998 -51.05 180 0 0
-22.549999999999997 14.349999999999998 51.05 0 0 0
-22.549999999999997 18.45 -51.05 180 0 0
-22.549999999999997 18.45 51.05 0 0 0
-22.549999999999997 22.549999999999997 -51.05 180 0 0
-22.549999999999997 22.549999999999997 51.05 0 0 0
-22.549999999999997 26.65 -51.05 180 0 0
-22.549999999999997 26.65 51.05 0 0 0
-22.549999999999997 30.749999999999996 -51.05 180 0 0
-22.549999999999997 30.749999999999996 51.05 0 0 0
-22.549999999999997 34.849999999999994 -51.05 180 0 0
-22.549999999999997 34.849999999999994 51.05 0 0 0
-22.549999999999997 38.949999999999996 -51.05 180 0 0
-22.549999999999997 38.949999999999996 51.05 0 0 0
-22.549999999999997 51.05 -38.949999999999996 90 0 0
-22.549999999999997 51.05 -34.849999999999994 90 0 0
-22.549999999999997 51.05 -30.749999999999996 90 0 0
-22.549999999999997 51.05 -26.65 90 0 0
-22.549999999999997 51.05 -22.549999999999997 90 0 0
-22.549999999999997 51.05 -18.45 90 0 0
-22.549999999999997 51.05 -14.349999999999998 90 0 0
-22.549999999999997 51.05 -10.25 90 0 0
-22.549999999999997 51.05 -6.1499999999999995 90 0 0
-22.549999999999997 51.05 -2.05 90 0 0
-22.549999999999997 51.05 2.05 90 0 0
-22.549999999999997 51.05 6.1499999999999995 90 0 0
-22.549999999999997 51.05 10.25 90 0 0
-22.549999999999997 51.05 14.349999999999998 90 0 0
-22.549999999999997 51.05 18.45 90 0 0
-22.549999999999997 51.05 22.549999999999997 90 0 0
-22.549999999999997 51.05 26.65 90 0 0
-22.549999999999997 51.05 30.749999999999996 90 0 0
-22.549999999999997 51.05 34.849999999999994 90 0 0
-22.549999999999997 51.05 38.949999999999996 90 0 0
-18.45 -51.05 -38.949999999999996 -90 0 0
-18.45 -51.05 -34.849999999999994 -90 0 0
-18.45 -51.05 -30.749999999999996 -90 0 0
-18.45 -51.05 -26.65 -90 0 0
-18.45 -51.05 -22.549999999999997 -90 0 0
-18.45 -51.05 -18.45 -90 0 0
-18.45 -51.05 -14.349999999999998 -90 0 0
-18.45 -51.05 -10.25 -90 0 0
-18.45 -51.05 -6.1499999999999995 -90 0 0
-18.45 -51.05 -2.05 -90 0 0
-18.45 -51.05 2.05 -90 0 0
-18.45 -51.05 6.1499999999999995 -90 0 0
-18.45 -51.05 10.25 -90 0 0
-18.45 -51.05 14.349999999999998 -90 0 0
-18.45 -51.05 18.45 -90 0 0
-18.45 -51.05 22.549999999999997 -90 0 0
-18.45 -51.05 26.65 -90 0 0
-18.45 -51.05 30.749999999999996 -90 0 0
-18.45 -51.05 34.849999999999994 -90 0 0
-18.45 -51.05 38.949999999999996 -90 0 0
-18.45 -38.949999999999996 -51.05 180 0 0
-18.45 -38.949999999999996 51.05 0 0 0
-18.45 -34.849999999999994 -51.05 180 0 0
-18.45 -34.849999999999994 51.05 0 0 0
-18.45 -30.749999999999996 -51.05 180 0 0
-18.45 -30.749999999999996 51.05 0 0 0
-18.45 -26.65 -51.05 180 0 0
-18.45 -26.65 51.05 0 0 0
-18.45 -22.549999999999997 -51.05 180 0 0
-18.45 -22.549999999999997 51.05 0 0 0
-18.45 -18.45 -51.05 180 0 0
-18.45 -18.45 51.05 0 0 0
-18.45 -14.349999999999998 -51.05 180 0 0
-18.45 -14.349999999999998 51.05 0 0 0
-18.45 -10.25 -51.05 180 0 0
-18.45 -10.25 51.05 0 0 0
-18.45 -6.1499999999999995 -51.05 180 0 0
-18.45 -6.1499999999999995 51.05 0 0 0
-18.45 -2.05 -51.05 180 0 0
-18.45 -2.05 51.05 0 0 0
-18.45 2.05 -51.05 180 0 0
-18.45 2.05 51.05 0 0 0
-18.45 6.1499999999999995 -51.05 180 0 0
-18.45 6.1499999999999995 51.05 0 0 0
-18.45 10.25 -51.05 180 0 0
-18.45 10.25 51.05 0 0 0
-18.45 14.349999999999998 -51.05 180 0 0
-18.45 14.349999999999998 51.05 0 0 0
-18.45 18.45 -51.05 180 0 0
-18.45 18.45 51.05 0 0 0
-18.45 22.549999999999997 -51.05 180 0 0
-18.45 22.549999999999997 51.05 0 0 0
-18.45 26.65 -51.05 180 0 0
-18.45 26.65 51.05 0 0 0
-18.45 30.749999999999996 -51.05 180 0 0
-18.45 30.749999999999996 51.05 0 0 0
-18.45 34.849999999999994 -51.05 180 0 0
-18.45 34.849999999999994 51.05 0 0 0
-18.45 38.949999999999996 -51.05 180 0 0
-18.45 38.949999999999996 51.05 0 0 0
-18.45 51.05 -38.949999999999996 90 0 0
-18.45 51.05 -34.849999999999994 90 0 0
-18.45 51.05 -30.749999999999996 90 0 0
-18.45 51.05 -26.65 90 0 0
-18.45 51.05 -22.549999999999997 90 0 0
-18.45 51.05 -18.45 90 0 0
-18.45 51.05 -14.349999999999998 90 0 0
-18.45 51.05 -10.25 90 0 0
-18.45 51.05 -6.1499999999999995 90 0 0
-18.45 51.05 -2.05 90 0 0
-18.45 51.05 2.05 90 0 0
-18.45 51.05 6.1499999999999995 90 0 0
-18.45 51.05 10.25 90 0 0
-18.45 51.05 14.349999999999998 90 0 0
-18.45 51.05 18.45 90 0 0
-18.45 51.05 22.549999999999997 90 0 0
-18.45 51.05 26.65 90 0 0
-18.45 51.05 30.749999999999996 90 0 0
-18.45 51.05 34.849999999999994 90 0 0
-18.45 51.05 38.949999999999996 90 0 0
-14.349999999999998 -51.05 -38.949999999999996 -90 0 0
-14.349999999999998 -51.05 -34.849999999999994 -90 0 0
-14.349999999999998 -51.05 -30.749999999999996 -90 0 0
-14.349999999999998 -51.05 -26.65 -90 0 0
-14.349999999999998 -51.05 -22.549999999999997 -90 0 0
-14.349999999999998 -51.05 -18.45 -90 0 0
-14.349999999999998 -51.05 -14.349999999999998 -90 0 0
-14.349999999999998 -51.05 -10.25 -90 0 0
-14.349999999999998 -51.05 -6.1499999999999995 -90 0 0
-14.349999999999998 -51.05 -2.05 -90 0 0
-14.349999999999998 -51.05 2.05 -90 0 0
-14.349999999999998 -51.05 6.1499999999999995 -90 0 0
-14.349999999999998 -51.05 10.25 -90 0 0
-14.349999999999998 -51.05 14.349999999999998 -90 0 0
-14.349999999999998 -51.05 18.45 -90 0 0
-14.349999999999998 -51.05 22.549999999999997 -90 0 0
-14.349999999999998 -51.05 26.65 -90 0 0
-14.349999999999998 -51.05 30.749999999999996 -90 0 0
-14.349999999999998 -51.05 34.849999999999994 -90 0 0
-14.349999999999998 -51.05 38.949999999999996 -90 0 0
-14.349999999999998 -38.949999999999996 -51.05 180 0 0
-14.349999999999998 -38.949999999999996 51.05 0 0 0
-14.349999999999998 -34.849999999999994 -51.05 180 0 0
-14.349999999999998 -34.849999999999994 51.05 0 0 0
-14.349999999999998 -30.749999999999996 -51.05 180 0 0
-14.349999999999998 -30.749999999999996 51.05 0 0 0
-14.349999999999998 -26.65 -51.05 180 0 0
-14.349999999999998 -26.65 51.05 0 0 0
-14.349999999999998 -22.549999999999997 -51.05 180 0 0
-14.349999999999998 -22.549999999999997 51.05 0 0 0
-14.349999999999998 -18.45 -51.05 180 0 0
-14.349999999999998 -18.45 51.05 0 0 0
-14.349999999999998 -14.349999999999998 -51.05 180 0 0
-14.349999999999998 -14.349999999999998 51.05 0 0 0
-14.349999999999998 -10.25 -51.05 180 0 0
-14.349999999999998 -10.25 51.05 0 0 0
-14.349999999999998 -6.1499999999999995 -51.05 180 0 0
-14.349999999999998 -6.1499999999999995 51.05 0 0 0
-14.349999999999998 -2.05 -51.05 180 0 0
-14.349999999999998 -2.05 51.05 0 0 0
-14.349999999999998 2.05 -51.05 180 0 0
-14.349999999999998 2.05 51.05 0 0 0
-14.349999999999998 6.1499999999999995 -51.05 180 0 0
-14.349999999999998 6.1499999999999995 51.05 0 0 0
-14.349999999999998 10.25 -51.05 180 0 0
-14.349999999999998 10.25 51.05 0 0 0
-14.349999999999998 14.349999999999998 -51.05 180 0 0
-14.349999999999998 14.349999999999998 51.05 0 0 0
-14.349999999999998 18.45 -51.05 180 0 0
-14.349999999999998 18.45 51.05 0 0 0
-14.349999999999998 22.549999999999997 -51.05 180 0 0
-14.349999999999998 22.549999999999997 51.05 0 0 0
-14.349999999999998 26.65 -51.05 180 0 0
-14.349999999999998 26.65 51.05 0 0 0
-14.349999999999998 30.749999999999996 -51.05 180 0 0
-14.349999999999998 30.749999999999996 51.05 0 0 0
-14.349999999999998 34.849999999999994 -51.05 180 0 0
-14.349999999999998 34.849999999999994 51.05 0 0 0
-14.349999999999998 38.949999999999996 -51.05 180 0 0
-14.349999999999998 38.949999999999996 51.05 0 0 0
-14.349999999999998 51.05 -38.949999999999996 90 0 0
-14.349999999999998 51.05 -34.849999999999994 90 0 0
-14.349999999999998 51.05 -30.749999999999996 90 0 0
-14.349999999999998 51.05 -26.65 90 0 0
-14.349999999999998 51.05 -22.549999999999997 90 0 0
-14.349999999999998 51.05 -18.45 90 0 0
-14.349999999999998 51.05 -14.349999999999998 90 0 0
-14.349999999999998 51.05 -10.25 90 0 0
-14.349999999999998 51.05 -6.1499999999999995 90 0 0
-14.349999999999998 51.05 -2.05 90 0 0
-14.349999999999998 51.05 2.05 90 0 0
-14.349999999999998 51.05 6.1499999999999995 90 0 0
-14.349999999999998 51.05 10.25 90 0 0
-14.349999999999998 51.05 14.349999999999998 90 0 0
-14.349999999999998 51.05 18.45 90 0 0
-14.349999999999998 51.05 22.549999999999997 90 0 0
-14.349999999999998 51.05 26.65 90 0 0
-14.349999999999998 51.05 30.749999999999996 90 0 0
-14.349999999999998 51.05 34.849999999999994 90 0 0
-14.349999999999998 51.05 38.949999999999996 90 0 0
-10.25 -51.05 -38.949999999999996 -90 0 0
-10.25 -51.05 -34.849999999999994 -90 0 0
-10.25 -51.05 -30.749999999999996 -90 0 0
-10.25 -51.05 -26.65 -90 0 0
-10.25 -51.05 -22.549999999999997 -90 0 0
-10.25 -51.05 -18.45 -90 0 0
-10.25 -51.05 -14.349999999999998 -90 0 0
-10.25 -51.05 -10.25 -90 0 0
-10.25 -51.05 -6.1499999999999995 -90 0 0
-10.25 -51.05 -2.05 -90 0 0
-10.25 -51.05 2.05 -90 0 0
-10.25 -51.05 6.1499999999999995 -90 0 0
-10.25 -51.05 10.25 -90 0 0
-10.25 -51.05 14.349999999999998 -90 0 0
-10.25 -51.05 18.45 -90 0 0
-10.25 -51.05 22.549999999999997 -90 0 0
-10.25 -51.05 26.65 -90 0 0
-10.25 -51.05 30.749999999999996 -90 0 0
-10.25 -51.05 34.849999999999994 -90 0 0
-10.25 -51.05 38.949999999999996 -90 0 0
-10.25 -38.949999999999996 -51.05 180 0 0
-10.25 -38.949999999999996 51.05 0 0 0
-10.25 -34.849999999999994 -51.05 180 0 0
-10.25 -34.849999999999994 51.05 0 0 0
-10.25 -30.749999999999996 -51.05 180 0 0
-10.25 -30.749999999999996 51.05 0 0 0
-10.25 -26.65 -51.05 180 0 0
-10.25 -26.65 51.05 0 0 0
-10.25 -22.549999999999997 -51.05 180 0 0
-10.25 -22.549999999999997 51.05 0 0 0
-10.25 -18.45 -51.05 180 0 0
-10.25 -18.45 51.05 0 0 0
-10.25 -14.349999999999998 -51.05 180 0 0
-10.25 -14.349999999999998 51.05 0 0 0
-10.25 -10.25 -51.05 180 0 0
-10.25 -10.25 51.05 0 0 0
-10.25 -6.1499999999999995 -51.05 180 0 0
-10.25 -6.1499999999999995 51.05 0 0 0
-10.25 -2.05 -51.05 180 0 0
-10.25 -2.05 51.05 0 0 0
-10.25 2.05 -51.05 180 0 0
-10.25 2.05 51.05 0 0 0
-10.25 6.1499999999999995 -51.05 180 0 0
-10.25 6.1499999999999995 51.05 0 0 0
-10.25 10.25 -51.05 180 0 0
-10.25 10.25 51.05 0 0 0
-10.25 14.349999999999998 -51.05 180 0 0
-10.25 14.349999999999998 51.05 0 0 0
-10.25 18.45 -51.05 180 0 0
-10.25 18.45 51.05 0 0 0
-10.25 22.549999999999997 -51.05 180 0 0
-10.25 22.549999999999997 51.05 0 0 0
-10.25 26.65 -51.05 180 0 0
-10.25 26.65 51.05 0 0 0
-10.25 30.749999999999996 -51.05 180 0 0
-10.25 30.749999999999996 51.05 0 0 0
-10.25 34.849999999999994 -51.05 180 0 0
-10.25 34.849999999999994 51.05 0 0 0
-10.25 38.949999999999996 -51.05 180 0 0
-10.25 38.949999999999996 51.05 0 0 0
-10.25 51.05 -38.949999999999996 90 0 0
-10.25 51.05 -34.849999999999994 90 0 0
-10.25 51.05 -30.749999999999996 90 0 0
-10.25 51.05 -26.65 90 0 0
-10.25 51.05 -22.549999999999997 90 0 0
-10.25 51.05 -18.45 90 0 0
-10.25 51.05 -14.349999999999998 90 0 0
-10.25 51.05 -10.25 90 0 0
-10.25 51.05 -6.1499999999999995 90 0 0
-10.25 51.05 -2.05 90 0 0
-10.25 51.05 2.05 90 0 0
-10.25 51.05 6.1499999999999995 90 0 0
-10.25 51.05 10.25 90 0 0
-10.25 51.05 14.349999999999998 90 0 0
-10.25 51.05 18.45 90 0 0
-10.25 51.05 22.549999999999997 90 0 0
-10.25 51.05 26.65 90 0 0
-10.25 51.05 30.749999999999996 90 0 0
-10.25 51.05 34.849999999999994 90 0 0
-10.25 51.05 38.949999999999996 90 0 0
-6.1499999999999995 -51.05 -38.949999999999996 -90 0 0
-6.1499999999999995 -51.05 -34.849999999999994 -90 0 0
-6.1499999999999995 -51.05 -30.749999999999996 -90 0 0
-6.1499999999999995 -51.05 -26.65 -90 0 0
-6.1499999999999995 -51.05 -22.549999999999997 -90 0 0
-6.1499999999999995 -51.05 -18.45 -90 0 0
-6.1499999999999995 -51.05 -14.349999999999998 -90 0 0
-6.1499999999999995 -51.05 -10.25 -90 0 0
-6.1499999999999995 -51.05 -6.1499999999999995 -90 0 0
-6.1499999999999995 -51.05 -2.05 -90 0 0
-6.1499999999999995 -51.05 2.05 -90 0 0
-6.1499999999999995 -51.05 6.1499999999999995 -90 0 0
-6.1499999999999995 -51.05 10.25 -90 0 0
-6.1499999999999995 -51.05 14.349999999999998 -90 0 0
-6.1499999999999995 -51.05 18.45 -90 0 0
-6.1499999999999995 -51.05 22.549999999999997 -90 0 0
-6.1499999999999995 -51.05 26.65 -90 0 0
-6.1499999999999995 -51.05 30.749999999999996 -90 0 0
-6.1499999999999995 -51.05 34.849999999999994 -90 0 0
-6.1499999999999995 -51.05 38.949999999999996 -90 0 0
-6.1499999999999995 -38.949999999999996 -51.05 180 0 0
-6.1499999999999995 -38.949999999999996 51.05 0 0 0
-6.1499999999999995 -34.849999999999994 -51.05 180 0 0
-6.1499999999999995 -34.849999999999994 51.05 0 0 0
-6.1499999999999995 -30.749999999999996 -51.05 180 0 0
-6.1499999999999995 -30.749999999999996 51.05 0 0 0
-6.1499999999999995 -26.65 -51.05 180 0 0
-6.1499999999999995 -26.65 51.05 0 0 0
-6.1499999999999995 -22.549999999999997 -51.05 180 0 0
-6.1499999999999995 -22.549999999999997 51.05 0 0 0
-6.1499999999999995 -18.45 -51.05 180 0 0
-6.1499999999999995 -18.45 51.05 0 0 0
-6.1499999999999995 -14.349999999999998 -51.05 180 0 0
-6.1499999999999995 -14.349999999999998 51.05 0 0 0
-6.1499999999999995 -10.25 -51.05 180 0 0
-6.1499999999999995 -10.25 51.05 0 0 0
-6.1499999999999995 -6.1499999999999995 -51.05 180 0 0
-6.1499999999999995 -6.1499999999999995 51.05 0 0 0
-6.1499999999999995 -2.05 -51.05 180 0 0
-6.1499999999999995 -2.05 51.05 0 0 0
-6.1499999999999995 2.05 -51.05 180 0 0
-6.1499999999999995 2.05 51.05 0 0 0
-6.1499999999999995 6.1499999999999995 -51.05 180 0 0
-6.1499999999999995 6.1499999999999995 51.05 0 0 0
-6.1499999999999995 10.25 -51.05 180 0 0
-6.1499999999999995 10.25 51.05 0 0 0
-6.1499999999999995 14.349999999999998 -51.05 180 0 0
-6.1499999999999995 14.349999999999998 51.05 0 0 0
-6.1499999999999995 18.45 -51.05 180 0 0
-6.1499999999999995 18.45 51.05 0 0 0
-6.1499999999999995 22.549999999999997 -51.05 180 0 0
-6.1499999999999995 22.549999999999997 51.05 0 0 0
-6.1499999999999995 26.65 -51.05 180 0 0
-6.1499999999999995 26.65 51.05 0 0 0
-6.1499999999999995 30.749999999999996 -51.05 180 0 0
-6.1499999999999995 30.749999999999996 51.05 0 0 0
-6.1499999999999995 34.849999999999994 -51.05 180 0 0
-6.1499999999999995 34.849999999999994 51.05 0 0 0
-6.1499999999999995 38.949999999999996 -51.05 180 0 0
-6.1499999999999995 38.949999999999996 51.05 0 0 0
-6.1499999999999995 51.05 -38.949999999999996 90 0 0
-6.1499999999999995 51.05 -34.849999999999994 90 0 0
-6.1499999999999995 51.05 -30.749999999999996 90 0 0
-6.1499999999999995 51.05 -26.65 90 0 0
-6.1499999999999995 51.05 -22.549999999999997 90 0 0
-6.1499999999999995 51.05 -18.45 90 0 0
-6.1499999999999995 51.05 -14.349999999999998 90 0 0
-6.1499999999999995 51.05 -10.25 90 0 0
-6.1499999999999995 51.05 -6.1499999999999995 90 0 0
-6.1499999999999995 51.05 -2.05 90 0 0
-6.1499999999999995 51.05 2.05 90 0 0
-6.1499999999999995 51.05 6.1499999999999995 90 0 0
-6.1499999999999995 51.05 10.25 90 0 0
-6.1499999999999995 51.05 14.349999999999998 90 0 0
-6.1499999999999995 51.05 18.45 90 0 0
-6.1499999999999995 51.05 22.549999999999997 90 0 0
-6.1499999999999995 51.05 26.65 90 0 0
-6.1499999999999995 51.05 30.749999999999996 90 0 0
-6.1499999999999995 51.05 34.849999999999994 90 0 0
-6.1499999999999995 51.05 38.949999999999996 90 0 0
-2.05 -51.05 -38.949999999999996 -90 0 0
-2.05 -51.05 -34.849999999999994 -90 0 0
-2.05 -51.05 -30.749999999999996 -90 0 0
-2.05 -51.05 -26.65 -90 0 0
-2.05 -51.05 -22.549999999999997 -90 0 0
-2.05 -51.05 -18.45 -90 0 0
-2.05 -51.05 -14.349999999999998 -90 0 0
-2.05 -51.05 -10.25 -90 0 0
-2.05 -51.05 -6.1499999999999995 -90 0 0
-2.05 -51.05 -2.05 -90 0 0
-2.05 -51.05 2.05 -90 0 0
-2.05 -51.05 6.1499999999999995 -90 0 0
-2.05 -51.05 10.25 -90 0 0
-2.05 -51.05 14.349999999999998 -90 0 0
-2.05 -51.05 18.45 -90 0 0
-2.05 -51.05 22.549999999999997 -90 0 0
-2.05 -51.05 26.65 -90 0 0
-2.05 -51.05 30.749999999999996 -90 0 0
-2.05 -51.05 34.849999999999994 -90 0 0
-2.05 -51.05 38.949999999999996 -90 0 0
-2.05 -38.949999999999996 -51.05 180 0 0
-2.05 -38.949999999999996 51.05 0 0 0
-2.05 -34.849999999999994 -51.05 180 0 0
-2.05 -34.849999999999994 51.05 0 0 0
-2.05 -30.749999999999996 -51.05 180 0 0
-2.05 -30.749999999999996 51.05 0 0 0
-2.05 -26.65 -51.05 180 0 0
-2.05 -26.65 51.05 0 0 0
-2.05 -22.549999999999997 -51.05 180 0 0
-2.05 -22.549999999999997 51.05 0 0 0
-2.05 -18.45 -51.05 180 0 0
-2.05 -18.45 51.05 0 0 0
-2.05 -14.349999999999998 -51.05 180 0 0
-2.05 -14.349999999999998 51.05 0 0 0
-2.05 -10.25 -51.05 180 0 0
-2.05 -10.25 51.05 0 0 0
-2.05 -6.1499999999999995 -51.05 180 0 0
-2.05 -6.1499999999999995 51.05 0 0 0
-2.05 -2.05 -51.05 180 0 0
-2.05 -2.05 51.05 0 0 0
-2.05 2.05 -51.05 180 0 0
-2.05 2.05 51.05 0 0 0
-2.05 6.1499999999999995 -51.05 180 0 0
-2.05 6.1499999999999995 51.05 0 0 0
-2.05 10.25 -51.05 180 0 0
-2.05 10.25 51.05 0 0 0
-2.05 14.349999999999998 -51.05 180 0 0
-2.05 14.349999999999998 51.05 0 0 0
-2.05 18.45 -51.05 180 0 0
-2.05 18.45 51.05 0 0 0
-2.05 22.549999999999997 -51.05 180 0 0
-2.05 22.549999999999997 51.05 0 0 0
-2.05 26.65 -51.05 180 0 0
-2.05 26.65 51.05 0 0 0
-2.05 30.749999999999996 -51.05 180 0 0
-2.05 30.749999999999996 51.05 0 0 0
-2.05 34.849999999999994 -51.05 180 0 0
-2.05 34.849999999999994 51.05 0 0 0
-2.05 38.949999999999996 -51.05 180 0 0
-2.05 38.949999999999996 51.05 0 0 0
-2.05 51.05 -38.949999999999996 90 0 0
-2.05 51.05 -34.849999999999994 90 0 0
-2.05 51.05 -30.749999999999996 90 0 0
-2.05 51.05 -26.65 90 0 0
-2.05 51.05 -22.549999999999997 90 0 0
-2.05 51.05 -18.45 90 0 0
-2.05 51.05 -14.349999999999998 90 0 0
-2.05 51.05 -10.25 90 0 0
-2.05 51.05 -6.1499999999999995 90 0 0
-2.05 51.05 -2.05 90 0 0
-2.05 51.05 2.05 90 0 0
-2.05 51.05 6.1499999999999995 90 0 0
-2.05 51.05 10.25 90 0 0
-2.05 51.05 14.349999999999998 90 0 0
-2.05 51.05 18.45 90 0 0
-2.05 51.05 22.549999999999997 90 0 0
-2.05 51.05 26.65 90 0 0
-2.05 51.05 30.749999999999996 90 0 0
-2.05 51.05 34.849999999999994 90 0 0
-2.05 51.05 38.949999999999996 90 0 0
2.05 -51.05 -38.949999999999996 -90 0 0
2.05 -51.05 -34.849999999999994 -90 0 0
2.05 -51.05 -30.749999999999996 -90 0 0
2.05 -51.05 -26.65 -90 0 0
2.05 -51.05 -22.549999999999997 -90 0 0
2.05 -51.05 -18.45 -90 0 0
2.05 -51.05 -14.349999999999998 -90 0 0
2.05 -51.05 -10.25 -90 0 0
2.05 -51.05 -6.1499999999999995 -90 0 0
2.05 -51.05 -2.05 -90 0 0
2.05 -51.05 2.05 -90 0 0
2.05 -51.05 6.1499999999999995 -90 0 0
2.05 -51.05 10.25 -90 0 0
2.05 -51.05 14.349999999999998 -90 0 0
2.05 -51.05 18.45 -90 0 0
2.05 -51.05 22.549999999999997 -90 0 0
2.05 -51.05 26.65 -90 0 0
2.05 -51.05 30.749999999999996 -90 0 0
2.05 -51.05 34.849999999999994 -90 0 0
2.05 -51.05 38.949999999999996 -90 0 0
2.05 -38.949999999999996 -51.05 180 0 0
2.05 -38.949999999999996 51.05 0 0 0
2.05 -34.849999999999994 -51.05 180 0 0
2.05 -34.849999999999994 51.05 0 0 0
2.05 -30.749999999999996 -51.05 180 0 0
2.05 -30.749999999999996 51.05 0 0 0
2.05 -26.65 -51.05 180 0 0
2.05 -26.65 51.05 0 0 0
2.05 -22.549999999999997 -51.05 180 0 0
2.05 -22.549999999999997 51.05 0 0 0
2.05 -18.45 -51.05 180 0 0
2.05 -18.45 51.05 0 0 0
2.05 -14.349999999999998 -51.05 180 0 0
2.05 -14.349999999999998 51.05 0 0 0
2.05 -10.25 -51.05 180 0 0
2.05 -10.25 51.05 0 0 0
2.05 -6.1499999999999995 -51.05 180 0 0
2.05 -6.1499999999999995 51.05 0 0 0
2.05 -2.05 -51.05 180 0 0
2.05 -2.05 51.05 0 0 0
2.05 2.05 -51.05 180 0 0
2.05 2.05 51.05 0 0 0
2.05 6.1499999999999995 -51.05 180 0 0
2.05 6.1499999999999995 51.05 0 0 0
2.05 10.25 -51.05 180 0 0
2.05 10.25 51.05 0 0 0
2.05 14.349999999999998 -51.05 180 0 0
2.05 14.349999999999998 51.05 0 0 0
2.05 18.45 -51.05 180 0 0
2.05 18.45 51.05 0 0 0
2.05 22.549999999999997 -51.05 180 0 0
2.05 22.549999999999997 51.05 0 0 0
2.05 26.65 -51.05 180 0 0
2.05 26.65 51.05 0 0 0
2.05 30.749999999999996 -51.05 180 0 0
2.05 30.749999999999996 51.05 0 0 0
2.05 34.849999999999994 -51.05 180 0 0
2.05 34.849999999999994 51.05 0 0 0
2.05 38.949999999999996 -51.05 180 0 0
2.05 38.949999999999996 51.05 0 0 0
2.05 51.05 -38.949999999999996 90 0 0
2.05 51.05 -34.849999999999994 90 0 0
2.05 51.05 -30.749999999999996 90 0 0
2.05 51.05 -26.65 90 0 0
2.05 51.05 -22.549999999999997 90 0 0
2.05 51.05 -18.45 90 0 0
2.05 51.05 -14.349999999999998 90 0 0
2.05 51.05 -10.25 90 0 0
2.05 51.05 -6.1499999999999995 90 0 0
2.05 51.05 -2.05 90 0 0
2.05 51.05 2.05 90 0 0
2.05 51.05 6.1499999999999995 90 0 0
2.05 51.05 10.25 90 0 0
2.05 51.05 14.349999999999998 90 0 0
2.05 51.05 18.45 90 0 0
2.05 51.05 22.549999999999997 90 0 0
2.05 51.05 26.65 90 0 0
2.05 51.05 30.749999999999996 90 0 0
2.05 51.05 34.849999999999994 90 0 0
2.05 51.05 38.949999999999996 90 0 0
6.1499999999999995 -51.05 -38.949999999999996 -90 0 0
6.1499999999999995 -51.05 -34.849999999999994 -90 0 0
6.1499999999999995 -51.05 -30.749999999999996 -90 0 0
6.1499999999999995 -51.05 -26.65 -90 0 0
6.1499999999999995 -51.05 -22.549999999999997 -90 0 0
6.1499999999999995 -51.05 -18.45 -90 0 0
6.1499999999999995 -51.05 -14.349999999999998 -90 0 0
6.1499999999999995 -51.05 -10.25 -90 0 0
6.1499999999999995 -51.05 -6.1499999999999995 -90 0 0
6.1499999999999995 -51.05 -2.05 -90 0 0
6.1499999999999995 -51.05 2.05 -90 0 0
6.1499999999999995 -51.05 6.1499999999999995 -90 0 0
6.1499999999999995 -51.05 10.25 -90 0 0
6.1499999999999995 -51.05 14.349999999999998 -90 0 0
6.1499999999999995 -51.05 18.45 -90 0 0
6.1499999999999995 -51.05 22.549999999999997 -90 0 0
6.1499999999999995 -51.05 26.65 -90 0 0
6.1499999999999995 -51.05 30.749999999999996 -90 0 0
6.1499999999999995 -51.05 34.849999999999994 -90 0 0
6.1499999999999995 -51.05 38.949999999999996 -90 0 0
6.1499999999999995 -38.949999999999996 -51.05 180 0 0
6.1499999999999995 -38.949999999999996 51.05 0 0 0
6.1499999999999995 -34.849999999999994 -51.05 180 0 0
6.1499999999999995 -34.849999999999994 51.05 0 0 0
6.1499999999999995 -30.749999999999996 -51.05 180 0 0
6.1499999999999995 -30.749999999999996 51.05 0 0 0
6.1499999999999995 -26.65 -51.05 180 0 0
6.1499999999999995 -26.65 51.05 0 0 0
6.1499999999999995 -22.549999999999997 -51.05 180 0 0
6.1499999999999995 -22.549999999999997 51.05 0 0 0
6.1499999999999995 -18.45 -51.05 180 0 0
6.1499999999999995 -18.45 51.05 0 0 0
6.1499999999999995 -14.349999999999998 -51.05 180 0 0
6.1499999999999995 -14.349999999999998 51.05 0 0 0
6.1499999999999995 -10.25 -51.05 180 0 0
6.1499999999999995 -10.25 51.05 0 0 0
6.1499999999999995 -6.1499999999999995 -51.05 180 0 0
6.1499999999999995 -6.1499999999999995 51.05 0 0 0
6.1499999999999995 -2.05 -51.05 180 0 0
6.1499999999999995 -2.05 51.05 0 0 0
6.1499999999999995 2.05 -51.05 180 0 0
6.1499999999999995 2.05 51.05 0 0 0
6.1499999999999995 6.1499999999999995 -51.05 180 0 0
6.1499999999999995 6.1499999999999995 51.05 0 0 0
6.1499999999999995 10.25 -51.05 180 0 0
6.1499999999999995 10.25 51.05 0 0 0
6.1499999999999995 14.349999999999998 -51.05 180 0 0
6.1499999999999995 14.349999999999998 51.05 0 0 0
6.1499999999999995 18.45 -51.05 180 0 0
6.1499999999999995 18.45 51.05 0 0 0
6.1499999999999995 22.549999999999997 -51.05 180 0 0
6.1499999999999995 22.549999999999997 51.05 0 0 0
6.1499999999999995 26.65 -51.05 180 0 0
6.1499999999999995 26.65 51.05 0 0 0
6.1499999999999995 30.749999999999996 -51.05 180 0 0
6.1499999999999995 30.749999999999996 51.05 0 0 0
6.1499999999999995 34.849999999999994 -51.05 180 0 0
6.1499999999999995 34.849999999999994 51.05 0 0 0
6.1499999999999995 38.949999999999996 -51.05 180 0 0
6.1499999999999995 38.949999999999996 51.05 0 0 0
6.1499999999999995 51.05 -38.949999999999996 90 0 0
6.1499999999999995 51.05 -34.849999999999994 90 0 0
6.1499999999999995 51.05 -30.749999999999996 90 0 0
6.1499999999999995 51.05 -26.65 90 0 0
6.1499999999999995 51.05 -22.549999999999997 90 0 0
6.1499999999999995 51.05 -18.45 90 0 0
6.1499999999999995 51.05 -14.349999999999998 90 0 0
6.1499999999999995 51.05 -10.25 90 0 0
6.1499999999999995 51.05 -6.1499999999999995 90 0 0
6.1499999999999995 51.05 -2.05 90 0 0
6.1499999999999995 51.05 2.05 90 0 0
6.1499999999999995 51.05 6.1499999999999995 90 0 0
6.1499999999999995 51.05 10.25 90 0 0
6.1499999999999995 51.05 14.349999999999998 90 0 0
6.1499999999999995 51.05 18.45 90 0 0
6.1499999999999995 51.05 22.549999999999997 90 0 0
6.1499999999999995 51.05 26.65 90 0 0
6.1499999999999995 51.05 30.749999999999996 90 0 0
6.1499999999999995 51.05 34.849999999999994 90 0 0
6.1499999999999995 51.05 38.949999999999996 90 0 0
10.25 -51.05 -38.949999999999996 -90 0 0
10.25 -51.05 -34.849999999999994 -90 0 0
10.25 -51.05 -30.749999999999996 -90 0 0
10.25 -51.05 -26.65 -90 0 0
10.25 -51.05 -22.549999999999997 -90 0 0
10.25 -51.05 -18.45 -90 0 0
10.25 -51.05 -14.349999999999998 -90 0 0
10.25 -51.05 -10.25 -90 0 0
10.25 -51.05 -6.1499999999999995 -90 0 0
10.25 -51.05 -2.05 -90 0 0
10.25 -51.05 2.05 -90 0 0
10.25 -51.05 6.1499999999999995 -90 0 0
10.25 -51.05 10.25 -90 0 0
10.25 -51.05 14.349999999999998 -90 0 0
10.25 -51.05 18.45 -90 0 0
10.25 -51.05 22.549999999999997 -90 0 0
10.25 -51.05 26.65 -90 0 0
10.25 -51.05 30.749999999999996 -90 0 0
10.25 -51.05 34.849999999999994 -90 0 0
10.25 -51.05 38.949999999999996 -90 0 0
10.25 -38.949999999999996 -51.05 180 0 0
10.25 -38.949999999999996 51.05 0 0 0
10.25 -34.849999999999994 -51.05 180 0 0
10.25 -34.849999999999994 51.05 0 0 0
10.25 -30.749999999999996 -51.05 180 0 0
10.25 -30.749999999999996 51.05 0 0 0
10.25 -26.65 -51.05 180 0 0
10.25 -26.65 51.05 0 0 0
10.25 -22.549999999999997 -51.05 180 0 0
10.25 -22.549999999999997 51.05 0 0 0
10.25 -18.45 -51.05 180 0 0
10.25 -18.45 51.05 0 0 0
10.25 -14.349999999999998 -51.05 180 0 0
10.25 -14.349999999999998 51.05 0 0 0
10.25 -10.25 -51.05 180 0 0
10.25 -10.25 51.05 0 0 0
10.25 -6.1499999999999995 -51.05 180 0 0
10.25 -6.1499999999999995 51.05 0 0 0
10.25 -2.05 -51.05 180 0 0
10.25 -2.05 51.05 0 0 0
10.25 2.05 -51.05 180 0 0
10.25 2.05 51.05 0 0 0
10.25 6.1499999999999995 -51.05 180 0 0
10.25 6.1499999999999995 51.05 0 0 0
10.25 10.25 -51.05 180 0 0
10.25 10.25 51.05 0 0 0
10.25 14.349999999999998 -51.05 180 0 0
10.25 14.349999999999998 51.05 0 0 0
10.25 18.45 -51.05 180 0 0
10.25 18.45 51.05 0 0 0
10.25 22.549999999999997 -51.05 180 0 0
10.25 22.549999999999997 51.05 0 0 0
10.25 26.65 -51.05 180 0 0
10.25 26.65 51.05 0 0 0
10.25 30.749999999999996 -51.05 180 0 0
10.25 30.749999999999996 51.05 0 0 0
10.25 34.849999999999994 -51.05 180 0 0
10.25 34.849999999999994 51.05 0 0 0
10.25 38.949999999999996 -51.05 180 0 0
10.25 38.949999999999996 51.05 0 0 0
10.25 51.05 -38.949999999999996 90 0 0
10.25 51.05 -34.849999999999994 90 0 0
10.25 51.05 -30.749999999999996 90 0 0
10.25 51.05 -26.65 90 0 0
10.25 51.05 -22.549999999999997 90 0 0
10.25 51.05 -18.45 90 0 0
10.25 51.05 -14.349999999999998 90 0 0
10.25 51.05 -10.25 90 0 0
10.25 51.05 -6.1499999999999995 90 0 0
10.25 51.05 -2.05 90 0 0
10.25 51.05 2.05 90 0 0
10.25 51.05 6.1499999999999995 90 0 0
10.25 51.05 10.25 90 0 0
10.25 51.05 14.349999999999998 90 0 0
10.25 51.05 18.45 90 0 0
10.25 51.05 22.549999999999997 90 0 0
10.25 51.05 26.65 90 0 0
10.25 51.05 30.749999999999996 90 0 0
10.25 51.05 34.849999999999994 90 0 0
10.25 51.05 38.949999999999996 90 0 0
14.349999999999998 -51.05 -38.949999999999996 -90 0 0
14.349999999999998 -51.05 -34.849999999999994 -90 0 0
14.349999999999998 -51.05 -30.749999999999996 -90 0 0
14.349999999999998 -51.05 -26.65 -90 0 0
14.349999999999998 -51.05 -22.549999999999997 -90 0 0
14.349999999999998 -51.05 -18.45 -90 0 0
14.349999999999998 -51.05 -14.349999999999998 -90 0 0
14.349999999999998 -51.05 -10.25 -90 0 0
14.349999999999998 -51.05 -6.1499999999999995 -90 0 0
14.349999999999998 -51.05 -2.05 -90 0 0
14.349999999999998 -51.05 2.05 -90 0 0
14.349999999999998 -51.05 6.1499999999999995 -90 0 0
14.349999999999998 -51.05 10.25 -90 0 0
14.349999999999998 -51.05 14.349999999999998 -90 0 0
14.349999999999998 -51.05 18.45 -90 0 0
14.349999999999998 -51.05 22.549999999999997 -90 0 0
14.349999999999998 -51.05 26.65 -90 0 0
14.349999999999998 -51.05 30.749999999999996 -90 0 0
14.349999999999998 -51.05 34.849999999999994 -90 0 0
14.349999999999998 -51.05 38.949999999999996 -90 0 0
14.349999999999998 -38.949999999999996 -51.05 180 0 0
14.349999999999998 -38.949999999999996 51.05 0 0 0
14.349999999999998 -34.849999999999994 -51.05 180 0 0
14.349999999999998 -34.849999999999994 51.05 0 0 0
14.349999999999998 -30.749999999999996 -51.05 180 0 0
14.349999999999998 -30.749999999999996 51.05 0 0 0
14.349999999999998 -26.65 -51.05 180 0 0
14.349999999999998 -26.65 51.05 0 0 0
14.349999999999998 -22.549999999999997 -51.05 180 0 0
14.349999999999998 -22.549999999999997 51.05 0 0 0
14.349999999999998 -18.45 -51.05 180 0 0
14.349999999999998 -18.45 51.05 0 0 0
14.349999999999998 -14.349999999999998 -51.05 180 0 0
14.349999999999998 -14.349999999999998 51.05 0 0 0
14.349999999999998 -10.25 -51.05 180 0 0
14.349999999999998 -10.25 51.05 0 0 0
14.349999999999998 -6.1499999999999995 -51.05 180 0 0
14.349999999999998 -6.1499999999999995 51.05 0 0 0
14.349999999999998 -2.05 -51.05 180 0 0
14.349999999999998 -2.05 51.05 0 0 0
14.349999999999998 2.05 -51.05 180 0 0
14.349999999999998 2.05 51.05 0 0 0
14.349999999999998 6.1499999999999995 -51.05 180 0 0
14.349999999999998 6.1499999999999995 51.05 0 0 0
14.349999999999998 10.25 -51.05 180 0 0
14.349999999999998 10.25 51.05 0 0 0
14.349999999999998 14.349999999999998 -51.05 180 0 0
14.349999999999998 14.349999999999998 51.05 0 0 0
14.349999999999998 18.45 -51.05 180 0 0
14.349999999999998 18.45 51.05 0 0 0
14.349999999999998 22.549999999999997 -51.05 180 0 0
14.349999999999998 22.549999999999997 51.05 0 0 0
14.349999999999998 26.65 -51.05 180 0 0
14.349999999999998 26.65 51.05 0 0 0
14.349999999999998 30.749999999999996 -51.05 180 0 0
14.349999999999998 30.749999999999996 51.05 0 0 0
14.349999999999998 34.849999999999994 -51.05 180 0 0
14.349999999999998 34.849999999999994 51.05 0 0 0
14.349999999999998 38.949999999999996 -51.05 180 0 0
14.349999999999998 38.949999999999996 51.05 0 0 0
14.349999999999998 51.05 -38.949999999999996 90 0 0
14.349999999999998 51.05 -34.849999999999994 90 0 0
14.349999999999998 51.05 -30.749999999999996 90 0 0
14.349999999999998 51.05 -26.65 90 0 0
14.349999999999998 51.05 -22.549999999999997 90 0 0
14.349999999999998 51.05 -18.45 90 0 0
14.349999999999998 51.05 -14.349999999999998 90 0 0
14.349999999999998 51.05 -10.25 90 0 0
14.349999999999998 51.05 -6.1499999999999995 90 0 0
14.349999999999998 51.05 -2.05 90 0 0
14.349999999999998 51.05 2.05 90 0 0
14.349999999999998 51.05 6.1499999999999995 90 0 0
14.349999999999998 51.05 10.25 90 0 0
14.349999999999998 51.05 14.349999999999998 90 0 0
14.349999999999998 51.05 18.45 90 0 0
14.349999999999998 51.05 22.549999999999997 90 0 0
14.349999999999998 51.05 26.65 90 0 0
14.349999999999998 51.05 30.749999999999996 90 0 0
14.349999999999998 51.05 34.849999999999994 90 0 0
14.349999999999998 51.05 38.949999999999996 90 0 0
18.45 -51.05 -38.949999999999996 -90 0 0
18.45 -51.05 -34.849999999999994 -90 0 0
18.45 -51.05 -30.749999999999996 -90 0 0
18.45 -51.05 -26.65 -90 0 0
18.45 -51.05 -22.549999999999997 -90 0 0
18.45 -51.05 -18.45 -90 0 0
18.45 -51.05 -14.349999999999998 -90 0 0
18.45 -51.05 -10.25 -90 0 0
18.45 -51.05 -6.1499999999999995 -90 0 0
18.45 -51.05 -2.05 -90 0 0
18.45 -51.05 2.05 -90 0 0
18.45 -51.05 6.1499999999999995 -90 0 0
18.45 -51.05 10.25 -90 0 0
18.45 -51.05 14.349999999999998 -90 0 0
18.45 -51.05 18.45 -90 0 0
18.45 -51.05 22.549999999999997 -90 0 0
18.45 -51.05 26.65 -90 0 0
18.45 -51.05 30.749999999999996 -90 0 0
18.45 -51.05 34.849999999999994 -90 0 0
18.45 -51.05 38.949999999999996 -90 0 0
18.45 -38.949999999999996 -51.05 180 0 0
18.45 -38.949999999999996 51.05 0 0 0
18.45 -34.849999999999994 -51.05 180 0 0
18.45 -34.849999999999994 51.05 0 0 0
18.45 -30.749999999999996 -51.05 180 0 0
18.45 -30.749999999999996 51.05 0 0 0
18.45 -26.65 -51.05 180 0 0
18.45 -26.65 51.05 0 0 0
18.45 -22.549999999999997 -51.05 180 0 0
18.45 -22.549999999999997 51.05 0 0 0
18.45 -18.45 -51.05 180 0 0
18.45 -18.45 51.05 0 0 0
18.45 -14.349999999999998 -51.05 180 0 0
18.45 -14.349999999999998 51.05 0 0 0
18.45 -10.25 -51.05 180 0 0
18.45 -10.25 51.05 0 0 0
18.45 -6.1499999999999995 -51.05 180 0 0
18.45 -6.1499999999999995 51.05 0 0 0
18.45 -2.05 -51.05 180 0 0
18.45 -2.05 51.05 0 0 0
18.45 2.05 -51.05 180 0 0
18.45 2.05 51.05 0 0 0
18.45 6.1499999999999995 -51.05 180 0 0
18.45 6.1499999999999995 51.05 0 0 0
18.45 10.25 -51.05 180 0 0
18.45 10.25 51.05 0 0 0
18.45 14.349999999999998 -51.05 180 0 0
18.45 14.349999999999998 51.05 0 0 0
18.45 18.45 -51.05 180 0 0
18.45 18.45 51.05 0 0 0
18.45 22.549999999999997 -51.05 180 0 0
18.45 22.549999999999997 51.05 0 0 0
18.45 26.65 -51.05 180 0 0
18.45 26.65 51.05 0 0 0
18.45 30.749999999999996 -51.05 180 0 0
18.45 30.749999999999996 51.05 0 0 0
18.45 34.849999999999994 -51.05 180 0 0
18.45 34.849999999999994 51.05 0 0 0
18.45 38.949999999999996 -51.05 180 0 0
18.45 38.949999999999996 51.05 0 0 0
18.45 51.05 -38.949999999999996 90 0 0
18.45 51.05 -34.849999999999994 90 0 0
18.45 51.05 -30.749999999999996 90 0 0
18.45 51.05 -26.65 90 0 0
18.45 51.05 -22.549999999999997 90 0 0
18.45 51.05 -18.45 90 0 0
18.45 51.05 -14.349999999999998 90 0 0
18.45 51.05 -10.25 90 0 0
18.45 51.05 -6.1499999999999995 90 0 0
18.45 51.05 -2.05 90 0 0
18.45 51.05 2.05 90 0 0
18.45 51.05 6.1499999999999995 90 0 0
18.45 51.05 10.25 90 0 0
18.45 51.05 14.349999999999998 90 0 0
18.45 51.05 18.45 90 0 0
18.45 51.05 22.549999999999997 90 0 0
18.45 51.05 26.65 90 0 0
18.45 51.05 30.749999999999996 90 0 0
18.45 51.05 34.849999999999994 90 0 0
18.45 51.05 38.949999999999996 90 0 0
22.549999999999997 -51.05 -38.949999999999996 -90 0 0
22.549999999999997 -51.05 -34.849999999999994 -90 0 0
22.549999999999997 -51.05 -30.749999999999996 -90 0 0
22.549999999999997 -51.05 -26.65 -90 0 0
22.549999999999997 -51.05 -22.549999999999997 -90 0 0
22.549999999999997 -51.05 -18.45 -90 0 0
22.549999999999997 -51.05 -14.349999999999998 -90 0 0
22.549999999999997 -51.05 -10.25 -90 0 0
22.549999999999997 -51.05 -6.1499999999999995 -90 0 0
22.549999999999997 -51.05 -2.05 -90 0 0
22.549999999999997 -51.05 2.05 -90 0 0
22.549999999999997 -51.05 6.1499999999999995 -90 0 0
22.549999999999997 -51.05 10.25 -90 0 0
22.549999999999997 -51.05 14.349999999999998 -90 0 0
22.549999999999997 -51.05 18.45 -90 0 0
22.549999999999997 -51.05 22.549999999999997 -90 0 0
22.549999999999997 -51.05 26.65 -90 0 0
22.549999999999997 -51.05 30.749999999999996 -90 0 0
22.549999999999997 -51.05 34.849999999999994 -90 0 0
22.549999999999997 -51.05 38.949999999999996 -90 0 0
22.549999999999997 -38.949999999999996 -51.05 180 0 0
22.549999999999997 -38.949999999999996 51.05 0 0 0
22.549999999999997 -34.849999999999994 -51.05 180 0 0
22.549999999999997 -34.849999999999994 51.05 0 0 0
22.549999999999997 -30.749999999999996 -51.05 180 0 0
22.549999999999997 -30.749999999999996 51.05 0 0 0
22.549999999999997 -26.65 -51.05 180 0 0
22.549999999999997 -26.65 51.05 0 0 0
22.549999999999997 -22.549999999999997 -51.05 180 0 0
22.549999999999997 -22.549999999999997 51.05 0 0 0
22.549999999999997 -18.45 -51.05 180 0 0
22.549999999999997 -18.45 51.05 0 0 0
22.549999999999997 -14.349999999999998 -51.05 180 0 0
22.549999999999997 -14.349999999999998 51.05 0 0 0
22.549999999999997 -10.25 -51.05 180 0 0
22.549999999999997 -10.25 51.05 0 0 0
22.549999999999997 -6.1499999999999995 -51.05 180 0 0
22.549999999999997 -6.1499999999999995 51.05 0 0 0
22.549999999999997 -2.05 -51.05 180 0 0
22.549999999999997 -2.05 51.05 0 0 0
22.549999999999997 2.05 -51.05 180 0 0
22.549999999999997 2.05 51.05 0 0 0
22.549999999999997 6.1499999999999995 -51.05 180 0 0
22.549999999999997 6.1499999999999995 51.05 0 0 0
22.549999999999997 10.25 -51.05 180 0 0
22.549999999999997 10.25 51.05 0 0 0
22.549999999999997 14.349999999999998 -51.05 180 0 0
22.549999999999997 14.349999999999998 51.05 0 0 0
22.549999999999997 18.45 -51.05 180 0 0
22.549999999999997 18.45 51.05 0 0 0
22.549999999999997 22.549999999999997 -51.05 180 0 0
22.549999999999997 22.549999999999997 51.05 0 0 0
22.549999999999997 26.65 -51.05 180 0 0
22.549999999999997 26.65 51.05 0 0 0
22.549999999999997 30.749999999999996 -51.05 180 0 0
22.549999999999997 30.749999999999996 51.05 0 0 0
22.549999999999997 34.849999999999994 -51.05 180 0 0
22.549999999999997 34.849999999999994 51.05 0 0 0
22.549999999999997 38.949999999999996 -51.05 180 0 0
22.549999999999997 38.949999999999996 51.05 0 0 0
22.549999999999997 51.05 -38.949999999999996 90 0 0
22.549999999999997 51.05 -34.849999999999994 90 0 0
22.549999999999997 51.05 -30.749999999999996 90 0 0
22.549999999999997 51.05 -26.65 90 0 0
22.549999999999997 51.05 -22.549999999999997 90 0 0
22.549999999999997 51.05 -18.45 90 0 0
22.549999999999997 51.05 -14.349999999999998 90 0 0
22.549999999999997 51.05 -10.25 90 0 0
22.549999999999997 51.05 -6.1499999999999995 90 0 0
22.549999999999997 51.05 -2.05 90 0 0
22.549999999999997 51.05 2.05 90 0 0
22.549999999999997 51.05 6.1499999999999995 90 0 0
22.549999999999997 51.05 10.25 90 0 0
22.549999999999997 51.05 14.349999999999998 90 0 0
22.549999999999997 51.05 18.45 90 0 0
22.549999999999997 51.05 22.549999999999997 90 0 0
22.549999999999997 51.05 26.65 90 0 0
22.549999999999997 51.05 30.749999999999996 90 0 0
22.549999999999997 51.05 34.849999999999994 90 0 0
22.549999999999997 51.05 38.949999999999996 90 0 0
26.65 -51.05 -38.949999999999996 -90 0 0
26.65 -51.05 -34.849999999999994 -90 0 0
26.65 -51.05 -30.749999999999996 -90 0 0
26.65 -51.05 -26.65 -90 0 0
26.65 -51.05 -22.549999999999997 -90 0 0
26.65 -51.05 -18.45 -90 0 0
26.65 -51.05 -14.349999999999998 -90 0 0
26.65 -51.05 -10.25 -90 0 0
26.65 -51.05 -6.1499999999999995 -90 0 0
26.65 -51.05 -2.05 -90 0 0
26.65 -51.05 2.05 -90 0 0
26.65 -51.05 6.1499999999999995 -90 0 0
26.65 -51.05 10.25 -90 0 0
26.65 -51.05 14.349999999999998 -90 0 0
26.65 -51.05 18.45 -90 0 0
26.65 -51.05 22.549999999999997 -90 0 0
26.65 -51.05 26.65 -90 0 0
26.65 -51.05 30.749999999999996 -90 0 0
26.65 -51.05 34.849999999999994 -90 0 0
26.65 -51.05 38.949999999999996 -90 0 0
26.65 -38.949999999999996 -51.05 180 0 0
26.65 -38.949999999999996 51.05 0 0 0
26.65 -34.849999999999994 -51.05 180 0 0
26.65 -34.849999999999994 51.05 0 0 0
26.65 -30.749999999999996 -51.05 180 0 0
26.65 -30.749999999999996 51.05 0 0 0
26.65 -26.65 -51.05 180 0 0
26.65 -26.65 51.05 0 0 0
26.65 -22.549999999999997 -51.05 180 0 0
26.65 -22.549999999999997 51.05 0 0 0
26.65 -18.45 -51.05 180 0 0
26.65 -18.45 51.05 0 0 0
26.65 -14.349999999999998 -51.05 180 0 0
26.65 -14.349999999999998 51.05 0 0 0
26.65 -10.25 -51.05 180 0 0
26.65 -10.25 51.05 0 0 0
26.65 -6.1499999999999995 -51.05 180 0 0
26.65 -6.1499999999999995 51.05 0 0 0
26.65 -2.05 -51.05 180 0 0
26.65 -2.05 51.05 0 0 0
26.65 2.05 -51.05 180 0 0
26.65 2.05 51.05 0 0 0
26.65 6.1499999999999995 -51.05 180 0 0
26.65 6.1499999999999995 51.05 0 0 0
26.65 10.25 -51.05 180 0 0
26.65 10.25 51.05 0 0 0
26.65 14.349999999999998 -51.05 180 0 0
26.65 14.349999999999998 51.05 0 0 0
26.65 18.45 -51.05 180 0 0
26.65 18.45 51.05 0 0 0
26.65 22.549999999999997 -51.05 180 0 0
26.65 22.549999999999997 51.05 0 0 0
26.65 26.65 -51.05 180 0 0
26.65 26.65 51.05 0 0 0
26.65 30.749999999999996 -51.05 180 0 0
26.65 30.749999999999996 51.05 0 0 0
26.65 34.849999999999994 -51.05 180 0 0
26.65 34.849999999999994 51.05 0 0 0
26.65 38.949999999999996 -51.05 180 0 0
26.65 38.949999999999996 51.05 0 0 0
26.65 51.05 -38.949999999999996 90 0 0
26.65 51.05 -34.849999999999994 90 0 0
26.65 51.05 -30.749999999999996 90 0 0
26.65 51.05 -26.65 90 0 0
26.65 51.05 -22.549999999999997 90 0 0
26.65 51.05 -18.45 90 0 0
26.65 51.05 -14.349999999999998 90 0 0
26.65 51.05 -10.25 90 0 0
26.65 51.05 -6.1499999999999995 90 0 0
26.65 51.05 -2.05 90 0 0
26.65 51.05 2.05 90 0 0
26.65 51.05 6.1499999999999995 90 0 0
26.65 51.05 10.25 90 0 0
26.65 51.05 14.349999999999998 90 0 0
26.65 51.05 18.45 90 0 0
26.65 51.05 22.549999999999997 90 0 0
26.65 51.05 26.65 90 0 0
26.65 51.05 30.749999999999996 90 0 0
26.65 51.05 34.849999999999994 90 0 0
26.65 51.05 38.949999999999996 90 0 0
30.749999999999996 -51.05 -38.949999999999996 -90 0 0
30.749999999999996 -51.05 -34.849999999999994 -90 0 0
30.749999999999996 -51.05 -30.749999999999996 -90 0 0
30.749999999999996 -51.05 -26.65 -90 0 0
30.749999999999996 -51.05 -22.549999999999997 -90 0 0
30.749999999999996 -51.05 -18.45 -90 0 0
30.749999999999996 -51.05 -14.349999999999998 -90 0 0
30.749999999999996 -51.05 -10.25 -90 0 0
30.749999999999996 -51.05 -6.1499999999999995 -90 0 0
30.749999999999996 -51.05 -2.05 -90 0 0
30.749999999999996 -51.05 2.05 -90 0 0
30.749999999999996 -51.05 6.1499999999999995 -90 0 0
30.749999999999996 -51.05 10.25 -90 0 0
30.749999999999996 -51.05 14.349999999999998 -90 0 0
30.749999999999996 -51.05 18.45 -90 0 0
30.749999999999996 -51.05 22.549999999999997 -90 0 0
30.749999999999996 -51.05 26.65 -90 0 0
30.749999999999996 -51.05 30.749999999999996 -90 0 0
30.749999999999996 -51.05 34.849999999999994 -90 0 0
30.749999999999996 -51.05 38.949999999999996 -90 0 0
30.749999999999996 -38.949999999999996 -51.05 180 0 0
30.749999999999996 -38.949999999999996 51.05 0 0 0
30.749999999999996 -34.849999999999994 -51.05 180 0 0
30.749999999999996 -34.849999999999994 51.05 0 0 0
30.749999999999996 -30.749999999999996 -51.05 180 0 0
30.749999999999996 -30.749999999999996 51.05 0 0 0
30.749999999999996 -26.65 -51.05 180 0 0
30.749999999999996 -26.65 51.05 0 0 0
30.749999999999996 -22.549999999999997 -51.05 180 0 0
30.749999999999996 -22.549999999999997 51.05 0 0 0
30.749999999999996 -18.45 -51.05 180 0 0
30.749999999999996 -18.45 51.05 0 0 0
30.749999999999996 -14.349999999999998 -51.05 180 0 0
30.749999999999996 -14.349999999999998 51.05 0 0 0
30.749999999999996 -10.25 -51.05 180 0 0
30.749999999999996 -10.25 51.05 0 0 0
30.749999999999996 -6.1499999999999995 -51.05 180 0 0
30.749999999999996 -6.1499999999999995 51.05 0 0 0
30.749999999999996 -2.05 -51.05 180 0 0
30.749999999999996 -2.05 51.05 0 0 0
30.749999999999996 2.05 -51.05 180 0 0
30.749999999999996 2.05 51.05 0 0 0
30.749999999999996 6.1499999999999995 -51.05 180 0 0
30.749999999999996 6.1499999999999995 51.05 0 0 0
30.749999999999996 10.25 -51.05 180 0 0
30.749999999999996 10.25 51.05 0 0 0
30.749999999999996 14.349999999999998 -51.05 180 0 0
30.749999999999996 14.349999999999998 51.05 0 0 0
30.749999999999996 18.45 -51.05 180 0 0
30.749999999999996 18.45 51.05 0 0 0
30.749999999999996 22.549999999999997 -51.05 180 0 0
30.749999999999996 22.549999999999997 51.05 0 0 0
30.749999999999996 26.65 -51.05 180 0 0
30.749999999999996 26.65 51.05 0 0 0
30.749999999999996 30.749999999999996 -51.05 180 0 0
30.749999999999996 30.749999999999996 51.05 0 0 0
30.749999999999996 34.849999999999994 -51.05 180 0 0
30.749999999999996 34.849999999999994 51.05 0 0 0
30.749999999999996 38.949999999999996 -51.05 180 0 0
30.749999999999996 38.949999999999996 51.05 0 0 0
30.749999999999996 51.05 -38.949999999999996 90 0 0
30.749999999999996 51.05 -34.849999999999994 90 0 0
30.749999999999996 51.05 -30.749999999999996 90 0 0
30.749999999999996 51.05 -26.65 90 0 0
30.749999999999996 51.05 -22.549999999999997 90 0 0
30.749999999999996 51.05 -18.45 90 0 0
30.749999999999996 51.05 -14.349999999999998 90 0 0
30.749999999999996 51.05 -10.25 90 0 0
30.749999999999996 51.05 -6.1499999999999995 90 0 0
30.749999999999996 51.05 -2.05 90 0 0
30.749999999999996 51.05 2.05 90 0 0
30.749999999999996 51.05 6.1499999999999995 90 0 0
30.749999999999996 51.05 10.25 90 0 0
30.749999999999996 51.05 14.349999999999998 90 0 0
30.749999999999996 51.05 18.45 90 0 0
30.749999999999996 51.05 22.549999999999997 90 0 0
30.749999999999996 51.05 26.65 90 0 0
30.749999999999996 51.05 30.749999999999996 90 0 0
30.749999999999996 51.05 34.849999999999994 90 0 0
30.749999999999996 51.05 38.949999999999996 90 0 0
34.849999999999994 -51.05 -38.949999999999996 -90 0 0
34.849999999999994 -51.05 -34.849999999999994 -90 0 0
34.849999999999994 -51.05 -30.749999999999996 -90 0 0
34.849999999999994 -51.05 -26.65 -90 0 0
34.849999999999994 -51.05 -22.549999999999997 -90 0 0
34.849999999999994 -51.05 -18.45 -90 0 0
34.849999999999994 -51.05 -14.349999999999998 -90 0 0
34.849999999999994 -51.05 -10.25 -90 0 0
34.849999999999994 -51.05 -6.1499999999999995 -90 0 0
34.849999999999994 -51.05 -2.05 -90 0 0
34.849999999999994 -51.05 2.05 -90 0 0
34.849999999999994 -51.05 6.1499999999999995 -90 0 0
34.849999999999994 -51.05 10.25 -90 0 0
34.849999999999994 -51.05 14.349999999999998 -90 0 0
34.849999999999994 -51.05 18.45 -90 0 0
34.849999999999994 -51.05 22.549999999999997 -90 0 0
34.849999999999994 -51.05 26.65 -90 0 0
34.849999999999994 -51.05 30.749999999999996 -90 0 0
34.849999999999994 -51.05 34.849999999999994 -90 0 0
34.849999999999994 -51.05 38.949999999999996 -90 0 0
34.849999999999994 -38.949999999999996 -51.05 180 0 0
34.849999999999994 -38.949999999999996 51.05 0 0 0
34.849999999999994 -34.849999999999994 -51.05 180 0 0
34.849999999999994 -34.849999999999994 51.05 0 0 0
34.849999999999994 -30.749999999999996 -51.05 180 0 0
34.849999999999994 -30.749999999999996 51.05 0 0 0
34.849999999999994 -26.65 -51.05 180 0 0
34.849999999999994 -26.65 51.05 0 0 0
34.849999999999994 -22.549999999999997 -51.05 180 0 0
34.849999999999994 -22.549999999999997 51.05 0 0 0
34.849999999999994 -18.45 -51.05 180 0 0
34.849999999999994 -18.45 51.05 0 0 0
34.849999999999994 -14.349999999999998 -51.05 180 0 0
34.849999999999994 -14.349999999999998 51.05 0 0 0
34.849999999999994 -10.25 -51.05 180 0 0
34.849999999999994 -10.25 51.05 0 0 0
34.849999999999994 -6.1499999999999995 -51.05 180 0 0
34.849999999999994 -6.1499999999999995 51.05 0 0 0
34.849999999999994 -2.05 -51.05 180 0 0
34.849999999999994 -2.05 51.05 0 0 0
34.849999999999994 2.05 -51.05 180 0 0
34.849999999999994 2.05 51.05 0 0 0
34.849999999999994 6.1499999999999995 -51.05 180 0 0
34.849999999999994 6.1499999999999995 51.05 0 0 0
34.849999999999994 10.25 -51.05 180 0 0
34.849999999999994 10.25 51.05 0 0 0
34.849999999999994 14.349999999999998 -51.05 180 0 0
34.849999999999994 14.349999999999998 51.05 0 0 0
34.849999999999994 18.45 -51.05 180 0 0
34.849999999999994 18.45 51.05 0 0 0
34.849999999999994 22.549999999999997 -51.05 180 0 0
34.849999999999994 22.549999999999997 51.05 0 0 0
34.849999999999994 26.65 -51.05 180 0 0
34.849999999999994 26.65 51.05 0 0 0
34.849999999999994 30.749999999999996 -51.05 180 0 0
34.849999999999994 30.749999999999996 51.05 0 0 0
34.849999999999994 34.849999999999994 -51.05 180 0 0
34.849999999999994 34.849999999999994 51.05 0 0 0
34.849999999999994 38.949999999999996 -51.05 180 0 0
34.849999999999994 38.949999999999996 51.05 0 0 0
34.849999999999994 51.05 -38.949999999999996 90 0 0
34.849999999999994 51.05 -34.849999999999994 90 0 0
34.849999999999994 51.05 -30.749999999999996 90 0 0
34.849999999999994 51.05 -26.65 90 0 0
34.849999999999994 51.05 -22.549999999999997 90 0 0
34.849999999999994 51.05 -18.45 90 0 0
34.849999999999994 51.05 -14.349999999999998 90 0 0
34.849999999999994 51.05 -10.25 90 0 0
34.849999999999994 51.05 -6.1499999999999995 90 0 0
34.849999999999994 51.05 -2.05 90 0 0
34.849999999999994 51.05 2.05 90 0 0
34.849999999999994 51.05 6.1499999999999995 90 0 0
34.849999999999994 51.05 10.25 90 0 0
34.849999999999994 51.05 14.349999999999998 90 0 0
34.849999999999994 51.05 18.45 90 0 0
34.849999999999994 51.05 22.549999999999997 90 0 0
34.849999999999994 51.05 26.65 90 0 0
34.849999999999994 51.05 30.749999999999996 90 0 0
34.849999999999994 51.05 34.849999999999994 90 0 0
34.849999999999994 51.05 38.949999999999996 90 0 0
38.949999999999996 -51.05 -38.949999999999996 -90 0 0
38.949999999999996 -51.05 -34.849999999999994 -90 0 0
38.949999999999996 -51.05 -30.749999999999996 -90 0 0
38.949999999999996 -51.05 -26.65 -90 0 0
38.949999999999996 -51.05 -22.549999999999997 -90 0 0
38.949999999999996 -51.05 -18.45 -90 0 0
38.949999999999996 -51.05 -14.349999999999998 -90 0 0
38.949999999999996 -51.05 -10.25 -90 0 0
38.949999999999996 -51.05 -6.1499999999999995 -90 0 0
38.949999999999996 -51.05 -2.05 -90 0 0
38.949999999999996 -51.05 2.05 -90 0 0
38.949999999999996 -51.05 6.1499999999999995 -90 0 0
38.949999999999996 -51.05 10.25 -90 0 0
38.949999999999996 -51.05 14.349999999999998 -90 0 0
38.949999999999996 -51.05 18.45 -90 0 0
38.949999999999996 -51.05 22.549999999999997 -90 0 0
38.949999999999996 -51.05 26.65 -90 0 0
38.949999999999996 -51.05 30.749999999999996 -90 0 0
38.949999999999996 -51.05 34.849999999999994 -90 0 0
38.949999999999996 -51.05 38.949999999999996 -90 0 0
38.949999999999996 -38.949999999999996 -51.05 180 0 0
38.949999999999996 -38.949999999999996 51.05 0 0 0
38.949999999999996 -34.849999999999994 -51.05 180 0 0
38.949999999999996 -34.849999999999994 51.05 0 0 0
38.949999999999996 -30.749999999999996 -51.05 180 0 0
38.949999999999996 -30.749999999999996 51.05 0 0 0
38.949999999999996 -26.65 -51.05 180 0 0
38.949999999999996 -26.65 51.05 0 0 0
38.949999999999996 -22.549999999999997 -51.05 180 0 0
38.949999999999996 -22.549999999999997 51.05 0 0 0
38.949999999999996 -18.45 -51.05 180 0 0
38.949999999999996 -18.45 51.05 0 0 0
38.949999999999996 -14.349999999999998 -51.05 180 0 0
38.949999999999996 -14.349999999999998 51.05 0 0 0
38.949999999999996 -10.25 -51.05 180 0 0
38.949999999999996 -10.25 51.05 0 0 0
38.949999999999996 -6.1499999999999995 -51.05 180 0 0
38.949999999999996 -6.1499999999999995 51.05 0 0 0
38.949999999999996 -2.05 -51.05 180 0 0
38.949999999999996 -2.05 51.05 0 0 0
38.949999999999996 2.05 -51.05 180 0 0
38.949999999999996 2.05 51.05 0 0 0
38.949999999999996 6.1499999999999995 -51.05 180 0 0
38.949999999999996 6.1499999999999995 51.05 0 0 0
38.949999999999996 10.25 -51.05 180 0 0
38.949999999999996 10.25 51.05 0 0 0
38.949999999999996 14.349999999999998 -51.05 180 0 0
38.949999999999996 14.349999999999998 51.05 0 0 0
38.949999999999996 18.45 -51.05 180 0 0
38.949999999999996 18.45 51.05 0 0 0
38.949999999999996 22.549999999999997 -51.05 180 0 0
38.949999999999996 22.549999999999997 51.05 0 0 0
38.949999999999996 26.65 -51.05 180 0 0
38.949999999999996 26.65 51.05 0 0 0
38.949999999999996 30.749999999999996 -51.05 180 0 0
38.949999999999996 30.749999999999996 51.05 0 0 0
38.949999999999996 34.849999999999994 -51.05 180 0 0
38.949999999999996 34.849999999999994 51.05 0 0 0
38.949999999999996 38.949999999999996 -51.05 180 0 0
38.949999999999996 38.949999999999996 51.05 0 0 0
38.949999999999996 51.05 -38.949999999999996 90 0 0
38.949999999999996 51.05 -34.849999999999994 90 0 0
38.949999999999996 51.05 -30.749999999999996 90 0 0
38.949999999999996 51.05 -26.65 90 0 0
38.949999999999996 51.05 -22.549999999999997 90 0 0
38.949999999999996 51.05 -18.45 90 0 0
38.949999999999996 51.05 -14.349999999999998 90 0 0
38.949999999999996 51.05 -10.25 90 0 0
38.949999999999996 51.05 -6.1499999999999995 90 0 0
38.949999999999996 51.05 -2.05 90 0 0
38.949999999999996 51.05 2.05 90 0 0
38.949999999999996 51.05 6.1499999999999995 90 0 0
38.949999999999996 51.05 10.25 90 0 0
38.949999999999996 51.05 14.349999999999998 90 0 0
38.949999999999996 51.05 18.45 90 0 0
38.949999999999996 51.05 22.549999999999997 90 0 0
38.949999999999996 51.05 26.65 90 0 0
38.949999999999996 51.05 30.749999999999996 90 0 0
38.949999999999996 51.05 34.849999999999994 90 0 0
38.949999999999996 51.05 38.949999999999996 90 0 0
51.05 -38.949999999999996 -38.949999999999996 0 90 0
51.05 -38.949999999999996 -34.849999999999994 0 90 0
51.05 -38.949999999999996 -30.749999999999996 0 90 0
51.05 -38.949999999999996 -26.65 0 90 0
51.05 -38.949999999999996 -22.549999999999997 0 90 0
51.05 -38.949999999999996 -18.45 0 90 0
51.05 -38.949999999999996 -14.349999999999998 0 90 0
51.05 -38.949999999999996 -10.25 0 90 0
51.05 -38.949999999999996 -6.1499999999999995 0 90 0
51.05 -38.949999999999996 -2.05 0 90 0
51.05 -38.949999999999996 2.05 0 90 0
51.05 -38.949999999999996 6.1499999999999995 0 90 0
51.05 -38.949999999999996 10.25 0 90 0
51.05 -38.949999999999996 14.349999999999998 0 90 0
51.05 -38.949999999999996 18.45 0 90 0
51.05 -38.949999999999996 22.549999999999997 0 90 0
51.05 -38.949999999999996 26.65 0 90 0
51.05 -38.949999999999996 30.749999999999996 0 90 0
51.05 -38.949999999999996 34.849999999999994 0 90 0
51.05 -38.949999999999996 38.949999999999996 0 90 0
51.05 -34.849999999999994 -38.949999999999996 0 90 0
51.05 -34.849999999999994 -34.849999999999994 0 90 0
51.05 -34.849999999999994 -30.749999999999996 0 90 0
51.05 -34.849999999999994 -26.65 0 90 0
51.05 -34.849999999999994 -22.549999999999997 0 90 0
51.05 -34.849999999999994 -18.45 0 90 0
51.05 -34.849999999999994 -14.349999999999998 0 90 0
51.05 -34.849999999999994 -10.25 0 90 0
51.05 -34.849999999999994 -6.1499999999999995 0 90 0
51.05 -34.849999999999994 -2.05 0 90 0
51.05 -34.849999999999994 2.05 0 90 0
51.05 -34.849999999999994 6.1499999999999995 0 90 0
51.05 -34.849999999999994 10.25 0 90 0
51.05 -34.849999999999994 14.349999999999998 0 90 0
51.05 -34.849999999999994 18.45 0 90 0
51.05 -34.849999999999994 22.549999999999997 0 90 0
51.05 -34.849999999999994 26.65 0 90 0
51.05 -34.849999999999994 30.749999999999996 0 90 0
51.05 -34.849999999999994 34.849999999999994 0 90 0
51.05 -34.849999999999994 38.949999999999996 0 90 0
51.05 -30.749999999999996 -38.949999999999996 0 90 0
51.05 -30.749999999999996 -34.849999999999994 0 90 0
51.05 -30.749999999999996 -30.749999999999996 0 90 0
51.05 -30.749999999999996 -26.65 0 90 0
51.05 -30.749999999999996 -22.549999999999997 0 90 0
51.05 -30.749999999999996 -18.45 0 90 0
51.05 -30.749999999999996 -14.349999999999998 0 90 0
51.05 -30.749999999999996 -10.25 0 90 0
51.05 -30.749999999999996 -6.1499999999999995 0 90 0
51.05 -30.749999999999996 -2.05 0 90 0
51.05 -30.749999999999996 2.05 0 90 0
51.05 -30.749999999999996 6.1499999999999995 0 90 0
51.05 -30.749999999999996 10.25 0 90 0
51.05 -30.749999999999996 14.349999999999998 0 90 0
51.05 -30.749999999999996 18.45 0 90 0
51.05 -30.749999999999996 22.549999999999997 0 90 0
51.05 -30.749999999999996 26.65 0 90 0
51.05 -30.749999999999996 30.749999999999996 0 90 0
51.05 -30.749999999999996 34.849999999999994 0 90 0
51.05 -30.749999999999996 38.949999999999996 0 90 0
51.05 -26.65 -38.949999999999996 0 90 0
51.05 -26.65 -34.849999999999994 0 90 0
51.05 -26.65 -30.749999999999996 0 90 0
51.05 -26.65 -26.65 0 90 0
51.05 -26.65 -22.549999999999997 0 90 0
51.05 -26.65 -18.45 0 90 0
51.05 -26.65 -14.349999999999998 0 90 0
51.05 -26.65 -10.25 0 90 0
51.05 -26.65 -6.1499999999999995 0 90 0
51.05 -26.65 -2.05 0 90 0
51.05 -26.65 2.05 0 90 0
51.05 -26.65 6.1499999999999995 0 90 0
51.05 -26.65 10.25 0 90 0
51.05 -26.65 14.349999999999998 0 90 0
51.05 -26.65 18.45 0 90 0
51.05 -26.65 22.549999999999997 0 90 0
51.05 -26.65 26.65 0 90 0
51.05 -26.65 30.749999999999996 0 90 0
51.05 -26.65 34.849999999999994 0 90 0
51.05 -26.65 38.949999999999996 0 90 0
51.05 -22.549999999999997 -38.949999999999996 0 90 0
51.05 -22.549999999999997 -34.849999999999994 0 90 0
51.05 -22.549999999999997 -30.749999999999996 0 90 0
51.05 -22.549999999999997 -26.65 0 90 0
51.05 -22.549999999999997 -22.549999999999997 0 90 0
51.05 -22.549999999999997 -18.45 0 90 0
51.05 -22.549999999999997 -14.349999999999998 0 90 0
51.05 -22.549999999999997 -10.25 0 90 0
51.05 -22.549999999999997 -6.1499999999999995 0 90 0
51.05 -22.549999999999997 -2.05 0 90 0
51.05 -22.549999999999997 2.05 0 90 0
51.05 -22.549999999999997 6.1499999999999995 0 90 0
51.05 -22.549999999999997 10.25 0 90 0
51.05 -22.549999999999997 14.349999999999998 0 90 0
51.05 -22.549999999999997 18.45 0 90 0
51.05 -22.549999999999997 22.549999999999997 0 90 0
51.05 -22.549999999999997 26.65 0 90 0
51.05 -22.549999999999997 30.749999999999996 0 90 0
51.05 -22.549999999999997 34.849999999999994 0 90 0
51.05 -22.549999999999997 38.949999999999996 0 90 0
51.05 -18.45 -38.949999999999996 0 90 0
51.05 -18.45 -34.849999999999994 0 90 0
51.05 -18.45 -30.749999999999996 0 90 0
51.05 -18.45 -26.65 0 90 0
51.05 -18.45 -22.549999999999997 0 90 0
51.05 -18.45 -18.45 0 90 0
51.05 -18.45 -14.349999999999998 0 90 0
51.05 -18.45 -10.25 0 90 0
51.05 -18.45 -6.1499999999999995 0 90 0
51.05 -18.45 -2.05 0 90 0
51.05 -18.45 2.05 0 90 0
51.05 -18.45 6.1499999999999995 0 90 0
51.05 -18.45 10.25 0 90 0
51.05 -18.45 14.349999999999998 0 90 0
51.05 -18.45 18.45 0 90 0
51.05 -18.45 22.549999999999997 0 90 0
51.05 -18.45 26.65 0 90 0
51.05 -18.45 30.749999999999996 0 90 0
51.05 -18.45 34.849999999999994 0 90 0
51.05 -18.45 38.949999999999996 0 90 0
51.05 -14.349999999999998 -38.949999999999996 0 90 0
51.05 -14.349999999999998 -34.849999999999994 0 90 0
51.05 -14.349999999999998 -30.749999999999996 0 90 0
51.05 -14.349999999999998 -26.65 0 90 0
51.05 -14.349999999999998 -22.549999999999997 0 90 0
51.05 -14.349999999999998 -18.45 0 90 0
51.05 -14.349999999999998 -14.349999999999998 0 90 0
51.05 -14.349999999999998 -10.25 0 90 0
51.05 -14.349999999999998 -6.1499999999999995 0 90 0
51.05 -14.349999999999998 -2.05 0 90 0
51.05 -14.349999999999998 2.05 0 90 0
51.05 -14.349999999999998 6.1499999999999995 0 90 0
51.05 -14.349999999999998 10.25 0 90 0
51.05 -14.349999999999998 14.349999999999998 0 90 0
51.05 -14.349999999999998 18.45 0 90 0
51.05 -14.349999999999998 22.549999999999997 0 90 0
51.05 -14.349999999999998 26.65 0 90 0
51.05 -14.349999999999998 30.749999999999996 0 90 0
51.05 -14.349999999999998 34.849999999999994 0 90 0
51.05 -14.349999999999998 38.949999999999996 0 90 0
51.05 -10.25 -38.949999999999996 0 90 0
51.05 -10.25 -34.849999999999994 0 90 0
51.05 -10.25 -30.749999999999996 0 90 0
51.05 -10.25 -26.65 0 90 0
51.05 -10.25 -22.549999999999997 0 90 0
51.05 -10.25 -18.45 0 90 0
51.05 -10.25 -14.349999999999998 0 90 0
51.05 -10.25 -10.25 0 90 0
51.05 -10.25 -6.1499999999999995 0 90 0
51.05 -10.25 -2.05 0 90 0
51.05 -10.25 2.05 0 90 0
51.05 -10.25 6.1499999999999995 0 90 0
51.05 -10.25 10.25 0 90 0
51.05 -10.25 14.349999999999998 0 90 0
51.05 -10.25 18.45 0 90 0
51.05 -10.25 22.549999999999997 0 90 0
51.05 -10.25 26.65 0 90 0
51.05 -10.25 30.749999999999996 0 90 0
51.05 -10.25 34.849999999999994 0 90 0
51.05 -10.25 38.949999999999996 0 90 0
51.05 -6.1499999999999995 -38.949999999999996 0 90 0
51.05 -6.1499999999999995 -34.849999999999994 0 90 0
51.05 -6.1499999999999995 -30.749999999999996 0 90 0
51.05 -6.1499999999999995 -26.65 0 90 0
51.05 -6.1499999999999995 -22.549999999999997 0 90 0
51.05 -6.1499999999999995 -18.45 0 90 0
51.05 -6.1499999999999995 -14.349999999999998 0 90 0
51.05 -6.1499999999999995 -10.25 0 90 0
51.05 -6.1499999999999995 -6.1499999999999995 0 90 0
51.05 -6.1499999999999995 -2.05 0 90 0
51.05 -6.1499999999999995 2.05 0 90 0
51.05 -6.1499999999999995 6.1499999999999995 0 90 0
51.05 -6.1499999999999995 10.25 0 90 0
51.05 -6.1499999999999995 14.349999999999998 0 90 0
51.05 -6.1499999999999995 18.45 0 90 0
51.05 -6.1499999999999995 22.549999999999997 0 90 0
51.05 -6.1499999999999995 26.65 0 90 0
51.05 -6.1499999999999995 30.749999999999996 0 90 0
51.05 -6.1499999999999995 34.849999999999994 0 90 0
51.05 -6.1499999999999995 38.949999999999996 0 90 0
51.05 -2.05 -38.949999999999996 0 90 0
51.05 -2.05 -34.849999999999994 0 90 0
51.05 -2.05 -30.749999999999996 0 90 0
51.05 -2.05 -26.65 0 90 0
51.05 -2.05 -22.549999999999997 0 90 0
51.05 -2.05 -18.45 0 90 0
51.05 -2.05 -14.349999999999998 0 90 0
51.05 -2.05 -10.25 0 90 0
51.05 -2.05 -6.1499999999999995 0 90 0
51.05 -2.05 -2.05 0 90 0
51.05 -2.05 2.05 0 90 0
51.05 -2.05 6.1499999999999995 0 90 0
51.05 -2.05 10.25 0 90 0
51.05 -2.05 14.349999999999998 0 90 0
51.05 -2.05 18.45 0 90 0
51.05 -2.05 22.549999999999997 0 90 0
51.05 -2.05 26.65 0 90 0
51.05 -2.05 30.749999999999996 0 90 0
51.05 -2.05 34.849999999999994 0 90 0
51.05 -2.05 38.949999999999996 0 90 0
51.05 2.05 -38.949999999999996 0 90 0
51.05 2.05 -34.849999999999994 0 90 0
51.05 2.05 -30.749999999999996 0 90 0
51.05 2.05 -26.65 0 90 0
51.05 2.05 -22.549999999999997 0 90 0
51.05 2.05 -18.45 0 90 0
51.05 2.05 -14.349999999999998 0 90 0
51.05 2.05 -10.25 0 90 0
51.05 2.05 -6.1499999999999995 0 90 0
51.05 2.05 -2.05 0 90 0
51.05 2.05 2.05 0 90 0
51.05 2.05 6.1499999999999995 0 90 0
51.05 2.05 10.25 0 90 0
51.05 2.05 14.349999999999998 0 90 0
51.05 2.05 18.45 0 90 0
51.05 2.05 22.549999999999997 0 90 0
51.05 2.05 26.65 0 90 0
51.05 2.05 30.749999999999996 0 90 0
51.05 2.05 34.849999999999994 0 90 0
51.05 2.05 38.949999999999996 0 90 0
51.05 6.1499999999999995 -38.949999999999996 0 90 0
51.05 6.1499999999999995 -34.849999999999994 0 90 0
51.05 6.1499999999999995 -30.749999999999996 0 90 0
51.05 6.1499999999999995 -26.65 0 90 0
51.05 6.1499999999999995 -22.549999999999997 0 90 0
51.05 6.1499999999999995 -18.45 0 90 0
51.05 6.1499999999999995 -14.349999999999998 0 90 0
51.05 6.1499999999999995 -10.25 0 90 0
51.05 6.1499999999999995 -6.1499999999999995 0 90 0
51.05 6.1499999999999995 -2.05 0 90 0
51.05 6.1499999999999995 2.05 0 90 0
51.05 6.1499999999999995 6.1499999999999995 0 90 0
51.05 6.1499999999999995 10.25 0 90 0
51.05 6.1499999999999995 14.349999999999998 0 90 0
51.05 6.1499999999999995 18.45 0 90 0
51.05 6.1499999999999995 22.549999999999997 0 90 0
51.05 6.1499999999999995 26.65 0 90 0
51.05 6.1499999999999995 30.749999999999996 0 90 0
51.05 6.1499999999999995 34.849999999999994 0 90 0
51.05 6.1499999999999995 38.949999999999996 0 90 0
51.05 10.25 -38.949999999999996 0 90 0
51.05 10.25 -34.849999999999994 0 90 0
51.05 10.25 -30.749999999999996 0 90 0
51.05 10.25 -26.65 0 90 0
51.05 10.25 -22.549999999999997 0 90 0
51.05 10.25 -18.45 0 90 0
51.05 10.25 -14.349999999999998 0 90 0
51.05 10.25 -10.25 0 90 0
51.05 10.25 -6.1499999999999995 0 90 0
51.05 10.25 -2.05 0 90 0
51.05 10.25 2.05 0 90 0
51.05 10.25 6.1499999999999995 0 90 0
51.05 10.25 10.25 0 90 0
51.05 10.25 14.349999999999998 0 90 0
51.05 10.25 18.45 0 90 0
51.05 10.25 22.549999999999997 0 90 0
51.05 10.25 26.65 0 90 0
51.05 10.25 30.749999999999996 0 90 0
51.05 10.25 34.849999999999994 0 90 0
51.05 10.25 38.949999999999996 0 90 0
51.05 14.349999999999998 -38.949999999999996 0 90 0
51.05 14.349999999999998 -34.849999999999994 0 90 0
51.05 14.349999999999998 -30.749999999999996 0 90 0
51.05 14.349999999999998 -26.65 0 90 0
51.05 14.349999999999998 -22.549999999999997 0 90 0
51.05 14.349999999999998 -18.45 0 90 0
51.05 14.349999999999998 -14.349999999999998 0 90 0
51.05 14.349999999999998 -10.25 0 90 0
51.05 14.349999999999998 -6.1499999999999995 0 90 0
51.05 14.349999999999998 -2.05 0 90 0
51.05 14.349999999999998 2.05 0 90 0
51.05 14.349999999999998 6.1499999999999995 0 90 0
51.05 14.349999999999998 10.25 0 90 0
51.05 14.349999999999998 14.349999999999998 0 90 0
51.05 14.349999999999998 18.45 0 90 0
51.05 14.349999999999998 22.549999999999997 0 90 0
51.05 14.349999999999998 26.65 0 90 0
51.05 14.349999999999998 30.749999999999996 0 90 0
51.05 14.349999999999998 34.849999999999994 0 90 0
51.05 14.349999999999998 38.949999999999996 0 90 0
51.05 18.45 -38.949999999999996 0 90 0
51.05 18.45 -34.849999999999994 0 90 0
51.05 18.45 -30.749999999999996 0 90 0
51.05 18.45 -26.65 0 90 0
51.05 18.45 -22.549999999999997 0 90 0
51.05 18.45 -18.45 0 90 0
51.05 18.45 -14.349999999999998 0 90 0
51.05 18.45 -10.25 0 90 0
51.05 18.45 -6.1499999999999995 0 90 0
51.05 18.45 -2.05 0 90 0
51.05 18.45 2.05 0 90 0
51.05 18.45 6.1499999999999995 0 90 0
51.05 18.45 10.25 0 90 0
51.05 18.45 14.349999999999998 0 90 0
51.05 18.45 18.45 0 90 0
51.05 18.45 22.549999999999997 0 90 0
51.05 18.45 26.65 0 90 0
51.05 18.45 30.749999999999996 0 90 0
51.05 18.45 34.849999999999994 0 90 0
51.05 18.45 38.949999999999996 0 90 0
51.05 22.549999999999997 -38.949999999999996 0 90 0
51.05 22.549999999999997 -34.849999999999994 0 90 0
51.05 22.549999999999997 -30.749999999999996 0 90 0
51.05 22.549999999999997 -26.65 0 90 0
51.05 22.549999999999997 -22.549999999999997 0 90 0
51.05 22.549999999999997 -18.45 0 90 0
51.05 22.549999999999997 -14.349999999999998 0 90 0
51.05 22.549999999999997 -10.25 0 90 0
51.05 22.549999999999997 -6.1499999999999995 0 90 0
51.05 22.549999999999997 -2.05 0 90 0
51.05 22.549999999999997 2.05 0 90 0
51.05 22.549999999999997 6.1499999999999995 0 90 0
51.05 22.549999999999997 10.25 0 90 0
51.05 22.549999999999997 14.349999999999998 0 90 0
51.05 22.549999999999997 18.45 0 90 0
51.05 22.549999999999997 22.549999999999997 0 90 0
51.05 22.549999999999997 26.65 0 90 0
51.05 22.549999999999997 30.749999999999996 0 90 0
51.05 22.549999999999997 34.849999999999994 0 90 0
51.05 22.549999999999997 38.949999999999996 0 90 0
51.05 26.65 -38.949999999999996 0 90 0
51.05 26.65 -34.849999999999994 0 90 0
51.05 26.65 -30.749999999999996 0 90 0
51.05 26.65 -26.65 0 90 0
51.05 26.65 -22.549999999999997 0 90 0
51.05 26.65 -18.45 0 90 0
51.05 26.65 -14.349999999999998 0 90 0
51.05 26.65 -10.25 0 90 0
51.05 26.65 -6.1499999999999995 0 90 0
51.05 26.65 -2.05 0 90 0
51.05 26.65 2.05 0 90 0
51.05 26.65 6.1499999999999995 0 90 0
51.05 26.65 10.25 0 90 0
51.05 26.65 14.349999999999998 0 90 0
51.05 26.65 18.45 0 90 0
51.05 26.65 22.549999999999997 0 90 0
51.05 26.65 26.65 0 90 0
51.05 26.65 30.749999999999996 0 90 0
51.05 26.65 34.849999999999994 0 90 0
51.05 26.65 38.949999999999996 0 90 0
51.05 30.749999999999996 -38.949999999999996 0 90 0
51.05 30.749999999999996 -34.849999999999994 0 90 0
51.05 30.749999999999996 -30.749999999999996 0 90 0
51.05 30.749999999999996 -26.65 0 90 0
51.05 30.749999999999996 -22.549999999999997 0 90 0
51.05 30.749999999999996 -18.45 0 90 0
51.05 30.749999999999996 -14.349999999999998 0 90 0
51.05 30.749999999999996 -10.25 0 90 0
51.05 30.749999999999996 -6.1499999999999995 0 90 0
51.05 30.749999999999996 -2.05 0 90 0
51.05 30.749999999999996 2.05 0 90 0
51.05 30.749999999999996 6.1499999999999995 0 90 0
51.05 30.749999999999996 10.25 0 90 0
51.05 30.749999999999996 14.349999999999998 0 90 0
51.05 30.749999999999996 18.45 0 90 0
51.05 30.749999999999996 22.549999999999997 0 90 0
51.05 30.749999999999996 26.65 0 90 0
51.05 30.749999999999996 30.749999999999996 0 90 0
51.05 30.749999999999996 34.849999999999994 0 90 0
51.05 30.749999999999996 38.949999999999996 0 90 0
51.05 34.849999999999994 -38.949999999999996 0 90 0
51.05 34.849999999999994 -34.849999999999994 0 90 0
51.05 34.849999999999994 -30.749999999999996 0 90 0
51.05 34.849999999999994 -26.65 0 90 0
51.05 34.849999999999994 -22.549999999999997 0 90 0
51.05 34.849999999999994 -18.45 0 90 0
51.05 34.849999999999994 -14.349999999999998 0 90 0
51.05 34.849999999999994 -10.25 0 90 0
51.05 34.849999999999994 -6.1499999999999995 0 90 0
51.05 34.849999999999994 -2.05 0 90 0
51.05 34.849999999999994 2.05 0 90 0
51.05 34.849999999999994 6.1499999999999995 0 90 0
51.05 34.849999999999994 10.25 0 90 0
51.05 34.849999999999994 14.349999999999998 0 90 0
51.05 34.849999999999994 18.45 0 90 0
51.05 34.849999999999994 22.549999999999997 0 90 0
51.05 34.849999999999994 26.65 0 90 0
51.05 34.849999999999994 30.749999999999996 0 90 0
51.05 34.849999999999994 34.849999999999994 0 90 0
51.05 34.849999999999994 38.949999999999996 0 90 0
51.05 38.949999999999996 -38.949999999999996 0 90 0
51.05 38.949999999999996 -34.849999999999994 0 90 0
51.05 38.949999999999996 -30.749999999999996 0 90 0
51.05 38.949999999999996 -26.65 0 90 0
51.05 38.949999999999996 -22.549999999999997 0 90 0
51.05 38.949999999999996 -18.45 0 90 0
51.05 38.949999999999996 -14.349999999999998 0 90 0
51.05 38.949999999999996 -10.25 0 90 0
51.05 38.949999999999996 -6.1499999999999995 0 90 0
51.05 38.949999999999996 -2.05 0 90 0
51.05 38.949999999999996 2.05 0 90 0
51.05 38.949999999999996 6.1499999999999995 0 90 0
51.05 38.949999999999996 10.25 0 90 0
51.05 38.949999999999996 14.349999999999998 0 90 0
51.05 38.949999999999996 18.45 0 90 0
51.05 38.949999999999996 22.549999999999997 0 90 0
51.05 38.949999999999996 26.65 0 90 0
51.05 38.949999999999996 30.749999999999996 0 90 0
51.05 38.949999999999996 34.849999999999994 0 90 0
51.05 38.949999999999996 38.949999999999996 0 90 0
