-213.2 -41.0 -120.60000000000001
-213.2 -41.0 -100.5
-213.2 -41.0 -80.4
-213.2 -41.0 -60.300000000000004
-213.2 -41.0 -40.2
-213.2 -41.0 -20.1
-213.2 -41.0 0.0
-213.2 -41.0 20.1
-213.2 -41.0 40.2
-213.2 -41.0 60.300000000000004
-213.2 -41.0 80.4
-213.2 -41.0 100.5
-213.2 -41.0 120.60000000000001
-213.2 -36.9 -120.60000000000001
-213.2 -36.9 -100.5
-213.2 -36.9 -80.4
-213.2 -36.9 -60.300000000000004
-213.2 -36.9 -40.2
-213.2 -36.9 -20.1
-213.2 -36.9 0.0
-213.2 -36.9 20.1
-213.2 -36.9 40.2
-213.2 -36.9 60.300000000000004
-213.2 -36.9 80.4
-213.2 -36.9 100.5
-213.2 -36.9 120.60000000000001
-213.2 -32.8 -120.60000000000001
-213.2 -32.8 -100.5
-213.2 -32.8 -80.4
-213.2 -32.8 -60.300000000000004
-213.2 -32.8 -40.2
-213.2 -32.8 -20.1
-213.2 -32.8 0.0
-213.2 -32.8 20.1
-213.2 -32.8 40.2
-213.2 -32.8 60.300000000000004
-213.2 -32.8 80.4
-213.2 -32.8 100.5
-213.2 -32.8 120.60000000000001
-213.2 -28.699999999999996 -120.60000000000001
-213.2 -28.699999999999996 -100.5
-213.2 -28.699999999999996 -80.4
-213.2 -28.699999999999996 -60.300000000000004
-213.2 -28.699999999999996 -40.2
-213.2 -28.699999999999996 -20.1
-213.2 -28.699999999999996 0.0
-213.2 -28.699999999999996 20.1
-213.2 -28.699999999999996 40.2
-213.2 -28.699999999999996 60.300000000000004
-213.2 -28.699999999999996 80.4
-213.2 -28.699999999999996 100.5
-213.2 -28.699999999999996 120.60000000000001
-213.2 -24.599999999999998 -120.60000000000001
-213.2 -24.599999999999998 -100.5
-213.2 -24.599999999999998 -80.4
-213.2 -24.599999999999998 -60.300000000000004
-213.2 -24.599999999999998 -40.2
-213.2 -24.599999999999998 -20.1
-213.2 -24.599999999999998 0.0
-213.2 -24.599999999999998 20.1
-213.2 -24.599999999999998 40.2
-213.2 -24.599999999999998 60.300000000000004
-213.2 -24.599999999999998 80.4
-213.2 -24.599999999999998 100.5
-213.2 -24.599999999999998 120.60000000000001
-213.2 -20.5 -120.60000000000001
-213.2 -20.5 -100.5
-213.2 -20.5 -80.4
-213.2 -20.5 -60.300000000000004
-213.2 -20.5 -40.2
-213.2 -20.5 -20.1
-213.2 -20.5 0.0
-213.2 -20.5 20.1
-213.2 -20.5 40.2
-213.2 -20.5 60.300000000000004
-213.2 -20.5 80.4
-213.2 -20.5 100.5
-213.2 -20.5 120.60000000000001
-213.2 -16.4 -120.60000000000001
-213.2 -16.4 -100.5
-213.2 -16.4 -80.4
-213.2 -16.4 -60.300000000000004
-213.2 -16.4 -40.2
-213.2 -16.4 -20.1
-213.2 -16.4 0.0
-213.2 -16.4 20.1
-213.2 -16.4 40.2
-213.2 -16.4 60.300000000000004
-213.2 -16.4 80.4
-213.2 -16.4 100.5
-213.2 -16.4 120.60000000000001
-213.2 -12.299999999999999 -120.60000000000001
-213.2 -12.299999999999999 -100.5
-213.2 -12.299999999999999 -80.4
-213.2 -12.299999999999999 -60.300000000000004
-213.2 -12.299999999999999 -40.2
-213.2 -12.299999999999999 -20.1
-213.2 -12.299999999999999 0.0
-213.2 -12.299999999999999 20.1
-213.2 -12.299999999999999 40.2
-213.2 -12.299999999999999 60.300000000000004
-213.2 -12.299999999999999 80.4
-213.2 -12.299999999999999 100.5
-213.2 -12.299999999999999 120.60000000000001
-213.2 -8.2 -120.60000000000001
-213.2 -8.2 -100.5
-213.2 -8.2 -80.4
-213.2 -8.2 -60.300000000000004
-213.2 -8.2 -40.2
-213.2 -8.2 -20.1
-213.2 -8.2 0.0
-213.2 -8.2 20.1
-213.2 -8.2 40.2
-213.2 -8.2 60.300000000000004
-213.2 -8.2 80.4
-213.2 -8.2 100.5
-213.2 -8.2 120.60000000000001
-213.2 -4.1 -120.60000000000001
-213.2 -4.1 -100.5
-213.2 -4.1 -80.4
-213.2 -4.1 -60.300000000000004
-213.2 -4.1 -40.2
-213.2 -4.1 -20.1
-213.2 -4.1 0.0
-213.2 -4.1 20.1
-213.2 -4.1 40.2
-213.2 -4.1 60.300000000000004
-213.2 -4.1 80.4
-213.2 -4.1 100.5
-213.2 -4.1 120.60000000000001
-213.2 0.0 -120.60000000000001
-213.2 0.0 -100.5
-213.2 0.0 -80.4
-213.2 0.0 -60.300000000000004
-213.2 0.0 -40.2
-213.2 0.0 -20.1
-213.2 0.0 0.0
-213.2 0.0 20.1
-213.2 0.0 40.2
-213.2 0.0 60.300000000000004
-213.2 0.0 80.4
-213.2 0.0 100.5
-213.2 0.0 120.60000000000001
-213.2 4.1 -120.60000000000001
-213.2 4.1 -100.5
-213.2 4.1 -80.4
-213.2 4.1 -60.300000000000004
-213.2 4.1 -40.2
-213.2 4.1 -20.1
-213.2 4.1 0.0
-213.2 4.1 20.1
-213.2 4.1 40.2
-213.2 4.1 60.300000000000004
-213.2 4.1 80.4
-213.2 4.1 100.5
-213.2 4.1 120.60000000000001
-213.2 8.2 -120.60000000000001
-213.2 8.2 -100.5
-213.2 8.2 -80.4
-213.2 8.2 -60.300000000000004
-213.2 8.2 -40.2
-213.2 8.2 -20.1
-213.2 8.2 0.0
-213.2 8.2 20.1
-213.2 8.2 40.2
-213.2 8.2 60.300000000000004
-213.2 8.2 80.4
-213.2 8.2 100.5
-213.2 8.2 120.60000000000001
-213.2 12.299999999999999 -120.60000000000001
-213.2 12.299999999999999 -100.5
-213.2 12.299999999999999 -80.4
-213.2 12.299999999999999 -60.300000000000004
-213.2 12.299999999999999 -40.2
-213.2 12.299999999999999 -20.1
-213.2 12.299999999999999 0.0
-213.2 12.299999999999999 20.1
-213.2 12.299999999999999 40.2
-213.2 12.299999999999999 60.300000000000004
-213.2 12.299999999999999 80.4
-213.2 12.299999999999999 100.5
-213.2 12.299999999999999 120.60000000000001
-213.2 16.4 -120.60000000000001
-213.2 16.4 -100.5
-213.2 16.4 -80.4
-213.2 16.4 -60.300000000000004
-213.2 16.4 -40.2
-213.2 16.4 -20.1
-213.2 16.4 0.0
-213.2 16.4 20.1
-213.2 16.4 40.2
-213.2 16.4 60.300000000000004
-213.2 16.4 80.4
-213.2 16.4 100.5
-213.2 16.4 120.60000000000001
-213.2 20.5 -120.60000000000001
-213.2 20.5 -100.5
-213.2 20.5 -80.4
-213.2 20.5 -60.300000000000004
-213.2 20.5 -40.2
-213.2 20.5 -20.1
-213.2 20.5 0.0
-213.2 20.5 20.1
-213.2 20.5 40.2
-213.2 20.5 60.300000000000004
-213.2 20.5 80.4
-213.2 20.5 100.5
-213.2 20.5 120.60000000000001
-213.2 24.599999999999998 -120.60000000000001
-213.2 24.599999999999998 -100.5
-213.2 24.599999999999998 -80.4
-213.2 24.599999999999998 -60.300000000000004
-213.2 24.599999999999998 -40.2
-213.2 24.599999999999998 -20.1
-213.2 24.599999999999998 0.0
-213.2 24.599999999999998 20.1
-213.2 24.599999999999998 40.2
-213.2 24.599999999999998 60.300000000000004
-213.2 24.599999999999998 80.4
-213.2 24.599999999999998 100.5
-213.2 24.599999999999998 120.60000000000001
-213.2 28.699999999999996 -120.60000000000001
-213.2 28.699999999999996 -100.5
-213.2 28.699999999999996 -80.4
-213.2 28.699999999999996 -60.300000000000004
-213.2 28.699999999999996 -40.2
-213.2 28.699999999999996 -20.1
-213.2 28.699999999999996 0.0
-213.2 28.699999999999996 20.1
-213.2 28.699999999999996 40.2
-213.2 28.699999999999996 60.300000000000004
-213.2 28.699999999999996 80.4
-213.2 28.699999999999996 100.5
-213.2 28.699999999999996 120.60000000000001
-213.2 32.8 -120.60000000000001
-213.2 32.8 -100.5
-213.2 32.8 -80.4
-213.2 32.8 -60.300000000000004
-213.2 32.8 -40.2
-213.2 32.8 -20.1
-213.2 32.8 0.0
-213.2 32.8 20.1
-213.2 32.8 40.2
-213.2 32.8 60.300000000000004
-213.2 32.8 80.4
-213.2 32.8 100.5
-213.2 32.8 120.60000000000001
-213.2 36.9 -120.60000000000001
-213.2 36.9 -100.5
-213.2 36.9 -80.4
-213.2 36.9 -60.300000000000004
-213.2 36.9 -40.2
-213.2 36.9 -20.1
-213.2 36.9 0.0
-213.2 36.9 20.1
-213.2 36.9 40.2
-213.2 36.9 60.300000000000004
-213.2 36.9 80.4
-213.2 36.9 100.5
-213.2 36.9 120.60000000000001
-213.2 41.0 -120.60000000000001
-213.2 41.0 -100.5
-213.2 41.0 -80.4
-213.2 41.0 -60.300000000000004
-213.2 41.0 -40.2
-213.2 41.0 -20.1
-213.2 41.0 0.0
-213.2 41.0 20.1
-213.2 41.0 40.2
-213.2 41.0 60.300000000000004
-213.2 41.0 80.4
-213.2 41.0 100.5
-213.2 41.0 120.60000000000001
-209.1 -57.39999999999999 -120.60000000000001
-209.1 -57.39999999999999 -100.5
-209.1 -57.39999999999999 -80.4
-209.1 -57.39999999999999 -60.300000000000004
-209.1 -57.39999999999999 -40.2
-209.1 -57.39999999999999 -20.1
-209.1 -57.39999999999999 0.0
-209.1 -57.39999999999999 20.1
-209.1 -57.39999999999999 40.2
-209.1 -57.39999999999999 60.300000000000004
-209.1 -57.39999999999999 80.4
-209.1 -57.39999999999999 100.5
-209.1 -57.39999999999999 120.60000000000001
-209.1 -53.3 -120.60000000000001
-209.1 -53.3 -100.5
-209.1 -53.3 -80.4
-209.1 -53.3 -60.300000000000004
-209.1 -53.3 -40.2
-209.1 -53.3 -20.1
-209.1 -53.3 0.0
-209.1 -53.3 20.1
-209.1 -53.3 40.2
-209.1 -53.3 60.300000000000004
-209.1 -53.3 80.4
-209.1 -53.3 100.5
-209.1 -53.3 120.60000000000001
-209.1 -49.199999999999996 -120.60000000000001
-209.1 -49.199999999999996 -100.5
-209.1 -49.199999999999996 -80.4
-209.1 -49.199999999999996 -60.300000000000004
-209.1 -49.199999999999996 -40.2
-209.1 -49.199999999999996 -20.1
-209.1 -49.199999999999996 0.0
-209.1 -49.199999999999996 20.1
-209.1 -49.199999999999996 40.2
-209.1 -49.199999999999996 60.300000000000004
-209.1 -49.199999999999996 80.4
-209.1 -49.199999999999996 100.5
-209.1 -49.199999999999996 120.60000000000001
-209.1 -45.099999999999994 -120.60000000000001
-209.1 -45.099999999999994 -100.5
-209.1 -45.099999999999994 -80.4
-209.1 -45.099999999999994 -60.300000000000004
-209.1 -45.099999999999994 -40.2
-209.1 -45.099999999999994 -20.1
-209.1 -45.099999999999994 0.0
-209.1 -45.099999999999994 20.1
-209.1 -45.099999999999994 40.2
-209.1 -45.099999999999994 60.300000000000004
-209.1 -45.099999999999994 80.4
-209.1 -45.099999999999994 100.5
-209.1 -45.099999999999994 120.60000000000001
-209.1 -41.0 -120.60000000000001
-209.1 -41.0 -100.5
-209.1 -41.0 -80.4
-209.1 -41.0 -60.300000000000004
-209.1 -41.0 -40.2
-209.1 -41.0 -20.1
-209.1 -41.0 0.0
-209.1 -41.0 20.1
-209.1 -41.0 40.2
-209.1 -41.0 60.300000000000004
-209.1 -41.0 80.4
-209.1 -41.0 100.5
-209.1 -41.0 120.60000000000001
-209.1 -36.9 -120.60000000000001
-209.1 -36.9 -100.5
-209.1 -36.9 -80.4
-209.1 -36.9 -60.300000000000004
-209.1 -36.9 -40.2
-209.1 -36.9 -20.1
-209.1 -36.9 0.0
-209.1 -36.9 20.1
-209.1 -36.9 40.2
-209.1 -36.9 60.300000000000004
-209.1 -36.9 80.4
-209.1 -36.9 100.5
-209.1 -36.9 120.60000000000001
-209.1 -32.8 -120.60000000000001
-209.1 -32.8 -100.5
-209.1 -32.8 -80.4
-209.1 -32.8 -60.300000000000004
-209.1 -32.8 -40.2
-209.1 -32.8 -20.1
-209.1 -32.8 0.0
-209.1 -32.8 20.1
-209.1 -32.8 40.2
-209.1 -32.8 60.300000000000004
-209.1 -32.8 80.4
-209.1 -32.8 100.5
-209.1 -32.8 120.60000000000001
-209.1 -28.699999999999996 -120.60000000000001
-209.1 -28.699999999999996 -100.5
-209.1 -28.699999999999996 -80.4
-209.1 -28.699999999999996 -60.300000000000004
-209.1 -28.699999999999996 -40.2
-209.1 -28.699999999999996 -20.1
-209.1 -28.699999999999996 0.0
-209.1 -28.699999999999996 20.1
-209.1 -28.699999999999996 40.2
-209.1 -28.699999999999996 60.300000000000004
-209.1 -28.699999999999996 80.4
-209.1 -28.699999999999996 100.5
-209.1 -28.699999999999996 120.60000000000001
-209.1 -24.599999999999998 -120.60000000000001
-209.1 -24.599999999999998 -100.5
-209.1 -24.599999999999998 -80.4
-209.1 -24.599999999999998 -60.300000000000004
-209.1 -24.599999999999998 -40.2
-209.1 -24.599999999999998 -20.1
-209.1 -24.599999999999998 0.0
-209.1 -24.599999999999998 20.1
-209.1 -24.599999999999998 40.2
-209.1 -24.599999999999998 60.300000000000004
-209.1 -24.599999999999998 80.4
-209.1 -24.599999999999998 100.5
-209.1 -24.599999999999998 120.60000000000001
-209.1 -20.5 -120.60000000000001
-209.1 -20.5 -100.5
-209.1 -20.5 -80.4
-209.1 -20.5 -60.300000000000004
-209.1 -20.5 -40.2
-209.1 -20.5 -20.1
-209.1 -20.5 0.0
-209.1 -20.5 20.1
-209.1 -20.5 40.2
-209.1 -20.5 60.300000000000004
-209.1 -20.5 80.4
-209.1 -20.5 100.5
-209.1 -20.5 120.60000000000001
-209.1 -16.4 -120.60000000000001
-209.1 -16.4 -100.5
-209.1 -16.4 -80.4
-209.1 -16.4 -60.300000000000004
-209.1 -16.4 -40.2
-209.1 -16.4 -20.1
-209.1 -16.4 0.0
-209.1 -16.4 20.1
-209.1 -16.4 40.2
-209.1 -16.4 60.300000000000004
-209.1 -16.4 80.4
-209.1 -16.4 100.5
-209.1 -16.4 120.60000000000001
-209.1 -12.299999999999999 -120.60000000000001
-209.1 -12.299999999999999 -100.5
-209.1 -12.299999999999999 -80.4
-209.1 -12.299999999999999 -60.300000000000004
-209.1 -12.299999999999999 -40.2
-209.1 -12.299999999999999 -20.1
-209.1 -12.299999999999999 0.0
-209.1 -12.299999999999999 20.1
-209.1 -12.299999999999999 40.2
-209.1 -12.299999999999999 60.300000000000004
-209.1 -12.299999999999999 80.4
-209.1 -12.299999999999999 100.5
-209.1 -12.299999999999999 120.60000000000001
-209.1 -8.2 -120.60000000000001
-209.1 -8.2 -100.5
-209.1 -8.2 -80.4
-209.1 -8.2 -60.300000000000004
-209.1 -8.2 -40.2
-209.1 -8.2 -20.1
-209.1 -8.2 0.0
-209.1 -8.2 20.1
-209.1 -8.2 40.2
-209.1 -8.2 60.300000000000004
-209.1 -8.2 80.4
-209.1 -8.2 100.5
-209.1 -8.2 120.60000000000001
-209.1 -4.1 -120.60000000000001
-209.1 -4.1 -100.5
-209.1 -4.1 -80.4
-209.1 -4.1 -60.300000000000004
-209.1 -4.1 -40.2
-209.1 -4.1 -20.1
-209.1 -4.1 0.0
-209.1 -4.1 20.1
-209.1 -4.1 40.2
-209.1 -4.1 60.300000000000004
-209.1 -4.1 80.4
-209.1 -4.1 100.5
-209.1 -4.1 120.60000000000001
-209.1 0.0 -120.60000000000001
-209.1 0.0 -100.5
-209.1 0.0 -80.4
-209.1 0.0 -60.300000000000004
-209.1 0.0 -40.2
-209.1 0.0 -20.1
-209.1 0.0 0.0
-209.1 0.0 20.1
-209.1 0.0 40.2
-209.1 0.0 60.300000000000004
-209.1 0.0 80.4
-209.1 0.0 100.5
-209.1 0.0 120.60000000000001
-209.1 4.1 -120.60000000000001
-209.1 4.1 -100.5
-209.1 4.1 -80.4
-209.1 4.1 -60.300000000000004
-209.1 4.1 -40.2
-209.1 4.1 -20.1
-209.1 4.1 0.0
-209.1 4.1 20.1
-209.1 4.1 40.2
-209.1 4.1 60.300000000000004
-209.1 4.1 80.4
-209.1 4.1 100.5
-209.1 4.1 120.60000000000001
-209.1 8.2 -120.60000000000001
-209.1 8.2 -100.5
-209.1 8.2 -80.4
-209.1 8.2 -60.300000000000004
-209.1 8.2 -40.2
-209.1 8.2 -20.1
-209.1 8.2 0.0
-209.1 8.2 20.1
-209.1 8.2 40.2
-209.1 8.2 60.300000000000004
-209.1 8.2 80.4
-209.1 8.2 100.5
-209.1 8.2 120.60000000000001
-209.1 12.299999999999999 -120.60000000000001
-209.1 12.299999999999999 -100.5
-209.1 12.299999999999999 -80.4
-209.1 12.299999999999999 -60.300000000000004
-209.1 12.299999999999999 -40.2
-209.1 12.299999999999999 -20.1
-209.1 12.299999999999999 0.0
-209.1 12.299999999999999 20.1
-209.1 12.299999999999999 40.2
-209.1 12.299999999999999 60.300000000000004
-209.1 12.299999999999999 80.4
-209.1 12.299999999999999 100.5
-209.1 12.299999999999999 120.60000000000001
-209.1 16.4 -120.60000000000001
-209.1 16.4 -100.5
-209.1 16.4 -80.4
-209.1 16.4 -60.300000000000004
-209.1 16.4 -40.2
-209.1 16.4 -20.1
-209.1 16.4 0.0
-209.1 16.4 20.1
-209.1 16.4 40.2
-209.1 16.4 60.300000000000004
-209.1 16.4 80.4
-209.1 16.4 100.5
-209.1 16.4 120.60000000000001
-209.1 20.5 -120.60000000000001
-209.1 20.5 -100.5
-209.1 20.5 -80.4
-209.1 20.5 -60.300000000000004
-209.1 20.5 -40.2
-209.1 20.5 -20.1
-209.1 20.5 0.0
-209.1 20.5 20.1
-209.1 20.5 40.2
-209.1 20.5 60.300000000000004
-209.1 20.5 80.4
-209.1 20.5 100.5
-209.1 20.5 120.60000000000001
-209.1 24.599999999999998 -120.60000000000001
-209.1 24.599999999999998 -100.5
-209.1 24.599999999999998 -80.4
-209.1 24.599999999999998 -60.300000000000004
-209.1 24.599999999999998 -40.2
-209.1 24.599999999999998 -20.1
-209.1 24.599999999999998 0.0
-209.1 24.599999999999998 20.1
-209.1 24.599999999999998 40.2
-209.1 24.599999999999998 60.300000000000004
-209.1 24.599999999999998 80.4
-209.1 24.599999999999998 100.5
-209.1 24.599999999999998 120.60000000000001
-209.1 28.699999999999996 -120.60000000000001
-209.1 28.699999999999996 -100.5
-209.1 28.699999999999996 -80.4
-209.1 28.699999999999996 -60.300000000000004
-209.1 28.699999999999996 -40.2
-209.1 28.699999999999996 -20.1
-209.1 28.699999999999996 0.0
-209.1 28.699999999999996 20.1
-209.1 28.699999999999996 40.2
-209.1 28.699999999999996 60.300000000000004
-209.1 28.699999999999996 80.4
-209.1 28.699999999999996 100.5
-209.1 28.699999999999996 120.60000000000001
-209.1 32.8 -120.60000000000001
-209.1 32.8 -100.5
-209.1 32.8 -80.4
-209.1 32.8 -60.300000000000004
-209.1 32.8 -40.2
-209.1 32.8 -20.1
-209.1 32.8 0.0
-209.1 32.8 20.1
-209.1 32.8 40.2
-209.1 32.8 60.300000000000004
-209.1 32.8 80.4
-209.1 32.8 100.5
-209.1 32.8 120.60000000000001
-209.1 36.9 -120.60000000000001
-209.1 36.9 -100.5
-209.1 36.9 -80.4
-209.1 36.9 -60.300000000000004
-209.1 36.9 -40.2
-209.1 36.9 -20.1
-209.1 36.9 0.0
-209.1 36.9 20.1
-209.1 36.9 40.2
-209.1 36.9 60.300000000000004
-209.1 36.9 80.4
-209.1 36.9 100.5
-209.1 36.9 120.60000000000001
-209.1 41.0 -120.60000000000001
-209.1 41.0 -100.5
-209.1 41.0 -80.4
-209.1 41.0 -60.300000000000004
-209.1 41.0 -40.2
-209.1 41.0 -20.1
-209.1 41.0 0.0
-209.1 41.0 20.1
-209.1 41.0 40.2
-209.1 41.0 60.300000000000004
-209.1 41.0 80.4
-209.1 41.0 100.5
-209.1 41.0 120.60000000000001
-209.1 45.099999999999994 -120.60000000000001
-209.1 45.099999999999994 -100.5
-209.1 45.099999999999994 -80.4
-209.1 45.099999999999994 -60.300000000000004
-209.1 45.099999999999994 -40.2
-209.1 45.099999999999994 -20.1
-209.1 45.099999999999994 0.0
-209.1 45.099999999999994 20.1
-209.1 45.099999999999994 40.2
-209.1 45.099999999999994 60.300000000000004
-209.1 45.099999999999994 80.4
-209.1 45.099999999999994 100.5
-209.1 45.099999999999994 120.60000000000001
-209.1 49.199999999999996 -120.60000000000001
-209.1 49.199999999999996 -100.5
-209.1 49.199999999999996 -80.4
-209.1 49.199999999999996 -60.300000000000004
-209.1 49.199999999999996 -40.2
-209.1 49.199999999999996 -20.1
-209.1 49.199999999999996 0.0
-209.1 49.199999999999996 20.1
-209.1 49.199999999999996 40.2
-209.1 49.199999999999996 60.300000000000004
-209.1 49.199999999999996 80.4
-209.1 49.199999999999996 100.5
-209.1 49.199999999999996 120.60000000000001
-209.1 53.3 -120.60000000000001
-209.1 53.3 -100.5
-209.1 53.3 -80.4
-209.1 53.3 -60.300000000000004
-209.1 53.3 -40.2
-209.1 53.3 -20.1
-209.1 53.3 0.0
-209.1 53.3 20.1
-209.1 53.3 40.2
-209.1 53.3 60.300000000000004
-209.1 53.3 80.4
-209.1 53.3 100.5
-209.1 53.3 120.60000000000001
-209.1 57.39999999999999 -120.60000000000001
-209.1 57.39999999999999 -100.5
-209.1 57.39999999999999 -80.4
-209.1 57.39999999999999 -60.300000000000004
-209.1 57.39999999999999 -40.2
-209.1 57.39999999999999 -20.1
-209.1 57.39999999999999 0.0
-209.1 57.39999999999999 20.1
-209.1 57.39999999999999 40.2
-209.1 57.39999999999999 60.300000000000004
-209.1 57.39999999999999 80.4
-209.1 57.39999999999999 100.5
-209.1 57.39999999999999 120.60000000000001
-204.99999999999997 -69.69999999999999 -120.60000000000001
-204.99999999999997 -69.69999999999999 -100.5
-204.99999999999997 -69.69999999999999 -80.4
-204.99999999999997 -69.69999999999999 -60.300000000000004
-204.99999999999997 -69.69999999999999 -40.2
-204.99999999999997 -69.69999999999999 -20.1
-204.99999999999997 -69.69999999999999 0.0
-204.99999999999997 -69.69999999999999 20.1
-204.99999999999997 -69.69999999999999 40.2
-204.99999999999997 -69.69999999999999 60.300000000000004
-204.99999999999997 -69.69999999999999 80.4
-204.99999999999997 -69.69999999999999 100.5
-204.99999999999997 -69.69999999999999 120.60000000000001
-204.99999999999997 -65.6 -120.60000000000001
-204.99999999999997 -65.6 -100.5
-204.99999999999997 -65.6 -80.4
-204.99999999999997 -65.6 -60.300000000000004
-204.99999999999997 -65.6 -40.2
-204.99999999999997 -65.6 -20.1
-204.99999999999997 -65.6 0.0
-204.99999999999997 -65.6 20.1
-204.99999999999997 -65.6 40.2
-204.99999999999997 -65.6 60.300000000000004
-204.99999999999997 -65.6 80.4
-204.99999999999997 -65.6 100.5
-204.99999999999997 -65.6 120.60000000000001
-204.99999999999997 -61.49999999999999 -120.60000000000001
-204.99999999999997 -61.49999999999999 -100.5
-204.99999999999997 -61.49999999999999 -80.4
-204.99999999999997 -61.49999999999999 -60.300000000000004
-204.99999999999997 -61.49999999999999 -40.2
-204.99999999999997 -61.49999999999999 -20.1
-204.99999999999997 -61.49999999999999 0.0
-204.99999999999997 -61.49999999999999 20.1
-204.99999999999997 -61.49999999999999 40.2
-204.99999999999997 -61.49999999999999 60.300000000000004
-204.99999999999997 -61.49999999999999 80.4
-204.99999999999997 -61.49999999999999 100.5
-204.99999999999997 -61.49999999999999 120.60000000000001
-204.99999999999997 -57.39999999999999 -120.60000000000001
-204.99999999999997 -57.39999999999999 -100.5
-204.99999999999997 -57.39999999999999 -80.4
-204.99999999999997 -57.39999999999999 -60.300000000000004
-204.99999999999997 -57.39999999999999 -40.2
-204.99999999999997 -57.39999999999999 -20.1
-204.99999999999997 -57.39999999999999 0.0
-204.99999999999997 -57.39999999999999 20.1
-204.99999999999997 -57.39999999999999 40.2
-204.99999999999997 -57.39999999999999 60.300000000000004
-204.99999999999997 -57.39999999999999 80.4
-204.99999999999997 -57.39999999999999 100.5
-204.99999999999997 -57.39999999999999 120.60000000000001
-204.99999999999997 -53.3 -120.60000000000001
-204.99999999999997 -53.3 -100.5
-204.99999999999997 -53.3 -80.4
-204.99999999999997 -53.3 -60.300000000000004
-204.99999999999997 -53.3 -40.2
-204.99999999999997 -53.3 -20.1
-204.99999999999997 -53.3 0.0
-204.99999999999997 -53.3 20.1
-204.99999999999997 -53.3 40.2
-204.99999999999997 -53.3 60.300000000000004
-204.99999999999997 -53.3 80.4
-204.99999999999997 -53.3 100.5
-204.99999999999997 -53.3 120.60000000000001
-204.99999999999997 -49.199999999999996 -120.60000000000001
-204.99999999999997 -49.199999999999996 -100.5
-204.99999999999997 -49.199999999999996 -80.4
-204.99999999999997 -49.199999999999996 -60.300000000000004
-204.99999999999997 -49.199999999999996 -40.2
-204.99999999999997 -49.199999999999996 -20.1
-204.99999999999997 -49.199999999999996 0.0
-204.99999999999997 -49.199999999999996 20.1
-204.99999999999997 -49.199999999999996 40.2
-204.99999999999997 -49.199999999999996 60.300000000000004
-204.99999999999997 -49.199999999999996 80.4
-204.99999999999997 -49.199999999999996 100.5
-204.99999999999997 -49.199999999999996 120.60000000000001
-204.99999999999997 -45.099999999999994 -120.60000000000001
-204.99999999999997 -45.099999999999994 -100.5
-204.99999999999997 -45.099999999999994 -80.4
-204.99999999999997 -45.099999999999994 -60.300000000000004
-204.99999999999997 -45.099999999999994 -40.2
-204.99999999999997 -45.099999999999994 -20.1
-204.99999999999997 -45.099999999999994 0.0
-204.99999999999997 -45.099999999999994 20.1
-204.99999999999997 -45.099999999999994 40.2
-204.99999999999997 -45.099999999999994 60.300000000000004
-204.99999999999997 -45.099999999999994 80.4
-204.99999999999997 -45.099999999999994 100.5
-204.99999999999997 -45.099999999999994 120.60000000000001
-204.99999999999997 -41.0 -120.60000000000001
-204.99999999999997 -41.0 -100.5
-204.99999999999997 -41.0 -80.4
-204.99999999999997 -41.0 -60.300000000000004
-204.99999999999997 -41.0 -40.2
-204.99999999999997 -41.0 -20.1
-204.99999999999997 -41.0 0.0
-204.99999999999997 -41.0 20.1
-204.99999999999997 -41.0 40.2
-204.99999999999997 -41.0 60.300000000000004
-204.99999999999997 -41.0 80.4
-204.99999999999997 -41.0 100.5
-204.99999999999997 -41.0 120.60000000000001
-204.99999999999997 -36.9 -120.60000000000001
-204.99999999999997 -36.9 -100.5
-204.99999999999997 -36.9 -80.4
-204.99999999999997 -36.9 -60.300000000000004
-204.99999999999997 -36.9 -40.2
-204.99999999999997 -36.9 -20.1
-204.99999999999997 -36.9 0.0
-204.99999999999997 -36.9 20.1
-204.99999999999997 -36.9 40.2
-204.99999999999997 -36.9 60.300000000000004
-204.99999999999997 -36.9 80.4
-204.99999999999997 -36.9 100.5
-204.99999999999997 -36.9 120.60000000000001
-204.99999999999997 -32.8 -120.60000000000001
-204.99999999999997 -32.8 -100.5
-204.99999999999997 -32.8 -80.4
-204.99999999999997 -32.8 -60.300000000000004
-204.99999999999997 -32.8 -40.2
-204.99999999999997 -32.8 -20.1
-204.99999999999997 -32.8 0.0
-204.99999999999997 -32.8 20.1
-204.99999999999997 -32.8 40.2
-204.99999999999997 -32.8 60.300000000000004
-204.99999999999997 -32.8 80.4
-204.99999999999997 -32.8 100.5
-204.99999999999997 -32.8 120.60000000000001
-204.99999999999997 -28.699999999999996 -120.60000000000001
-204.99999999999997 -28.699999999999996 -100.5
-204.99999999999997 -28.699999999999996 -80.4
-204.99999999999997 -28.699999999999996 -60.300000000000004
-204.99999999999997 -28.699999999999996 -40.2
-204.99999999999997 -28.699999999999996 -20.1
-204.99999999999997 -28.699999999999996 0.0
-204.99999999999997 -28.699999999999996 20.1
-204.99999999999997 -28.699999999999996 40.2
-204.99999999999997 -28.699999999999996 60.300000000000004
-204.99999999999997 -28.699999999999996 80.4
-204.99999999999997 -28.699999999999996 100.5
-204.99999999999997 -28.699999999999996 120.60000000000001
-204.99999999999997 -24.599999999999998 -120.60000000000001
-204.99999999999997 -24.599999999999998 -100.5
-204.99999999999997 -24.599999999999998 -80.4
-204.99999999999997 -24.599999999999998 -60.300000000000004
-204.99999999999997 -24.599999999999998 -40.2
-204.99999999999997 -24.599999999999998 -20.1
-204.99999999999997 -24.599999999999998 0.0
-204.99999999999997 -24.599999999999998 20.1
-204.99999999999997 -24.599999999999998 40.2
-204.99999999999997 -24.599999999999998 60.300000000000004
-204.99999999999997 -24.599999999999998 80.4
-204.99999999999997 -24.599999999999998 100.5
-204.99999999999997 -24.599999999999998 120.60000000000001
-204.99999999999997 -20.5 -120.60000000000001
-204.99999999999997 -20.5 -100.5
-204.99999999999997 -20.5 -80.4
-204.99999999999997 -20.5 -60.300000000000004
-204.99999999999997 -20.5 -40.2
-204.99999999999997 -20.5 -20.1
-204.99999999999997 -20.5 0.0
-204.99999999999997 -20.5 20.1
-204.99999999999997 -20.5 40.2
-204.99999999999997 -20.5 60.300000000000004
-204.99999999999997 -20.5 80.4
-204.99999999999997 -20.5 100.5
-204.99999999999997 -20.5 120.60000000000001
-204.99999999999997 -16.4 -120.60000000000001
-204.99999999999997 -16.4 -100.5
-204.99999999999997 -16.4 -80.4
-204.99999999999997 -16.4 -60.300000000000004
-204.99999999999997 -16.4 -40.2
-204.99999999999997 -16.4 -20.1
-204.99999999999997 -16.4 0.0
-204.99999999999997 -16.4 20.1
-204.99999999999997 -16.4 40.2
-204.99999999999997 -16.4 60.300000000000004
-204.99999999999997 -16.4 80.4
-204.99999999999997 -16.4 100.5
-204.99999999999997 -16.4 120.60000000000001
-204.99999999999997 -12.299999999999999 -120.60000000000001
-204.99999999999997 -12.299999999999999 -100.5
-204.99999999999997 -12.299999999999999 -80.4
-204.99999999999997 -12.299999999999999 -60.300000000000004
-204.99999999999997 -12.299999999999999 -40.2
-204.99999999999997 -12.299999999999999 -20.1
-204.99999999999997 -12.299999999999999 0.0
-204.99999999999997 -12.299999999999999 20.1
-204.99999999999997 -12.299999999999999 40.2
-204.99999999999997 -12.299999999999999 60.300000000000004
-204.99999999999997 -12.299999999999999 80.4
-204.99999999999997 -12.299999999999999 100.5
-204.99999999999997 -12.299999999999999 120.60000000000001
-204.99999999999997 -8.2 -120.60000000000001
-204.99999999999997 -8.2 -100.5
-204.99999999999997 -8.2 -80.4
-204.99999999999997 -8.2 -60.300000000000004
-204.99999999999997 -8.2 -40.2
-204.99999999999997 -8.2 -20.1
-204.99999999999997 -8.2 0.0
-204.99999999999997 -8.2 20.1
-204.99999999999997 -8.2 40.2
-204.99999999999997 -8.2 60.300000000000004
-204.99999999999997 -8.2 80.4
-204.99999999999997 -8.2 100.5
-204.99999999999997 -8.2 120.60000000000001
-204.99999999999997 -4.1 -120.60000000000001
-204.99999999999997 -4.1 -100.5
-204.99999999999997 -4.1 -80.4
-204.99999999999997 -4.1 -60.300000000000004
-204.99999999999997 -4.1 -40.2
-204.99999999999997 -4.1 -20.1
-204.99999999999997 -4.1 0.0
-204.99999999999997 -4.1 20.1
-204.99999999999997 -4.1 40.2
-204.99999999999997 -4.1 60.300000000000004
-204.99999999999997 -4.1 80.4
-204.99999999999997 -4.1 100.5
-204.99999999999997 -4.1 120.60000000000001
-204.99999999999997 0.0 -120.60000000000001
-204.99999999999997 0.0 -100.5
-204.99999999999997 0.0 -80.4
-204.99999999999997 0.0 -60.300000000000004
-204.99999999999997 0.0 -40.2
-204.99999999999997 0.0 -20.1
-204.99999999999997 0.0 0.0
-204.99999999999997 0.0 20.1
-204.99999999999997 0.0 40.2
-204.99999999999997 0.0 60.300000000000004
-204.99999999999997 0.0 80.4
-204.99999999999997 0.0 100.5
-204.99999999999997 0.0 120.60000000000001
-204.99999999999997 4.1 -120.60000000000001
-204.99999999999997 4.1 -100.5
-204.99999999999997 4.1 -80.4
-204.99999999999997 4.1 -60.300000000000004
-204.99999999999997 4.1 -40.2
-204.99999999999997 4.1 -20.1
-204.99999999999997 4.1 0.0
-204.99999999999997 4.1 20.1
-204.99999999999997 4.1 40.2
-204.99999999999997 4.1 60.300000000000004
-204.99999999999997 4.1 80.4
-204.99999999999997 4.1 100.5
-204.99999999999997 4.1 120.60000000000001
-204.99999999999997 8.2 -120.60000000000001
-204.99999999999997 8.2 -100.5
-204.99999999999997 8.2 -80.4
-204.99999999999997 8.2 -60.300000000000004
-204.99999999999997 8.2 -40.2
-204.99999999999997 8.2 -20.1
-204.99999999999997 8.2 0.0
-204.99999999999997 8.2 20.1
-204.99999999999997 8.2 40.2
-204.99999999999997 8.2 60.300000000000004
-204.99999999999997 8.2 80.4
-204.99999999999997 8.2 100.5
-204.99999999999997 8.2 120.60000000000001
-204.99999999999997 12.299999999999999 -120.60000000000001
-204.99999999999997 12.299999999999999 -100.5
-204.99999999999997 12.299999999999999 -80.4
-204.99999999999997 12.299999999999999 -60.300000000000004
-204.99999999999997 12.299999999999999 -40.2
-204.99999999999997 12.299999999999999 -20.1
-204.99999999999997 12.299999999999999 0.0
-204.99999999999997 12.299999999999999 20.1
-204.99999999999997 12.299999999999999 40.2
-204.99999999999997 12.299999999999999 60.300000000000004
-204.99999999999997 12.299999999999999 80.4
-204.99999999999997 12.299999999999999 100.5
-204.99999999999997 12.299999999999999 120.60000000000001
-204.99999999999997 16.4 -120.60000000000001
-204.99999999999997 16.4 -100.5
-204.99999999999997 16.4 -80.4
-204.99999999999997 16.4 -60.300000000000004
-204.99999999999997 16.4 -40.2
-204.99999999999997 16.4 -20.1
-204.99999999999997 16.4 0.0
-204.99999999999997 16.4 20.1
-204.99999999999997 16.4 40.2
-204.99999999999997 16.4 60.300000000000004
-204.99999999999997 16.4 80.4
-204.99999999999997 16.4 100.5
-204.99999999999997 16.4 120.60000000000001
-204.99999999999997 20.5 -120.60000000000001
-204.99999999999997 20.5 -100.5
-204.99999999999997 20.5 -80.4
-204.99999999999997 20.5 -60.300000000000004
-204.99999999999997 20.5 -40.2
-204.99999999999997 20.5 -20.1
-204.99999999999997 20.5 0.0
-204.99999999999997 20.5 20.1
-204.99999999999997 20.5 40.2
-204.99999999999997 20.5 60.300000000000004
-204.99999999999997 20.5 80.4
-204.99999999999997 20.5 100.5
-204.99999999999997 20.5 120.60000000000001
-204.99999999999997 24.599999999999998 -120.60000000000001
-204.99999999999997 24.599999999999998 -100.5
-204.99999999999997 24.599999999999998 -80.4
-204.99999999999997 24.599999999999998 -60.300000000000004
-204.99999999999997 24.599999999999998 -40.2
-204.99999999999997 24.599999999999998 -20.1
-204.99999999999997 24.599999999999998 0.0
-204.99999999999997 24.599999999999998 20.1
-204.99999999999997 24.599999999999998 40.2
-204.99999999999997 24.599999999999998 60.300000000000004
-204.99999999999997 24.599999999999998 80.4
-204.99999999999997 24.599999999999998 100.5
-204.99999999999997 24.599999999999998 120.60000000000001
-204.99999999999997 28.699999999999996 -120.60000000000001
-204.99999999999997 28.699999999999996 -100.5
-204.99999999999997 28.699999999999996 -80.4
-204.99999999999997 28.699999999999996 -60.300000000000004
-204.99999999999997 28.699999999999996 -40.2
-204.99999999999997 28.699999999999996 -20.1
-204.99999999999997 28.699999999999996 0.0
-204.99999999999997 28.699999999999996 20.1
-204.99999999999997 28.699999999999996 40.2
-204.99999999999997 28.699999999999996 60.300000000000004
-204.99999999999997 28.699999999999996 80.4
-204.99999999999997 28.699999999999996 100.5
-204.99999999999997 28.699999999999996 120.60000000000001
-204.99999999999997 32.8 -120.60000000000001
-204.99999999999997 32.8 -100.5
-204.99999999999997 32.8 -80.4
-204.99999999999997 32.8 -60.300000000000004
-204.99999999999997 32.8 -40.2
-204.99999999999997 32.8 -20.1
-204.99999999999997 32.8 0.0
-204.99999999999997 32.8 20.1
-204.99999999999997 32.8 40.2
-204.99999999999997 32.8 60.300000000000004
-204.99999999999997 32.8 80.4
-204.99999999999997 32.8 100.5
-204.99999999999997 32.8 120.60000000000001
-204.99999999999997 36.9 -120.60000000000001
-204.99999999999997 36.9 -100.5
-204.99999999999997 36.9 -80.4
-204.99999999999997 36.9 -60.300000000000004
-204.99999999999997 36.9 -40.2
-204.99999999999997 36.9 -20.1
-204.99999999999997 36.9 0.0
-204.99999999999997 36.9 20.1
-204.99999999999997 36.9 40.2
-204.99999999999997 36.9 60.300000000000004
-204.99999999999997 36.9 80.4
-204.99999999999997 36.9 100.5
-204.99999999999997 36.9 120.60000000000001
-204.99999999999997 41.0 -120.60000000000001
-204.99999999999997 41.0 -100.5
-204.99999999999997 41.0 -80.4
-204.99999999999997 41.0 -60.300000000000004
-204.99999999999997 41.0 -40.2
-204.99999999999997 41.0 -20.1
-204.99999999999997 41.0 0.0
-204.99999999999997 41.0 20.1
-204.99999999999997 41.0 40.2
-204.99999999999997 41.0 60.300000000000004
-204.99999999999997 41.0 80.4
-204.99999999999997 41.0 100.5
-204.99999999999997 41.0 120.60000000000001
-204.99999999999997 45.099999999999994 -120.60000000000001
-204.99999999999997 45.099999999999994 -100.5
-204.99999999999997 45.099999999999994 -80.4
-204.99999999999997 45.099999999999994 -60.300000000000004
-204.99999999999997 45.099999999999994 -40.2
-204.99999999999997 45.099999999999994 -20.1
-204.99999999999997 45.099999999999994 0.0
-204.99999999999997 45.099999999999994 20.1
-204.99999999999997 45.099999999999994 40.2
-204.99999999999997 45.099999999999994 60.300000000000004
-204.99999999999997 45.099999999999994 80.4
-204.99999999999997 45.099999999999994 100.5
-204.99999999999997 45.099999999999994 120.60000000000001
-204.99999999999997 49.199999999999996 -120.60000000000001
-204.99999999999997 49.199999999999996 -100.5
-204.99999999999997 49.199999999999996 -80.4
-204.99999999999997 49.199999999999996 -60.300000000000004
-204.99999999999997 49.199999999999996 -40.2
-204.99999999999997 49.199999999999996 -20.1
-204.99999999999997 49.199999999999996 0.0
-204.99999999999997 49.199999999999996 20.1
-204.99999999999997 49.199999999999996 40.2
-204.99999999999997 49.199999999999996 60.300000000000004
-204.99999999999997 49.199999999999996 80.4
-204.99999999999997 49.199999999999996 100.5
-204.99999999999997 49.199999999999996 120.60000000000001
-204.99999999999997 53.3 -120.60000000000001
-204.99999999999997 53.3 -100.5
-204.99999999999997 53.3 -80.4
-204.99999999999997 53.3 -60.300000000000004
-204.99999999999997 53.3 -40.2
-204.99999999999997 53.3 -20.1
-204.99999999999997 53.3 0.0
-204.99999999999997 53.3 20.1
-204.99999999999997 53.3 40.2
-204.99999999999997 53.3 60.300000000000004
-204.99999999999997 53.3 80.4
-204.99999999999997 53.3 100.5
-204.99999999999997 53.3 120.60000000000001
-204.99999999999997 57.39999999999999 -120.60000000000001
-204.99999999999997 57.39999999999999 -100.5
-204.99999999999997 57.39999999999999 -80.4
-204.99999999999997 57.39999999999999 -60.300000000000004
-204.99999999999997 57.39999999999999 -40.2
-204.99999999999997 57.39999999999999 -20.1
-204.99999999999997 57.39999999999999 0.0
-204.99999999999997 57.39999999999999 20.1
-204.99999999999997 57.39999999999999 40.2
-204.99999999999997 57.39999999999999 60.300000000000004
-204.99999999999997 57.39999999999999 80.4
-204.99999999999997 57.39999999999999 100.5
-204.99999999999997 57.39999999999999 120.60000000000001
-204.99999999999997 61.49999999999999 -120.60000000000001
-204.99999999999997 61.49999999999999 -100.5
-204.99999999999997 61.49999999999999 -80.4
-204.99999999999997 61.49999999999999 -60.300000000000004
-204.99999999999997 61.49999999999999 -40.2
-204.99999999999997 61.49999999999999 -20.1
-204.99999999999997 61.49999999999999 0.0
-204.99999999999997 61.49999999999999 20.1
-204.99999999999997 61.49999999999999 40.2
-204.99999999999997 61.49999999999999 60.300000000000004
-204.99999999999997 61.49999999999999 80.4
-204.99999999999997 61.49999999999999 100.5
-204.99999999999997 61.49999999999999 120.60000000000001
-204.99999999999997 65.6 -120.60000000000001
-204.99999999999997 65.6 -100.5
-204.99999999999997 65.6 -80.4
-204.99999999999997 65.6 -60.300000000000004
-204.99999999999997 65.6 -40.2
-204.99999999999997 65.6 -20.1
-204.99999999999997 65.6 0.0
-204.99999999999997 65.6 20.1
-204.99999999999997 65.6 40.2
-204.99999999999997 65.6 60.300000000000004
-204.99999999999997 65.6 80.4
-204.99999999999997 65.6 100.5
-204.99999999999997 65.6 120.60000000000001
-204.99999999999997 69.69999999999999 -120.60000000000001
-204.99999999999997 69.69999999999999 -100.5
-204.99999999999997 69.69999999999999 -80.4
-204.99999999999997 69.69999999999999 -60.300000000000004
-204.99999999999997 69.69999999999999 -40.2
-204.99999999999997 69.69999999999999 -20.1
-204.99999999999997 69.69999999999999 0.0
-204.99999999999997 69.69999999999999 20.1
-204.99999999999997 69.69999999999999 40.2
-204.99999999999997 69.69999999999999 60.300000000000004
-204.99999999999997 69.69999999999999 80.4
-204.99999999999997 69.69999999999999 100.5
-204.99999999999997 69.69999999999999 120.60000000000001
-200.89999999999998 -82.0 -120.60000000000001
-200.89999999999998 -82.0 -100.5
-200.89999999999998 -82.0 -80.4
-200.89999999999998 -82.0 -60.300000000000004
-200.89999999999998 -82.0 -40.2
-200.89999999999998 -82.0 -20.1
-200.89999999999998 -82.0 0.0
-200.89999999999998 -82.0 20.1
-200.89999999999998 -82.0 40.2
-200.89999999999998 -82.0 60.300000000000004
-200.89999999999998 -82.0 80.4
-200.89999999999998 -82.0 100.5
-200.89999999999998 -82.0 120.60000000000001
-200.89999999999998 -77.89999999999999 -120.60000000000001
-200.89999999999998 -77.89999999999999 -100.5
-200.89999999999998 -77.89999999999999 -80.4
-200.89999999999998 -77.89999999999999 -60.300000000000004
-200.89999999999998 -77.89999999999999 -40.2
-200.89999999999998 -77.89999999999999 -20.1
-200.89999999999998 -77.89999999999999 0.0
-200.89999999999998 -77.89999999999999 20.1
-200.89999999999998 -77.89999999999999 40.2
-200.89999999999998 -77.89999999999999 60.300000000000004
-200.89999999999998 -77.89999999999999 80.4
-200.89999999999998 -77.89999999999999 100.5
-200.89999999999998 -77.89999999999999 120.60000000000001
-200.89999999999998 -73.8 -120.60000000000001
-200.89999999999998 -73.8 -100.5
-200.89999999999998 -73.8 -80.4
-200.89999999999998 -73.8 -60.300000000000004
-200.89999999999998 -73.8 -40.2
-200.89999999999998 -73.8 -20.1
-200.89999999999998 -73.8 0.0
-200.89999999999998 -73.8 20.1
-200.89999999999998 -73.8 40.2
-200.89999999999998 -73.8 60.300000000000004
-200.89999999999998 -73.8 80.4
-200.89999999999998 -73.8 100.5
-200.89999999999998 -73.8 120.60000000000001
-200.89999999999998 -69.69999999999999 -120.60000000000001
-200.89999999999998 -69.69999999999999 -100.5
-200.89999999999998 -69.69999999999999 -80.4
-200.89999999999998 -69.69999999999999 -60.300000000000004
-200.89999999999998 -69.69999999999999 -40.2
-200.89999999999998 -69.69999999999999 -20.1
-200.89999999999998 -69.69999999999999 0.0
-200.89999999999998 -69.69999999999999 20.1
-200.89999999999998 -69.69999999999999 40.2
-200.89999999999998 -69.69999999999999 60.300000000000004
-200.89999999999998 -69.69999999999999 80.4
-200.89999999999998 -69.69999999999999 100.5
-200.89999999999998 -69.69999999999999 120.60000000000001
-200.89999999999998 -65.6 -120.60000000000001
-200.89999999999998 -65.6 -100.5
-200.89999999999998 -65.6 -80.4
-200.89999999999998 -65.6 -60.300000000000004
-200.89999999999998 -65.6 -40.2
-200.89999999999998 -65.6 -20.1
-200.89999999999998 -65.6 0.0
-200.89999999999998 -65.6 20.1
-200.89999999999998 -65.6 40.2
-200.89999999999998 -65.6 60.300000000000004
-200.89999999999998 -65.6 80.4
-200.89999999999998 -65.6 100.5
-200.89999999999998 -65.6 120.60000000000001
-200.89999999999998 -61.49999999999999 -120.60000000000001
-200.89999999999998 -61.49999999999999 -100.5
-200.89999999999998 -61.49999999999999 -80.4
-200.89999999999998 -61.49999999999999 -60.300000000000004
-200.89999999999998 -61.49999999999999 -40.2
-200.89999999999998 -61.49999999999999 -20.1
-200.89999999999998 -61.49999999999999 0.0
-200.89999999999998 -61.49999999999999 20.1
-200.89999999999998 -61.49999999999999 40.2
-200.89999999999998 -61.49999999999999 60.300000000000004
-200.89999999999998 -61.49999999999999 80.4
-200.89999999999998 -61.49999999999999 100.5
-200.89999999999998 -61.49999999999999 120.60000000000001
-200.89999999999998 -57.39999999999999 -120.60000000000001
-200.89999999999998 -57.39999999999999 -100.5
-200.89999999999998 -57.39999999999999 -80.4
-200.89999999999998 -57.39999999999999 -60.300000000000004
-200.89999999999998 -57.39999999999999 -40.2
-200.89999999999998 -57.39999999999999 -20.1
-200.89999999999998 -57.39999999999999 0.0
-200.89999999999998 -57.39999999999999 20.1
-200.89999999999998 -57.39999999999999 40.2
-200.89999999999998 -57.39999999999999 60.300000000000004
-200.89999999999998 -57.39999999999999 80.4
-200.89999999999998 -57.39999999999999 100.5
-200.89999999999998 -57.39999999999999 120.60000000000001
-200.89999999999998 -53.3 -120.60000000000001
-200.89999999999998 -53.3 -100.5
-200.89999999999998 -53.3 -80.4
-200.89999999999998 -53.3 -60.300000000000004
-200.89999999999998 -53.3 -40.2
-200.89999999999998 -53.3 -20.1
-200.89999999999998 -53.3 0.0
-200.89999999999998 -53.3 20.1
-200.89999999999998 -53.3 40.2
-200.89999999999998 -53.3 60.300000000000004
-200.89999999999998 -53.3 80.4
-200.89999999999998 -53.3 100.5
-200.89999999999998 -53.3 120.60000000000001
-200.89999999999998 -49.199999999999996 -120.60000000000001
-200.89999999999998 -49.199999999999996 -100.5
-200.89999999999998 -49.199999999999996 -80.4
-200.89999999999998 -49.199999999999996 -60.300000000000004
-200.89999999999998 -49.199999999999996 -40.2
-200.89999999999998 -49.199999999999996 -20.1
-200.89999999999998 -49.199999999999996 0.0
-200.89999999999998 -49.199999999999996 20.1
-200.89999999999998 -49.199999999999996 40.2
-200.89999999999998 -49.199999999999996 60.300000000000004
-200.89999999999998 -49.199999999999996 80.4
-200.89999999999998 -49.199999999999996 100.5
-200.89999999999998 -49.199999999999996 120.60000000000001
-200.89999999999998 -45.099999999999994 -120.60000000000001
-200.89999999999998 -45.099999999999994 -100.5
-200.89999999999998 -45.099999999999994 -80.4
-200.89999999999998 -45.099999999999994 -60.300000000000004
-200.89999999999998 -45.099999999999994 -40.2
-200.89999999999998 -45.099999999999994 -20.1
-200.89999999999998 -45.099999999999994 0.0
-200.89999999999998 -45.099999999999994 20.1
-200.89999999999998 -45.099999999999994 40.2
-200.89999999999998 -45.099999999999994 60.300000000000004
-200.89999999999998 -45.099999999999994 80.4
-200.89999999999998 -45.099999999999994 100.5
-200.89999999999998 -45.099999999999994 120.60000000000001
-200.89999999999998 -41.0 -120.60000000000001
-200.89999999999998 -41.0 -100.5
-200.89999999999998 -41.0 -80.4
-200.89999999999998 -41.0 -60.300000000000004
-200.89999999999998 -41.0 -40.2
-200.89999999999998 -41.0 -20.1
-200.89999999999998 -41.0 0.0
-200.89999999999998 -41.0 20.1
-200.89999999999998 -41.0 40.2
-200.89999999999998 -41.0 60.300000000000004
-200.89999999999998 -41.0 80.4
-200.89999999999998 -41.0 100.5
-200.89999999999998 -41.0 120.60000000000001
-200.89999999999998 -36.9 -120.60000000000001
-200.89999999999998 -36.9 -100.5
-200.89999999999998 -36.9 -80.4
-200.89999999999998 -36.9 -60.300000000000004
-200.89999999999998 -36.9 -40.2
-200.89999999999998 -36.9 -20.1
-200.89999999999998 -36.9 0.0
-200.89999999999998 -36.9 20.1
-200.89999999999998 -36.9 40.2
-200.89999999999998 -36.9 60.300000000000004
-200.89999999999998 -36.9 80.4
-200.89999999999998 -36.9 100.5
-200.89999999999998 -36.9 120.60000000000001
-200.89999999999998 -32.8 -120.60000000000001
-200.89999999999998 -32.8 -100.5
-200.89999999999998 -32.8 -80.4
-200.89999999999998 -32.8 -60.300000000000004
-200.89999999999998 -32.8 -40.2
-200.89999999999998 -32.8 -20.1
-200.89999999999998 -32.8 0.0
-200.89999999999998 -32.8 20.1
-200.89999999999998 -32.8 40.2
-200.89999999999998 -32.8 60.300000000000004
-200.89999999999998 -32.8 80.4
-200.89999999999998 -32.8 100.5
-200.89999999999998 -32.8 120.60000000000001
-200.89999999999998 -28.699999999999996 -120.60000000000001
-200.89999999999998 -28.699999999999996 -100.5
-200.89999999999998 -28.699999999999996 -80.4
-200.89999999999998 -28.699999999999996 -60.300000000000004
-200.89999999999998 -28.699999999999996 -40.2
-200.89999999999998 -28.699999999999996 -20.1
-200.89999999999998 -28.699999999999996 0.0
-200.89999999999998 -28.699999999999996 20.1
-200.89999999999998 -28.699999999999996 40.2
-200.89999999999998 -28.699999999999996 60.300000000000004
-200.89999999999998 -28.699999999999996 80.4
-200.89999999999998 -28.699999999999996 100.5
-200.89999999999998 -28.699999999999996 120.60000000000001
-200.89999999999998 -24.599999999999998 -120.60000000000001
-200.89999999999998 -24.599999999999998 -100.5
-200.89999999999998 -24.599999999999998 -80.4
-200.89999999999998 -24.599999999999998 -60.300000000000004
-200.89999999999998 -24.599999999999998 -40.2
-200.89999999999998 -24.599999999999998 -20.1
-200.89999999999998 -24.599999999999998 0.0
-200.89999999999998 -24.599999999999998 20.1
-200.89999999999998 -24.599999999999998 40.2
-200.89999999999998 -24.599999999999998 60.300000000000004
-200.89999999999998 -24.599999999999998 80.4
-200.89999999999998 -24.599999999999998 100.5
-200.89999999999998 -24.599999999999998 120.60000000000001
-200.89999999999998 -20.5 -120.60000000000001
-200.89999999999998 -20.5 -100.5
-200.89999999999998 -20.5 -80.4
-200.89999999999998 -20.5 -60.300000000000004
-200.89999999999998 -20.5 -40.2
-200.89999999999998 -20.5 -20.1
-200.89999999999998 -20.5 0.0
-200.89999999999998 -20.5 20.1
-200.89999999999998 -20.5 40.2
-200.89999999999998 -20.5 60.300000000000004
-200.89999999999998 -20.5 80.4
-200.89999999999998 -20.5 100.5
-200.89999999999998 -20.5 120.60000000000001
-200.89999999999998 -16.4 -120.60000000000001
-200.89999999999998 -16.4 -100.5
-200.89999999999998 -16.4 -80.4
-200.89999999999998 -16.4 -60.300000000000004
-200.89999999999998 -16.4 -40.2
-200.89999999999998 -16.4 -20.1
-200.89999999999998 -16.4 0.0
-200.89999999999998 -16.4 20.1
-200.89999999999998 -16.4 40.2
-200.89999999999998 -16.4 60.300000000000004
-200.89999999999998 -16.4 80.4
-200.89999999999998 -16.4 100.5
-200.89999999999998 -16.4 120.60000000000001
-200.89999999999998 -12.299999999999999 -120.60000000000001
-200.89999999999998 -12.299999999999999 -100.5
-200.89999999999998 -12.299999999999999 -80.4
-200.89999999999998 -12.299999999999999 -60.300000000000004
-200.89999999999998 -12.299999999999999 -40.2
-200.89999999999998 -12.299999999999999 -20.1
-200.89999999999998 -12.299999999999999 0.0
-200.89999999999998 -12.299999999999999 20.1
-200.89999999999998 -12.299999999999999 40.2
-200.89999999999998 -12.299999999999999 60.300000000000004
-200.89999999999998 -12.299999999999999 80.4
-200.89999999999998 -12.299999999999999 100.5
-200.89999999999998 -12.299999999999999 120.60000000000001
-200.89999999999998 -8.2 -120.60000000000001
-200.89999999999998 -8.2 -100.5
-200.89999999999998 -8.2 -80.4
-200.89999999999998 -8.2 -60.300000000000004
-200.89999999999998 -8.2 -40.2
-200.89999999999998 -8.2 -20.1
-200.89999999999998 -8.2 0.0
-200.89999999999998 -8.2 20.1
-200.89999999999998 -8.2 40.2
-200.89999999999998 -8.2 60.300000000000004
-200.89999999999998 -8.2 80.4
-200.89999999999998 -8.2 100.5
-200.89999999999998 -8.2 120.60000000000001
-200.89999999999998 -4.1 -120.60000000000001
-200.89999999999998 -4.1 -100.5
-200.89999999999998 -4.1 -80.4
-200.89999999999998 -4.1 -60.300000000000004
-200.89999999999998 -4.1 -40.2
-200.89999999999998 -4.1 -20.1
-200.89999999999998 -4.1 0.0
-200.89999999999998 -4.1 20.1
-200.89999999999998 -4.1 40.2
-200.89999999999998 -4.1 60.300000000000004
-200.89999999999998 -4.1 80.4
-200.89999999999998 -4.1 100.5
-200.89999999999998 -4.1 120.60000000000001
-200.89999999999998 0.0 -120.60000000000001
-200.89999999999998 0.0 -100.5
-200.89999999999998 0.0 -80.4
-200.89999999999998 0.0 -60.300000000000004
-200.89999999999998 0.0 -40.2
-200.89999999999998 0.0 -20.1
-200.89999999999998 0.0 0.0
-200.89999999999998 0.0 20.1
-200.89999999999998 0.0 40.2
-200.89999999999998 0.0 60.300000000000004
-200.89999999999998 0.0 80.4
-200.89999999999998 0.0 100.5
-200.89999999999998 0.0 120.60000000000001
-200.89999999999998 4.1 -120.60000000000001
-200.89999999999998 4.1 -100.5
-200.89999999999998 4.1 -80.4
-200.89999999999998 4.1 -60.300000000000004
-200.89999999999998 4.1 -40.2
-200.89999999999998 4.1 -20.1
-200.89999999999998 4.1 0.0
-200.89999999999998 4.1 20.1
-200.89999999999998 4.1 40.2
-200.89999999999998 4.1 60.300000000000004
-200.89999999999998 4.1 80.4
-200.89999999999998 4.1 100.5
-200.89999999999998 4.1 120.60000000000001
-200.89999999999998 8.2 -120.60000000000001
-200.89999999999998 8.2 -100.5
-200.89999999999998 8.2 -80.4
-200.89999999999998 8.2 -60.300000000000004
-200.89999999999998 8.2 -40.2
-200.89999999999998 8.2 -20.1
-200.89999999999998 8.2 0.0
-200.89999999999998 8.2 20.1
-200.89999999999998 8.2 40.2
-200.89999999999998 8.2 60.300000000000004
-200.89999999999998 8.2 80.4
-200.89999999999998 8.2 100.5
-200.89999999999998 8.2 120.60000000000001
-200.89999999999998 12.299999999999999 -120.60000000000001
-200.89999999999998 12.299999999999999 -100.5
-200.89999999999998 12.299999999999999 -80.4
-200.89999999999998 12.299999999999999 -60.300000000000004
-200.89999999999998 12.299999999999999 -40.2
-200.89999999999998 12.299999999999999 -20.1
-200.89999999999998 12.299999999999999 0.0
-200.89999999999998 12.299999999999999 20.1
-200.89999999999998 12.299999999999999 40.2
-200.89999999999998 12.299999999999999 60.300000000000004
-200.89999999999998 12.299999999999999 80.4
-200.89999999999998 12.299999999999999 100.5
-200.89999999999998 12.299999999999999 120.60000000000001
-200.89999999999998 16.4 -120.60000000000001
-200.89999999999998 16.4 -100.5
-200.89999999999998 16.4 -80.4
-200.89999999999998 16.4 -60.300000000000004
-200.89999999999998 16.4 -40.2
-200.89999999999998 16.4 -20.1
-200.89999999999998 16.4 0.0
-200.89999999999998 16.4 20.1
-200.89999999999998 16.4 40.2
-200.89999999999998 16.4 60.300000000000004
-200.89999999999998 16.4 80.4
-200.89999999999998 16.4 100.5
-200.89999999999998 16.4 120.60000000000001
-200.89999999999998 20.5 -120.60000000000001
-200.89999999999998 20.5 -100.5
-200.89999999999998 20.5 -80.4
-200.89999999999998 20.5 -60.300000000000004
-200.89999999999998 20.5 -40.2
-200.89999999999998 20.5 -20.1
-200.89999999999998 20.5 0.0
-200.89999999999998 20.5 20.1
-200.89999999999998 20.5 40.2
-200.89999999999998 20.5 60.300000000000004
-200.89999999999998 20.5 80.4
-200.89999999999998 20.5 100.5
-200.89999999999998 20.5 120.60000000000001
-200.89999999999998 24.599999999999998 -120.60000000000001
-200.89999999999998 24.599999999999998 -100.5
-200.89999999999998 24.599999999999998 -80.4
-200.89999999999998 24.599999999999998 -60.300000000000004
-200.89999999999998 24.599999999999998 -40.2
-200.89999999999998 24.599999999999998 -20.1
-200.89999999999998 24.599999999999998 0.0
-200.89999999999998 24.599999999999998 20.1
-200.89999999999998 24.599999999999998 40.2
-200.89999999999998 24.599999999999998 60.300000000000004
-200.89999999999998 24.599999999999998 80.4
-200.89999999999998 24.599999999999998 100.5
-200.89999999999998 24.599999999999998 120.60000000000001
-200.89999999999998 28.699999999999996 -120.60000000000001
-200.89999999999998 28.699999999999996 -100.5
-200.89999999999998 28.699999999999996 -80.4
-200.89999999999998 28.699999999999996 -60.300000000000004
-200.89999999999998 28.699999999999996 -40.2
-200.89999999999998 28.699999999999996 -20.1
-200.89999999999998 28.699999999999996 0.0
-200.89999999999998 28.699999999999996 20.1
-200.89999999999998 28.699999999999996 40.2
-200.89999999999998 28.699999999999996 60.300000000000004
-200.89999999999998 28.699999999999996 80.4
-200.89999999999998 28.699999999999996 100.5
-200.89999999999998 28.699999999999996 120.60000000000001
-200.89999999999998 32.8 -120.60000000000001
-200.89999999999998 32.8 -100.5
-200.89999999999998 32.8 -80.4
-200.89999999999998 32.8 -60.300000000000004
-200.89999999999998 32.8 -40.2
-200.89999999999998 32.8 -20.1
-200.89999999999998 32.8 0.0
-200.89999999999998 32.8 20.1
-200.89999999999998 32.8 40.2
-200.89999999999998 32.8 60.300000000000004
-200.89999999999998 32.8 80.4
-200.89999999999998 32.8 100.5
-200.89999999999998 32.8 120.60000000000001
-200.89999999999998 36.9 -120.60000000000001
-200.89999999999998 36.9 -100.5
-200.89999999999998 36.9 -80.4
-200.89999999999998 36.9 -60.300000000000004
-200.89999999999998 36.9 -40.2
-200.89999999999998 36.9 -20.1
-200.89999999999998 36.9 0.0
-200.89999999999998 36.9 20.1
-200.89999999999998 36.9 40.2
-200.89999999999998 36.9 60.300000000000004
-200.89999999999998 36.9 80.4
-200.89999999999998 36.9 100.5
-200.89999999999998 36.9 120.60000000000001
-200.89999999999998 41.0 -120.60000000000001
-200.89999999999998 41.0 -100.5
-200.89999999999998 41.0 -80.4
-200.89999999999998 41.0 -60.300000000000004
-200.89999999999998 41.0 -40.2
-200.89999999999998 41.0 -20.1
-200.89999999999998 41.0 0.0
-200.89999999999998 41.0 20.1
-200.89999999999998 41.0 40.2
-200.89999999999998 41.0 60.300000000000004
-200.89999999999998 41.0 80.4
-200.89999999999998 41.0 100.5
-200.89999999999998 41.0 120.60000000000001
-200.89999999999998 45.099999999999994 -120.60000000000001
-200.89999999999998 45.099999999999994 -100.5
-200.89999999999998 45.099999999999994 -80.4
-200.89999999999998 45.099999999999994 -60.300000000000004
-200.89999999999998 45.099999999999994 -40.2
-200.89999999999998 45.099999999999994 -20.1
-200.89999999999998 45.099999999999994 0.0
-200.89999999999998 45.099999999999994 20.1
-200.89999999999998 45.099999999999994 40.2
-200.89999999999998 45.099999999999994 60.300000000000004
-200.89999999999998 45.099999999999994 80.4
-200.89999999999998 45.099999999999994 100.5
-200.89999999999998 45.099999999999994 120.60000000000001
-200.89999999999998 49.199999999999996 -120.60000000000001
-200.89999999999998 49.199999999999996 -100.5
-200.89999999999998 49.199999999999996 -80.4
-200.89999999999998 49.199999999999996 -60.300000000000004
-200.89999999999998 49.199999999999996 -40.2
-200.89999999999998 49.199999999999996 -20.1
-200.89999999999998 49.199999999999996 0.0
-200.89999999999998 49.199999999999996 20.1
-200.89999999999998 49.199999999999996 40.2
-200.89999999999998 49.199999999999996 60.300000000000004
-200.89999999999998 49.199999999999996 80.4
-200.89999999999998 49.199999999999996 100.5
-200.89999999999998 49.199999999999996 120.60000000000001
-200.89999999999998 53.3 -120.60000000000001
-200.89999999999998 53.3 -100.5
-200.89999999999998 53.3 -80.4
-200.89999999999998 53.3 -60.300000000000004
-200.89999999999998 53.3 -40.2
-200.89999999999998 53.3 -20.1
-200.89999999999998 53.3 0.0
-200.89999999999998 53.3 20.1
-200.89999999999998 53.3 40.2
-200.89999999999998 53.3 60.300000000000004
-200.89999999999998 53.3 80.4
-200.89999999999998 53.3 100.5
-200.89999999999998 53.3 120.60000000000001
-200.89999999999998 57.39999999999999 -120.60000000000001
-200.89999999999998 57.39999999999999 -100.5
-200.89999999999998 57.39999999999999 -80.4
-200.89999999999998 57.39999999999999 -60.300000000000004
-200.89999999999998 57.39999999999999 -40.2
-200.89999999999998 57.39999999999999 -20.1
-200.89999999999998 57.39999999999999 0.0
-200.89999999999998 57.39999999999999 20.1
-200.89999999999998 57.39999999999999 40.2
-200.89999999999998 57.39999999999999 60.300000000000004
-200.89999999999998 57.39999999999999 80.4
-200.89999999999998 57.39999999999999 100.5
-200.89999999999998 57.39999999999999 120.60000000000001
-200.89999999999998 61.49999999999999 -120.60000000000001
-200.89999999999998 61.49999999999999 -100.5
-200.89999999999998 61.49999999999999 -80.4
-200.89999999999998 61.49999999999999 -60.300000000000004
-200.89999999999998 61.49999999999999 -40.2
-200.89999999999998 61.49999999999999 -20.1
-200.89999999999998 61.49999999999999 0.0
-200.89999999999998 61.49999999999999 20.1
-200.89999999999998 61.49999999999999 40.2
-200.89999999999998 61.49999999999999 60.300000000000004
-200.89999999999998 61.49999999999999 80.4
-200.89999999999998 61.49999999999999 100.5
-200.89999999999998 61.49999999999999 120.60000000000001
-200.89999999999998 65.6 -120.60000000000001
-200.89999999999998 65.6 -100.5
-200.89999999999998 65.6 -80.4
-200.89999999999998 65.6 -60.300000000000004
-200.89999999999998 65.6 -40.2
-200.89999999999998 65.6 -20.1
-200.89999999999998 65.6 0.0
-200.89999999999998 65.6 20.1
-200.89999999999998 65.6 40.2
-200.89999999999998 65.6 60.300000000000004
-200.89999999999998 65.6 80.4
-200.89999999999998 65.6 100.5
-200.89999999999998 65.6 120.60000000000001
-200.89999999999998 69.69999999999999 -120.60000000000001
-200.89999999999998 69.69999999999999 -100.5
-200.89999999999998 69.69999999999999 -80.4
-200.89999999999998 69.69999999999999 -60.300000000000004
-200.89999999999998 69.69999999999999 -40.2
-200.89999999999998 69.69999999999999 -20.1
-200.89999999999998 69.69999999999999 0.0
-200.89999999999998 69.69999999999999 20.1
-200.89999999999998 69.69999999999999 40.2
-200.89999999999998 69.69999999999999 60.300000000000004
-200.89999999999998 69.69999999999999 80.4
-200.89999999999998 69.69999999999999 100.5
-200.89999999999998 69.69999999999999 120.60000000000001
-200.89999999999998 73.8 -120.60000000000001
-200.89999999999998 73.8 -100.5
-200.89999999999998 73.8 -80.4
-200.89999999999998 73.8 -60.300000000000004
-200.89999999999998 73.8 -40.2
-200.89999999999998 73.8 -20.1
-200.89999999999998 73.8 0.0
-200.89999999999998 73.8 20.1
-200.89999999999998 73.8 40.2
-200.89999999999998 73.8 60.300000000000004
-200.89999999999998 73.8 80.4
-200.89999999999998 73.8 100.5
-200.89999999999998 73.8 120.60000000000001
-200.89999999999998 77.89999999999999 -120.60000000000001
-200.89999999999998 77.89999999999999 -100.5
-200.89999999999998 77.89999999999999 -80.4
-200.89999999999998 77.89999999999999 -60.300000000000004
-200.89999999999998 77.89999999999999 -40.2
-200.89999999999998 77.89999999999999 -20.1
-200.89999999999998 77.89999999999999 0.0
-200.89999999999998 77.89999999999999 20.1
-200.89999999999998 77.89999999999999 40.2
-200.89999999999998 77.89999999999999 60.300000000000004
-200.89999999999998 77.89999999999999 80.4
-200.89999999999998 77.89999999999999 100.5
-200.89999999999998 77.89999999999999 120.60000000000001
-200.89999999999998 82.0 -120.60000000000001
-200.89999999999998 82.0 -100.5
-200.89999999999998 82.0 -80.4
-200.89999999999998 82.0 -60.300000000000004
-200.89999999999998 82.0 -40.2
-200.89999999999998 82.0 -20.1
-200.89999999999998 82.0 0.0
-200.89999999999998 82.0 20.1
-200.89999999999998 82.0 40.2
-200.89999999999998 82.0 60.300000000000004
-200.89999999999998 82.0 80.4
-200.89999999999998 82.0 100.5
-200.89999999999998 82.0 120.60000000000001
-196.79999999999998 -90.19999999999999 -120.60000000000001
-196.79999999999998 -90.19999999999999 -100.5
-196.79999999999998 -90.19999999999999 -80.4
-196.79999999999998 -90.19999999999999 -60.300000000000004
-196.79999999999998 -90.19999999999999 -40.2
-196.79999999999998 -90.19999999999999 -20.1
-196.79999999999998 -90.19999999999999 0.0
-196.79999999999998 -90.19999999999999 20.1
-196.79999999999998 -90.19999999999999 40.2
-196.79999999999998 -90.19999999999999 60.300000000000004
-196.79999999999998 -90.19999999999999 80.4
-196.79999999999998 -90.19999999999999 100.5
-196.79999999999998 -90.19999999999999 120.60000000000001
-196.79999999999998 -86.1 -120.60000000000001
-196.79999999999998 -86.1 -100.5
-196.79999999999998 -86.1 -80.4
-196.79999999999998 -86.1 -60.300000000000004
-196.79999999999998 -86.1 -40.2
-196.79999999999998 -86.1 -20.1
-196.79999999999998 -86.1 0.0
-196.79999999999998 -86.1 20.1
-196.79999999999998 -86.1 40.2
-196.79999999999998 -86.1 60.300000000000004
-196.79999999999998 -86.1 80.4
-196.79999999999998 -86.1 100.5
-196.79999999999998 -86.1 120.60000000000001
-196.79999999999998 -82.0 -120.60000000000001
-196.79999999999998 -82.0 -100.5
-196.79999999999998 -82.0 -80.4
-196.79999999999998 -82.0 -60.300000000000004
-196.79999999999998 -82.0 -40.2
-196.79999999999998 -82.0 -20.1
-196.79999999999998 -82.0 0.0
-196.79999999999998 -82.0 20.1
-196.79999999999998 -82.0 40.2
-196.79999999999998 -82.0 60.300000000000004
-196.79999999999998 -82.0 80.4
-196.79999999999998 -82.0 100.5
-196.79999999999998 -82.0 120.60000000000001
-196.79999999999998 -77.89999999999999 -120.60000000000001
-196.79999999999998 -77.89999999999999 -100.5
-196.79999999999998 -77.89999999999999 -80.4
-196.79999999999998 -77.89999999999999 -60.300000000000004
-196.79999999999998 -77.89999999999999 -40.2
-196.79999999999998 -77.89999999999999 -20.1
-196.79999999999998 -77.89999999999999 0.0
-196.79999999999998 -77.89999999999999 20.1
-196.79999999999998 -77.89999999999999 40.2
-196.79999999999998 -77.89999999999999 60.300000000000004
-196.79999999999998 -77.89999999999999 80.4
-196.79999999999998 -77.89999999999999 100.5
-196.79999999999998 -77.89999999999999 120.60000000000001
-196.79999999999998 -73.8 -120.60000000000001
-196.79999999999998 -73.8 -100.5
-196.79999999999998 -73.8 -80.4
-196.79999999999998 -73.8 -60.300000000000004
-196.79999999999998 -73.8 -40.2
-196.79999999999998 -73.8 -20.1
-196.79999999999998 -73.8 0.0
-196.79999999999998 -73.8 20.1
-196.79999999999998 -73.8 40.2
-196.79999999999998 -73.8 60.300000000000004
-196.79999999999998 -73.8 80.4
-196.79999999999998 -73.8 100.5
-196.79999999999998 -73.8 120.60000000000001
-196.79999999999998 -69.69999999999999 -120.60000000000001
-196.79999999999998 -69.69999999999999 -100.5
-196.79999999999998 -69.69999999999999 -80.4
-196.79999999999998 -69.69999999999999 -60.300000000000004
-196.79999999999998 -69.69999999999999 -40.2
-196.79999999999998 -69.69999999999999 -20.1
-196.79999999999998 -69.69999999999999 0.0
-196.79999999999998 -69.69999999999999 20.1
-196.79999999999998 -69.69999999999999 40.2
-196.79999999999998 -69.69999999999999 60.300000000000004
-196.79999999999998 -69.69999999999999 80.4
-196.79999999999998 -69.69999999999999 100.5
-196.79999999999998 -69.69999999999999 120.60000000000001
-196.79999999999998 -65.6 -120.60000000000001
-196.79999999999998 -65.6 -100.5
-196.79999999999998 -65.6 -80.4
-196.79999999999998 -65.6 -60.300000000000004
-196.79999999999998 -65.6 -40.2
-196.79999999999998 -65.6 -20.1
-196.79999999999998 -65.6 0.0
-196.79999999999998 -65.6 20.1
-196.79999999999998 -65.6 40.2
-196.79999999999998 -65.6 60.300000000000004
-196.79999999999998 -65.6 80.4
-196.79999999999998 -65.6 100.5
-196.79999999999998 -65.6 120.60000000000001
-196.79999999999998 -61.49999999999999 -120.60000000000001
-196.79999999999998 -61.49999999999999 -100.5
-196.79999999999998 -61.49999999999999 -80.4
-196.79999999999998 -61.49999999999999 -60.300000000000004
-196.79999999999998 -61.49999999999999 -40.2
-196.79999999999998 -61.49999999999999 -20.1
-196.79999999999998 -61.49999999999999 0.0
-196.79999999999998 -61.49999999999999 20.1
-196.79999999999998 -61.49999999999999 40.2
-196.79999999999998 -61.49999999999999 60.300000000000004
-196.79999999999998 -61.49999999999999 80.4
-196.79999999999998 -61.49999999999999 100.5
-196.79999999999998 -61.49999999999999 120.60000000000001
-196.79999999999998 -57.39999999999999 -120.60000000000001
-196.79999999999998 -57.39999999999999 -100.5
-196.79999999999998 -57.39999999999999 -80.4
-196.79999999999998 -57.39999999999999 -60.300000000000004
-196.79999999999998 -57.39999999999999 -40.2
-196.79999999999998 -57.39999999999999 -20.1
-196.79999999999998 -57.39999999999999 0.0
-196.79999999999998 -57.39999999999999 20.1
-196.79999999999998 -57.39999999999999 40.2
-196.79999999999998 -57.39999999999999 60.300000000000004
-196.79999999999998 -57.39999999999999 80.4
-196.79999999999998 -57.39999999999999 100.5
-196.79999999999998 -57.39999999999999 120.60000000000001
-196.79999999999998 -53.3 -120.60000000000001
-196.79999999999998 -53.3 -100.5
-196.79999999999998 -53.3 -80.4
-196.79999999999998 -53.3 -60.300000000000004
-196.79999999999998 -53.3 -40.2
-196.79999999999998 -53.3 -20.1
-196.79999999999998 -53.3 0.0
-196.79999999999998 -53.3 20.1
-196.79999999999998 -53.3 40.2
-196.79999999999998 -53.3 60.300000000000004
-196.79999999999998 -53.3 80.4
-196.79999999999998 -53.3 100.5
-196.79999999999998 -53.3 120.60000000000001
-196.79999999999998 -49.199999999999996 -120.60000000000001
-196.79999999999998 -49.199999999999996 -100.5
-196.79999999999998 -49.199999999999996 -80.4
-196.79999999999998 -49.199999999999996 -60.300000000000004
-196.79999999999998 -49.199999999999996 -40.2
-196.79999999999998 -49.199999999999996 -20.1
-196.79999999999998 -49.199999999999996 0.0
-196.79999999999998 -49.199999999999996 20.1
-196.79999999999998 -49.199999999999996 40.2
-196.79999999999998 -49.199999999999996 60.300000000000004
-196.79999999999998 -49.199999999999996 80.4
-196.79999999999998 -49.199999999999996 100.5
-196.79999999999998 -49.199999999999996 120.60000000000001
-196.79999999999998 -45.099999999999994 -120.60000000000001
-196.79999999999998 -45.099999999999994 -100.5
-196.79999999999998 -45.099999999999994 -80.4
-196.79999999999998 -45.099999999999994 -60.300000000000004
-196.79999999999998 -45.099999999999994 -40.2
-196.79999999999998 -45.099999999999994 -20.1
-196.79999999999998 -45.099999999999994 0.0
-196.79999999999998 -45.099999999999994 20.1
-196.79999999999998 -45.099999999999994 40.2
-196.79999999999998 -45.099999999999994 60.300000000000004
-196.79999999999998 -45.099999999999994 80.4
-196.79999999999998 -45.099999999999994 100.5
-196.79999999999998 -45.099999999999994 120.60000000000001
-196.79999999999998 -41.0 -120.60000000000001
-196.79999999999998 -41.0 -100.5
-196.79999999999998 -41.0 -80.4
-196.79999999999998 -41.0 -60.300000000000004
-196.79999999999998 -41.0 -40.2
-196.79999999999998 -41.0 -20.1
-196.79999999999998 -41.0 0.0
-196.79999999999998 -41.0 20.1
-196.79999999999998 -41.0 40.2
-196.79999999999998 -41.0 60.300000000000004
-196.79999999999998 -41.0 80.4
-196.79999999999998 -41.0 100.5
-196.79999999999998 -41.0 120.60000000000001
-196.79999999999998 -36.9 -120.60000000000001
-196.79999999999998 -36.9 -100.5
-196.79999999999998 -36.9 -80.4
-196.79999999999998 -36.9 -60.300000000000004
-196.79999999999998 -36.9 -40.2
-196.79999999999998 -36.9 -20.1
-196.79999999999998 -36.9 0.0
-196.79999999999998 -36.9 20.1
-196.79999999999998 -36.9 40.2
-196.79999999999998 -36.9 60.300000000000004
-196.79999999999998 -36.9 80.4
-196.79999999999998 -36.9 100.5
-196.79999999999998 -36.9 120.60000000000001
-196.79999999999998 -32.8 -120.60000000000001
-196.79999999999998 -32.8 -100.5
-196.79999999999998 -32.8 -80.4
-196.79999999999998 -32.8 -60.300000000000004
-196.79999999999998 -32.8 -40.2
-196.79999999999998 -32.8 -20.1
-196.79999999999998 -32.8 0.0
-196.79999999999998 -32.8 20.1
-196.79999999999998 -32.8 40.2
-196.79999999999998 -32.8 60.300000000000004
-196.79999999999998 -32.8 80.4
-196.79999999999998 -32.8 100.5
-196.79999999999998 -32.8 120.60000000000001
-196.79999999999998 -28.699999999999996 -120.60000000000001
-196.79999999999998 -28.699999999999996 -100.5
-196.79999999999998 -28.699999999999996 -80.4
-196.79999999999998 -28.699999999999996 -60.300000000000004
-196.79999999999998 -28.699999999999996 -40.2
-196.79999999999998 -28.699999999999996 -20.1
-196.79999999999998 -28.699999999999996 0.0
-196.79999999999998 -28.699999999999996 20.1
-196.79999999999998 -28.699999999999996 40.2
-196.79999999999998 -28.699999999999996 60.300000000000004
-196.79999999999998 -28.699999999999996 80.4
-196.79999999999998 -28.699999999999996 100.5
-196.79999999999998 -28.699999999999996 120.60000000000001
-196.79999999999998 -24.599999999999998 -120.60000000000001
-196.79999999999998 -24.599999999999998 -100.5
-196.79999999999998 -24.599999999999998 -80.4
-196.79999999999998 -24.599999999999998 -60.300000000000004
-196.79999999999998 -24.599999999999998 -40.2
-196.79999999999998 -24.599999999999998 -20.1
-196.79999999999998 -24.599999999999998 0.0
-196.79999999999998 -24.599999999999998 20.1
-196.79999999999998 -24.599999999999998 40.2
-196.79999999999998 -24.599999999999998 60.300000000000004
-196.79999999999998 -24.599999999999998 80.4
-196.79999999999998 -24.599999999999998 100.5
-196.79999999999998 -24.599999999999998 120.60000000000001
-196.79999999999998 -20.5 -120.60000000000001
-196.79999999999998 -20.5 -100.5
-196.79999999999998 -20.5 -80.4
-196.79999999999998 -20.5 -60.300000000000004
-196.79999999999998 -20.5 -40.2
-196.79999999999998 -20.5 -20.1
-196.79999999999998 -20.5 0.0
-196.79999999999998 -20.5 20.1
-196.79999999999998 -20.5 40.2
-196.79999999999998 -20.5 60.300000000000004
-196.79999999999998 -20.5 80.4
-196.79999999999998 -20.5 100.5
-196.79999999999998 -20.5 120.60000000000001
-196.79999999999998 -16.4 -120.60000000000001
-196.79999999999998 -16.4 -100.5
-196.79999999999998 -16.4 -80.4
-196.79999999999998 -16.4 -60.300000000000004
-196.79999999999998 -16.4 -40.2
-196.79999999999998 -16.4 -20.1
-196.79999999999998 -16.4 0.0
-196.79999999999998 -16.4 20.1
-196.79999999999998 -16.4 40.2
-196.79999999999998 -16.4 60.300000000000004
-196.79999999999998 -16.4 80.4
-196.79999999999998 -16.4 100.5
-196.79999999999998 -16.4 120.60000000000001
-196.79999999999998 -12.299999999999999 -120.60000000000001
-196.79999999999998 -12.299999999999999 -100.5
-196.79999999999998 -12.299999999999999 -80.4
-196.79999999999998 -12.299999999999999 -60.300000000000004
-196.79999999999998 -12.299999999999999 -40.2
-196.79999999999998 -12.299999999999999 -20.1
-196.79999999999998 -12.299999999999999 0.0
-196.79999999999998 -12.299999999999999 20.1
-196.79999999999998 -12.299999999999999 40.2
-196.79999999999998 -12.299999999999999 60.300000000000004
-196.79999999999998 -12.299999999999999 80.4
-196.79999999999998 -12.299999999999999 100.5
-196.79999999999998 -12.299999999999999 120.60000000000001
-196.79999999999998 -8.2 -120.60000000000001
-196.79999999999998 -8.2 -100.5
-196.79999999999998 -8.2 -80.4
-196.79999999999998 -8.2 -60.300000000000004
-196.79999999999998 -8.2 -40.2
-196.79999999999998 -8.2 -20.1
-196.79999999999998 -8.2 0.0
-196.79999999999998 -8.2 20.1
-196.79999999999998 -8.2 40.2
-196.79999999999998 -8.2 60.300000000000004
-196.79999999999998 -8.2 80.4
-196.79999999999998 -8.2 100.5
-196.79999999999998 -8.2 120.60000000000001
-196.79999999999998 -4.1 -120.60000000000001
-196.79999999999998 -4.1 -100.5
-196.79999999999998 -4.1 -80.4
-196.79999999999998 -4.1 -60.300000000000004
-196.79999999999998 -4.1 -40.2
-196.79999999999998 -4.1 -20.1
-196.79999999999998 -4.1 0.0
-196.79999999999998 -4.1 20.1
-196.79999999999998 -4.1 40.2
-196.79999999999998 -4.1 60.300000000000004
-196.79999999999998 -4.1 80.4
-196.79999999999998 -4.1 100.5
-196.79999999999998 -4.1 120.60000000000001
-196.79999999999998 0.0 -120.60000000000001
-196.79999999999998 0.0 -100.5
-196.79999999999998 0.0 -80.4
-196.79999999999998 0.0 -60.300000000000004
-196.79999999999998 0.0 -40.2
-196.79999999999998 0.0 -20.1
-196.79999999999998 0.0 0.0
-196.79999999999998 0.0 20.1
-196.79999999999998 0.0 40.2
-196.79999999999998 0.0 60.300000000000004
-196.79999999999998 0.0 80.4
-196.79999999999998 0.0 100.5
-196.79999999999998 0.0 120.60000000000001
-196.79999999999998 4.1 -120.60000000000001
-196.79999999999998 4.1 -100.5
-196.79999999999998 4.1 -80.4
-196.79999999999998 4.1 -60.300000000000004
-196.79999999999998 4.1 -40.2
-196.79999999999998 4.1 -20.1
-196.79999999999998 4.1 0.0
-196.79999999999998 4.1 20.1
-196.79999999999998 4.1 40.2
-196.79999999999998 4.1 60.300000000000004
-196.79999999999998 4.1 80.4
-196.79999999999998 4.1 100.5
-196.79999999999998 4.1 120.60000000000001
-196.79999999999998 8.2 -120.60000000000001
-196.79999999999998 8.2 -100.5
-196.79999999999998 8.2 -80.4
-196.79999999999998 8.2 -60.300000000000004
-196.79999999999998 8.2 -40.2
-196.79999999999998 8.2 -20.1
-196.79999999999998 8.2 0.0
-196.79999999999998 8.2 20.1
-196.79999999999998 8.2 40.2
-196.79999999999998 8.2 60.300000000000004
-196.79999999999998 8.2 80.4
-196.79999999999998 8.2 100.5
-196.79999999999998 8.2 120.60000000000001
-196.79999999999998 12.299999999999999 -120.60000000000001
-196.79999999999998 12.299999999999999 -100.5
-196.79999999999998 12.299999999999999 -80.4
-196.79999999999998 12.299999999999999 -60.300000000000004
-196.79999999999998 12.299999999999999 -40.2
-196.79999999999998 12.299999999999999 -20.1
-196.79999999999998 12.299999999999999 0.0
-196.79999999999998 12.299999999999999 20.1
-196.79999999999998 12.299999999999999 40.2
-196.79999999999998 12.299999999999999 60.300000000000004
-196.79999999999998 12.299999999999999 80.4
-196.79999999999998 12.299999999999999 100.5
-196.79999999999998 12.299999999999999 120.60000000000001
-196.79999999999998 16.4 -120.60000000000001
-196.79999999999998 16.4 -100.5
-196.79999999999998 16.4 -80.4
-196.79999999999998 16.4 -60.300000000000004
-196.79999999999998 16.4 -40.2
-196.79999999999998 16.4 -20.1
-196.79999999999998 16.4 0.0
-196.79999999999998 16.4 20.1
-196.79999999999998 16.4 40.2
-196.79999999999998 16.4 60.300000000000004
-196.79999999999998 16.4 80.4
-196.79999999999998 16.4 100.5
-196.79999999999998 16.4 120.60000000000001
-196.79999999999998 20.5 -120.60000000000001
-196.79999999999998 20.5 -100.5
-196.79999999999998 20.5 -80.4
-196.79999999999998 20.5 -60.300000000000004
-196.79999999999998 20.5 -40.2
-196.79999999999998 20.5 -20.1
-196.79999999999998 20.5 0.0
-196.79999999999998 20.5 20.1
-196.79999999999998 20.5 40.2
-196.79999999999998 20.5 60.300000000000004
-196.79999999999998 20.5 80.4
-196.79999999999998 20.5 100.5
-196.79999999999998 20.5 120.60000000000001
-196.79999999999998 24.599999999999998 -120.60000000000001
-196.79999999999998 24.599999999999998 -100.5
-196.79999999999998 24.599999999999998 -80.4
-196.79999999999998 24.599999999999998 -60.300000000000004
-196.79999999999998 24.599999999999998 -40.2
-196.79999999999998 24.599999999999998 -20.1
-196.79999999999998 24.599999999999998 0.0
-196.79999999999998 24.599999999999998 20.1
-196.79999999999998 24.599999999999998 40.2
-196.79999999999998 24.599999999999998 60.300000000000004
-196.79999999999998 24.599999999999998 80.4
-196.79999999999998 24.599999999999998 100.5
-196.79999999999998 24.599999999999998 120.60000000000001
-196.79999999999998 28.699999999999996 -120.60000000000001
-196.79999999999998 28.699999999999996 -100.5
-196.79999999999998 28.699999999999996 -80.4
-196.79999999999998 28.699999999999996 -60.300000000000004
-196.79999999999998 28.699999999999996 -40.2
-196.79999999999998 28.699999999999996 -20.1
-196.79999999999998 28.699999999999996 0.0
-196.79999999999998 28.699999999999996 20.1
-196.79999999999998 28.699999999999996 40.2
-196.79999999999998 28.699999999999996 60.300000000000004
-196.79999999999998 28.699999999999996 80.4
-196.79999999999998 28.699999999999996 100.5
-196.79999999999998 28.699999999999996 120.60000000000001
-196.79999999999998 32.8 -120.60000000000001
-196.79999999999998 32.8 -100.5
-196.79999999999998 32.8 -80.4
-196.79999999999998 32.8 -60.300000000000004
-196.79999999999998 32.8 -40.2
-196.79999999999998 32.8 -20.1
-196.79999999999998 32.8 0.0
-196.79999999999998 32.8 20.1
-196.79999999999998 32.8 40.2
-196.79999999999998 32.8 60.300000000000004
-196.79999999999998 32.8 80.4
-196.79999999999998 32.8 100.5
-196.79999999999998 32.8 120.60000000000001
-196.79999999999998 36.9 -120.60000000000001
-196.79999999999998 36.9 -100.5
-196.79999999999998 36.9 -80.4
-196.79999999999998 36.9 -60.300000000000004
-196.79999999999998 36.9 -40.2
-196.79999999999998 36.9 -20.1
-196.79999999999998 36.9 0.0
-196.79999999999998 36.9 20.1
-196.79999999999998 36.9 40.2
-196.79999999999998 36.9 60.300000000000004
-196.79999999999998 36.9 80.4
-196.79999999999998 36.9 100.5
-196.79999999999998 36.9 120.60000000000001
-196.79999999999998 41.0 -120.60000000000001
-196.79999999999998 41.0 -100.5
-196.79999999999998 41.0 -80.4
-196.79999999999998 41.0 -60.300000000000004
-196.79999999999998 41.0 -40.2
-196.79999999999998 41.0 -20.1
-196.79999999999998 41.0 0.0
-196.79999999999998 41.0 20.1
-196.79999999999998 41.0 40.2
-196.79999999999998 41.0 60.300000000000004
-196.79999999999998 41.0 80.4
-196.79999999999998 41.0 100.5
-196.79999999999998 41.0 120.60000000000001
-196.79999999999998 45.099999999999994 -120.60000000000001
-196.79999999999998 45.099999999999994 -100.5
-196.79999999999998 45.099999999999994 -80.4
-196.79999999999998 45.099999999999994 -60.300000000000004
-196.79999999999998 45.099999999999994 -40.2
-196.79999999999998 45.099999999999994 -20.1
-196.79999999999998 45.099999999999994 0.0
-196.79999999999998 45.099999999999994 20.1
-196.79999999999998 45.099999999999994 40.2
-196.79999999999998 45.099999999999994 60.300000000000004
-196.79999999999998 45.099999999999994 80.4
-196.79999999999998 45.099999999999994 100.5
-196.79999999999998 45.099999999999994 120.60000000000001
-196.79999999999998 49.199999999999996 -120.60000000000001
-196.79999999999998 49.199999999999996 -100.5
-196.79999999999998 49.199999999999996 -80.4
-196.79999999999998 49.199999999999996 -60.300000000000004
-196.79999999999998 49.199999999999996 -40.2
-196.79999999999998 49.199999999999996 -20.1
-196.79999999999998 49.199999999999996 0.0
-196.79999999999998 49.199999999999996 20.1
-196.79999999999998 49.199999999999996 40.2
-196.79999999999998 49.199999999999996 60.300000000000004
-196.79999999999998 49.199999999999996 80.4
-196.79999999999998 49.199999999999996 100.5
-196.79999999999998 49.199999999999996 120.60000000000001
-196.79999999999998 53.3 -120.60000000000001
-196.79999999999998 53.3 -100.5
-196.79999999999998 53.3 -80.4
-196.79999999999998 53.3 -60.300000000000004
-196.79999999999998 53.3 -40.2
-196.79999999999998 53.3 -20.1
-196.79999999999998 53.3 0.0
-196.79999999999998 53.3 20.1
-196.79999999999998 53.3 40.2
-196.79999999999998 53.3 60.300000000000004
-196.79999999999998 53.3 80.4
-196.79999999999998 53.3 100.5
-196.79999999999998 53.3 120.60000000000001
-196.79999999999998 57.39999999999999 -120.60000000000001
-196.79999999999998 57.39999999999999 -100.5
-196.79999999999998 57.39999999999999 -80.4
-196.79999999999998 57.39999999999999 -60.300000000000004
-196.79999999999998 57.39999999999999 -40.2
-196.79999999999998 57.39999999999999 -20.1
-196.79999999999998 57.39999999999999 0.0
-196.79999999999998 57.39999999999999 20.1
-196.79999999999998 57.39999999999999 40.2
-196.79999999999998 57.39999999999999 60.300000000000004
-196.79999999999998 57.39999999999999 80.4
-196.79999999999998 57.39999999999999 100.5
-196.79999999999998 57.39999999999999 120.60000000000001
-196.79999999999998 61.49999999999999 -120.60000000000001
-196.79999999999998 61.49999999999999 -100.5
-196.79999999999998 61.49999999999999 -80.4
-196.79999999999998 61.49999999999999 -60.300000000000004
-196.79999999999998 61.49999999999999 -40.2
-196.79999999999998 61.49999999999999 -20.1
-196.79999999999998 61.49999999999999 0.0
-196.79999999999998 61.49999999999999 20.1
-196.79999999999998 61.49999999999999 40.2
-196.79999999999998 61.49999999999999 60.300000000000004
-196.79999999999998 61.49999999999999 80.4
-196.79999999999998 61.49999999999999 100.5
-196.79999999999998 61.49999999999999 120.60000000000001
-196.79999999999998 65.6 -120.60000000000001
-196.79999999999998 65.6 -100.5
-196.79999999999998 65.6 -80.4
-196.79999999999998 65.6 -60.300000000000004
-196.79999999999998 65.6 -40.2
-196.79999999999998 65.6 -20.1
-196.79999999999998 65.6 0.0
-196.79999999999998 65.6 20.1
-196.79999999999998 65.6 40.2
-196.79999999999998 65.6 60.300000000000004
-196.79999999999998 65.6 80.4
-196.79999999999998 65.6 100.5
-196.79999999999998 65.6 120.60000000000001
-196.79999999999998 69.69999999999999 -120.60000000000001
-196.79999999999998 69.69999999999999 -100.5
-196.79999999999998 69.69999999999999 -80.4
-196.79999999999998 69.69999999999999 -60.300000000000004
-196.79999999999998 69.69999999999999 -40.2
-196.79999999999998 69.69999999999999 -20.1
-196.79999999999998 69.69999999999999 0.0
-196.79999999999998 69.69999999999999 20.1
-196.79999999999998 69.69999999999999 40.2
-196.79999999999998 69.69999999999999 60.300000000000004
-196.79999999999998 69.69999999999999 80.4
-196.79999999999998 69.69999999999999 100.5
-196.79999999999998 69.69999999999999 120.60000000000001
-196.79999999999998 73.8 -120.60000000000001
-196.79999999999998 73.8 -100.5
-196.79999999999998 73.8 -80.4
-196.79999999999998 73.8 -60.300000000000004
-196.79999999999998 73.8 -40.2
-196.79999999999998 73.8 -20.1
-196.79999999999998 73.8 0.0
-196.79999999999998 73.8 20.1
-196.79999999999998 73.8 40.2
-196.79999999999998 73.8 60.300000000000004
-196.79999999999998 73.8 80.4
-196.79999999999998 73.8 100.5
-196.79999999999998 73.8 120.60000000000001
-196.79999999999998 77.89999999999999 -120.60000000000001
-196.79999999999998 77.89999999999999 -100.5
-196.79999999999998 77.89999999999999 -80.4
-196.79999999999998 77.89999999999999 -60.300000000000004
-196.79999999999998 77.89999999999999 -40.2
-196.79999999999998 77.89999999999999 -20.1
-196.79999999999998 77.89999999999999 0.0
-196.79999999999998 77.89999999999999 20.1
-196.79999999999998 77.89999999999999 40.2
-196.79999999999998 77.89999999999999 60.300000000000004
-196.79999999999998 77.89999999999999 80.4
-196.79999999999998 77.89999999999999 100.5
-196.79999999999998 77.89999999999999 120.60000000000001
-196.79999999999998 82.0 -120.60000000000001
-196.79999999999998 82.0 -100.5
-196.79999999999998 82.0 -80.4
-196.79999999999998 82.0 -60.300000000000004
-196.79999999999998 82.0 -40.2
-196.79999999999998 82.0 -20.1
-196.79999999999998 82.0 0.0
-196.79999999999998 82.0 20.1
-196.79999999999998 82.0 40.2
-196.79999999999998 82.0 60.300000000000004
-196.79999999999998 82.0 80.4
-196.79999999999998 82.0 100.5
-196.79999999999998 82.0 120.60000000000001
-196.79999999999998 86.1 -120.60000000000001
-196.79999999999998 86.1 -100.5
-196.79999999999998 86.1 -80.4
-196.79999999999998 86.1 -60.300000000000004
-196.79999999999998 86.1 -40.2
-196.79999999999998 86.1 -20.1
-196.79999999999998 86.1 0.0
-196.79999999999998 86.1 20.1
-196.79999999999998 86.1 40.2
-196.79999999999998 86.1 60.300000000000004
-196.79999999999998 86.1 80.4
-196.79999999999998 86.1 100.5
-196.79999999999998 86.1 120.60000000000001
-196.79999999999998 90.19999999999999 -120.60000000000001
-196.79999999999998 90.19999999999999 -100.5
-196.79999999999998 90.19999999999999 -80.4
-196.79999999999998 90.19999999999999 -60.300000000000004
-196.79999999999998 90.19999999999999 -40.2
-196.79999999999998 90.19999999999999 -20.1
-196.79999999999998 90.19999999999999 0.0
-196.79999999999998 90.19999999999999 20.1
-196.79999999999998 90.19999999999999 40.2
-196.79999999999998 90.19999999999999 60.300000000000004
-196.79999999999998 90.19999999999999 80.4
-196.79999999999998 90.19999999999999 100.5
-196.79999999999998 90.19999999999999 120.60000000000001
-192.7 -98.39999999999999 -120.60000000000001
-192.7 -98.39999999999999 -100.5
-192.7 -98.39999999999999 -80.4
-192.7 -98.39999999999999 -60.300000000000004
-192.7 -98.39999999999999 -40.2
-192.7 -98.39999999999999 -20.1
-192.7 -98.39999999999999 0.0
-192.7 -98.39999999999999 20.1
-192.7 -98.39999999999999 40.2
-192.7 -98.39999999999999 60.300000000000004
-192.7 -98.39999999999999 80.4
-192.7 -98.39999999999999 100.5
-192.7 -98.39999999999999 120.60000000000001
-192.7 -94.3 -120.60000000000001
-192.7 -94.3 -100.5
-192.7 -94.3 -80.4
-192.7 -94.3 -60.300000000000004
-192.7 -94.3 -40.2
-192.7 -94.3 -20.1
-192.7 -94.3 0.0
-192.7 -94.3 20.1
-192.7 -94.3 40.2
-192.7 -94.3 60.300000000000004
-192.7 -94.3 80.4
-192.7 -94.3 100.5
-192.7 -94.3 120.60000000000001
-192.7 -90.19999999999999 -120.60000000000001
-192.7 -90.19999999999999 -100.5
-192.7 -90.19999999999999 -80.4
-192.7 -90.19999999999999 -60.300000000000004
-192.7 -90.19999999999999 -40.2
-192.7 -90.19999999999999 -20.1
-192.7 -90.19999999999999 0.0
-192.7 -90.19999999999999 20.1
-192.7 -90.19999999999999 40.2
-192.7 -90.19999999999999 60.300000000000004
-192.7 -90.19999999999999 80.4
-192.7 -90.19999999999999 100.5
-192.7 -90.19999999999999 120.60000000000001
-192.7 -86.1 -120.60000000000001
-192.7 -86.1 -100.5
-192.7 -86.1 -80.4
-192.7 -86.1 -60.300000000000004
-192.7 -86.1 -40.2
-192.7 -86.1 -20.1
-192.7 -86.1 0.0
-192.7 -86.1 20.1
-192.7 -86.1 40.2
-192.7 -86.1 60.300000000000004
-192.7 -86.1 80.4
-192.7 -86.1 100.5
-192.7 -86.1 120.60000000000001
-192.7 -82.0 -120.60000000000001
-192.7 -82.0 -100.5
-192.7 -82.0 -80.4
-192.7 -82.0 -60.300000000000004
-192.7 -82.0 -40.2
-192.7 -82.0 -20.1
-192.7 -82.0 0.0
-192.7 -82.0 20.1
-192.7 -82.0 40.2
-192.7 -82.0 60.300000000000004
-192.7 -82.0 80.4
-192.7 -82.0 100.5
-192.7 -82.0 120.60000000000001
-192.7 -77.89999999999999 -120.60000000000001
-192.7 -77.89999999999999 -100.5
-192.7 -77.89999999999999 -80.4
-192.7 -77.89999999999999 -60.300000000000004
-192.7 -77.89999999999999 -40.2
-192.7 -77.89999999999999 -20.1
-192.7 -77.89999999999999 0.0
-192.7 -77.89999999999999 20.1
-192.7 -77.89999999999999 40.2
-192.7 -77.89999999999999 60.300000000000004
-192.7 -77.89999999999999 80.4
-192.7 -77.89999999999999 100.5
-192.7 -77.89999999999999 120.60000000000001
-192.7 -73.8 -120.60000000000001
-192.7 -73.8 -100.5
-192.7 -73.8 -80.4
-192.7 -73.8 -60.300000000000004
-192.7 -73.8 -40.2
-192.7 -73.8 -20.1
-192.7 -73.8 0.0
-192.7 -73.8 20.1
-192.7 -73.8 40.2
-192.7 -73.8 60.300000000000004
-192.7 -73.8 80.4
-192.7 -73.8 100.5
-192.7 -73.8 120.60000000000001
-192.7 -69.69999999999999 -120.60000000000001
-192.7 -69.69999999999999 -100.5
-192.7 -69.69999999999999 -80.4
-192.7 -69.69999999999999 -60.300000000000004
-192.7 -69.69999999999999 -40.2
-192.7 -69.69999999999999 -20.1
-192.7 -69.69999999999999 0.0
-192.7 -69.69999999999999 20.1
-192.7 -69.69999999999999 40.2
-192.7 -69.69999999999999 60.300000000000004
-192.7 -69.69999999999999 80.4
-192.7 -69.69999999999999 100.5
-192.7 -69.69999999999999 120.60000000000001
-192.7 -65.6 -120.60000000000001
-192.7 -65.6 -100.5
-192.7 -65.6 -80.4
-192.7 -65.6 -60.300000000000004
-192.7 -65.6 -40.2
-192.7 -65.6 -20.1
-192.7 -65.6 0.0
-192.7 -65.6 20.1
-192.7 -65.6 40.2
-192.7 -65.6 60.300000000000004
-192.7 -65.6 80.4
-192.7 -65.6 100.5
-192.7 -65.6 120.60000000000001
-192.7 -61.49999999999999 -120.60000000000001
-192.7 -61.49999999999999 -100.5
-192.7 -61.49999999999999 -80.4
-192.7 -61.49999999999999 -60.300000000000004
-192.7 -61.49999999999999 -40.2
-192.7 -61.49999999999999 -20.1
-192.7 -61.49999999999999 0.0
-192.7 -61.49999999999999 20.1
-192.7 -61.49999999999999 40.2
-192.7 -61.49999999999999 60.300000000000004
-192.7 -61.49999999999999 80.4
-192.7 -61.49999999999999 100.5
-192.7 -61.49999999999999 120.60000000000001
-192.7 -57.39999999999999 -120.60000000000001
-192.7 -57.39999999999999 -100.5
-192.7 -57.39999999999999 -80.4
-192.7 -57.39999999999999 -60.300000000000004
-192.7 -57.39999999999999 -40.2
-192.7 -57.39999999999999 -20.1
-192.7 -57.39999999999999 0.0
-192.7 -57.39999999999999 20.1
-192.7 -57.39999999999999 40.2
-192.7 -57.39999999999999 60.300000000000004
-192.7 -57.39999999999999 80.4
-192.7 -57.39999999999999 100.5
-192.7 -57.39999999999999 120.60000000000001
-192.7 -53.3 -120.60000000000001
-192.7 -53.3 -100.5
-192.7 -53.3 -80.4
-192.7 -53.3 -60.300000000000004
-192.7 -53.3 -40.2
-192.7 -53.3 -20.1
-192.7 -53.3 0.0
-192.7 -53.3 20.1
-192.7 -53.3 40.2
-192.7 -53.3 60.300000000000004
-192.7 -53.3 80.4
-192.7 -53.3 100.5
-192.7 -53.3 120.60000000000001
-192.7 -49.199999999999996 -120.60000000000001
-192.7 -49.199999999999996 -100.5
-192.7 -49.199999999999996 -80.4
-192.7 -49.199999999999996 -60.300000000000004
-192.7 -49.199999999999996 -40.2
-192.7 -49.199999999999996 -20.1
-192.7 -49.199999999999996 0.0
-192.7 -49.199999999999996 20.1
-192.7 -49.199999999999996 40.2
-192.7 -49.199999999999996 60.300000000000004
-192.7 -49.199999999999996 80.4
-192.7 -49.199999999999996 100.5
-192.7 -49.199999999999996 120.60000000000001
-192.7 -45.099999999999994 -120.60000000000001
-192.7 -45.099999999999994 -100.5
-192.7 -45.099999999999994 -80.4
-192.7 -45.099999999999994 -60.300000000000004
-192.7 -45.099999999999994 -40.2
-192.7 -45.099999999999994 -20.1
-192.7 -45.099999999999994 0.0
-192.7 -45.099999999999994 20.1
-192.7 -45.099999999999994 40.2
-192.7 -45.099999999999994 60.300000000000004
-192.7 -45.099999999999994 80.4
-192.7 -45.099999999999994 100.5
-192.7 -45.099999999999994 120.60000000000001
-192.7 -41.0 -120.60000000000001
-192.7 -41.0 -100.5
-192.7 -41.0 -80.4
-192.7 -41.0 -60.300000000000004
-192.7 -41.0 -40.2
-192.7 -41.0 -20.1
-192.7 -41.0 0.0
-192.7 -41.0 20.1
-192.7 -41.0 40.2
-192.7 -41.0 60.300000000000004
-192.7 -41.0 80.4
-192.7 -41.0 100.5
-192.7 -41.0 120.60000000000001
-192.7 -36.9 -120.60000000000001
-192.7 -36.9 -100.5
-192.7 -36.9 -80.4
-192.7 -36.9 -60.300000000000004
-192.7 -36.9 -40.2
-192.7 -36.9 -20.1
-192.7 -36.9 0.0
-192.7 -36.9 20.1
-192.7 -36.9 40.2
-192.7 -36.9 60.300000000000004
-192.7 -36.9 80.4
-192.7 -36.9 100.5
-192.7 -36.9 120.60000000000001
-192.7 -32.8 -120.60000000000001
-192.7 -32.8 -100.5
-192.7 -32.8 -80.4
-192.7 -32.8 -60.300000000000004
-192.7 -32.8 -40.2
-192.7 -32.8 -20.1
-192.7 -32.8 0.0
-192.7 -32.8 20.1
-192.7 -32.8 40.2
-192.7 -32.8 60.300000000000004
-192.7 -32.8 80.4
-192.7 -32.8 100.5
-192.7 -32.8 120.60000000000001
-192.7 -28.699999999999996 -120.60000000000001
-192.7 -28.699999999999996 -100.5
-192.7 -28.699999999999996 -80.4
-192.7 -28.699999999999996 -60.300000000000004
-192.7 -28.699999999999996 -40.2
-192.7 -28.699999999999996 -20.1
-192.7 -28.699999999999996 0.0
-192.7 -28.699999999999996 20.1
-192.7 -28.699999999999996 40.2
-192.7 -28.699999999999996 60.300000000000004
-192.7 -28.699999999999996 80.4
-192.7 -28.699999999999996 100.5
-192.7 -28.699999999999996 120.60000000000001
-192.7 -24.599999999999998 -120.60000000000001
-192.7 -24.599999999999998 -100.5
-192.7 -24.599999999999998 -80.4
-192.7 -24.599999999999998 -60.300000000000004
-192.7 -24.599999999999998 -40.2
-192.7 -24.599999999999998 -20.1
-192.7 -24.599999999999998 0.0
-192.7 -24.599999999999998 20.1
-192.7 -24.599999999999998 40.2
-192.7 -24.599999999999998 60.300000000000004
-192.7 -24.599999999999998 80.4
-192.7 -24.599999999999998 100.5
-192.7 -24.599999999999998 120.60000000000001
-192.7 -20.5 -120.60000000000001
-192.7 -20.5 -100.5
-192.7 -20.5 -80.4
-192.7 -20.5 -60.300000000000004
-192.7 -20.5 -40.2
-192.7 -20.5 -20.1
-192.7 -20.5 0.0
-192.7 -20.5 20.1
-192.7 -20.5 40.2
-192.7 -20.5 60.300000000000004
-192.7 -20.5 80.4
-192.7 -20.5 100.5
-192.7 -20.5 120.60000000000001
-192.7 -16.4 -120.60000000000001
-192.7 -16.4 -100.5
-192.7 -16.4 -80.4
-192.7 -16.4 -60.300000000000004
-192.7 -16.4 -40.2
-192.7 -16.4 -20.1
-192.7 -16.4 0.0
-192.7 -16.4 20.1
-192.7 -16.4 40.2
-192.7 -16.4 60.300000000000004
-192.7 -16.4 80.4
-192.7 -16.4 100.5
-192.7 -16.4 120.60000000000001
-192.7 -12.299999999999999 -120.60000000000001
-192.7 -12.299999999999999 -100.5
-192.7 -12.299999999999999 -80.4
-192.7 -12.299999999999999 -60.300000000000004
-192.7 -12.299999999999999 -40.2
-192.7 -12.299999999999999 -20.1
-192.7 -12.299999999999999 0.0
-192.7 -12.299999999999999 20.1
-192.7 -12.299999999999999 40.2
-192.7 -12.299999999999999 60.300000000000004
-192.7 -12.299999999999999 80.4
-192.7 -12.299999999999999 100.5
-192.7 -12.299999999999999 120.60000000000001
-192.7 -8.2 -120.60000000000001
-192.7 -8.2 -100.5
-192.7 -8.2 -80.4
-192.7 -8.2 -60.300000000000004
-192.7 -8.2 -40.2
-192.7 -8.2 -20.1
-192.7 -8.2 0.0
-192.7 -8.2 20.1
-192.7 -8.2 40.2
-192.7 -8.2 60.300000000000004
-192.7 -8.2 80.4
-192.7 -8.2 100.5
-192.7 -8.2 120.60000000000001
-192.7 -4.1 -120.60000000000001
-192.7 -4.1 -100.5
-192.7 -4.1 -80.4
-192.7 -4.1 -60.300000000000004
-192.7 -4.1 -40.2
-192.7 -4.1 -20.1
-192.7 -4.1 0.0
-192.7 -4.1 20.1
-192.7 -4.1 40.2
-192.7 -4.1 60.300000000000004
-192.7 -4.1 80.4
-192.7 -4.1 100.5
-192.7 -4.1 120.60000000000001
-192.7 0.0 -120.60000000000001
-192.7 0.0 -100.5
-192.7 0.0 -80.4
-192.7 0.0 -60.300000000000004
-192.7 0.0 -40.2
-192.7 0.0 -20.1
-192.7 0.0 0.0
-192.7 0.0 20.1
-192.7 0.0 40.2
-192.7 0.0 60.300000000000004
-192.7 0.0 80.4
-192.7 0.0 100.5
-192.7 0.0 120.60000000000001
-192.7 4.1 -120.60000000000001
-192.7 4.1 -100.5
-192.7 4.1 -80.4
-192.7 4.1 -60.300000000000004
-192.7 4.1 -40.2
-192.7 4.1 -20.1
-192.7 4.1 0.0
-192.7 4.1 20.1
-192.7 4.1 40.2
-192.7 4.1 60.300000000000004
-192.7 4.1 80.4
-192.7 4.1 100.5
-192.7 4.1 120.60000000000001
-192.7 8.2 -120.60000000000001
-192.7 8.2 -100.5
-192.7 8.2 -80.4
-192.7 8.2 -60.300000000000004
-192.7 8.2 -40.2
-192.7 8.2 -20.1
-192.7 8.2 0.0
-192.7 8.2 20.1
-192.7 8.2 40.2
-192.7 8.2 60.300000000000004
-192.7 8.2 80.4
-192.7 8.2 100.5
-192.7 8.2 120.60000000000001
-192.7 12.299999999999999 -120.60000000000001
-192.7 12.299999999999999 -100.5
-192.7 12.299999999999999 -80.4
-192.7 12.299999999999999 -60.300000000000004
-192.7 12.299999999999999 -40.2
-192.7 12.299999999999999 -20.1
-192.7 12.299999999999999 0.0
-192.7 12.299999999999999 20.1
-192.7 12.299999999999999 40.2
-192.7 12.299999999999999 60.300000000000004
-192.7 12.299999999999999 80.4
-192.7 12.299999999999999 100.5
-192.7 12.299999999999999 120.60000000000001
-192.7 16.4 -120.60000000000001
-192.7 16.4 -100.5
-192.7 16.4 -80.4
-192.7 16.4 -60.300000000000004
-192.7 16.4 -40.2
-192.7 16.4 -20.1
-192.7 16.4 0.0
-192.7 16.4 20.1
-192.7 16.4 40.2
-192.7 16.4 60.300000000000004
-192.7 16.4 80.4
-192.7 16.4 100.5
-192.7 16.4 120.60000000000001
-192.7 20.5 -120.60000000000001
-192.7 20.5 -100.5
-192.7 20.5 -80.4
-192.7 20.5 -60.300000000000004
-192.7 20.5 -40.2
-192.7 20.5 -20.1
-192.7 20.5 0.0
-192.7 20.5 20.1
-192.7 20.5 40.2
-192.7 20.5 60.300000000000004
-192.7 20.5 80.4
-192.7 20.5 100.5
-192.7 20.5 120.60000000000001
-192.7 24.599999999999998 -120.60000000000001
-192.7 24.599999999999998 -100.5
-192.7 24.599999999999998 -80.4
-192.7 24.599999999999998 -60.300000000000004
-192.7 24.599999999999998 -40.2
-192.7 24.599999999999998 -20.1
-192.7 24.599999999999998 0.0
-192.7 24.599999999999998 20.1
-192.7 24.599999999999998 40.2
-192.7 24.599999999999998 60.300000000000004
-192.7 24.599999999999998 80.4
-192.7 24.599999999999998 100.5
-192.7 24.599999999999998 120.60000000000001
-192.7 28.699999999999996 -120.60000000000001
-192.7 28.699999999999996 -100.5
-192.7 28.699999999999996 -80.4
-192.7 28.699999999999996 -60.300000000000004
-192.7 28.699999999999996 -40.2
-192.7 28.699999999999996 -20.1
-192.7 28.699999999999996 0.0
-192.7 28.699999999999996 20.1
-192.7 28.699999999999996 40.2
-192.7 28.699999999999996 60.300000000000004
-192.7 28.699999999999996 80.4
-192.7 28.699999999999996 100.5
-192.7 28.699999999999996 120.60000000000001
-192.7 32.8 -120.60000000000001
-192.7 32.8 -100.5
-192.7 32.8 -80.4
-192.7 32.8 -60.300000000000004
-192.7 32.8 -40.2
-192.7 32.8 -20.1
-192.7 32.8 0.0
-192.7 32.8 20.1
-192.7 32.8 40.2
-192.7 32.8 60.300000000000004
-192.7 32.8 80.4
-192.7 32.8 100.5
-192.7 32.8 120.60000000000001
-192.7 36.9 -120.60000000000001
-192.7 36.9 -100.5
-192.7 36.9 -80.4
-192.7 36.9 -60.300000000000004
-192.7 36.9 -40.2
-192.7 36.9 -20.1
-192.7 36.9 0.0
-192.7 36.9 20.1
-192.7 36.9 40.2
-192.7 36.9 60.300000000000004
-192.7 36.9 80.4
-192.7 36.9 100.5
-192.7 36.9 120.60000000000001
-192.7 41.0 -120.60000000000001
-192.7 41.0 -100.5
-192.7 41.0 -80.4
-192.7 41.0 -60.300000000000004
-192.7 41.0 -40.2
-192.7 41.0 -20.1
-192.7 41.0 0.0
-192.7 41.0 20.1
-192.7 41.0 40.2
-192.7 41.0 60.300000000000004
-192.7 41.0 80.4
-192.7 41.0 100.5
-192.7 41.0 120.60000000000001
-192.7 45.099999999999994 -120.60000000000001
-192.7 45.099999999999994 -100.5
-192.7 45.099999999999994 -80.4
-192.7 45.099999999999994 -60.300000000000004
-192.7 45.099999999999994 -40.2
-192.7 45.099999999999994 -20.1
-192.7 45.099999999999994 0.0
-192.7 45.099999999999994 20.1
-192.7 45.099999999999994 40.2
-192.7 45.099999999999994 60.300000000000004
-192.7 45.099999999999994 80.4
-192.7 45.099999999999994 100.5
-192.7 45.099999999999994 120.60000000000001
-192.7 49.199999999999996 -120.60000000000001
-192.7 49.199999999999996 -100.5
-192.7 49.199999999999996 -80.4
-192.7 49.199999999999996 -60.300000000000004
-192.7 49.199999999999996 -40.2
-192.7 49.199999999999996 -20.1
-192.7 49.199999999999996 0.0
-192.7 49.199999999999996 20.1
-192.7 49.199999999999996 40.2
-192.7 49.199999999999996 60.300000000000004
-192.7 49.199999999999996 80.4
-192.7 49.199999999999996 100.5
-192.7 49.199999999999996 120.60000000000001
-192.7 53.3 -120.60000000000001
-192.7 53.3 -100.5
-192.7 53.3 -80.4
-192.7 53.3 -60.300000000000004
-192.7 53.3 -40.2
-192.7 53.3 -20.1
-192.7 53.3 0.0
-192.7 53.3 20.1
-192.7 53.3 40.2
-192.7 53.3 60.300000000000004
-192.7 53.3 80.4
-192.7 53.3 100.5
-192.7 53.3 120.60000000000001
-192.7 57.39999999999999 -120.60000000000001
-192.7 57.39999999999999 -100.5
-192.7 57.39999999999999 -80.4
-192.7 57.39999999999999 -60.300000000000004
-192.7 57.39999999999999 -40.2
-192.7 57.39999999999999 -20.1
-192.7 57.39999999999999 0.0
-192.7 57.39999999999999 20.1
-192.7 57.39999999999999 40.2
-192.7 57.39999999999999 60.300000000000004
-192.7 57.39999999999999 80.4
-192.7 57.39999999999999 100.5
-192.7 57.39999999999999 120.60000000000001
-192.7 61.49999999999999 -120.60000000000001
-192.7 61.49999999999999 -100.5
-192.7 61.49999999999999 -80.4
-192.7 61.49999999999999 -60.300000000000004
-192.7 61.49999999999999 -40.2
-192.7 61.49999999999999 -20.1
-192.7 61.49999999999999 0.0
-192.7 61.49999999999999 20.1
-192.7 61.49999999999999 40.2
-192.7 61.49999999999999 60.300000000000004
-192.7 61.49999999999999 80.4
-192.7 61.49999999999999 100.5
-192.7 61.49999999999999 120.60000000000001
-192.7 65.6 -120.60000000000001
-192.7 65.6 -100.5
-192.7 65.6 -80.4
-192.7 65.6 -60.300000000000004
-192.7 65.6 -40.2
-192.7 65.6 -20.1
-192.7 65.6 0.0
-192.7 65.6 20.1
-192.7 65.6 40.2
-192.7 65.6 60.300000000000004
-192.7 65.6 80.4
-192.7 65.6 100.5
-192.7 65.6 120.60000000000001
-192.7 69.69999999999999 -120.60000000000001
-192.7 69.69999999999999 -100.5
-192.7 69.69999999999999 -80.4
-192.7 69.69999999999999 -60.300000000000004
-192.7 69.69999999999999 -40.2
-192.7 69.69999999999999 -20.1
-192.7 69.69999999999999 0.0
-192.7 69.69999999999999 20.1
-192.7 69.69999999999999 40.2
-192.7 69.69999999999999 60.300000000000004
-192.7 69.69999999999999 80.4
-192.7 69.69999999999999 100.5
-192.7 69.69999999999999 120.60000000000001
-192.7 73.8 -120.60000000000001
-192.7 73.8 -100.5
-192.7 73.8 -80.4
-192.7 73.8 -60.300000000000004
-192.7 73.8 -40.2
-192.7 73.8 -20.1
-192.7 73.8 0.0
-192.7 73.8 20.1
-192.7 73.8 40.2
-192.7 73.8 60.300000000000004
-192.7 73.8 80.4
-192.7 73.8 100.5
-192.7 73.8 120.60000000000001
-192.7 77.89999999999999 -120.60000000000001
-192.7 77.89999999999999 -100.5
-192.7 77.89999999999999 -80.4
-192.7 77.89999999999999 -60.300000000000004
-192.7 77.89999999999999 -40.2
-192.7 77.89999999999999 -20.1
-192.7 77.89999999999999 0.0
-192.7 77.89999999999999 20.1
-192.7 77.89999999999999 40.2
-192.7 77.89999999999999 60.300000000000004
-192.7 77.89999999999999 80.4
-192.7 77.89999999999999 100.5
-192.7 77.89999999999999 120.60000000000001
-192.7 82.0 -120.60000000000001
-192.7 82.0 -100.5
-192.7 82.0 -80.4
-192.7 82.0 -60.300000000000004
-192.7 82.0 -40.2
-192.7 82.0 -20.1
-192.7 82.0 0.0
-192.7 82.0 20.1
-192.7 82.0 40.2
-192.7 82.0 60.300000000000004
-192.7 82.0 80.4
-192.7 82.0 100.5
-192.7 82.0 120.60000000000001
-192.7 86.1 -120.60000000000001
-192.7 86.1 -100.5
-192.7 86.1 -80.4
-192.7 86.1 -60.300000000000004
-192.7 86.1 -40.2
-192.7 86.1 -20.1
-192.7 86.1 0.0
-192.7 86.1 20.1
-192.7 86.1 40.2
-192.7 86.1 60.300000000000004
-192.7 86.1 80.4
-192.7 86.1 100.5
-192.7 86.1 120.60000000000001
-192.7 90.19999999999999 -120.60000000000001
-192.7 90.19999999999999 -100.5
-192.7 90.19999999999999 -80.4
-192.7 90.19999999999999 -60.300000000000004
-192.7 90.19999999999999 -40.2
-192.7 90.19999999999999 -20.1
-192.7 90.19999999999999 0.0
-192.7 90.19999999999999 20.1
-192.7 90.19999999999999 40.2
-192.7 90.19999999999999 60.300000000000004
-192.7 90.19999999999999 80.4
-192.7 90.19999999999999 100.5
-192.7 90.19999999999999 120.60000000000001
-192.7 94.3 -120.60000000000001
-192.7 94.3 -100.5
-192.7 94.3 -80.4
-192.7 94.3 -60.300000000000004
-192.7 94.3 -40.2
-192.7 94.3 -20.1
-192.7 94.3 0.0
-192.7 94.3 20.1
-192.7 94.3 40.2
-192.7 94.3 60.300000000000004
-192.7 94.3 80.4
-192.7 94.3 100.5
-192.7 94.3 120.60000000000001
-192.7 98.39999999999999 -120.60000000000001
-192.7 98.39999999999999 -100.5
-192.7 98.39999999999999 -80.4
-192.7 98.39999999999999 -60.300000000000004
-192.7 98.39999999999999 -40.2
-192.7 98.39999999999999 -20.1
-192.7 98.39999999999999 0.0
-192.7 98.39999999999999 20.1
-192.7 98.39999999999999 40.2
-192.7 98.39999999999999 60.300000000000004
-192.7 98.39999999999999 80.4
-192.7 98.39999999999999 100.5
-192.7 98.39999999999999 120.60000000000001
-188.6 -106.6 -120.60000000000001
-188.6 -106.6 -100.5
-188.6 -106.6 -80.4
-188.6 -106.6 -60.300000000000004
-188.6 -106.6 -40.2
-188.6 -106.6 -20.1
-188.6 -106.6 0.0
-188.6 -106.6 20.1
-188.6 -106.6 40.2
-188.6 -106.6 60.300000000000004
-188.6 -106.6 80.4
-188.6 -106.6 100.5
-188.6 -106.6 120.60000000000001
-188.6 -102.49999999999999 -120.60000000000001
-188.6 -102.49999999999999 -100.5
-188.6 -102.49999999999999 -80.4
-188.6 -102.49999999999999 -60.300000000000004
-188.6 -102.49999999999999 -40.2
-188.6 -102.49999999999999 -20.1
-188.6 -102.49999999999999 0.0
-188.6 -102.49999999999999 20.1
-188.6 -102.49999999999999 40.2
-188.6 -102.49999999999999 60.300000000000004
-188.6 -102.49999999999999 80.4
-188.6 -102.49999999999999 100.5
-188.6 -102.49999999999999 120.60000000000001
-188.6 -98.39999999999999 -120.60000000000001
-188.6 -98.39999999999999 -100.5
-188.6 -98.39999999999999 -80.4
-188.6 -98.39999999999999 -60.300000000000004
-188.6 -98.39999999999999 -40.2
-188.6 -98.39999999999999 -20.1
-188.6 -98.39999999999999 0.0
-188.6 -98.39999999999999 20.1
-188.6 -98.39999999999999 40.2
-188.6 -98.39999999999999 60.300000000000004
-188.6 -98.39999999999999 80.4
-188.6 -98.39999999999999 100.5
-188.6 -98.39999999999999 120.60000000000001
-188.6 -94.3 -120.60000000000001
-188.6 -94.3 -100.5
-188.6 -94.3 -80.4
-188.6 -94.3 -60.300000000000004
-188.6 -94.3 -40.2
-188.6 -94.3 -20.1
-188.6 -94.3 0.0
-188.6 -94.3 20.1
-188.6 -94.3 40.2
-188.6 -94.3 60.300000000000004
-188.6 -94.3 80.4
-188.6 -94.3 100.5
-188.6 -94.3 120.60000000000001
-188.6 -90.19999999999999 -120.60000000000001
-188.6 -90.19999999999999 -100.5
-188.6 -90.19999999999999 -80.4
-188.6 -90.19999999999999 -60.300000000000004
-188.6 -90.19999999999999 -40.2
-188.6 -90.19999999999999 -20.1
-188.6 -90.19999999999999 0.0
-188.6 -90.19999999999999 20.1
-188.6 -90.19999999999999 40.2
-188.6 -90.19999999999999 60.300000000000004
-188.6 -90.19999999999999 80.4
-188.6 -90.19999999999999 100.5
-188.6 -90.19999999999999 120.60000000000001
-188.6 -86.1 -120.60000000000001
-188.6 -86.1 -100.5
-188.6 -86.1 -80.4
-188.6 -86.1 -60.300000000000004
-188.6 -86.1 -40.2
-188.6 -86.1 -20.1
-188.6 -86.1 0.0
-188.6 -86.1 20.1
-188.6 -86.1 40.2
-188.6 -86.1 60.300000000000004
-188.6 -86.1 80.4
-188.6 -86.1 100.5
-188.6 -86.1 120.60000000000001
-188.6 -82.0 -120.60000000000001
-188.6 -82.0 -100.5
-188.6 -82.0 -80.4
-188.6 -82.0 -60.300000000000004
-188.6 -82.0 -40.2
-188.6 -82.0 -20.1
-188.6 -82.0 0.0
-188.6 -82.0 20.1
-188.6 -82.0 40.2
-188.6 -82.0 60.300000000000004
-188.6 -82.0 80.4
-188.6 -82.0 100.5
-188.6 -82.0 120.60000000000001
-188.6 -77.89999999999999 -120.60000000000001
-188.6 -77.89999999999999 -100.5
-188.6 -77.89999999999999 -80.4
-188.6 -77.89999999999999 -60.300000000000004
-188.6 -77.89999999999999 -40.2
-188.6 -77.89999999999999 -20.1
-188.6 -77.89999999999999 0.0
-188.6 -77.89999999999999 20.1
-188.6 -77.89999999999999 40.2
-188.6 -77.89999999999999 60.300000000000004
-188.6 -77.89999999999999 80.4
-188.6 -77.89999999999999 100.5
-188.6 -77.89999999999999 120.60000000000001
-188.6 -73.8 -120.60000000000001
-188.6 -73.8 -100.5
-188.6 -73.8 -80.4
-188.6 -73.8 -60.300000000000004
-188.6 -73.8 -40.2
-188.6 -73.8 -20.1
-188.6 -73.8 0.0
-188.6 -73.8 20.1
-188.6 -73.8 40.2
-188.6 -73.8 60.300000000000004
-188.6 -73.8 80.4
-188.6 -73.8 100.5
-188.6 -73.8 120.60000000000001
-188.6 -69.69999999999999 -120.60000000000001
-188.6 -69.69999999999999 -100.5
-188.6 -69.69999999999999 -80.4
-188.6 -69.69999999999999 -60.300000000000004
-188.6 -69.69999999999999 -40.2
-188.6 -69.69999999999999 -20.1
-188.6 -69.69999999999999 0.0
-188.6 -69.69999999999999 20.1
-188.6 -69.69999999999999 40.2
-188.6 -69.69999999999999 60.300000000000004
-188.6 -69.69999999999999 80.4
-188.6 -69.69999999999999 100.5
-188.6 -69.69999999999999 120.60000000000001
-188.6 -65.6 -120.60000000000001
-188.6 -65.6 -100.5
-188.6 -65.6 -80.4
-188.6 -65.6 -60.300000000000004
-188.6 -65.6 -40.2
-188.6 -65.6 -20.1
-188.6 -65.6 0.0
-188.6 -65.6 20.1
-188.6 -65.6 40.2
-188.6 -65.6 60.300000000000004
-188.6 -65.6 80.4
-188.6 -65.6 100.5
-188.6 -65.6 120.60000000000001
-188.6 -61.49999999999999 -120.60000000000001
-188.6 -61.49999999999999 -100.5
-188.6 -61.49999999999999 -80.4
-188.6 -61.49999999999999 -60.300000000000004
-188.6 -61.49999999999999 -40.2
-188.6 -61.49999999999999 -20.1
-188.6 -61.49999999999999 0.0
-188.6 -61.49999999999999 20.1
-188.6 -61.49999999999999 40.2
-188.6 -61.49999999999999 60.300000000000004
-188.6 -61.49999999999999 80.4
-188.6 -61.49999999999999 100.5
-188.6 -61.49999999999999 120.60000000000001
-188.6 -57.39999999999999 -120.60000000000001
-188.6 -57.39999999999999 -100.5
-188.6 -57.39999999999999 -80.4
-188.6 -57.39999999999999 -60.300000000000004
-188.6 -57.39999999999999 -40.2
-188.6 -57.39999999999999 -20.1
-188.6 -57.39999999999999 0.0
-188.6 -57.39999999999999 20.1
-188.6 -57.39999999999999 40.2
-188.6 -57.39999999999999 60.300000000000004
-188.6 -57.39999999999999 80.4
-188.6 -57.39999999999999 100.5
-188.6 -57.39999999999999 120.60000000000001
-188.6 -53.3 -120.60000000000001
-188.6 -53.3 -100.5
-188.6 -53.3 -80.4
-188.6 -53.3 -60.300000000000004
-188.6 -53.3 -40.2
-188.6 -53.3 -20.1
-188.6 -53.3 0.0
-188.6 -53.3 20.1
-188.6 -53.3 40.2
-188.6 -53.3 60.300000000000004
-188.6 -53.3 80.4
-188.6 -53.3 100.5
-188.6 -53.3 120.60000000000001
-188.6 -49.199999999999996 -120.60000000000001
-188.6 -49.199999999999996 -100.5
-188.6 -49.199999999999996 -80.4
-188.6 -49.199999999999996 -60.300000000000004
-188.6 -49.199999999999996 -40.2
-188.6 -49.199999999999996 -20.1
-188.6 -49.199999999999996 0.0
-188.6 -49.199999999999996 20.1
-188.6 -49.199999999999996 40.2
-188.6 -49.199999999999996 60.300000000000004
-188.6 -49.199999999999996 80.4
-188.6 -49.199999999999996 100.5
-188.6 -49.199999999999996 120.60000000000001
-188.6 -45.099999999999994 -120.60000000000001
-188.6 -45.099999999999994 -100.5
-188.6 -45.099999999999994 -80.4
-188.6 -45.099999999999994 -60.300000000000004
-188.6 -45.099999999999994 -40.2
-188.6 -45.099999999999994 -20.1
-188.6 -45.099999999999994 0.0
-188.6 -45.099999999999994 20.1
-188.6 -45.099999999999994 40.2
-188.6 -45.099999999999994 60.300000000000004
-188.6 -45.099999999999994 80.4
-188.6 -45.099999999999994 100.5
-188.6 -45.099999999999994 120.60000000000001
-188.6 -41.0 -120.60000000000001
-188.6 -41.0 -100.5
-188.6 -41.0 -80.4
-188.6 -41.0 -60.300000000000004
-188.6 -41.0 -40.2
-188.6 -41.0 -20.1
-188.6 -41.0 0.0
-188.6 -41.0 20.1
-188.6 -41.0 40.2
-188.6 -41.0 60.300000000000004
-188.6 -41.0 80.4
-188.6 -41.0 100.5
-188.6 -41.0 120.60000000000001
-188.6 -36.9 -120.60000000000001
-188.6 -36.9 -100.5
-188.6 -36.9 -80.4
-188.6 -36.9 -60.300000000000004
-188.6 -36.9 -40.2
-188.6 -36.9 -20.1
-188.6 -36.9 0.0
-188.6 -36.9 20.1
-188.6 -36.9 40.2
-188.6 -36.9 60.300000000000004
-188.6 -36.9 80.4
-188.6 -36.9 100.5
-188.6 -36.9 120.60000000000001
-188.6 -32.8 -120.60000000000001
-188.6 -32.8 -100.5
-188.6 -32.8 -80.4
-188.6 -32.8 -60.300000000000004
-188.6 -32.8 -40.2
-188.6 -32.8 -20.1
-188.6 -32.8 0.0
-188.6 -32.8 20.1
-188.6 -32.8 40.2
-188.6 -32.8 60.300000000000004
-188.6 -32.8 80.4
-188.6 -32.8 100.5
-188.6 -32.8 120.60000000000001
-188.6 -28.699999999999996 -120.60000000000001
-188.6 -28.699999999999996 -100.5
-188.6 -28.699999999999996 -80.4
-188.6 -28.699999999999996 -60.300000000000004
-188.6 -28.699999999999996 -40.2
-188.6 -28.699999999999996 -20.1
-188.6 -28.699999999999996 0.0
-188.6 -28.699999999999996 20.1
-188.6 -28.699999999999996 40.2
-188.6 -28.699999999999996 60.300000000000004
-188.6 -28.699999999999996 80.4
-188.6 -28.699999999999996 100.5
-188.6 -28.699999999999996 120.60000000000001
-188.6 -24.599999999999998 -120.60000000000001
-188.6 -24.599999999999998 -100.5
-188.6 -24.599999999999998 -80.4
-188.6 -24.599999999999998 -60.300000000000004
-188.6 -24.599999999999998 -40.2
-188.6 -24.599999999999998 -20.1
-188.6 -24.599999999999998 0.0
-188.6 -24.599999999999998 20.1
-188.6 -24.599999999999998 40.2
-188.6 -24.599999999999998 60.300000000000004
-188.6 -24.599999999999998 80.4
-188.6 -24.599999999999998 100.5
-188.6 -24.599999999999998 120.60000000000001
-188.6 -20.5 -120.60000000000001
-188.6 -20.5 -100.5
-188.6 -20.5 -80.4
-188.6 -20.5 -60.300000000000004
-188.6 -20.5 -40.2
-188.6 -20.5 -20.1
-188.6 -20.5 0.0
-188.6 -20.5 20.1
-188.6 -20.5 40.2
-188.6 -20.5 60.300000000000004
-188.6 -20.5 80.4
-188.6 -20.5 100.5
-188.6 -20.5 120.60000000000001
-188.6 -16.4 -120.60000000000001
-188.6 -16.4 -100.5
-188.6 -16.4 -80.4
-188.6 -16.4 -60.300000000000004
-188.6 -16.4 -40.2
-188.6 -16.4 -20.1
-188.6 -16.4 0.0
-188.6 -16.4 20.1
-188.6 -16.4 40.2
-188.6 -16.4 60.300000000000004
-188.6 -16.4 80.4
-188.6 -16.4 100.5
-188.6 -16.4 120.60000000000001
-188.6 -12.299999999999999 -120.60000000000001
-188.6 -12.299999999999999 -100.5
-188.6 -12.299999999999999 -80.4
-188.6 -12.299999999999999 -60.300000000000004
-188.6 -12.299999999999999 -40.2
-188.6 -12.299999999999999 -20.1
-188.6 -12.299999999999999 0.0
-188.6 -12.299999999999999 20.1
-188.6 -12.299999999999999 40.2
-188.6 -12.299999999999999 60.300000000000004
-188.6 -12.299999999999999 80.4
-188.6 -12.299999999999999 100.5
-188.6 -12.299999999999999 120.60000000000001
-188.6 -8.2 -120.60000000000001
-188.6 -8.2 -100.5
-188.6 -8.2 -80.4
-188.6 -8.2 -60.300000000000004
-188.6 -8.2 -40.2
-188.6 -8.2 -20.1
-188.6 -8.2 0.0
-188.6 -8.2 20.1
-188.6 -8.2 40.2
-188.6 -8.2 60.300000000000004
-188.6 -8.2 80.4
-188.6 -8.2 100.5
-188.6 -8.2 120.60000000000001
-188.6 -4.1 -120.60000000000001
-188.6 -4.1 -100.5
-188.6 -4.1 -80.4
-188.6 -4.1 -60.300000000000004
-188.6 -4.1 -40.2
-188.6 -4.1 -20.1
-188.6 -4.1 0.0
-188.6 -4.1 20.1
-188.6 -4.1 40.2
-188.6 -4.1 60.300000000000004
-188.6 -4.1 80.4
-188.6 -4.1 100.5
-188.6 -4.1 120.60000000000001
-188.6 0.0 -120.60000000000001
-188.6 0.0 -100.5
-188.6 0.0 -80.4
-188.6 0.0 -60.300000000000004
-188.6 0.0 -40.2
-188.6 0.0 -20.1
-188.6 0.0 0.0
-188.6 0.0 20.1
-188.6 0.0 40.2
-188.6 0.0 60.300000000000004
-188.6 0.0 80.4
-188.6 0.0 100.5
-188.6 0.0 120.60000000000001
-188.6 4.1 -120.60000000000001
-188.6 4.1 -100.5
-188.6 4.1 -80.4
-188.6 4.1 -60.300000000000004
-188.6 4.1 -40.2
-188.6 4.1 -20.1
-188.6 4.1 0.0
-188.6 4.1 20.1
-188.6 4.1 40.2
-188.6 4.1 60.300000000000004
-188.6 4.1 80.4
-188.6 4.1 100.5
-188.6 4.1 120.60000000000001
-188.6 8.2 -120.60000000000001
-188.6 8.2 -100.5
-188.6 8.2 -80.4
-188.6 8.2 -60.300000000000004
-188.6 8.2 -40.2
-188.6 8.2 -20.1
-188.6 8.2 0.0
-188.6 8.2 20.1
-188.6 8.2 40.2
-188.6 8.2 60.300000000000004
-188.6 8.2 80.4
-188.6 8.2 100.5
-188.6 8.2 120.60000000000001
-188.6 12.299999999999999 -120.60000000000001
-188.6 12.299999999999999 -100.5
-188.6 12.299999999999999 -80.4
-188.6 12.299999999999999 -60.300000000000004
-188.6 12.299999999999999 -40.2
-188.6 12.299999999999999 -20.1
-188.6 12.299999999999999 0.0
-188.6 12.299999999999999 20.1
-188.6 12.299999999999999 40.2
-188.6 12.299999999999999 60.300000000000004
-188.6 12.299999999999999 80.4
-188.6 12.299999999999999 100.5
-188.6 12.299999999999999 120.60000000000001
-188.6 16.4 -120.60000000000001
-188.6 16.4 -100.5
-188.6 16.4 -80.4
-188.6 16.4 -60.300000000000004
-188.6 16.4 -40.2
-188.6 16.4 -20.1
-188.6 16.4 0.0
-188.6 16.4 20.1
-188.6 16.4 40.2
-188.6 16.4 60.300000000000004
-188.6 16.4 80.4
-188.6 16.4 100.5
-188.6 16.4 120.60000000000001
-188.6 20.5 -120.60000000000001
-188.6 20.5 -100.5
-188.6 20.5 -80.4
-188.6 20.5 -60.300000000000004
-188.6 20.5 -40.2
-188.6 20.5 -20.1
-188.6 20.5 0.0
-188.6 20.5 20.1
-188.6 20.5 40.2
-188.6 20.5 60.300000000000004
-188.6 20.5 80.4
-188.6 20.5 100.5
-188.6 20.5 120.60000000000001
-188.6 24.599999999999998 -120.60000000000001
-188.6 24.599999999999998 -100.5
-188.6 24.599999999999998 -80.4
-188.6 24.599999999999998 -60.300000000000004
-188.6 24.599999999999998 -40.2
-188.6 24.599999999999998 -20.1
-188.6 24.599999999999998 0.0
-188.6 24.599999999999998 20.1
-188.6 24.599999999999998 40.2
-188.6 24.599999999999998 60.300000000000004
-188.6 24.599999999999998 80.4
-188.6 24.599999999999998 100.5
-188.6 24.599999999999998 120.60000000000001
-188.6 28.699999999999996 -120.60000000000001
-188.6 28.699999999999996 -100.5
-188.6 28.699999999999996 -80.4
-188.6 28.699999999999996 -60.300000000000004
-188.6 28.699999999999996 -40.2
-188.6 28.699999999999996 -20.1
-188.6 28.699999999999996 0.0
-188.6 28.699999999999996 20.1
-188.6 28.699999999999996 40.2
-188.6 28.699999999999996 60.300000000000004
-188.6 28.699999999999996 80.4
-188.6 28.699999999999996 100.5
-188.6 28.699999999999996 120.60000000000001
-188.6 32.8 -120.60000000000001
-188.6 32.8 -100.5
-188.6 32.8 -80.4
-188.6 32.8 -60.300000000000004
-188.6 32.8 -40.2
-188.6 32.8 -20.1
-188.6 32.8 0.0
-188.6 32.8 20.1
-188.6 32.8 40.2
-188.6 32.8 60.300000000000004
-188.6 32.8 80.4
-188.6 32.8 100.5
-188.6 32.8 120.60000000000001
-188.6 36.9 -120.60000000000001
-188.6 36.9 -100.5
-188.6 36.9 -80.4
-188.6 36.9 -60.300000000000004
-188.6 36.9 -40.2
-188.6 36.9 -20.1
-188.6 36.9 0.0
-188.6 36.9 20.1
-188.6 36.9 40.2
-188.6 36.9 60.300000000000004
-188.6 36.9 80.4
-188.6 36.9 100.5
-188.6 36.9 120.60000000000001
-188.6 41.0 -120.60000000000001
-188.6 41.0 -100.5
-188.6 41.0 -80.4
-188.6 41.0 -60.300000000000004
-188.6 41.0 -40.2
-188.6 41.0 -20.1
-188.6 41.0 0.0
-188.6 41.0 20.1
-188.6 41.0 40.2
-188.6 41.0 60.300000000000004
-188.6 41.0 80.4
-188.6 41.0 100.5
-188.6 41.0 120.60000000000001
-188.6 45.099999999999994 -120.60000000000001
-188.6 45.099999999999994 -100.5
-188.6 45.099999999999994 -80.4
-188.6 45.099999999999994 -60.300000000000004
-188.6 45.099999999999994 -40.2
-188.6 45.099999999999994 -20.1
-188.6 45.099999999999994 0.0
-188.6 45.099999999999994 20.1
-188.6 45.099999999999994 40.2
-188.6 45.099999999999994 60.300000000000004
-188.6 45.099999999999994 80.4
-188.6 45.099999999999994 100.5
-188.6 45.099999999999994 120.60000000000001
-188.6 49.199999999999996 -120.60000000000001
-188.6 49.199999999999996 -100.5
-188.6 49.199999999999996 -80.4
-188.6 49.199999999999996 -60.300000000000004
-188.6 49.199999999999996 -40.2
-188.6 49.199999999999996 -20.1
-188.6 49.199999999999996 0.0
-188.6 49.199999999999996 20.1
-188.6 49.199999999999996 40.2
-188.6 49.199999999999996 60.300000000000004
-188.6 49.199999999999996 80.4
-188.6 49.199999999999996 100.5
-188.6 49.199999999999996 120.60000000000001
-188.6 53.3 -120.60000000000001
-188.6 53.3 -100.5
-188.6 53.3 -80.4
-188.6 53.3 -60.300000000000004
-188.6 53.3 -40.2
-188.6 53.3 -20.1
-188.6 53.3 0.0
-188.6 53.3 20.1
-188.6 53.3 40.2
-188.6 53.3 60.300000000000004
-188.6 53.3 80.4
-188.6 53.3 100.5
-188.6 53.3 120.60000000000001
-188.6 57.39999999999999 -120.60000000000001
-188.6 57.39999999999999 -100.5
-188.6 57.39999999999999 -80.4
-188.6 57.39999999999999 -60.300000000000004
-188.6 57.39999999999999 -40.2
-188.6 57.39999999999999 -20.1
-188.6 57.39999999999999 0.0
-188.6 57.39999999999999 20.1
-188.6 57.39999999999999 40.2
-188.6 57.39999999999999 60.300000000000004
-188.6 57.39999999999999 80.4
-188.6 57.39999999999999 100.5
-188.6 57.39999999999999 120.60000000000001
-188.6 61.49999999999999 -120.60000000000001
-188.6 61.49999999999999 -100.5
-188.6 61.49999999999999 -80.4
-188.6 61.49999999999999 -60.300000000000004
-188.6 61.49999999999999 -40.2
-188.6 61.49999999999999 -20.1
-188.6 61.49999999999999 0.0
-188.6 61.49999999999999 20.1
-188.6 61.49999999999999 40.2
-188.6 61.49999999999999 60.300000000000004
-188.6 61.49999999999999 80.4
-188.6 61.49999999999999 100.5
-188.6 61.49999999999999 120.60000000000001
-188.6 65.6 -120.60000000000001
-188.6 65.6 -100.5
-188.6 65.6 -80.4
-188.6 65.6 -60.300000000000004
-188.6 65.6 -40.2
-188.6 65.6 -20.1
-188.6 65.6 0.0
-188.6 65.6 20.1
-188.6 65.6 40.2
-188.6 65.6 60.300000000000004
-188.6 65.6 80.4
-188.6 65.6 100.5
-188.6 65.6 120.60000000000001
-188.6 69.69999999999999 -120.60000000000001
-188.6 69.69999999999999 -100.5
-188.6 69.69999999999999 -80.4
-188.6 69.69999999999999 -60.300000000000004
-188.6 69.69999999999999 -40.2
-188.6 69.69999999999999 -20.1
-188.6 69.69999999999999 0.0
-188.6 69.69999999999999 20.1
-188.6 69.69999999999999 40.2
-188.6 69.69999999999999 60.300000000000004
-188.6 69.69999999999999 80.4
-188.6 69.69999999999999 100.5
-188.6 69.69999999999999 120.60000000000001
-188.6 73.8 -120.60000000000001
-188.6 73.8 -100.5
-188.6 73.8 -80.4
-188.6 73.8 -60.300000000000004
-188.6 73.8 -40.2
-188.6 73.8 -20.1
-188.6 73.8 0.0
-188.6 73.8 20.1
-188.6 73.8 40.2
-188.6 73.8 60.300000000000004
-188.6 73.8 80.4
-188.6 73.8 100.5
-188.6 73.8 120.60000000000001
-188.6 77.89999999999999 -120.60000000000001
-188.6 77.89999999999999 -100.5
-188.6 77.89999999999999 -80.4
-188.6 77.89999999999999 -60.300000000000004
-188.6 77.89999999999999 -40.2
-188.6 77.89999999999999 -20.1
-188.6 77.89999999999999 0.0
-188.6 77.89999999999999 20.1
-188.6 77.89999999999999 40.2
-188.6 77.89999999999999 60.300000000000004
-188.6 77.89999999999999 80.4
-188.6 77.89999999999999 100.5
-188.6 77.89999999999999 120.60000000000001
-188.6 82.0 -120.60000000000001
-188.6 82.0 -100.5
-188.6 82.0 -80.4
-188.6 82.0 -60.300000000000004
-188.6 82.0 -40.2
-188.6 82.0 -20.1
-188.6 82.0 0.0
-188.6 82.0 20.1
-188.6 82.0 40.2
-188.6 82.0 60.300000000000004
-188.6 82.0 80.4
-188.6 82.0 100.5
-188.6 82.0 120.60000000000001
-188.6 86.1 -120.60000000000001
-188.6 86.1 -100.5
-188.6 86.1 -80.4
-188.6 86.1 -60.300000000000004
-188.6 86.1 -40.2
-188.6 86.1 -20.1
-188.6 86.1 0.0
-188.6 86.1 20.1
-188.6 86.1 40.2
-188.6 86.1 60.300000000000004
-188.6 86.1 80.4
-188.6 86.1 100.5
-188.6 86.1 120.60000000000001
-188.6 90.19999999999999 -120.60000000000001
-188.6 90.19999999999999 -100.5
-188.6 90.19999999999999 -80.4
-188.6 90.19999999999999 -60.300000000000004
-188.6 90.19999999999999 -40.2
-188.6 90.19999999999999 -20.1
-188.6 90.19999999999999 0.0
-188.6 90.19999999999999 20.1
-188.6 90.19999999999999 40.2
-188.6 90.19999999999999 60.300000000000004
-188.6 90.19999999999999 80.4
-188.6 90.19999999999999 100.5
-188.6 90.19999999999999 120.60000000000001
-188.6 94.3 -120.60000000000001
-188.6 94.3 -100.5
-188.6 94.3 -80.4
-188.6 94.3 -60.300000000000004
-188.6 94.3 -40.2
-188.6 94.3 -20.1
-188.6 94.3 0.0
-188.6 94.3 20.1
-188.6 94.3 40.2
-188.6 94.3 60.300000000000004
-188.6 94.3 80.4
-188.6 94.3 100.5
-188.6 94.3 120.60000000000001
-188.6 98.39999999999999 -120.60000000000001
-188.6 98.39999999999999 -100.5
-188.6 98.39999999999999 -80.4
-188.6 98.39999999999999 -60.300000000000004
-188.6 98.39999999999999 -40.2
-188.6 98.39999999999999 -20.1
-188.6 98.39999999999999 0.0
-188.6 98.39999999999999 20.1
-188.6 98.39999999999999 40.2
-188.6 98.39999999999999 60.300000000000004
-188.6 98.39999999999999 80.4
-188.6 98.39999999999999 100.5
-188.6 98.39999999999999 120.60000000000001
-188.6 102.49999999999999 -120.60000000000001
-188.6 102.49999999999999 -100.5
-188.6 102.49999999999999 -80.4
-188.6 102.49999999999999 -60.300000000000004
-188.6 102.49999999999999 -40.2
-188.6 102.49999999999999 -20.1
-188.6 102.49999999999999 0.0
-188.6 102.49999999999999 20.1
-188.6 102.49999999999999 40.2
-188.6 102.49999999999999 60.300000000000004
-188.6 102.49999999999999 80.4
-188.6 102.49999999999999 100.5
-188.6 102.49999999999999 120.60000000000001
-188.6 106.6 -120.60000000000001
-188.6 106.6 -100.5
-188.6 106.6 -80.4
-188.6 106.6 -60.300000000000004
-188.6 106.6 -40.2
-188.6 106.6 -20.1
-188.6 106.6 0.0
-188.6 106.6 20.1
-188.6 106.6 40.2
-188.6 106.6 60.300000000000004
-188.6 106.6 80.4
-188.6 106.6 100.5
-188.6 106.6 120.60000000000001
-184.49999999999997 -110.69999999999999 -120.60000000000001
-184.49999999999997 -110.69999999999999 -100.5
-184.49999999999997 -110.69999999999999 -80.4
-184.49999999999997 -110.69999999999999 -60.300000000000004
-184.49999999999997 -110.69999999999999 -40.2
-184.49999999999997 -110.69999999999999 -20.1
-184.49999999999997 -110.69999999999999 0.0
-184.49999999999997 -110.69999999999999 20.1
-184.49999999999997 -110.69999999999999 40.2
-184.49999999999997 -110.69999999999999 60.300000000000004
-184.49999999999997 -110.69999999999999 80.4
-184.49999999999997 -110.69999999999999 100.5
-184.49999999999997 -110.69999999999999 120.60000000000001
-184.49999999999997 -106.6 -120.60000000000001
-184.49999999999997 -106.6 -100.5
-184.49999999999997 -106.6 -80.4
-184.49999999999997 -106.6 -60.300000000000004
-184.49999999999997 -106.6 -40.2
-184.49999999999997 -106.6 -20.1
-184.49999999999997 -106.6 0.0
-184.49999999999997 -106.6 20.1
-184.49999999999997 -106.6 40.2
-184.49999999999997 -106.6 60.300000000000004
-184.49999999999997 -106.6 80.4
-184.49999999999997 -106.6 100.5
-184.49999999999997 -106.6 120.60000000000001
-184.49999999999997 -102.49999999999999 -120.60000000000001
-184.49999999999997 -102.49999999999999 -100.5
-184.49999999999997 -102.49999999999999 -80.4
-184.49999999999997 -102.49999999999999 -60.300000000000004
-184.49999999999997 -102.49999999999999 -40.2
-184.49999999999997 -102.49999999999999 -20.1
-184.49999999999997 -102.49999999999999 0.0
-184.49999999999997 -102.49999999999999 20.1
-184.49999999999997 -102.49999999999999 40.2
-184.49999999999997 -102.49999999999999 60.300000000000004
-184.49999999999997 -102.49999999999999 80.4
-184.49999999999997 -102.49999999999999 100.5
-184.49999999999997 -102.49999999999999 120.60000000000001
-184.49999999999997 -98.39999999999999 -120.60000000000001
-184.49999999999997 -98.39999999999999 -100.5
-184.49999999999997 -98.39999999999999 -80.4
-184.49999999999997 -98.39999999999999 -60.300000000000004
-184.49999999999997 -98.39999999999999 -40.2
-184.49999999999997 -98.39999999999999 -20.1
-184.49999999999997 -98.39999999999999 0.0
-184.49999999999997 -98.39999999999999 20.1
-184.49999999999997 -98.39999999999999 40.2
-184.49999999999997 -98.39999999999999 60.300000000000004
-184.49999999999997 -98.39999999999999 80.4
-184.49999999999997 -98.39999999999999 100.5
-184.49999999999997 -98.39999999999999 120.60000000000001
-184.49999999999997 -94.3 -120.60000000000001
-184.49999999999997 -94.3 -100.5
-184.49999999999997 -94.3 -80.4
-184.49999999999997 -94.3 -60.300000000000004
-184.49999999999997 -94.3 -40.2
-184.49999999999997 -94.3 -20.1
-184.49999999999997 -94.3 0.0
-184.49999999999997 -94.3 20.1
-184.49999999999997 -94.3 40.2
-184.49999999999997 -94.3 60.300000000000004
-184.49999999999997 -94.3 80.4
-184.49999999999997 -94.3 100.5
-184.49999999999997 -94.3 120.60000000000001
-184.49999999999997 -90.19999999999999 -120.60000000000001
-184.49999999999997 -90.19999999999999 -100.5
-184.49999999999997 -90.19999999999999 -80.4
-184.49999999999997 -90.19999999999999 -60.300000000000004
-184.49999999999997 -90.19999999999999 -40.2
-184.49999999999997 -90.19999999999999 -20.1
-184.49999999999997 -90.19999999999999 0.0
-184.49999999999997 -90.19999999999999 20.1
-184.49999999999997 -90.19999999999999 40.2
-184.49999999999997 -90.19999999999999 60.300000000000004
-184.49999999999997 -90.19999999999999 80.4
-184.49999999999997 -90.19999999999999 100.5
-184.49999999999997 -90.19999999999999 120.60000000000001
-184.49999999999997 -86.1 -120.60000000000001
-184.49999999999997 -86.1 -100.5
-184.49999999999997 -86.1 -80.4
-184.49999999999997 -86.1 -60.300000000000004
-184.49999999999997 -86.1 -40.2
-184.49999999999997 -86.1 -20.1
-184.49999999999997 -86.1 0.0
-184.49999999999997 -86.1 20.1
-184.49999999999997 -86.1 40.2
-184.49999999999997 -86.1 60.300000000000004
-184.49999999999997 -86.1 80.4
-184.49999999999997 -86.1 100.5
-184.49999999999997 -86.1 120.60000000000001
-184.49999999999997 -82.0 -120.60000000000001
-184.49999999999997 -82.0 -100.5
-184.49999999999997 -82.0 -80.4
-184.49999999999997 -82.0 -60.300000000000004
-184.49999999999997 -82.0 -40.2
-184.49999999999997 -82.0 -20.1
-184.49999999999997 -82.0 0.0
-184.49999999999997 -82.0 20.1
-184.49999999999997 -82.0 40.2
-184.49999999999997 -82.0 60.300000000000004
-184.49999999999997 -82.0 80.4
-184.49999999999997 -82.0 100.5
-184.49999999999997 -82.0 120.60000000000001
-184.49999999999997 -77.89999999999999 -120.60000000000001
-184.49999999999997 -77.89999999999999 -100.5
-184.49999999999997 -77.89999999999999 -80.4
-184.49999999999997 -77.89999999999999 -60.300000000000004
-184.49999999999997 -77.89999999999999 -40.2
-184.49999999999997 -77.89999999999999 -20.1
-184.49999999999997 -77.89999999999999 0.0
-184.49999999999997 -77.89999999999999 20.1
-184.49999999999997 -77.89999999999999 40.2
-184.49999999999997 -77.89999999999999 60.300000000000004
-184.49999999999997 -77.89999999999999 80.4
-184.49999999999997 -77.89999999999999 100.5
-184.49999999999997 -77.89999999999999 120.60000000000001
-184.49999999999997 -73.8 -120.60000000000001
-184.49999999999997 -73.8 -100.5
-184.49999999999997 -73.8 -80.4
-184.49999999999997 -73.8 -60.300000000000004
-184.49999999999997 -73.8 -40.2
-184.49999999999997 -73.8 -20.1
-184.49999999999997 -73.8 0.0
-184.49999999999997 -73.8 20.1
-184.49999999999997 -73.8 40.2
-184.49999999999997 -73.8 60.300000000000004
-184.49999999999997 -73.8 80.4
-184.49999999999997 -73.8 100.5
-184.49999999999997 -73.8 120.60000000000001
-184.49999999999997 -69.69999999999999 -120.60000000000001
-184.49999999999997 -69.69999999999999 -100.5
-184.49999999999997 -69.69999999999999 -80.4
-184.49999999999997 -69.69999999999999 -60.300000000000004
-184.49999999999997 -69.69999999999999 -40.2
-184.49999999999997 -69.69999999999999 -20.1
-184.49999999999997 -69.69999999999999 0.0
-184.49999999999997 -69.69999999999999 20.1
-184.49999999999997 -69.69999999999999 40.2
-184.49999999999997 -69.69999999999999 60.300000000000004
-184.49999999999997 -69.69999999999999 80.4
-184.49999999999997 -69.69999999999999 100.5
-184.49999999999997 -69.69999999999999 120.60000000000001
-184.49999999999997 -65.6 -120.60000000000001
-184.49999999999997 -65.6 -100.5
-184.49999999999997 -65.6 -80.4
-184.49999999999997 -65.6 -60.300000000000004
-184.49999999999997 -65.6 -40.2
-184.49999999999997 -65.6 -20.1
-184.49999999999997 -65.6 0.0
-184.49999999999997 -65.6 20.1
-184.49999999999997 -65.6 40.2
-184.49999999999997 -65.6 60.300000000000004
-184.49999999999997 -65.6 80.4
-184.49999999999997 -65.6 100.5
-184.49999999999997 -65.6 120.60000000000001
-184.49999999999997 -61.49999999999999 -120.60000000000001
-184.49999999999997 -61.49999999999999 -100.5
-184.49999999999997 -61.49999999999999 -80.4
-184.49999999999997 -61.49999999999999 -60.300000000000004
-184.49999999999997 -61.49999999999999 -40.2
-184.49999999999997 -61.49999999999999 -20.1
-184.49999999999997 -61.49999999999999 0.0
-184.49999999999997 -61.49999999999999 20.1
-184.49999999999997 -61.49999999999999 40.2
-184.49999999999997 -61.49999999999999 60.300000000000004
-184.49999999999997 -61.49999999999999 80.4
-184.49999999999997 -61.49999999999999 100.5
-184.49999999999997 -61.49999999999999 120.60000000000001
-184.49999999999997 -57.39999999999999 -120.60000000000001
-184.49999999999997 -57.39999999999999 -100.5
-184.49999999999997 -57.39999999999999 -80.4
-184.49999999999997 -57.39999999999999 -60.300000000000004
-184.49999999999997 -57.39999999999999 -40.2
-184.49999999999997 -57.39999999999999 -20.1
-184.49999999999997 -57.39999999999999 0.0
-184.49999999999997 -57.39999999999999 20.1
-184.49999999999997 -57.39999999999999 40.2
-184.49999999999997 -57.39999999999999 60.300000000000004
-184.49999999999997 -57.39999999999999 80.4
-184.49999999999997 -57.39999999999999 100.5
-184.49999999999997 -57.39999999999999 120.60000000000001
-184.49999999999997 -53.3 -120.60000000000001
-184.49999999999997 -53.3 -100.5
-184.49999999999997 -53.3 -80.4
-184.49999999999997 -53.3 -60.300000000000004
-184.49999999999997 -53.3 -40.2
-184.49999999999997 -53.3 -20.1
-184.49999999999997 -53.3 0.0
-184.49999999999997 -53.3 20.1
-184.49999999999997 -53.3 40.2
-184.49999999999997 -53.3 60.300000000000004
-184.49999999999997 -53.3 80.4
-184.49999999999997 -53.3 100.5
-184.49999999999997 -53.3 120.60000000000001
-184.49999999999997 -49.199999999999996 -120.60000000000001
-184.49999999999997 -49.199999999999996 -100.5
-184.49999999999997 -49.199999999999996 -80.4
-184.49999999999997 -49.199999999999996 -60.300000000000004
-184.49999999999997 -49.199999999999996 -40.2
-184.49999999999997 -49.199999999999996 -20.1
-184.49999999999997 -49.199999999999996 0.0
-184.49999999999997 -49.199999999999996 20.1
-184.49999999999997 -49.199999999999996 40.2
-184.49999999999997 -49.199999999999996 60.300000000000004
-184.49999999999997 -49.199999999999996 80.4
-184.49999999999997 -49.199999999999996 100.5
-184.49999999999997 -49.199999999999996 120.60000000000001
-184.49999999999997 -45.099999999999994 -120.60000000000001
-184.49999999999997 -45.099999999999994 -100.5
-184.49999999999997 -45.099999999999994 -80.4
-184.49999999999997 -45.099999999999994 -60.300000000000004
-184.49999999999997 -45.099999999999994 -40.2
-184.49999999999997 -45.099999999999994 -20.1
-184.49999999999997 -45.099999999999994 0.0
-184.49999999999997 -45.099999999999994 20.1
-184.49999999999997 -45.099999999999994 40.2
-184.49999999999997 -45.099999999999994 60.300000000000004
-184.49999999999997 -45.099999999999994 80.4
-184.49999999999997 -45.099999999999994 100.5
-184.49999999999997 -45.099999999999994 120.60000000000001
-184.49999999999997 -41.0 -120.60000000000001
-184.49999999999997 -41.0 -100.5
-184.49999999999997 -41.0 -80.4
-184.49999999999997 -41.0 -60.300000000000004
-184.49999999999997 -41.0 -40.2
-184.49999999999997 -41.0 -20.1
-184.49999999999997 -41.0 0.0
-184.49999999999997 -41.0 20.1
-184.49999999999997 -41.0 40.2
-184.49999999999997 -41.0 60.300000000000004
-184.49999999999997 -41.0 80.4
-184.49999999999997 -41.0 100.5
-184.49999999999997 -41.0 120.60000000000001
-184.49999999999997 41.0 -120.60000000000001
-184.49999999999997 41.0 -100.5
-184.49999999999997 41.0 -80.4
-184.49999999999997 41.0 -60.300000000000004
-184.49999999999997 41.0 -40.2
-184.49999999999997 41.0 -20.1
-184.49999999999997 41.0 0.0
-184.49999999999997 41.0 20.1
-184.49999999999997 41.0 40.2
-184.49999999999997 41.0 60.300000000000004
-184.49999999999997 41.0 80.4
-184.49999999999997 41.0 100.5
-184.49999999999997 41.0 120.60000000000001
-184.49999999999997 45.099999999999994 -120.60000000000001
-184.49999999999997 45.099999999999994 -100.5
-184.49999999999997 45.099999999999994 -80.4
-184.49999999999997 45.099999999999994 -60.300000000000004
-184.49999999999997 45.099999999999994 -40.2
-184.49999999999997 45.099999999999994 -20.1
-184.49999999999997 45.099999999999994 0.0
-184.49999999999997 45.099999999999994 20.1
-184.49999999999997 45.099999999999994 40.2
-184.49999999999997 45.099999999999994 60.300000000000004
-184.49999999999997 45.099999999999994 80.4
-184.49999999999997 45.099999999999994 100.5
-184.49999999999997 45.099999999999994 120.60000000000001
-184.49999999999997 49.199999999999996 -120.60000000000001
-184.49999999999997 49.199999999999996 -100.5
-184.49999999999997 49.199999999999996 -80.4
-184.49999999999997 49.199999999999996 -60.300000000000004
-184.49999999999997 49.199999999999996 -40.2
-184.49999999999997 49.199999999999996 -20.1
-184.49999999999997 49.199999999999996 0.0
-184.49999999999997 49.199999999999996 20.1
-184.49999999999997 49.199999999999996 40.2
-184.49999999999997 49.199999999999996 60.300000000000004
-184.49999999999997 49.199999999999996 80.4
-184.49999999999997 49.199999999999996 100.5
-184.49999999999997 49.199999999999996 120.60000000000001
-184.49999999999997 53.3 -120.60000000000001
-184.49999999999997 53.3 -100.5
-184.49999999999997 53.3 -80.4
-184.49999999999997 53.3 -60.300000000000004
-184.49999999999997 53.3 -40.2
-184.49999999999997 53.3 -20.1
-184.49999999999997 53.3 0.0
-184.49999999999997 53.3 20.1
-184.49999999999997 53.3 40.2
-184.49999999999997 53.3 60.300000000000004
-184.49999999999997 53.3 80.4
-184.49999999999997 53.3 100.5
-184.49999999999997 53.3 120.60000000000001
-184.49999999999997 57.39999999999999 -120.60000000000001
-184.49999999999997 57.39999999999999 -100.5
-184.49999999999997 57.39999999999999 -80.4
-184.49999999999997 57.39999999999999 -60.300000000000004
-184.49999999999997 57.39999999999999 -40.2
-184.49999999999997 57.39999999999999 -20.1
-184.49999999999997 57.39999999999999 0.0
-184.49999999999997 57.39999999999999 20.1
-184.49999999999997 57.39999999999999 40.2
-184.49999999999997 57.39999999999999 60.300000000000004
-184.49999999999997 57.39999999999999 80.4
-184.49999999999997 57.39999999999999 100.5
-184.49999999999997 57.39999999999999 120.60000000000001
-184.49999999999997 61.49999999999999 -120.60000000000001
-184.49999999999997 61.49999999999999 -100.5
-184.49999999999997 61.49999999999999 -80.4
-184.49999999999997 61.49999999999999 -60.300000000000004
-184.49999999999997 61.49999999999999 -40.2
-184.49999999999997 61.49999999999999 -20.1
-184.49999999999997 61.49999999999999 0.0
-184.49999999999997 61.49999999999999 20.1
-184.49999999999997 61.49999999999999 40.2
-184.49999999999997 61.49999999999999 60.300000000000004
-184.49999999999997 61.49999999999999 80.4
-184.49999999999997 61.49999999999999 100.5
-184.49999999999997 61.49999999999999 120.60000000000001
-184.49999999999997 65.6 -120.60000000000001
-184.49999999999997 65.6 -100.5
-184.49999999999997 65.6 -80.4
-184.49999999999997 65.6 -60.300000000000004
-184.49999999999997 65.6 -40.2
-184.49999999999997 65.6 -20.1
-184.49999999999997 65.6 0.0
-184.49999999999997 65.6 20.1
-184.49999999999997 65.6 40.2
-184.49999999999997 65.6 60.300000000000004
-184.49999999999997 65.6 80.4
-184.49999999999997 65.6 100.5
-184.49999999999997 65.6 120.60000000000001
-184.49999999999997 69.69999999999999 -120.60000000000001
-184.49999999999997 69.69999999999999 -100.5
-184.49999999999997 69.69999999999999 -80.4
-184.49999999999997 69.69999999999999 -60.300000000000004
-184.49999999999997 69.69999999999999 -40.2
-184.49999999999997 69.69999999999999 -20.1
-184.49999999999997 69.69999999999999 0.0
-184.49999999999997 69.69999999999999 20.1
-184.49999999999997 69.69999999999999 40.2
-184.49999999999997 69.69999999999999 60.300000000000004
-184.49999999999997 69.69999999999999 80.4
-184.49999999999997 69.69999999999999 100.5
-184.49999999999997 69.69999999999999 120.60000000000001
-184.49999999999997 73.8 -120.60000000000001
-184.49999999999997 73.8 -100.5
-184.49999999999997 73.8 -80.4
-184.49999999999997 73.8 -60.300000000000004
-184.49999999999997 73.8 -40.2
-184.49999999999997 73.8 -20.1
-184.49999999999997 73.8 0.0
-184.49999999999997 73.8 20.1
-184.49999999999997 73.8 40.2
-184.49999999999997 73.8 60.300000000000004
-184.49999999999997 73.8 80.4
-184.49999999999997 73.8 100.5
-184.49999999999997 73.8 120.60000000000001
-184.49999999999997 77.89999999999999 -120.60000000000001
-184.49999999999997 77.89999999999999 -100.5
-184.49999999999997 77.89999999999999 -80.4
-184.49999999999997 77.89999999999999 -60.300000000000004
-184.49999999999997 77.89999999999999 -40.2
-184.49999999999997 77.89999999999999 -20.1
-184.49999999999997 77.89999999999999 0.0
-184.49999999999997 77.89999999999999 20.1
-184.49999999999997 77.89999999999999 40.2
-184.49999999999997 77.89999999999999 60.300000000000004
-184.49999999999997 77.89999999999999 80.4
-184.49999999999997 77.89999999999999 100.5
-184.49999999999997 77.89999999999999 120.60000000000001
-184.49999999999997 82.0 -120.60000000000001
-184.49999999999997 82.0 -100.5
-184.49999999999997 82.0 -80.4
-184.49999999999997 82.0 -60.300000000000004
-184.49999999999997 82.0 -40.2
-184.49999999999997 82.0 -20.1
-184.49999999999997 82.0 0.0
-184.49999999999997 82.0 20.1
-184.49999999999997 82.0 40.2
-184.49999999999997 82.0 60.300000000000004
-184.49999999999997 82.0 80.4
-184.49999999999997 82.0 100.5
-184.49999999999997 82.0 120.60000000000001
-184.49999999999997 86.1 -120.60000000000001
-184.49999999999997 86.1 -100.5
-184.49999999999997 86.1 -80.4
-184.49999999999997 86.1 -60.300000000000004
-184.49999999999997 86.1 -40.2
-184.49999999999997 86.1 -20.1
-184.49999999999997 86.1 0.0
-184.49999999999997 86.1 20.1
-184.49999999999997 86.1 40.2
-184.49999999999997 86.1 60.300000000000004
-184.49999999999997 86.1 80.4
-184.49999999999997 86.1 100.5
-184.49999999999997 86.1 120.60000000000001
-184.49999999999997 90.19999999999999 -120.60000000000001
-184.49999999999997 90.19999999999999 -100.5
-184.49999999999997 90.19999999999999 -80.4
-184.49999999999997 90.19999999999999 -60.300000000000004
-184.49999999999997 90.19999999999999 -40.2
-184.49999999999997 90.19999999999999 -20.1
-184.49999999999997 90.19999999999999 0.0
-184.49999999999997 90.19999999999999 20.1
-184.49999999999997 90.19999999999999 40.2
-184.49999999999997 90.19999999999999 60.300000000000004
-184.49999999999997 90.19999999999999 80.4
-184.49999999999997 90.19999999999999 100.5
-184.49999999999997 90.19999999999999 120.60000000000001
-184.49999999999997 94.3 -120.60000000000001
-184.49999999999997 94.3 -100.5
-184.49999999999997 94.3 -80.4
-184.49999999999997 94.3 -60.300000000000004
-184.49999999999997 94.3 -40.2
-184.49999999999997 94.3 -20.1
-184.49999999999997 94.3 0.0
-184.49999999999997 94.3 20.1
-184.49999999999997 94.3 40.2
-184.49999999999997 94.3 60.300000000000004
-184.49999999999997 94.3 80.4
-184.49999999999997 94.3 100.5
-184.49999999999997 94.3 120.60000000000001
-184.49999999999997 98.39999999999999 -120.60000000000001
-184.49999999999997 98.39999999999999 -100.5
-184.49999999999997 98.39999999999999 -80.4
-184.49999999999997 98.39999999999999 -60.300000000000004
-184.49999999999997 98.39999999999999 -40.2
-184.49999999999997 98.39999999999999 -20.1
-184.49999999999997 98.39999999999999 0.0
-184.49999999999997 98.39999999999999 20.1
-184.49999999999997 98.39999999999999 40.2
-184.49999999999997 98.39999999999999 60.300000000000004
-184.49999999999997 98.39999999999999 80.4
-184.49999999999997 98.39999999999999 100.5
-184.49999999999997 98.39999999999999 120.60000000000001
-184.49999999999997 102.49999999999999 -120.60000000000001
-184.49999999999997 102.49999999999999 -100.5
-184.49999999999997 102.49999999999999 -80.4
-184.49999999999997 102.49999999999999 -60.300000000000004
-184.49999999999997 102.49999999999999 -40.2
-184.49999999999997 102.49999999999999 -20.1
-184.49999999999997 102.49999999999999 0.0
-184.49999999999997 102.49999999999999 20.1
-184.49999999999997 102.49999999999999 40.2
-184.49999999999997 102.49999999999999 60.300000000000004
-184.49999999999997 102.49999999999999 80.4
-184.49999999999997 102.49999999999999 100.5
-184.49999999999997 102.49999999999999 120.60000000000001
-184.49999999999997 106.6 -120.60000000000001
-184.49999999999997 106.6 -100.5
-184.49999999999997 106.6 -80.4
-184.49999999999997 106.6 -60.300000000000004
-184.49999999999997 106.6 -40.2
-184.49999999999997 106.6 -20.1
-184.49999999999997 106.6 0.0
-184.49999999999997 106.6 20.1
-184.49999999999997 106.6 40.2
-184.49999999999997 106.6 60.300000000000004
-184.49999999999997 106.6 80.4
-184.49999999999997 106.6 100.5
-184.49999999999997 106.6 120.60000000000001
-184.49999999999997 110.69999999999999 -120.60000000000001
-184.49999999999997 110.69999999999999 -100.5
-184.49999999999997 110.69999999999999 -80.4
-184.49999999999997 110.69999999999999 -60.300000000000004
-184.49999999999997 110.69999999999999 -40.2
-184.49999999999997 110.69999999999999 -20.1
-184.49999999999997 110.69999999999999 0.0
-184.49999999999997 110.69999999999999 20.1
-184.49999999999997 110.69999999999999 40.2
-184.49999999999997 110.69999999999999 60.300000000000004
-184.49999999999997 110.69999999999999 80.4
-184.49999999999997 110.69999999999999 100.5
-184.49999999999997 110.69999999999999 120.60000000000001
-180.39999999999998 -118.89999999999999 -120.60000000000001
-180.39999999999998 -118.89999999999999 -100.5
-180.39999999999998 -118.89999999999999 -80.4
-180.39999999999998 -118.89999999999999 -60.300000000000004
-180.39999999999998 -118.89999999999999 -40.2
-180.39999999999998 -118.89999999999999 -20.1
-180.39999999999998 -118.89999999999999 0.0
-180.39999999999998 -118.89999999999999 20.1
-180.39999999999998 -118.89999999999999 40.2
-180.39999999999998 -118.89999999999999 60.300000000000004
-180.39999999999998 -118.89999999999999 80.4
-180.39999999999998 -118.89999999999999 100.5
-180.39999999999998 -118.89999999999999 120.60000000000001
-180.39999999999998 -114.79999999999998 -120.60000000000001
-180.39999999999998 -114.79999999999998 -100.5
-180.39999999999998 -114.79999999999998 -80.4
-180.39999999999998 -114.79999999999998 -60.300000000000004
-180.39999999999998 -114.79999999999998 -40.2
-180.39999999999998 -114.79999999999998 -20.1
-180.39999999999998 -114.79999999999998 0.0
-180.39999999999998 -114.79999999999998 20.1
-180.39999999999998 -114.79999999999998 40.2
-180.39999999999998 -114.79999999999998 60.300000000000004
-180.39999999999998 -114.79999999999998 80.4
-180.39999999999998 -114.79999999999998 100.5
-180.39999999999998 -114.79999999999998 120.60000000000001
-180.39999999999998 -110.69999999999999 -120.60000000000001
-180.39999999999998 -110.69999999999999 -100.5
-180.39999999999998 -110.69999999999999 -80.4
-180.39999999999998 -110.69999999999999 -60.300000000000004
-180.39999999999998 -110.69999999999999 -40.2
-180.39999999999998 -110.69999999999999 -20.1
-180.39999999999998 -110.69999999999999 0.0
-180.39999999999998 -110.69999999999999 20.1
-180.39999999999998 -110.69999999999999 40.2
-180.39999999999998 -110.69999999999999 60.300000000000004
-180.39999999999998 -110.69999999999999 80.4
-180.39999999999998 -110.69999999999999 100.5
-180.39999999999998 -110.69999999999999 120.60000000000001
-180.39999999999998 -106.6 -120.60000000000001
-180.39999999999998 -106.6 -100.5
-180.39999999999998 -106.6 -80.4
-180.39999999999998 -106.6 -60.300000000000004
-180.39999999999998 -106.6 -40.2
-180.39999999999998 -106.6 -20.1
-180.39999999999998 -106.6 0.0
-180.39999999999998 -106.6 20.1
-180.39999999999998 -106.6 40.2
-180.39999999999998 -106.6 60.300000000000004
-180.39999999999998 -106.6 80.4
-180.39999999999998 -106.6 100.5
-180.39999999999998 -106.6 120.60000000000001
-180.39999999999998 -102.49999999999999 -120.60000000000001
-180.39999999999998 -102.49999999999999 -100.5
-180.39999999999998 -102.49999999999999 -80.4
-180.39999999999998 -102.49999999999999 -60.300000000000004
-180.39999999999998 -102.49999999999999 -40.2
-180.39999999999998 -102.49999999999999 -20.1
-180.39999999999998 -102.49999999999999 0.0
-180.39999999999998 -102.49999999999999 20.1
-180.39999999999998 -102.49999999999999 40.2
-180.39999999999998 -102.49999999999999 60.300000000000004
-180.39999999999998 -102.49999999999999 80.4
-180.39999999999998 -102.49999999999999 100.5
-180.39999999999998 -102.49999999999999 120.60000000000001
-180.39999999999998 -98.39999999999999 -120.60000000000001
-180.39999999999998 -98.39999999999999 -100.5
-180.39999999999998 -98.39999999999999 -80.4
-180.39999999999998 -98.39999999999999 -60.300000000000004
-180.39999999999998 -98.39999999999999 -40.2
-180.39999999999998 -98.39999999999999 -20.1
-180.39999999999998 -98.39999999999999 0.0
-180.39999999999998 -98.39999999999999 20.1
-180.39999999999998 -98.39999999999999 40.2
-180.39999999999998 -98.39999999999999 60.300000000000004
-180.39999999999998 -98.39999999999999 80.4
-180.39999999999998 -98.39999999999999 100.5
-180.39999999999998 -98.39999999999999 120.60000000000001
-180.39999999999998 -94.3 -120.60000000000001
-180.39999999999998 -94.3 -100.5
-180.39999999999998 -94.3 -80.4
-180.39999999999998 -94.3 -60.300000000000004
-180.39999999999998 -94.3 -40.2
-180.39999999999998 -94.3 -20.1
-180.39999999999998 -94.3 0.0
-180.39999999999998 -94.3 20.1
-180.39999999999998 -94.3 40.2
-180.39999999999998 -94.3 60.300000000000004
-180.39999999999998 -94.3 80.4
-180.39999999999998 -94.3 100.5
-180.39999999999998 -94.3 120.60000000000001
-180.39999999999998 -90.19999999999999 -120.60000000000001
-180.39999999999998 -90.19999999999999 -100.5
-180.39999999999998 -90.19999999999999 -80.4
-180.39999999999998 -90.19999999999999 -60.300000000000004
-180.39999999999998 -90.19999999999999 -40.2
-180.39999999999998 -90.19999999999999 -20.1
-180.39999999999998 -90.19999999999999 0.0
-180.39999999999998 -90.19999999999999 20.1
-180.39999999999998 -90.19999999999999 40.2
-180.39999999999998 -90.19999999999999 60.300000000000004
-180.39999999999998 -90.19999999999999 80.4
-180.39999999999998 -90.19999999999999 100.5
-180.39999999999998 -90.19999999999999 120.60000000000001
-180.39999999999998 -86.1 -120.60000000000001
-180.39999999999998 -86.1 -100.5
-180.39999999999998 -86.1 -80.4
-180.39999999999998 -86.1 -60.300000000000004
-180.39999999999998 -86.1 -40.2
-180.39999999999998 -86.1 -20.1
-180.39999999999998 -86.1 0.0
-180.39999999999998 -86.1 20.1
-180.39999999999998 -86.1 40.2
-180.39999999999998 -86.1 60.300000000000004
-180.39999999999998 -86.1 80.4
-180.39999999999998 -86.1 100.5
-180.39999999999998 -86.1 120.60000000000001
-180.39999999999998 -82.0 -120.60000000000001
-180.39999999999998 -82.0 -100.5
-180.39999999999998 -82.0 -80.4
-180.39999999999998 -82.0 -60.300000000000004
-180.39999999999998 -82.0 -40.2
-180.39999999999998 -82.0 -20.1
-180.39999999999998 -82.0 0.0
-180.39999999999998 -82.0 20.1
-180.39999999999998 -82.0 40.2
-180.39999999999998 -82.0 60.300000000000004
-180.39999999999998 -82.0 80.4
-180.39999999999998 -82.0 100.5
-180.39999999999998 -82.0 120.60000000000001
-180.39999999999998 -77.89999999999999 -120.60000000000001
-180.39999999999998 -77.89999999999999 -100.5
-180.39999999999998 -77.89999999999999 -80.4
-180.39999999999998 -77.89999999999999 -60.300000000000004
-180.39999999999998 -77.89999999999999 -40.2
-180.39999999999998 -77.89999999999999 -20.1
-180.39999999999998 -77.89999999999999 0.0
-180.39999999999998 -77.89999999999999 20.1
-180.39999999999998 -77.89999999999999 40.2
-180.39999999999998 -77.89999999999999 60.300000000000004
-180.39999999999998 -77.89999999999999 80.4
-180.39999999999998 -77.89999999999999 100.5
-180.39999999999998 -77.89999999999999 120.60000000000001
-180.39999999999998 -73.8 -120.60000000000001
-180.39999999999998 -73.8 -100.5
-180.39999999999998 -73.8 -80.4
-180.39999999999998 -73.8 -60.300000000000004
-180.39999999999998 -73.8 -40.2
-180.39999999999998 -73.8 -20.1
-180.39999999999998 -73.8 0.0
-180.39999999999998 -73.8 20.1
-180.39999999999998 -73.8 40.2
-180.39999999999998 -73.8 60.300000000000004
-180.39999999999998 -73.8 80.4
-180.39999999999998 -73.8 100.5
-180.39999999999998 -73.8 120.60000000000001
-180.39999999999998 -69.69999999999999 -120.60000000000001
-180.39999999999998 -69.69999999999999 -100.5
-180.39999999999998 -69.69999999999999 -80.4
-180.39999999999998 -69.69999999999999 -60.300000000000004
-180.39999999999998 -69.69999999999999 -40.2
-180.39999999999998 -69.69999999999999 -20.1
-180.39999999999998 -69.69999999999999 0.0
-180.39999999999998 -69.69999999999999 20.1
-180.39999999999998 -69.69999999999999 40.2
-180.39999999999998 -69.69999999999999 60.300000000000004
-180.39999999999998 -69.69999999999999 80.4
-180.39999999999998 -69.69999999999999 100.5
-180.39999999999998 -69.69999999999999 120.60000000000001
-180.39999999999998 -65.6 -120.60000000000001
-180.39999999999998 -65.6 -100.5
-180.39999999999998 -65.6 -80.4
-180.39999999999998 -65.6 -60.300000000000004
-180.39999999999998 -65.6 -40.2
-180.39999999999998 -65.6 -20.1
-180.39999999999998 -65.6 0.0
-180.39999999999998 -65.6 20.1
-180.39999999999998 -65.6 40.2
-180.39999999999998 -65.6 60.300000000000004
-180.39999999999998 -65.6 80.4
-180.39999999999998 -65.6 100.5
-180.39999999999998 -65.6 120.60000000000001
-180.39999999999998 -61.49999999999999 -120.60000000000001
-180.39999999999998 -61.49999999999999 -100.5
-180.39999999999998 -61.49999999999999 -80.4
-180.39999999999998 -61.49999999999999 -60.300000000000004
-180.39999999999998 -61.49999999999999 -40.2
-180.39999999999998 -61.49999999999999 -20.1
-180.39999999999998 -61.49999999999999 0.0
-180.39999999999998 -61.49999999999999 20.1
-180.39999999999998 -61.49999999999999 40.2
-180.39999999999998 -61.49999999999999 60.300000000000004
-180.39999999999998 -61.49999999999999 80.4
-180.39999999999998 -61.49999999999999 100.5
-180.39999999999998 -61.49999999999999 120.60000000000001
-180.39999999999998 -57.39999999999999 -120.60000000000001
-180.39999999999998 -57.39999999999999 -100.5
-180.39999999999998 -57.39999999999999 -80.4
-180.39999999999998 -57.39999999999999 -60.300000000000004
-180.39999999999998 -57.39999999999999 -40.2
-180.39999999999998 -57.39999999999999 -20.1
-180.39999999999998 -57.39999999999999 0.0
-180.39999999999998 -57.39999999999999 20.1
-180.39999999999998 -57.39999999999999 40.2
-180.39999999999998 -57.39999999999999 60.300000000000004
-180.39999999999998 -57.39999999999999 80.4
-180.39999999999998 -57.39999999999999 100.5
-180.39999999999998 -57.39999999999999 120.60000000000001
-180.39999999999998 57.39999999999999 -120.60000000000001
-180.39999999999998 57.39999999999999 -100.5
-180.39999999999998 57.39999999999999 -80.4
-180.39999999999998 57.39999999999999 -60.300000000000004
-180.39999999999998 57.39999999999999 -40.2
-180.39999999999998 57.39999999999999 -20.1
-180.39999999999998 57.39999999999999 0.0
-180.39999999999998 57.39999999999999 20.1
-180.39999999999998 57.39999999999999 40.2
-180.39999999999998 57.39999999999999 60.300000000000004
-180.39999999999998 57.39999999999999 80.4
-180.39999999999998 57.39999999999999 100.5
-180.39999999999998 57.39999999999999 120.60000000000001
-180.39999999999998 61.49999999999999 -120.60000000000001
-180.39999999999998 61.49999999999999 -100.5
-180.39999999999998 61.49999999999999 -80.4
-180.39999999999998 61.49999999999999 -60.300000000000004
-180.39999999999998 61.49999999999999 -40.2
-180.39999999999998 61.49999999999999 -20.1
-180.39999999999998 61.49999999999999 0.0
-180.39999999999998 61.49999999999999 20.1
-180.39999999999998 61.49999999999999 40.2
-180.39999999999998 61.49999999999999 60.300000000000004
-180.39999999999998 61.49999999999999 80.4
-180.39999999999998 61.49999999999999 100.5
-180.39999999999998 61.49999999999999 120.60000000000001
-180.39999999999998 65.6 -120.60000000000001
-180.39999999999998 65.6 -100.5
-180.39999999999998 65.6 -80.4
-180.39999999999998 65.6 -60.300000000000004
-180.39999999999998 65.6 -40.2
-180.39999999999998 65.6 -20.1
-180.39999999999998 65.6 0.0
-180.39999999999998 65.6 20.1
-180.39999999999998 65.6 40.2
-180.39999999999998 65.6 60.300000000000004
-180.39999999999998 65.6 80.4
-180.39999999999998 65.6 100.5
-180.39999999999998 65.6 120.60000000000001
-180.39999999999998 69.69999999999999 -120.60000000000001
-180.39999999999998 69.69999999999999 -100.5
-180.39999999999998 69.69999999999999 -80.4
-180.39999999999998 69.69999999999999 -60.300000000000004
-180.39999999999998 69.69999999999999 -40.2
-180.39999999999998 69.69999999999999 -20.1
-180.39999999999998 69.69999999999999 0.0
-180.39999999999998 69.69999999999999 20.1
-180.39999999999998 69.69999999999999 40.2
-180.39999999999998 69.69999999999999 60.300000000000004
-180.39999999999998 69.69999999999999 80.4
-180.39999999999998 69.69999999999999 100.5
-180.39999999999998 69.69999999999999 120.60000000000001
-180.39999999999998 73.8 -120.60000000000001
-180.39999999999998 73.8 -100.5
-180.39999999999998 73.8 -80.4
-180.39999999999998 73.8 -60.300000000000004
-180.39999999999998 73.8 -40.2
-180.39999999999998 73.8 -20.1
-180.39999999999998 73.8 0.0
-180.39999999999998 73.8 20.1
-180.39999999999998 73.8 40.2
-180.39999999999998 73.8 60.300000000000004
-180.39999999999998 73.8 80.4
-180.39999999999998 73.8 100.5
-180.39999999999998 73.8 120.60000000000001
-180.39999999999998 77.89999999999999 -120.60000000000001
-180.39999999999998 77.89999999999999 -100.5
-180.39999999999998 77.89999999999999 -80.4
-180.39999999999998 77.89999999999999 -60.300000000000004
-180.39999999999998 77.89999999999999 -40.2
-180.39999999999998 77.89999999999999 -20.1
-180.39999999999998 77.89999999999999 0.0
-180.39999999999998 77.89999999999999 20.1
-180.39999999999998 77.89999999999999 40.2
-180.39999999999998 77.89999999999999 60.300000000000004
-180.39999999999998 77.89999999999999 80.4
-180.39999999999998 77.89999999999999 100.5
-180.39999999999998 77.89999999999999 120.60000000000001
-180.39999999999998 82.0 -120.60000000000001
-180.39999999999998 82.0 -100.5
-180.39999999999998 82.0 -80.4
-180.39999999999998 82.0 -60.300000000000004
-180.39999999999998 82.0 -40.2
-180.39999999999998 82.0 -20.1
-180.39999999999998 82.0 0.0
-180.39999999999998 82.0 20.1
-180.39999999999998 82.0 40.2
-180.39999999999998 82.0 60.300000000000004
-180.39999999999998 82.0 80.4
-180.39999999999998 82.0 100.5
-180.39999999999998 82.0 120.60000000000001
-180.39999999999998 86.1 -120.60000000000001
-180.39999999999998 86.1 -100.5
-180.39999999999998 86.1 -80.4
-180.39999999999998 86.1 -60.300000000000004
-180.39999999999998 86.1 -40.2
-180.39999999999998 86.1 -20.1
-180.39999999999998 86.1 0.0
-180.39999999999998 86.1 20.1
-180.39999999999998 86.1 40.2
-180.39999999999998 86.1 60.300000000000004
-180.39999999999998 86.1 80.4
-180.39999999999998 86.1 100.5
-180.39999999999998 86.1 120.60000000000001
-180.39999999999998 90.19999999999999 -120.60000000000001
-180.39999999999998 90.19999999999999 -100.5
-180.39999999999998 90.19999999999999 -80.4
-180.39999999999998 90.19999999999999 -60.300000000000004
-180.39999999999998 90.19999999999999 -40.2
-180.39999999999998 90.19999999999999 -20.1
-180.39999999999998 90.19999999999999 0.0
-180.39999999999998 90.19999999999999 20.1
-180.39999999999998 90.19999999999999 40.2
-180.39999999999998 90.19999999999999 60.300000000000004
-180.39999999999998 90.19999999999999 80.4
-180.39999999999998 90.19999999999999 100.5
-180.39999999999998 90.19999999999999 120.60000000000001
-180.39999999999998 94.3 -120.60000000000001
-180.39999999999998 94.3 -100.5
-180.39999999999998 94.3 -80.4
-180.39999999999998 94.3 -60.300000000000004
-180.39999999999998 94.3 -40.2
-180.39999999999998 94.3 -20.1
-180.39999999999998 94.3 0.0
-180.39999999999998 94.3 20.1
-180.39999999999998 94.3 40.2
-180.39999999999998 94.3 60.300000000000004
-180.39999999999998 94.3 80.4
-180.39999999999998 94.3 100.5
-180.39999999999998 94.3 120.60000000000001
-180.39999999999998 98.39999999999999 -120.60000000000001
-180.39999999999998 98.39999999999999 -100.5
-180.39999999999998 98.39999999999999 -80.4
-180.39999999999998 98.39999999999999 -60.300000000000004
-180.39999999999998 98.39999999999999 -40.2
-180.39999999999998 98.39999999999999 -20.1
-180.39999999999998 98.39999999999999 0.0
-180.39999999999998 98.39999999999999 20.1
-180.39999999999998 98.39999999999999 40.2
-180.39999999999998 98.39999999999999 60.300000000000004
-180.39999999999998 98.39999999999999 80.4
-180.39999999999998 98.39999999999999 100.5
-180.39999999999998 98.39999999999999 120.60000000000001
-180.39999999999998 102.49999999999999 -120.60000000000001
-180.39999999999998 102.49999999999999 -100.5
-180.39999999999998 102.49999999999999 -80.4
-180.39999999999998 102.49999999999999 -60.300000000000004
-180.39999999999998 102.49999999999999 -40.2
-180.39999999999998 102.49999999999999 -20.1
-180.39999999999998 102.49999999999999 0.0
-180.39999999999998 102.49999999999999 20.1
-180.39999999999998 102.49999999999999 40.2
-180.39999999999998 102.49999999999999 60.300000000000004
-180.39999999999998 102.49999999999999 80.4
-180.39999999999998 102.49999999999999 100.5
-180.39999999999998 102.49999999999999 120.60000000000001
-180.39999999999998 106.6 -120.60000000000001
-180.39999999999998 106.6 -100.5
-180.39999999999998 106.6 -80.4
-180.39999999999998 106.6 -60.300000000000004
-180.39999999999998 106.6 -40.2
-180.39999999999998 106.6 -20.1
-180.39999999999998 106.6 0.0
-180.39999999999998 106.6 20.1
-180.39999999999998 106.6 40.2
-180.39999999999998 106.6 60.300000000000004
-180.39999999999998 106.6 80.4
-180.39999999999998 106.6 100.5
-180.39999999999998 106.6 120.60000000000001
-180.39999999999998 110.69999999999999 -120.60000000000001
-180.39999999999998 110.69999999999999 -100.5
-180.39999999999998 110.69999999999999 -80.4
-180.39999999999998 110.69999999999999 -60.300000000000004
-180.39999999999998 110.69999999999999 -40.2
-180.39999999999998 110.69999999999999 -20.1
-180.39999999999998 110.69999999999999 0.0
-180.39999999999998 110.69999999999999 20.1
-180.39999999999998 110.69999999999999 40.2
-180.39999999999998 110.69999999999999 60.300000000000004
-180.39999999999998 110.69999999999999 80.4
-180.39999999999998 110.69999999999999 100.5
-180.39999999999998 110.69999999999999 120.60000000000001
-180.39999999999998 114.79999999999998 -120.60000000000001
-180.39999999999998 114.79999999999998 -100.5
-180.39999999999998 114.79999999999998 -80.4
-180.39999999999998 114.79999999999998 -60.300000000000004
-180.39999999999998 114.79999999999998 -40.2
-180.39999999999998 114.79999999999998 -20.1
-180.39999999999998 114.79999999999998 0.0
-180.39999999999998 114.79999999999998 20.1
-180.39999999999998 114.79999999999998 40.2
-180.39999999999998 114.79999999999998 60.300000000000004
-180.39999999999998 114.79999999999998 80.4
-180.39999999999998 114.79999999999998 100.5
-180.39999999999998 114.79999999999998 120.60000000000001
-180.39999999999998 118.89999999999999 -120.60000000000001
-180.39999999999998 118.89999999999999 -100.5
-180.39999999999998 118.89999999999999 -80.4
-180.39999999999998 118.89999999999999 -60.300000000000004
-180.39999999999998 118.89999999999999 -40.2
-180.39999999999998 118.89999999999999 -20.1
-180.39999999999998 118.89999999999999 0.0
-180.39999999999998 118.89999999999999 20.1
-180.39999999999998 118.89999999999999 40.2
-180.39999999999998 118.89999999999999 60.300000000000004
-180.39999999999998 118.89999999999999 80.4
-180.39999999999998 118.89999999999999 100.5
-180.39999999999998 118.89999999999999 120.60000000000001
-176.29999999999998 -122.99999999999999 -120.60000000000001
-176.29999999999998 -122.99999999999999 -100.5
-176.29999999999998 -122.99999999999999 -80.4
-176.29999999999998 -122.99999999999999 -60.300000000000004
-176.29999999999998 -122.99999999999999 -40.2
-176.29999999999998 -122.99999999999999 -20.1
-176.29999999999998 -122.99999999999999 0.0
-176.29999999999998 -122.99999999999999 20.1
-176.29999999999998 -122.99999999999999 40.2
-176.29999999999998 -122.99999999999999 60.300000000000004
-176.29999999999998 -122.99999999999999 80.4
-176.29999999999998 -122.99999999999999 100.5
-176.29999999999998 -122.99999999999999 120.60000000000001
-176.29999999999998 -118.89999999999999 -120.60000000000001
-176.29999999999998 -118.89999999999999 -100.5
-176.29999999999998 -118.89999999999999 -80.4
-176.29999999999998 -118.89999999999999 -60.300000000000004
-176.29999999999998 -118.89999999999999 -40.2
-176.29999999999998 -118.89999999999999 -20.1
-176.29999999999998 -118.89999999999999 0.0
-176.29999999999998 -118.89999999999999 20.1
-176.29999999999998 -118.89999999999999 40.2
-176.29999999999998 -118.89999999999999 60.300000000000004
-176.29999999999998 -118.89999999999999 80.4
-176.29999999999998 -118.89999999999999 100.5
-176.29999999999998 -118.89999999999999 120.60000000000001
-176.29999999999998 -114.79999999999998 -120.60000000000001
-176.29999999999998 -114.79999999999998 -100.5
-176.29999999999998 -114.79999999999998 -80.4
-176.29999999999998 -114.79999999999998 -60.300000000000004
-176.29999999999998 -114.79999999999998 -40.2
-176.29999999999998 -114.79999999999998 -20.1
-176.29999999999998 -114.79999999999998 0.0
-176.29999999999998 -114.79999999999998 20.1
-176.29999999999998 -114.79999999999998 40.2
-176.29999999999998 -114.79999999999998 60.300000000000004
-176.29999999999998 -114.79999999999998 80.4
-176.29999999999998 -114.79999999999998 100.5
-176.29999999999998 -114.79999999999998 120.60000000000001
-176.29999999999998 -110.69999999999999 -120.60000000000001
-176.29999999999998 -110.69999999999999 -100.5
-176.29999999999998 -110.69999999999999 -80.4
-176.29999999999998 -110.69999999999999 -60.300000000000004
-176.29999999999998 -110.69999999999999 -40.2
-176.29999999999998 -110.69999999999999 -20.1
-176.29999999999998 -110.69999999999999 0.0
-176.29999999999998 -110.69999999999999 20.1
-176.29999999999998 -110.69999999999999 40.2
-176.29999999999998 -110.69999999999999 60.300000000000004
-176.29999999999998 -110.69999999999999 80.4
-176.29999999999998 -110.69999999999999 100.5
-176.29999999999998 -110.69999999999999 120.60000000000001
-176.29999999999998 -106.6 -120.60000000000001
-176.29999999999998 -106.6 -100.5
-176.29999999999998 -106.6 -80.4
-176.29999999999998 -106.6 -60.300000000000004
-176.29999999999998 -106.6 -40.2
-176.29999999999998 -106.6 -20.1
-176.29999999999998 -106.6 0.0
-176.29999999999998 -106.6 20.1
-176.29999999999998 -106.6 40.2
-176.29999999999998 -106.6 60.300000000000004
-176.29999999999998 -106.6 80.4
-176.29999999999998 -106.6 100.5
-176.29999999999998 -106.6 120.60000000000001
-176.29999999999998 -102.49999999999999 -120.60000000000001
-176.29999999999998 -102.49999999999999 -100.5
-176.29999999999998 -102.49999999999999 -80.4
-176.29999999999998 -102.49999999999999 -60.300000000000004
-176.29999999999998 -102.49999999999999 -40.2
-176.29999999999998 -102.49999999999999 -20.1
-176.29999999999998 -102.49999999999999 0.0
-176.29999999999998 -102.49999999999999 20.1
-176.29999999999998 -102.49999999999999 40.2
-176.29999999999998 -102.49999999999999 60.300000000000004
-176.29999999999998 -102.49999999999999 80.4
-176.29999999999998 -102.49999999999999 100.5
-176.29999999999998 -102.49999999999999 120.60000000000001
-176.29999999999998 -98.39999999999999 -120.60000000000001
-176.29999999999998 -98.39999999999999 -100.5
-176.29999999999998 -98.39999999999999 -80.4
-176.29999999999998 -98.39999999999999 -60.300000000000004
-176.29999999999998 -98.39999999999999 -40.2
-176.29999999999998 -98.39999999999999 -20.1
-176.29999999999998 -98.39999999999999 0.0
-176.29999999999998 -98.39999999999999 20.1
-176.29999999999998 -98.39999999999999 40.2
-176.29999999999998 -98.39999999999999 60.300000000000004
-176.29999999999998 -98.39999999999999 80.4
-176.29999999999998 -98.39999999999999 100.5
-176.29999999999998 -98.39999999999999 120.60000000000001
-176.29999999999998 -94.3 -120.60000000000001
-176.29999999999998 -94.3 -100.5
-176.29999999999998 -94.3 -80.4
-176.29999999999998 -94.3 -60.300000000000004
-176.29999999999998 -94.3 -40.2
-176.29999999999998 -94.3 -20.1
-176.29999999999998 -94.3 0.0
-176.29999999999998 -94.3 20.1
-176.29999999999998 -94.3 40.2
-176.29999999999998 -94.3 60.300000000000004
-176.29999999999998 -94.3 80.4
-176.29999999999998 -94.3 100.5
-176.29999999999998 -94.3 120.60000000000001
-176.29999999999998 -90.19999999999999 -120.60000000000001
-176.29999999999998 -90.19999999999999 -100.5
-176.29999999999998 -90.19999999999999 -80.4
-176.29999999999998 -90.19999999999999 -60.300000000000004
-176.29999999999998 -90.19999999999999 -40.2
-176.29999999999998 -90.19999999999999 -20.1
-176.29999999999998 -90.19999999999999 0.0
-176.29999999999998 -90.19999999999999 20.1
-176.29999999999998 -90.19999999999999 40.2
-176.29999999999998 -90.19999999999999 60.300000000000004
-176.29999999999998 -90.19999999999999 80.4
-176.29999999999998 -90.19999999999999 100.5
-176.29999999999998 -90.19999999999999 120.60000000000001
-176.29999999999998 -86.1 -120.60000000000001
-176.29999999999998 -86.1 -100.5
-176.29999999999998 -86.1 -80.4
-176.29999999999998 -86.1 -60.300000000000004
-176.29999999999998 -86.1 -40.2
-176.29999999999998 -86.1 -20.1
-176.29999999999998 -86.1 0.0
-176.29999999999998 -86.1 20.1
-176.29999999999998 -86.1 40.2
-176.29999999999998 -86.1 60.300000000000004
-176.29999999999998 -86.1 80.4
-176.29999999999998 -86.1 100.5
-176.29999999999998 -86.1 120.60000000000001
-176.29999999999998 -82.0 -120.60000000000001
-176.29999999999998 -82.0 -100.5
-176.29999999999998 -82.0 -80.4
-176.29999999999998 -82.0 -60.300000000000004
-176.29999999999998 -82.0 -40.2
-176.29999999999998 -82.0 -20.1
-176.29999999999998 -82.0 0.0
-176.29999999999998 -82.0 20.1
-176.29999999999998 -82.0 40.2
-176.29999999999998 -82.0 60.300000000000004
-176.29999999999998 -82.0 80.4
-176.29999999999998 -82.0 100.5
-176.29999999999998 -82.0 120.60000000000001
-176.29999999999998 -77.89999999999999 -120.60000000000001
-176.29999999999998 -77.89999999999999 -100.5
-176.29999999999998 -77.89999999999999 -80.4
-176.29999999999998 -77.89999999999999 -60.300000000000004
-176.29999999999998 -77.89999999999999 -40.2
-176.29999999999998 -77.89999999999999 -20.1
-176.29999999999998 -77.89999999999999 0.0
-176.29999999999998 -77.89999999999999 20.1
-176.29999999999998 -77.89999999999999 40.2
-176.29999999999998 -77.89999999999999 60.300000000000004
-176.29999999999998 -77.89999999999999 80.4
-176.29999999999998 -77.89999999999999 100.5
-176.29999999999998 -77.89999999999999 120.60000000000001
-176.29999999999998 -73.8 -120.60000000000001
-176.29999999999998 -73.8 -100.5
-176.29999999999998 -73.8 -80.4
-176.29999999999998 -73.8 -60.300000000000004
-176.29999999999998 -73.8 -40.2
-176.29999999999998 -73.8 -20.1
-176.29999999999998 -73.8 0.0
-176.29999999999998 -73.8 20.1
-176.29999999999998 -73.8 40.2
-176.29999999999998 -73.8 60.300000000000004
-176.29999999999998 -73.8 80.4
-176.29999999999998 -73.8 100.5
-176.29999999999998 -73.8 120.60000000000001
-176.29999999999998 -69.69999999999999 -120.60000000000001
-176.29999999999998 -69.69999999999999 -100.5
-176.29999999999998 -69.69999999999999 -80.4
-176.29999999999998 -69.69999999999999 -60.300000000000004
-176.29999999999998 -69.69999999999999 -40.2
-176.29999999999998 -69.69999999999999 -20.1
-176.29999999999998 -69.69999999999999 0.0
-176.29999999999998 -69.69999999999999 20.1
-176.29999999999998 -69.69999999999999 40.2
-176.29999999999998 -69.69999999999999 60.300000000000004
-176.29999999999998 -69.69999999999999 80.4
-176.29999999999998 -69.69999999999999 100.5
-176.29999999999998 -69.69999999999999 120.60000000000001
-176.29999999999998 69.69999999999999 -120.60000000000001
-176.29999999999998 69.69999999999999 -100.5
-176.29999999999998 69.69999999999999 -80.4
-176.29999999999998 69.69999999999999 -60.300000000000004
-176.29999999999998 69.69999999999999 -40.2
-176.29999999999998 69.69999999999999 -20.1
-176.29999999999998 69.69999999999999 0.0
-176.29999999999998 69.69999999999999 20.1
-176.29999999999998 69.69999999999999 40.2
-176.29999999999998 69.69999999999999 60.300000000000004
-176.29999999999998 69.69999999999999 80.4
-176.29999999999998 69.69999999999999 100.5
-176.29999999999998 69.69999999999999 120.60000000000001
-176.29999999999998 73.8 -120.60000000000001
-176.29999999999998 73.8 -100.5
-176.29999999999998 73.8 -80.4
-176.29999999999998 73.8 -60.300000000000004
-176.29999999999998 73.8 -40.2
-176.29999999999998 73.8 -20.1
-176.29999999999998 73.8 0.0
-176.29999999999998 73.8 20.1
-176.29999999999998 73.8 40.2
-176.29999999999998 73.8 60.300000000000004
-176.29999999999998 73.8 80.4
-176.29999999999998 73.8 100.5
-176.29999999999998 73.8 120.60000000000001
-176.29999999999998 77.89999999999999 -120.60000000000001
-176.29999999999998 77.89999999999999 -100.5
-176.29999999999998 77.89999999999999 -80.4
-176.29999999999998 77.89999999999999 -60.300000000000004
-176.29999999999998 77.89999999999999 -40.2
-176.29999999999998 77.89999999999999 -20.1
-176.29999999999998 77.89999999999999 0.0
-176.29999999999998 77.89999999999999 20.1
-176.29999999999998 77.89999999999999 40.2
-176.29999999999998 77.89999999999999 60.300000000000004
-176.29999999999998 77.89999999999999 80.4
-176.29999999999998 77.89999999999999 100.5
-176.29999999999998 77.89999999999999 120.60000000000001
-176.29999999999998 82.0 -120.60000000000001
-176.29999999999998 82.0 -100.5
-176.29999999999998 82.0 -80.4
-176.29999999999998 82.0 -60.300000000000004
-176.29999999999998 82.0 -40.2
-176.29999999999998 82.0 -20.1
-176.29999999999998 82.0 0.0
-176.29999999999998 82.0 20.1
-176.29999999999998 82.0 40.2
-176.29999999999998 82.0 60.300000000000004
-176.29999999999998 82.0 80.4
-176.29999999999998 82.0 100.5
-176.29999999999998 82.0 120.60000000000001
-176.29999999999998 86.1 -120.60000000000001
-176.29999999999998 86.1 -100.5
-176.29999999999998 86.1 -80.4
-176.29999999999998 86.1 -60.300000000000004
-176.29999999999998 86.1 -40.2
-176.29999999999998 86.1 -20.1
-176.29999999999998 86.1 0.0
-176.29999999999998 86.1 20.1
-176.29999999999998 86.1 40.2
-176.29999999999998 86.1 60.300000000000004
-176.29999999999998 86.1 80.4
-176.29999999999998 86.1 100.5
-176.29999999999998 86.1 120.60000000000001
-176.29999999999998 90.19999999999999 -120.60000000000001
-176.29999999999998 90.19999999999999 -100.5
-176.29999999999998 90.19999999999999 -80.4
-176.29999999999998 90.19999999999999 -60.300000000000004
-176.29999999999998 90.19999999999999 -40.2
-176.29999999999998 90.19999999999999 -20.1
-176.29999999999998 90.19999999999999 0.0
-176.29999999999998 90.19999999999999 20.1
-176.29999999999998 90.19999999999999 40.2
-176.29999999999998 90.19999999999999 60.300000000000004
-176.29999999999998 90.19999999999999 80.4
-176.29999999999998 90.19999999999999 100.5
-176.29999999999998 90.19999999999999 120.60000000000001
-176.29999999999998 94.3 -120.60000000000001
-176.29999999999998 94.3 -100.5
-176.29999999999998 94.3 -80.4
-176.29999999999998 94.3 -60.300000000000004
-176.29999999999998 94.3 -40.2
-176.29999999999998 94.3 -20.1
-176.29999999999998 94.3 0.0
-176.29999999999998 94.3 20.1
-176.29999999999998 94.3 40.2
-176.29999999999998 94.3 60.300000000000004
-176.29999999999998 94.3 80.4
-176.29999999999998 94.3 100.5
-176.29999999999998 94.3 120.60000000000001
-176.29999999999998 98.39999999999999 -120.60000000000001
-176.29999999999998 98.39999999999999 -100.5
-176.29999999999998 98.39999999999999 -80.4
-176.29999999999998 98.39999999999999 -60.300000000000004
-176.29999999999998 98.39999999999999 -40.2
-176.29999999999998 98.39999999999999 -20.1
-176.29999999999998 98.39999999999999 0.0
-176.29999999999998 98.39999999999999 20.1
-176.29999999999998 98.39999999999999 40.2
-176.29999999999998 98.39999999999999 60.300000000000004
-176.29999999999998 98.39999999999999 80.4
-176.29999999999998 98.39999999999999 100.5
-176.29999999999998 98.39999999999999 120.60000000000001
-176.29999999999998 102.49999999999999 -120.60000000000001
-176.29999999999998 102.49999999999999 -100.5
-176.29999999999998 102.49999999999999 -80.4
-176.29999999999998 102.49999999999999 -60.300000000000004
-176.29999999999998 102.49999999999999 -40.2
-176.29999999999998 102.49999999999999 -20.1
-176.29999999999998 102.49999999999999 0.0
-176.29999999999998 102.49999999999999 20.1
-176.29999999999998 102.49999999999999 40.2
-176.29999999999998 102.49999999999999 60.300000000000004
-176.29999999999998 102.49999999999999 80.4
-176.29999999999998 102.49999999999999 100.5
-176.29999999999998 102.49999999999999 120.60000000000001
-176.29999999999998 106.6 -120.60000000000001
-176.29999999999998 106.6 -100.5
-176.29999999999998 106.6 -80.4
-176.29999999999998 106.6 -60.300000000000004
-176.29999999999998 106.6 -40.2
-176.29999999999998 106.6 -20.1
-176.29999999999998 106.6 0.0
-176.29999999999998 106.6 20.1
-176.29999999999998 106.6 40.2
-176.29999999999998 106.6 60.300000000000004
-176.29999999999998 106.6 80.4
-176.29999999999998 106.6 100.5
-176.29999999999998 106.6 120.60000000000001
-176.29999999999998 110.69999999999999 -120.60000000000001
-176.29999999999998 110.69999999999999 -100.5
-176.29999999999998 110.69999999999999 -80.4
-176.29999999999998 110.69999999999999 -60.300000000000004
-176.29999999999998 110.69999999999999 -40.2
-176.29999999999998 110.69999999999999 -20.1
-176.29999999999998 110.69999999999999 0.0
-176.29999999999998 110.69999999999999 20.1
-176.29999999999998 110.69999999999999 40.2
-176.29999999999998 110.69999999999999 60.300000000000004
-176.29999999999998 110.69999999999999 80.4
-176.29999999999998 110.69999999999999 100.5
-176.29999999999998 110.69999999999999 120.60000000000001
-176.29999999999998 114.79999999999998 -120.60000000000001
-176.29999999999998 114.79999999999998 -100.5
-176.29999999999998 114.79999999999998 -80.4
-176.29999999999998 114.79999999999998 -60.300000000000004
-176.29999999999998 114.79999999999998 -40.2
-176.29999999999998 114.79999999999998 -20.1
-176.29999999999998 114.79999999999998 0.0
-176.29999999999998 114.79999999999998 20.1
-176.29999999999998 114.79999999999998 40.2
-176.29999999999998 114.79999999999998 60.300000000000004
-176.29999999999998 114.79999999999998 80.4
-176.29999999999998 114.79999999999998 100.5
-176.29999999999998 114.79999999999998 120.60000000000001
-176.29999999999998 118.89999999999999 -120.60000000000001
-176.29999999999998 118.89999999999999 -100.5
-176.29999999999998 118.89999999999999 -80.4
-176.29999999999998 118.89999999999999 -60.300000000000004
-176.29999999999998 118.89999999999999 -40.2
-176.29999999999998 118.89999999999999 -20.1
-176.29999999999998 118.89999999999999 0.0
-176.29999999999998 118.89999999999999 20.1
-176.29999999999998 118.89999999999999 40.2
-176.29999999999998 118.89999999999999 60.300000000000004
-176.29999999999998 118.89999999999999 80.4
-176.29999999999998 118.89999999999999 100.5
-176.29999999999998 118.89999999999999 120.60000000000001
-176.29999999999998 122.99999999999999 -120.60000000000001
-176.29999999999998 122.99999999999999 -100.5
-176.29999999999998 122.99999999999999 -80.4
-176.29999999999998 122.99999999999999 -60.300000000000004
-176.29999999999998 122.99999999999999 -40.2
-176.29999999999998 122.99999999999999 -20.1
-176.29999999999998 122.99999999999999 0.0
-176.29999999999998 122.99999999999999 20.1
-176.29999999999998 122.99999999999999 40.2
-176.29999999999998 122.99999999999999 60.300000000000004
-176.29999999999998 122.99999999999999 80.4
-176.29999999999998 122.99999999999999 100.5
-176.29999999999998 122.99999999999999 120.60000000000001
-172.2 -131.2 -120.60000000000001
-172.2 -131.2 -100.5
-172.2 -131.2 -80.4
-172.2 -131.2 -60.300000000000004
-172.2 -131.2 -40.2
-172.2 -131.2 -20.1
-172.2 -131.2 0.0
-172.2 -131.2 20.1
-172.2 -131.2 40.2
-172.2 -131.2 60.300000000000004
-172.2 -131.2 80.4
-172.2 -131.2 100.5
-172.2 -131.2 120.60000000000001
-172.2 -127.1 -120.60000000000001
-172.2 -127.1 -100.5
-172.2 -127.1 -80.4
-172.2 -127.1 -60.300000000000004
-172.2 -127.1 -40.2
-172.2 -127.1 -20.1
-172.2 -127.1 0.0
-172.2 -127.1 20.1
-172.2 -127.1 40.2
-172.2 -127.1 60.300000000000004
-172.2 -127.1 80.4
-172.2 -127.1 100.5
-172.2 -127.1 120.60000000000001
-172.2 -122.99999999999999 -120.60000000000001
-172.2 -122.99999999999999 -100.5
-172.2 -122.99999999999999 -80.4
-172.2 -122.99999999999999 -60.300000000000004
-172.2 -122.99999999999999 -40.2
-172.2 -122.99999999999999 -20.1
-172.2 -122.99999999999999 0.0
-172.2 -122.99999999999999 20.1
-172.2 -122.99999999999999 40.2
-172.2 -122.99999999999999 60.300000000000004
-172.2 -122.99999999999999 80.4
-172.2 -122.99999999999999 100.5
-172.2 -122.99999999999999 120.60000000000001
-172.2 -118.89999999999999 -120.60000000000001
-172.2 -118.89999999999999 -100.5
-172.2 -118.89999999999999 -80.4
-172.2 -118.89999999999999 -60.300000000000004
-172.2 -118.89999999999999 -40.2
-172.2 -118.89999999999999 -20.1
-172.2 -118.89999999999999 0.0
-172.2 -118.89999999999999 20.1
-172.2 -118.89999999999999 40.2
-172.2 -118.89999999999999 60.300000000000004
-172.2 -118.89999999999999 80.4
-172.2 -118.89999999999999 100.5
-172.2 -118.89999999999999 120.60000000000001
-172.2 -114.79999999999998 -120.60000000000001
-172.2 -114.79999999999998 -100.5
-172.2 -114.79999999999998 -80.4
-172.2 -114.79999999999998 -60.300000000000004
-172.2 -114.79999999999998 -40.2
-172.2 -114.79999999999998 -20.1
-172.2 -114.79999999999998 0.0
-172.2 -114.79999999999998 20.1
-172.2 -114.79999999999998 40.2
-172.2 -114.79999999999998 60.300000000000004
-172.2 -114.79999999999998 80.4
-172.2 -114.79999999999998 100.5
-172.2 -114.79999999999998 120.60000000000001
-172.2 -110.69999999999999 -120.60000000000001
-172.2 -110.69999999999999 -100.5
-172.2 -110.69999999999999 -80.4
-172.2 -110.69999999999999 -60.300000000000004
-172.2 -110.69999999999999 -40.2
-172.2 -110.69999999999999 -20.1
-172.2 -110.69999999999999 0.0
-172.2 -110.69999999999999 20.1
-172.2 -110.69999999999999 40.2
-172.2 -110.69999999999999 60.300000000000004
-172.2 -110.69999999999999 80.4
-172.2 -110.69999999999999 100.5
-172.2 -110.69999999999999 120.60000000000001
-172.2 -106.6 -120.60000000000001
-172.2 -106.6 -100.5
-172.2 -106.6 -80.4
-172.2 -106.6 -60.300000000000004
-172.2 -106.6 -40.2
-172.2 -106.6 -20.1
-172.2 -106.6 0.0
-172.2 -106.6 20.1
-172.2 -106.6 40.2
-172.2 -106.6 60.300000000000004
-172.2 -106.6 80.4
-172.2 -106.6 100.5
-172.2 -106.6 120.60000000000001
-172.2 -102.49999999999999 -120.60000000000001
-172.2 -102.49999999999999 -100.5
-172.2 -102.49999999999999 -80.4
-172.2 -102.49999999999999 -60.300000000000004
-172.2 -102.49999999999999 -40.2
-172.2 -102.49999999999999 -20.1
-172.2 -102.49999999999999 0.0
-172.2 -102.49999999999999 20.1
-172.2 -102.49999999999999 40.2
-172.2 -102.49999999999999 60.300000000000004
-172.2 -102.49999999999999 80.4
-172.2 -102.49999999999999 100.5
-172.2 -102.49999999999999 120.60000000000001
-172.2 -98.39999999999999 -120.60000000000001
-172.2 -98.39999999999999 -100.5
-172.2 -98.39999999999999 -80.4
-172.2 -98.39999999999999 -60.300000000000004
-172.2 -98.39999999999999 -40.2
-172.2 -98.39999999999999 -20.1
-172.2 -98.39999999999999 0.0
-172.2 -98.39999999999999 20.1
-172.2 -98.39999999999999 40.2
-172.2 -98.39999999999999 60.300000000000004
-172.2 -98.39999999999999 80.4
-172.2 -98.39999999999999 100.5
-172.2 -98.39999999999999 120.60000000000001
-172.2 -94.3 -120.60000000000001
-172.2 -94.3 -100.5
-172.2 -94.3 -80.4
-172.2 -94.3 -60.300000000000004
-172.2 -94.3 -40.2
-172.2 -94.3 -20.1
-172.2 -94.3 0.0
-172.2 -94.3 20.1
-172.2 -94.3 40.2
-172.2 -94.3 60.300000000000004
-172.2 -94.3 80.4
-172.2 -94.3 100.5
-172.2 -94.3 120.60000000000001
-172.2 -90.19999999999999 -120.60000000000001
-172.2 -90.19999999999999 -100.5
-172.2 -90.19999999999999 -80.4
-172.2 -90.19999999999999 -60.300000000000004
-172.2 -90.19999999999999 -40.2
-172.2 -90.19999999999999 -20.1
-172.2 -90.19999999999999 0.0
-172.2 -90.19999999999999 20.1
-172.2 -90.19999999999999 40.2
-172.2 -90.19999999999999 60.300000000000004
-172.2 -90.19999999999999 80.4
-172.2 -90.19999999999999 100.5
-172.2 -90.19999999999999 120.60000000000001
-172.2 -86.1 -120.60000000000001
-172.2 -86.1 -100.5
-172.2 -86.1 -80.4
-172.2 -86.1 -60.300000000000004
-172.2 -86.1 -40.2
-172.2 -86.1 -20.1
-172.2 -86.1 0.0
-172.2 -86.1 20.1
-172.2 -86.1 40.2
-172.2 -86.1 60.300000000000004
-172.2 -86.1 80.4
-172.2 -86.1 100.5
-172.2 -86.1 120.60000000000001
-172.2 -82.0 -120.60000000000001
-172.2 -82.0 -100.5
-172.2 -82.0 -80.4
-172.2 -82.0 -60.300000000000004
-172.2 -82.0 -40.2
-172.2 -82.0 -20.1
-172.2 -82.0 0.0
-172.2 -82.0 20.1
-172.2 -82.0 40.2
-172.2 -82.0 60.300000000000004
-172.2 -82.0 80.4
-172.2 -82.0 100.5
-172.2 -82.0 120.60000000000001
-172.2 -77.89999999999999 -120.60000000000001
-172.2 -77.89999999999999 -100.5
-172.2 -77.89999999999999 -80.4
-172.2 -77.89999999999999 -60.300000000000004
-172.2 -77.89999999999999 -40.2
-172.2 -77.89999999999999 -20.1
-172.2 -77.89999999999999 0.0
-172.2 -77.89999999999999 20.1
-172.2 -77.89999999999999 40.2
-172.2 -77.89999999999999 60.300000000000004
-172.2 -77.89999999999999 80.4
-172.2 -77.89999999999999 100.5
-172.2 -77.89999999999999 120.60000000000001
-172.2 77.89999999999999 -120.60000000000001
-172.2 77.89999999999999 -100.5
-172.2 77.89999999999999 -80.4
-172.2 77.89999999999999 -60.300000000000004
-172.2 77.89999999999999 -40.2
-172.2 77.89999999999999 -20.1
-172.2 77.89999999999999 0.0
-172.2 77.89999999999999 20.1
-172.2 77.89999999999999 40.2
-172.2 77.89999999999999 60.300000000000004
-172.2 77.89999999999999 80.4
-172.2 77.89999999999999 100.5
-172.2 77.89999999999999 120.60000000000001
-172.2 82.0 -120.60000000000001
-172.2 82.0 -100.5
-172.2 82.0 -80.4
-172.2 82.0 -60.300000000000004
-172.2 82.0 -40.2
-172.2 82.0 -20.1
-172.2 82.0 0.0
-172.2 82.0 20.1
-172.2 82.0 40.2
-172.2 82.0 60.300000000000004
-172.2 82.0 80.4
-172.2 82.0 100.5
-172.2 82.0 120.60000000000001
-172.2 86.1 -120.60000000000001
-172.2 86.1 -100.5
-172.2 86.1 -80.4
-172.2 86.1 -60.300000000000004
-172.2 86.1 -40.2
-172.2 86.1 -20.1
-172.2 86.1 0.0
-172.2 86.1 20.1
-172.2 86.1 40.2
-172.2 86.1 60.300000000000004
-172.2 86.1 80.4
-172.2 86.1 100.5
-172.2 86.1 120.60000000000001
-172.2 90.19999999999999 -120.60000000000001
-172.2 90.19999999999999 -100.5
-172.2 90.19999999999999 -80.4
-172.2 90.19999999999999 -60.300000000000004
-172.2 90.19999999999999 -40.2
-172.2 90.19999999999999 -20.1
-172.2 90.19999999999999 0.0
-172.2 90.19999999999999 20.1
-172.2 90.19999999999999 40.2
-172.2 90.19999999999999 60.300000000000004
-172.2 90.19999999999999 80.4
-172.2 90.19999999999999 100.5
-172.2 90.19999999999999 120.60000000000001
-172.2 94.3 -120.60000000000001
-172.2 94.3 -100.5
-172.2 94.3 -80.4
-172.2 94.3 -60.300000000000004
-172.2 94.3 -40.2
-172.2 94.3 -20.1
-172.2 94.3 0.0
-172.2 94.3 20.1
-172.2 94.3 40.2
-172.2 94.3 60.300000000000004
-172.2 94.3 80.4
-172.2 94.3 100.5
-172.2 94.3 120.60000000000001
-172.2 98.39999999999999 -120.60000000000001
-172.2 98.39999999999999 -100.5
-172.2 98.39999999999999 -80.4
-172.2 98.39999999999999 -60.300000000000004
-172.2 98.39999999999999 -40.2
-172.2 98.39999999999999 -20.1
-172.2 98.39999999999999 0.0
-172.2 98.39999999999999 20.1
-172.2 98.39999999999999 40.2
-172.2 98.39999999999999 60.300000000000004
-172.2 98.39999999999999 80.4
-172.2 98.39999999999999 100.5
-172.2 98.39999999999999 120.60000000000001
-172.2 102.49999999999999 -120.60000000000001
-172.2 102.49999999999999 -100.5
-172.2 102.49999999999999 -80.4
-172.2 102.49999999999999 -60.300000000000004
-172.2 102.49999999999999 -40.2
-172.2 102.49999999999999 -20.1
-172.2 102.49999999999999 0.0
-172.2 102.49999999999999 20.1
-172.2 102.49999999999999 40.2
-172.2 102.49999999999999 60.300000000000004
-172.2 102.49999999999999 80.4
-172.2 102.49999999999999 100.5
-172.2 102.49999999999999 120.60000000000001
-172.2 106.6 -120.60000000000001
-172.2 106.6 -100.5
-172.2 106.6 -80.4
-172.2 106.6 -60.300000000000004
-172.2 106.6 -40.2
-172.2 106.6 -20.1
-172.2 106.6 0.0
-172.2 106.6 20.1
-172.2 106.6 40.2
-172.2 106.6 60.300000000000004
-172.2 106.6 80.4
-172.2 106.6 100.5
-172.2 106.6 120.60000000000001
-172.2 110.69999999999999 -120.60000000000001
-172.2 110.69999999999999 -100.5
-172.2 110.69999999999999 -80.4
-172.2 110.69999999999999 -60.300000000000004
-172.2 110.69999999999999 -40.2
-172.2 110.69999999999999 -20.1
-172.2 110.69999999999999 0.0
-172.2 110.69999999999999 20.1
-172.2 110.69999999999999 40.2
-172.2 110.69999999999999 60.300000000000004
-172.2 110.69999999999999 80.4
-172.2 110.69999999999999 100.5
-172.2 110.69999999999999 120.60000000000001
-172.2 114.79999999999998 -120.60000000000001
-172.2 114.79999999999998 -100.5
-172.2 114.79999999999998 -80.4
-172.2 114.79999999999998 -60.300000000000004
-172.2 114.79999999999998 -40.2
-172.2 114.79999999999998 -20.1
-172.2 114.79999999999998 0.0
-172.2 114.79999999999998 20.1
-172.2 114.79999999999998 40.2
-172.2 114.79999999999998 60.300000000000004
-172.2 114.79999999999998 80.4
-172.2 114.79999999999998 100.5
-172.2 114.79999999999998 120.60000000000001
-172.2 118.89999999999999 -120.60000000000001
-172.2 118.89999999999999 -100.5
-172.2 118.89999999999999 -80.4
-172.2 118.89999999999999 -60.300000000000004
-172.2 118.89999999999999 -40.2
-172.2 118.89999999999999 -20.1
-172.2 118.89999999999999 0.0
-172.2 118.89999999999999 20.1
-172.2 118.89999999999999 40.2
-172.2 118.89999999999999 60.300000000000004
-172.2 118.89999999999999 80.4
-172.2 118.89999999999999 100.5
-172.2 118.89999999999999 120.60000000000001
-172.2 122.99999999999999 -120.60000000000001
-172.2 122.99999999999999 -100.5
-172.2 122.99999999999999 -80.4
-172.2 122.99999999999999 -60.300000000000004
-172.2 122.99999999999999 -40.2
-172.2 122.99999999999999 -20.1
-172.2 122.99999999999999 0.0
-172.2 122.99999999999999 20.1
-172.2 122.99999999999999 40.2
-172.2 122.99999999999999 60.300000000000004
-172.2 122.99999999999999 80.4
-172.2 122.99999999999999 100.5
-172.2 122.99999999999999 120.60000000000001
-172.2 127.1 -120.60000000000001
-172.2 127.1 -100.5
-172.2 127.1 -80.4
-172.2 127.1 -60.300000000000004
-172.2 127.1 -40.2
-172.2 127.1 -20.1
-172.2 127.1 0.0
-172.2 127.1 20.1
-172.2 127.1 40.2
-172.2 127.1 60.300000000000004
-172.2 127.1 80.4
-172.2 127.1 100.5
-172.2 127.1 120.60000000000001
-172.2 131.2 -120.60000000000001
-172.2 131.2 -100.5
-172.2 131.2 -80.4
-172.2 131.2 -60.300000000000004
-172.2 131.2 -40.2
-172.2 131.2 -20.1
-172.2 131.2 0.0
-172.2 131.2 20.1
-172.2 131.2 40.2
-172.2 131.2 60.300000000000004
-172.2 131.2 80.4
-172.2 131.2 100.5
-172.2 131.2 120.60000000000001
-168.1 -135.29999999999998 -120.60000000000001
-168.1 -135.29999999999998 -100.5
-168.1 -135.29999999999998 -80.4
-168.1 -135.29999999999998 -60.300000000000004
-168.1 -135.29999999999998 -40.2
-168.1 -135.29999999999998 -20.1
-168.1 -135.29999999999998 0.0
-168.1 -135.29999999999998 20.1
-168.1 -135.29999999999998 40.2
-168.1 -135.29999999999998 60.300000000000004
-168.1 -135.29999999999998 80.4
-168.1 -135.29999999999998 100.5
-168.1 -135.29999999999998 120.60000000000001
-168.1 -131.2 -120.60000000000001
-168.1 -131.2 -100.5
-168.1 -131.2 -80.4
-168.1 -131.2 -60.300000000000004
-168.1 -131.2 -40.2
-168.1 -131.2 -20.1
-168.1 -131.2 0.0
-168.1 -131.2 20.1
-168.1 -131.2 40.2
-168.1 -131.2 60.300000000000004
-168.1 -131.2 80.4
-168.1 -131.2 100.5
-168.1 -131.2 120.60000000000001
-168.1 -127.1 -120.60000000000001
-168.1 -127.1 -100.5
-168.1 -127.1 -80.4
-168.1 -127.1 -60.300000000000004
-168.1 -127.1 -40.2
-168.1 -127.1 -20.1
-168.1 -127.1 0.0
-168.1 -127.1 20.1
-168.1 -127.1 40.2
-168.1 -127.1 60.300000000000004
-168.1 -127.1 80.4
-168.1 -127.1 100.5
-168.1 -127.1 120.60000000000001
-168.1 -122.99999999999999 -120.60000000000001
-168.1 -122.99999999999999 -100.5
-168.1 -122.99999999999999 -80.4
-168.1 -122.99999999999999 -60.300000000000004
-168.1 -122.99999999999999 -40.2
-168.1 -122.99999999999999 -20.1
-168.1 -122.99999999999999 0.0
-168.1 -122.99999999999999 20.1
-168.1 -122.99999999999999 40.2
-168.1 -122.99999999999999 60.300000000000004
-168.1 -122.99999999999999 80.4
-168.1 -122.99999999999999 100.5
-168.1 -122.99999999999999 120.60000000000001
-168.1 -118.89999999999999 -120.60000000000001
-168.1 -118.89999999999999 -100.5
-168.1 -118.89999999999999 -80.4
-168.1 -118.89999999999999 -60.300000000000004
-168.1 -118.89999999999999 -40.2
-168.1 -118.89999999999999 -20.1
-168.1 -118.89999999999999 0.0
-168.1 -118.89999999999999 20.1
-168.1 -118.89999999999999 40.2
-168.1 -118.89999999999999 60.300000000000004
-168.1 -118.89999999999999 80.4
-168.1 -118.89999999999999 100.5
-168.1 -118.89999999999999 120.60000000000001
-168.1 -114.79999999999998 -120.60000000000001
-168.1 -114.79999999999998 -100.5
-168.1 -114.79999999999998 -80.4
-168.1 -114.79999999999998 -60.300000000000004
-168.1 -114.79999999999998 -40.2
-168.1 -114.79999999999998 -20.1
-168.1 -114.79999999999998 0.0
-168.1 -114.79999999999998 20.1
-168.1 -114.79999999999998 40.2
-168.1 -114.79999999999998 60.300000000000004
-168.1 -114.79999999999998 80.4
-168.1 -114.79999999999998 100.5
-168.1 -114.79999999999998 120.60000000000001
-168.1 -110.69999999999999 -120.60000000000001
-168.1 -110.69999999999999 -100.5
-168.1 -110.69999999999999 -80.4
-168.1 -110.69999999999999 -60.300000000000004
-168.1 -110.69999999999999 -40.2
-168.1 -110.69999999999999 -20.1
-168.1 -110.69999999999999 0.0
-168.1 -110.69999999999999 20.1
-168.1 -110.69999999999999 40.2
-168.1 -110.69999999999999 60.300000000000004
-168.1 -110.69999999999999 80.4
-168.1 -110.69999999999999 100.5
-168.1 -110.69999999999999 120.60000000000001
-168.1 -106.6 -120.60000000000001
-168.1 -106.6 -100.5
-168.1 -106.6 -80.4
-168.1 -106.6 -60.300000000000004
-168.1 -106.6 -40.2
-168.1 -106.6 -20.1
-168.1 -106.6 0.0
-168.1 -106.6 20.1
-168.1 -106.6 40.2
-168.1 -106.6 60.300000000000004
-168.1 -106.6 80.4
-168.1 -106.6 100.5
-168.1 -106.6 120.60000000000001
-168.1 -102.49999999999999 -120.60000000000001
-168.1 -102.49999999999999 -100.5
-168.1 -102.49999999999999 -80.4
-168.1 -102.49999999999999 -60.300000000000004
-168.1 -102.49999999999999 -40.2
-168.1 -102.49999999999999 -20.1
-168.1 -102.49999999999999 0.0
-168.1 -102.49999999999999 20.1
-168.1 -102.49999999999999 40.2
-168.1 -102.49999999999999 60.300000000000004
-168.1 -102.49999999999999 80.4
-168.1 -102.49999999999999 100.5
-168.1 -102.49999999999999 120.60000000000001
-168.1 -98.39999999999999 -120.60000000000001
-168.1 -98.39999999999999 -100.5
-168.1 -98.39999999999999 -80.4
-168.1 -98.39999999999999 -60.300000000000004
-168.1 -98.39999999999999 -40.2
-168.1 -98.39999999999999 -20.1
-168.1 -98.39999999999999 0.0
-168.1 -98.39999999999999 20.1
-168.1 -98.39999999999999 40.2
-168.1 -98.39999999999999 60.300000000000004
-168.1 -98.39999999999999 80.4
-168.1 -98.39999999999999 100.5
-168.1 -98.39999999999999 120.60000000000001
-168.1 -94.3 -120.60000000000001
-168.1 -94.3 -100.5
-168.1 -94.3 -80.4
-168.1 -94.3 -60.300000000000004
-168.1 -94.3 -40.2
-168.1 -94.3 -20.1
-168.1 -94.3 0.0
-168.1 -94.3 20.1
-168.1 -94.3 40.2
-168.1 -94.3 60.300000000000004
-168.1 -94.3 80.4
-168.1 -94.3 100.5
-168.1 -94.3 120.60000000000001
-168.1 -90.19999999999999 -120.60000000000001
-168.1 -90.19999999999999 -100.5
-168.1 -90.19999999999999 -80.4
-168.1 -90.19999999999999 -60.300000000000004
-168.1 -90.19999999999999 -40.2
-168.1 -90.19999999999999 -20.1
-168.1 -90.19999999999999 0.0
-168.1 -90.19999999999999 20.1
-168.1 -90.19999999999999 40.2
-168.1 -90.19999999999999 60.300000000000004
-168.1 -90.19999999999999 80.4
-168.1 -90.19999999999999 100.5
-168.1 -90.19999999999999 120.60000000000001
-168.1 -86.1 -120.60000000000001
-168.1 -86.1 -100.5
-168.1 -86.1 -80.4
-168.1 -86.1 -60.300000000000004
-168.1 -86.1 -40.2
-168.1 -86.1 -20.1
-168.1 -86.1 0.0
-168.1 -86.1 20.1
-168.1 -86.1 40.2
-168.1 -86.1 60.300000000000004
-168.1 -86.1 80.4
-168.1 -86.1 100.5
-168.1 -86.1 120.60000000000001
-168.1 86.1 -120.60000000000001
-168.1 86.1 -100.5
-168.1 86.1 -80.4
-168.1 86.1 -60.300000000000004
-168.1 86.1 -40.2
-168.1 86.1 -20.1
-168.1 86.1 0.0
-168.1 86.1 20.1
-168.1 86.1 40.2
-168.1 86.1 60.300000000000004
-168.1 86.1 80.4
-168.1 86.1 100.5
-168.1 86.1 120.60000000000001
-168.1 90.19999999999999 -120.60000000000001
-168.1 90.19999999999999 -100.5
-168.1 90.19999999999999 -80.4
-168.1 90.19999999999999 -60.300000000000004
-168.1 90.19999999999999 -40.2
-168.1 90.19999999999999 -20.1
-168.1 90.19999999999999 0.0
-168.1 90.19999999999999 20.1
-168.1 90.19999999999999 40.2
-168.1 90.19999999999999 60.300000000000004
-168.1 90.19999999999999 80.4
-168.1 90.19999999999999 100.5
-168.1 90.19999999999999 120.60000000000001
-168.1 94.3 -120.60000000000001
-168.1 94.3 -100.5
-168.1 94.3 -80.4
-168.1 94.3 -60.300000000000004
-168.1 94.3 -40.2
-168.1 94.3 -20.1
-168.1 94.3 0.0
-168.1 94.3 20.1
-168.1 94.3 40.2
-168.1 94.3 60.300000000000004
-168.1 94.3 80.4
-168.1 94.3 100.5
-168.1 94.3 120.60000000000001
-168.1 98.39999999999999 -120.60000000000001
-168.1 98.39999999999999 -100.5
-168.1 98.39999999999999 -80.4
-168.1 98.39999999999999 -60.300000000000004
-168.1 98.39999999999999 -40.2
-168.1 98.39999999999999 -20.1
-168.1 98.39999999999999 0.0
-168.1 98.39999999999999 20.1
-168.1 98.39999999999999 40.2
-168.1 98.39999999999999 60.300000000000004
-168.1 98.39999999999999 80.4
-168.1 98.39999999999999 100.5
-168.1 98.39999999999999 120.60000000000001
-168.1 102.49999999999999 -120.60000000000001
-168.1 102.49999999999999 -100.5
-168.1 102.49999999999999 -80.4
-168.1 102.49999999999999 -60.300000000000004
-168.1 102.49999999999999 -40.2
-168.1 102.49999999999999 -20.1
-168.1 102.49999999999999 0.0
-168.1 102.49999999999999 20.1
-168.1 102.49999999999999 40.2
-168.1 102.49999999999999 60.300000000000004
-168.1 102.49999999999999 80.4
-168.1 102.49999999999999 100.5
-168.1 102.49999999999999 120.60000000000001
-168.1 106.6 -120.60000000000001
-168.1 106.6 -100.5
-168.1 106.6 -80.4
-168.1 106.6 -60.300000000000004
-168.1 106.6 -40.2
-168.1 106.6 -20.1
-168.1 106.6 0.0
-168.1 106.6 20.1
-168.1 106.6 40.2
-168.1 106.6 60.300000000000004
-168.1 106.6 80.4
-168.1 106.6 100.5
-168.1 106.6 120.60000000000001
-168.1 110.69999999999999 -120.60000000000001
-168.1 110.69999999999999 -100.5
-168.1 110.69999999999999 -80.4
-168.1 110.69999999999999 -60.300000000000004
-168.1 110.69999999999999 -40.2
-168.1 110.69999999999999 -20.1
-168.1 110.69999999999999 0.0
-168.1 110.69999999999999 20.1
-168.1 110.69999999999999 40.2
-168.1 110.69999999999999 60.300000000000004
-168.1 110.69999999999999 80.4
-168.1 110.69999999999999 100.5
-168.1 110.69999999999999 120.60000000000001
-168.1 114.79999999999998 -120.60000000000001
-168.1 114.79999999999998 -100.5
-168.1 114.79999999999998 -80.4
-168.1 114.79999999999998 -60.300000000000004
-168.1 114.79999999999998 -40.2
-168.1 114.79999999999998 -20.1
-168.1 114.79999999999998 0.0
-168.1 114.79999999999998 20.1
-168.1 114.79999999999998 40.2
-168.1 114.79999999999998 60.300000000000004
-168.1 114.79999999999998 80.4
-168.1 114.79999999999998 100.5
-168.1 114.79999999999998 120.60000000000001
-168.1 118.89999999999999 -120.60000000000001
-168.1 118.89999999999999 -100.5
-168.1 118.89999999999999 -80.4
-168.1 118.89999999999999 -60.300000000000004
-168.1 118.89999999999999 -40.2
-168.1 118.89999999999999 -20.1
-168.1 118.89999999999999 0.0
-168.1 118.89999999999999 20.1
-168.1 118.89999999999999 40.2
-168.1 118.89999999999999 60.300000000000004
-168.1 118.89999999999999 80.4
-168.1 118.89999999999999 100.5
-168.1 118.89999999999999 120.60000000000001
-168.1 122.99999999999999 -120.60000000000001
-168.1 122.99999999999999 -100.5
-168.1 122.99999999999999 -80.4
-168.1 122.99999999999999 -60.300000000000004
-168.1 122.99999999999999 -40.2
-168.1 122.99999999999999 -20.1
-168.1 122.99999999999999 0.0
-168.1 122.99999999999999 20.1
-168.1 122.99999999999999 40.2
-168.1 122.99999999999999 60.300000000000004
-168.1 122.99999999999999 80.4
-168.1 122.99999999999999 100.5
-168.1 122.99999999999999 120.60000000000001
-168.1 127.1 -120.60000000000001
-168.1 127.1 -100.5
-168.1 127.1 -80.4
-168.1 127.1 -60.300000000000004
-168.1 127.1 -40.2
-168.1 127.1 -20.1
-168.1 127.1 0.0
-168.1 127.1 20.1
-168.1 127.1 40.2
-168.1 127.1 60.300000000000004
-168.1 127.1 80.4
-168.1 127.1 100.5
-168.1 127.1 120.60000000000001
-168.1 131.2 -120.60000000000001
-168.1 131.2 -100.5
-168.1 131.2 -80.4
-168.1 131.2 -60.300000000000004
-168.1 131.2 -40.2
-168.1 131.2 -20.1
-168.1 131.2 0.0
-168.1 131.2 20.1
-168.1 131.2 40.2
-168.1 131.2 60.300000000000004
-168.1 131.2 80.4
-168.1 131.2 100.5
-168.1 131.2 120.60000000000001
-168.1 135.29999999999998 -120.60000000000001
-168.1 135.29999999999998 -100.5
-168.1 135.29999999999998 -80.4
-168.1 135.29999999999998 -60.300000000000004
-168.1 135.29999999999998 -40.2
-168.1 135.29999999999998 -20.1
-168.1 135.29999999999998 0.0
-168.1 135.29999999999998 20.1
-168.1 135.29999999999998 40.2
-168.1 135.29999999999998 60.300000000000004
-168.1 135.29999999999998 80.4
-168.1 135.29999999999998 100.5
-168.1 135.29999999999998 120.60000000000001
-164.0 -139.39999999999998 -120.60000000000001
-164.0 -139.39999999999998 -100.5
-164.0 -139.39999999999998 -80.4
-164.0 -139.39999999999998 -60.300000000000004
-164.0 -139.39999999999998 -40.2
-164.0 -139.39999999999998 -20.1
-164.0 -139.39999999999998 0.0
-164.0 -139.39999999999998 20.1
-164.0 -139.39999999999998 40.2
-164.0 -139.39999999999998 60.300000000000004
-164.0 -139.39999999999998 80.4
-164.0 -139.39999999999998 100.5
-164.0 -139.39999999999998 120.60000000000001
-164.0 -135.29999999999998 -120.60000000000001
-164.0 -135.29999999999998 -100.5
-164.0 -135.29999999999998 -80.4
-164.0 -135.29999999999998 -60.300000000000004
-164.0 -135.29999999999998 -40.2
-164.0 -135.29999999999998 -20.1
-164.0 -135.29999999999998 0.0
-164.0 -135.29999999999998 20.1
-164.0 -135.29999999999998 40.2
-164.0 -135.29999999999998 60.300000000000004
-164.0 -135.29999999999998 80.4
-164.0 -135.29999999999998 100.5
-164.0 -135.29999999999998 120.60000000000001
-164.0 -131.2 -120.60000000000001
-164.0 -131.2 -100.5
-164.0 -131.2 -80.4
-164.0 -131.2 -60.300000000000004
-164.0 -131.2 -40.2
-164.0 -131.2 -20.1
-164.0 -131.2 0.0
-164.0 -131.2 20.1
-164.0 -131.2 40.2
-164.0 -131.2 60.300000000000004
-164.0 -131.2 80.4
-164.0 -131.2 100.5
-164.0 -131.2 120.60000000000001
-164.0 -127.1 -120.60000000000001
-164.0 -127.1 -100.5
-164.0 -127.1 -80.4
-164.0 -127.1 -60.300000000000004
-164.0 -127.1 -40.2
-164.0 -127.1 -20.1
-164.0 -127.1 0.0
-164.0 -127.1 20.1
-164.0 -127.1 40.2
-164.0 -127.1 60.300000000000004
-164.0 -127.1 80.4
-164.0 -127.1 100.5
-164.0 -127.1 120.60000000000001
-164.0 -122.99999999999999 -120.60000000000001
-164.0 -122.99999999999999 -100.5
-164.0 -122.99999999999999 -80.4
-164.0 -122.99999999999999 -60.300000000000004
-164.0 -122.99999999999999 -40.2
-164.0 -122.99999999999999 -20.1
-164.0 -122.99999999999999 0.0
-164.0 -122.99999999999999 20.1
-164.0 -122.99999999999999 40.2
-164.0 -122.99999999999999 60.300000000000004
-164.0 -122.99999999999999 80.4
-164.0 -122.99999999999999 100.5
-164.0 -122.99999999999999 120.60000000000001
-164.0 -118.89999999999999 -120.60000000000001
-164.0 -118.89999999999999 -100.5
-164.0 -118.89999999999999 -80.4
-164.0 -118.89999999999999 -60.300000000000004
-164.0 -118.89999999999999 -40.2
-164.0 -118.89999999999999 -20.1
-164.0 -118.89999999999999 0.0
-164.0 -118.89999999999999 20.1
-164.0 -118.89999999999999 40.2
-164.0 -118.89999999999999 60.300000000000004
-164.0 -118.89999999999999 80.4
-164.0 -118.89999999999999 100.5
-164.0 -118.89999999999999 120.60000000000001
-164.0 -114.79999999999998 -120.60000000000001
-164.0 -114.79999999999998 -100.5
-164.0 -114.79999999999998 -80.4
-164.0 -114.79999999999998 -60.300000000000004
-164.0 -114.79999999999998 -40.2
-164.0 -114.79999999999998 -20.1
-164.0 -114.79999999999998 0.0
-164.0 -114.79999999999998 20.1
-164.0 -114.79999999999998 40.2
-164.0 -114.79999999999998 60.300000000000004
-164.0 -114.79999999999998 80.4
-164.0 -114.79999999999998 100.5
-164.0 -114.79999999999998 120.60000000000001
-164.0 -110.69999999999999 -120.60000000000001
-164.0 -110.69999999999999 -100.5
-164.0 -110.69999999999999 -80.4
-164.0 -110.69999999999999 -60.300000000000004
-164.0 -110.69999999999999 -40.2
-164.0 -110.69999999999999 -20.1
-164.0 -110.69999999999999 0.0
-164.0 -110.69999999999999 20.1
-164.0 -110.69999999999999 40.2
-164.0 -110.69999999999999 60.300000000000004
-164.0 -110.69999999999999 80.4
-164.0 -110.69999999999999 100.5
-164.0 -110.69999999999999 120.60000000000001
-164.0 -106.6 -120.60000000000001
-164.0 -106.6 -100.5
-164.0 -106.6 -80.4
-164.0 -106.6 -60.300000000000004
-164.0 -106.6 -40.2
-164.0 -106.6 -20.1
-164.0 -106.6 0.0
-164.0 -106.6 20.1
-164.0 -106.6 40.2
-164.0 -106.6 60.300000000000004
-164.0 -106.6 80.4
-164.0 -106.6 100.5
-164.0 -106.6 120.60000000000001
-164.0 -102.49999999999999 -120.60000000000001
-164.0 -102.49999999999999 -100.5
-164.0 -102.49999999999999 -80.4
-164.0 -102.49999999999999 -60.300000000000004
-164.0 -102.49999999999999 -40.2
-164.0 -102.49999999999999 -20.1
-164.0 -102.49999999999999 0.0
-164.0 -102.49999999999999 20.1
-164.0 -102.49999999999999 40.2
-164.0 -102.49999999999999 60.300000000000004
-164.0 -102.49999999999999 80.4
-164.0 -102.49999999999999 100.5
-164.0 -102.49999999999999 120.60000000000001
-164.0 -98.39999999999999 -120.60000000000001
-164.0 -98.39999999999999 -100.5
-164.0 -98.39999999999999 -80.4
-164.0 -98.39999999999999 -60.300000000000004
-164.0 -98.39999999999999 -40.2
-164.0 -98.39999999999999 -20.1
-164.0 -98.39999999999999 0.0
-164.0 -98.39999999999999 20.1
-164.0 -98.39999999999999 40.2
-164.0 -98.39999999999999 60.300000000000004
-164.0 -98.39999999999999 80.4
-164.0 -98.39999999999999 100.5
-164.0 -98.39999999999999 120.60000000000001
-164.0 -94.3 -120.60000000000001
-164.0 -94.3 -100.5
-164.0 -94.3 -80.4
-164.0 -94.3 -60.300000000000004
-164.0 -94.3 -40.2
-164.0 -94.3 -20.1
-164.0 -94.3 0.0
-164.0 -94.3 20.1
-164.0 -94.3 40.2
-164.0 -94.3 60.300000000000004
-164.0 -94.3 80.4
-164.0 -94.3 100.5
-164.0 -94.3 120.60000000000001
-164.0 94.3 -120.60000000000001
-164.0 94.3 -100.5
-164.0 94.3 -80.4
-164.0 94.3 -60.300000000000004
-164.0 94.3 -40.2
-164.0 94.3 -20.1
-164.0 94.3 0.0
-164.0 94.3 20.1
-164.0 94.3 40.2
-164.0 94.3 60.300000000000004
-164.0 94.3 80.4
-164.0 94.3 100.5
-164.0 94.3 120.60000000000001
-164.0 98.39999999999999 -120.60000000000001
-164.0 98.39999999999999 -100.5
-164.0 98.39999999999999 -80.4
-164.0 98.39999999999999 -60.300000000000004
-164.0 98.39999999999999 -40.2
-164.0 98.39999999999999 -20.1
-164.0 98.39999999999999 0.0
-164.0 98.39999999999999 20.1
-164.0 98.39999999999999 40.2
-164.0 98.39999999999999 60.300000000000004
-164.0 98.39999999999999 80.4
-164.0 98.39999999999999 100.5
-164.0 98.39999999999999 120.60000000000001
-164.0 102.49999999999999 -120.60000000000001
-164.0 102.49999999999999 -100.5
-164.0 102.49999999999999 -80.4
-164.0 102.49999999999999 -60.300000000000004
-164.0 102.49999999999999 -40.2
-164.0 102.49999999999999 -20.1
-164.0 102.49999999999999 0.0
-164.0 102.49999999999999 20.1
-164.0 102.49999999999999 40.2
-164.0 102.49999999999999 60.300000000000004
-164.0 102.49999999999999 80.4
-164.0 102.49999999999999 100.5
-164.0 102.49999999999999 120.60000000000001
-164.0 106.6 -120.60000000000001
-164.0 106.6 -100.5
-164.0 106.6 -80.4
-164.0 106.6 -60.300000000000004
-164.0 106.6 -40.2
-164.0 106.6 -20.1
-164.0 106.6 0.0
-164.0 106.6 20.1
-164.0 106.6 40.2
-164.0 106.6 60.300000000000004
-164.0 106.6 80.4
-164.0 106.6 100.5
-164.0 106.6 120.60000000000001
-164.0 110.69999999999999 -120.60000000000001
-164.0 110.69999999999999 -100.5
-164.0 110.69999999999999 -80.4
-164.0 110.69999999999999 -60.300000000000004
-164.0 110.69999999999999 -40.2
-164.0 110.69999999999999 -20.1
-164.0 110.69999999999999 0.0
-164.0 110.69999999999999 20.1
-164.0 110.69999999999999 40.2
-164.0 110.69999999999999 60.300000000000004
-164.0 110.69999999999999 80.4
-164.0 110.69999999999999 100.5
-164.0 110.69999999999999 120.60000000000001
-164.0 114.79999999999998 -120.60000000000001
-164.0 114.79999999999998 -100.5
-164.0 114.79999999999998 -80.4
-164.0 114.79999999999998 -60.300000000000004
-164.0 114.79999999999998 -40.2
-164.0 114.79999999999998 -20.1
-164.0 114.79999999999998 0.0
-164.0 114.79999999999998 20.1
-164.0 114.79999999999998 40.2
-164.0 114.79999999999998 60.300000000000004
-164.0 114.79999999999998 80.4
-164.0 114.79999999999998 100.5
-164.0 114.79999999999998 120.60000000000001
-164.0 118.89999999999999 -120.60000000000001
-164.0 118.89999999999999 -100.5
-164.0 118.89999999999999 -80.4
-164.0 118.89999999999999 -60.300000000000004
-164.0 118.89999999999999 -40.2
-164.0 118.89999999999999 -20.1
-164.0 118.89999999999999 0.0
-164.0 118.89999999999999 20.1
-164.0 118.89999999999999 40.2
-164.0 118.89999999999999 60.300000000000004
-164.0 118.89999999999999 80.4
-164.0 118.89999999999999 100.5
-164.0 118.89999999999999 120.60000000000001
-164.0 122.99999999999999 -120.60000000000001
-164.0 122.99999999999999 -100.5
-164.0 122.99999999999999 -80.4
-164.0 122.99999999999999 -60.300000000000004
-164.0 122.99999999999999 -40.2
-164.0 122.99999999999999 -20.1
-164.0 122.99999999999999 0.0
-164.0 122.99999999999999 20.1
-164.0 122.99999999999999 40.2
-164.0 122.99999999999999 60.300000000000004
-164.0 122.99999999999999 80.4
-164.0 122.99999999999999 100.5
-164.0 122.99999999999999 120.60000000000001
-164.0 127.1 -120.60000000000001
-164.0 127.1 -100.5
-164.0 127.1 -80.4
-164.0 127.1 -60.300000000000004
-164.0 127.1 -40.2
-164.0 127.1 -20.1
-164.0 127.1 0.0
-164.0 127.1 20.1
-164.0 127.1 40.2
-164.0 127.1 60.300000000000004
-164.0 127.1 80.4
-164.0 127.1 100.5
-164.0 127.1 120.60000000000001
-164.0 131.2 -120.60000000000001
-164.0 131.2 -100.5
-164.0 131.2 -80.4
-164.0 131.2 -60.300000000000004
-164.0 131.2 -40.2
-164.0 131.2 -20.1
-164.0 131.2 0.0
-164.0 131.2 20.1
-164.0 131.2 40.2
-164.0 131.2 60.300000000000004
-164.0 131.2 80.4
-164.0 131.2 100.5
-164.0 131.2 120.60000000000001
-164.0 135.29999999999998 -120.60000000000001
-164.0 135.29999999999998 -100.5
-164.0 135.29999999999998 -80.4
-164.0 135.29999999999998 -60.300000000000004
-164.0 135.29999999999998 -40.2
-164.0 135.29999999999998 -20.1
-164.0 135.29999999999998 0.0
-164.0 135.29999999999998 20.1
-164.0 135.29999999999998 40.2
-164.0 135.29999999999998 60.300000000000004
-164.0 135.29999999999998 80.4
-164.0 135.29999999999998 100.5
-164.0 135.29999999999998 120.60000000000001
-164.0 139.39999999999998 -120.60000000000001
-164.0 139.39999999999998 -100.5
-164.0 139.39999999999998 -80.4
-164.0 139.39999999999998 -60.300000000000004
-164.0 139.39999999999998 -40.2
-164.0 139.39999999999998 -20.1
-164.0 139.39999999999998 0.0
-164.0 139.39999999999998 20.1
-164.0 139.39999999999998 40.2
-164.0 139.39999999999998 60.300000000000004
-164.0 139.39999999999998 80.4
-164.0 139.39999999999998 100.5
-164.0 139.39999999999998 120.60000000000001
-159.89999999999998 -143.5 -120.60000000000001
-159.89999999999998 -143.5 -100.5
-159.89999999999998 -143.5 -80.4
-159.89999999999998 -143.5 -60.300000000000004
-159.89999999999998 -143.5 -40.2
-159.89999999999998 -143.5 -20.1
-159.89999999999998 -143.5 0.0
-159.89999999999998 -143.5 20.1
-159.89999999999998 -143.5 40.2
-159.89999999999998 -143.5 60.300000000000004
-159.89999999999998 -143.5 80.4
-159.89999999999998 -143.5 100.5
-159.89999999999998 -143.5 120.60000000000001
-159.89999999999998 -139.39999999999998 -120.60000000000001
-159.89999999999998 -139.39999999999998 -100.5
-159.89999999999998 -139.39999999999998 -80.4
-159.89999999999998 -139.39999999999998 -60.300000000000004
-159.89999999999998 -139.39999999999998 -40.2
-159.89999999999998 -139.39999999999998 -20.1
-159.89999999999998 -139.39999999999998 0.0
-159.89999999999998 -139.39999999999998 20.1
-159.89999999999998 -139.39999999999998 40.2
-159.89999999999998 -139.39999999999998 60.300000000000004
-159.89999999999998 -139.39999999999998 80.4
-159.89999999999998 -139.39999999999998 100.5
-159.89999999999998 -139.39999999999998 120.60000000000001
-159.89999999999998 -135.29999999999998 -120.60000000000001
-159.89999999999998 -135.29999999999998 -100.5
-159.89999999999998 -135.29999999999998 -80.4
-159.89999999999998 -135.29999999999998 -60.300000000000004
-159.89999999999998 -135.29999999999998 -40.2
-159.89999999999998 -135.29999999999998 -20.1
-159.89999999999998 -135.29999999999998 0.0
-159.89999999999998 -135.29999999999998 20.1
-159.89999999999998 -135.29999999999998 40.2
-159.89999999999998 -135.29999999999998 60.300000000000004
-159.89999999999998 -135.29999999999998 80.4
-159.89999999999998 -135.29999999999998 100.5
-159.89999999999998 -135.29999999999998 120.60000000000001
-159.89999999999998 -131.2 -120.60000000000001
-159.89999999999998 -131.2 -100.5
-159.89999999999998 -131.2 -80.4
-159.89999999999998 -131.2 -60.300000000000004
-159.89999999999998 -131.2 -40.2
-159.89999999999998 -131.2 -20.1
-159.89999999999998 -131.2 0.0
-159.89999999999998 -131.2 20.1
-159.89999999999998 -131.2 40.2
-159.89999999999998 -131.2 60.300000000000004
-159.89999999999998 -131.2 80.4
-159.89999999999998 -131.2 100.5
-159.89999999999998 -131.2 120.60000000000001
-159.89999999999998 -127.1 -120.60000000000001
-159.89999999999998 -127.1 -100.5
-159.89999999999998 -127.1 -80.4
-159.89999999999998 -127.1 -60.300000000000004
-159.89999999999998 -127.1 -40.2
-159.89999999999998 -127.1 -20.1
-159.89999999999998 -127.1 0.0
-159.89999999999998 -127.1 20.1
-159.89999999999998 -127.1 40.2
-159.89999999999998 -127.1 60.300000000000004
-159.89999999999998 -127.1 80.4
-159.89999999999998 -127.1 100.5
-159.89999999999998 -127.1 120.60000000000001
-159.89999999999998 -122.99999999999999 -120.60000000000001
-159.89999999999998 -122.99999999999999 -100.5
-159.89999999999998 -122.99999999999999 -80.4
-159.89999999999998 -122.99999999999999 -60.300000000000004
-159.89999999999998 -122.99999999999999 -40.2
-159.89999999999998 -122.99999999999999 -20.1
-159.89999999999998 -122.99999999999999 0.0
-159.89999999999998 -122.99999999999999 20.1
-159.89999999999998 -122.99999999999999 40.2
-159.89999999999998 -122.99999999999999 60.300000000000004
-159.89999999999998 -122.99999999999999 80.4
-159.89999999999998 -122.99999999999999 100.5
-159.89999999999998 -122.99999999999999 120.60000000000001
-159.89999999999998 -118.89999999999999 -120.60000000000001
-159.89999999999998 -118.89999999999999 -100.5
-159.89999999999998 -118.89999999999999 -80.4
-159.89999999999998 -118.89999999999999 -60.300000000000004
-159.89999999999998 -118.89999999999999 -40.2
-159.89999999999998 -118.89999999999999 -20.1
-159.89999999999998 -118.89999999999999 0.0
-159.89999999999998 -118.89999999999999 20.1
-159.89999999999998 -118.89999999999999 40.2
-159.89999999999998 -118.89999999999999 60.300000000000004
-159.89999999999998 -118.89999999999999 80.4
-159.89999999999998 -118.89999999999999 100.5
-159.89999999999998 -118.89999999999999 120.60000000000001
-159.89999999999998 -114.79999999999998 -120.60000000000001
-159.89999999999998 -114.79999999999998 -100.5
-159.89999999999998 -114.79999999999998 -80.4
-159.89999999999998 -114.79999999999998 -60.300000000000004
-159.89999999999998 -114.79999999999998 -40.2
-159.89999999999998 -114.79999999999998 -20.1
-159.89999999999998 -114.79999999999998 0.0
-159.89999999999998 -114.79999999999998 20.1
-159.89999999999998 -114.79999999999998 40.2
-159.89999999999998 -114.79999999999998 60.300000000000004
-159.89999999999998 -114.79999999999998 80.4
-159.89999999999998 -114.79999999999998 100.5
-159.89999999999998 -114.79999999999998 120.60000000000001
-159.89999999999998 -110.69999999999999 -120.60000000000001
-159.89999999999998 -110.69999999999999 -100.5
-159.89999999999998 -110.69999999999999 -80.4
-159.89999999999998 -110.69999999999999 -60.300000000000004
-159.89999999999998 -110.69999999999999 -40.2
-159.89999999999998 -110.69999999999999 -20.1
-159.89999999999998 -110.69999999999999 0.0
-159.89999999999998 -110.69999999999999 20.1
-159.89999999999998 -110.69999999999999 40.2
-159.89999999999998 -110.69999999999999 60.300000000000004
-159.89999999999998 -110.69999999999999 80.4
-159.89999999999998 -110.69999999999999 100.5
-159.89999999999998 -110.69999999999999 120.60000000000001
-159.89999999999998 -106.6 -120.60000000000001
-159.89999999999998 -106.6 -100.5
-159.89999999999998 -106.6 -80.4
-159.89999999999998 -106.6 -60.300000000000004
-159.89999999999998 -106.6 -40.2
-159.89999999999998 -106.6 -20.1
-159.89999999999998 -106.6 0.0
-159.89999999999998 -106.6 20.1
-159.89999999999998 -106.6 40.2
-159.89999999999998 -106.6 60.300000000000004
-159.89999999999998 -106.6 80.4
-159.89999999999998 -106.6 100.5
-159.89999999999998 -106.6 120.60000000000001
-159.89999999999998 -102.49999999999999 -120.60000000000001
-159.89999999999998 -102.49999999999999 -100.5
-159.89999999999998 -102.49999999999999 -80.4
-159.89999999999998 -102.49999999999999 -60.300000000000004
-159.89999999999998 -102.49999999999999 -40.2
-159.89999999999998 -102.49999999999999 -20.1
-159.89999999999998 -102.49999999999999 0.0
-159.89999999999998 -102.49999999999999 20.1
-159.89999999999998 -102.49999999999999 40.2
-159.89999999999998 -102.49999999999999 60.300000000000004
-159.89999999999998 -102.49999999999999 80.4
-159.89999999999998 -102.49999999999999 100.5
-159.89999999999998 -102.49999999999999 120.60000000000001
-159.89999999999998 102.49999999999999 -120.60000000000001
-159.89999999999998 102.49999999999999 -100.5
-159.89999999999998 102.49999999999999 -80.4
-159.89999999999998 102.49999999999999 -60.300000000000004
-159.89999999999998 102.49999999999999 -40.2
-159.89999999999998 102.49999999999999 -20.1
-159.89999999999998 102.49999999999999 0.0
-159.89999999999998 102.49999999999999 20.1
-159.89999999999998 102.49999999999999 40.2
-159.89999999999998 102.49999999999999 60.300000000000004
-159.89999999999998 102.49999999999999 80.4
-159.89999999999998 102.49999999999999 100.5
-159.89999999999998 102.49999999999999 120.60000000000001
-159.89999999999998 106.6 -120.60000000000001
-159.89999999999998 106.6 -100.5
-159.89999999999998 106.6 -80.4
-159.89999999999998 106.6 -60.300000000000004
-159.89999999999998 106.6 -40.2
-159.89999999999998 106.6 -20.1
-159.89999999999998 106.6 0.0
-159.89999999999998 106.6 20.1
-159.89999999999998 106.6 40.2
-159.89999999999998 106.6 60.300000000000004
-159.89999999999998 106.6 80.4
-159.89999999999998 106.6 100.5
-159.89999999999998 106.6 120.60000000000001
-159.89999999999998 110.69999999999999 -120.60000000000001
-159.89999999999998 110.69999999999999 -100.5
-159.89999999999998 110.69999999999999 -80.4
-159.89999999999998 110.69999999999999 -60.300000000000004
-159.89999999999998 110.69999999999999 -40.2
-159.89999999999998 110.69999999999999 -20.1
-159.89999999999998 110.69999999999999 0.0
-159.89999999999998 110.69999999999999 20.1
-159.89999999999998 110.69999999999999 40.2
-159.89999999999998 110.69999999999999 60.300000000000004
-159.89999999999998 110.69999999999999 80.4
-159.89999999999998 110.69999999999999 100.5
-159.89999999999998 110.69999999999999 120.60000000000001
-159.89999999999998 114.79999999999998 -120.60000000000001
-159.89999999999998 114.79999999999998 -100.5
-159.89999999999998 114.79999999999998 -80.4
-159.89999999999998 114.79999999999998 -60.300000000000004
-159.89999999999998 114.79999999999998 -40.2
-159.89999999999998 114.79999999999998 -20.1
-159.89999999999998 114.79999999999998 0.0
-159.89999999999998 114.79999999999998 20.1
-159.89999999999998 114.79999999999998 40.2
-159.89999999999998 114.79999999999998 60.300000000000004
-159.89999999999998 114.79999999999998 80.4
-159.89999999999998 114.79999999999998 100.5
-159.89999999999998 114.79999999999998 120.60000000000001
-159.89999999999998 118.89999999999999 -120.60000000000001
-159.89999999999998 118.89999999999999 -100.5
-159.89999999999998 118.89999999999999 -80.4
-159.89999999999998 118.89999999999999 -60.300000000000004
-159.89999999999998 118.89999999999999 -40.2
-159.89999999999998 118.89999999999999 -20.1
-159.89999999999998 118.89999999999999 0.0
-159.89999999999998 118.89999999999999 20.1
-159.89999999999998 118.89999999999999 40.2
-159.89999999999998 118.89999999999999 60.300000000000004
-159.89999999999998 118.89999999999999 80.4
-159.89999999999998 118.89999999999999 100.5
-159.89999999999998 118.89999999999999 120.60000000000001
-159.89999999999998 122.99999999999999 -120.60000000000001
-159.89999999999998 122.99999999999999 -100.5
-159.89999999999998 122.99999999999999 -80.4
-159.89999999999998 122.99999999999999 -60.300000000000004
-159.89999999999998 122.99999999999999 -40.2
-159.89999999999998 122.99999999999999 -20.1
-159.89999999999998 122.99999999999999 0.0
-159.89999999999998 122.99999999999999 20.1
-159.89999999999998 122.99999999999999 40.2
-159.89999999999998 122.99999999999999 60.300000000000004
-159.89999999999998 122.99999999999999 80.4
-159.89999999999998 122.99999999999999 100.5
-159.89999999999998 122.99999999999999 120.60000000000001
-159.89999999999998 127.1 -120.60000000000001
-159.89999999999998 127.1 -100.5
-159.89999999999998 127.1 -80.4
-159.89999999999998 127.1 -60.300000000000004
-159.89999999999998 127.1 -40.2
-159.89999999999998 127.1 -20.1
-159.89999999999998 127.1 0.0
-159.89999999999998 127.1 20.1
-159.89999999999998 127.1 40.2
-159.89999999999998 127.1 60.300000000000004
-159.89999999999998 127.1 80.4
-159.89999999999998 127.1 100.5
-159.89999999999998 127.1 120.60000000000001
-159.89999999999998 131.2 -120.60000000000001
-159.89999999999998 131.2 -100.5
-159.89999999999998 131.2 -80.4
-159.89999999999998 131.2 -60.300000000000004
-159.89999999999998 131.2 -40.2
-159.89999999999998 131.2 -20.1
-159.89999999999998 131.2 0.0
-159.89999999999998 131.2 20.1
-159.89999999999998 131.2 40.2
-159.89999999999998 131.2 60.300000000000004
-159.89999999999998 131.2 80.4
-159.89999999999998 131.2 100.5
-159.89999999999998 131.2 120.60000000000001
-159.89999999999998 135.29999999999998 -120.60000000000001
-159.89999999999998 135.29999999999998 -100.5
-159.89999999999998 135.29999999999998 -80.4
-159.89999999999998 135.29999999999998 -60.300000000000004
-159.89999999999998 135.29999999999998 -40.2
-159.89999999999998 135.29999999999998 -20.1
-159.89999999999998 135.29999999999998 0.0
-159.89999999999998 135.29999999999998 20.1
-159.89999999999998 135.29999999999998 40.2
-159.89999999999998 135.29999999999998 60.300000000000004
-159.89999999999998 135.29999999999998 80.4
-159.89999999999998 135.29999999999998 100.5
-159.89999999999998 135.29999999999998 120.60000000000001
-159.89999999999998 139.39999999999998 -120.60000000000001
-159.89999999999998 139.39999999999998 -100.5
-159.89999999999998 139.39999999999998 -80.4
-159.89999999999998 139.39999999999998 -60.300000000000004
-159.89999999999998 139.39999999999998 -40.2
-159.89999999999998 139.39999999999998 -20.1
-159.89999999999998 139.39999999999998 0.0
-159.89999999999998 139.39999999999998 20.1
-159.89999999999998 139.39999999999998 40.2
-159.89999999999998 139.39999999999998 60.300000000000004
-159.89999999999998 139.39999999999998 80.4
-159.89999999999998 139.39999999999998 100.5
-159.89999999999998 139.39999999999998 120.60000000000001
-159.89999999999998 143.5 -120.60000000000001
-159.89999999999998 143.5 -100.5
-159.89999999999998 143.5 -80.4
-159.89999999999998 143.5 -60.300000000000004
-159.89999999999998 143.5 -40.2
-159.89999999999998 143.5 -20.1
-159.89999999999998 143.5 0.0
-159.89999999999998 143.5 20.1
-159.89999999999998 143.5 40.2
-159.89999999999998 143.5 60.300000000000004
-159.89999999999998 143.5 80.4
-159.89999999999998 143.5 100.5
-159.89999999999998 143.5 120.60000000000001
-155.79999999999998 -147.6 -120.60000000000001
-155.79999999999998 -147.6 -100.5
-155.79999999999998 -147.6 -80.4
-155.79999999999998 -147.6 -60.300000000000004
-155.79999999999998 -147.6 -40.2
-155.79999999999998 -147.6 -20.1
-155.79999999999998 -147.6 0.0
-155.79999999999998 -147.6 20.1
-155.79999999999998 -147.6 40.2
-155.79999999999998 -147.6 60.300000000000004
-155.79999999999998 -147.6 80.4
-155.79999999999998 -147.6 100.5
-155.79999999999998 -147.6 120.60000000000001
-155.79999999999998 -143.5 -120.60000000000001
-155.79999999999998 -143.5 -100.5
-155.79999999999998 -143.5 -80.4
-155.79999999999998 -143.5 -60.300000000000004
-155.79999999999998 -143.5 -40.2
-155.79999999999998 -143.5 -20.1
-155.79999999999998 -143.5 0.0
-155.79999999999998 -143.5 20.1
-155.79999999999998 -143.5 40.2
-155.79999999999998 -143.5 60.300000000000004
-155.79999999999998 -143.5 80.4
-155.79999999999998 -143.5 100.5
-155.79999999999998 -143.5 120.60000000000001
-155.79999999999998 -139.39999999999998 -120.60000000000001
-155.79999999999998 -139.39999999999998 -100.5
-155.79999999999998 -139.39999999999998 -80.4
-155.79999999999998 -139.39999999999998 -60.300000000000004
-155.79999999999998 -139.39999999999998 -40.2
-155.79999999999998 -139.39999999999998 -20.1
-155.79999999999998 -139.39999999999998 0.0
-155.79999999999998 -139.39999999999998 20.1
-155.79999999999998 -139.39999999999998 40.2
-155.79999999999998 -139.39999999999998 60.300000000000004
-155.79999999999998 -139.39999999999998 80.4
-155.79999999999998 -139.39999999999998 100.5
-155.79999999999998 -139.39999999999998 120.60000000000001
-155.79999999999998 -135.29999999999998 -120.60000000000001
-155.79999999999998 -135.29999999999998 -100.5
-155.79999999999998 -135.29999999999998 -80.4
-155.79999999999998 -135.29999999999998 -60.300000000000004
-155.79999999999998 -135.29999999999998 -40.2
-155.79999999999998 -135.29999999999998 -20.1
-155.79999999999998 -135.29999999999998 0.0
-155.79999999999998 -135.29999999999998 20.1
-155.79999999999998 -135.29999999999998 40.2
-155.79999999999998 -135.29999999999998 60.300000000000004
-155.79999999999998 -135.29999999999998 80.4
-155.79999999999998 -135.29999999999998 100.5
-155.79999999999998 -135.29999999999998 120.60000000000001
-155.79999999999998 -131.2 -120.60000000000001
-155.79999999999998 -131.2 -100.5
-155.79999999999998 -131.2 -80.4
-155.79999999999998 -131.2 -60.300000000000004
-155.79999999999998 -131.2 -40.2
-155.79999999999998 -131.2 -20.1
-155.79999999999998 -131.2 0.0
-155.79999999999998 -131.2 20.1
-155.79999999999998 -131.2 40.2
-155.79999999999998 -131.2 60.300000000000004
-155.79999999999998 -131.2 80.4
-155.79999999999998 -131.2 100.5
-155.79999999999998 -131.2 120.60000000000001
-155.79999999999998 -127.1 -120.60000000000001
-155.79999999999998 -127.1 -100.5
-155.79999999999998 -127.1 -80.4
-155.79999999999998 -127.1 -60.300000000000004
-155.79999999999998 -127.1 -40.2
-155.79999999999998 -127.1 -20.1
-155.79999999999998 -127.1 0.0
-155.79999999999998 -127.1 20.1
-155.79999999999998 -127.1 40.2
-155.79999999999998 -127.1 60.300000000000004
-155.79999999999998 -127.1 80.4
-155.79999999999998 -127.1 100.5
-155.79999999999998 -127.1 120.60000000000001
-155.79999999999998 -122.99999999999999 -120.60000000000001
-155.79999999999998 -122.99999999999999 -100.5
-155.79999999999998 -122.99999999999999 -80.4
-155.79999999999998 -122.99999999999999 -60.300000000000004
-155.79999999999998 -122.99999999999999 -40.2
-155.79999999999998 -122.99999999999999 -20.1
-155.79999999999998 -122.99999999999999 0.0
-155.79999999999998 -122.99999999999999 20.1
-155.79999999999998 -122.99999999999999 40.2
-155.79999999999998 -122.99999999999999 60.300000000000004
-155.79999999999998 -122.99999999999999 80.4
-155.79999999999998 -122.99999999999999 100.5
-155.79999999999998 -122.99999999999999 120.60000000000001
-155.79999999999998 -118.89999999999999 -120.60000000000001
-155.79999999999998 -118.89999999999999 -100.5
-155.79999999999998 -118.89999999999999 -80.4
-155.79999999999998 -118.89999999999999 -60.300000000000004
-155.79999999999998 -118.89999999999999 -40.2
-155.79999999999998 -118.89999999999999 -20.1
-155.79999999999998 -118.89999999999999 0.0
-155.79999999999998 -118.89999999999999 20.1
-155.79999999999998 -118.89999999999999 40.2
-155.79999999999998 -118.89999999999999 60.300000000000004
-155.79999999999998 -118.89999999999999 80.4
-155.79999999999998 -118.89999999999999 100.5
-155.79999999999998 -118.89999999999999 120.60000000000001
-155.79999999999998 -114.79999999999998 -120.60000000000001
-155.79999999999998 -114.79999999999998 -100.5
-155.79999999999998 -114.79999999999998 -80.4
-155.79999999999998 -114.79999999999998 -60.300000000000004
-155.79999999999998 -114.79999999999998 -40.2
-155.79999999999998 -114.79999999999998 -20.1
-155.79999999999998 -114.79999999999998 0.0
-155.79999999999998 -114.79999999999998 20.1
-155.79999999999998 -114.79999999999998 40.2
-155.79999999999998 -114.79999999999998 60.300000000000004
-155.79999999999998 -114.79999999999998 80.4
-155.79999999999998 -114.79999999999998 100.5
-155.79999999999998 -114.79999999999998 120.60000000000001
-155.79999999999998 -110.69999999999999 -120.60000000000001
-155.79999999999998 -110.69999999999999 -100.5
-155.79999999999998 -110.69999999999999 -80.4
-155.79999999999998 -110.69999999999999 -60.300000000000004
-155.79999999999998 -110.69999999999999 -40.2
-155.79999999999998 -110.69999999999999 -20.1
-155.79999999999998 -110.69999999999999 0.0
-155.79999999999998 -110.69999999999999 20.1
-155.79999999999998 -110.69999999999999 40.2
-155.79999999999998 -110.69999999999999 60.300000000000004
-155.79999999999998 -110.69999999999999 80.4
-155.79999999999998 -110.69999999999999 100.5
-155.79999999999998 -110.69999999999999 120.60000000000001
-155.79999999999998 -106.6 -120.60000000000001
-155.79999999999998 -106.6 -100.5
-155.79999999999998 -106.6 -80.4
-155.79999999999998 -106.6 -60.300000000000004
-155.79999999999998 -106.6 -40.2
-155.79999999999998 -106.6 -20.1
-155.79999999999998 -106.6 0.0
-155.79999999999998 -106.6 20.1
-155.79999999999998 -106.6 40.2
-155.79999999999998 -106.6 60.300000000000004
-155.79999999999998 -106.6 80.4
-155.79999999999998 -106.6 100.5
-155.79999999999998 -106.6 120.60000000000001
-155.79999999999998 106.6 -120.60000000000001
-155.79999999999998 106.6 -100.5
-155.79999999999998 106.6 -80.4
-155.79999999999998 106.6 -60.300000000000004
-155.79999999999998 106.6 -40.2
-155.79999999999998 106.6 -20.1
-155.79999999999998 106.6 0.0
-155.79999999999998 106.6 20.1
-155.79999999999998 106.6 40.2
-155.79999999999998 106.6 60.300000000000004
-155.79999999999998 106.6 80.4
-155.79999999999998 106.6 100.5
-155.79999999999998 106.6 120.60000000000001
-155.79999999999998 110.69999999999999 -120.60000000000001
-155.79999999999998 110.69999999999999 -100.5
-155.79999999999998 110.69999999999999 -80.4
-155.79999999999998 110.69999999999999 -60.300000000000004
-155.79999999999998 110.69999999999999 -40.2
-155.79999999999998 110.69999999999999 -20.1
-155.79999999999998 110.69999999999999 0.0
-155.79999999999998 110.69999999999999 20.1
-155.79999999999998 110.69999999999999 40.2
-155.79999999999998 110.69999999999999 60.300000000000004
-155.79999999999998 110.69999999999999 80.4
-155.79999999999998 110.69999999999999 100.5
-155.79999999999998 110.69999999999999 120.60000000000001
-155.79999999999998 114.79999999999998 -120.60000000000001
-155.79999999999998 114.79999999999998 -100.5
-155.79999999999998 114.79999999999998 -80.4
-155.79999999999998 114.79999999999998 -60.300000000000004
-155.79999999999998 114.79999999999998 -40.2
-155.79999999999998 114.79999999999998 -20.1
-155.79999999999998 114.79999999999998 0.0
-155.79999999999998 114.79999999999998 20.1
-155.79999999999998 114.79999999999998 40.2
-155.79999999999998 114.79999999999998 60.300000000000004
-155.79999999999998 114.79999999999998 80.4
-155.79999999999998 114.79999999999998 100.5
-155.79999999999998 114.79999999999998 120.60000000000001
-155.79999999999998 118.89999999999999 -120.60000000000001
-155.79999999999998 118.89999999999999 -100.5
-155.79999999999998 118.89999999999999 -80.4
-155.79999999999998 118.89999999999999 -60.300000000000004
-155.79999999999998 118.89999999999999 -40.2
-155.79999999999998 118.89999999999999 -20.1
-155.79999999999998 118.89999999999999 0.0
-155.79999999999998 118.89999999999999 20.1
-155.79999999999998 118.89999999999999 40.2
-155.79999999999998 118.89999999999999 60.300000000000004
-155.79999999999998 118.89999999999999 80.4
-155.79999999999998 118.89999999999999 100.5
-155.79999999999998 118.89999999999999 120.60000000000001
-155.79999999999998 122.99999999999999 -120.60000000000001
-155.79999999999998 122.99999999999999 -100.5
-155.79999999999998 122.99999999999999 -80.4
-155.79999999999998 122.99999999999999 -60.300000000000004
-155.79999999999998 122.99999999999999 -40.2
-155.79999999999998 122.99999999999999 -20.1
-155.79999999999998 122.99999999999999 0.0
-155.79999999999998 122.99999999999999 20.1
-155.79999999999998 122.99999999999999 40.2
-155.79999999999998 122.99999999999999 60.300000000000004
-155.79999999999998 122.99999999999999 80.4
-155.79999999999998 122.99999999999999 100.5
-155.79999999999998 122.99999999999999 120.60000000000001
-155.79999999999998 127.1 -120.60000000000001
-155.79999999999998 127.1 -100.5
-155.79999999999998 127.1 -80.4
-155.79999999999998 127.1 -60.300000000000004
-155.79999999999998 127.1 -40.2
-155.79999999999998 127.1 -20.1
-155.79999999999998 127.1 0.0
-155.79999999999998 127.1 20.1
-155.79999999999998 127.1 40.2
-155.79999999999998 127.1 60.300000000000004
-155.79999999999998 127.1 80.4
-155.79999999999998 127.1 100.5
-155.79999999999998 127.1 120.60000000000001
-155.79999999999998 131.2 -120.60000000000001
-155.79999999999998 131.2 -100.5
-155.79999999999998 131.2 -80.4
-155.79999999999998 131.2 -60.300000000000004
-155.79999999999998 131.2 -40.2
-155.79999999999998 131.2 -20.1
-155.79999999999998 131.2 0.0
-155.79999999999998 131.2 20.1
-155.79999999999998 131.2 40.2
-155.79999999999998 131.2 60.300000000000004
-155.79999999999998 131.2 80.4
-155.79999999999998 131.2 100.5
-155.79999999999998 131.2 120.60000000000001
-155.79999999999998 135.29999999999998 -120.60000000000001
-155.79999999999998 135.29999999999998 -100.5
-155.79999999999998 135.29999999999998 -80.4
-155.79999999999998 135.29999999999998 -60.300000000000004
-155.79999999999998 135.29999999999998 -40.2
-155.79999999999998 135.29999999999998 -20.1
-155.79999999999998 135.29999999999998 0.0
-155.79999999999998 135.29999999999998 20.1
-155.79999999999998 135.29999999999998 40.2
-155.79999999999998 135.29999999999998 60.300000000000004
-155.79999999999998 135.29999999999998 80.4
-155.79999999999998 135.29999999999998 100.5
-155.79999999999998 135.29999999999998 120.60000000000001
-155.79999999999998 139.39999999999998 -120.60000000000001
-155.79999999999998 139.39999999999998 -100.5
-155.79999999999998 139.39999999999998 -80.4
-155.79999999999998 139.39999999999998 -60.300000000000004
-155.79999999999998 139.39999999999998 -40.2
-155.79999999999998 139.39999999999998 -20.1
-155.79999999999998 139.39999999999998 0.0
-155.79999999999998 139.39999999999998 20.1
-155.79999999999998 139.39999999999998 40.2
-155.79999999999998 139.39999999999998 60.300000000000004
-155.79999999999998 139.39999999999998 80.4
-155.79999999999998 139.39999999999998 100.5
-155.79999999999998 139.39999999999998 120.60000000000001
-155.79999999999998 143.5 -120.60000000000001
-155.79999999999998 143.5 -100.5
-155.79999999999998 143.5 -80.4
-155.79999999999998 143.5 -60.300000000000004
-155.79999999999998 143.5 -40.2
-155.79999999999998 143.5 -20.1
-155.79999999999998 143.5 0.0
-155.79999999999998 143.5 20.1
-155.79999999999998 143.5 40.2
-155.79999999999998 143.5 60.300000000000004
-155.79999999999998 143.5 80.4
-155.79999999999998 143.5 100.5
-155.79999999999998 143.5 120.60000000000001
-155.79999999999998 147.6 -120.60000000000001
-155.79999999999998 147.6 -100.5
-155.79999999999998 147.6 -80.4
-155.79999999999998 147.6 -60.300000000000004
-155.79999999999998 147.6 -40.2
-155.79999999999998 147.6 -20.1
-155.79999999999998 147.6 0.0
-155.79999999999998 147.6 20.1
-155.79999999999998 147.6 40.2
-155.79999999999998 147.6 60.300000000000004
-155.79999999999998 147.6 80.4
-155.79999999999998 147.6 100.5
-155.79999999999998 147.6 120.60000000000001
-151.7 -151.7 -120.60000000000001
-151.7 -151.7 -100.5
-151.7 -151.7 -80.4
-151.7 -151.7 -60.300000000000004
-151.7 -151.7 -40.2
-151.7 -151.7 -20.1
-151.7 -151.7 0.0
-151.7 -151.7 20.1
-151.7 -151.7 40.2
-151.7 -151.7 60.300000000000004
-151.7 -151.7 80.4
-151.7 -151.7 100.5
-151.7 -151.7 120.60000000000001
-151.7 -147.6 -120.60000000000001
-151.7 -147.6 -100.5
-151.7 -147.6 -80.4
-151.7 -147.6 -60.300000000000004
-151.7 -147.6 -40.2
-151.7 -147.6 -20.1
-151.7 -147.6 0.0
-151.7 -147.6 20.1
-151.7 -147.6 40.2
-151.7 -147.6 60.300000000000004
-151.7 -147.6 80.4
-151.7 -147.6 100.5
-151.7 -147.6 120.60000000000001
-151.7 -143.5 -120.60000000000001
-151.7 -143.5 -100.5
-151.7 -143.5 -80.4
-151.7 -143.5 -60.300000000000004
-151.7 -143.5 -40.2
-151.7 -143.5 -20.1
-151.7 -143.5 0.0
-151.7 -143.5 20.1
-151.7 -143.5 40.2
-151.7 -143.5 60.300000000000004
-151.7 -143.5 80.4
-151.7 -143.5 100.5
-151.7 -143.5 120.60000000000001
-151.7 -139.39999999999998 -120.60000000000001
-151.7 -139.39999999999998 -100.5
-151.7 -139.39999999999998 -80.4
-151.7 -139.39999999999998 -60.300000000000004
-151.7 -139.39999999999998 -40.2
-151.7 -139.39999999999998 -20.1
-151.7 -139.39999999999998 0.0
-151.7 -139.39999999999998 20.1
-151.7 -139.39999999999998 40.2
-151.7 -139.39999999999998 60.300000000000004
-151.7 -139.39999999999998 80.4
-151.7 -139.39999999999998 100.5
-151.7 -139.39999999999998 120.60000000000001
-151.7 -135.29999999999998 -120.60000000000001
-151.7 -135.29999999999998 -100.5
-151.7 -135.29999999999998 -80.4
-151.7 -135.29999999999998 -60.300000000000004
-151.7 -135.29999999999998 -40.2
-151.7 -135.29999999999998 -20.1
-151.7 -135.29999999999998 0.0
-151.7 -135.29999999999998 20.1
-151.7 -135.29999999999998 40.2
-151.7 -135.29999999999998 60.300000000000004
-151.7 -135.29999999999998 80.4
-151.7 -135.29999999999998 100.5
-151.7 -135.29999999999998 120.60000000000001
-151.7 -131.2 -120.60000000000001
-151.7 -131.2 -100.5
-151.7 -131.2 -80.4
-151.7 -131.2 -60.300000000000004
-151.7 -131.2 -40.2
-151.7 -131.2 -20.1
-151.7 -131.2 0.0
-151.7 -131.2 20.1
-151.7 -131.2 40.2
-151.7 -131.2 60.300000000000004
-151.7 -131.2 80.4
-151.7 -131.2 100.5
-151.7 -131.2 120.60000000000001
-151.7 -127.1 -120.60000000000001
-151.7 -127.1 -100.5
-151.7 -127.1 -80.4
-151.7 -127.1 -60.300000000000004
-151.7 -127.1 -40.2
-151.7 -127.1 -20.1
-151.7 -127.1 0.0
-151.7 -127.1 20.1
-151.7 -127.1 40.2
-151.7 -127.1 60.300000000000004
-151.7 -127.1 80.4
-151.7 -127.1 100.5
-151.7 -127.1 120.60000000000001
-151.7 -122.99999999999999 -120.60000000000001
-151.7 -122.99999999999999 -100.5
-151.7 -122.99999999999999 -80.4
-151.7 -122.99999999999999 -60.300000000000004
-151.7 -122.99999999999999 -40.2
-151.7 -122.99999999999999 -20.1
-151.7 -122.99999999999999 0.0
-151.7 -122.99999999999999 20.1
-151.7 -122.99999999999999 40.2
-151.7 -122.99999999999999 60.300000000000004
-151.7 -122.99999999999999 80.4
-151.7 -122.99999999999999 100.5
-151.7 -122.99999999999999 120.60000000000001
-151.7 -118.89999999999999 -120.60000000000001
-151.7 -118.89999999999999 -100.5
-151.7 -118.89999999999999 -80.4
-151.7 -118.89999999999999 -60.300000000000004
-151.7 -118.89999999999999 -40.2
-151.7 -118.89999999999999 -20.1
-151.7 -118.89999999999999 0.0
-151.7 -118.89999999999999 20.1
-151.7 -118.89999999999999 40.2
-151.7 -118.89999999999999 60.300000000000004
-151.7 -118.89999999999999 80.4
-151.7 -118.89999999999999 100.5
-151.7 -118.89999999999999 120.60000000000001
-151.7 -114.79999999999998 -120.60000000000001
-151.7 -114.79999999999998 -100.5
-151.7 -114.79999999999998 -80.4
-151.7 -114.79999999999998 -60.300000000000004
-151.7 -114.79999999999998 -40.2
-151.7 -114.79999999999998 -20.1
-151.7 -114.79999999999998 0.0
-151.7 -114.79999999999998 20.1
-151.7 -114.79999999999998 40.2
-151.7 -114.79999999999998 60.300000000000004
-151.7 -114.79999999999998 80.4
-151.7 -114.79999999999998 100.5
-151.7 -114.79999999999998 120.60000000000001
-151.7 114.79999999999998 -120.60000000000001
-151.7 114.79999999999998 -100.5
-151.7 114.79999999999998 -80.4
-151.7 114.79999999999998 -60.300000000000004
-151.7 114.79999999999998 -40.2
-151.7 114.79999999999998 -20.1
-151.7 114.79999999999998 0.0
-151.7 114.79999999999998 20.1
-151.7 114.79999999999998 40.2
-151.7 114.79999999999998 60.300000000000004
-151.7 114.79999999999998 80.4
-151.7 114.79999999999998 100.5
-151.7 114.79999999999998 120.60000000000001
-151.7 118.89999999999999 -120.60000000000001
-151.7 118.89999999999999 -100.5
-151.7 118.89999999999999 -80.4
-151.7 118.89999999999999 -60.300000000000004
-151.7 118.89999999999999 -40.2
-151.7 118.89999999999999 -20.1
-151.7 118.89999999999999 0.0
-151.7 118.89999999999999 20.1
-151.7 118.89999999999999 40.2
-151.7 118.89999999999999 60.300000000000004
-151.7 118.89999999999999 80.4
-151.7 118.89999999999999 100.5
-151.7 118.89999999999999 120.60000000000001
-151.7 122.99999999999999 -120.60000000000001
-151.7 122.99999999999999 -100.5
-151.7 122.99999999999999 -80.4
-151.7 122.99999999999999 -60.300000000000004
-151.7 122.99999999999999 -40.2
-151.7 122.99999999999999 -20.1
-151.7 122.99999999999999 0.0
-151.7 122.99999999999999 20.1
-151.7 122.99999999999999 40.2
-151.7 122.99999999999999 60.300000000000004
-151.7 122.99999999999999 80.4
-151.7 122.99999999999999 100.5
-151.7 122.99999999999999 120.60000000000001
-151.7 127.1 -120.60000000000001
-151.7 127.1 -100.5
-151.7 127.1 -80.4
-151.7 127.1 -60.300000000000004
-151.7 127.1 -40.2
-151.7 127.1 -20.1
-151.7 127.1 0.0
-151.7 127.1 20.1
-151.7 127.1 40.2
-151.7 127.1 60.300000000000004
-151.7 127.1 80.4
-151.7 127.1 100.5
-151.7 127.1 120.60000000000001
-151.7 131.2 -120.60000000000001
-151.7 131.2 -100.5
-151.7 131.2 -80.4
-151.7 131.2 -60.300000000000004
-151.7 131.2 -40.2
-151.7 131.2 -20.1
-151.7 131.2 0.0
-151.7 131.2 20.1
-151.7 131.2 40.2
-151.7 131.2 60.300000000000004
-151.7 131.2 80.4
-151.7 131.2 100.5
-151.7 131.2 120.60000000000001
-151.7 135.29999999999998 -120.60000000000001
-151.7 135.29999999999998 -100.5
-151.7 135.29999999999998 -80.4
-151.7 135.29999999999998 -60.300000000000004
-151.7 135.29999999999998 -40.2
-151.7 135.29999999999998 -20.1
-151.7 135.29999999999998 0.0
-151.7 135.29999999999998 20.1
-151.7 135.29999999999998 40.2
-151.7 135.29999999999998 60.300000000000004
-151.7 135.29999999999998 80.4
-151.7 135.29999999999998 100.5
-151.7 135.29999999999998 120.60000000000001
-151.7 139.39999999999998 -120.60000000000001
-151.7 139.39999999999998 -100.5
-151.7 139.39999999999998 -80.4
-151.7 139.39999999999998 -60.300000000000004
-151.7 139.39999999999998 -40.2
-151.7 139.39999999999998 -20.1
-151.7 139.39999999999998 0.0
-151.7 139.39999999999998 20.1
-151.7 139.39999999999998 40.2
-151.7 139.39999999999998 60.300000000000004
-151.7 139.39999999999998 80.4
-151.7 139.39999999999998 100.5
-151.7 139.39999999999998 120.60000000000001
-151.7 143.5 -120.60000000000001
-151.7 143.5 -100.5
-151.7 143.5 -80.4
-151.7 143.5 -60.300000000000004
-151.7 143.5 -40.2
-151.7 143.5 -20.1
-151.7 143.5 0.0
-151.7 143.5 20.1
-151.7 143.5 40.2
-151.7 143.5 60.300000000000004
-151.7 143.5 80.4
-151.7 143.5 100.5
-151.7 143.5 120.60000000000001
-151.7 147.6 -120.60000000000001
-151.7 147.6 -100.5
-151.7 147.6 -80.4
-151.7 147.6 -60.300000000000004
-151.7 147.6 -40.2
-151.7 147.6 -20.1
-151.7 147.6 0.0
-151.7 147.6 20.1
-151.7 147.6 40.2
-151.7 147.6 60.300000000000004
-151.7 147.6 80.4
-151.7 147.6 100.5
-151.7 147.6 120.60000000000001
-151.7 151.7 -120.60000000000001
-151.7 151.7 -100.5
-151.7 151.7 -80.4
-151.7 151.7 -60.300000000000004
-151.7 151.7 -40.2
-151.7 151.7 -20.1
-151.7 151.7 0.0
-151.7 151.7 20.1
-151.7 151.7 40.2
-151.7 151.7 60.300000000000004
-151.7 151.7 80.4
-151.7 151.7 100.5
-151.7 151.7 120.60000000000001
-147.6 -155.79999999999998 -120.60000000000001
-147.6 -155.79999999999998 -100.5
-147.6 -155.79999999999998 -80.4
-147.6 -155.79999999999998 -60.300000000000004
-147.6 -155.79999999999998 -40.2
-147.6 -155.79999999999998 -20.1
-147.6 -155.79999999999998 0.0
-147.6 -155.79999999999998 20.1
-147.6 -155.79999999999998 40.2
-147.6 -155.79999999999998 60.300000000000004
-147.6 -155.79999999999998 80.4
-147.6 -155.79999999999998 100.5
-147.6 -155.79999999999998 120.60000000000001
-147.6 -151.7 -120.60000000000001
-147.6 -151.7 -100.5
-147.6 -151.7 -80.4
-147.6 -151.7 -60.300000000000004
-147.6 -151.7 -40.2
-147.6 -151.7 -20.1
-147.6 -151.7 0.0
-147.6 -151.7 20.1
-147.6 -151.7 40.2
-147.6 -151.7 60.300000000000004
-147.6 -151.7 80.4
-147.6 -151.7 100.5
-147.6 -151.7 120.60000000000001
-147.6 -147.6 -120.60000000000001
-147.6 -147.6 -100.5
-147.6 -147.6 -80.4
-147.6 -147.6 -60.300000000000004
-147.6 -147.6 -40.2
-147.6 -147.6 -20.1
-147.6 -147.6 0.0
-147.6 -147.6 20.1
-147.6 -147.6 40.2
-147.6 -147.6 60.300000000000004
-147.6 -147.6 80.4
-147.6 -147.6 100.5
-147.6 -147.6 120.60000000000001
-147.6 -143.5 -120.60000000000001
-147.6 -143.5 -100.5
-147.6 -143.5 -80.4
-147.6 -143.5 -60.300000000000004
-147.6 -143.5 -40.2
-147.6 -143.5 -20.1
-147.6 -143.5 0.0
-147.6 -143.5 20.1
-147.6 -143.5 40.2
-147.6 -143.5 60.300000000000004
-147.6 -143.5 80.4
-147.6 -143.5 100.5
-147.6 -143.5 120.60000000000001
-147.6 -139.39999999999998 -120.60000000000001
-147.6 -139.39999999999998 -100.5
-147.6 -139.39999999999998 -80.4
-147.6 -139.39999999999998 -60.300000000000004
-147.6 -139.39999999999998 -40.2
-147.6 -139.39999999999998 -20.1
-147.6 -139.39999999999998 0.0
-147.6 -139.39999999999998 20.1
-147.6 -139.39999999999998 40.2
-147.6 -139.39999999999998 60.300000000000004
-147.6 -139.39999999999998 80.4
-147.6 -139.39999999999998 100.5
-147.6 -139.39999999999998 120.60000000000001
-147.6 -135.29999999999998 -120.60000000000001
-147.6 -135.29999999999998 -100.5
-147.6 -135.29999999999998 -80.4
-147.6 -135.29999999999998 -60.300000000000004
-147.6 -135.29999999999998 -40.2
-147.6 -135.29999999999998 -20.1
-147.6 -135.29999999999998 0.0
-147.6 -135.29999999999998 20.1
-147.6 -135.29999999999998 40.2
-147.6 -135.29999999999998 60.300000000000004
-147.6 -135.29999999999998 80.4
-147.6 -135.29999999999998 100.5
-147.6 -135.29999999999998 120.60000000000001
-147.6 -131.2 -120.60000000000001
-147.6 -131.2 -100.5
-147.6 -131.2 -80.4
-147.6 -131.2 -60.300000000000004
-147.6 -131.2 -40.2
-147.6 -131.2 -20.1
-147.6 -131.2 0.0
-147.6 -131.2 20.1
-147.6 -131.2 40.2
-147.6 -131.2 60.300000000000004
-147.6 -131.2 80.4
-147.6 -131.2 100.5
-147.6 -131.2 120.60000000000001
-147.6 -127.1 -120.60000000000001
-147.6 -127.1 -100.5
-147.6 -127.1 -80.4
-147.6 -127.1 -60.300000000000004
-147.6 -127.1 -40.2
-147.6 -127.1 -20.1
-147.6 -127.1 0.0
-147.6 -127.1 20.1
-147.6 -127.1 40.2
-147.6 -127.1 60.300000000000004
-147.6 -127.1 80.4
-147.6 -127.1 100.5
-147.6 -127.1 120.60000000000001
-147.6 -122.99999999999999 -120.60000000000001
-147.6 -122.99999999999999 -100.5
-147.6 -122.99999999999999 -80.4
-147.6 -122.99999999999999 -60.300000000000004
-147.6 -122.99999999999999 -40.2
-147.6 -122.99999999999999 -20.1
-147.6 -122.99999999999999 0.0
-147.6 -122.99999999999999 20.1
-147.6 -122.99999999999999 40.2
-147.6 -122.99999999999999 60.300000000000004
-147.6 -122.99999999999999 80.4
-147.6 -122.99999999999999 100.5
-147.6 -122.99999999999999 120.60000000000001
-147.6 -118.89999999999999 -120.60000000000001
-147.6 -118.89999999999999 -100.5
-147.6 -118.89999999999999 -80.4
-147.6 -118.89999999999999 -60.300000000000004
-147.6 -118.89999999999999 -40.2
-147.6 -118.89999999999999 -20.1
-147.6 -118.89999999999999 0.0
-147.6 -118.89999999999999 20.1
-147.6 -118.89999999999999 40.2
-147.6 -118.89999999999999 60.300000000000004
-147.6 -118.89999999999999 80.4
-147.6 -118.89999999999999 100.5
-147.6 -118.89999999999999 120.60000000000001
-147.6 118.89999999999999 -120.60000000000001
-147.6 118.89999999999999 -100.5
-147.6 118.89999999999999 -80.4
-147.6 118.89999999999999 -60.300000000000004
-147.6 118.89999999999999 -40.2
-147.6 118.89999999999999 -20.1
-147.6 118.89999999999999 0.0
-147.6 118.89999999999999 20.1
-147.6 118.89999999999999 40.2
-147.6 118.89999999999999 60.300000000000004
-147.6 118.89999999999999 80.4
-147.6 118.89999999999999 100.5
-147.6 118.89999999999999 120.60000000000001
-147.6 122.99999999999999 -120.60000000000001
-147.6 122.99999999999999 -100.5
-147.6 122.99999999999999 -80.4
-147.6 122.99999999999999 -60.300000000000004
-147.6 122.99999999999999 -40.2
-147.6 122.99999999999999 -20.1
-147.6 122.99999999999999 0.0
-147.6 122.99999999999999 20.1
-147.6 122.99999999999999 40.2
-147.6 122.99999999999999 60.300000000000004
-147.6 122.99999999999999 80.4
-147.6 122.99999999999999 100.5
-147.6 122.99999999999999 120.60000000000001
-147.6 127.1 -120.60000000000001
-147.6 127.1 -100.5
-147.6 127.1 -80.4
-147.6 127.1 -60.300000000000004
-147.6 127.1 -40.2
-147.6 127.1 -20.1
-147.6 127.1 0.0
-147.6 127.1 20.1
-147.6 127.1 40.2
-147.6 127.1 60.300000000000004
-147.6 127.1 80.4
-147.6 127.1 100.5
-147.6 127.1 120.60000000000001
-147.6 131.2 -120.60000000000001
-147.6 131.2 -100.5
-147.6 131.2 -80.4
-147.6 131.2 -60.300000000000004
-147.6 131.2 -40.2
-147.6 131.2 -20.1
-147.6 131.2 0.0
-147.6 131.2 20.1
-147.6 131.2 40.2
-147.6 131.2 60.300000000000004
-147.6 131.2 80.4
-147.6 131.2 100.5
-147.6 131.2 120.60000000000001
-147.6 135.29999999999998 -120.60000000000001
-147.6 135.29999999999998 -100.5
-147.6 135.29999999999998 -80.4
-147.6 135.29999999999998 -60.300000000000004
-147.6 135.29999999999998 -40.2
-147.6 135.29999999999998 -20.1
-147.6 135.29999999999998 0.0
-147.6 135.29999999999998 20.1
-147.6 135.29999999999998 40.2
-147.6 135.29999999999998 60.300000000000004
-147.6 135.29999999999998 80.4
-147.6 135.29999999999998 100.5
-147.6 135.29999999999998 120.60000000000001
-147.6 139.39999999999998 -120.60000000000001
-147.6 139.39999999999998 -100.5
-147.6 139.39999999999998 -80.4
-147.6 139.39999999999998 -60.300000000000004
-147.6 139.39999999999998 -40.2
-147.6 139.39999999999998 -20.1
-147.6 139.39999999999998 0.0
-147.6 139.39999999999998 20.1
-147.6 139.39999999999998 40.2
-147.6 139.39999999999998 60.300000000000004
-147.6 139.39999999999998 80.4
-147.6 139.39999999999998 100.5
-147.6 139.39999999999998 120.60000000000001
-147.6 143.5 -120.60000000000001
-147.6 143.5 -100.5
-147.6 143.5 -80.4
-147.6 143.5 -60.300000000000004
-147.6 143.5 -40.2
-147.6 143.5 -20.1
-147.6 143.5 0.0
-147.6 143.5 20.1
-147.6 143.5 40.2
-147.6 143.5 60.300000000000004
-147.6 143.5 80.4
-147.6 143.5 100.5
-147.6 143.5 120.60000000000001
-147.6 147.6 -120.60000000000001
-147.6 147.6 -100.5
-147.6 147.6 -80.4
-147.6 147.6 -60.300000000000004
-147.6 147.6 -40.2
-147.6 147.6 -20.1
-147.6 147.6 0.0
-147.6 147.6 20.1
-147.6 147.6 40.2
-147.6 147.6 60.300000000000004
-147.6 147.6 80.4
-147.6 147.6 100.5
-147.6 147.6 120.60000000000001
-147.6 151.7 -120.60000000000001
-147.6 151.7 -100.5
-147.6 151.7 -80.4
-147.6 151.7 -60.300000000000004
-147.6 151.7 -40.2
-147.6 151.7 -20.1
-147.6 151.7 0.0
-147.6 151.7 20.1
-147.6 151.7 40.2
-147.6 151.7 60.300000000000004
-147.6 151.7 80.4
-147.6 151.7 100.5
-147.6 151.7 120.60000000000001
-147.6 155.79999999999998 -120.60000000000001
-147.6 155.79999999999998 -100.5
-147.6 155.79999999999998 -80.4
-147.6 155.79999999999998 -60.300000000000004
-147.6 155.79999999999998 -40.2
-147.6 155.79999999999998 -20.1
-147.6 155.79999999999998 0.0
-147.6 155.79999999999998 20.1
-147.6 155.79999999999998 40.2
-147.6 155.79999999999998 60.300000000000004
-147.6 155.79999999999998 80.4
-147.6 155.79999999999998 100.5
-147.6 155.79999999999998 120.60000000000001
-143.5 -159.89999999999998 -120.60000000000001
-143.5 -159.89999999999998 -100.5
-143.5 -159.89999999999998 -80.4
-143.5 -159.89999999999998 -60.300000000000004
-143.5 -159.89999999999998 -40.2
-143.5 -159.89999999999998 -20.1
-143.5 -159.89999999999998 0.0
-143.5 -159.89999999999998 20.1
-143.5 -159.89999999999998 40.2
-143.5 -159.89999999999998 60.300000000000004
-143.5 -159.89999999999998 80.4
-143.5 -159.89999999999998 100.5
-143.5 -159.89999999999998 120.60000000000001
-143.5 -155.79999999999998 -120.60000000000001
-143.5 -155.79999999999998 -100.5
-143.5 -155.79999999999998 -80.4
-143.5 -155.79999999999998 -60.300000000000004
-143.5 -155.79999999999998 -40.2
-143.5 -155.79999999999998 -20.1
-143.5 -155.79999999999998 0.0
-143.5 -155.79999999999998 20.1
-143.5 -155.79999999999998 40.2
-143.5 -155.79999999999998 60.300000000000004
-143.5 -155.79999999999998 80.4
-143.5 -155.79999999999998 100.5
-143.5 -155.79999999999998 120.60000000000001
-143.5 -151.7 -120.60000000000001
-143.5 -151.7 -100.5
-143.5 -151.7 -80.4
-143.5 -151.7 -60.300000000000004
-143.5 -151.7 -40.2
-143.5 -151.7 -20.1
-143.5 -151.7 0.0
-143.5 -151.7 20.1
-143.5 -151.7 40.2
-143.5 -151.7 60.300000000000004
-143.5 -151.7 80.4
-143.5 -151.7 100.5
-143.5 -151.7 120.60000000000001
-143.5 -147.6 -120.60000000000001
-143.5 -147.6 -100.5
-143.5 -147.6 -80.4
-143.5 -147.6 -60.300000000000004
-143.5 -147.6 -40.2
-143.5 -147.6 -20.1
-143.5 -147.6 0.0
-143.5 -147.6 20.1
-143.5 -147.6 40.2
-143.5 -147.6 60.300000000000004
-143.5 -147.6 80.4
-143.5 -147.6 100.5
-143.5 -147.6 120.60000000000001
-143.5 -143.5 -120.60000000000001
-143.5 -143.5 -100.5
-143.5 -143.5 -80.4
-143.5 -143.5 -60.300000000000004
-143.5 -143.5 -40.2
-143.5 -143.5 -20.1
-143.5 -143.5 0.0
-143.5 -143.5 20.1
-143.5 -143.5 40.2
-143.5 -143.5 60.300000000000004
-143.5 -143.5 80.4
-143.5 -143.5 100.5
-143.5 -143.5 120.60000000000001
-143.5 -139.39999999999998 -120.60000000000001
-143.5 -139.39999999999998 -100.5
-143.5 -139.39999999999998 -80.4
-143.5 -139.39999999999998 -60.300000000000004
-143.5 -139.39999999999998 -40.2
-143.5 -139.39999999999998 -20.1
-143.5 -139.39999999999998 0.0
-143.5 -139.39999999999998 20.1
-143.5 -139.39999999999998 40.2
-143.5 -139.39999999999998 60.300000000000004
-143.5 -139.39999999999998 80.4
-143.5 -139.39999999999998 100.5
-143.5 -139.39999999999998 120.60000000000001
-143.5 -135.29999999999998 -120.60000000000001
-143.5 -135.29999999999998 -100.5
-143.5 -135.29999999999998 -80.4
-143.5 -135.29999999999998 -60.300000000000004
-143.5 -135.29999999999998 -40.2
-143.5 -135.29999999999998 -20.1
-143.5 -135.29999999999998 0.0
-143.5 -135.29999999999998 20.1
-143.5 -135.29999999999998 40.2
-143.5 -135.29999999999998 60.300000000000004
-143.5 -135.29999999999998 80.4
-143.5 -135.29999999999998 100.5
-143.5 -135.29999999999998 120.60000000000001
-143.5 -131.2 -120.60000000000001
-143.5 -131.2 -100.5
-143.5 -131.2 -80.4
-143.5 -131.2 -60.300000000000004
-143.5 -131.2 -40.2
-143.5 -131.2 -20.1
-143.5 -131.2 0.0
-143.5 -131.2 20.1
-143.5 -131.2 40.2
-143.5 -131.2 60.300000000000004
-143.5 -131.2 80.4
-143.5 -131.2 100.5
-143.5 -131.2 120.60000000000001
-143.5 -127.1 -120.60000000000001
-143.5 -127.1 -100.5
-143.5 -127.1 -80.4
-143.5 -127.1 -60.300000000000004
-143.5 -127.1 -40.2
-143.5 -127.1 -20.1
-143.5 -127.1 0.0
-143.5 -127.1 20.1
-143.5 -127.1 40.2
-143.5 -127.1 60.300000000000004
-143.5 -127.1 80.4
-143.5 -127.1 100.5
-143.5 -127.1 120.60000000000001
-143.5 -122.99999999999999 -120.60000000000001
-143.5 -122.99999999999999 -100.5
-143.5 -122.99999999999999 -80.4
-143.5 -122.99999999999999 -60.300000000000004
-143.5 -122.99999999999999 -40.2
-143.5 -122.99999999999999 -20.1
-143.5 -122.99999999999999 0.0
-143.5 -122.99999999999999 20.1
-143.5 -122.99999999999999 40.2
-143.5 -122.99999999999999 60.300000000000004
-143.5 -122.99999999999999 80.4
-143.5 -122.99999999999999 100.5
-143.5 -122.99999999999999 120.60000000000001
-143.5 122.99999999999999 -120.60000000000001
-143.5 122.99999999999999 -100.5
-143.5 122.99999999999999 -80.4
-143.5 122.99999999999999 -60.300000000000004
-143.5 122.99999999999999 -40.2
-143.5 122.99999999999999 -20.1
-143.5 122.99999999999999 0.0
-143.5 122.99999999999999 20.1
-143.5 122.99999999999999 40.2
-143.5 122.99999999999999 60.300000000000004
-143.5 122.99999999999999 80.4
-143.5 122.99999999999999 100.5
-143.5 122.99999999999999 120.60000000000001
-143.5 127.1 -120.60000000000001
-143.5 127.1 -100.5
-143.5 127.1 -80.4
-143.5 127.1 -60.300000000000004
-143.5 127.1 -40.2
-143.5 127.1 -20.1
-143.5 127.1 0.0
-143.5 127.1 20.1
-143.5 127.1 40.2
-143.5 127.1 60.300000000000004
-143.5 127.1 80.4
-143.5 127.1 100.5
-143.5 127.1 120.60000000000001
-143.5 131.2 -120.60000000000001
-143.5 131.2 -100.5
-143.5 131.2 -80.4
-143.5 131.2 -60.300000000000004
-143.5 131.2 -40.2
-143.5 131.2 -20.1
-143.5 131.2 0.0
-143.5 131.2 20.1
-143.5 131.2 40.2
-143.5 131.2 60.300000000000004
-143.5 131.2 80.4
-143.5 131.2 100.5
-143.5 131.2 120.60000000000001
-143.5 135.29999999999998 -120.60000000000001
-143.5 135.29999999999998 -100.5
-143.5 135.29999999999998 -80.4
-143.5 135.29999999999998 -60.300000000000004
-143.5 135.29999999999998 -40.2
-143.5 135.29999999999998 -20.1
-143.5 135.29999999999998 0.0
-143.5 135.29999999999998 20.1
-143.5 135.29999999999998 40.2
-143.5 135.29999999999998 60.300000000000004
-143.5 135.29999999999998 80.4
-143.5 135.29999999999998 100.5
-143.5 135.29999999999998 120.60000000000001
-143.5 139.39999999999998 -120.60000000000001
-143.5 139.39999999999998 -100.5
-143.5 139.39999999999998 -80.4
-143.5 139.39999999999998 -60.300000000000004
-143.5 139.39999999999998 -40.2
-143.5 139.39999999999998 -20.1
-143.5 139.39999999999998 0.0
-143.5 139.39999999999998 20.1
-143.5 139.39999999999998 40.2
-143.5 139.39999999999998 60.300000000000004
-143.5 139.39999999999998 80.4
-143.5 139.39999999999998 100.5
-143.5 139.39999999999998 120.60000000000001
-143.5 143.5 -120.60000000000001
-143.5 143.5 -100.5
-143.5 143.5 -80.4
-143.5 143.5 -60.300000000000004
-143.5 143.5 -40.2
-143.5 143.5 -20.1
-143.5 143.5 0.0
-143.5 143.5 20.1
-143.5 143.5 40.2
-143.5 143.5 60.300000000000004
-143.5 143.5 80.4
-143.5 143.5 100.5
-143.5 143.5 120.60000000000001
-143.5 147.6 -120.60000000000001
-143.5 147.6 -100.5
-143.5 147.6 -80.4
-143.5 147.6 -60.300000000000004
-143.5 147.6 -40.2
-143.5 147.6 -20.1
-143.5 147.6 0.0
-143.5 147.6 20.1
-143.5 147.6 40.2
-143.5 147.6 60.300000000000004
-143.5 147.6 80.4
-143.5 147.6 100.5
-143.5 147.6 120.60000000000001
-143.5 151.7 -120.60000000000001
-143.5 151.7 -100.5
-143.5 151.7 -80.4
-143.5 151.7 -60.300000000000004
-143.5 151.7 -40.2
-143.5 151.7 -20.1
-143.5 151.7 0.0
-143.5 151.7 20.1
-143.5 151.7 40.2
-143.5 151.7 60.300000000000004
-143.5 151.7 80.4
-143.5 151.7 100.5
-143.5 151.7 120.60000000000001
-143.5 155.79999999999998 -120.60000000000001
-143.5 155.79999999999998 -100.5
-143.5 155.79999999999998 -80.4
-143.5 155.79999999999998 -60.300000000000004
-143.5 155.79999999999998 -40.2
-143.5 155.79999999999998 -20.1
-143.5 155.79999999999998 0.0
-143.5 155.79999999999998 20.1
-143.5 155.79999999999998 40.2
-143.5 155.79999999999998 60.300000000000004
-143.5 155.79999999999998 80.4
-143.5 155.79999999999998 100.5
-143.5 155.79999999999998 120.60000000000001
-143.5 159.89999999999998 -120.60000000000001
-143.5 159.89999999999998 -100.5
-143.5 159.89999999999998 -80.4
-143.5 159.89999999999998 -60.300000000000004
-143.5 159.89999999999998 -40.2
-143.5 159.89999999999998 -20.1
-143.5 159.89999999999998 0.0
-143.5 159.89999999999998 20.1
-143.5 159.89999999999998 40.2
-143.5 159.89999999999998 60.300000000000004
-143.5 159.89999999999998 80.4
-143.5 159.89999999999998 100.5
-143.5 159.89999999999998 120.60000000000001
-139.39999999999998 -164.0 -120.60000000000001
-139.39999999999998 -164.0 -100.5
-139.39999999999998 -164.0 -80.4
-139.39999999999998 -164.0 -60.300000000000004
-139.39999999999998 -164.0 -40.2
-139.39999999999998 -164.0 -20.1
-139.39999999999998 -164.0 0.0
-139.39999999999998 -164.0 20.1
-139.39999999999998 -164.0 40.2
-139.39999999999998 -164.0 60.300000000000004
-139.39999999999998 -164.0 80.4
-139.39999999999998 -164.0 100.5
-139.39999999999998 -164.0 120.60000000000001
-139.39999999999998 -159.89999999999998 -120.60000000000001
-139.39999999999998 -159.89999999999998 -100.5
-139.39999999999998 -159.89999999999998 -80.4
-139.39999999999998 -159.89999999999998 -60.300000000000004
-139.39999999999998 -159.89999999999998 -40.2
-139.39999999999998 -159.89999999999998 -20.1
-139.39999999999998 -159.89999999999998 0.0
-139.39999999999998 -159.89999999999998 20.1
-139.39999999999998 -159.89999999999998 40.2
-139.39999999999998 -159.89999999999998 60.300000000000004
-139.39999999999998 -159.89999999999998 80.4
-139.39999999999998 -159.89999999999998 100.5
-139.39999999999998 -159.89999999999998 120.60000000000001
-139.39999999999998 -155.79999999999998 -120.60000000000001
-139.39999999999998 -155.79999999999998 -100.5
-139.39999999999998 -155.79999999999998 -80.4
-139.39999999999998 -155.79999999999998 -60.300000000000004
-139.39999999999998 -155.79999999999998 -40.2
-139.39999999999998 -155.79999999999998 -20.1
-139.39999999999998 -155.79999999999998 0.0
-139.39999999999998 -155.79999999999998 20.1
-139.39999999999998 -155.79999999999998 40.2
-139.39999999999998 -155.79999999999998 60.300000000000004
-139.39999999999998 -155.79999999999998 80.4
-139.39999999999998 -155.79999999999998 100.5
-139.39999999999998 -155.79999999999998 120.60000000000001
-139.39999999999998 -151.7 -120.60000000000001
-139.39999999999998 -151.7 -100.5
-139.39999999999998 -151.7 -80.4
-139.39999999999998 -151.7 -60.300000000000004
-139.39999999999998 -151.7 -40.2
-139.39999999999998 -151.7 -20.1
-139.39999999999998 -151.7 0.0
-139.39999999999998 -151.7 20.1
-139.39999999999998 -151.7 40.2
-139.39999999999998 -151.7 60.300000000000004
-139.39999999999998 -151.7 80.4
-139.39999999999998 -151.7 100.5
-139.39999999999998 -151.7 120.60000000000001
-139.39999999999998 -147.6 -120.60000000000001
-139.39999999999998 -147.6 -100.5
-139.39999999999998 -147.6 -80.4
-139.39999999999998 -147.6 -60.300000000000004
-139.39999999999998 -147.6 -40.2
-139.39999999999998 -147.6 -20.1
-139.39999999999998 -147.6 0.0
-139.39999999999998 -147.6 20.1
-139.39999999999998 -147.6 40.2
-139.39999999999998 -147.6 60.300000000000004
-139.39999999999998 -147.6 80.4
-139.39999999999998 -147.6 100.5
-139.39999999999998 -147.6 120.60000000000001
-139.39999999999998 -143.5 -120.60000000000001
-139.39999999999998 -143.5 -100.5
-139.39999999999998 -143.5 -80.4
-139.39999999999998 -143.5 -60.300000000000004
-139.39999999999998 -143.5 -40.2
-139.39999999999998 -143.5 -20.1
-139.39999999999998 -143.5 0.0
-139.39999999999998 -143.5 20.1
-139.39999999999998 -143.5 40.2
-139.39999999999998 -143.5 60.300000000000004
-139.39999999999998 -143.5 80.4
-139.39999999999998 -143.5 100.5
-139.39999999999998 -143.5 120.60000000000001
-139.39999999999998 -139.39999999999998 -120.60000000000001
-139.39999999999998 -139.39999999999998 -100.5
-139.39999999999998 -139.39999999999998 -80.4
-139.39999999999998 -139.39999999999998 -60.300000000000004
-139.39999999999998 -139.39999999999998 -40.2
-139.39999999999998 -139.39999999999998 -20.1
-139.39999999999998 -139.39999999999998 0.0
-139.39999999999998 -139.39999999999998 20.1
-139.39999999999998 -139.39999999999998 40.2
-139.39999999999998 -139.39999999999998 60.300000000000004
-139.39999999999998 -139.39999999999998 80.4
-139.39999999999998 -139.39999999999998 100.5
-139.39999999999998 -139.39999999999998 120.60000000000001
-139.39999999999998 -135.29999999999998 -120.60000000000001
-139.39999999999998 -135.29999999999998 -100.5
-139.39999999999998 -135.29999999999998 -80.4
-139.39999999999998 -135.29999999999998 -60.300000000000004
-139.39999999999998 -135.29999999999998 -40.2
-139.39999999999998 -135.29999999999998 -20.1
-139.39999999999998 -135.29999999999998 0.0
-139.39999999999998 -135.29999999999998 20.1
-139.39999999999998 -135.29999999999998 40.2
-139.39999999999998 -135.29999999999998 60.300000000000004
-139.39999999999998 -135.29999999999998 80.4
-139.39999999999998 -135.29999999999998 100.5
-139.39999999999998 -135.29999999999998 120.60000000000001
-139.39999999999998 -131.2 -120.60000000000001
-139.39999999999998 -131.2 -100.5
-139.39999999999998 -131.2 -80.4
-139.39999999999998 -131.2 -60.300000000000004
-139.39999999999998 -131.2 -40.2
-139.39999999999998 -131.2 -20.1
-139.39999999999998 -131.2 0.0
-139.39999999999998 -131.2 20.1
-139.39999999999998 -131.2 40.2
-139.39999999999998 -131.2 60.300000000000004
-139.39999999999998 -131.2 80.4
-139.39999999999998 -131.2 100.5
-139.39999999999998 -131.2 120.60000000000001
-139.39999999999998 -127.1 -120.60000000000001
-139.39999999999998 -127.1 -100.5
-139.39999999999998 -127.1 -80.4
-139.39999999999998 -127.1 -60.300000000000004
-139.39999999999998 -127.1 -40.2
-139.39999999999998 -127.1 -20.1
-139.39999999999998 -127.1 0.0
-139.39999999999998 -127.1 20.1
-139.39999999999998 -127.1 40.2
-139.39999999999998 -127.1 60.300000000000004
-139.39999999999998 -127.1 80.4
-139.39999999999998 -127.1 100.5
-139.39999999999998 -127.1 120.60000000000001
-139.39999999999998 127.1 -120.60000000000001
-139.39999999999998 127.1 -100.5
-139.39999999999998 127.1 -80.4
-139.39999999999998 127.1 -60.300000000000004
-139.39999999999998 127.1 -40.2
-139.39999999999998 127.1 -20.1
-139.39999999999998 127.1 0.0
-139.39999999999998 127.1 20.1
-139.39999999999998 127.1 40.2
-139.39999999999998 127.1 60.300000000000004
-139.39999999999998 127.1 80.4
-139.39999999999998 127.1 100.5
-139.39999999999998 127.1 120.60000000000001
-139.39999999999998 131.2 -120.60000000000001
-139.39999999999998 131.2 -100.5
-139.39999999999998 131.2 -80.4
-139.39999999999998 131.2 -60.300000000000004
-139.39999999999998 131.2 -40.2
-139.39999999999998 131.2 -20.1
-139.39999999999998 131.2 0.0
-139.39999999999998 131.2 20.1
-139.39999999999998 131.2 40.2
-139.39999999999998 131.2 60.300000000000004
-139.39999999999998 131.2 80.4
-139.39999999999998 131.2 100.5
-139.39999999999998 131.2 120.60000000000001
-139.39999999999998 135.29999999999998 -120.60000000000001
-139.39999999999998 135.29999999999998 -100.5
-139.39999999999998 135.29999999999998 -80.4
-139.39999999999998 135.29999999999998 -60.300000000000004
-139.39999999999998 135.29999999999998 -40.2
-139.39999999999998 135.29999999999998 -20.1
-139.39999999999998 135.29999999999998 0.0
-139.39999999999998 135.29999999999998 20.1
-139.39999999999998 135.29999999999998 40.2
-139.39999999999998 135.29999999999998 60.300000000000004
-139.39999999999998 135.29999999999998 80.4
-139.39999999999998 135.29999999999998 100.5
-139.39999999999998 135.29999999999998 120.60000000000001
-139.39999999999998 139.39999999999998 -120.60000000000001
-139.39999999999998 139.39999999999998 -100.5
-139.39999999999998 139.39999999999998 -80.4
-139.39999999999998 139.39999999999998 -60.300000000000004
-139.39999999999998 139.39999999999998 -40.2
-139.39999999999998 139.39999999999998 -20.1
-139.39999999999998 139.39999999999998 0.0
-139.39999999999998 139.39999999999998 20.1
-139.39999999999998 139.39999999999998 40.2
-139.39999999999998 139.39999999999998 60.300000000000004
-139.39999999999998 139.39999999999998 80.4
-139.39999999999998 139.39999999999998 100.5
-139.39999999999998 139.39999999999998 120.60000000000001
-139.39999999999998 143.5 -120.60000000000001
-139.39999999999998 143.5 -100.5
-139.39999999999998 143.5 -80.4
-139.39999999999998 143.5 -60.300000000000004
-139.39999999999998 143.5 -40.2
-139.39999999999998 143.5 -20.1
-139.39999999999998 143.5 0.0
-139.39999999999998 143.5 20.1
-139.39999999999998 143.5 40.2
-139.39999999999998 143.5 60.300000000000004
-139.39999999999998 143.5 80.4
-139.39999999999998 143.5 100.5
-139.39999999999998 143.5 120.60000000000001
-139.39999999999998 147.6 -120.60000000000001
-139.39999999999998 147.6 -100.5
-139.39999999999998 147.6 -80.4
-139.39999999999998 147.6 -60.300000000000004
-139.39999999999998 147.6 -40.2
-139.39999999999998 147.6 -20.1
-139.39999999999998 147.6 0.0
-139.39999999999998 147.6 20.1
-139.39999999999998 147.6 40.2
-139.39999999999998 147.6 60.300000000000004
-139.39999999999998 147.6 80.4
-139.39999999999998 147.6 100.5
-139.39999999999998 147.6 120.60000000000001
-139.39999999999998 151.7 -120.60000000000001
-139.39999999999998 151.7 -100.5
-139.39999999999998 151.7 -80.4
-139.39999999999998 151.7 -60.300000000000004
-139.39999999999998 151.7 -40.2
-139.39999999999998 151.7 -20.1
-139.39999999999998 151.7 0.0
-139.39999999999998 151.7 20.1
-139.39999999999998 151.7 40.2
-139.39999999999998 151.7 60.300000000000004
-139.39999999999998 151.7 80.4
-139.39999999999998 151.7 100.5
-139.39999999999998 151.7 120.60000000000001
-139.39999999999998 155.79999999999998 -120.60000000000001
-139.39999999999998 155.79999999999998 -100.5
-139.39999999999998 155.79999999999998 -80.4
-139.39999999999998 155.79999999999998 -60.300000000000004
-139.39999999999998 155.79999999999998 -40.2
-139.39999999999998 155.79999999999998 -20.1
-139.39999999999998 155.79999999999998 0.0
-139.39999999999998 155.79999999999998 20.1
-139.39999999999998 155.79999999999998 40.2
-139.39999999999998 155.79999999999998 60.300000000000004
-139.39999999999998 155.79999999999998 80.4
-139.39999999999998 155.79999999999998 100.5
-139.39999999999998 155.79999999999998 120.60000000000001
-139.39999999999998 159.89999999999998 -120.60000000000001
-139.39999999999998 159.89999999999998 -100.5
-139.39999999999998 159.89999999999998 -80.4
-139.39999999999998 159.89999999999998 -60.300000000000004
-139.39999999999998 159.89999999999998 -40.2
-139.39999999999998 159.89999999999998 -20.1
-139.39999999999998 159.89999999999998 0.0
-139.39999999999998 159.89999999999998 20.1
-139.39999999999998 159.89999999999998 40.2
-139.39999999999998 159.89999999999998 60.300000000000004
-139.39999999999998 159.89999999999998 80.4
-139.39999999999998 159.89999999999998 100.5
-139.39999999999998 159.89999999999998 120.60000000000001
-139.39999999999998 164.0 -120.60000000000001
-139.39999999999998 164.0 -100.5
-139.39999999999998 164.0 -80.4
-139.39999999999998 164.0 -60.300000000000004
-139.39999999999998 164.0 -40.2
-139.39999999999998 164.0 -20.1
-139.39999999999998 164.0 0.0
-139.39999999999998 164.0 20.1
-139.39999999999998 164.0 40.2
-139.39999999999998 164.0 60.300000000000004
-139.39999999999998 164.0 80.4
-139.39999999999998 164.0 100.5
-139.39999999999998 164.0 120.60000000000001
-135.29999999999998 -168.1 -120.60000000000001
-135.29999999999998 -168.1 -100.5
-135.29999999999998 -168.1 -80.4
-135.29999999999998 -168.1 -60.300000000000004
-135.29999999999998 -168.1 -40.2
-135.29999999999998 -168.1 -20.1
-135.29999999999998 -168.1 0.0
-135.29999999999998 -168.1 20.1
-135.29999999999998 -168.1 40.2
-135.29999999999998 -168.1 60.300000000000004
-135.29999999999998 -168.1 80.4
-135.29999999999998 -168.1 100.5
-135.29999999999998 -168.1 120.60000000000001
-135.29999999999998 -164.0 -120.60000000000001
-135.29999999999998 -164.0 -100.5
-135.29999999999998 -164.0 -80.4
-135.29999999999998 -164.0 -60.300000000000004
-135.29999999999998 -164.0 -40.2
-135.29999999999998 -164.0 -20.1
-135.29999999999998 -164.0 0.0
-135.29999999999998 -164.0 20.1
-135.29999999999998 -164.0 40.2
-135.29999999999998 -164.0 60.300000000000004
-135.29999999999998 -164.0 80.4
-135.29999999999998 -164.0 100.5
-135.29999999999998 -164.0 120.60000000000001
-135.29999999999998 -159.89999999999998 -120.60000000000001
-135.29999999999998 -159.89999999999998 -100.5
-135.29999999999998 -159.89999999999998 -80.4
-135.29999999999998 -159.89999999999998 -60.300000000000004
-135.29999999999998 -159.89999999999998 -40.2
-135.29999999999998 -159.89999999999998 -20.1
-135.29999999999998 -159.89999999999998 0.0
-135.29999999999998 -159.89999999999998 20.1
-135.29999999999998 -159.89999999999998 40.2
-135.29999999999998 -159.89999999999998 60.300000000000004
-135.29999999999998 -159.89999999999998 80.4
-135.29999999999998 -159.89999999999998 100.5
-135.29999999999998 -159.89999999999998 120.60000000000001
-135.29999999999998 -155.79999999999998 -120.60000000000001
-135.29999999999998 -155.79999999999998 -100.5
-135.29999999999998 -155.79999999999998 -80.4
-135.29999999999998 -155.79999999999998 -60.300000000000004
-135.29999999999998 -155.79999999999998 -40.2
-135.29999999999998 -155.79999999999998 -20.1
-135.29999999999998 -155.79999999999998 0.0
-135.29999999999998 -155.79999999999998 20.1
-135.29999999999998 -155.79999999999998 40.2
-135.29999999999998 -155.79999999999998 60.300000000000004
-135.29999999999998 -155.79999999999998 80.4
-135.29999999999998 -155.79999999999998 100.5
-135.29999999999998 -155.79999999999998 120.60000000000001
-135.29999999999998 -151.7 -120.60000000000001
-135.29999999999998 -151.7 -100.5
-135.29999999999998 -151.7 -80.4
-135.29999999999998 -151.7 -60.300000000000004
-135.29999999999998 -151.7 -40.2
-135.29999999999998 -151.7 -20.1
-135.29999999999998 -151.7 0.0
-135.29999999999998 -151.7 20.1
-135.29999999999998 -151.7 40.2
-135.29999999999998 -151.7 60.300000000000004
-135.29999999999998 -151.7 80.4
-135.29999999999998 -151.7 100.5
-135.29999999999998 -151.7 120.60000000000001
-135.29999999999998 -147.6 -120.60000000000001
-135.29999999999998 -147.6 -100.5
-135.29999999999998 -147.6 -80.4
-135.29999999999998 -147.6 -60.300000000000004
-135.29999999999998 -147.6 -40.2
-135.29999999999998 -147.6 -20.1
-135.29999999999998 -147.6 0.0
-135.29999999999998 -147.6 20.1
-135.29999999999998 -147.6 40.2
-135.29999999999998 -147.6 60.300000000000004
-135.29999999999998 -147.6 80.4
-135.29999999999998 -147.6 100.5
-135.29999999999998 -147.6 120.60000000000001
-135.29999999999998 -143.5 -120.60000000000001
-135.29999999999998 -143.5 -100.5
-135.29999999999998 -143.5 -80.4
-135.29999999999998 -143.5 -60.300000000000004
-135.29999999999998 -143.5 -40.2
-135.29999999999998 -143.5 -20.1
-135.29999999999998 -143.5 0.0
-135.29999999999998 -143.5 20.1
-135.29999999999998 -143.5 40.2
-135.29999999999998 -143.5 60.300000000000004
-135.29999999999998 -143.5 80.4
-135.29999999999998 -143.5 100.5
-135.29999999999998 -143.5 120.60000000000001
-135.29999999999998 -139.39999999999998 -120.60000000000001
-135.29999999999998 -139.39999999999998 -100.5
-135.29999999999998 -139.39999999999998 -80.4
-135.29999999999998 -139.39999999999998 -60.300000000000004
-135.29999999999998 -139.39999999999998 -40.2
-135.29999999999998 -139.39999999999998 -20.1
-135.29999999999998 -139.39999999999998 0.0
-135.29999999999998 -139.39999999999998 20.1
-135.29999999999998 -139.39999999999998 40.2
-135.29999999999998 -139.39999999999998 60.300000000000004
-135.29999999999998 -139.39999999999998 80.4
-135.29999999999998 -139.39999999999998 100.5
-135.29999999999998 -139.39999999999998 120.60000000000001
-135.29999999999998 -135.29999999999998 -120.60000000000001
-135.29999999999998 -135.29999999999998 -100.5
-135.29999999999998 -135.29999999999998 -80.4
-135.29999999999998 -135.29999999999998 -60.300000000000004
-135.29999999999998 -135.29999999999998 -40.2
-135.29999999999998 -135.29999999999998 -20.1
-135.29999999999998 -135.29999999999998 0.0
-135.29999999999998 -135.29999999999998 20.1
-135.29999999999998 -135.29999999999998 40.2
-135.29999999999998 -135.29999999999998 60.300000000000004
-135.29999999999998 -135.29999999999998 80.4
-135.29999999999998 -135.29999999999998 100.5
-135.29999999999998 -135.29999999999998 120.60000000000001
-135.29999999999998 135.29999999999998 -120.60000000000001
-135.29999999999998 135.29999999999998 -100.5
-135.29999999999998 135.29999999999998 -80.4
-135.29999999999998 135.29999999999998 -60.300000000000004
-135.29999999999998 135.29999999999998 -40.2
-135.29999999999998 135.29999999999998 -20.1
-135.29999999999998 135.29999999999998 0.0
-135.29999999999998 135.29999999999998 20.1
-135.29999999999998 135.29999999999998 40.2
-135.29999999999998 135.29999999999998 60.300000000000004
-135.29999999999998 135.29999999999998 80.4
-135.29999999999998 135.29999999999998 100.5
-135.29999999999998 135.29999999999998 120.60000000000001
-135.29999999999998 139.39999999999998 -120.60000000000001
-135.29999999999998 139.39999999999998 -100.5
-135.29999999999998 139.39999999999998 -80.4
-135.29999999999998 139.39999999999998 -60.300000000000004
-135.29999999999998 139.39999999999998 -40.2
-135.29999999999998 139.39999999999998 -20.1
-135.29999999999998 139.39999999999998 0.0
-135.29999999999998 139.39999999999998 20.1
-135.29999999999998 139.39999999999998 40.2
-135.29999999999998 139.39999999999998 60.300000000000004
-135.29999999999998 139.39999999999998 80.4
-135.29999999999998 139.39999999999998 100.5
-135.29999999999998 139.39999999999998 120.60000000000001
-135.29999999999998 143.5 -120.60000000000001
-135.29999999999998 143.5 -100.5
-135.29999999999998 143.5 -80.4
-135.29999999999998 143.5 -60.300000000000004
-135.29999999999998 143.5 -40.2
-135.29999999999998 143.5 -20.1
-135.29999999999998 143.5 0.0
-135.29999999999998 143.5 20.1
-135.29999999999998 143.5 40.2
-135.29999999999998 143.5 60.300000000000004
-135.29999999999998 143.5 80.4
-135.29999999999998 143.5 100.5
-135.29999999999998 143.5 120.60000000000001
-135.29999999999998 147.6 -120.60000000000001
-135.29999999999998 147.6 -100.5
-135.29999999999998 147.6 -80.4
-135.29999999999998 147.6 -60.300000000000004
-135.29999999999998 147.6 -40.2
-135.29999999999998 147.6 -20.1
-135.29999999999998 147.6 0.0
-135.29999999999998 147.6 20.1
-135.29999999999998 147.6 40.2
-135.29999999999998 147.6 60.300000000000004
-135.29999999999998 147.6 80.4
-135.29999999999998 147.6 100.5
-135.29999999999998 147.6 120.60000000000001
-135.29999999999998 151.7 -120.60000000000001
-135.29999999999998 151.7 -100.5
-135.29999999999998 151.7 -80.4
-135.29999999999998 151.7 -60.300000000000004
-135.29999999999998 151.7 -40.2
-135.29999999999998 151.7 -20.1
-135.29999999999998 151.7 0.0
-135.29999999999998 151.7 20.1
-135.29999999999998 151.7 40.2
-135.29999999999998 151.7 60.300000000000004
-135.29999999999998 151.7 80.4
-135.29999999999998 151.7 100.5
-135.29999999999998 151.7 120.60000000000001
-135.29999999999998 155.79999999999998 -120.60000000000001
-135.29999999999998 155.79999999999998 -100.5
-135.29999999999998 155.79999999999998 -80.4
-135.29999999999998 155.79999999999998 -60.300000000000004
-135.29999999999998 155.79999999999998 -40.2
-135.29999999999998 155.79999999999998 -20.1
-135.29999999999998 155.79999999999998 0.0
-135.29999999999998 155.79999999999998 20.1
-135.29999999999998 155.79999999999998 40.2
-135.29999999999998 155.79999999999998 60.300000000000004
-135.29999999999998 155.79999999999998 80.4
-135.29999999999998 155.79999999999998 100.5
-135.29999999999998 155.79999999999998 120.60000000000001
-135.29999999999998 159.89999999999998 -120.60000000000001
-135.29999999999998 159.89999999999998 -100.5
-135.29999999999998 159.89999999999998 -80.4
-135.29999999999998 159.89999999999998 -60.300000000000004
-135.29999999999998 159.89999999999998 -40.2
-135.29999999999998 159.89999999999998 -20.1
-135.29999999999998 159.89999999999998 0.0
-135.29999999999998 159.89999999999998 20.1
-135.29999999999998 159.89999999999998 40.2
-135.29999999999998 159.89999999999998 60.300000000000004
-135.29999999999998 159.89999999999998 80.4
-135.29999999999998 159.89999999999998 100.5
-135.29999999999998 159.89999999999998 120.60000000000001
-135.29999999999998 164.0 -120.60000000000001
-135.29999999999998 164.0 -100.5
-135.29999999999998 164.0 -80.4
-135.29999999999998 164.0 -60.300000000000004
-135.29999999999998 164.0 -40.2
-135.29999999999998 164.0 -20.1
-135.29999999999998 164.0 0.0
-135.29999999999998 164.0 20.1
-135.29999999999998 164.0 40.2
-135.29999999999998 164.0 60.300000000000004
-135.29999999999998 164.0 80.4
-135.29999999999998 164.0 100.5
-135.29999999999998 164.0 120.60000000000001
-135.29999999999998 168.1 -120.60000000000001
-135.29999999999998 168.1 -100.5
-135.29999999999998 168.1 -80.4
-135.29999999999998 168.1 -60.300000000000004
-135.29999999999998 168.1 -40.2
-135.29999999999998 168.1 -20.1
-135.29999999999998 168.1 0.0
-135.29999999999998 168.1 20.1
-135.29999999999998 168.1 40.2
-135.29999999999998 168.1 60.300000000000004
-135.29999999999998 168.1 80.4
-135.29999999999998 168.1 100.5
-135.29999999999998 168.1 120.60000000000001
-131.2 -172.2 -120.60000000000001
-131.2 -172.2 -100.5
-131.2 -172.2 -80.4
-131.2 -172.2 -60.300000000000004
-131.2 -172.2 -40.2
-131.2 -172.2 -20.1
-131.2 -172.2 0.0
-131.2 -172.2 20.1
-131.2 -172.2 40.2
-131.2 -172.2 60.300000000000004
-131.2 -172.2 80.4
-131.2 -172.2 100.5
-131.2 -172.2 120.60000000000001
-131.2 -168.1 -120.60000000000001
-131.2 -168.1 -100.5
-131.2 -168.1 -80.4
-131.2 -168.1 -60.300000000000004
-131.2 -168.1 -40.2
-131.2 -168.1 -20.1
-131.2 -168.1 0.0
-131.2 -168.1 20.1
-131.2 -168.1 40.2
-131.2 -168.1 60.300000000000004
-131.2 -168.1 80.4
-131.2 -168.1 100.5
-131.2 -168.1 120.60000000000001
-131.2 -164.0 -120.60000000000001
-131.2 -164.0 -100.5
-131.2 -164.0 -80.4
-131.2 -164.0 -60.300000000000004
-131.2 -164.0 -40.2
-131.2 -164.0 -20.1
-131.2 -164.0 0.0
-131.2 -164.0 20.1
-131.2 -164.0 40.2
-131.2 -164.0 60.300000000000004
-131.2 -164.0 80.4
-131.2 -164.0 100.5
-131.2 -164.0 120.60000000000001
-131.2 -159.89999999999998 -120.60000000000001
-131.2 -159.89999999999998 -100.5
-131.2 -159.89999999999998 -80.4
-131.2 -159.89999999999998 -60.300000000000004
-131.2 -159.89999999999998 -40.2
-131.2 -159.89999999999998 -20.1
-131.2 -159.89999999999998 0.0
-131.2 -159.89999999999998 20.1
-131.2 -159.89999999999998 40.2
-131.2 -159.89999999999998 60.300000000000004
-131.2 -159.89999999999998 80.4
-131.2 -159.89999999999998 100.5
-131.2 -159.89999999999998 120.60000000000001
-131.2 -155.79999999999998 -120.60000000000001
-131.2 -155.79999999999998 -100.5
-131.2 -155.79999999999998 -80.4
-131.2 -155.79999999999998 -60.300000000000004
-131.2 -155.79999999999998 -40.2
-131.2 -155.79999999999998 -20.1
-131.2 -155.79999999999998 0.0
-131.2 -155.79999999999998 20.1
-131.2 -155.79999999999998 40.2
-131.2 -155.79999999999998 60.300000000000004
-131.2 -155.79999999999998 80.4
-131.2 -155.79999999999998 100.5
-131.2 -155.79999999999998 120.60000000000001
-131.2 -151.7 -120.60000000000001
-131.2 -151.7 -100.5
-131.2 -151.7 -80.4
-131.2 -151.7 -60.300000000000004
-131.2 -151.7 -40.2
-131.2 -151.7 -20.1
-131.2 -151.7 0.0
-131.2 -151.7 20.1
-131.2 -151.7 40.2
-131.2 -151.7 60.300000000000004
-131.2 -151.7 80.4
-131.2 -151.7 100.5
-131.2 -151.7 120.60000000000001
-131.2 -147.6 -120.60000000000001
-131.2 -147.6 -100.5
-131.2 -147.6 -80.4
-131.2 -147.6 -60.300000000000004
-131.2 -147.6 -40.2
-131.2 -147.6 -20.1
-131.2 -147.6 0.0
-131.2 -147.6 20.1
-131.2 -147.6 40.2
-131.2 -147.6 60.300000000000004
-131.2 -147.6 80.4
-131.2 -147.6 100.5
-131.2 -147.6 120.60000000000001
-131.2 -143.5 -120.60000000000001
-131.2 -143.5 -100.5
-131.2 -143.5 -80.4
-131.2 -143.5 -60.300000000000004
-131.2 -143.5 -40.2
-131.2 -143.5 -20.1
-131.2 -143.5 0.0
-131.2 -143.5 20.1
-131.2 -143.5 40.2
-131.2 -143.5 60.300000000000004
-131.2 -143.5 80.4
-131.2 -143.5 100.5
-131.2 -143.5 120.60000000000001
-131.2 -139.39999999999998 -120.60000000000001
-131.2 -139.39999999999998 -100.5
-131.2 -139.39999999999998 -80.4
-131.2 -139.39999999999998 -60.300000000000004
-131.2 -139.39999999999998 -40.2
-131.2 -139.39999999999998 -20.1
-131.2 -139.39999999999998 0.0
-131.2 -139.39999999999998 20.1
-131.2 -139.39999999999998 40.2
-131.2 -139.39999999999998 60.300000000000004
-131.2 -139.39999999999998 80.4
-131.2 -139.39999999999998 100.5
-131.2 -139.39999999999998 120.60000000000001
-131.2 139.39999999999998 -120.60000000000001
-131.2 139.39999999999998 -100.5
-131.2 139.39999999999998 -80.4
-131.2 139.39999999999998 -60.300000000000004
-131.2 139.39999999999998 -40.2
-131.2 139.39999999999998 -20.1
-131.2 139.39999999999998 0.0
-131.2 139.39999999999998 20.1
-131.2 139.39999999999998 40.2
-131.2 139.39999999999998 60.300000000000004
-131.2 139.39999999999998 80.4
-131.2 139.39999999999998 100.5
-131.2 139.39999999999998 120.60000000000001
-131.2 143.5 -120.60000000000001
-131.2 143.5 -100.5
-131.2 143.5 -80.4
-131.2 143.5 -60.300000000000004
-131.2 143.5 -40.2
-131.2 143.5 -20.1
-131.2 143.5 0.0
-131.2 143.5 20.1
-131.2 143.5 40.2
-131.2 143.5 60.300000000000004
-131.2 143.5 80.4
-131.2 143.5 100.5
-131.2 143.5 120.60000000000001
-131.2 147.6 -120.60000000000001
-131.2 147.6 -100.5
-131.2 147.6 -80.4
-131.2 147.6 -60.300000000000004
-131.2 147.6 -40.2
-131.2 147.6 -20.1
-131.2 147.6 0.0
-131.2 147.6 20.1
-131.2 147.6 40.2
-131.2 147.6 60.300000000000004
-131.2 147.6 80.4
-131.2 147.6 100.5
-131.2 147.6 120.60000000000001
-131.2 151.7 -120.60000000000001
-131.2 151.7 -100.5
-131.2 151.7 -80.4
-131.2 151.7 -60.300000000000004
-131.2 151.7 -40.2
-131.2 151.7 -20.1
-131.2 151.7 0.0
-131.2 151.7 20.1
-131.2 151.7 40.2
-131.2 151.7 60.300000000000004
-131.2 151.7 80.4
-131.2 151.7 100.5
-131.2 151.7 120.60000000000001
-131.2 155.79999999999998 -120.60000000000001
-131.2 155.79999999999998 -100.5
-131.2 155.79999999999998 -80.4
-131.2 155.79999999999998 -60.300000000000004
-131.2 155.79999999999998 -40.2
-131.2 155.79999999999998 -20.1
-131.2 155.79999999999998 0.0
-131.2 155.79999999999998 20.1
-131.2 155.79999999999998 40.2
-131.2 155.79999999999998 60.300000000000004
-131.2 155.79999999999998 80.4
-131.2 155.79999999999998 100.5
-131.2 155.79999999999998 120.60000000000001
-131.2 159.89999999999998 -120.60000000000001
-131.2 159.89999999999998 -100.5
-131.2 159.89999999999998 -80.4
-131.2 159.89999999999998 -60.300000000000004
-131.2 159.89999999999998 -40.2
-131.2 159.89999999999998 -20.1
-131.2 159.89999999999998 0.0
-131.2 159.89999999999998 20.1
-131.2 159.89999999999998 40.2
-131.2 159.89999999999998 60.300000000000004
-131.2 159.89999999999998 80.4
-131.2 159.89999999999998 100.5
-131.2 159.89999999999998 120.60000000000001
-131.2 164.0 -120.60000000000001
-131.2 164.0 -100.5
-131.2 164.0 -80.4
-131.2 164.0 -60.300000000000004
-131.2 164.0 -40.2
-131.2 164.0 -20.1
-131.2 164.0 0.0
-131.2 164.0 20.1
-131.2 164.0 40.2
-131.2 164.0 60.300000000000004
-131.2 164.0 80.4
-131.2 164.0 100.5
-131.2 164.0 120.60000000000001
-131.2 168.1 -120.60000000000001
-131.2 168.1 -100.5
-131.2 168.1 -80.4
-131.2 168.1 -60.300000000000004
-131.2 168.1 -40.2
-131.2 168.1 -20.1
-131.2 168.1 0.0
-131.2 168.1 20.1
-131.2 168.1 40.2
-131.2 168.1 60.300000000000004
-131.2 168.1 80.4
-131.2 168.1 100.5
-131.2 168.1 120.60000000000001
-131.2 172.2 -120.60000000000001
-131.2 172.2 -100.5
-131.2 172.2 -80.4
-131.2 172.2 -60.300000000000004
-131.2 172.2 -40.2
-131.2 172.2 -20.1
-131.2 172.2 0.0
-131.2 172.2 20.1
-131.2 172.2 40.2
-131.2 172.2 60.300000000000004
-131.2 172.2 80.4
-131.2 172.2 100.5
-131.2 172.2 120.60000000000001
-127.1 -172.2 -120.60000000000001
-127.1 -172.2 -100.5
-127.1 -172.2 -80.4
-127.1 -172.2 -60.300000000000004
-127.1 -172.2 -40.2
-127.1 -172.2 -20.1
-127.1 -172.2 0.0
-127.1 -172.2 20.1
-127.1 -172.2 40.2
-127.1 -172.2 60.300000000000004
-127.1 -172.2 80.4
-127.1 -172.2 100.5
-127.1 -172.2 120.60000000000001
-127.1 -168.1 -120.60000000000001
-127.1 -168.1 -100.5
-127.1 -168.1 -80.4
-127.1 -168.1 -60.300000000000004
-127.1 -168.1 -40.2
-127.1 -168.1 -20.1
-127.1 -168.1 0.0
-127.1 -168.1 20.1
-127.1 -168.1 40.2
-127.1 -168.1 60.300000000000004
-127.1 -168.1 80.4
-127.1 -168.1 100.5
-127.1 -168.1 120.60000000000001
-127.1 -164.0 -120.60000000000001
-127.1 -164.0 -100.5
-127.1 -164.0 -80.4
-127.1 -164.0 -60.300000000000004
-127.1 -164.0 -40.2
-127.1 -164.0 -20.1
-127.1 -164.0 0.0
-127.1 -164.0 20.1
-127.1 -164.0 40.2
-127.1 -164.0 60.300000000000004
-127.1 -164.0 80.4
-127.1 -164.0 100.5
-127.1 -164.0 120.60000000000001
-127.1 -159.89999999999998 -120.60000000000001
-127.1 -159.89999999999998 -100.5
-127.1 -159.89999999999998 -80.4
-127.1 -159.89999999999998 -60.300000000000004
-127.1 -159.89999999999998 -40.2
-127.1 -159.89999999999998 -20.1
-127.1 -159.89999999999998 0.0
-127.1 -159.89999999999998 20.1
-127.1 -159.89999999999998 40.2
-127.1 -159.89999999999998 60.300000000000004
-127.1 -159.89999999999998 80.4
-127.1 -159.89999999999998 100.5
-127.1 -159.89999999999998 120.60000000000001
-127.1 -155.79999999999998 -120.60000000000001
-127.1 -155.79999999999998 -100.5
-127.1 -155.79999999999998 -80.4
-127.1 -155.79999999999998 -60.300000000000004
-127.1 -155.79999999999998 -40.2
-127.1 -155.79999999999998 -20.1
-127.1 -155.79999999999998 0.0
-127.1 -155.79999999999998 20.1
-127.1 -155.79999999999998 40.2
-127.1 -155.79999999999998 60.300000000000004
-127.1 -155.79999999999998 80.4
-127.1 -155.79999999999998 100.5
-127.1 -155.79999999999998 120.60000000000001
-127.1 -151.7 -120.60000000000001
-127.1 -151.7 -100.5
-127.1 -151.7 -80.4
-127.1 -151.7 -60.300000000000004
-127.1 -151.7 -40.2
-127.1 -151.7 -20.1
-127.1 -151.7 0.0
-127.1 -151.7 20.1
-127.1 -151.7 40.2
-127.1 -151.7 60.300000000000004
-127.1 -151.7 80.4
-127.1 -151.7 100.5
-127.1 -151.7 120.60000000000001
-127.1 -147.6 -120.60000000000001
-127.1 -147.6 -100.5
-127.1 -147.6 -80.4
-127.1 -147.6 -60.300000000000004
-127.1 -147.6 -40.2
-127.1 -147.6 -20.1
-127.1 -147.6 0.0
-127.1 -147.6 20.1
-127.1 -147.6 40.2
-127.1 -147.6 60.300000000000004
-127.1 -147.6 80.4
-127.1 -147.6 100.5
-127.1 -147.6 120.60000000000001
-127.1 -143.5 -120.60000000000001
-127.1 -143.5 -100.5
-127.1 -143.5 -80.4
-127.1 -143.5 -60.300000000000004
-127.1 -143.5 -40.2
-127.1 -143.5 -20.1
-127.1 -143.5 0.0
-127.1 -143.5 20.1
-127.1 -143.5 40.2
-127.1 -143.5 60.300000000000004
-127.1 -143.5 80.4
-127.1 -143.5 100.5
-127.1 -143.5 120.60000000000001
-127.1 -139.39999999999998 -120.60000000000001
-127.1 -139.39999999999998 -100.5
-127.1 -139.39999999999998 -80.4
-127.1 -139.39999999999998 -60.300000000000004
-127.1 -139.39999999999998 -40.2
-127.1 -139.39999999999998 -20.1
-127.1 -139.39999999999998 0.0
-127.1 -139.39999999999998 20.1
-127.1 -139.39999999999998 40.2
-127.1 -139.39999999999998 60.300000000000004
-127.1 -139.39999999999998 80.4
-127.1 -139.39999999999998 100.5
-127.1 -139.39999999999998 120.60000000000001
-127.1 139.39999999999998 -120.60000000000001
-127.1 139.39999999999998 -100.5
-127.1 139.39999999999998 -80.4
-127.1 139.39999999999998 -60.300000000000004
-127.1 139.39999999999998 -40.2
-127.1 139.39999999999998 -20.1
-127.1 139.39999999999998 0.0
-127.1 139.39999999999998 20.1
-127.1 139.39999999999998 40.2
-127.1 139.39999999999998 60.300000000000004
-127.1 139.39999999999998 80.4
-127.1 139.39999999999998 100.5
-127.1 139.39999999999998 120.60000000000001
-127.1 143.5 -120.60000000000001
-127.1 143.5 -100.5
-127.1 143.5 -80.4
-127.1 143.5 -60.300000000000004
-127.1 143.5 -40.2
-127.1 143.5 -20.1
-127.1 143.5 0.0
-127.1 143.5 20.1
-127.1 143.5 40.2
-127.1 143.5 60.300000000000004
-127.1 143.5 80.4
-127.1 143.5 100.5
-127.1 143.5 120.60000000000001
-127.1 147.6 -120.60000000000001
-127.1 147.6 -100.5
-127.1 147.6 -80.4
-127.1 147.6 -60.300000000000004
-127.1 147.6 -40.2
-127.1 147.6 -20.1
-127.1 147.6 0.0
-127.1 147.6 20.1
-127.1 147.6 40.2
-127.1 147.6 60.300000000000004
-127.1 147.6 80.4
-127.1 147.6 100.5
-127.1 147.6 120.60000000000001
-127.1 151.7 -120.60000000000001
-127.1 151.7 -100.5
-127.1 151.7 -80.4
-127.1 151.7 -60.300000000000004
-127.1 151.7 -40.2
-127.1 151.7 -20.1
-127.1 151.7 0.0
-127.1 151.7 20.1
-127.1 151.7 40.2
-127.1 151.7 60.300000000000004
-127.1 151.7 80.4
-127.1 151.7 100.5
-127.1 151.7 120.60000000000001
-127.1 155.79999999999998 -120.60000000000001
-127.1 155.79999999999998 -100.5
-127.1 155.79999999999998 -80.4
-127.1 155.79999999999998 -60.300000000000004
-127.1 155.79999999999998 -40.2
-127.1 155.79999999999998 -20.1
-127.1 155.79999999999998 0.0
-127.1 155.79999999999998 20.1
-127.1 155.79999999999998 40.2
-127.1 155.79999999999998 60.300000000000004
-127.1 155.79999999999998 80.4
-127.1 155.79999999999998 100.5
-127.1 155.79999999999998 120.60000000000001
-127.1 159.89999999999998 -120.60000000000001
-127.1 159.89999999999998 -100.5
-127.1 159.89999999999998 -80.4
-127.1 159.89999999999998 -60.300000000000004
-127.1 159.89999999999998 -40.2
-127.1 159.89999999999998 -20.1
-127.1 159.89999999999998 0.0
-127.1 159.89999999999998 20.1
-127.1 159.89999999999998 40.2
-127.1 159.89999999999998 60.300000000000004
-127.1 159.89999999999998 80.4
-127.1 159.89999999999998 100.5
-127.1 159.89999999999998 120.60000000000001
-127.1 164.0 -120.60000000000001
-127.1 164.0 -100.5
-127.1 164.0 -80.4
-127.1 164.0 -60.300000000000004
-127.1 164.0 -40.2
-127.1 164.0 -20.1
-127.1 164.0 0.0
-127.1 164.0 20.1
-127.1 164.0 40.2
-127.1 164.0 60.300000000000004
-127.1 164.0 80.4
-127.1 164.0 100.5
-127.1 164.0 120.60000000000001
-127.1 168.1 -120.60000000000001
-127.1 168.1 -100.5
-127.1 168.1 -80.4
-127.1 168.1 -60.300000000000004
-127.1 168.1 -40.2
-127.1 168.1 -20.1
-127.1 168.1 0.0
-127.1 168.1 20.1
-127.1 168.1 40.2
-127.1 168.1 60.300000000000004
-127.1 168.1 80.4
-127.1 168.1 100.5
-127.1 168.1 120.60000000000001
-127.1 172.2 -120.60000000000001
-127.1 172.2 -100.5
-127.1 172.2 -80.4
-127.1 172.2 -60.300000000000004
-127.1 172.2 -40.2
-127.1 172.2 -20.1
-127.1 172.2 0.0
-127.1 172.2 20.1
-127.1 172.2 40.2
-127.1 172.2 60.300000000000004
-127.1 172.2 80.4
-127.1 172.2 100.5
-127.1 172.2 120.60000000000001
-122.99999999999999 -176.29999999999998 -120.60000000000001
-122.99999999999999 -176.29999999999998 -100.5
-122.99999999999999 -176.29999999999998 -80.4
-122.99999999999999 -176.29999999999998 -60.300000000000004
-122.99999999999999 -176.29999999999998 -40.2
-122.99999999999999 -176.29999999999998 -20.1
-122.99999999999999 -176.29999999999998 0.0
-122.99999999999999 -176.29999999999998 20.1
-122.99999999999999 -176.29999999999998 40.2
-122.99999999999999 -176.29999999999998 60.300000000000004
-122.99999999999999 -176.29999999999998 80.4
-122.99999999999999 -176.29999999999998 100.5
-122.99999999999999 -176.29999999999998 120.60000000000001
-122.99999999999999 -172.2 -120.60000000000001
-122.99999999999999 -172.2 -100.5
-122.99999999999999 -172.2 -80.4
-122.99999999999999 -172.2 -60.300000000000004
-122.99999999999999 -172.2 -40.2
-122.99999999999999 -172.2 -20.1
-122.99999999999999 -172.2 0.0
-122.99999999999999 -172.2 20.1
-122.99999999999999 -172.2 40.2
-122.99999999999999 -172.2 60.300000000000004
-122.99999999999999 -172.2 80.4
-122.99999999999999 -172.2 100.5
-122.99999999999999 -172.2 120.60000000000001
-122.99999999999999 -168.1 -120.60000000000001
-122.99999999999999 -168.1 -100.5
-122.99999999999999 -168.1 -80.4
-122.99999999999999 -168.1 -60.300000000000004
-122.99999999999999 -168.1 -40.2
-122.99999999999999 -168.1 -20.1
-122.99999999999999 -168.1 0.0
-122.99999999999999 -168.1 20.1
-122.99999999999999 -168.1 40.2
-122.99999999999999 -168.1 60.300000000000004
-122.99999999999999 -168.1 80.4
-122.99999999999999 -168.1 100.5
-122.99999999999999 -168.1 120.60000000000001
-122.99999999999999 -164.0 -120.60000000000001
-122.99999999999999 -164.0 -100.5
-122.99999999999999 -164.0 -80.4
-122.99999999999999 -164.0 -60.300000000000004
-122.99999999999999 -164.0 -40.2
-122.99999999999999 -164.0 -20.1
-122.99999999999999 -164.0 0.0
-122.99999999999999 -164.0 20.1
-122.99999999999999 -164.0 40.2
-122.99999999999999 -164.0 60.300000000000004
-122.99999999999999 -164.0 80.4
-122.99999999999999 -164.0 100.5
-122.99999999999999 -164.0 120.60000000000001
-122.99999999999999 -159.89999999999998 -120.60000000000001
-122.99999999999999 -159.89999999999998 -100.5
-122.99999999999999 -159.89999999999998 -80.4
-122.99999999999999 -159.89999999999998 -60.300000000000004
-122.99999999999999 -159.89999999999998 -40.2
-122.99999999999999 -159.89999999999998 -20.1
-122.99999999999999 -159.89999999999998 0.0
-122.99999999999999 -159.89999999999998 20.1
-122.99999999999999 -159.89999999999998 40.2
-122.99999999999999 -159.89999999999998 60.300000000000004
-122.99999999999999 -159.89999999999998 80.4
-122.99999999999999 -159.89999999999998 100.5
-122.99999999999999 -159.89999999999998 120.60000000000001
-122.99999999999999 -155.79999999999998 -120.60000000000001
-122.99999999999999 -155.79999999999998 -100.5
-122.99999999999999 -155.79999999999998 -80.4
-122.99999999999999 -155.79999999999998 -60.300000000000004
-122.99999999999999 -155.79999999999998 -40.2
-122.99999999999999 -155.79999999999998 -20.1
-122.99999999999999 -155.79999999999998 0.0
-122.99999999999999 -155.79999999999998 20.1
-122.99999999999999 -155.79999999999998 40.2
-122.99999999999999 -155.79999999999998 60.300000000000004
-122.99999999999999 -155.79999999999998 80.4
-122.99999999999999 -155.79999999999998 100.5
-122.99999999999999 -155.79999999999998 120.60000000000001
-122.99999999999999 -151.7 -120.60000000000001
-122.99999999999999 -151.7 -100.5
-122.99999999999999 -151.7 -80.4
-122.99999999999999 -151.7 -60.300000000000004
-122.99999999999999 -151.7 -40.2
-122.99999999999999 -151.7 -20.1
-122.99999999999999 -151.7 0.0
-122.99999999999999 -151.7 20.1
-122.99999999999999 -151.7 40.2
-122.99999999999999 -151.7 60.300000000000004
-122.99999999999999 -151.7 80.4
-122.99999999999999 -151.7 100.5
-122.99999999999999 -151.7 120.60000000000001
-122.99999999999999 -147.6 -120.60000000000001
-122.99999999999999 -147.6 -100.5
-122.99999999999999 -147.6 -80.4
-122.99999999999999 -147.6 -60.300000000000004
-122.99999999999999 -147.6 -40.2
-122.99999999999999 -147.6 -20.1
-122.99999999999999 -147.6 0.0
-122.99999999999999 -147.6 20.1
-122.99999999999999 -147.6 40.2
-122.99999999999999 -147.6 60.300000000000004
-122.99999999999999 -147.6 80.4
-122.99999999999999 -147.6 100.5
-122.99999999999999 -147.6 120.60000000000001
-122.99999999999999 -143.5 -120.60000000000001
-122.99999999999999 -143.5 -100.5
-122.99999999999999 -143.5 -80.4
-122.99999999999999 -143.5 -60.300000000000004
-122.99999999999999 -143.5 -40.2
-122.99999999999999 -143.5 -20.1
-122.99999999999999 -143.5 0.0
-122.99999999999999 -143.5 20.1
-122.99999999999999 -143.5 40.2
-122.99999999999999 -143.5 60.300000000000004
-122.99999999999999 -143.5 80.4
-122.99999999999999 -143.5 100.5
-122.99999999999999 -143.5 120.60000000000001
-122.99999999999999 143.5 -120.60000000000001
-122.99999999999999 143.5 -100.5
-122.99999999999999 143.5 -80.4
-122.99999999999999 143.5 -60.300000000000004
-122.99999999999999 143.5 -40.2
-122.99999999999999 143.5 -20.1
-122.99999999999999 143.5 0.0
-122.99999999999999 143.5 20.1
-122.99999999999999 143.5 40.2
-122.99999999999999 143.5 60.300000000000004
-122.99999999999999 143.5 80.4
-122.99999999999999 143.5 100.5
-122.99999999999999 143.5 120.60000000000001
-122.99999999999999 147.6 -120.60000000000001
-122.99999999999999 147.6 -100.5
-122.99999999999999 147.6 -80.4
-122.99999999999999 147.6 -60.300000000000004
-122.99999999999999 147.6 -40.2
-122.99999999999999 147.6 -20.1
-122.99999999999999 147.6 0.0
-122.99999999999999 147.6 20.1
-122.99999999999999 147.6 40.2
-122.99999999999999 147.6 60.300000000000004
-122.99999999999999 147.6 80.4
-122.99999999999999 147.6 100.5
-122.99999999999999 147.6 120.60000000000001
-122.99999999999999 151.7 -120.60000000000001
-122.99999999999999 151.7 -100.5
-122.99999999999999 151.7 -80.4
-122.99999999999999 151.7 -60.300000000000004
-122.99999999999999 151.7 -40.2
-122.99999999999999 151.7 -20.1
-122.99999999999999 151.7 0.0
-122.99999999999999 151.7 20.1
-122.99999999999999 151.7 40.2
-122.99999999999999 151.7 60.300000000000004
-122.99999999999999 151.7 80.4
-122.99999999999999 151.7 100.5
-122.99999999999999 151.7 120.60000000000001
-122.99999999999999 155.79999999999998 -120.60000000000001
-122.99999999999999 155.79999999999998 -100.5
-122.99999999999999 155.79999999999998 -80.4
-122.99999999999999 155.79999999999998 -60.300000000000004
-122.99999999999999 155.79999999999998 -40.2
-122.99999999999999 155.79999999999998 -20.1
-122.99999999999999 155.79999999999998 0.0
-122.99999999999999 155.79999999999998 20.1
-122.99999999999999 155.79999999999998 40.2
-122.99999999999999 155.79999999999998 60.300000000000004
-122.99999999999999 155.79999999999998 80.4
-122.99999999999999 155.79999999999998 100.5
-122.99999999999999 155.79999999999998 120.60000000000001
-122.99999999999999 159.89999999999998 -120.60000000000001
-122.99999999999999 159.89999999999998 -100.5
-122.99999999999999 159.89999999999998 -80.4
-122.99999999999999 159.89999999999998 -60.300000000000004
-122.99999999999999 159.89999999999998 -40.2
-122.99999999999999 159.89999999999998 -20.1
-122.99999999999999 159.89999999999998 0.0
-122.99999999999999 159.89999999999998 20.1
-122.99999999999999 159.89999999999998 40.2
-122.99999999999999 159.89999999999998 60.300000000000004
-122.99999999999999 159.89999999999998 80.4
-122.99999999999999 159.89999999999998 100.5
-122.99999999999999 159.89999999999998 120.60000000000001
-122.99999999999999 164.0 -120.60000000000001
-122.99999999999999 164.0 -100.5
-122.99999999999999 164.0 -80.4
-122.99999999999999 164.0 -60.300000000000004
-122.99999999999999 164.0 -40.2
-122.99999999999999 164.0 -20.1
-122.99999999999999 164.0 0.0
-122.99999999999999 164.0 20.1
-122.99999999999999 164.0 40.2
-122.99999999999999 164.0 60.300000000000004
-122.99999999999999 164.0 80.4
-122.99999999999999 164.0 100.5
-122.99999999999999 164.0 120.60000000000001
-122.99999999999999 168.1 -120.60000000000001
-122.99999999999999 168.1 -100.5
-122.99999999999999 168.1 -80.4
-122.99999999999999 168.1 -60.300000000000004
-122.99999999999999 168.1 -40.2
-122.99999999999999 168.1 -20.1
-122.99999999999999 168.1 0.0
-122.99999999999999 168.1 20.1
-122.99999999999999 168.1 40.2
-122.99999999999999 168.1 60.300000000000004
-122.99999999999999 168.1 80.4
-122.99999999999999 168.1 100.5
-122.99999999999999 168.1 120.60000000000001
-122.99999999999999 172.2 -120.60000000000001
-122.99999999999999 172.2 -100.5
-122.99999999999999 172.2 -80.4
-122.99999999999999 172.2 -60.300000000000004
-122.99999999999999 172.2 -40.2
-122.99999999999999 172.2 -20.1
-122.99999999999999 172.2 0.0
-122.99999999999999 172.2 20.1
-122.99999999999999 172.2 40.2
-122.99999999999999 172.2 60.300000000000004
-122.99999999999999 172.2 80.4
-122.99999999999999 172.2 100.5
-122.99999999999999 172.2 120.60000000000001
-122.99999999999999 176.29999999999998 -120.60000000000001
-122.99999999999999 176.29999999999998 -100.5
-122.99999999999999 176.29999999999998 -80.4
-122.99999999999999 176.29999999999998 -60.300000000000004
-122.99999999999999 176.29999999999998 -40.2
-122.99999999999999 176.29999999999998 -20.1
-122.99999999999999 176.29999999999998 0.0
-122.99999999999999 176.29999999999998 20.1
-122.99999999999999 176.29999999999998 40.2
-122.99999999999999 176.29999999999998 60.300000000000004
-122.99999999999999 176.29999999999998 80.4
-122.99999999999999 176.29999999999998 100.5
-122.99999999999999 176.29999999999998 120.60000000000001
-118.89999999999999 -180.39999999999998 -120.60000000000001
-118.89999999999999 -180.39999999999998 -100.5
-118.89999999999999 -180.39999999999998 -80.4
-118.89999999999999 -180.39999999999998 -60.300000000000004
-118.89999999999999 -180.39999999999998 -40.2
-118.89999999999999 -180.39999999999998 -20.1
-118.89999999999999 -180.39999999999998 0.0
-118.89999999999999 -180.39999999999998 20.1
-118.89999999999999 -180.39999999999998 40.2
-118.89999999999999 -180.39999999999998 60.300000000000004
-118.89999999999999 -180.39999999999998 80.4
-118.89999999999999 -180.39999999999998 100.5
-118.89999999999999 -180.39999999999998 120.60000000000001
-118.89999999999999 -176.29999999999998 -120.60000000000001
-118.89999999999999 -176.29999999999998 -100.5
-118.89999999999999 -176.29999999999998 -80.4
-118.89999999999999 -176.29999999999998 -60.300000000000004
-118.89999999999999 -176.29999999999998 -40.2
-118.89999999999999 -176.29999999999998 -20.1
-118.89999999999999 -176.29999999999998 0.0
-118.89999999999999 -176.29999999999998 20.1
-118.89999999999999 -176.29999999999998 40.2
-118.89999999999999 -176.29999999999998 60.300000000000004
-118.89999999999999 -176.29999999999998 80.4
-118.89999999999999 -176.29999999999998 100.5
-118.89999999999999 -176.29999999999998 120.60000000000001
-118.89999999999999 -172.2 -120.60000000000001
-118.89999999999999 -172.2 -100.5
-118.89999999999999 -172.2 -80.4
-118.89999999999999 -172.2 -60.300000000000004
-118.89999999999999 -172.2 -40.2
-118.89999999999999 -172.2 -20.1
-118.89999999999999 -172.2 0.0
-118.89999999999999 -172.2 20.1
-118.89999999999999 -172.2 40.2
-118.89999999999999 -172.2 60.300000000000004
-118.89999999999999 -172.2 80.4
-118.89999999999999 -172.2 100.5
-118.89999999999999 -172.2 120.60000000000001
-118.89999999999999 -168.1 -120.60000000000001
-118.89999999999999 -168.1 -100.5
-118.89999999999999 -168.1 -80.4
-118.89999999999999 -168.1 -60.300000000000004
-118.89999999999999 -168.1 -40.2
-118.89999999999999 -168.1 -20.1
-118.89999999999999 -168.1 0.0
-118.89999999999999 -168.1 20.1
-118.89999999999999 -168.1 40.2
-118.89999999999999 -168.1 60.300000000000004
-118.89999999999999 -168.1 80.4
-118.89999999999999 -168.1 100.5
-118.89999999999999 -168.1 120.60000000000001
-118.89999999999999 -164.0 -120.60000000000001
-118.89999999999999 -164.0 -100.5
-118.89999999999999 -164.0 -80.4
-118.89999999999999 -164.0 -60.300000000000004
-118.89999999999999 -164.0 -40.2
-118.89999999999999 -164.0 -20.1
-118.89999999999999 -164.0 0.0
-118.89999999999999 -164.0 20.1
-118.89999999999999 -164.0 40.2
-118.89999999999999 -164.0 60.300000000000004
-118.89999999999999 -164.0 80.4
-118.89999999999999 -164.0 100.5
-118.89999999999999 -164.0 120.60000000000001
-118.89999999999999 -159.89999999999998 -120.60000000000001
-118.89999999999999 -159.89999999999998 -100.5
-118.89999999999999 -159.89999999999998 -80.4
-118.89999999999999 -159.89999999999998 -60.300000000000004
-118.89999999999999 -159.89999999999998 -40.2
-118.89999999999999 -159.89999999999998 -20.1
-118.89999999999999 -159.89999999999998 0.0
-118.89999999999999 -159.89999999999998 20.1
-118.89999999999999 -159.89999999999998 40.2
-118.89999999999999 -159.89999999999998 60.300000000000004
-118.89999999999999 -159.89999999999998 80.4
-118.89999999999999 -159.89999999999998 100.5
-118.89999999999999 -159.89999999999998 120.60000000000001
-118.89999999999999 -155.79999999999998 -120.60000000000001
-118.89999999999999 -155.79999999999998 -100.5
-118.89999999999999 -155.79999999999998 -80.4
-118.89999999999999 -155.79999999999998 -60.300000000000004
-118.89999999999999 -155.79999999999998 -40.2
-118.89999999999999 -155.79999999999998 -20.1
-118.89999999999999 -155.79999999999998 0.0
-118.89999999999999 -155.79999999999998 20.1
-118.89999999999999 -155.79999999999998 40.2
-118.89999999999999 -155.79999999999998 60.300000000000004
-118.89999999999999 -155.79999999999998 80.4
-118.89999999999999 -155.79999999999998 100.5
-118.89999999999999 -155.79999999999998 120.60000000000001
-118.89999999999999 -151.7 -120.60000000000001
-118.89999999999999 -151.7 -100.5
-118.89999999999999 -151.7 -80.4
-118.89999999999999 -151.7 -60.300000000000004
-118.89999999999999 -151.7 -40.2
-118.89999999999999 -151.7 -20.1
-118.89999999999999 -151.7 0.0
-118.89999999999999 -151.7 20.1
-118.89999999999999 -151.7 40.2
-118.89999999999999 -151.7 60.300000000000004
-118.89999999999999 -151.7 80.4
-118.89999999999999 -151.7 100.5
-118.89999999999999 -151.7 120.60000000000001
-118.89999999999999 -147.6 -120.60000000000001
-118.89999999999999 -147.6 -100.5
-118.89999999999999 -147.6 -80.4
-118.89999999999999 -147.6 -60.300000000000004
-118.89999999999999 -147.6 -40.2
-118.89999999999999 -147.6 -20.1
-118.89999999999999 -147.6 0.0
-118.89999999999999 -147.6 20.1
-118.89999999999999 -147.6 40.2
-118.89999999999999 -147.6 60.300000000000004
-118.89999999999999 -147.6 80.4
-118.89999999999999 -147.6 100.5
-118.89999999999999 -147.6 120.60000000000001
-118.89999999999999 147.6 -120.60000000000001
-118.89999999999999 147.6 -100.5
-118.89999999999999 147.6 -80.4
-118.89999999999999 147.6 -60.300000000000004
-118.89999999999999 147.6 -40.2
-118.89999999999999 147.6 -20.1
-118.89999999999999 147.6 0.0
-118.89999999999999 147.6 20.1
-118.89999999999999 147.6 40.2
-118.89999999999999 147.6 60.300000000000004
-118.89999999999999 147.6 80.4
-118.89999999999999 147.6 100.5
-118.89999999999999 147.6 120.60000000000001
-118.89999999999999 151.7 -120.60000000000001
-118.89999999999999 151.7 -100.5
-118.89999999999999 151.7 -80.4
-118.89999999999999 151.7 -60.300000000000004
-118.89999999999999 151.7 -40.2
-118.89999999999999 151.7 -20.1
-118.89999999999999 151.7 0.0
-118.89999999999999 151.7 20.1
-118.89999999999999 151.7 40.2
-118.89999999999999 151.7 60.300000000000004
-118.89999999999999 151.7 80.4
-118.89999999999999 151.7 100.5
-118.89999999999999 151.7 120.60000000000001
-118.89999999999999 155.79999999999998 -120.60000000000001
-118.89999999999999 155.79999999999998 -100.5
-118.89999999999999 155.79999999999998 -80.4
-118.89999999999999 155.79999999999998 -60.300000000000004
-118.89999999999999 155.79999999999998 -40.2
-118.89999999999999 155.79999999999998 -20.1
-118.89999999999999 155.79999999999998 0.0
-118.89999999999999 155.79999999999998 20.1
-118.89999999999999 155.79999999999998 40.2
-118.89999999999999 155.79999999999998 60.300000000000004
-118.89999999999999 155.79999999999998 80.4
-118.89999999999999 155.79999999999998 100.5
-118.89999999999999 155.79999999999998 120.60000000000001
-118.89999999999999 159.89999999999998 -120.60000000000001
-118.89999999999999 159.89999999999998 -100.5
-118.89999999999999 159.89999999999998 -80.4
-118.89999999999999 159.89999999999998 -60.300000000000004
-118.89999999999999 159.89999999999998 -40.2
-118.89999999999999 159.89999999999998 -20.1
-118.89999999999999 159.89999999999998 0.0
-118.89999999999999 159.89999999999998 20.1
-118.89999999999999 159.89999999999998 40.2
-118.89999999999999 159.89999999999998 60.300000000000004
-118.89999999999999 159.89999999999998 80.4
-118.89999999999999 159.89999999999998 100.5
-118.89999999999999 159.89999999999998 120.60000000000001
-118.89999999999999 164.0 -120.60000000000001
-118.89999999999999 164.0 -100.5
-118.89999999999999 164.0 -80.4
-118.89999999999999 164.0 -60.300000000000004
-118.89999999999999 164.0 -40.2
-118.89999999999999 164.0 -20.1
-118.89999999999999 164.0 0.0
-118.89999999999999 164.0 20.1
-118.89999999999999 164.0 40.2
-118.89999999999999 164.0 60.300000000000004
-118.89999999999999 164.0 80.4
-118.89999999999999 164.0 100.5
-118.89999999999999 164.0 120.60000000000001
-118.89999999999999 168.1 -120.60000000000001
-118.89999999999999 168.1 -100.5
-118.89999999999999 168.1 -80.4
-118.89999999999999 168.1 -60.300000000000004
-118.89999999999999 168.1 -40.2
-118.89999999999999 168.1 -20.1
-118.89999999999999 168.1 0.0
-118.89999999999999 168.1 20.1
-118.89999999999999 168.1 40.2
-118.89999999999999 168.1 60.300000000000004
-118.89999999999999 168.1 80.4
-118.89999999999999 168.1 100.5
-118.89999999999999 168.1 120.60000000000001
-118.89999999999999 172.2 -120.60000000000001
-118.89999999999999 172.2 -100.5
-118.89999999999999 172.2 -80.4
-118.89999999999999 172.2 -60.300000000000004
-118.89999999999999 172.2 -40.2
-118.89999999999999 172.2 -20.1
-118.89999999999999 172.2 0.0
-118.89999999999999 172.2 20.1
-118.89999999999999 172.2 40.2
-118.89999999999999 172.2 60.300000000000004
-118.89999999999999 172.2 80.4
-118.89999999999999 172.2 100.5
-118.89999999999999 172.2 120.60000000000001
-118.89999999999999 176.29999999999998 -120.60000000000001
-118.89999999999999 176.29999999999998 -100.5
-118.89999999999999 176.29999999999998 -80.4
-118.89999999999999 176.29999999999998 -60.300000000000004
-118.89999999999999 176.29999999999998 -40.2
-118.89999999999999 176.29999999999998 -20.1
-118.89999999999999 176.29999999999998 0.0
-118.89999999999999 176.29999999999998 20.1
-118.89999999999999 176.29999999999998 40.2
-118.89999999999999 176.29999999999998 60.300000000000004
-118.89999999999999 176.29999999999998 80.4
-118.89999999999999 176.29999999999998 100.5
-118.89999999999999 176.29999999999998 120.60000000000001
-118.89999999999999 180.39999999999998 -120.60000000000001
-118.89999999999999 180.39999999999998 -100.5
-118.89999999999999 180.39999999999998 -80.4
-118.89999999999999 180.39999999999998 -60.300000000000004
-118.89999999999999 180.39999999999998 -40.2
-118.89999999999999 180.39999999999998 -20.1
-118.89999999999999 180.39999999999998 0.0
-118.89999999999999 180.39999999999998 20.1
-118.89999999999999 180.39999999999998 40.2
-118.89999999999999 180.39999999999998 60.300000000000004
-118.89999999999999 180.39999999999998 80.4
-118.89999999999999 180.39999999999998 100.5
-118.89999999999999 180.39999999999998 120.60000000000001
-114.79999999999998 -180.39999999999998 -120.60000000000001
-114.79999999999998 -180.39999999999998 -100.5
-114.79999999999998 -180.39999999999998 -80.4
-114.79999999999998 -180.39999999999998 -60.300000000000004
-114.79999999999998 -180.39999999999998 -40.2
-114.79999999999998 -180.39999999999998 -20.1
-114.79999999999998 -180.39999999999998 0.0
-114.79999999999998 -180.39999999999998 20.1
-114.79999999999998 -180.39999999999998 40.2
-114.79999999999998 -180.39999999999998 60.300000000000004
-114.79999999999998 -180.39999999999998 80.4
-114.79999999999998 -180.39999999999998 100.5
-114.79999999999998 -180.39999999999998 120.60000000000001
-114.79999999999998 -176.29999999999998 -120.60000000000001
-114.79999999999998 -176.29999999999998 -100.5
-114.79999999999998 -176.29999999999998 -80.4
-114.79999999999998 -176.29999999999998 -60.300000000000004
-114.79999999999998 -176.29999999999998 -40.2
-114.79999999999998 -176.29999999999998 -20.1
-114.79999999999998 -176.29999999999998 0.0
-114.79999999999998 -176.29999999999998 20.1
-114.79999999999998 -176.29999999999998 40.2
-114.79999999999998 -176.29999999999998 60.300000000000004
-114.79999999999998 -176.29999999999998 80.4
-114.79999999999998 -176.29999999999998 100.5
-114.79999999999998 -176.29999999999998 120.60000000000001
-114.79999999999998 -172.2 -120.60000000000001
-114.79999999999998 -172.2 -100.5
-114.79999999999998 -172.2 -80.4
-114.79999999999998 -172.2 -60.300000000000004
-114.79999999999998 -172.2 -40.2
-114.79999999999998 -172.2 -20.1
-114.79999999999998 -172.2 0.0
-114.79999999999998 -172.2 20.1
-114.79999999999998 -172.2 40.2
-114.79999999999998 -172.2 60.300000000000004
-114.79999999999998 -172.2 80.4
-114.79999999999998 -172.2 100.5
-114.79999999999998 -172.2 120.60000000000001
-114.79999999999998 -168.1 -120.60000000000001
-114.79999999999998 -168.1 -100.5
-114.79999999999998 -168.1 -80.4
-114.79999999999998 -168.1 -60.300000000000004
-114.79999999999998 -168.1 -40.2
-114.79999999999998 -168.1 -20.1
-114.79999999999998 -168.1 0.0
-114.79999999999998 -168.1 20.1
-114.79999999999998 -168.1 40.2
-114.79999999999998 -168.1 60.300000000000004
-114.79999999999998 -168.1 80.4
-114.79999999999998 -168.1 100.5
-114.79999999999998 -168.1 120.60000000000001
-114.79999999999998 -164.0 -120.60000000000001
-114.79999999999998 -164.0 -100.5
-114.79999999999998 -164.0 -80.4
-114.79999999999998 -164.0 -60.300000000000004
-114.79999999999998 -164.0 -40.2
-114.79999999999998 -164.0 -20.1
-114.79999999999998 -164.0 0.0
-114.79999999999998 -164.0 20.1
-114.79999999999998 -164.0 40.2
-114.79999999999998 -164.0 60.300000000000004
-114.79999999999998 -164.0 80.4
-114.79999999999998 -164.0 100.5
-114.79999999999998 -164.0 120.60000000000001
-114.79999999999998 -159.89999999999998 -120.60000000000001
-114.79999999999998 -159.89999999999998 -100.5
-114.79999999999998 -159.89999999999998 -80.4
-114.79999999999998 -159.89999999999998 -60.300000000000004
-114.79999999999998 -159.89999999999998 -40.2
-114.79999999999998 -159.89999999999998 -20.1
-114.79999999999998 -159.89999999999998 0.0
-114.79999999999998 -159.89999999999998 20.1
-114.79999999999998 -159.89999999999998 40.2
-114.79999999999998 -159.89999999999998 60.300000000000004
-114.79999999999998 -159.89999999999998 80.4
-114.79999999999998 -159.89999999999998 100.5
-114.79999999999998 -159.89999999999998 120.60000000000001
-114.79999999999998 -155.79999999999998 -120.60000000000001
-114.79999999999998 -155.79999999999998 -100.5
-114.79999999999998 -155.79999999999998 -80.4
-114.79999999999998 -155.79999999999998 -60.300000000000004
-114.79999999999998 -155.79999999999998 -40.2
-114.79999999999998 -155.79999999999998 -20.1
-114.79999999999998 -155.79999999999998 0.0
-114.79999999999998 -155.79999999999998 20.1
-114.79999999999998 -155.79999999999998 40.2
-114.79999999999998 -155.79999999999998 60.300000000000004
-114.79999999999998 -155.79999999999998 80.4
-114.79999999999998 -155.79999999999998 100.5
-114.79999999999998 -155.79999999999998 120.60000000000001
-114.79999999999998 -151.7 -120.60000000000001
-114.79999999999998 -151.7 -100.5
-114.79999999999998 -151.7 -80.4
-114.79999999999998 -151.7 -60.300000000000004
-114.79999999999998 -151.7 -40.2
-114.79999999999998 -151.7 -20.1
-114.79999999999998 -151.7 0.0
-114.79999999999998 -151.7 20.1
-114.79999999999998 -151.7 40.2
-114.79999999999998 -151.7 60.300000000000004
-114.79999999999998 -151.7 80.4
-114.79999999999998 -151.7 100.5
-114.79999999999998 -151.7 120.60000000000001
-114.79999999999998 151.7 -120.60000000000001
-114.79999999999998 151.7 -100.5
-114.79999999999998 151.7 -80.4
-114.79999999999998 151.7 -60.300000000000004
-114.79999999999998 151.7 -40.2
-114.79999999999998 151.7 -20.1
-114.79999999999998 151.7 0.0
-114.79999999999998 151.7 20.1
-114.79999999999998 151.7 40.2
-114.79999999999998 151.7 60.300000000000004
-114.79999999999998 151.7 80.4
-114.79999999999998 151.7 100.5
-114.79999999999998 151.7 120.60000000000001
-114.79999999999998 155.79999999999998 -120.60000000000001
-114.79999999999998 155.79999999999998 -100.5
-114.79999999999998 155.79999999999998 -80.4
-114.79999999999998 155.79999999999998 -60.300000000000004
-114.79999999999998 155.79999999999998 -40.2
-114.79999999999998 155.79999999999998 -20.1
-114.79999999999998 155.79999999999998 0.0
-114.79999999999998 155.79999999999998 20.1
-114.79999999999998 155.79999999999998 40.2
-114.79999999999998 155.79999999999998 60.300000000000004
-114.79999999999998 155.79999999999998 80.4
-114.79999999999998 155.79999999999998 100.5
-114.79999999999998 155.79999999999998 120.60000000000001
-114.79999999999998 159.89999999999998 -120.60000000000001
-114.79999999999998 159.89999999999998 -100.5
-114.79999999999998 159.89999999999998 -80.4
-114.79999999999998 159.89999999999998 -60.300000000000004
-114.79999999999998 159.89999999999998 -40.2
-114.79999999999998 159.89999999999998 -20.1
-114.79999999999998 159.89999999999998 0.0
-114.79999999999998 159.89999999999998 20.1
-114.79999999999998 159.89999999999998 40.2
-114.79999999999998 159.89999999999998 60.300000000000004
-114.79999999999998 159.89999999999998 80.4
-114.79999999999998 159.89999999999998 100.5
-114.79999999999998 159.89999999999998 120.60000000000001
-114.79999999999998 164.0 -120.60000000000001
-114.79999999999998 164.0 -100.5
-114.79999999999998 164.0 -80.4
-114.79999999999998 164.0 -60.300000000000004
-114.79999999999998 164.0 -40.2
-114.79999999999998 164.0 -20.1
-114.79999999999998 164.0 0.0
-114.79999999999998 164.0 20.1
-114.79999999999998 164.0 40.2
-114.79999999999998 164.0 60.300000000000004
-114.79999999999998 164.0 80.4
-114.79999999999998 164.0 100.5
-114.79999999999998 164.0 120.60000000000001
-114.79999999999998 168.1 -120.60000000000001
-114.79999999999998 168.1 -100.5
-114.79999999999998 168.1 -80.4
-114.79999999999998 168.1 -60.300000000000004
-114.79999999999998 168.1 -40.2
-114.79999999999998 168.1 -20.1
-114.79999999999998 168.1 0.0
-114.79999999999998 168.1 20.1
-114.79999999999998 168.1 40.2
-114.79999999999998 168.1 60.300000000000004
-114.79999999999998 168.1 80.4
-114.79999999999998 168.1 100.5
-114.79999999999998 168.1 120.60000000000001
-114.79999999999998 172.2 -120.60000000000001
-114.79999999999998 172.2 -100.5
-114.79999999999998 172.2 -80.4
-114.79999999999998 172.2 -60.300000000000004
-114.79999999999998 172.2 -40.2
-114.79999999999998 172.2 -20.1
-114.79999999999998 172.2 0.0
-114.79999999999998 172.2 20.1
-114.79999999999998 172.2 40.2
-114.79999999999998 172.2 60.300000000000004
-114.79999999999998 172.2 80.4
-114.79999999999998 172.2 100.5
-114.79999999999998 172.2 120.60000000000001
-114.79999999999998 176.29999999999998 -120.60000000000001
-114.79999999999998 176.29999999999998 -100.5
-114.79999999999998 176.29999999999998 -80.4
-114.79999999999998 176.29999999999998 -60.300000000000004
-114.79999999999998 176.29999999999998 -40.2
-114.79999999999998 176.29999999999998 -20.1
-114.79999999999998 176.29999999999998 0.0
-114.79999999999998 176.29999999999998 20.1
-114.79999999999998 176.29999999999998 40.2
-114.79999999999998 176.29999999999998 60.300000000000004
-114.79999999999998 176.29999999999998 80.4
-114.79999999999998 176.29999999999998 100.5
-114.79999999999998 176.29999999999998 120.60000000000001
-114.79999999999998 180.39999999999998 -120.60000000000001
-114.79999999999998 180.39999999999998 -100.5
-114.79999999999998 180.39999999999998 -80.4
-114.79999999999998 180.39999999999998 -60.300000000000004
-114.79999999999998 180.39999999999998 -40.2
-114.79999999999998 180.39999999999998 -20.1
-114.79999999999998 180.39999999999998 0.0
-114.79999999999998 180.39999999999998 20.1
-114.79999999999998 180.39999999999998 40.2
-114.79999999999998 180.39999999999998 60.300000000000004
-114.79999999999998 180.39999999999998 80.4
-114.79999999999998 180.39999999999998 100.5
-114.79999999999998 180.39999999999998 120.60000000000001
-110.69999999999999 -184.49999999999997 -120.60000000000001
-110.69999999999999 -184.49999999999997 -100.5
-110.69999999999999 -184.49999999999997 -80.4
-110.69999999999999 -184.49999999999997 -60.300000000000004
-110.69999999999999 -184.49999999999997 -40.2
-110.69999999999999 -184.49999999999997 -20.1
-110.69999999999999 -184.49999999999997 0.0
-110.69999999999999 -184.49999999999997 20.1
-110.69999999999999 -184.49999999999997 40.2
-110.69999999999999 -184.49999999999997 60.300000000000004
-110.69999999999999 -184.49999999999997 80.4
-110.69999999999999 -184.49999999999997 100.5
-110.69999999999999 -184.49999999999997 120.60000000000001
-110.69999999999999 -180.39999999999998 -120.60000000000001
-110.69999999999999 -180.39999999999998 -100.5
-110.69999999999999 -180.39999999999998 -80.4
-110.69999999999999 -180.39999999999998 -60.300000000000004
-110.69999999999999 -180.39999999999998 -40.2
-110.69999999999999 -180.39999999999998 -20.1
-110.69999999999999 -180.39999999999998 0.0
-110.69999999999999 -180.39999999999998 20.1
-110.69999999999999 -180.39999999999998 40.2
-110.69999999999999 -180.39999999999998 60.300000000000004
-110.69999999999999 -180.39999999999998 80.4
-110.69999999999999 -180.39999999999998 100.5
-110.69999999999999 -180.39999999999998 120.60000000000001
-110.69999999999999 -176.29999999999998 -120.60000000000001
-110.69999999999999 -176.29999999999998 -100.5
-110.69999999999999 -176.29999999999998 -80.4
-110.69999999999999 -176.29999999999998 -60.300000000000004
-110.69999999999999 -176.29999999999998 -40.2
-110.69999999999999 -176.29999999999998 -20.1
-110.69999999999999 -176.29999999999998 0.0
-110.69999999999999 -176.29999999999998 20.1
-110.69999999999999 -176.29999999999998 40.2
-110.69999999999999 -176.29999999999998 60.300000000000004
-110.69999999999999 -176.29999999999998 80.4
-110.69999999999999 -176.29999999999998 100.5
-110.69999999999999 -176.29999999999998 120.60000000000001
-110.69999999999999 -172.2 -120.60000000000001
-110.69999999999999 -172.2 -100.5
-110.69999999999999 -172.2 -80.4
-110.69999999999999 -172.2 -60.300000000000004
-110.69999999999999 -172.2 -40.2
-110.69999999999999 -172.2 -20.1
-110.69999999999999 -172.2 0.0
-110.69999999999999 -172.2 20.1
-110.69999999999999 -172.2 40.2
-110.69999999999999 -172.2 60.300000000000004
-110.69999999999999 -172.2 80.4
-110.69999999999999 -172.2 100.5
-110.69999999999999 -172.2 120.60000000000001
-110.69999999999999 -168.1 -120.60000000000001
-110.69999999999999 -168.1 -100.5
-110.69999999999999 -168.1 -80.4
-110.69999999999999 -168.1 -60.300000000000004
-110.69999999999999 -168.1 -40.2
-110.69999999999999 -168.1 -20.1
-110.69999999999999 -168.1 0.0
-110.69999999999999 -168.1 20.1
-110.69999999999999 -168.1 40.2
-110.69999999999999 -168.1 60.300000000000004
-110.69999999999999 -168.1 80.4
-110.69999999999999 -168.1 100.5
-110.69999999999999 -168.1 120.60000000000001
-110.69999999999999 -164.0 -120.60000000000001
-110.69999999999999 -164.0 -100.5
-110.69999999999999 -164.0 -80.4
-110.69999999999999 -164.0 -60.300000000000004
-110.69999999999999 -164.0 -40.2
-110.69999999999999 -164.0 -20.1
-110.69999999999999 -164.0 0.0
-110.69999999999999 -164.0 20.1
-110.69999999999999 -164.0 40.2
-110.69999999999999 -164.0 60.300000000000004
-110.69999999999999 -164.0 80.4
-110.69999999999999 -164.0 100.5
-110.69999999999999 -164.0 120.60000000000001
-110.69999999999999 -159.89999999999998 -120.60000000000001
-110.69999999999999 -159.89999999999998 -100.5
-110.69999999999999 -159.89999999999998 -80.4
-110.69999999999999 -159.89999999999998 -60.300000000000004
-110.69999999999999 -159.89999999999998 -40.2
-110.69999999999999 -159.89999999999998 -20.1
-110.69999999999999 -159.89999999999998 0.0
-110.69999999999999 -159.89999999999998 20.1
-110.69999999999999 -159.89999999999998 40.2
-110.69999999999999 -159.89999999999998 60.300000000000004
-110.69999999999999 -159.89999999999998 80.4
-110.69999999999999 -159.89999999999998 100.5
-110.69999999999999 -159.89999999999998 120.60000000000001
-110.69999999999999 -155.79999999999998 -120.60000000000001
-110.69999999999999 -155.79999999999998 -100.5
-110.69999999999999 -155.79999999999998 -80.4
-110.69999999999999 -155.79999999999998 -60.300000000000004
-110.69999999999999 -155.79999999999998 -40.2
-110.69999999999999 -155.79999999999998 -20.1
-110.69999999999999 -155.79999999999998 0.0
-110.69999999999999 -155.79999999999998 20.1
-110.69999999999999 -155.79999999999998 40.2
-110.69999999999999 -155.79999999999998 60.300000000000004
-110.69999999999999 -155.79999999999998 80.4
-110.69999999999999 -155.79999999999998 100.5
-110.69999999999999 -155.79999999999998 120.60000000000001
-110.69999999999999 155.79999999999998 -120.60000000000001
-110.69999999999999 155.79999999999998 -100.5
-110.69999999999999 155.79999999999998 -80.4
-110.69999999999999 155.79999999999998 -60.300000000000004
-110.69999999999999 155.79999999999998 -40.2
-110.69999999999999 155.79999999999998 -20.1
-110.69999999999999 155.79999999999998 0.0
-110.69999999999999 155.79999999999998 20.1
-110.69999999999999 155.79999999999998 40.2
-110.69999999999999 155.79999999999998 60.300000000000004
-110.69999999999999 155.79999999999998 80.4
-110.69999999999999 155.79999999999998 100.5
-110.69999999999999 155.79999999999998 120.60000000000001
-110.69999999999999 159.89999999999998 -120.60000000000001
-110.69999999999999 159.89999999999998 -100.5
-110.69999999999999 159.89999999999998 -80.4
-110.69999999999999 159.89999999999998 -60.300000000000004
-110.69999999999999 159.89999999999998 -40.2
-110.69999999999999 159.89999999999998 -20.1
-110.69999999999999 159.89999999999998 0.0
-110.69999999999999 159.89999999999998 20.1
-110.69999999999999 159.89999999999998 40.2
-110.69999999999999 159.89999999999998 60.300000000000004
-110.69999999999999 159.89999999999998 80.4
-110.69999999999999 159.89999999999998 100.5
-110.69999999999999 159.89999999999998 120.60000000000001
-110.69999999999999 164.0 -120.60000000000001
-110.69999999999999 164.0 -100.5
-110.69999999999999 164.0 -80.4
-110.69999999999999 164.0 -60.300000000000004
-110.69999999999999 164.0 -40.2
-110.69999999999999 164.0 -20.1
-110.69999999999999 164.0 0.0
-110.69999999999999 164.0 20.1
-110.69999999999999 164.0 40.2
-110.69999999999999 164.0 60.300000000000004
-110.69999999999999 164.0 80.4
-110.69999999999999 164.0 100.5
-110.69999999999999 164.0 120.60000000000001
-110.69999999999999 168.1 -120.60000000000001
-110.69999999999999 168.1 -100.5
-110.69999999999999 168.1 -80.4
-110.69999999999999 168.1 -60.300000000000004
-110.69999999999999 168.1 -40.2
-110.69999999999999 168.1 -20.1
-110.69999999999999 168.1 0.0
-110.69999999999999 168.1 20.1
-110.69999999999999 168.1 40.2
-110.69999999999999 168.1 60.300000000000004
-110.69999999999999 168.1 80.4
-110.69999999999999 168.1 100.5
-110.69999999999999 168.1 120.60000000000001
-110.69999999999999 172.2 -120.60000000000001
-110.69999999999999 172.2 -100.5
-110.69999999999999 172.2 -80.4
-110.69999999999999 172.2 -60.300000000000004
-110.69999999999999 172.2 -40.2
-110.69999999999999 172.2 -20.1
-110.69999999999999 172.2 0.0
-110.69999999999999 172.2 20.1
-110.69999999999999 172.2 40.2
-110.69999999999999 172.2 60.300000000000004
-110.69999999999999 172.2 80.4
-110.69999999999999 172.2 100.5
-110.69999999999999 172.2 120.60000000000001
-110.69999999999999 176.29999999999998 -120.60000000000001
-110.69999999999999 176.29999999999998 -100.5
-110.69999999999999 176.29999999999998 -80.4
-110.69999999999999 176.29999999999998 -60.300000000000004
-110.69999999999999 176.29999999999998 -40.2
-110.69999999999999 176.29999999999998 -20.1
-110.69999999999999 176.29999999999998 0.0
-110.69999999999999 176.29999999999998 20.1
-110.69999999999999 176.29999999999998 40.2
-110.69999999999999 176.29999999999998 60.300000000000004
-110.69999999999999 176.29999999999998 80.4
-110.69999999999999 176.29999999999998 100.5
-110.69999999999999 176.29999999999998 120.60000000000001
-110.69999999999999 180.39999999999998 -120.60000000000001
-110.69999999999999 180.39999999999998 -100.5
-110.69999999999999 180.39999999999998 -80.4
-110.69999999999999 180.39999999999998 -60.300000000000004
-110.69999999999999 180.39999999999998 -40.2
-110.69999999999999 180.39999999999998 -20.1
-110.69999999999999 180.39999999999998 0.0
-110.69999999999999 180.39999999999998 20.1
-110.69999999999999 180.39999999999998 40.2
-110.69999999999999 180.39999999999998 60.300000000000004
-110.69999999999999 180.39999999999998 80.4
-110.69999999999999 180.39999999999998 100.5
-110.69999999999999 180.39999999999998 120.60000000000001
-110.69999999999999 184.49999999999997 -120.60000000000001
-110.69999999999999 184.49999999999997 -100.5
-110.69999999999999 184.49999999999997 -80.4
-110.69999999999999 184.49999999999997 -60.300000000000004
-110.69999999999999 184.49999999999997 -40.2
-110.69999999999999 184.49999999999997 -20.1
-110.69999999999999 184.49999999999997 0.0
-110.69999999999999 184.49999999999997 20.1
-110.69999999999999 184.49999999999997 40.2
-110.69999999999999 184.49999999999997 60.300000000000004
-110.69999999999999 184.49999999999997 80.4
-110.69999999999999 184.49999999999997 100.5
-110.69999999999999 184.49999999999997 120.60000000000001
-106.6 -188.6 -120.60000000000001
-106.6 -188.6 -100.5
-106.6 -188.6 -80.4
-106.6 -188.6 -60.300000000000004
-106.6 -188.6 -40.2
-106.6 -188.6 -20.1
-106.6 -188.6 0.0
-106.6 -188.6 20.1
-106.6 -188.6 40.2
-106.6 -188.6 60.300000000000004
-106.6 -188.6 80.4
-106.6 -188.6 100.5
-106.6 -188.6 120.60000000000001
-106.6 -184.49999999999997 -120.60000000000001
-106.6 -184.49999999999997 -100.5
-106.6 -184.49999999999997 -80.4
-106.6 -184.49999999999997 -60.300000000000004
-106.6 -184.49999999999997 -40.2
-106.6 -184.49999999999997 -20.1
-106.6 -184.49999999999997 0.0
-106.6 -184.49999999999997 20.1
-106.6 -184.49999999999997 40.2
-106.6 -184.49999999999997 60.300000000000004
-106.6 -184.49999999999997 80.4
-106.6 -184.49999999999997 100.5
-106.6 -184.49999999999997 120.60000000000001
-106.6 -180.39999999999998 -120.60000000000001
-106.6 -180.39999999999998 -100.5
-106.6 -180.39999999999998 -80.4
-106.6 -180.39999999999998 -60.300000000000004
-106.6 -180.39999999999998 -40.2
-106.6 -180.39999999999998 -20.1
-106.6 -180.39999999999998 0.0
-106.6 -180.39999999999998 20.1
-106.6 -180.39999999999998 40.2
-106.6 -180.39999999999998 60.300000000000004
-106.6 -180.39999999999998 80.4
-106.6 -180.39999999999998 100.5
-106.6 -180.39999999999998 120.60000000000001
-106.6 -176.29999999999998 -120.60000000000001
-106.6 -176.29999999999998 -100.5
-106.6 -176.29999999999998 -80.4
-106.6 -176.29999999999998 -60.300000000000004
-106.6 -176.29999999999998 -40.2
-106.6 -176.29999999999998 -20.1
-106.6 -176.29999999999998 0.0
-106.6 -176.29999999999998 20.1
-106.6 -176.29999999999998 40.2
-106.6 -176.29999999999998 60.300000000000004
-106.6 -176.29999999999998 80.4
-106.6 -176.29999999999998 100.5
-106.6 -176.29999999999998 120.60000000000001
-106.6 -172.2 -120.60000000000001
-106.6 -172.2 -100.5
-106.6 -172.2 -80.4
-106.6 -172.2 -60.300000000000004
-106.6 -172.2 -40.2
-106.6 -172.2 -20.1
-106.6 -172.2 0.0
-106.6 -172.2 20.1
-106.6 -172.2 40.2
-106.6 -172.2 60.300000000000004
-106.6 -172.2 80.4
-106.6 -172.2 100.5
-106.6 -172.2 120.60000000000001
-106.6 -168.1 -120.60000000000001
-106.6 -168.1 -100.5
-106.6 -168.1 -80.4
-106.6 -168.1 -60.300000000000004
-106.6 -168.1 -40.2
-106.6 -168.1 -20.1
-106.6 -168.1 0.0
-106.6 -168.1 20.1
-106.6 -168.1 40.2
-106.6 -168.1 60.300000000000004
-106.6 -168.1 80.4
-106.6 -168.1 100.5
-106.6 -168.1 120.60000000000001
-106.6 -164.0 -120.60000000000001
-106.6 -164.0 -100.5
-106.6 -164.0 -80.4
-106.6 -164.0 -60.300000000000004
-106.6 -164.0 -40.2
-106.6 -164.0 -20.1
-106.6 -164.0 0.0
-106.6 -164.0 20.1
-106.6 -164.0 40.2
-106.6 -164.0 60.300000000000004
-106.6 -164.0 80.4
-106.6 -164.0 100.5
-106.6 -164.0 120.60000000000001
-106.6 -159.89999999999998 -120.60000000000001
-106.6 -159.89999999999998 -100.5
-106.6 -159.89999999999998 -80.4
-106.6 -159.89999999999998 -60.300000000000004
-106.6 -159.89999999999998 -40.2
-106.6 -159.89999999999998 -20.1
-106.6 -159.89999999999998 0.0
-106.6 -159.89999999999998 20.1
-106.6 -159.89999999999998 40.2
-106.6 -159.89999999999998 60.300000000000004
-106.6 -159.89999999999998 80.4
-106.6 -159.89999999999998 100.5
-106.6 -159.89999999999998 120.60000000000001
-106.6 -155.79999999999998 -120.60000000000001
-106.6 -155.79999999999998 -100.5
-106.6 -155.79999999999998 -80.4
-106.6 -155.79999999999998 -60.300000000000004
-106.6 -155.79999999999998 -40.2
-106.6 -155.79999999999998 -20.1
-106.6 -155.79999999999998 0.0
-106.6 -155.79999999999998 20.1
-106.6 -155.79999999999998 40.2
-106.6 -155.79999999999998 60.300000000000004
-106.6 -155.79999999999998 80.4
-106.6 -155.79999999999998 100.5
-106.6 -155.79999999999998 120.60000000000001
-106.6 155.79999999999998 -120.60000000000001
-106.6 155.79999999999998 -100.5
-106.6 155.79999999999998 -80.4
-106.6 155.79999999999998 -60.300000000000004
-106.6 155.79999999999998 -40.2
-106.6 155.79999999999998 -20.1
-106.6 155.79999999999998 0.0
-106.6 155.79999999999998 20.1
-106.6 155.79999999999998 40.2
-106.6 155.79999999999998 60.300000000000004
-106.6 155.79999999999998 80.4
-106.6 155.79999999999998 100.5
-106.6 155.79999999999998 120.60000000000001
-106.6 159.89999999999998 -120.60000000000001
-106.6 159.89999999999998 -100.5
-106.6 159.89999999999998 -80.4
-106.6 159.89999999999998 -60.300000000000004
-106.6 159.89999999999998 -40.2
-106.6 159.89999999999998 -20.1
-106.6 159.89999999999998 0.0
-106.6 159.89999999999998 20.1
-106.6 159.89999999999998 40.2
-106.6 159.89999999999998 60.300000000000004
-106.6 159.89999999999998 80.4
-106.6 159.89999999999998 100.5
-106.6 159.89999999999998 120.60000000000001
-106.6 164.0 -120.60000000000001
-106.6 164.0 -100.5
-106.6 164.0 -80.4
-106.6 164.0 -60.300000000000004
-106.6 164.0 -40.2
-106.6 164.0 -20.1
-106.6 164.0 0.0
-106.6 164.0 20.1
-106.6 164.0 40.2
-106.6 164.0 60.300000000000004
-106.6 164.0 80.4
-106.6 164.0 100.5
-106.6 164.0 120.60000000000001
-106.6 168.1 -120.60000000000001
-106.6 168.1 -100.5
-106.6 168.1 -80.4
-106.6 168.1 -60.300000000000004
-106.6 168.1 -40.2
-106.6 168.1 -20.1
-106.6 168.1 0.0
-106.6 168.1 20.1
-106.6 168.1 40.2
-106.6 168.1 60.300000000000004
-106.6 168.1 80.4
-106.6 168.1 100.5
-106.6 168.1 120.60000000000001
-106.6 172.2 -120.60000000000001
-106.6 172.2 -100.5
-106.6 172.2 -80.4
-106.6 172.2 -60.300000000000004
-106.6 172.2 -40.2
-106.6 172.2 -20.1
-106.6 172.2 0.0
-106.6 172.2 20.1
-106.6 172.2 40.2
-106.6 172.2 60.300000000000004
-106.6 172.2 80.4
-106.6 172.2 100.5
-106.6 172.2 120.60000000000001
-106.6 176.29999999999998 -120.60000000000001
-106.6 176.29999999999998 -100.5
-106.6 176.29999999999998 -80.4
-106.6 176.29999999999998 -60.300000000000004
-106.6 176.29999999999998 -40.2
-106.6 176.29999999999998 -20.1
-106.6 176.29999999999998 0.0
-106.6 176.29999999999998 20.1
-106.6 176.29999999999998 40.2
-106.6 176.29999999999998 60.300000000000004
-106.6 176.29999999999998 80.4
-106.6 176.29999999999998 100.5
-106.6 176.29999999999998 120.60000000000001
-106.6 180.39999999999998 -120.60000000000001
-106.6 180.39999999999998 -100.5
-106.6 180.39999999999998 -80.4
-106.6 180.39999999999998 -60.300000000000004
-106.6 180.39999999999998 -40.2
-106.6 180.39999999999998 -20.1
-106.6 180.39999999999998 0.0
-106.6 180.39999999999998 20.1
-106.6 180.39999999999998 40.2
-106.6 180.39999999999998 60.300000000000004
-106.6 180.39999999999998 80.4
-106.6 180.39999999999998 100.5
-106.6 180.39999999999998 120.60000000000001
-106.6 184.49999999999997 -120.60000000000001
-106.6 184.49999999999997 -100.5
-106.6 184.49999999999997 -80.4
-106.6 184.49999999999997 -60.300000000000004
-106.6 184.49999999999997 -40.2
-106.6 184.49999999999997 -20.1
-106.6 184.49999999999997 0.0
-106.6 184.49999999999997 20.1
-106.6 184.49999999999997 40.2
-106.6 184.49999999999997 60.300000000000004
-106.6 184.49999999999997 80.4
-106.6 184.49999999999997 100.5
-106.6 184.49999999999997 120.60000000000001
-106.6 188.6 -120.60000000000001
-106.6 188.6 -100.5
-106.6 188.6 -80.4
-106.6 188.6 -60.300000000000004
-106.6 188.6 -40.2
-106.6 188.6 -20.1
-106.6 188.6 0.0
-106.6 188.6 20.1
-106.6 188.6 40.2
-106.6 188.6 60.300000000000004
-106.6 188.6 80.4
-106.6 188.6 100.5
-106.6 188.6 120.60000000000001
-102.49999999999999 -188.6 -120.60000000000001
-102.49999999999999 -188.6 -100.5
-102.49999999999999 -188.6 -80.4
-102.49999999999999 -188.6 -60.300000000000004
-102.49999999999999 -188.6 -40.2
-102.49999999999999 -188.6 -20.1
-102.49999999999999 -188.6 0.0
-102.49999999999999 -188.6 20.1
-102.49999999999999 -188.6 40.2
-102.49999999999999 -188.6 60.300000000000004
-102.49999999999999 -188.6 80.4
-102.49999999999999 -188.6 100.5
-102.49999999999999 -188.6 120.60000000000001
-102.49999999999999 -184.49999999999997 -120.60000000000001
-102.49999999999999 -184.49999999999997 -100.5
-102.49999999999999 -184.49999999999997 -80.4
-102.49999999999999 -184.49999999999997 -60.300000000000004
-102.49999999999999 -184.49999999999997 -40.2
-102.49999999999999 -184.49999999999997 -20.1
-102.49999999999999 -184.49999999999997 0.0
-102.49999999999999 -184.49999999999997 20.1
-102.49999999999999 -184.49999999999997 40.2
-102.49999999999999 -184.49999999999997 60.300000000000004
-102.49999999999999 -184.49999999999997 80.4
-102.49999999999999 -184.49999999999997 100.5
-102.49999999999999 -184.49999999999997 120.60000000000001
-102.49999999999999 -180.39999999999998 -120.60000000000001
-102.49999999999999 -180.39999999999998 -100.5
-102.49999999999999 -180.39999999999998 -80.4
-102.49999999999999 -180.39999999999998 -60.300000000000004
-102.49999999999999 -180.39999999999998 -40.2
-102.49999999999999 -180.39999999999998 -20.1
-102.49999999999999 -180.39999999999998 0.0
-102.49999999999999 -180.39999999999998 20.1
-102.49999999999999 -180.39999999999998 40.2
-102.49999999999999 -180.39999999999998 60.300000000000004
-102.49999999999999 -180.39999999999998 80.4
-102.49999999999999 -180.39999999999998 100.5
-102.49999999999999 -180.39999999999998 120.60000000000001
-102.49999999999999 -176.29999999999998 -120.60000000000001
-102.49999999999999 -176.29999999999998 -100.5
-102.49999999999999 -176.29999999999998 -80.4
-102.49999999999999 -176.29999999999998 -60.300000000000004
-102.49999999999999 -176.29999999999998 -40.2
-102.49999999999999 -176.29999999999998 -20.1
-102.49999999999999 -176.29999999999998 0.0
-102.49999999999999 -176.29999999999998 20.1
-102.49999999999999 -176.29999999999998 40.2
-102.49999999999999 -176.29999999999998 60.300000000000004
-102.49999999999999 -176.29999999999998 80.4
-102.49999999999999 -176.29999999999998 100.5
-102.49999999999999 -176.29999999999998 120.60000000000001
-102.49999999999999 -172.2 -120.60000000000001
-102.49999999999999 -172.2 -100.5
-102.49999999999999 -172.2 -80.4
-102.49999999999999 -172.2 -60.300000000000004
-102.49999999999999 -172.2 -40.2
-102.49999999999999 -172.2 -20.1
-102.49999999999999 -172.2 0.0
-102.49999999999999 -172.2 20.1
-102.49999999999999 -172.2 40.2
-102.49999999999999 -172.2 60.300000000000004
-102.49999999999999 -172.2 80.4
-102.49999999999999 -172.2 100.5
-102.49999999999999 -172.2 120.60000000000001
-102.49999999999999 -168.1 -120.60000000000001
-102.49999999999999 -168.1 -100.5
-102.49999999999999 -168.1 -80.4
-102.49999999999999 -168.1 -60.300000000000004
-102.49999999999999 -168.1 -40.2
-102.49999999999999 -168.1 -20.1
-102.49999999999999 -168.1 0.0
-102.49999999999999 -168.1 20.1
-102.49999999999999 -168.1 40.2
-102.49999999999999 -168.1 60.300000000000004
-102.49999999999999 -168.1 80.4
-102.49999999999999 -168.1 100.5
-102.49999999999999 -168.1 120.60000000000001
-102.49999999999999 -164.0 -120.60000000000001
-102.49999999999999 -164.0 -100.5
-102.49999999999999 -164.0 -80.4
-102.49999999999999 -164.0 -60.300000000000004
-102.49999999999999 -164.0 -40.2
-102.49999999999999 -164.0 -20.1
-102.49999999999999 -164.0 0.0
-102.49999999999999 -164.0 20.1
-102.49999999999999 -164.0 40.2
-102.49999999999999 -164.0 60.300000000000004
-102.49999999999999 -164.0 80.4
-102.49999999999999 -164.0 100.5
-102.49999999999999 -164.0 120.60000000000001
-102.49999999999999 -159.89999999999998 -120.60000000000001
-102.49999999999999 -159.89999999999998 -100.5
-102.49999999999999 -159.89999999999998 -80.4
-102.49999999999999 -159.89999999999998 -60.300000000000004
-102.49999999999999 -159.89999999999998 -40.2
-102.49999999999999 -159.89999999999998 -20.1
-102.49999999999999 -159.89999999999998 0.0
-102.49999999999999 -159.89999999999998 20.1
-102.49999999999999 -159.89999999999998 40.2
-102.49999999999999 -159.89999999999998 60.300000000000004
-102.49999999999999 -159.89999999999998 80.4
-102.49999999999999 -159.89999999999998 100.5
-102.49999999999999 -159.89999999999998 120.60000000000001
-102.49999999999999 159.89999999999998 -120.60000000000001
-102.49999999999999 159.89999999999998 -100.5
-102.49999999999999 159.89999999999998 -80.4
-102.49999999999999 159.89999999999998 -60.300000000000004
-102.49999999999999 159.89999999999998 -40.2
-102.49999999999999 159.89999999999998 -20.1
-102.49999999999999 159.89999999999998 0.0
-102.49999999999999 159.89999999999998 20.1
-102.49999999999999 159.89999999999998 40.2
-102.49999999999999 159.89999999999998 60.300000000000004
-102.49999999999999 159.89999999999998 80.4
-102.49999999999999 159.89999999999998 100.5
-102.49999999999999 159.89999999999998 120.60000000000001
-102.49999999999999 164.0 -120.60000000000001
-102.49999999999999 164.0 -100.5
-102.49999999999999 164.0 -80.4
-102.49999999999999 164.0 -60.300000000000004
-102.49999999999999 164.0 -40.2
-102.49999999999999 164.0 -20.1
-102.49999999999999 164.0 0.0
-102.49999999999999 164.0 20.1
-102.49999999999999 164.0 40.2
-102.49999999999999 164.0 60.300000000000004
-102.49999999999999 164.0 80.4
-102.49999999999999 164.0 100.5
-102.49999999999999 164.0 120.60000000000001
-102.49999999999999 168.1 -120.60000000000001
-102.49999999999999 168.1 -100.5
-102.49999999999999 168.1 -80.4
-102.49999999999999 168.1 -60.300000000000004
-102.49999999999999 168.1 -40.2
-102.49999999999999 168.1 -20.1
-102.49999999999999 168.1 0.0
-102.49999999999999 168.1 20.1
-102.49999999999999 168.1 40.2
-102.49999999999999 168.1 60.300000000000004
-102.49999999999999 168.1 80.4
-102.49999999999999 168.1 100.5
-102.49999999999999 168.1 120.60000000000001
-102.49999999999999 172.2 -120.60000000000001
-102.49999999999999 172.2 -100.5
-102.49999999999999 172.2 -80.4
-102.49999999999999 172.2 -60.300000000000004
-102.49999999999999 172.2 -40.2
-102.49999999999999 172.2 -20.1
-102.49999999999999 172.2 0.0
-102.49999999999999 172.2 20.1
-102.49999999999999 172.2 40.2
-102.49999999999999 172.2 60.300000000000004
-102.49999999999999 172.2 80.4
-102.49999999999999 172.2 100.5
-102.49999999999999 172.2 120.60000000000001
-102.49999999999999 176.29999999999998 -120.60000000000001
-102.49999999999999 176.29999999999998 -100.5
-102.49999999999999 176.29999999999998 -80.4
-102.49999999999999 176.29999999999998 -60.300000000000004
-102.49999999999999 176.29999999999998 -40.2
-102.49999999999999 176.29999999999998 -20.1
-102.49999999999999 176.29999999999998 0.0
-102.49999999999999 176.29999999999998 20.1
-102.49999999999999 176.29999999999998 40.2
-102.49999999999999 176.29999999999998 60.300000000000004
-102.49999999999999 176.29999999999998 80.4
-102.49999999999999 176.29999999999998 100.5
-102.49999999999999 176.29999999999998 120.60000000000001
-102.49999999999999 180.39999999999998 -120.60000000000001
-102.49999999999999 180.39999999999998 -100.5
-102.49999999999999 180.39999999999998 -80.4
-102.49999999999999 180.39999999999998 -60.300000000000004
-102.49999999999999 180.39999999999998 -40.2
-102.49999999999999 180.39999999999998 -20.1
-102.49999999999999 180.39999999999998 0.0
-102.49999999999999 180.39999999999998 20.1
-102.49999999999999 180.39999999999998 40.2
-102.49999999999999 180.39999999999998 60.300000000000004
-102.49999999999999 180.39999999999998 80.4
-102.49999999999999 180.39999999999998 100.5
-102.49999999999999 180.39999999999998 120.60000000000001
-102.49999999999999 184.49999999999997 -120.60000000000001
-102.49999999999999 184.49999999999997 -100.5
-102.49999999999999 184.49999999999997 -80.4
-102.49999999999999 184.49999999999997 -60.300000000000004
-102.49999999999999 184.49999999999997 -40.2
-102.49999999999999 184.49999999999997 -20.1
-102.49999999999999 184.49999999999997 0.0
-102.49999999999999 184.49999999999997 20.1
-102.49999999999999 184.49999999999997 40.2
-102.49999999999999 184.49999999999997 60.300000000000004
-102.49999999999999 184.49999999999997 80.4
-102.49999999999999 184.49999999999997 100.5
-102.49999999999999 184.49999999999997 120.60000000000001
-102.49999999999999 188.6 -120.60000000000001
-102.49999999999999 188.6 -100.5
-102.49999999999999 188.6 -80.4
-102.49999999999999 188.6 -60.300000000000004
-102.49999999999999 188.6 -40.2
-102.49999999999999 188.6 -20.1
-102.49999999999999 188.6 0.0
-102.49999999999999 188.6 20.1
-102.49999999999999 188.6 40.2
-102.49999999999999 188.6 60.300000000000004
-102.49999999999999 188.6 80.4
-102.49999999999999 188.6 100.5
-102.49999999999999 188.6 120.60000000000001
-98.39999999999999 -192.7 -120.60000000000001
-98.39999999999999 -192.7 -100.5
-98.39999999999999 -192.7 -80.4
-98.39999999999999 -192.7 -60.300000000000004
-98.39999999999999 -192.7 -40.2
-98.39999999999999 -192.7 -20.1
-98.39999999999999 -192.7 0.0
-98.39999999999999 -192.7 20.1
-98.39999999999999 -192.7 40.2
-98.39999999999999 -192.7 60.300000000000004
-98.39999999999999 -192.7 80.4
-98.39999999999999 -192.7 100.5
-98.39999999999999 -192.7 120.60000000000001
-98.39999999999999 -188.6 -120.60000000000001
-98.39999999999999 -188.6 -100.5
-98.39999999999999 -188.6 -80.4
-98.39999999999999 -188.6 -60.300000000000004
-98.39999999999999 -188.6 -40.2
-98.39999999999999 -188.6 -20.1
-98.39999999999999 -188.6 0.0
-98.39999999999999 -188.6 20.1
-98.39999999999999 -188.6 40.2
-98.39999999999999 -188.6 60.300000000000004
-98.39999999999999 -188.6 80.4
-98.39999999999999 -188.6 100.5
-98.39999999999999 -188.6 120.60000000000001
-98.39999999999999 -184.49999999999997 -120.60000000000001
-98.39999999999999 -184.49999999999997 -100.5
-98.39999999999999 -184.49999999999997 -80.4
-98.39999999999999 -184.49999999999997 -60.300000000000004
-98.39999999999999 -184.49999999999997 -40.2
-98.39999999999999 -184.49999999999997 -20.1
-98.39999999999999 -184.49999999999997 0.0
-98.39999999999999 -184.49999999999997 20.1
-98.39999999999999 -184.49999999999997 40.2
-98.39999999999999 -184.49999999999997 60.300000000000004
-98.39999999999999 -184.49999999999997 80.4
-98.39999999999999 -184.49999999999997 100.5
-98.39999999999999 -184.49999999999997 120.60000000000001
-98.39999999999999 -180.39999999999998 -120.60000000000001
-98.39999999999999 -180.39999999999998 -100.5
-98.39999999999999 -180.39999999999998 -80.4
-98.39999999999999 -180.39999999999998 -60.300000000000004
-98.39999999999999 -180.39999999999998 -40.2
-98.39999999999999 -180.39999999999998 -20.1
-98.39999999999999 -180.39999999999998 0.0
-98.39999999999999 -180.39999999999998 20.1
-98.39999999999999 -180.39999999999998 40.2
-98.39999999999999 -180.39999999999998 60.300000000000004
-98.39999999999999 -180.39999999999998 80.4
-98.39999999999999 -180.39999999999998 100.5
-98.39999999999999 -180.39999999999998 120.60000000000001
-98.39999999999999 -176.29999999999998 -120.60000000000001
-98.39999999999999 -176.29999999999998 -100.5
-98.39999999999999 -176.29999999999998 -80.4
-98.39999999999999 -176.29999999999998 -60.300000000000004
-98.39999999999999 -176.29999999999998 -40.2
-98.39999999999999 -176.29999999999998 -20.1
-98.39999999999999 -176.29999999999998 0.0
-98.39999999999999 -176.29999999999998 20.1
-98.39999999999999 -176.29999999999998 40.2
-98.39999999999999 -176.29999999999998 60.300000000000004
-98.39999999999999 -176.29999999999998 80.4
-98.39999999999999 -176.29999999999998 100.5
-98.39999999999999 -176.29999999999998 120.60000000000001
-98.39999999999999 -172.2 -120.60000000000001
-98.39999999999999 -172.2 -100.5
-98.39999999999999 -172.2 -80.4
-98.39999999999999 -172.2 -60.300000000000004
-98.39999999999999 -172.2 -40.2
-98.39999999999999 -172.2 -20.1
-98.39999999999999 -172.2 0.0
-98.39999999999999 -172.2 20.1
-98.39999999999999 -172.2 40.2
-98.39999999999999 -172.2 60.300000000000004
-98.39999999999999 -172.2 80.4
-98.39999999999999 -172.2 100.5
-98.39999999999999 -172.2 120.60000000000001
-98.39999999999999 -168.1 -120.60000000000001
-98.39999999999999 -168.1 -100.5
-98.39999999999999 -168.1 -80.4
-98.39999999999999 -168.1 -60.300000000000004
-98.39999999999999 -168.1 -40.2
-98.39999999999999 -168.1 -20.1
-98.39999999999999 -168.1 0.0
-98.39999999999999 -168.1 20.1
-98.39999999999999 -168.1 40.2
-98.39999999999999 -168.1 60.300000000000004
-98.39999999999999 -168.1 80.4
-98.39999999999999 -168.1 100.5
-98.39999999999999 -168.1 120.60000000000001
-98.39999999999999 -164.0 -120.60000000000001
-98.39999999999999 -164.0 -100.5
-98.39999999999999 -164.0 -80.4
-98.39999999999999 -164.0 -60.300000000000004
-98.39999999999999 -164.0 -40.2
-98.39999999999999 -164.0 -20.1
-98.39999999999999 -164.0 0.0
-98.39999999999999 -164.0 20.1
-98.39999999999999 -164.0 40.2
-98.39999999999999 -164.0 60.300000000000004
-98.39999999999999 -164.0 80.4
-98.39999999999999 -164.0 100.5
-98.39999999999999 -164.0 120.60000000000001
-98.39999999999999 164.0 -120.60000000000001
-98.39999999999999 164.0 -100.5
-98.39999999999999 164.0 -80.4
-98.39999999999999 164.0 -60.300000000000004
-98.39999999999999 164.0 -40.2
-98.39999999999999 164.0 -20.1
-98.39999999999999 164.0 0.0
-98.39999999999999 164.0 20.1
-98.39999999999999 164.0 40.2
-98.39999999999999 164.0 60.300000000000004
-98.39999999999999 164.0 80.4
-98.39999999999999 164.0 100.5
-98.39999999999999 164.0 120.60000000000001
-98.39999999999999 168.1 -120.60000000000001
-98.39999999999999 168.1 -100.5
-98.39999999999999 168.1 -80.4
-98.39999999999999 168.1 -60.300000000000004
-98.39999999999999 168.1 -40.2
-98.39999999999999 168.1 -20.1
-98.39999999999999 168.1 0.0
-98.39999999999999 168.1 20.1
-98.39999999999999 168.1 40.2
-98.39999999999999 168.1 60.300000000000004
-98.39999999999999 168.1 80.4
-98.39999999999999 168.1 100.5
-98.39999999999999 168.1 120.60000000000001
-98.39999999999999 172.2 -120.60000000000001
-98.39999999999999 172.2 -100.5
-98.39999999999999 172.2 -80.4
-98.39999999999999 172.2 -60.300000000000004
-98.39999999999999 172.2 -40.2
-98.39999999999999 172.2 -20.1
-98.39999999999999 172.2 0.0
-98.39999999999999 172.2 20.1
-98.39999999999999 172.2 40.2
-98.39999999999999 172.2 60.300000000000004
-98.39999999999999 172.2 80.4
-98.39999999999999 172.2 100.5
-98.39999999999999 172.2 120.60000000000001
-98.39999999999999 176.29999999999998 -120.60000000000001
-98.39999999999999 176.29999999999998 -100.5
-98.39999999999999 176.29999999999998 -80.4
-98.39999999999999 176.29999999999998 -60.300000000000004
-98.39999999999999 176.29999999999998 -40.2
-98.39999999999999 176.29999999999998 -20.1
-98.39999999999999 176.29999999999998 0.0
-98.39999999999999 176.29999999999998 20.1
-98.39999999999999 176.29999999999998 40.2
-98.39999999999999 176.29999999999998 60.300000000000004
-98.39999999999999 176.29999999999998 80.4
-98.39999999999999 176.29999999999998 100.5
-98.39999999999999 176.29999999999998 120.60000000000001
-98.39999999999999 180.39999999999998 -120.60000000000001
-98.39999999999999 180.39999999999998 -100.5
-98.39999999999999 180.39999999999998 -80.4
-98.39999999999999 180.39999999999998 -60.300000000000004
-98.39999999999999 180.39999999999998 -40.2
-98.39999999999999 180.39999999999998 -20.1
-98.39999999999999 180.39999999999998 0.0
-98.39999999999999 180.39999999999998 20.1
-98.39999999999999 180.39999999999998 40.2
-98.39999999999999 180.39999999999998 60.300000000000004
-98.39999999999999 180.39999999999998 80.4
-98.39999999999999 180.39999999999998 100.5
-98.39999999999999 180.39999999999998 120.60000000000001
-98.39999999999999 184.49999999999997 -120.60000000000001
-98.39999999999999 184.49999999999997 -100.5
-98.39999999999999 184.49999999999997 -80.4
-98.39999999999999 184.49999999999997 -60.300000000000004
-98.39999999999999 184.49999999999997 -40.2
-98.39999999999999 184.49999999999997 -20.1
-98.39999999999999 184.49999999999997 0.0
-98.39999999999999 184.49999999999997 20.1
-98.39999999999999 184.49999999999997 40.2
-98.39999999999999 184.49999999999997 60.300000000000004
-98.39999999999999 184.49999999999997 80.4
-98.39999999999999 184.49999999999997 100.5
-98.39999999999999 184.49999999999997 120.60000000000001
-98.39999999999999 188.6 -120.60000000000001
-98.39999999999999 188.6 -100.5
-98.39999999999999 188.6 -80.4
-98.39999999999999 188.6 -60.300000000000004
-98.39999999999999 188.6 -40.2
-98.39999999999999 188.6 -20.1
-98.39999999999999 188.6 0.0
-98.39999999999999 188.6 20.1
-98.39999999999999 188.6 40.2
-98.39999999999999 188.6 60.300000000000004
-98.39999999999999 188.6 80.4
-98.39999999999999 188.6 100.5
-98.39999999999999 188.6 120.60000000000001
-98.39999999999999 192.7 -120.60000000000001
-98.39999999999999 192.7 -100.5
-98.39999999999999 192.7 -80.4
-98.39999999999999 192.7 -60.300000000000004
-98.39999999999999 192.7 -40.2
-98.39999999999999 192.7 -20.1
-98.39999999999999 192.7 0.0
-98.39999999999999 192.7 20.1
-98.39999999999999 192.7 40.2
-98.39999999999999 192.7 60.300000000000004
-98.39999999999999 192.7 80.4
-98.39999999999999 192.7 100.5
-98.39999999999999 192.7 120.60000000000001
-94.3 -192.7 -120.60000000000001
-94.3 -192.7 -100.5
-94.3 -192.7 -80.4
-94.3 -192.7 -60.300000000000004
-94.3 -192.7 -40.2
-94.3 -192.7 -20.1
-94.3 -192.7 0.0
-94.3 -192.7 20.1
-94.3 -192.7 40.2
-94.3 -192.7 60.300000000000004
-94.3 -192.7 80.4
-94.3 -192.7 100.5
-94.3 -192.7 120.60000000000001
-94.3 -188.6 -120.60000000000001
-94.3 -188.6 -100.5
-94.3 -188.6 -80.4
-94.3 -188.6 -60.300000000000004
-94.3 -188.6 -40.2
-94.3 -188.6 -20.1
-94.3 -188.6 0.0
-94.3 -188.6 20.1
-94.3 -188.6 40.2
-94.3 -188.6 60.300000000000004
-94.3 -188.6 80.4
-94.3 -188.6 100.5
-94.3 -188.6 120.60000000000001
-94.3 -184.49999999999997 -120.60000000000001
-94.3 -184.49999999999997 -100.5
-94.3 -184.49999999999997 -80.4
-94.3 -184.49999999999997 -60.300000000000004
-94.3 -184.49999999999997 -40.2
-94.3 -184.49999999999997 -20.1
-94.3 -184.49999999999997 0.0
-94.3 -184.49999999999997 20.1
-94.3 -184.49999999999997 40.2
-94.3 -184.49999999999997 60.300000000000004
-94.3 -184.49999999999997 80.4
-94.3 -184.49999999999997 100.5
-94.3 -184.49999999999997 120.60000000000001
-94.3 -180.39999999999998 -120.60000000000001
-94.3 -180.39999999999998 -100.5
-94.3 -180.39999999999998 -80.4
-94.3 -180.39999999999998 -60.300000000000004
-94.3 -180.39999999999998 -40.2
-94.3 -180.39999999999998 -20.1
-94.3 -180.39999999999998 0.0
-94.3 -180.39999999999998 20.1
-94.3 -180.39999999999998 40.2
-94.3 -180.39999999999998 60.300000000000004
-94.3 -180.39999999999998 80.4
-94.3 -180.39999999999998 100.5
-94.3 -180.39999999999998 120.60000000000001
-94.3 -176.29999999999998 -120.60000000000001
-94.3 -176.29999999999998 -100.5
-94.3 -176.29999999999998 -80.4
-94.3 -176.29999999999998 -60.300000000000004
-94.3 -176.29999999999998 -40.2
-94.3 -176.29999999999998 -20.1
-94.3 -176.29999999999998 0.0
-94.3 -176.29999999999998 20.1
-94.3 -176.29999999999998 40.2
-94.3 -176.29999999999998 60.300000000000004
-94.3 -176.29999999999998 80.4
-94.3 -176.29999999999998 100.5
-94.3 -176.29999999999998 120.60000000000001
-94.3 -172.2 -120.60000000000001
-94.3 -172.2 -100.5
-94.3 -172.2 -80.4
-94.3 -172.2 -60.300000000000004
-94.3 -172.2 -40.2
-94.3 -172.2 -20.1
-94.3 -172.2 0.0
-94.3 -172.2 20.1
-94.3 -172.2 40.2
-94.3 -172.2 60.300000000000004
-94.3 -172.2 80.4
-94.3 -172.2 100.5
-94.3 -172.2 120.60000000000001
-94.3 -168.1 -120.60000000000001
-94.3 -168.1 -100.5
-94.3 -168.1 -80.4
-94.3 -168.1 -60.300000000000004
-94.3 -168.1 -40.2
-94.3 -168.1 -20.1
-94.3 -168.1 0.0
-94.3 -168.1 20.1
-94.3 -168.1 40.2
-94.3 -168.1 60.300000000000004
-94.3 -168.1 80.4
-94.3 -168.1 100.5
-94.3 -168.1 120.60000000000001
-94.3 -164.0 -120.60000000000001
-94.3 -164.0 -100.5
-94.3 -164.0 -80.4
-94.3 -164.0 -60.300000000000004
-94.3 -164.0 -40.2
-94.3 -164.0 -20.1
-94.3 -164.0 0.0
-94.3 -164.0 20.1
-94.3 -164.0 40.2
-94.3 -164.0 60.300000000000004
-94.3 -164.0 80.4
-94.3 -164.0 100.5
-94.3 -164.0 120.60000000000001
-94.3 164.0 -120.60000000000001
-94.3 164.0 -100.5
-94.3 164.0 -80.4
-94.3 164.0 -60.300000000000004
-94.3 164.0 -40.2
-94.3 164.0 -20.1
-94.3 164.0 0.0
-94.3 164.0 20.1
-94.3 164.0 40.2
-94.3 164.0 60.300000000000004
-94.3 164.0 80.4
-94.3 164.0 100.5
-94.3 164.0 120.60000000000001
-94.3 168.1 -120.60000000000001
-94.3 168.1 -100.5
-94.3 168.1 -80.4
-94.3 168.1 -60.300000000000004
-94.3 168.1 -40.2
-94.3 168.1 -20.1
-94.3 168.1 0.0
-94.3 168.1 20.1
-94.3 168.1 40.2
-94.3 168.1 60.300000000000004
-94.3 168.1 80.4
-94.3 168.1 100.5
-94.3 168.1 120.60000000000001
-94.3 172.2 -120.60000000000001
-94.3 172.2 -100.5
-94.3 172.2 -80.4
-94.3 172.2 -60.300000000000004
-94.3 172.2 -40.2
-94.3 172.2 -20.1
-94.3 172.2 0.0
-94.3 172.2 20.1
-94.3 172.2 40.2
-94.3 172.2 60.300000000000004
-94.3 172.2 80.4
-94.3 172.2 100.5
-94.3 172.2 120.60000000000001
-94.3 176.29999999999998 -120.60000000000001
-94.3 176.29999999999998 -100.5
-94.3 176.29999999999998 -80.4
-94.3 176.29999999999998 -60.300000000000004
-94.3 176.29999999999998 -40.2
-94.3 176.29999999999998 -20.1
-94.3 176.29999999999998 0.0
-94.3 176.29999999999998 20.1
-94.3 176.29999999999998 40.2
-94.3 176.29999999999998 60.300000000000004
-94.3 176.29999999999998 80.4
-94.3 176.29999999999998 100.5
-94.3 176.29999999999998 120.60000000000001
-94.3 180.39999999999998 -120.60000000000001
-94.3 180.39999999999998 -100.5
-94.3 180.39999999999998 -80.4
-94.3 180.39999999999998 -60.300000000000004
-94.3 180.39999999999998 -40.2
-94.3 180.39999999999998 -20.1
-94.3 180.39999999999998 0.0
-94.3 180.39999999999998 20.1
-94.3 180.39999999999998 40.2
-94.3 180.39999999999998 60.300000000000004
-94.3 180.39999999999998 80.4
-94.3 180.39999999999998 100.5
-94.3 180.39999999999998 120.60000000000001
-94.3 184.49999999999997 -120.60000000000001
-94.3 184.49999999999997 -100.5
-94.3 184.49999999999997 -80.4
-94.3 184.49999999999997 -60.300000000000004
-94.3 184.49999999999997 -40.2
-94.3 184.49999999999997 -20.1
-94.3 184.49999999999997 0.0
-94.3 184.49999999999997 20.1
-94.3 184.49999999999997 40.2
-94.3 184.49999999999997 60.300000000000004
-94.3 184.49999999999997 80.4
-94.3 184.49999999999997 100.5
-94.3 184.49999999999997 120.60000000000001
-94.3 188.6 -120.60000000000001
-94.3 188.6 -100.5
-94.3 188.6 -80.4
-94.3 188.6 -60.300000000000004
-94.3 188.6 -40.2
-94.3 188.6 -20.1
-94.3 188.6 0.0
-94.3 188.6 20.1
-94.3 188.6 40.2
-94.3 188.6 60.300000000000004
-94.3 188.6 80.4
-94.3 188.6 100.5
-94.3 188.6 120.60000000000001
-94.3 192.7 -120.60000000000001
-94.3 192.7 -100.5
-94.3 192.7 -80.4
-94.3 192.7 -60.300000000000004
-94.3 192.7 -40.2
-94.3 192.7 -20.1
-94.3 192.7 0.0
-94.3 192.7 20.1
-94.3 192.7 40.2
-94.3 192.7 60.300000000000004
-94.3 192.7 80.4
-94.3 192.7 100.5
-94.3 192.7 120.60000000000001
-90.19999999999999 -196.79999999999998 -120.60000000000001
-90.19999999999999 -196.79999999999998 -100.5
-90.19999999999999 -196.79999999999998 -80.4
-90.19999999999999 -196.79999999999998 -60.300000000000004
-90.19999999999999 -196.79999999999998 -40.2
-90.19999999999999 -196.79999999999998 -20.1
-90.19999999999999 -196.79999999999998 0.0
-90.19999999999999 -196.79999999999998 20.1
-90.19999999999999 -196.79999999999998 40.2
-90.19999999999999 -196.79999999999998 60.300000000000004
-90.19999999999999 -196.79999999999998 80.4
-90.19999999999999 -196.79999999999998 100.5
-90.19999999999999 -196.79999999999998 120.60000000000001
-90.19999999999999 -192.7 -120.60000000000001
-90.19999999999999 -192.7 -100.5
-90.19999999999999 -192.7 -80.4
-90.19999999999999 -192.7 -60.300000000000004
-90.19999999999999 -192.7 -40.2
-90.19999999999999 -192.7 -20.1
-90.19999999999999 -192.7 0.0
-90.19999999999999 -192.7 20.1
-90.19999999999999 -192.7 40.2
-90.19999999999999 -192.7 60.300000000000004
-90.19999999999999 -192.7 80.4
-90.19999999999999 -192.7 100.5
-90.19999999999999 -192.7 120.60000000000001
-90.19999999999999 -188.6 -120.60000000000001
-90.19999999999999 -188.6 -100.5
-90.19999999999999 -188.6 -80.4
-90.19999999999999 -188.6 -60.300000000000004
-90.19999999999999 -188.6 -40.2
-90.19999999999999 -188.6 -20.1
-90.19999999999999 -188.6 0.0
-90.19999999999999 -188.6 20.1
-90.19999999999999 -188.6 40.2
-90.19999999999999 -188.6 60.300000000000004
-90.19999999999999 -188.6 80.4
-90.19999999999999 -188.6 100.5
-90.19999999999999 -188.6 120.60000000000001
-90.19999999999999 -184.49999999999997 -120.60000000000001
-90.19999999999999 -184.49999999999997 -100.5
-90.19999999999999 -184.49999999999997 -80.4
-90.19999999999999 -184.49999999999997 -60.300000000000004
-90.19999999999999 -184.49999999999997 -40.2
-90.19999999999999 -184.49999999999997 -20.1
-90.19999999999999 -184.49999999999997 0.0
-90.19999999999999 -184.49999999999997 20.1
-90.19999999999999 -184.49999999999997 40.2
-90.19999999999999 -184.49999999999997 60.300000000000004
-90.19999999999999 -184.49999999999997 80.4
-90.19999999999999 -184.49999999999997 100.5
-90.19999999999999 -184.49999999999997 120.60000000000001
-90.19999999999999 -180.39999999999998 -120.60000000000001
-90.19999999999999 -180.39999999999998 -100.5
-90.19999999999999 -180.39999999999998 -80.4
-90.19999999999999 -180.39999999999998 -60.300000000000004
-90.19999999999999 -180.39999999999998 -40.2
-90.19999999999999 -180.39999999999998 -20.1
-90.19999999999999 -180.39999999999998 0.0
-90.19999999999999 -180.39999999999998 20.1
-90.19999999999999 -180.39999999999998 40.2
-90.19999999999999 -180.39999999999998 60.300000000000004
-90.19999999999999 -180.39999999999998 80.4
-90.19999999999999 -180.39999999999998 100.5
-90.19999999999999 -180.39999999999998 120.60000000000001
-90.19999999999999 -176.29999999999998 -120.60000000000001
-90.19999999999999 -176.29999999999998 -100.5
-90.19999999999999 -176.29999999999998 -80.4
-90.19999999999999 -176.29999999999998 -60.300000000000004
-90.19999999999999 -176.29999999999998 -40.2
-90.19999999999999 -176.29999999999998 -20.1
-90.19999999999999 -176.29999999999998 0.0
-90.19999999999999 -176.29999999999998 20.1
-90.19999999999999 -176.29999999999998 40.2
-90.19999999999999 -176.29999999999998 60.300000000000004
-90.19999999999999 -176.29999999999998 80.4
-90.19999999999999 -176.29999999999998 100.5
-90.19999999999999 -176.29999999999998 120.60000000000001
-90.19999999999999 -172.2 -120.60000000000001
-90.19999999999999 -172.2 -100.5
-90.19999999999999 -172.2 -80.4
-90.19999999999999 -172.2 -60.300000000000004
-90.19999999999999 -172.2 -40.2
-90.19999999999999 -172.2 -20.1
-90.19999999999999 -172.2 0.0
-90.19999999999999 -172.2 20.1
-90.19999999999999 -172.2 40.2
-90.19999999999999 -172.2 60.300000000000004
-90.19999999999999 -172.2 80.4
-90.19999999999999 -172.2 100.5
-90.19999999999999 -172.2 120.60000000000001
-90.19999999999999 -168.1 -120.60000000000001
-90.19999999999999 -168.1 -100.5
-90.19999999999999 -168.1 -80.4
-90.19999999999999 -168.1 -60.300000000000004
-90.19999999999999 -168.1 -40.2
-90.19999999999999 -168.1 -20.1
-90.19999999999999 -168.1 0.0
-90.19999999999999 -168.1 20.1
-90.19999999999999 -168.1 40.2
-90.19999999999999 -168.1 60.300000000000004
-90.19999999999999 -168.1 80.4
-90.19999999999999 -168.1 100.5
-90.19999999999999 -168.1 120.60000000000001
-90.19999999999999 168.1 -120.60000000000001
-90.19999999999999 168.1 -100.5
-90.19999999999999 168.1 -80.4
-90.19999999999999 168.1 -60.300000000000004
-90.19999999999999 168.1 -40.2
-90.19999999999999 168.1 -20.1
-90.19999999999999 168.1 0.0
-90.19999999999999 168.1 20.1
-90.19999999999999 168.1 40.2
-90.19999999999999 168.1 60.300000000000004
-90.19999999999999 168.1 80.4
-90.19999999999999 168.1 100.5
-90.19999999999999 168.1 120.60000000000001
-90.19999999999999 172.2 -120.60000000000001
-90.19999999999999 172.2 -100.5
-90.19999999999999 172.2 -80.4
-90.19999999999999 172.2 -60.300000000000004
-90.19999999999999 172.2 -40.2
-90.19999999999999 172.2 -20.1
-90.19999999999999 172.2 0.0
-90.19999999999999 172.2 20.1
-90.19999999999999 172.2 40.2
-90.19999999999999 172.2 60.300000000000004
-90.19999999999999 172.2 80.4
-90.19999999999999 172.2 100.5
-90.19999999999999 172.2 120.60000000000001
-90.19999999999999 176.29999999999998 -120.60000000000001
-90.19999999999999 176.29999999999998 -100.5
-90.19999999999999 176.29999999999998 -80.4
-90.19999999999999 176.29999999999998 -60.300000000000004
-90.19999999999999 176.29999999999998 -40.2
-90.19999999999999 176.29999999999998 -20.1
-90.19999999999999 176.29999999999998 0.0
-90.19999999999999 176.29999999999998 20.1
-90.19999999999999 176.29999999999998 40.2
-90.19999999999999 176.29999999999998 60.300000000000004
-90.19999999999999 176.29999999999998 80.4
-90.19999999999999 176.29999999999998 100.5
-90.19999999999999 176.29999999999998 120.60000000000001
-90.19999999999999 180.39999999999998 -120.60000000000001
-90.19999999999999 180.39999999999998 -100.5
-90.19999999999999 180.39999999999998 -80.4
-90.19999999999999 180.39999999999998 -60.300000000000004
-90.19999999999999 180.39999999999998 -40.2
-90.19999999999999 180.39999999999998 -20.1
-90.19999999999999 180.39999999999998 0.0
-90.19999999999999 180.39999999999998 20.1
-90.19999999999999 180.39999999999998 40.2
-90.19999999999999 180.39999999999998 60.300000000000004
-90.19999999999999 180.39999999999998 80.4
-90.19999999999999 180.39999999999998 100.5
-90.19999999999999 180.39999999999998 120.60000000000001
-90.19999999999999 184.49999999999997 -120.60000000000001
-90.19999999999999 184.49999999999997 -100.5
-90.19999999999999 184.49999999999997 -80.4
-90.19999999999999 184.49999999999997 -60.300000000000004
-90.19999999999999 184.49999999999997 -40.2
-90.19999999999999 184.49999999999997 -20.1
-90.19999999999999 184.49999999999997 0.0
-90.19999999999999 184.49999999999997 20.1
-90.19999999999999 184.49999999999997 40.2
-90.19999999999999 184.49999999999997 60.300000000000004
-90.19999999999999 184.49999999999997 80.4
-90.19999999999999 184.49999999999997 100.5
-90.19999999999999 184.49999999999997 120.60000000000001
-90.19999999999999 188.6 -120.60000000000001
-90.19999999999999 188.6 -100.5
-90.19999999999999 188.6 -80.4
-90.19999999999999 188.6 -60.300000000000004
-90.19999999999999 188.6 -40.2
-90.19999999999999 188.6 -20.1
-90.19999999999999 188.6 0.0
-90.19999999999999 188.6 20.1
-90.19999999999999 188.6 40.2
-90.19999999999999 188.6 60.300000000000004
-90.19999999999999 188.6 80.4
-90.19999999999999 188.6 100.5
-90.19999999999999 188.6 120.60000000000001
-90.19999999999999 192.7 -120.60000000000001
-90.19999999999999 192.7 -100.5
-90.19999999999999 192.7 -80.4
-90.19999999999999 192.7 -60.300000000000004
-90.19999999999999 192.7 -40.2
-90.19999999999999 192.7 -20.1
-90.19999999999999 192.7 0.0
-90.19999999999999 192.7 20.1
-90.19999999999999 192.7 40.2
-90.19999999999999 192.7 60.300000000000004
-90.19999999999999 192.7 80.4
-90.19999999999999 192.7 100.5
-90.19999999999999 192.7 120.60000000000001
-90.19999999999999 196.79999999999998 -120.60000000000001
-90.19999999999999 196.79999999999998 -100.5
-90.19999999999999 196.79999999999998 -80.4
-90.19999999999999 196.79999999999998 -60.300000000000004
-90.19999999999999 196.79999999999998 -40.2
-90.19999999999999 196.79999999999998 -20.1
-90.19999999999999 196.79999999999998 0.0
-90.19999999999999 196.79999999999998 20.1
-90.19999999999999 196.79999999999998 40.2
-90.19999999999999 196.79999999999998 60.300000000000004
-90.19999999999999 196.79999999999998 80.4
-90.19999999999999 196.79999999999998 100.5
-90.19999999999999 196.79999999999998 120.60000000000001
-86.1 -196.79999999999998 -120.60000000000001
-86.1 -196.79999999999998 -100.5
-86.1 -196.79999999999998 -80.4
-86.1 -196.79999999999998 -60.300000000000004
-86.1 -196.79999999999998 -40.2
-86.1 -196.79999999999998 -20.1
-86.1 -196.79999999999998 0.0
-86.1 -196.79999999999998 20.1
-86.1 -196.79999999999998 40.2
-86.1 -196.79999999999998 60.300000000000004
-86.1 -196.79999999999998 80.4
-86.1 -196.79999999999998 100.5
-86.1 -196.79999999999998 120.60000000000001
-86.1 -192.7 -120.60000000000001
-86.1 -192.7 -100.5
-86.1 -192.7 -80.4
-86.1 -192.7 -60.300000000000004
-86.1 -192.7 -40.2
-86.1 -192.7 -20.1
-86.1 -192.7 0.0
-86.1 -192.7 20.1
-86.1 -192.7 40.2
-86.1 -192.7 60.300000000000004
-86.1 -192.7 80.4
-86.1 -192.7 100.5
-86.1 -192.7 120.60000000000001
-86.1 -188.6 -120.60000000000001
-86.1 -188.6 -100.5
-86.1 -188.6 -80.4
-86.1 -188.6 -60.300000000000004
-86.1 -188.6 -40.2
-86.1 -188.6 -20.1
-86.1 -188.6 0.0
-86.1 -188.6 20.1
-86.1 -188.6 40.2
-86.1 -188.6 60.300000000000004
-86.1 -188.6 80.4
-86.1 -188.6 100.5
-86.1 -188.6 120.60000000000001
-86.1 -184.49999999999997 -120.60000000000001
-86.1 -184.49999999999997 -100.5
-86.1 -184.49999999999997 -80.4
-86.1 -184.49999999999997 -60.300000000000004
-86.1 -184.49999999999997 -40.2
-86.1 -184.49999999999997 -20.1
-86.1 -184.49999999999997 0.0
-86.1 -184.49999999999997 20.1
-86.1 -184.49999999999997 40.2
-86.1 -184.49999999999997 60.300000000000004
-86.1 -184.49999999999997 80.4
-86.1 -184.49999999999997 100.5
-86.1 -184.49999999999997 120.60000000000001
-86.1 -180.39999999999998 -120.60000000000001
-86.1 -180.39999999999998 -100.5
-86.1 -180.39999999999998 -80.4
-86.1 -180.39999999999998 -60.300000000000004
-86.1 -180.39999999999998 -40.2
-86.1 -180.39999999999998 -20.1
-86.1 -180.39999999999998 0.0
-86.1 -180.39999999999998 20.1
-86.1 -180.39999999999998 40.2
-86.1 -180.39999999999998 60.300000000000004
-86.1 -180.39999999999998 80.4
-86.1 -180.39999999999998 100.5
-86.1 -180.39999999999998 120.60000000000001
-86.1 -176.29999999999998 -120.60000000000001
-86.1 -176.29999999999998 -100.5
-86.1 -176.29999999999998 -80.4
-86.1 -176.29999999999998 -60.300000000000004
-86.1 -176.29999999999998 -40.2
-86.1 -176.29999999999998 -20.1
-86.1 -176.29999999999998 0.0
-86.1 -176.29999999999998 20.1
-86.1 -176.29999999999998 40.2
-86.1 -176.29999999999998 60.300000000000004
-86.1 -176.29999999999998 80.4
-86.1 -176.29999999999998 100.5
-86.1 -176.29999999999998 120.60000000000001
-86.1 -172.2 -120.60000000000001
-86.1 -172.2 -100.5
-86.1 -172.2 -80.4
-86.1 -172.2 -60.300000000000004
-86.1 -172.2 -40.2
-86.1 -172.2 -20.1
-86.1 -172.2 0.0
-86.1 -172.2 20.1
-86.1 -172.2 40.2
-86.1 -172.2 60.300000000000004
-86.1 -172.2 80.4
-86.1 -172.2 100.5
-86.1 -172.2 120.60000000000001
-86.1 -168.1 -120.60000000000001
-86.1 -168.1 -100.5
-86.1 -168.1 -80.4
-86.1 -168.1 -60.300000000000004
-86.1 -168.1 -40.2
-86.1 -168.1 -20.1
-86.1 -168.1 0.0
-86.1 -168.1 20.1
-86.1 -168.1 40.2
-86.1 -168.1 60.300000000000004
-86.1 -168.1 80.4
-86.1 -168.1 100.5
-86.1 -168.1 120.60000000000001
-86.1 168.1 -120.60000000000001
-86.1 168.1 -100.5
-86.1 168.1 -80.4
-86.1 168.1 -60.300000000000004
-86.1 168.1 -40.2
-86.1 168.1 -20.1
-86.1 168.1 0.0
-86.1 168.1 20.1
-86.1 168.1 40.2
-86.1 168.1 60.300000000000004
-86.1 168.1 80.4
-86.1 168.1 100.5
-86.1 168.1 120.60000000000001
-86.1 172.2 -120.60000000000001
-86.1 172.2 -100.5
-86.1 172.2 -80.4
-86.1 172.2 -60.300000000000004
-86.1 172.2 -40.2
-86.1 172.2 -20.1
-86.1 172.2 0.0
-86.1 172.2 20.1
-86.1 172.2 40.2
-86.1 172.2 60.300000000000004
-86.1 172.2 80.4
-86.1 172.2 100.5
-86.1 172.2 120.60000000000001
-86.1 176.29999999999998 -120.60000000000001
-86.1 176.29999999999998 -100.5
-86.1 176.29999999999998 -80.4
-86.1 176.29999999999998 -60.300000000000004
-86.1 176.29999999999998 -40.2
-86.1 176.29999999999998 -20.1
-86.1 176.29999999999998 0.0
-86.1 176.29999999999998 20.1
-86.1 176.29999999999998 40.2
-86.1 176.29999999999998 60.300000000000004
-86.1 176.29999999999998 80.4
-86.1 176.29999999999998 100.5
-86.1 176.29999999999998 120.60000000000001
-86.1 180.39999999999998 -120.60000000000001
-86.1 180.39999999999998 -100.5
-86.1 180.39999999999998 -80.4
-86.1 180.39999999999998 -60.300000000000004
-86.1 180.39999999999998 -40.2
-86.1 180.39999999999998 -20.1
-86.1 180.39999999999998 0.0
-86.1 180.39999999999998 20.1
-86.1 180.39999999999998 40.2
-86.1 180.39999999999998 60.300000000000004
-86.1 180.39999999999998 80.4
-86.1 180.39999999999998 100.5
-86.1 180.39999999999998 120.60000000000001
-86.1 184.49999999999997 -120.60000000000001
-86.1 184.49999999999997 -100.5
-86.1 184.49999999999997 -80.4
-86.1 184.49999999999997 -60.300000000000004
-86.1 184.49999999999997 -40.2
-86.1 184.49999999999997 -20.1
-86.1 184.49999999999997 0.0
-86.1 184.49999999999997 20.1
-86.1 184.49999999999997 40.2
-86.1 184.49999999999997 60.300000000000004
-86.1 184.49999999999997 80.4
-86.1 184.49999999999997 100.5
-86.1 184.49999999999997 120.60000000000001
-86.1 188.6 -120.60000000000001
-86.1 188.6 -100.5
-86.1 188.6 -80.4
-86.1 188.6 -60.300000000000004
-86.1 188.6 -40.2
-86.1 188.6 -20.1
-86.1 188.6 0.0
-86.1 188.6 20.1
-86.1 188.6 40.2
-86.1 188.6 60.300000000000004
-86.1 188.6 80.4
-86.1 188.6 100.5
-86.1 188.6 120.60000000000001
-86.1 192.7 -120.60000000000001
-86.1 192.7 -100.5
-86.1 192.7 -80.4
-86.1 192.7 -60.300000000000004
-86.1 192.7 -40.2
-86.1 192.7 -20.1
-86.1 192.7 0.0
-86.1 192.7 20.1
-86.1 192.7 40.2
-86.1 192.7 60.300000000000004
-86.1 192.7 80.4
-86.1 192.7 100.5
-86.1 192.7 120.60000000000001
-86.1 196.79999999999998 -120.60000000000001
-86.1 196.79999999999998 -100.5
-86.1 196.79999999999998 -80.4
-86.1 196.79999999999998 -60.300000000000004
-86.1 196.79999999999998 -40.2
-86.1 196.79999999999998 -20.1
-86.1 196.79999999999998 0.0
-86.1 196.79999999999998 20.1
-86.1 196.79999999999998 40.2
-86.1 196.79999999999998 60.300000000000004
-86.1 196.79999999999998 80.4
-86.1 196.79999999999998 100.5
-86.1 196.79999999999998 120.60000000000001
-82.0 -200.89999999999998 -120.60000000000001
-82.0 -200.89999999999998 -100.5
-82.0 -200.89999999999998 -80.4
-82.0 -200.89999999999998 -60.300000000000004
-82.0 -200.89999999999998 -40.2
-82.0 -200.89999999999998 -20.1
-82.0 -200.89999999999998 0.0
-82.0 -200.89999999999998 20.1
-82.0 -200.89999999999998 40.2
-82.0 -200.89999999999998 60.300000000000004
-82.0 -200.89999999999998 80.4
-82.0 -200.89999999999998 100.5
-82.0 -200.89999999999998 120.60000000000001
-82.0 -196.79999999999998 -120.60000000000001
-82.0 -196.79999999999998 -100.5
-82.0 -196.79999999999998 -80.4
-82.0 -196.79999999999998 -60.300000000000004
-82.0 -196.79999999999998 -40.2
-82.0 -196.79999999999998 -20.1
-82.0 -196.79999999999998 0.0
-82.0 -196.79999999999998 20.1
-82.0 -196.79999999999998 40.2
-82.0 -196.79999999999998 60.300000000000004
-82.0 -196.79999999999998 80.4
-82.0 -196.79999999999998 100.5
-82.0 -196.79999999999998 120.60000000000001
-82.0 -192.7 -120.60000000000001
-82.0 -192.7 -100.5
-82.0 -192.7 -80.4
-82.0 -192.7 -60.300000000000004
-82.0 -192.7 -40.2
-82.0 -192.7 -20.1
-82.0 -192.7 0.0
-82.0 -192.7 20.1
-82.0 -192.7 40.2
-82.0 -192.7 60.300000000000004
-82.0 -192.7 80.4
-82.0 -192.7 100.5
-82.0 -192.7 120.60000000000001
-82.0 -188.6 -120.60000000000001
-82.0 -188.6 -100.5
-82.0 -188.6 -80.4
-82.0 -188.6 -60.300000000000004
-82.0 -188.6 -40.2
-82.0 -188.6 -20.1
-82.0 -188.6 0.0
-82.0 -188.6 20.1
-82.0 -188.6 40.2
-82.0 -188.6 60.300000000000004
-82.0 -188.6 80.4
-82.0 -188.6 100.5
-82.0 -188.6 120.60000000000001
-82.0 -184.49999999999997 -120.60000000000001
-82.0 -184.49999999999997 -100.5
-82.0 -184.49999999999997 -80.4
-82.0 -184.49999999999997 -60.300000000000004
-82.0 -184.49999999999997 -40.2
-82.0 -184.49999999999997 -20.1
-82.0 -184.49999999999997 0.0
-82.0 -184.49999999999997 20.1
-82.0 -184.49999999999997 40.2
-82.0 -184.49999999999997 60.300000000000004
-82.0 -184.49999999999997 80.4
-82.0 -184.49999999999997 100.5
-82.0 -184.49999999999997 120.60000000000001
-82.0 -180.39999999999998 -120.60000000000001
-82.0 -180.39999999999998 -100.5
-82.0 -180.39999999999998 -80.4
-82.0 -180.39999999999998 -60.300000000000004
-82.0 -180.39999999999998 -40.2
-82.0 -180.39999999999998 -20.1
-82.0 -180.39999999999998 0.0
-82.0 -180.39999999999998 20.1
-82.0 -180.39999999999998 40.2
-82.0 -180.39999999999998 60.300000000000004
-82.0 -180.39999999999998 80.4
-82.0 -180.39999999999998 100.5
-82.0 -180.39999999999998 120.60000000000001
-82.0 -176.29999999999998 -120.60000000000001
-82.0 -176.29999999999998 -100.5
-82.0 -176.29999999999998 -80.4
-82.0 -176.29999999999998 -60.300000000000004
-82.0 -176.29999999999998 -40.2
-82.0 -176.29999999999998 -20.1
-82.0 -176.29999999999998 0.0
-82.0 -176.29999999999998 20.1
-82.0 -176.29999999999998 40.2
-82.0 -176.29999999999998 60.300000000000004
-82.0 -176.29999999999998 80.4
-82.0 -176.29999999999998 100.5
-82.0 -176.29999999999998 120.60000000000001
-82.0 -172.2 -120.60000000000001
-82.0 -172.2 -100.5
-82.0 -172.2 -80.4
-82.0 -172.2 -60.300000000000004
-82.0 -172.2 -40.2
-82.0 -172.2 -20.1
-82.0 -172.2 0.0
-82.0 -172.2 20.1
-82.0 -172.2 40.2
-82.0 -172.2 60.300000000000004
-82.0 -172.2 80.4
-82.0 -172.2 100.5
-82.0 -172.2 120.60000000000001
-82.0 172.2 -120.60000000000001
-82.0 172.2 -100.5
-82.0 172.2 -80.4
-82.0 172.2 -60.300000000000004
-82.0 172.2 -40.2
-82.0 172.2 -20.1
-82.0 172.2 0.0
-82.0 172.2 20.1
-82.0 172.2 40.2
-82.0 172.2 60.300000000000004
-82.0 172.2 80.4
-82.0 172.2 100.5
-82.0 172.2 120.60000000000001
-82.0 176.29999999999998 -120.60000000000001
-82.0 176.29999999999998 -100.5
-82.0 176.29999999999998 -80.4
-82.0 176.29999999999998 -60.300000000000004
-82.0 176.29999999999998 -40.2
-82.0 176.29999999999998 -20.1
-82.0 176.29999999999998 0.0
-82.0 176.29999999999998 20.1
-82.0 176.29999999999998 40.2
-82.0 176.29999999999998 60.300000000000004
-82.0 176.29999999999998 80.4
-82.0 176.29999999999998 100.5
-82.0 176.29999999999998 120.60000000000001
-82.0 180.39999999999998 -120.60000000000001
-82.0 180.39999999999998 -100.5
-82.0 180.39999999999998 -80.4
-82.0 180.39999999999998 -60.300000000000004
-82.0 180.39999999999998 -40.2
-82.0 180.39999999999998 -20.1
-82.0 180.39999999999998 0.0
-82.0 180.39999999999998 20.1
-82.0 180.39999999999998 40.2
-82.0 180.39999999999998 60.300000000000004
-82.0 180.39999999999998 80.4
-82.0 180.39999999999998 100.5
-82.0 180.39999999999998 120.60000000000001
-82.0 184.49999999999997 -120.60000000000001
-82.0 184.49999999999997 -100.5
-82.0 184.49999999999997 -80.4
-82.0 184.49999999999997 -60.300000000000004
-82.0 184.49999999999997 -40.2
-82.0 184.49999999999997 -20.1
-82.0 184.49999999999997 0.0
-82.0 184.49999999999997 20.1
-82.0 184.49999999999997 40.2
-82.0 184.49999999999997 60.300000000000004
-82.0 184.49999999999997 80.4
-82.0 184.49999999999997 100.5
-82.0 184.49999999999997 120.60000000000001
-82.0 188.6 -120.60000000000001
-82.0 188.6 -100.5
-82.0 188.6 -80.4
-82.0 188.6 -60.300000000000004
-82.0 188.6 -40.2
-82.0 188.6 -20.1
-82.0 188.6 0.0
-82.0 188.6 20.1
-82.0 188.6 40.2
-82.0 188.6 60.300000000000004
-82.0 188.6 80.4
-82.0 188.6 100.5
-82.0 188.6 120.60000000000001
-82.0 192.7 -120.60000000000001
-82.0 192.7 -100.5
-82.0 192.7 -80.4
-82.0 192.7 -60.300000000000004
-82.0 192.7 -40.2
-82.0 192.7 -20.1
-82.0 192.7 0.0
-82.0 192.7 20.1
-82.0 192.7 40.2
-82.0 192.7 60.300000000000004
-82.0 192.7 80.4
-82.0 192.7 100.5
-82.0 192.7 120.60000000000001
-82.0 196.79999999999998 -120.60000000000001
-82.0 196.79999999999998 -100.5
-82.0 196.79999999999998 -80.4
-82.0 196.79999999999998 -60.300000000000004
-82.0 196.79999999999998 -40.2
-82.0 196.79999999999998 -20.1
-82.0 196.79999999999998 0.0
-82.0 196.79999999999998 20.1
-82.0 196.79999999999998 40.2
-82.0 196.79999999999998 60.300000000000004
-82.0 196.79999999999998 80.4
-82.0 196.79999999999998 100.5
-82.0 196.79999999999998 120.60000000000001
-82.0 200.89999999999998 -120.60000000000001
-82.0 200.89999999999998 -100.5
-82.0 200.89999999999998 -80.4
-82.0 200.89999999999998 -60.300000000000004
-82.0 200.89999999999998 -40.2
-82.0 200.89999999999998 -20.1
-82.0 200.89999999999998 0.0
-82.0 200.89999999999998 20.1
-82.0 200.89999999999998 40.2
-82.0 200.89999999999998 60.300000000000004
-82.0 200.89999999999998 80.4
-82.0 200.89999999999998 100.5
-82.0 200.89999999999998 120.60000000000001
-77.89999999999999 -200.89999999999998 -120.60000000000001
-77.89999999999999 -200.89999999999998 -100.5
-77.89999999999999 -200.89999999999998 -80.4
-77.89999999999999 -200.89999999999998 -60.300000000000004
-77.89999999999999 -200.89999999999998 -40.2
-77.89999999999999 -200.89999999999998 -20.1
-77.89999999999999 -200.89999999999998 0.0
-77.89999999999999 -200.89999999999998 20.1
-77.89999999999999 -200.89999999999998 40.2
-77.89999999999999 -200.89999999999998 60.300000000000004
-77.89999999999999 -200.89999999999998 80.4
-77.89999999999999 -200.89999999999998 100.5
-77.89999999999999 -200.89999999999998 120.60000000000001
-77.89999999999999 -196.79999999999998 -120.60000000000001
-77.89999999999999 -196.79999999999998 -100.5
-77.89999999999999 -196.79999999999998 -80.4
-77.89999999999999 -196.79999999999998 -60.300000000000004
-77.89999999999999 -196.79999999999998 -40.2
-77.89999999999999 -196.79999999999998 -20.1
-77.89999999999999 -196.79999999999998 0.0
-77.89999999999999 -196.79999999999998 20.1
-77.89999999999999 -196.79999999999998 40.2
-77.89999999999999 -196.79999999999998 60.300000000000004
-77.89999999999999 -196.79999999999998 80.4
-77.89999999999999 -196.79999999999998 100.5
-77.89999999999999 -196.79999999999998 120.60000000000001
-77.89999999999999 -192.7 -120.60000000000001
-77.89999999999999 -192.7 -100.5
-77.89999999999999 -192.7 -80.4
-77.89999999999999 -192.7 -60.300000000000004
-77.89999999999999 -192.7 -40.2
-77.89999999999999 -192.7 -20.1
-77.89999999999999 -192.7 0.0
-77.89999999999999 -192.7 20.1
-77.89999999999999 -192.7 40.2
-77.89999999999999 -192.7 60.300000000000004
-77.89999999999999 -192.7 80.4
-77.89999999999999 -192.7 100.5
-77.89999999999999 -192.7 120.60000000000001
-77.89999999999999 -188.6 -120.60000000000001
-77.89999999999999 -188.6 -100.5
-77.89999999999999 -188.6 -80.4
-77.89999999999999 -188.6 -60.300000000000004
-77.89999999999999 -188.6 -40.2
-77.89999999999999 -188.6 -20.1
-77.89999999999999 -188.6 0.0
-77.89999999999999 -188.6 20.1
-77.89999999999999 -188.6 40.2
-77.89999999999999 -188.6 60.300000000000004
-77.89999999999999 -188.6 80.4
-77.89999999999999 -188.6 100.5
-77.89999999999999 -188.6 120.60000000000001
-77.89999999999999 -184.49999999999997 -120.60000000000001
-77.89999999999999 -184.49999999999997 -100.5
-77.89999999999999 -184.49999999999997 -80.4
-77.89999999999999 -184.49999999999997 -60.300000000000004
-77.89999999999999 -184.49999999999997 -40.2
-77.89999999999999 -184.49999999999997 -20.1
-77.89999999999999 -184.49999999999997 0.0
-77.89999999999999 -184.49999999999997 20.1
-77.89999999999999 -184.49999999999997 40.2
-77.89999999999999 -184.49999999999997 60.300000000000004
-77.89999999999999 -184.49999999999997 80.4
-77.89999999999999 -184.49999999999997 100.5
-77.89999999999999 -184.49999999999997 120.60000000000001
-77.89999999999999 -180.39999999999998 -120.60000000000001
-77.89999999999999 -180.39999999999998 -100.5
-77.89999999999999 -180.39999999999998 -80.4
-77.89999999999999 -180.39999999999998 -60.300000000000004
-77.89999999999999 -180.39999999999998 -40.2
-77.89999999999999 -180.39999999999998 -20.1
-77.89999999999999 -180.39999999999998 0.0
-77.89999999999999 -180.39999999999998 20.1
-77.89999999999999 -180.39999999999998 40.2
-77.89999999999999 -180.39999999999998 60.300000000000004
-77.89999999999999 -180.39999999999998 80.4
-77.89999999999999 -180.39999999999998 100.5
-77.89999999999999 -180.39999999999998 120.60000000000001
-77.89999999999999 -176.29999999999998 -120.60000000000001
-77.89999999999999 -176.29999999999998 -100.5
-77.89999999999999 -176.29999999999998 -80.4
-77.89999999999999 -176.29999999999998 -60.300000000000004
-77.89999999999999 -176.29999999999998 -40.2
-77.89999999999999 -176.29999999999998 -20.1
-77.89999999999999 -176.29999999999998 0.0
-77.89999999999999 -176.29999999999998 20.1
-77.89999999999999 -176.29999999999998 40.2
-77.89999999999999 -176.29999999999998 60.300000000000004
-77.89999999999999 -176.29999999999998 80.4
-77.89999999999999 -176.29999999999998 100.5
-77.89999999999999 -176.29999999999998 120.60000000000001
-77.89999999999999 -172.2 -120.60000000000001
-77.89999999999999 -172.2 -100.5
-77.89999999999999 -172.2 -80.4
-77.89999999999999 -172.2 -60.300000000000004
-77.89999999999999 -172.2 -40.2
-77.89999999999999 -172.2 -20.1
-77.89999999999999 -172.2 0.0
-77.89999999999999 -172.2 20.1
-77.89999999999999 -172.2 40.2
-77.89999999999999 -172.2 60.300000000000004
-77.89999999999999 -172.2 80.4
-77.89999999999999 -172.2 100.5
-77.89999999999999 -172.2 120.60000000000001
-77.89999999999999 172.2 -120.60000000000001
-77.89999999999999 172.2 -100.5
-77.89999999999999 172.2 -80.4
-77.89999999999999 172.2 -60.300000000000004
-77.89999999999999 172.2 -40.2
-77.89999999999999 172.2 -20.1
-77.89999999999999 172.2 0.0
-77.89999999999999 172.2 20.1
-77.89999999999999 172.2 40.2
-77.89999999999999 172.2 60.300000000000004
-77.89999999999999 172.2 80.4
-77.89999999999999 172.2 100.5
-77.89999999999999 172.2 120.60000000000001
-77.89999999999999 176.29999999999998 -120.60000000000001
-77.89999999999999 176.29999999999998 -100.5
-77.89999999999999 176.29999999999998 -80.4
-77.89999999999999 176.29999999999998 -60.300000000000004
-77.89999999999999 176.29999999999998 -40.2
-77.89999999999999 176.29999999999998 -20.1
-77.89999999999999 176.29999999999998 0.0
-77.89999999999999 176.29999999999998 20.1
-77.89999999999999 176.29999999999998 40.2
-77.89999999999999 176.29999999999998 60.300000000000004
-77.89999999999999 176.29999999999998 80.4
-77.89999999999999 176.29999999999998 100.5
-77.89999999999999 176.29999999999998 120.60000000000001
-77.89999999999999 180.39999999999998 -120.60000000000001
-77.89999999999999 180.39999999999998 -100.5
-77.89999999999999 180.39999999999998 -80.4
-77.89999999999999 180.39999999999998 -60.300000000000004
-77.89999999999999 180.39999999999998 -40.2
-77.89999999999999 180.39999999999998 -20.1
-77.89999999999999 180.39999999999998 0.0
-77.89999999999999 180.39999999999998 20.1
-77.89999999999999 180.39999999999998 40.2
-77.89999999999999 180.39999999999998 60.300000000000004
-77.89999999999999 180.39999999999998 80.4
-77.89999999999999 180.39999999999998 100.5
-77.89999999999999 180.39999999999998 120.60000000000001
-77.89999999999999 184.49999999999997 -120.60000000000001
-77.89999999999999 184.49999999999997 -100.5
-77.89999999999999 184.49999999999997 -80.4
-77.89999999999999 184.49999999999997 -60.300000000000004
-77.89999999999999 184.49999999999997 -40.2
-77.89999999999999 184.49999999999997 -20.1
-77.89999999999999 184.49999999999997 0.0
-77.89999999999999 184.49999999999997 20.1
-77.89999999999999 184.49999999999997 40.2
-77.89999999999999 184.49999999999997 60.300000000000004
-77.89999999999999 184.49999999999997 80.4
-77.89999999999999 184.49999999999997 100.5
-77.89999999999999 184.49999999999997 120.60000000000001
-77.89999999999999 188.6 -120.60000000000001
-77.89999999999999 188.6 -100.5
-77.89999999999999 188.6 -80.4
-77.89999999999999 188.6 -60.300000000000004
-77.89999999999999 188.6 -40.2
-77.89999999999999 188.6 -20.1
-77.89999999999999 188.6 0.0
-77.89999999999999 188.6 20.1
-77.89999999999999 188.6 40.2
-77.89999999999999 188.6 60.300000000000004
-77.89999999999999 188.6 80.4
-77.89999999999999 188.6 100.5
-77.89999999999999 188.6 120.60000000000001
-77.89999999999999 192.7 -120.60000000000001
-77.89999999999999 192.7 -100.5
-77.89999999999999 192.7 -80.4
-77.89999999999999 192.7 -60.300000000000004
-77.89999999999999 192.7 -40.2
-77.89999999999999 192.7 -20.1
-77.89999999999999 192.7 0.0
-77.89999999999999 192.7 20.1
-77.89999999999999 192.7 40.2
-77.89999999999999 192.7 60.300000000000004
-77.89999999999999 192.7 80.4
-77.89999999999999 192.7 100.5
-77.89999999999999 192.7 120.60000000000001
-77.89999999999999 196.79999999999998 -120.60000000000001
-77.89999999999999 196.79999999999998 -100.5
-77.89999999999999 196.79999999999998 -80.4
-77.89999999999999 196.79999999999998 -60.300000000000004
-77.89999999999999 196.79999999999998 -40.2
-77.89999999999999 196.79999999999998 -20.1
-77.89999999999999 196.79999999999998 0.0
-77.89999999999999 196.79999999999998 20.1
-77.89999999999999 196.79999999999998 40.2
-77.89999999999999 196.79999999999998 60.300000000000004
-77.89999999999999 196.79999999999998 80.4
-77.89999999999999 196.79999999999998 100.5
-77.89999999999999 196.79999999999998 120.60000000000001
-77.89999999999999 200.89999999999998 -120.60000000000001
-77.89999999999999 200.89999999999998 -100.5
-77.89999999999999 200.89999999999998 -80.4
-77.89999999999999 200.89999999999998 -60.300000000000004
-77.89999999999999 200.89999999999998 -40.2
-77.89999999999999 200.89999999999998 -20.1
-77.89999999999999 200.89999999999998 0.0
-77.89999999999999 200.89999999999998 20.1
-77.89999999999999 200.89999999999998 40.2
-77.89999999999999 200.89999999999998 60.300000000000004
-77.89999999999999 200.89999999999998 80.4
-77.89999999999999 200.89999999999998 100.5
-77.89999999999999 200.89999999999998 120.60000000000001
-73.8 -200.89999999999998 -120.60000000000001
-73.8 -200.89999999999998 -100.5
-73.8 -200.89999999999998 -80.4
-73.8 -200.89999999999998 -60.300000000000004
-73.8 -200.89999999999998 -40.2
-73.8 -200.89999999999998 -20.1
-73.8 -200.89999999999998 0.0
-73.8 -200.89999999999998 20.1
-73.8 -200.89999999999998 40.2
-73.8 -200.89999999999998 60.300000000000004
-73.8 -200.89999999999998 80.4
-73.8 -200.89999999999998 100.5
-73.8 -200.89999999999998 120.60000000000001
-73.8 -196.79999999999998 -120.60000000000001
-73.8 -196.79999999999998 -100.5
-73.8 -196.79999999999998 -80.4
-73.8 -196.79999999999998 -60.300000000000004
-73.8 -196.79999999999998 -40.2
-73.8 -196.79999999999998 -20.1
-73.8 -196.79999999999998 0.0
-73.8 -196.79999999999998 20.1
-73.8 -196.79999999999998 40.2
-73.8 -196.79999999999998 60.300000000000004
-73.8 -196.79999999999998 80.4
-73.8 -196.79999999999998 100.5
-73.8 -196.79999999999998 120.60000000000001
-73.8 -192.7 -120.60000000000001
-73.8 -192.7 -100.5
-73.8 -192.7 -80.4
-73.8 -192.7 -60.300000000000004
-73.8 -192.7 -40.2
-73.8 -192.7 -20.1
-73.8 -192.7 0.0
-73.8 -192.7 20.1
-73.8 -192.7 40.2
-73.8 -192.7 60.300000000000004
-73.8 -192.7 80.4
-73.8 -192.7 100.5
-73.8 -192.7 120.60000000000001
-73.8 -188.6 -120.60000000000001
-73.8 -188.6 -100.5
-73.8 -188.6 -80.4
-73.8 -188.6 -60.300000000000004
-73.8 -188.6 -40.2
-73.8 -188.6 -20.1
-73.8 -188.6 0.0
-73.8 -188.6 20.1
-73.8 -188.6 40.2
-73.8 -188.6 60.300000000000004
-73.8 -188.6 80.4
-73.8 -188.6 100.5
-73.8 -188.6 120.60000000000001
-73.8 -184.49999999999997 -120.60000000000001
-73.8 -184.49999999999997 -100.5
-73.8 -184.49999999999997 -80.4
-73.8 -184.49999999999997 -60.300000000000004
-73.8 -184.49999999999997 -40.2
-73.8 -184.49999999999997 -20.1
-73.8 -184.49999999999997 0.0
-73.8 -184.49999999999997 20.1
-73.8 -184.49999999999997 40.2
-73.8 -184.49999999999997 60.300000000000004
-73.8 -184.49999999999997 80.4
-73.8 -184.49999999999997 100.5
-73.8 -184.49999999999997 120.60000000000001
-73.8 -180.39999999999998 -120.60000000000001
-73.8 -180.39999999999998 -100.5
-73.8 -180.39999999999998 -80.4
-73.8 -180.39999999999998 -60.300000000000004
-73.8 -180.39999999999998 -40.2
-73.8 -180.39999999999998 -20.1
-73.8 -180.39999999999998 0.0
-73.8 -180.39999999999998 20.1
-73.8 -180.39999999999998 40.2
-73.8 -180.39999999999998 60.300000000000004
-73.8 -180.39999999999998 80.4
-73.8 -180.39999999999998 100.5
-73.8 -180.39999999999998 120.60000000000001
-73.8 -176.29999999999998 -120.60000000000001
-73.8 -176.29999999999998 -100.5
-73.8 -176.29999999999998 -80.4
-73.8 -176.29999999999998 -60.300000000000004
-73.8 -176.29999999999998 -40.2
-73.8 -176.29999999999998 -20.1
-73.8 -176.29999999999998 0.0
-73.8 -176.29999999999998 20.1
-73.8 -176.29999999999998 40.2
-73.8 -176.29999999999998 60.300000000000004
-73.8 -176.29999999999998 80.4
-73.8 -176.29999999999998 100.5
-73.8 -176.29999999999998 120.60000000000001
-73.8 176.29999999999998 -120.60000000000001
-73.8 176.29999999999998 -100.5
-73.8 176.29999999999998 -80.4
-73.8 176.29999999999998 -60.300000000000004
-73.8 176.29999999999998 -40.2
-73.8 176.29999999999998 -20.1
-73.8 176.29999999999998 0.0
-73.8 176.29999999999998 20.1
-73.8 176.29999999999998 40.2
-73.8 176.29999999999998 60.300000000000004
-73.8 176.29999999999998 80.4
-73.8 176.29999999999998 100.5
-73.8 176.29999999999998 120.60000000000001
-73.8 180.39999999999998 -120.60000000000001
-73.8 180.39999999999998 -100.5
-73.8 180.39999999999998 -80.4
-73.8 180.39999999999998 -60.300000000000004
-73.8 180.39999999999998 -40.2
-73.8 180.39999999999998 -20.1
-73.8 180.39999999999998 0.0
-73.8 180.39999999999998 20.1
-73.8 180.39999999999998 40.2
-73.8 180.39999999999998 60.300000000000004
-73.8 180.39999999999998 80.4
-73.8 180.39999999999998 100.5
-73.8 180.39999999999998 120.60000000000001
-73.8 184.49999999999997 -120.60000000000001
-73.8 184.49999999999997 -100.5
-73.8 184.49999999999997 -80.4
-73.8 184.49999999999997 -60.300000000000004
-73.8 184.49999999999997 -40.2
-73.8 184.49999999999997 -20.1
-73.8 184.49999999999997 0.0
-73.8 184.49999999999997 20.1
-73.8 184.49999999999997 40.2
-73.8 184.49999999999997 60.300000000000004
-73.8 184.49999999999997 80.4
-73.8 184.49999999999997 100.5
-73.8 184.49999999999997 120.60000000000001
-73.8 188.6 -120.60000000000001
-73.8 188.6 -100.5
-73.8 188.6 -80.4
-73.8 188.6 -60.300000000000004
-73.8 188.6 -40.2
-73.8 188.6 -20.1
-73.8 188.6 0.0
-73.8 188.6 20.1
-73.8 188.6 40.2
-73.8 188.6 60.300000000000004
-73.8 188.6 80.4
-73.8 188.6 100.5
-73.8 188.6 120.60000000000001
-73.8 192.7 -120.60000000000001
-73.8 192.7 -100.5
-73.8 192.7 -80.4
-73.8 192.7 -60.300000000000004
-73.8 192.7 -40.2
-73.8 192.7 -20.1
-73.8 192.7 0.0
-73.8 192.7 20.1
-73.8 192.7 40.2
-73.8 192.7 60.300000000000004
-73.8 192.7 80.4
-73.8 192.7 100.5
-73.8 192.7 120.60000000000001
-73.8 196.79999999999998 -120.60000000000001
-73.8 196.79999999999998 -100.5
-73.8 196.79999999999998 -80.4
-73.8 196.79999999999998 -60.300000000000004
-73.8 196.79999999999998 -40.2
-73.8 196.79999999999998 -20.1
-73.8 196.79999999999998 0.0
-73.8 196.79999999999998 20.1
-73.8 196.79999999999998 40.2
-73.8 196.79999999999998 60.300000000000004
-73.8 196.79999999999998 80.4
-73.8 196.79999999999998 100.5
-73.8 196.79999999999998 120.60000000000001
-73.8 200.89999999999998 -120.60000000000001
-73.8 200.89999999999998 -100.5
-73.8 200.89999999999998 -80.4
-73.8 200.89999999999998 -60.300000000000004
-73.8 200.89999999999998 -40.2
-73.8 200.89999999999998 -20.1
-73.8 200.89999999999998 0.0
-73.8 200.89999999999998 20.1
-73.8 200.89999999999998 40.2
-73.8 200.89999999999998 60.300000000000004
-73.8 200.89999999999998 80.4
-73.8 200.89999999999998 100.5
-73.8 200.89999999999998 120.60000000000001
-69.69999999999999 -204.99999999999997 -120.60000000000001
-69.69999999999999 -204.99999999999997 -100.5
-69.69999999999999 -204.99999999999997 -80.4
-69.69999999999999 -204.99999999999997 -60.300000000000004
-69.69999999999999 -204.99999999999997 -40.2
-69.69999999999999 -204.99999999999997 -20.1
-69.69999999999999 -204.99999999999997 0.0
-69.69999999999999 -204.99999999999997 20.1
-69.69999999999999 -204.99999999999997 40.2
-69.69999999999999 -204.99999999999997 60.300000000000004
-69.69999999999999 -204.99999999999997 80.4
-69.69999999999999 -204.99999999999997 100.5
-69.69999999999999 -204.99999999999997 120.60000000000001
-69.69999999999999 -200.89999999999998 -120.60000000000001
-69.69999999999999 -200.89999999999998 -100.5
-69.69999999999999 -200.89999999999998 -80.4
-69.69999999999999 -200.89999999999998 -60.300000000000004
-69.69999999999999 -200.89999999999998 -40.2
-69.69999999999999 -200.89999999999998 -20.1
-69.69999999999999 -200.89999999999998 0.0
-69.69999999999999 -200.89999999999998 20.1
-69.69999999999999 -200.89999999999998 40.2
-69.69999999999999 -200.89999999999998 60.300000000000004
-69.69999999999999 -200.89999999999998 80.4
-69.69999999999999 -200.89999999999998 100.5
-69.69999999999999 -200.89999999999998 120.60000000000001
-69.69999999999999 -196.79999999999998 -120.60000000000001
-69.69999999999999 -196.79999999999998 -100.5
-69.69999999999999 -196.79999999999998 -80.4
-69.69999999999999 -196.79999999999998 -60.300000000000004
-69.69999999999999 -196.79999999999998 -40.2
-69.69999999999999 -196.79999999999998 -20.1
-69.69999999999999 -196.79999999999998 0.0
-69.69999999999999 -196.79999999999998 20.1
-69.69999999999999 -196.79999999999998 40.2
-69.69999999999999 -196.79999999999998 60.300000000000004
-69.69999999999999 -196.79999999999998 80.4
-69.69999999999999 -196.79999999999998 100.5
-69.69999999999999 -196.79999999999998 120.60000000000001
-69.69999999999999 -192.7 -120.60000000000001
-69.69999999999999 -192.7 -100.5
-69.69999999999999 -192.7 -80.4
-69.69999999999999 -192.7 -60.300000000000004
-69.69999999999999 -192.7 -40.2
-69.69999999999999 -192.7 -20.1
-69.69999999999999 -192.7 0.0
-69.69999999999999 -192.7 20.1
-69.69999999999999 -192.7 40.2
-69.69999999999999 -192.7 60.300000000000004
-69.69999999999999 -192.7 80.4
-69.69999999999999 -192.7 100.5
-69.69999999999999 -192.7 120.60000000000001
-69.69999999999999 -188.6 -120.60000000000001
-69.69999999999999 -188.6 -100.5
-69.69999999999999 -188.6 -80.4
-69.69999999999999 -188.6 -60.300000000000004
-69.69999999999999 -188.6 -40.2
-69.69999999999999 -188.6 -20.1
-69.69999999999999 -188.6 0.0
-69.69999999999999 -188.6 20.1
-69.69999999999999 -188.6 40.2
-69.69999999999999 -188.6 60.300000000000004
-69.69999999999999 -188.6 80.4
-69.69999999999999 -188.6 100.5
-69.69999999999999 -188.6 120.60000000000001
-69.69999999999999 -184.49999999999997 -120.60000000000001
-69.69999999999999 -184.49999999999997 -100.5
-69.69999999999999 -184.49999999999997 -80.4
-69.69999999999999 -184.49999999999997 -60.300000000000004
-69.69999999999999 -184.49999999999997 -40.2
-69.69999999999999 -184.49999999999997 -20.1
-69.69999999999999 -184.49999999999997 0.0
-69.69999999999999 -184.49999999999997 20.1
-69.69999999999999 -184.49999999999997 40.2
-69.69999999999999 -184.49999999999997 60.300000000000004
-69.69999999999999 -184.49999999999997 80.4
-69.69999999999999 -184.49999999999997 100.5
-69.69999999999999 -184.49999999999997 120.60000000000001
-69.69999999999999 -180.39999999999998 -120.60000000000001
-69.69999999999999 -180.39999999999998 -100.5
-69.69999999999999 -180.39999999999998 -80.4
-69.69999999999999 -180.39999999999998 -60.300000000000004
-69.69999999999999 -180.39999999999998 -40.2
-69.69999999999999 -180.39999999999998 -20.1
-69.69999999999999 -180.39999999999998 0.0
-69.69999999999999 -180.39999999999998 20.1
-69.69999999999999 -180.39999999999998 40.2
-69.69999999999999 -180.39999999999998 60.300000000000004
-69.69999999999999 -180.39999999999998 80.4
-69.69999999999999 -180.39999999999998 100.5
-69.69999999999999 -180.39999999999998 120.60000000000001
-69.69999999999999 -176.29999999999998 -120.60000000000001
-69.69999999999999 -176.29999999999998 -100.5
-69.69999999999999 -176.29999999999998 -80.4
-69.69999999999999 -176.29999999999998 -60.300000000000004
-69.69999999999999 -176.29999999999998 -40.2
-69.69999999999999 -176.29999999999998 -20.1
-69.69999999999999 -176.29999999999998 0.0
-69.69999999999999 -176.29999999999998 20.1
-69.69999999999999 -176.29999999999998 40.2
-69.69999999999999 -176.29999999999998 60.300000000000004
-69.69999999999999 -176.29999999999998 80.4
-69.69999999999999 -176.29999999999998 100.5
-69.69999999999999 -176.29999999999998 120.60000000000001
-69.69999999999999 176.29999999999998 -120.60000000000001
-69.69999999999999 176.29999999999998 -100.5
-69.69999999999999 176.29999999999998 -80.4
-69.69999999999999 176.29999999999998 -60.300000000000004
-69.69999999999999 176.29999999999998 -40.2
-69.69999999999999 176.29999999999998 -20.1
-69.69999999999999 176.29999999999998 0.0
-69.69999999999999 176.29999999999998 20.1
-69.69999999999999 176.29999999999998 40.2
-69.69999999999999 176.29999999999998 60.300000000000004
-69.69999999999999 176.29999999999998 80.4
-69.69999999999999 176.29999999999998 100.5
-69.69999999999999 176.29999999999998 120.60000000000001
-69.69999999999999 180.39999999999998 -120.60000000000001
-69.69999999999999 180.39999999999998 -100.5
-69.69999999999999 180.39999999999998 -80.4
-69.69999999999999 180.39999999999998 -60.300000000000004
-69.69999999999999 180.39999999999998 -40.2
-69.69999999999999 180.39999999999998 -20.1
-69.69999999999999 180.39999999999998 0.0
-69.69999999999999 180.39999999999998 20.1
-69.69999999999999 180.39999999999998 40.2
-69.69999999999999 180.39999999999998 60.300000000000004
-69.69999999999999 180.39999999999998 80.4
-69.69999999999999 180.39999999999998 100.5
-69.69999999999999 180.39999999999998 120.60000000000001
-69.69999999999999 184.49999999999997 -120.60000000000001
-69.69999999999999 184.49999999999997 -100.5
-69.69999999999999 184.49999999999997 -80.4
-69.69999999999999 184.49999999999997 -60.300000000000004
-69.69999999999999 184.49999999999997 -40.2
-69.69999999999999 184.49999999999997 -20.1
-69.69999999999999 184.49999999999997 0.0
-69.69999999999999 184.49999999999997 20.1
-69.69999999999999 184.49999999999997 40.2
-69.69999999999999 184.49999999999997 60.300000000000004
-69.69999999999999 184.49999999999997 80.4
-69.69999999999999 184.49999999999997 100.5
-69.69999999999999 184.49999999999997 120.60000000000001
-69.69999999999999 188.6 -120.60000000000001
-69.69999999999999 188.6 -100.5
-69.69999999999999 188.6 -80.4
-69.69999999999999 188.6 -60.300000000000004
-69.69999999999999 188.6 -40.2
-69.69999999999999 188.6 -20.1
-69.69999999999999 188.6 0.0
-69.69999999999999 188.6 20.1
-69.69999999999999 188.6 40.2
-69.69999999999999 188.6 60.300000000000004
-69.69999999999999 188.6 80.4
-69.69999999999999 188.6 100.5
-69.69999999999999 188.6 120.60000000000001
-69.69999999999999 192.7 -120.60000000000001
-69.69999999999999 192.7 -100.5
-69.69999999999999 192.7 -80.4
-69.69999999999999 192.7 -60.300000000000004
-69.69999999999999 192.7 -40.2
-69.69999999999999 192.7 -20.1
-69.69999999999999 192.7 0.0
-69.69999999999999 192.7 20.1
-69.69999999999999 192.7 40.2
-69.69999999999999 192.7 60.300000000000004
-69.69999999999999 192.7 80.4
-69.69999999999999 192.7 100.5
-69.69999999999999 192.7 120.60000000000001
-69.69999999999999 196.79999999999998 -120.60000000000001
-69.69999999999999 196.79999999999998 -100.5
-69.69999999999999 196.79999999999998 -80.4
-69.69999999999999 196.79999999999998 -60.300000000000004
-69.69999999999999 196.79999999999998 -40.2
-69.69999999999999 196.79999999999998 -20.1
-69.69999999999999 196.79999999999998 0.0
-69.69999999999999 196.79999999999998 20.1
-69.69999999999999 196.79999999999998 40.2
-69.69999999999999 196.79999999999998 60.300000000000004
-69.69999999999999 196.79999999999998 80.4
-69.69999999999999 196.79999999999998 100.5
-69.69999999999999 196.79999999999998 120.60000000000001
-69.69999999999999 200.89999999999998 -120.60000000000001
-69.69999999999999 200.89999999999998 -100.5
-69.69999999999999 200.89999999999998 -80.4
-69.69999999999999 200.89999999999998 -60.300000000000004
-69.69999999999999 200.89999999999998 -40.2
-69.69999999999999 200.89999999999998 -20.1
-69.69999999999999 200.89999999999998 0.0
-69.69999999999999 200.89999999999998 20.1
-69.69999999999999 200.89999999999998 40.2
-69.69999999999999 200.89999999999998 60.300000000000004
-69.69999999999999 200.89999999999998 80.4
-69.69999999999999 200.89999999999998 100.5
-69.69999999999999 200.89999999999998 120.60000000000001
-69.69999999999999 204.99999999999997 -120.60000000000001
-69.69999999999999 204.99999999999997 -100.5
-69.69999999999999 204.99999999999997 -80.4
-69.69999999999999 204.99999999999997 -60.300000000000004
-69.69999999999999 204.99999999999997 -40.2
-69.69999999999999 204.99999999999997 -20.1
-69.69999999999999 204.99999999999997 0.0
-69.69999999999999 204.99999999999997 20.1
-69.69999999999999 204.99999999999997 40.2
-69.69999999999999 204.99999999999997 60.300000000000004
-69.69999999999999 204.99999999999997 80.4
-69.69999999999999 204.99999999999997 100.5
-69.69999999999999 204.99999999999997 120.60000000000001
-65.6 -204.99999999999997 -120.60000000000001
-65.6 -204.99999999999997 -100.5
-65.6 -204.99999999999997 -80.4
-65.6 -204.99999999999997 -60.300000000000004
-65.6 -204.99999999999997 -40.2
-65.6 -204.99999999999997 -20.1
-65.6 -204.99999999999997 0.0
-65.6 -204.99999999999997 20.1
-65.6 -204.99999999999997 40.2
-65.6 -204.99999999999997 60.300000000000004
-65.6 -204.99999999999997 80.4
-65.6 -204.99999999999997 100.5
-65.6 -204.99999999999997 120.60000000000001
-65.6 -200.89999999999998 -120.60000000000001
-65.6 -200.89999999999998 -100.5
-65.6 -200.89999999999998 -80.4
-65.6 -200.89999999999998 -60.300000000000004
-65.6 -200.89999999999998 -40.2
-65.6 -200.89999999999998 -20.1
-65.6 -200.89999999999998 0.0
-65.6 -200.89999999999998 20.1
-65.6 -200.89999999999998 40.2
-65.6 -200.89999999999998 60.300000000000004
-65.6 -200.89999999999998 80.4
-65.6 -200.89999999999998 100.5
-65.6 -200.89999999999998 120.60000000000001
-65.6 -196.79999999999998 -120.60000000000001
-65.6 -196.79999999999998 -100.5
-65.6 -196.79999999999998 -80.4
-65.6 -196.79999999999998 -60.300000000000004
-65.6 -196.79999999999998 -40.2
-65.6 -196.79999999999998 -20.1
-65.6 -196.79999999999998 0.0
-65.6 -196.79999999999998 20.1
-65.6 -196.79999999999998 40.2
-65.6 -196.79999999999998 60.300000000000004
-65.6 -196.79999999999998 80.4
-65.6 -196.79999999999998 100.5
-65.6 -196.79999999999998 120.60000000000001
-65.6 -192.7 -120.60000000000001
-65.6 -192.7 -100.5
-65.6 -192.7 -80.4
-65.6 -192.7 -60.300000000000004
-65.6 -192.7 -40.2
-65.6 -192.7 -20.1
-65.6 -192.7 0.0
-65.6 -192.7 20.1
-65.6 -192.7 40.2
-65.6 -192.7 60.300000000000004
-65.6 -192.7 80.4
-65.6 -192.7 100.5
-65.6 -192.7 120.60000000000001
-65.6 -188.6 -120.60000000000001
-65.6 -188.6 -100.5
-65.6 -188.6 -80.4
-65.6 -188.6 -60.300000000000004
-65.6 -188.6 -40.2
-65.6 -188.6 -20.1
-65.6 -188.6 0.0
-65.6 -188.6 20.1
-65.6 -188.6 40.2
-65.6 -188.6 60.300000000000004
-65.6 -188.6 80.4
-65.6 -188.6 100.5
-65.6 -188.6 120.60000000000001
-65.6 -184.49999999999997 -120.60000000000001
-65.6 -184.49999999999997 -100.5
-65.6 -184.49999999999997 -80.4
-65.6 -184.49999999999997 -60.300000000000004
-65.6 -184.49999999999997 -40.2
-65.6 -184.49999999999997 -20.1
-65.6 -184.49999999999997 0.0
-65.6 -184.49999999999997 20.1
-65.6 -184.49999999999997 40.2
-65.6 -184.49999999999997 60.300000000000004
-65.6 -184.49999999999997 80.4
-65.6 -184.49999999999997 100.5
-65.6 -184.49999999999997 120.60000000000001
-65.6 -180.39999999999998 -120.60000000000001
-65.6 -180.39999999999998 -100.5
-65.6 -180.39999999999998 -80.4
-65.6 -180.39999999999998 -60.300000000000004
-65.6 -180.39999999999998 -40.2
-65.6 -180.39999999999998 -20.1
-65.6 -180.39999999999998 0.0
-65.6 -180.39999999999998 20.1
-65.6 -180.39999999999998 40.2
-65.6 -180.39999999999998 60.300000000000004
-65.6 -180.39999999999998 80.4
-65.6 -180.39999999999998 100.5
-65.6 -180.39999999999998 120.60000000000001
-65.6 180.39999999999998 -120.60000000000001
-65.6 180.39999999999998 -100.5
-65.6 180.39999999999998 -80.4
-65.6 180.39999999999998 -60.300000000000004
-65.6 180.39999999999998 -40.2
-65.6 180.39999999999998 -20.1
-65.6 180.39999999999998 0.0
-65.6 180.39999999999998 20.1
-65.6 180.39999999999998 40.2
-65.6 180.39999999999998 60.300000000000004
-65.6 180.39999999999998 80.4
-65.6 180.39999999999998 100.5
-65.6 180.39999999999998 120.60000000000001
-65.6 184.49999999999997 -120.60000000000001
-65.6 184.49999999999997 -100.5
-65.6 184.49999999999997 -80.4
-65.6 184.49999999999997 -60.300000000000004
-65.6 184.49999999999997 -40.2
-65.6 184.49999999999997 -20.1
-65.6 184.49999999999997 0.0
-65.6 184.49999999999997 20.1
-65.6 184.49999999999997 40.2
-65.6 184.49999999999997 60.300000000000004
-65.6 184.49999999999997 80.4
-65.6 184.49999999999997 100.5
-65.6 184.49999999999997 120.60000000000001
-65.6 188.6 -120.60000000000001
-65.6 188.6 -100.5
-65.6 188.6 -80.4
-65.6 188.6 -60.300000000000004
-65.6 188.6 -40.2
-65.6 188.6 -20.1
-65.6 188.6 0.0
-65.6 188.6 20.1
-65.6 188.6 40.2
-65.6 188.6 60.300000000000004
-65.6 188.6 80.4
-65.6 188.6 100.5
-65.6 188.6 120.60000000000001
-65.6 192.7 -120.60000000000001
-65.6 192.7 -100.5
-65.6 192.7 -80.4
-65.6 192.7 -60.300000000000004
-65.6 192.7 -40.2
-65.6 192.7 -20.1
-65.6 192.7 0.0
-65.6 192.7 20.1
-65.6 192.7 40.2
-65.6 192.7 60.300000000000004
-65.6 192.7 80.4
-65.6 192.7 100.5
-65.6 192.7 120.60000000000001
-65.6 196.79999999999998 -120.60000000000001
-65.6 196.79999999999998 -100.5
-65.6 196.79999999999998 -80.4
-65.6 196.79999999999998 -60.300000000000004
-65.6 196.79999999999998 -40.2
-65.6 196.79999999999998 -20.1
-65.6 196.79999999999998 0.0
-65.6 196.79999999999998 20.1
-65.6 196.79999999999998 40.2
-65.6 196.79999999999998 60.300000000000004
-65.6 196.79999999999998 80.4
-65.6 196.79999999999998 100.5
-65.6 196.79999999999998 120.60000000000001
-65.6 200.89999999999998 -120.60000000000001
-65.6 200.89999999999998 -100.5
-65.6 200.89999999999998 -80.4
-65.6 200.89999999999998 -60.300000000000004
-65.6 200.89999999999998 -40.2
-65.6 200.89999999999998 -20.1
-65.6 200.89999999999998 0.0
-65.6 200.89999999999998 20.1
-65.6 200.89999999999998 40.2
-65.6 200.89999999999998 60.300000000000004
-65.6 200.89999999999998 80.4
-65.6 200.89999999999998 100.5
-65.6 200.89999999999998 120.60000000000001
-65.6 204.99999999999997 -120.60000000000001
-65.6 204.99999999999997 -100.5
-65.6 204.99999999999997 -80.4
-65.6 204.99999999999997 -60.300000000000004
-65.6 204.99999999999997 -40.2
-65.6 204.99999999999997 -20.1
-65.6 204.99999999999997 0.0
-65.6 204.99999999999997 20.1
-65.6 204.99999999999997 40.2
-65.6 204.99999999999997 60.300000000000004
-65.6 204.99999999999997 80.4
-65.6 204.99999999999997 100.5
-65.6 204.99999999999997 120.60000000000001
-61.49999999999999 -204.99999999999997 -120.60000000000001
-61.49999999999999 -204.99999999999997 -100.5
-61.49999999999999 -204.99999999999997 -80.4
-61.49999999999999 -204.99999999999997 -60.300000000000004
-61.49999999999999 -204.99999999999997 -40.2
-61.49999999999999 -204.99999999999997 -20.1
-61.49999999999999 -204.99999999999997 0.0
-61.49999999999999 -204.99999999999997 20.1
-61.49999999999999 -204.99999999999997 40.2
-61.49999999999999 -204.99999999999997 60.300000000000004
-61.49999999999999 -204.99999999999997 80.4
-61.49999999999999 -204.99999999999997 100.5
-61.49999999999999 -204.99999999999997 120.60000000000001
-61.49999999999999 -200.89999999999998 -120.60000000000001
-61.49999999999999 -200.89999999999998 -100.5
-61.49999999999999 -200.89999999999998 -80.4
-61.49999999999999 -200.89999999999998 -60.300000000000004
-61.49999999999999 -200.89999999999998 -40.2
-61.49999999999999 -200.89999999999998 -20.1
-61.49999999999999 -200.89999999999998 0.0
-61.49999999999999 -200.89999999999998 20.1
-61.49999999999999 -200.89999999999998 40.2
-61.49999999999999 -200.89999999999998 60.300000000000004
-61.49999999999999 -200.89999999999998 80.4
-61.49999999999999 -200.89999999999998 100.5
-61.49999999999999 -200.89999999999998 120.60000000000001
-61.49999999999999 -196.79999999999998 -120.60000000000001
-61.49999999999999 -196.79999999999998 -100.5
-61.49999999999999 -196.79999999999998 -80.4
-61.49999999999999 -196.79999999999998 -60.300000000000004
-61.49999999999999 -196.79999999999998 -40.2
-61.49999999999999 -196.79999999999998 -20.1
-61.49999999999999 -196.79999999999998 0.0
-61.49999999999999 -196.79999999999998 20.1
-61.49999999999999 -196.79999999999998 40.2
-61.49999999999999 -196.79999999999998 60.300000000000004
-61.49999999999999 -196.79999999999998 80.4
-61.49999999999999 -196.79999999999998 100.5
-61.49999999999999 -196.79999999999998 120.60000000000001
-61.49999999999999 -192.7 -120.60000000000001
-61.49999999999999 -192.7 -100.5
-61.49999999999999 -192.7 -80.4
-61.49999999999999 -192.7 -60.300000000000004
-61.49999999999999 -192.7 -40.2
-61.49999999999999 -192.7 -20.1
-61.49999999999999 -192.7 0.0
-61.49999999999999 -192.7 20.1
-61.49999999999999 -192.7 40.2
-61.49999999999999 -192.7 60.300000000000004
-61.49999999999999 -192.7 80.4
-61.49999999999999 -192.7 100.5
-61.49999999999999 -192.7 120.60000000000001
-61.49999999999999 -188.6 -120.60000000000001
-61.49999999999999 -188.6 -100.5
-61.49999999999999 -188.6 -80.4
-61.49999999999999 -188.6 -60.300000000000004
-61.49999999999999 -188.6 -40.2
-61.49999999999999 -188.6 -20.1
-61.49999999999999 -188.6 0.0
-61.49999999999999 -188.6 20.1
-61.49999999999999 -188.6 40.2
-61.49999999999999 -188.6 60.300000000000004
-61.49999999999999 -188.6 80.4
-61.49999999999999 -188.6 100.5
-61.49999999999999 -188.6 120.60000000000001
-61.49999999999999 -184.49999999999997 -120.60000000000001
-61.49999999999999 -184.49999999999997 -100.5
-61.49999999999999 -184.49999999999997 -80.4
-61.49999999999999 -184.49999999999997 -60.300000000000004
-61.49999999999999 -184.49999999999997 -40.2
-61.49999999999999 -184.49999999999997 -20.1
-61.49999999999999 -184.49999999999997 0.0
-61.49999999999999 -184.49999999999997 20.1
-61.49999999999999 -184.49999999999997 40.2
-61.49999999999999 -184.49999999999997 60.300000000000004
-61.49999999999999 -184.49999999999997 80.4
-61.49999999999999 -184.49999999999997 100.5
-61.49999999999999 -184.49999999999997 120.60000000000001
-61.49999999999999 -180.39999999999998 -120.60000000000001
-61.49999999999999 -180.39999999999998 -100.5
-61.49999999999999 -180.39999999999998 -80.4
-61.49999999999999 -180.39999999999998 -60.300000000000004
-61.49999999999999 -180.39999999999998 -40.2
-61.49999999999999 -180.39999999999998 -20.1
-61.49999999999999 -180.39999999999998 0.0
-61.49999999999999 -180.39999999999998 20.1
-61.49999999999999 -180.39999999999998 40.2
-61.49999999999999 -180.39999999999998 60.300000000000004
-61.49999999999999 -180.39999999999998 80.4
-61.49999999999999 -180.39999999999998 100.5
-61.49999999999999 -180.39999999999998 120.60000000000001
-61.49999999999999 180.39999999999998 -120.60000000000001
-61.49999999999999 180.39999999999998 -100.5
-61.49999999999999 180.39999999999998 -80.4
-61.49999999999999 180.39999999999998 -60.300000000000004
-61.49999999999999 180.39999999999998 -40.2
-61.49999999999999 180.39999999999998 -20.1
-61.49999999999999 180.39999999999998 0.0
-61.49999999999999 180.39999999999998 20.1
-61.49999999999999 180.39999999999998 40.2
-61.49999999999999 180.39999999999998 60.300000000000004
-61.49999999999999 180.39999999999998 80.4
-61.49999999999999 180.39999999999998 100.5
-61.49999999999999 180.39999999999998 120.60000000000001
-61.49999999999999 184.49999999999997 -120.60000000000001
-61.49999999999999 184.49999999999997 -100.5
-61.49999999999999 184.49999999999997 -80.4
-61.49999999999999 184.49999999999997 -60.300000000000004
-61.49999999999999 184.49999999999997 -40.2
-61.49999999999999 184.49999999999997 -20.1
-61.49999999999999 184.49999999999997 0.0
-61.49999999999999 184.49999999999997 20.1
-61.49999999999999 184.49999999999997 40.2
-61.49999999999999 184.49999999999997 60.300000000000004
-61.49999999999999 184.49999999999997 80.4
-61.49999999999999 184.49999999999997 100.5
-61.49999999999999 184.49999999999997 120.60000000000001
-61.49999999999999 188.6 -120.60000000000001
-61.49999999999999 188.6 -100.5
-61.49999999999999 188.6 -80.4
-61.49999999999999 188.6 -60.300000000000004
-61.49999999999999 188.6 -40.2
-61.49999999999999 188.6 -20.1
-61.49999999999999 188.6 0.0
-61.49999999999999 188.6 20.1
-61.49999999999999 188.6 40.2
-61.49999999999999 188.6 60.300000000000004
-61.49999999999999 188.6 80.4
-61.49999999999999 188.6 100.5
-61.49999999999999 188.6 120.60000000000001
-61.49999999999999 192.7 -120.60000000000001
-61.49999999999999 192.7 -100.5
-61.49999999999999 192.7 -80.4
-61.49999999999999 192.7 -60.300000000000004
-61.49999999999999 192.7 -40.2
-61.49999999999999 192.7 -20.1
-61.49999999999999 192.7 0.0
-61.49999999999999 192.7 20.1
-61.49999999999999 192.7 40.2
-61.49999999999999 192.7 60.300000000000004
-61.49999999999999 192.7 80.4
-61.49999999999999 192.7 100.5
-61.49999999999999 192.7 120.60000000000001
-61.49999999999999 196.79999999999998 -120.60000000000001
-61.49999999999999 196.79999999999998 -100.5
-61.49999999999999 196.79999999999998 -80.4
-61.49999999999999 196.79999999999998 -60.300000000000004
-61.49999999999999 196.79999999999998 -40.2
-61.49999999999999 196.79999999999998 -20.1
-61.49999999999999 196.79999999999998 0.0
-61.49999999999999 196.79999999999998 20.1
-61.49999999999999 196.79999999999998 40.2
-61.49999999999999 196.79999999999998 60.300000000000004
-61.49999999999999 196.79999999999998 80.4
-61.49999999999999 196.79999999999998 100.5
-61.49999999999999 196.79999999999998 120.60000000000001
-61.49999999999999 200.89999999999998 -120.60000000000001
-61.49999999999999 200.89999999999998 -100.5
-61.49999999999999 200.89999999999998 -80.4
-61.49999999999999 200.89999999999998 -60.300000000000004
-61.49999999999999 200.89999999999998 -40.2
-61.49999999999999 200.89999999999998 -20.1
-61.49999999999999 200.89999999999998 0.0
-61.49999999999999 200.89999999999998 20.1
-61.49999999999999 200.89999999999998 40.2
-61.49999999999999 200.89999999999998 60.300000000000004
-61.49999999999999 200.89999999999998 80.4
-61.49999999999999 200.89999999999998 100.5
-61.49999999999999 200.89999999999998 120.60000000000001
-61.49999999999999 204.99999999999997 -120.60000000000001
-61.49999999999999 204.99999999999997 -100.5
-61.49999999999999 204.99999999999997 -80.4
-61.49999999999999 204.99999999999997 -60.300000000000004
-61.49999999999999 204.99999999999997 -40.2
-61.49999999999999 204.99999999999997 -20.1
-61.49999999999999 204.99999999999997 0.0
-61.49999999999999 204.99999999999997 20.1
-61.49999999999999 204.99999999999997 40.2
-61.49999999999999 204.99999999999997 60.300000000000004
-61.49999999999999 204.99999999999997 80.4
-61.49999999999999 204.99999999999997 100.5
-61.49999999999999 204.99999999999997 120.60000000000001
-57.39999999999999 -209.1 -120.60000000000001
-57.39999999999999 -209.1 -100.5
-57.39999999999999 -209.1 -80.4
-57.39999999999999 -209.1 -60.300000000000004
-57.39999999999999 -209.1 -40.2
-57.39999999999999 -209.1 -20.1
-57.39999999999999 -209.1 0.0
-57.39999999999999 -209.1 20.1
-57.39999999999999 -209.1 40.2
-57.39999999999999 -209.1 60.300000000000004
-57.39999999999999 -209.1 80.4
-57.39999999999999 -209.1 100.5
-57.39999999999999 -209.1 120.60000000000001
-57.39999999999999 -204.99999999999997 -120.60000000000001
-57.39999999999999 -204.99999999999997 -100.5
-57.39999999999999 -204.99999999999997 -80.4
-57.39999999999999 -204.99999999999997 -60.300000000000004
-57.39999999999999 -204.99999999999997 -40.2
-57.39999999999999 -204.99999999999997 -20.1
-57.39999999999999 -204.99999999999997 0.0
-57.39999999999999 -204.99999999999997 20.1
-57.39999999999999 -204.99999999999997 40.2
-57.39999999999999 -204.99999999999997 60.300000000000004
-57.39999999999999 -204.99999999999997 80.4
-57.39999999999999 -204.99999999999997 100.5
-57.39999999999999 -204.99999999999997 120.60000000000001
-57.39999999999999 -200.89999999999998 -120.60000000000001
-57.39999999999999 -200.89999999999998 -100.5
-57.39999999999999 -200.89999999999998 -80.4
-57.39999999999999 -200.89999999999998 -60.300000000000004
-57.39999999999999 -200.89999999999998 -40.2
-57.39999999999999 -200.89999999999998 -20.1
-57.39999999999999 -200.89999999999998 0.0
-57.39999999999999 -200.89999999999998 20.1
-57.39999999999999 -200.89999999999998 40.2
-57.39999999999999 -200.89999999999998 60.300000000000004
-57.39999999999999 -200.89999999999998 80.4
-57.39999999999999 -200.89999999999998 100.5
-57.39999999999999 -200.89999999999998 120.60000000000001
-57.39999999999999 -196.79999999999998 -120.60000000000001
-57.39999999999999 -196.79999999999998 -100.5
-57.39999999999999 -196.79999999999998 -80.4
-57.39999999999999 -196.79999999999998 -60.300000000000004
-57.39999999999999 -196.79999999999998 -40.2
-57.39999999999999 -196.79999999999998 -20.1
-57.39999999999999 -196.79999999999998 0.0
-57.39999999999999 -196.79999999999998 20.1
-57.39999999999999 -196.79999999999998 40.2
-57.39999999999999 -196.79999999999998 60.300000000000004
-57.39999999999999 -196.79999999999998 80.4
-57.39999999999999 -196.79999999999998 100.5
-57.39999999999999 -196.79999999999998 120.60000000000001
-57.39999999999999 -192.7 -120.60000000000001
-57.39999999999999 -192.7 -100.5
-57.39999999999999 -192.7 -80.4
-57.39999999999999 -192.7 -60.300000000000004
-57.39999999999999 -192.7 -40.2
-57.39999999999999 -192.7 -20.1
-57.39999999999999 -192.7 0.0
-57.39999999999999 -192.7 20.1
-57.39999999999999 -192.7 40.2
-57.39999999999999 -192.7 60.300000000000004
-57.39999999999999 -192.7 80.4
-57.39999999999999 -192.7 100.5
-57.39999999999999 -192.7 120.60000000000001
-57.39999999999999 -188.6 -120.60000000000001
-57.39999999999999 -188.6 -100.5
-57.39999999999999 -188.6 -80.4
-57.39999999999999 -188.6 -60.300000000000004
-57.39999999999999 -188.6 -40.2
-57.39999999999999 -188.6 -20.1
-57.39999999999999 -188.6 0.0
-57.39999999999999 -188.6 20.1
-57.39999999999999 -188.6 40.2
-57.39999999999999 -188.6 60.300000000000004
-57.39999999999999 -188.6 80.4
-57.39999999999999 -188.6 100.5
-57.39999999999999 -188.6 120.60000000000001
-57.39999999999999 -184.49999999999997 -120.60000000000001
-57.39999999999999 -184.49999999999997 -100.5
-57.39999999999999 -184.49999999999997 -80.4
-57.39999999999999 -184.49999999999997 -60.300000000000004
-57.39999999999999 -184.49999999999997 -40.2
-57.39999999999999 -184.49999999999997 -20.1
-57.39999999999999 -184.49999999999997 0.0
-57.39999999999999 -184.49999999999997 20.1
-57.39999999999999 -184.49999999999997 40.2
-57.39999999999999 -184.49999999999997 60.300000000000004
-57.39999999999999 -184.49999999999997 80.4
-57.39999999999999 -184.49999999999997 100.5
-57.39999999999999 -184.49999999999997 120.60000000000001
-57.39999999999999 -180.39999999999998 -120.60000000000001
-57.39999999999999 -180.39999999999998 -100.5
-57.39999999999999 -180.39999999999998 -80.4
-57.39999999999999 -180.39999999999998 -60.300000000000004
-57.39999999999999 -180.39999999999998 -40.2
-57.39999999999999 -180.39999999999998 -20.1
-57.39999999999999 -180.39999999999998 0.0
-57.39999999999999 -180.39999999999998 20.1
-57.39999999999999 -180.39999999999998 40.2
-57.39999999999999 -180.39999999999998 60.300000000000004
-57.39999999999999 -180.39999999999998 80.4
-57.39999999999999 -180.39999999999998 100.5
-57.39999999999999 -180.39999999999998 120.60000000000001
-57.39999999999999 180.39999999999998 -120.60000000000001
-57.39999999999999 180.39999999999998 -100.5
-57.39999999999999 180.39999999999998 -80.4
-57.39999999999999 180.39999999999998 -60.300000000000004
-57.39999999999999 180.39999999999998 -40.2
-57.39999999999999 180.39999999999998 -20.1
-57.39999999999999 180.39999999999998 0.0
-57.39999999999999 180.39999999999998 20.1
-57.39999999999999 180.39999999999998 40.2
-57.39999999999999 180.39999999999998 60.300000000000004
-57.39999999999999 180.39999999999998 80.4
-57.39999999999999 180.39999999999998 100.5
-57.39999999999999 180.39999999999998 120.60000000000001
-57.39999999999999 184.49999999999997 -120.60000000000001
-57.39999999999999 184.49999999999997 -100.5
-57.39999999999999 184.49999999999997 -80.4
-57.39999999999999 184.49999999999997 -60.300000000000004
-57.39999999999999 184.49999999999997 -40.2
-57.39999999999999 184.49999999999997 -20.1
-57.39999999999999 184.49999999999997 0.0
-57.39999999999999 184.49999999999997 20.1
-57.39999999999999 184.49999999999997 40.2
-57.39999999999999 184.49999999999997 60.300000000000004
-57.39999999999999 184.49999999999997 80.4
-57.39999999999999 184.49999999999997 100.5
-57.39999999999999 184.49999999999997 120.60000000000001
-57.39999999999999 188.6 -120.60000000000001
-57.39999999999999 188.6 -100.5
-57.39999999999999 188.6 -80.4
-57.39999999999999 188.6 -60.300000000000004
-57.39999999999999 188.6 -40.2
-57.39999999999999 188.6 -20.1
-57.39999999999999 188.6 0.0
-57.39999999999999 188.6 20.1
-57.39999999999999 188.6 40.2
-57.39999999999999 188.6 60.300000000000004
-57.39999999999999 188.6 80.4
-57.39999999999999 188.6 100.5
-57.39999999999999 188.6 120.60000000000001
-57.39999999999999 192.7 -120.60000000000001
-57.39999999999999 192.7 -100.5
-57.39999999999999 192.7 -80.4
-57.39999999999999 192.7 -60.300000000000004
-57.39999999999999 192.7 -40.2
-57.39999999999999 192.7 -20.1
-57.39999999999999 192.7 0.0
-57.39999999999999 192.7 20.1
-57.39999999999999 192.7 40.2
-57.39999999999999 192.7 60.300000000000004
-57.39999999999999 192.7 80.4
-57.39999999999999 192.7 100.5
-57.39999999999999 192.7 120.60000000000001
-57.39999999999999 196.79999999999998 -120.60000000000001
-57.39999999999999 196.79999999999998 -100.5
-57.39999999999999 196.79999999999998 -80.4
-57.39999999999999 196.79999999999998 -60.300000000000004
-57.39999999999999 196.79999999999998 -40.2
-57.39999999999999 196.79999999999998 -20.1
-57.39999999999999 196.79999999999998 0.0
-57.39999999999999 196.79999999999998 20.1
-57.39999999999999 196.79999999999998 40.2
-57.39999999999999 196.79999999999998 60.300000000000004
-57.39999999999999 196.79999999999998 80.4
-57.39999999999999 196.79999999999998 100.5
-57.39999999999999 196.79999999999998 120.60000000000001
-57.39999999999999 200.89999999999998 -120.60000000000001
-57.39999999999999 200.89999999999998 -100.5
-57.39999999999999 200.89999999999998 -80.4
-57.39999999999999 200.89999999999998 -60.300000000000004
-57.39999999999999 200.89999999999998 -40.2
-57.39999999999999 200.89999999999998 -20.1
-57.39999999999999 200.89999999999998 0.0
-57.39999999999999 200.89999999999998 20.1
-57.39999999999999 200.89999999999998 40.2
-57.39999999999999 200.89999999999998 60.300000000000004
-57.39999999999999 200.89999999999998 80.4
-57.39999999999999 200.89999999999998 100.5
-57.39999999999999 200.89999999999998 120.60000000000001
-57.39999999999999 204.99999999999997 -120.60000000000001
-57.39999999999999 204.99999999999997 -100.5
-57.39999999999999 204.99999999999997 -80.4
-57.39999999999999 204.99999999999997 -60.300000000000004
-57.39999999999999 204.99999999999997 -40.2
-57.39999999999999 204.99999999999997 -20.1
-57.39999999999999 204.99999999999997 0.0
-57.39999999999999 204.99999999999997 20.1
-57.39999999999999 204.99999999999997 40.2
-57.39999999999999 204.99999999999997 60.300000000000004
-57.39999999999999 204.99999999999997 80.4
-57.39999999999999 204.99999999999997 100.5
-57.39999999999999 204.99999999999997 120.60000000000001
-57.39999999999999 209.1 -120.60000000000001
-57.39999999999999 209.1 -100.5
-57.39999999999999 209.1 -80.4
-57.39999999999999 209.1 -60.300000000000004
-57.39999999999999 209.1 -40.2
-57.39999999999999 209.1 -20.1
-57.39999999999999 209.1 0.0
-57.39999999999999 209.1 20.1
-57.39999999999999 209.1 40.2
-57.39999999999999 209.1 60.300000000000004
-57.39999999999999 209.1 80.4
-57.39999999999999 209.1 100.5
-57.39999999999999 209.1 120.60000000000001
-53.3 -209.1 -120.60000000000001
-53.3 -209.1 -100.5
-53.3 -209.1 -80.4
-53.3 -209.1 -60.300000000000004
-53.3 -209.1 -40.2
-53.3 -209.1 -20.1
-53.3 -209.1 0.0
-53.3 -209.1 20.1
-53.3 -209.1 40.2
-53.3 -209.1 60.300000000000004
-53.3 -209.1 80.4
-53.3 -209.1 100.5
-53.3 -209.1 120.60000000000001
-53.3 -204.99999999999997 -120.60000000000001
-53.3 -204.99999999999997 -100.5
-53.3 -204.99999999999997 -80.4
-53.3 -204.99999999999997 -60.300000000000004
-53.3 -204.99999999999997 -40.2
-53.3 -204.99999999999997 -20.1
-53.3 -204.99999999999997 0.0
-53.3 -204.99999999999997 20.1
-53.3 -204.99999999999997 40.2
-53.3 -204.99999999999997 60.300000000000004
-53.3 -204.99999999999997 80.4
-53.3 -204.99999999999997 100.5
-53.3 -204.99999999999997 120.60000000000001
-53.3 -200.89999999999998 -120.60000000000001
-53.3 -200.89999999999998 -100.5
-53.3 -200.89999999999998 -80.4
-53.3 -200.89999999999998 -60.300000000000004
-53.3 -200.89999999999998 -40.2
-53.3 -200.89999999999998 -20.1
-53.3 -200.89999999999998 0.0
-53.3 -200.89999999999998 20.1
-53.3 -200.89999999999998 40.2
-53.3 -200.89999999999998 60.300000000000004
-53.3 -200.89999999999998 80.4
-53.3 -200.89999999999998 100.5
-53.3 -200.89999999999998 120.60000000000001
-53.3 -196.79999999999998 -120.60000000000001
-53.3 -196.79999999999998 -100.5
-53.3 -196.79999999999998 -80.4
-53.3 -196.79999999999998 -60.300000000000004
-53.3 -196.79999999999998 -40.2
-53.3 -196.79999999999998 -20.1
-53.3 -196.79999999999998 0.0
-53.3 -196.79999999999998 20.1
-53.3 -196.79999999999998 40.2
-53.3 -196.79999999999998 60.300000000000004
-53.3 -196.79999999999998 80.4
-53.3 -196.79999999999998 100.5
-53.3 -196.79999999999998 120.60000000000001
-53.3 -192.7 -120.60000000000001
-53.3 -192.7 -100.5
-53.3 -192.7 -80.4
-53.3 -192.7 -60.300000000000004
-53.3 -192.7 -40.2
-53.3 -192.7 -20.1
-53.3 -192.7 0.0
-53.3 -192.7 20.1
-53.3 -192.7 40.2
-53.3 -192.7 60.300000000000004
-53.3 -192.7 80.4
-53.3 -192.7 100.5
-53.3 -192.7 120.60000000000001
-53.3 -188.6 -120.60000000000001
-53.3 -188.6 -100.5
-53.3 -188.6 -80.4
-53.3 -188.6 -60.300000000000004
-53.3 -188.6 -40.2
-53.3 -188.6 -20.1
-53.3 -188.6 0.0
-53.3 -188.6 20.1
-53.3 -188.6 40.2
-53.3 -188.6 60.300000000000004
-53.3 -188.6 80.4
-53.3 -188.6 100.5
-53.3 -188.6 120.60000000000001
-53.3 -184.49999999999997 -120.60000000000001
-53.3 -184.49999999999997 -100.5
-53.3 -184.49999999999997 -80.4
-53.3 -184.49999999999997 -60.300000000000004
-53.3 -184.49999999999997 -40.2
-53.3 -184.49999999999997 -20.1
-53.3 -184.49999999999997 0.0
-53.3 -184.49999999999997 20.1
-53.3 -184.49999999999997 40.2
-53.3 -184.49999999999997 60.300000000000004
-53.3 -184.49999999999997 80.4
-53.3 -184.49999999999997 100.5
-53.3 -184.49999999999997 120.60000000000001
-53.3 184.49999999999997 -120.60000000000001
-53.3 184.49999999999997 -100.5
-53.3 184.49999999999997 -80.4
-53.3 184.49999999999997 -60.300000000000004
-53.3 184.49999999999997 -40.2
-53.3 184.49999999999997 -20.1
-53.3 184.49999999999997 0.0
-53.3 184.49999999999997 20.1
-53.3 184.49999999999997 40.2
-53.3 184.49999999999997 60.300000000000004
-53.3 184.49999999999997 80.4
-53.3 184.49999999999997 100.5
-53.3 184.49999999999997 120.60000000000001
-53.3 188.6 -120.60000000000001
-53.3 188.6 -100.5
-53.3 188.6 -80.4
-53.3 188.6 -60.300000000000004
-53.3 188.6 -40.2
-53.3 188.6 -20.1
-53.3 188.6 0.0
-53.3 188.6 20.1
-53.3 188.6 40.2
-53.3 188.6 60.300000000000004
-53.3 188.6 80.4
-53.3 188.6 100.5
-53.3 188.6 120.60000000000001
-53.3 192.7 -120.60000000000001
-53.3 192.7 -100.5
-53.3 192.7 -80.4
-53.3 192.7 -60.300000000000004
-53.3 192.7 -40.2
-53.3 192.7 -20.1
-53.3 192.7 0.0
-53.3 192.7 20.1
-53.3 192.7 40.2
-53.3 192.7 60.300000000000004
-53.3 192.7 80.4
-53.3 192.7 100.5
-53.3 192.7 120.60000000000001
-53.3 196.79999999999998 -120.60000000000001
-53.3 196.79999999999998 -100.5
-53.3 196.79999999999998 -80.4
-53.3 196.79999999999998 -60.300000000000004
-53.3 196.79999999999998 -40.2
-53.3 196.79999999999998 -20.1
-53.3 196.79999999999998 0.0
-53.3 196.79999999999998 20.1
-53.3 196.79999999999998 40.2
-53.3 196.79999999999998 60.300000000000004
-53.3 196.79999999999998 80.4
-53.3 196.79999999999998 100.5
-53.3 196.79999999999998 120.60000000000001
-53.3 200.89999999999998 -120.60000000000001
-53.3 200.89999999999998 -100.5
-53.3 200.89999999999998 -80.4
-53.3 200.89999999999998 -60.300000000000004
-53.3 200.89999999999998 -40.2
-53.3 200.89999999999998 -20.1
-53.3 200.89999999999998 0.0
-53.3 200.89999999999998 20.1
-53.3 200.89999999999998 40.2
-53.3 200.89999999999998 60.300000000000004
-53.3 200.89999999999998 80.4
-53.3 200.89999999999998 100.5
-53.3 200.89999999999998 120.60000000000001
-53.3 204.99999999999997 -120.60000000000001
-53.3 204.99999999999997 -100.5
-53.3 204.99999999999997 -80.4
-53.3 204.99999999999997 -60.300000000000004
-53.3 204.99999999999997 -40.2
-53.3 204.99999999999997 -20.1
-53.3 204.99999999999997 0.0
-53.3 204.99999999999997 20.1
-53.3 204.99999999999997 40.2
-53.3 204.99999999999997 60.300000000000004
-53.3 204.99999999999997 80.4
-53.3 204.99999999999997 100.5
-53.3 204.99999999999997 120.60000000000001
-53.3 209.1 -120.60000000000001
-53.3 209.1 -100.5
-53.3 209.1 -80.4
-53.3 209.1 -60.300000000000004
-53.3 209.1 -40.2
-53.3 209.1 -20.1
-53.3 209.1 0.0
-53.3 209.1 20.1
-53.3 209.1 40.2
-53.3 209.1 60.300000000000004
-53.3 209.1 80.4
-53.3 209.1 100.5
-53.3 209.1 120.60000000000001
-49.199999999999996 -209.1 -120.60000000000001
-49.199999999999996 -209.1 -100.5
-49.199999999999996 -209.1 -80.4
-49.199999999999996 -209.1 -60.300000000000004
-49.199999999999996 -209.1 -40.2
-49.199999999999996 -209.1 -20.1
-49.199999999999996 -209.1 0.0
-49.199999999999996 -209.1 20.1
-49.199999999999996 -209.1 40.2
-49.199999999999996 -209.1 60.300000000000004
-49.199999999999996 -209.1 80.4
-49.199999999999996 -209.1 100.5
-49.199999999999996 -209.1 120.60000000000001
-49.199999999999996 -204.99999999999997 -120.60000000000001
-49.199999999999996 -204.99999999999997 -100.5
-49.199999999999996 -204.99999999999997 -80.4
-49.199999999999996 -204.99999999999997 -60.300000000000004
-49.199999999999996 -204.99999999999997 -40.2
-49.199999999999996 -204.99999999999997 -20.1
-49.199999999999996 -204.99999999999997 0.0
-49.199999999999996 -204.99999999999997 20.1
-49.199999999999996 -204.99999999999997 40.2
-49.199999999999996 -204.99999999999997 60.300000000000004
-49.199999999999996 -204.99999999999997 80.4
-49.199999999999996 -204.99999999999997 100.5
-49.199999999999996 -204.99999999999997 120.60000000000001
-49.199999999999996 -200.89999999999998 -120.60000000000001
-49.199999999999996 -200.89999999999998 -100.5
-49.199999999999996 -200.89999999999998 -80.4
-49.199999999999996 -200.89999999999998 -60.300000000000004
-49.199999999999996 -200.89999999999998 -40.2
-49.199999999999996 -200.89999999999998 -20.1
-49.199999999999996 -200.89999999999998 0.0
-49.199999999999996 -200.89999999999998 20.1
-49.199999999999996 -200.89999999999998 40.2
-49.199999999999996 -200.89999999999998 60.300000000000004
-49.199999999999996 -200.89999999999998 80.4
-49.199999999999996 -200.89999999999998 100.5
-49.199999999999996 -200.89999999999998 120.60000000000001
-49.199999999999996 -196.79999999999998 -120.60000000000001
-49.199999999999996 -196.79999999999998 -100.5
-49.199999999999996 -196.79999999999998 -80.4
-49.199999999999996 -196.79999999999998 -60.300000000000004
-49.199999999999996 -196.79999999999998 -40.2
-49.199999999999996 -196.79999999999998 -20.1
-49.199999999999996 -196.79999999999998 0.0
-49.199999999999996 -196.79999999999998 20.1
-49.199999999999996 -196.79999999999998 40.2
-49.199999999999996 -196.79999999999998 60.300000000000004
-49.199999999999996 -196.79999999999998 80.4
-49.199999999999996 -196.79999999999998 100.5
-49.199999999999996 -196.79999999999998 120.60000000000001
-49.199999999999996 -192.7 -120.60000000000001
-49.199999999999996 -192.7 -100.5
-49.199999999999996 -192.7 -80.4
-49.199999999999996 -192.7 -60.300000000000004
-49.199999999999996 -192.7 -40.2
-49.199999999999996 -192.7 -20.1
-49.199999999999996 -192.7 0.0
-49.199999999999996 -192.7 20.1
-49.199999999999996 -192.7 40.2
-49.199999999999996 -192.7 60.300000000000004
-49.199999999999996 -192.7 80.4
-49.199999999999996 -192.7 100.5
-49.199999999999996 -192.7 120.60000000000001
-49.199999999999996 -188.6 -120.60000000000001
-49.199999999999996 -188.6 -100.5
-49.199999999999996 -188.6 -80.4
-49.199999999999996 -188.6 -60.300000000000004
-49.199999999999996 -188.6 -40.2
-49.199999999999996 -188.6 -20.1
-49.199999999999996 -188.6 0.0
-49.199999999999996 -188.6 20.1
-49.199999999999996 -188.6 40.2
-49.199999999999996 -188.6 60.300000000000004
-49.199999999999996 -188.6 80.4
-49.199999999999996 -188.6 100.5
-49.199999999999996 -188.6 120.60000000000001
-49.199999999999996 -184.49999999999997 -120.60000000000001
-49.199999999999996 -184.49999999999997 -100.5
-49.199999999999996 -184.49999999999997 -80.4
-49.199999999999996 -184.49999999999997 -60.300000000000004
-49.199999999999996 -184.49999999999997 -40.2
-49.199999999999996 -184.49999999999997 -20.1
-49.199999999999996 -184.49999999999997 0.0
-49.199999999999996 -184.49999999999997 20.1
-49.199999999999996 -184.49999999999997 40.2
-49.199999999999996 -184.49999999999997 60.300000000000004
-49.199999999999996 -184.49999999999997 80.4
-49.199999999999996 -184.49999999999997 100.5
-49.199999999999996 -184.49999999999997 120.60000000000001
-49.199999999999996 184.49999999999997 -120.60000000000001
-49.199999999999996 184.49999999999997 -100.5
-49.199999999999996 184.49999999999997 -80.4
-49.199999999999996 184.49999999999997 -60.300000000000004
-49.199999999999996 184.49999999999997 -40.2
-49.199999999999996 184.49999999999997 -20.1
-49.199999999999996 184.49999999999997 0.0
-49.199999999999996 184.49999999999997 20.1
-49.199999999999996 184.49999999999997 40.2
-49.199999999999996 184.49999999999997 60.300000000000004
-49.199999999999996 184.49999999999997 80.4
-49.199999999999996 184.49999999999997 100.5
-49.199999999999996 184.49999999999997 120.60000000000001
-49.199999999999996 188.6 -120.60000000000001
-49.199999999999996 188.6 -100.5
-49.199999999999996 188.6 -80.4
-49.199999999999996 188.6 -60.300000000000004
-49.199999999999996 188.6 -40.2
-49.199999999999996 188.6 -20.1
-49.199999999999996 188.6 0.0
-49.199999999999996 188.6 20.1
-49.199999999999996 188.6 40.2
-49.199999999999996 188.6 60.300000000000004
-49.199999999999996 188.6 80.4
-49.199999999999996 188.6 100.5
-49.199999999999996 188.6 120.60000000000001
-49.199999999999996 192.7 -120.60000000000001
-49.199999999999996 192.7 -100.5
-49.199999999999996 192.7 -80.4
-49.199999999999996 192.7 -60.300000000000004
-49.199999999999996 192.7 -40.2
-49.199999999999996 192.7 -20.1
-49.199999999999996 192.7 0.0
-49.199999999999996 192.7 20.1
-49.199999999999996 192.7 40.2
-49.199999999999996 192.7 60.300000000000004
-49.199999999999996 192.7 80.4
-49.199999999999996 192.7 100.5
-49.199999999999996 192.7 120.60000000000001
-49.199999999999996 196.79999999999998 -120.60000000000001
-49.199999999999996 196.79999999999998 -100.5
-49.199999999999996 196.79999999999998 -80.4
-49.199999999999996 196.79999999999998 -60.300000000000004
-49.199999999999996 196.79999999999998 -40.2
-49.199999999999996 196.79999999999998 -20.1
-49.199999999999996 196.79999999999998 0.0
-49.199999999999996 196.79999999999998 20.1
-49.199999999999996 196.79999999999998 40.2
-49.199999999999996 196.79999999999998 60.300000000000004
-49.199999999999996 196.79999999999998 80.4
-49.199999999999996 196.79999999999998 100.5
-49.199999999999996 196.79999999999998 120.60000000000001
-49.199999999999996 200.89999999999998 -120.60000000000001
-49.199999999999996 200.89999999999998 -100.5
-49.199999999999996 200.89999999999998 -80.4
-49.199999999999996 200.89999999999998 -60.300000000000004
-49.199999999999996 200.89999999999998 -40.2
-49.199999999999996 200.89999999999998 -20.1
-49.199999999999996 200.89999999999998 0.0
-49.199999999999996 200.89999999999998 20.1
-49.199999999999996 200.89999999999998 40.2
-49.199999999999996 200.89999999999998 60.300000000000004
-49.199999999999996 200.89999999999998 80.4
-49.199999999999996 200.89999999999998 100.5
-49.199999999999996 200.89999999999998 120.60000000000001
-49.199999999999996 204.99999999999997 -120.60000000000001
-49.199999999999996 204.99999999999997 -100.5
-49.199999999999996 204.99999999999997 -80.4
-49.199999999999996 204.99999999999997 -60.300000000000004
-49.199999999999996 204.99999999999997 -40.2
-49.199999999999996 204.99999999999997 -20.1
-49.199999999999996 204.99999999999997 0.0
-49.199999999999996 204.99999999999997 20.1
-49.199999999999996 204.99999999999997 40.2
-49.199999999999996 204.99999999999997 60.300000000000004
-49.199999999999996 204.99999999999997 80.4
-49.199999999999996 204.99999999999997 100.5
-49.199999999999996 204.99999999999997 120.60000000000001
-49.199999999999996 209.1 -120.60000000000001
-49.199999999999996 209.1 -100.5
-49.199999999999996 209.1 -80.4
-49.199999999999996 209.1 -60.300000000000004
-49.199999999999996 209.1 -40.2
-49.199999999999996 209.1 -20.1
-49.199999999999996 209.1 0.0
-49.199999999999996 209.1 20.1
-49.199999999999996 209.1 40.2
-49.199999999999996 209.1 60.300000000000004
-49.199999999999996 209.1 80.4
-49.199999999999996 209.1 100.5
-49.199999999999996 209.1 120.60000000000001
-45.099999999999994 -209.1 -120.60000000000001
-45.099999999999994 -209.1 -100.5
-45.099999999999994 -209.1 -80.4
-45.099999999999994 -209.1 -60.300000000000004
-45.099999999999994 -209.1 -40.2
-45.099999999999994 -209.1 -20.1
-45.099999999999994 -209.1 0.0
-45.099999999999994 -209.1 20.1
-45.099999999999994 -209.1 40.2
-45.099999999999994 -209.1 60.300000000000004
-45.099999999999994 -209.1 80.4
-45.099999999999994 -209.1 100.5
-45.099999999999994 -209.1 120.60000000000001
-45.099999999999994 -204.99999999999997 -120.60000000000001
-45.099999999999994 -204.99999999999997 -100.5
-45.099999999999994 -204.99999999999997 -80.4
-45.099999999999994 -204.99999999999997 -60.300000000000004
-45.099999999999994 -204.99999999999997 -40.2
-45.099999999999994 -204.99999999999997 -20.1
-45.099999999999994 -204.99999999999997 0.0
-45.099999999999994 -204.99999999999997 20.1
-45.099999999999994 -204.99999999999997 40.2
-45.099999999999994 -204.99999999999997 60.300000000000004
-45.099999999999994 -204.99999999999997 80.4
-45.099999999999994 -204.99999999999997 100.5
-45.099999999999994 -204.99999999999997 120.60000000000001
-45.099999999999994 -200.89999999999998 -120.60000000000001
-45.099999999999994 -200.89999999999998 -100.5
-45.099999999999994 -200.89999999999998 -80.4
-45.099999999999994 -200.89999999999998 -60.300000000000004
-45.099999999999994 -200.89999999999998 -40.2
-45.099999999999994 -200.89999999999998 -20.1
-45.099999999999994 -200.89999999999998 0.0
-45.099999999999994 -200.89999999999998 20.1
-45.099999999999994 -200.89999999999998 40.2
-45.099999999999994 -200.89999999999998 60.300000000000004
-45.099999999999994 -200.89999999999998 80.4
-45.099999999999994 -200.89999999999998 100.5
-45.099999999999994 -200.89999999999998 120.60000000000001
-45.099999999999994 -196.79999999999998 -120.60000000000001
-45.099999999999994 -196.79999999999998 -100.5
-45.099999999999994 -196.79999999999998 -80.4
-45.099999999999994 -196.79999999999998 -60.300000000000004
-45.099999999999994 -196.79999999999998 -40.2
-45.099999999999994 -196.79999999999998 -20.1
-45.099999999999994 -196.79999999999998 0.0
-45.099999999999994 -196.79999999999998 20.1
-45.099999999999994 -196.79999999999998 40.2
-45.099999999999994 -196.79999999999998 60.300000000000004
-45.099999999999994 -196.79999999999998 80.4
-45.099999999999994 -196.79999999999998 100.5
-45.099999999999994 -196.79999999999998 120.60000000000001
-45.099999999999994 -192.7 -120.60000000000001
-45.099999999999994 -192.7 -100.5
-45.099999999999994 -192.7 -80.4
-45.099999999999994 -192.7 -60.300000000000004
-45.099999999999994 -192.7 -40.2
-45.099999999999994 -192.7 -20.1
-45.099999999999994 -192.7 0.0
-45.099999999999994 -192.7 20.1
-45.099999999999994 -192.7 40.2
-45.099999999999994 -192.7 60.300000000000004
-45.099999999999994 -192.7 80.4
-45.099999999999994 -192.7 100.5
-45.099999999999994 -192.7 120.60000000000001
-45.099999999999994 -188.6 -120.60000000000001
-45.099999999999994 -188.6 -100.5
-45.099999999999994 -188.6 -80.4
-45.099999999999994 -188.6 -60.300000000000004
-45.099999999999994 -188.6 -40.2
-45.099999999999994 -188.6 -20.1
-45.099999999999994 -188.6 0.0
-45.099999999999994 -188.6 20.1
-45.099999999999994 -188.6 40.2
-45.099999999999994 -188.6 60.300000000000004
-45.099999999999994 -188.6 80.4
-45.099999999999994 -188.6 100.5
-45.099999999999994 -188.6 120.60000000000001
-45.099999999999994 -184.49999999999997 -120.60000000000001
-45.099999999999994 -184.49999999999997 -100.5
-45.099999999999994 -184.49999999999997 -80.4
-45.099999999999994 -184.49999999999997 -60.300000000000004
-45.099999999999994 -184.49999999999997 -40.2
-45.099999999999994 -184.49999999999997 -20.1
-45.099999999999994 -184.49999999999997 0.0
-45.099999999999994 -184.49999999999997 20.1
-45.099999999999994 -184.49999999999997 40.2
-45.099999999999994 -184.49999999999997 60.300000000000004
-45.099999999999994 -184.49999999999997 80.4
-45.099999999999994 -184.49999999999997 100.5
-45.099999999999994 -184.49999999999997 120.60000000000001
-45.099999999999994 184.49999999999997 -120.60000000000001
-45.099999999999994 184.49999999999997 -100.5
-45.099999999999994 184.49999999999997 -80.4
-45.099999999999994 184.49999999999997 -60.300000000000004
-45.099999999999994 184.49999999999997 -40.2
-45.099999999999994 184.49999999999997 -20.1
-45.099999999999994 184.49999999999997 0.0
-45.099999999999994 184.49999999999997 20.1
-45.099999999999994 184.49999999999997 40.2
-45.099999999999994 184.49999999999997 60.300000000000004
-45.099999999999994 184.49999999999997 80.4
-45.099999999999994 184.49999999999997 100.5
-45.099999999999994 184.49999999999997 120.60000000000001
-45.099999999999994 188.6 -120.60000000000001
-45.099999999999994 188.6 -100.5
-45.099999999999994 188.6 -80.4
-45.099999999999994 188.6 -60.300000000000004
-45.099999999999994 188.6 -40.2
-45.099999999999994 188.6 -20.1
-45.099999999999994 188.6 0.0
-45.099999999999994 188.6 20.1
-45.099999999999994 188.6 40.2
-45.099999999999994 188.6 60.300000000000004
-45.099999999999994 188.6 80.4
-45.099999999999994 188.6 100.5
-45.099999999999994 188.6 120.60000000000001
-45.099999999999994 192.7 -120.60000000000001
-45.099999999999994 192.7 -100.5
-45.099999999999994 192.7 -80.4
-45.099999999999994 192.7 -60.300000000000004
-45.099999999999994 192.7 -40.2
-45.099999999999994 192.7 -20.1
-45.099999999999994 192.7 0.0
-45.099999999999994 192.7 20.1
-45.099999999999994 192.7 40.2
-45.099999999999994 192.7 60.300000000000004
-45.099999999999994 192.7 80.4
-45.099999999999994 192.7 100.5
-45.099999999999994 192.7 120.60000000000001
-45.099999999999994 196.79999999999998 -120.60000000000001
-45.099999999999994 196.79999999999998 -100.5
-45.099999999999994 196.79999999999998 -80.4
-45.099999999999994 196.79999999999998 -60.300000000000004
-45.099999999999994 196.79999999999998 -40.2
-45.099999999999994 196.79999999999998 -20.1
-45.099999999999994 196.79999999999998 0.0
-45.099999999999994 196.79999999999998 20.1
-45.099999999999994 196.79999999999998 40.2
-45.099999999999994 196.79999999999998 60.300000000000004
-45.099999999999994 196.79999999999998 80.4
-45.099999999999994 196.79999999999998 100.5
-45.099999999999994 196.79999999999998 120.60000000000001
-45.099999999999994 200.89999999999998 -120.60000000000001
-45.099999999999994 200.89999999999998 -100.5
-45.099999999999994 200.89999999999998 -80.4
-45.099999999999994 200.89999999999998 -60.300000000000004
-45.099999999999994 200.89999999999998 -40.2
-45.099999999999994 200.89999999999998 -20.1
-45.099999999999994 200.89999999999998 0.0
-45.099999999999994 200.89999999999998 20.1
-45.099999999999994 200.89999999999998 40.2
-45.099999999999994 200.89999999999998 60.300000000000004
-45.099999999999994 200.89999999999998 80.4
-45.099999999999994 200.89999999999998 100.5
-45.099999999999994 200.89999999999998 120.60000000000001
-45.099999999999994 204.99999999999997 -120.60000000000001
-45.099999999999994 204.99999999999997 -100.5
-45.099999999999994 204.99999999999997 -80.4
-45.099999999999994 204.99999999999997 -60.300000000000004
-45.099999999999994 204.99999999999997 -40.2
-45.099999999999994 204.99999999999997 -20.1
-45.099999999999994 204.99999999999997 0.0
-45.099999999999994 204.99999999999997 20.1
-45.099999999999994 204.99999999999997 40.2
-45.099999999999994 204.99999999999997 60.300000000000004
-45.099999999999994 204.99999999999997 80.4
-45.099999999999994 204.99999999999997 100.5
-45.099999999999994 204.99999999999997 120.60000000000001
-45.099999999999994 209.1 -120.60000000000001
-45.099999999999994 209.1 -100.5
-45.099999999999994 209.1 -80.4
-45.099999999999994 209.1 -60.300000000000004
-45.099999999999994 209.1 -40.2
-45.099999999999994 209.1 -20.1
-45.099999999999994 209.1 0.0
-45.099999999999994 209.1 20.1
-45.099999999999994 209.1 40.2
-45.099999999999994 209.1 60.300000000000004
-45.099999999999994 209.1 80.4
-45.099999999999994 209.1 100.5
-45.099999999999994 209.1 120.60000000000001
-41.0 -213.2 -120.60000000000001
-41.0 -213.2 -100.5
-41.0 -213.2 -80.4
-41.0 -213.2 -60.300000000000004
-41.0 -213.2 -40.2
-41.0 -213.2 -20.1
-41.0 -213.2 0.0
-41.0 -213.2 20.1
-41.0 -213.2 40.2
-41.0 -213.2 60.300000000000004
-41.0 -213.2 80.4
-41.0 -213.2 100.5
-41.0 -213.2 120.60000000000001
-41.0 -209.1 -120.60000000000001
-41.0 -209.1 -100.5
-41.0 -209.1 -80.4
-41.0 -209.1 -60.300000000000004
-41.0 -209.1 -40.2
-41.0 -209.1 -20.1
-41.0 -209.1 0.0
-41.0 -209.1 20.1
-41.0 -209.1 40.2
-41.0 -209.1 60.300000000000004
-41.0 -209.1 80.4
-41.0 -209.1 100.5
-41.0 -209.1 120.60000000000001
-41.0 -204.99999999999997 -120.60000000000001
-41.0 -204.99999999999997 -100.5
-41.0 -204.99999999999997 -80.4
-41.0 -204.99999999999997 -60.300000000000004
-41.0 -204.99999999999997 -40.2
-41.0 -204.99999999999997 -20.1
-41.0 -204.99999999999997 0.0
-41.0 -204.99999999999997 20.1
-41.0 -204.99999999999997 40.2
-41.0 -204.99999999999997 60.300000000000004
-41.0 -204.99999999999997 80.4
-41.0 -204.99999999999997 100.5
-41.0 -204.99999999999997 120.60000000000001
-41.0 -200.89999999999998 -120.60000000000001
-41.0 -200.89999999999998 -100.5
-41.0 -200.89999999999998 -80.4
-41.0 -200.89999999999998 -60.300000000000004
-41.0 -200.89999999999998 -40.2
-41.0 -200.89999999999998 -20.1
-41.0 -200.89999999999998 0.0
-41.0 -200.89999999999998 20.1
-41.0 -200.89999999999998 40.2
-41.0 -200.89999999999998 60.300000000000004
-41.0 -200.89999999999998 80.4
-41.0 -200.89999999999998 100.5
-41.0 -200.89999999999998 120.60000000000001
-41.0 -196.79999999999998 -120.60000000000001
-41.0 -196.79999999999998 -100.5
-41.0 -196.79999999999998 -80.4
-41.0 -196.79999999999998 -60.300000000000004
-41.0 -196.79999999999998 -40.2
-41.0 -196.79999999999998 -20.1
-41.0 -196.79999999999998 0.0
-41.0 -196.79999999999998 20.1
-41.0 -196.79999999999998 40.2
-41.0 -196.79999999999998 60.300000000000004
-41.0 -196.79999999999998 80.4
-41.0 -196.79999999999998 100.5
-41.0 -196.79999999999998 120.60000000000001
-41.0 -192.7 -120.60000000000001
-41.0 -192.7 -100.5
-41.0 -192.7 -80.4
-41.0 -192.7 -60.300000000000004
-41.0 -192.7 -40.2
-41.0 -192.7 -20.1
-41.0 -192.7 0.0
-41.0 -192.7 20.1
-41.0 -192.7 40.2
-41.0 -192.7 60.300000000000004
-41.0 -192.7 80.4
-41.0 -192.7 100.5
-41.0 -192.7 120.60000000000001
-41.0 -188.6 -120.60000000000001
-41.0 -188.6 -100.5
-41.0 -188.6 -80.4
-41.0 -188.6 -60.300000000000004
-41.0 -188.6 -40.2
-41.0 -188.6 -20.1
-41.0 -188.6 0.0
-41.0 -188.6 20.1
-41.0 -188.6 40.2
-41.0 -188.6 60.300000000000004
-41.0 -188.6 80.4
-41.0 -188.6 100.5
-41.0 -188.6 120.60000000000001
-41.0 -184.49999999999997 -120.60000000000001
-41.0 -184.49999999999997 -100.5
-41.0 -184.49999999999997 -80.4
-41.0 -184.49999999999997 -60.300000000000004
-41.0 -184.49999999999997 -40.2
-41.0 -184.49999999999997 -20.1
-41.0 -184.49999999999997 0.0
-41.0 -184.49999999999997 20.1
-41.0 -184.49999999999997 40.2
-41.0 -184.49999999999997 60.300000000000004
-41.0 -184.49999999999997 80.4
-41.0 -184.49999999999997 100.5
-41.0 -184.49999999999997 120.60000000000001
-41.0 184.49999999999997 -120.60000000000001
-41.0 184.49999999999997 -100.5
-41.0 184.49999999999997 -80.4
-41.0 184.49999999999997 -60.300000000000004
-41.0 184.49999999999997 -40.2
-41.0 184.49999999999997 -20.1
-41.0 184.49999999999997 0.0
-41.0 184.49999999999997 20.1
-41.0 184.49999999999997 40.2
-41.0 184.49999999999997 60.300000000000004
-41.0 184.49999999999997 80.4
-41.0 184.49999999999997 100.5
-41.0 184.49999999999997 120.60000000000001
-41.0 188.6 -120.60000000000001
-41.0 188.6 -100.5
-41.0 188.6 -80.4
-41.0 188.6 -60.300000000000004
-41.0 188.6 -40.2
-41.0 188.6 -20.1
-41.0 188.6 0.0
-41.0 188.6 20.1
-41.0 188.6 40.2
-41.0 188.6 60.300000000000004
-41.0 188.6 80.4
-41.0 188.6 100.5
-41.0 188.6 120.60000000000001
-41.0 192.7 -120.60000000000001
-41.0 192.7 -100.5
-41.0 192.7 -80.4
-41.0 192.7 -60.300000000000004
-41.0 192.7 -40.2
-41.0 192.7 -20.1
-41.0 192.7 0.0
-41.0 192.7 20.1
-41.0 192.7 40.2
-41.0 192.7 60.300000000000004
-41.0 192.7 80.4
-41.0 192.7 100.5
-41.0 192.7 120.60000000000001
-41.0 196.79999999999998 -120.60000000000001
-41.0 196.79999999999998 -100.5
-41.0 196.79999999999998 -80.4
-41.0 196.79999999999998 -60.300000000000004
-41.0 196.79999999999998 -40.2
-41.0 196.79999999999998 -20.1
-41.0 196.79999999999998 0.0
-41.0 196.79999999999998 20.1
-41.0 196.79999999999998 40.2
-41.0 196.79999999999998 60.300000000000004
-41.0 196.79999999999998 80.4
-41.0 196.79999999999998 100.5
-41.0 196.79999999999998 120.60000000000001
-41.0 200.89999999999998 -120.60000000000001
-41.0 200.89999999999998 -100.5
-41.0 200.89999999999998 -80.4
-41.0 200.89999999999998 -60.300000000000004
-41.0 200.89999999999998 -40.2
-41.0 200.89999999999998 -20.1
-41.0 200.89999999999998 0.0
-41.0 200.89999999999998 20.1
-41.0 200.89999999999998 40.2
-41.0 200.89999999999998 60.300000000000004
-41.0 200.89999999999998 80.4
-41.0 200.89999999999998 100.5
-41.0 200.89999999999998 120.60000000000001
-41.0 204.99999999999997 -120.60000000000001
-41.0 204.99999999999997 -100.5
-41.0 204.99999999999997 -80.4
-41.0 204.99999999999997 -60.300000000000004
-41.0 204.99999999999997 -40.2
-41.0 204.99999999999997 -20.1
-41.0 204.99999999999997 0.0
-41.0 204.99999999999997 20.1
-41.0 204.99999999999997 40.2
-41.0 204.99999999999997 60.300000000000004
-41.0 204.99999999999997 80.4
-41.0 204.99999999999997 100.5
-41.0 204.99999999999997 120.60000000000001
-41.0 209.1 -120.60000000000001
-41.0 209.1 -100.5
-41.0 209.1 -80.4
-41.0 209.1 -60.300000000000004
-41.0 209.1 -40.2
-41.0 209.1 -20.1
-41.0 209.1 0.0
-41.0 209.1 20.1
-41.0 209.1 40.2
-41.0 209.1 60.300000000000004
-41.0 209.1 80.4
-41.0 209.1 100.5
-41.0 209.1 120.60000000000001
-41.0 213.2 -120.60000000000001
-41.0 213.2 -100.5
-41.0 213.2 -80.4
-41.0 213.2 -60.300000000000004
-41.0 213.2 -40.2
-41.0 213.2 -20.1
-41.0 213.2 0.0
-41.0 213.2 20.1
-41.0 213.2 40.2
-41.0 213.2 60.300000000000004
-41.0 213.2 80.4
-41.0 213.2 100.5
-41.0 213.2 120.60000000000001
-36.9 -213.2 -120.60000000000001
-36.9 -213.2 -100.5
-36.9 -213.2 -80.4
-36.9 -213.2 -60.300000000000004
-36.9 -213.2 -40.2
-36.9 -213.2 -20.1
-36.9 -213.2 0.0
-36.9 -213.2 20.1
-36.9 -213.2 40.2
-36.9 -213.2 60.300000000000004
-36.9 -213.2 80.4
-36.9 -213.2 100.5
-36.9 -213.2 120.60000000000001
-36.9 -209.1 -120.60000000000001
-36.9 -209.1 -100.5
-36.9 -209.1 -80.4
-36.9 -209.1 -60.300000000000004
-36.9 -209.1 -40.2
-36.9 -209.1 -20.1
-36.9 -209.1 0.0
-36.9 -209.1 20.1
-36.9 -209.1 40.2
-36.9 -209.1 60.300000000000004
-36.9 -209.1 80.4
-36.9 -209.1 100.5
-36.9 -209.1 120.60000000000001
-36.9 -204.99999999999997 -120.60000000000001
-36.9 -204.99999999999997 -100.5
-36.9 -204.99999999999997 -80.4
-36.9 -204.99999999999997 -60.300000000000004
-36.9 -204.99999999999997 -40.2
-36.9 -204.99999999999997 -20.1
-36.9 -204.99999999999997 0.0
-36.9 -204.99999999999997 20.1
-36.9 -204.99999999999997 40.2
-36.9 -204.99999999999997 60.300000000000004
-36.9 -204.99999999999997 80.4
-36.9 -204.99999999999997 100.5
-36.9 -204.99999999999997 120.60000000000001
-36.9 -200.89999999999998 -120.60000000000001
-36.9 -200.89999999999998 -100.5
-36.9 -200.89999999999998 -80.4
-36.9 -200.89999999999998 -60.300000000000004
-36.9 -200.89999999999998 -40.2
-36.9 -200.89999999999998 -20.1
-36.9 -200.89999999999998 0.0
-36.9 -200.89999999999998 20.1
-36.9 -200.89999999999998 40.2
-36.9 -200.89999999999998 60.300000000000004
-36.9 -200.89999999999998 80.4
-36.9 -200.89999999999998 100.5
-36.9 -200.89999999999998 120.60000000000001
-36.9 -196.79999999999998 -120.60000000000001
-36.9 -196.79999999999998 -100.5
-36.9 -196.79999999999998 -80.4
-36.9 -196.79999999999998 -60.300000000000004
-36.9 -196.79999999999998 -40.2
-36.9 -196.79999999999998 -20.1
-36.9 -196.79999999999998 0.0
-36.9 -196.79999999999998 20.1
-36.9 -196.79999999999998 40.2
-36.9 -196.79999999999998 60.300000000000004
-36.9 -196.79999999999998 80.4
-36.9 -196.79999999999998 100.5
-36.9 -196.79999999999998 120.60000000000001
-36.9 -192.7 -120.60000000000001
-36.9 -192.7 -100.5
-36.9 -192.7 -80.4
-36.9 -192.7 -60.300000000000004
-36.9 -192.7 -40.2
-36.9 -192.7 -20.1
-36.9 -192.7 0.0
-36.9 -192.7 20.1
-36.9 -192.7 40.2
-36.9 -192.7 60.300000000000004
-36.9 -192.7 80.4
-36.9 -192.7 100.5
-36.9 -192.7 120.60000000000001
-36.9 -188.6 -120.60000000000001
-36.9 -188.6 -100.5
-36.9 -188.6 -80.4
-36.9 -188.6 -60.300000000000004
-36.9 -188.6 -40.2
-36.9 -188.6 -20.1
-36.9 -188.6 0.0
-36.9 -188.6 20.1
-36.9 -188.6 40.2
-36.9 -188.6 60.300000000000004
-36.9 -188.6 80.4
-36.9 -188.6 100.5
-36.9 -188.6 120.60000000000001
-36.9 188.6 -120.60000000000001
-36.9 188.6 -100.5
-36.9 188.6 -80.4
-36.9 188.6 -60.300000000000004
-36.9 188.6 -40.2
-36.9 188.6 -20.1
-36.9 188.6 0.0
-36.9 188.6 20.1
-36.9 188.6 40.2
-36.9 188.6 60.300000000000004
-36.9 188.6 80.4
-36.9 188.6 100.5
-36.9 188.6 120.60000000000001
-36.9 192.7 -120.60000000000001
-36.9 192.7 -100.5
-36.9 192.7 -80.4
-36.9 192.7 -60.300000000000004
-36.9 192.7 -40.2
-36.9 192.7 -20.1
-36.9 192.7 0.0
-36.9 192.7 20.1
-36.9 192.7 40.2
-36.9 192.7 60.300000000000004
-36.9 192.7 80.4
-36.9 192.7 100.5
-36.9 192.7 120.60000000000001
-36.9 196.79999999999998 -120.60000000000001
-36.9 196.79999999999998 -100.5
-36.9 196.79999999999998 -80.4
-36.9 196.79999999999998 -60.300000000000004
-36.9 196.79999999999998 -40.2
-36.9 196.79999999999998 -20.1
-36.9 196.79999999999998 0.0
-36.9 196.79999999999998 20.1
-36.9 196.79999999999998 40.2
-36.9 196.79999999999998 60.300000000000004
-36.9 196.79999999999998 80.4
-36.9 196.79999999999998 100.5
-36.9 196.79999999999998 120.60000000000001
-36.9 200.89999999999998 -120.60000000000001
-36.9 200.89999999999998 -100.5
-36.9 200.89999999999998 -80.4
-36.9 200.89999999999998 -60.300000000000004
-36.9 200.89999999999998 -40.2
-36.9 200.89999999999998 -20.1
-36.9 200.89999999999998 0.0
-36.9 200.89999999999998 20.1
-36.9 200.89999999999998 40.2
-36.9 200.89999999999998 60.300000000000004
-36.9 200.89999999999998 80.4
-36.9 200.89999999999998 100.5
-36.9 200.89999999999998 120.60000000000001
-36.9 204.99999999999997 -120.60000000000001
-36.9 204.99999999999997 -100.5
-36.9 204.99999999999997 -80.4
-36.9 204.99999999999997 -60.300000000000004
-36.9 204.99999999999997 -40.2
-36.9 204.99999999999997 -20.1
-36.9 204.99999999999997 0.0
-36.9 204.99999999999997 20.1
-36.9 204.99999999999997 40.2
-36.9 204.99999999999997 60.300000000000004
-36.9 204.99999999999997 80.4
-36.9 204.99999999999997 100.5
-36.9 204.99999999999997 120.60000000000001
-36.9 209.1 -120.60000000000001
-36.9 209.1 -100.5
-36.9 209.1 -80.4
-36.9 209.1 -60.300000000000004
-36.9 209.1 -40.2
-36.9 209.1 -20.1
-36.9 209.1 0.0
-36.9 209.1 20.1
-36.9 209.1 40.2
-36.9 209.1 60.300000000000004
-36.9 209.1 80.4
-36.9 209.1 100.5
-36.9 209.1 120.60000000000001
-36.9 213.2 -120.60000000000001
-36.9 213.2 -100.5
-36.9 213.2 -80.4
-36.9 213.2 -60.300000000000004
-36.9 213.2 -40.2
-36.9 213.2 -20.1
-36.9 213.2 0.0
-36.9 213.2 20.1
-36.9 213.2 40.2
-36.9 213.2 60.300000000000004
-36.9 213.2 80.4
-36.9 213.2 100.5
-36.9 213.2 120.60000000000001
-32.8 -213.2 -120.60000000000001
-32.8 -213.2 -100.5
-32.8 -213.2 -80.4
-32.8 -213.2 -60.300000000000004
-32.8 -213.2 -40.2
-32.8 -213.2 -20.1
-32.8 -213.2 0.0
-32.8 -213.2 20.1
-32.8 -213.2 40.2
-32.8 -213.2 60.300000000000004
-32.8 -213.2 80.4
-32.8 -213.2 100.5
-32.8 -213.2 120.60000000000001
-32.8 -209.1 -120.60000000000001
-32.8 -209.1 -100.5
-32.8 -209.1 -80.4
-32.8 -209.1 -60.300000000000004
-32.8 -209.1 -40.2
-32.8 -209.1 -20.1
-32.8 -209.1 0.0
-32.8 -209.1 20.1
-32.8 -209.1 40.2
-32.8 -209.1 60.300000000000004
-32.8 -209.1 80.4
-32.8 -209.1 100.5
-32.8 -209.1 120.60000000000001
-32.8 -204.99999999999997 -120.60000000000001
-32.8 -204.99999999999997 -100.5
-32.8 -204.99999999999997 -80.4
-32.8 -204.99999999999997 -60.300000000000004
-32.8 -204.99999999999997 -40.2
-32.8 -204.99999999999997 -20.1
-32.8 -204.99999999999997 0.0
-32.8 -204.99999999999997 20.1
-32.8 -204.99999999999997 40.2
-32.8 -204.99999999999997 60.300000000000004
-32.8 -204.99999999999997 80.4
-32.8 -204.99999999999997 100.5
-32.8 -204.99999999999997 120.60000000000001
-32.8 -200.89999999999998 -120.60000000000001
-32.8 -200.89999999999998 -100.5
-32.8 -200.89999999999998 -80.4
-32.8 -200.89999999999998 -60.300000000000004
-32.8 -200.89999999999998 -40.2
-32.8 -200.89999999999998 -20.1
-32.8 -200.89999999999998 0.0
-32.8 -200.89999999999998 20.1
-32.8 -200.89999999999998 40.2
-32.8 -200.89999999999998 60.300000000000004
-32.8 -200.89999999999998 80.4
-32.8 -200.89999999999998 100.5
-32.8 -200.89999999999998 120.60000000000001
-32.8 -196.79999999999998 -120.60000000000001
-32.8 -196.79999999999998 -100.5
-32.8 -196.79999999999998 -80.4
-32.8 -196.79999999999998 -60.300000000000004
-32.8 -196.79999999999998 -40.2
-32.8 -196.79999999999998 -20.1
-32.8 -196.79999999999998 0.0
-32.8 -196.79999999999998 20.1
-32.8 -196.79999999999998 40.2
-32.8 -196.79999999999998 60.300000000000004
-32.8 -196.79999999999998 80.4
-32.8 -196.79999999999998 100.5
-32.8 -196.79999999999998 120.60000000000001
-32.8 -192.7 -120.60000000000001
-32.8 -192.7 -100.5
-32.8 -192.7 -80.4
-32.8 -192.7 -60.300000000000004
-32.8 -192.7 -40.2
-32.8 -192.7 -20.1
-32.8 -192.7 0.0
-32.8 -192.7 20.1
-32.8 -192.7 40.2
-32.8 -192.7 60.300000000000004
-32.8 -192.7 80.4
-32.8 -192.7 100.5
-32.8 -192.7 120.60000000000001
-32.8 -188.6 -120.60000000000001
-32.8 -188.6 -100.5
-32.8 -188.6 -80.4
-32.8 -188.6 -60.300000000000004
-32.8 -188.6 -40.2
-32.8 -188.6 -20.1
-32.8 -188.6 0.0
-32.8 -188.6 20.1
-32.8 -188.6 40.2
-32.8 -188.6 60.300000000000004
-32.8 -188.6 80.4
-32.8 -188.6 100.5
-32.8 -188.6 120.60000000000001
-32.8 188.6 -120.60000000000001
-32.8 188.6 -100.5
-32.8 188.6 -80.4
-32.8 188.6 -60.300000000000004
-32.8 188.6 -40.2
-32.8 188.6 -20.1
-32.8 188.6 0.0
-32.8 188.6 20.1
-32.8 188.6 40.2
-32.8 188.6 60.300000000000004
-32.8 188.6 80.4
-32.8 188.6 100.5
-32.8 188.6 120.60000000000001
-32.8 192.7 -120.60000000000001
-32.8 192.7 -100.5
-32.8 192.7 -80.4
-32.8 192.7 -60.300000000000004
-32.8 192.7 -40.2
-32.8 192.7 -20.1
-32.8 192.7 0.0
-32.8 192.7 20.1
-32.8 192.7 40.2
-32.8 192.7 60.300000000000004
-32.8 192.7 80.4
-32.8 192.7 100.5
-32.8 192.7 120.60000000000001
-32.8 196.79999999999998 -120.60000000000001
-32.8 196.79999999999998 -100.5
-32.8 196.79999999999998 -80.4
-32.8 196.79999999999998 -60.300000000000004
-32.8 196.79999999999998 -40.2
-32.8 196.79999999999998 -20.1
-32.8 196.79999999999998 0.0
-32.8 196.79999999999998 20.1
-32.8 196.79999999999998 40.2
-32.8 196.79999999999998 60.300000000000004
-32.8 196.79999999999998 80.4
-32.8 196.79999999999998 100.5
-32.8 196.79999999999998 120.60000000000001
-32.8 200.89999999999998 -120.60000000000001
-32.8 200.89999999999998 -100.5
-32.8 200.89999999999998 -80.4
-32.8 200.89999999999998 -60.300000000000004
-32.8 200.89999999999998 -40.2
-32.8 200.89999999999998 -20.1
-32.8 200.89999999999998 0.0
-32.8 200.89999999999998 20.1
-32.8 200.89999999999998 40.2
-32.8 200.89999999999998 60.300000000000004
-32.8 200.89999999999998 80.4
-32.8 200.89999999999998 100.5
-32.8 200.89999999999998 120.60000000000001
-32.8 204.99999999999997 -120.60000000000001
-32.8 204.99999999999997 -100.5
-32.8 204.99999999999997 -80.4
-32.8 204.99999999999997 -60.300000000000004
-32.8 204.99999999999997 -40.2
-32.8 204.99999999999997 -20.1
-32.8 204.99999999999997 0.0
-32.8 204.99999999999997 20.1
-32.8 204.99999999999997 40.2
-32.8 204.99999999999997 60.300000000000004
-32.8 204.99999999999997 80.4
-32.8 204.99999999999997 100.5
-32.8 204.99999999999997 120.60000000000001
-32.8 209.1 -120.60000000000001
-32.8 209.1 -100.5
-32.8 209.1 -80.4
-32.8 209.1 -60.300000000000004
-32.8 209.1 -40.2
-32.8 209.1 -20.1
-32.8 209.1 0.0
-32.8 209.1 20.1
-32.8 209.1 40.2
-32.8 209.1 60.300000000000004
-32.8 209.1 80.4
-32.8 209.1 100.5
-32.8 209.1 120.60000000000001
-32.8 213.2 -120.60000000000001
-32.8 213.2 -100.5
-32.8 213.2 -80.4
-32.8 213.2 -60.300000000000004
-32.8 213.2 -40.2
-32.8 213.2 -20.1
-32.8 213.2 0.0
-32.8 213.2 20.1
-32.8 213.2 40.2
-32.8 213.2 60.300000000000004
-32.8 213.2 80.4
-32.8 213.2 100.5
-32.8 213.2 120.60000000000001
-28.699999999999996 -213.2 -120.60000000000001
-28.699999999999996 -213.2 -100.5
-28.699999999999996 -213.2 -80.4
-28.699999999999996 -213.2 -60.300000000000004
-28.699999999999996 -213.2 -40.2
-28.699999999999996 -213.2 -20.1
-28.699999999999996 -213.2 0.0
-28.699999999999996 -213.2 20.1
-28.699999999999996 -213.2 40.2
-28.699999999999996 -213.2 60.300000000000004
-28.699999999999996 -213.2 80.4
-28.699999999999996 -213.2 100.5
-28.699999999999996 -213.2 120.60000000000001
-28.699999999999996 -209.1 -120.60000000000001
-28.699999999999996 -209.1 -100.5
-28.699999999999996 -209.1 -80.4
-28.699999999999996 -209.1 -60.300000000000004
-28.699999999999996 -209.1 -40.2
-28.699999999999996 -209.1 -20.1
-28.699999999999996 -209.1 0.0
-28.699999999999996 -209.1 20.1
-28.699999999999996 -209.1 40.2
-28.699999999999996 -209.1 60.300000000000004
-28.699999999999996 -209.1 80.4
-28.699999999999996 -209.1 100.5
-28.699999999999996 -209.1 120.60000000000001
-28.699999999999996 -204.99999999999997 -120.60000000000001
-28.699999999999996 -204.99999999999997 -100.5
-28.699999999999996 -204.99999999999997 -80.4
-28.699999999999996 -204.99999999999997 -60.300000000000004
-28.699999999999996 -204.99999999999997 -40.2
-28.699999999999996 -204.99999999999997 -20.1
-28.699999999999996 -204.99999999999997 0.0
-28.699999999999996 -204.99999999999997 20.1
-28.699999999999996 -204.99999999999997 40.2
-28.699999999999996 -204.99999999999997 60.300000000000004
-28.699999999999996 -204.99999999999997 80.4
-28.699999999999996 -204.99999999999997 100.5
-28.699999999999996 -204.99999999999997 120.60000000000001
-28.699999999999996 -200.89999999999998 -120.60000000000001
-28.699999999999996 -200.89999999999998 -100.5
-28.699999999999996 -200.89999999999998 -80.4
-28.699999999999996 -200.89999999999998 -60.300000000000004
-28.699999999999996 -200.89999999999998 -40.2
-28.699999999999996 -200.89999999999998 -20.1
-28.699999999999996 -200.89999999999998 0.0
-28.699999999999996 -200.89999999999998 20.1
-28.699999999999996 -200.89999999999998 40.2
-28.699999999999996 -200.89999999999998 60.300000000000004
-28.699999999999996 -200.89999999999998 80.4
-28.699999999999996 -200.89999999999998 100.5
-28.699999999999996 -200.89999999999998 120.60000000000001
-28.699999999999996 -196.79999999999998 -120.60000000000001
-28.699999999999996 -196.79999999999998 -100.5
-28.699999999999996 -196.79999999999998 -80.4
-28.699999999999996 -196.79999999999998 -60.300000000000004
-28.699999999999996 -196.79999999999998 -40.2
-28.699999999999996 -196.79999999999998 -20.1
-28.699999999999996 -196.79999999999998 0.0
-28.699999999999996 -196.79999999999998 20.1
-28.699999999999996 -196.79999999999998 40.2
-28.699999999999996 -196.79999999999998 60.300000000000004
-28.699999999999996 -196.79999999999998 80.4
-28.699999999999996 -196.79999999999998 100.5
-28.699999999999996 -196.79999999999998 120.60000000000001
-28.699999999999996 -192.7 -120.60000000000001
-28.699999999999996 -192.7 -100.5
-28.699999999999996 -192.7 -80.4
-28.699999999999996 -192.7 -60.300000000000004
-28.699999999999996 -192.7 -40.2
-28.699999999999996 -192.7 -20.1
-28.699999999999996 -192.7 0.0
-28.699999999999996 -192.7 20.1
-28.699999999999996 -192.7 40.2
-28.699999999999996 -192.7 60.300000000000004
-28.699999999999996 -192.7 80.4
-28.699999999999996 -192.7 100.5
-28.699999999999996 -192.7 120.60000000000001
-28.699999999999996 -188.6 -120.60000000000001
-28.699999999999996 -188.6 -100.5
-28.699999999999996 -188.6 -80.4
-28.699999999999996 -188.6 -60.300000000000004
-28.699999999999996 -188.6 -40.2
-28.699999999999996 -188.6 -20.1
-28.699999999999996 -188.6 0.0
-28.699999999999996 -188.6 20.1
-28.699999999999996 -188.6 40.2
-28.699999999999996 -188.6 60.300000000000004
-28.699999999999996 -188.6 80.4
-28.699999999999996 -188.6 100.5
-28.699999999999996 -188.6 120.60000000000001
-28.699999999999996 188.6 -120.60000000000001
-28.699999999999996 188.6 -100.5
-28.699999999999996 188.6 -80.4
-28.699999999999996 188.6 -60.300000000000004
-28.699999999999996 188.6 -40.2
-28.699999999999996 188.6 -20.1
-28.699999999999996 188.6 0.0
-28.699999999999996 188.6 20.1
-28.699999999999996 188.6 40.2
-28.699999999999996 188.6 60.300000000000004
-28.699999999999996 188.6 80.4
-28.699999999999996 188.6 100.5
-28.699999999999996 188.6 120.60000000000001
-28.699999999999996 192.7 -120.60000000000001
-28.699999999999996 192.7 -100.5
-28.699999999999996 192.7 -80.4
-28.699999999999996 192.7 -60.300000000000004
-28.699999999999996 192.7 -40.2
-28.699999999999996 192.7 -20.1
-28.699999999999996 192.7 0.0
-28.699999999999996 192.7 20.1
-28.699999999999996 192.7 40.2
-28.699999999999996 192.7 60.300000000000004
-28.699999999999996 192.7 80.4
-28.699999999999996 192.7 100.5
-28.699999999999996 192.7 120.60000000000001
-28.699999999999996 196.79999999999998 -120.60000000000001
-28.699999999999996 196.79999999999998 -100.5
-28.699999999999996 196.79999999999998 -80.4
-28.699999999999996 196.79999999999998 -60.300000000000004
-28.699999999999996 196.79999999999998 -40.2
-28.699999999999996 196.79999999999998 -20.1
-28.699999999999996 196.79999999999998 0.0
-28.699999999999996 196.79999999999998 20.1
-28.699999999999996 196.79999999999998 40.2
-28.699999999999996 196.79999999999998 60.300000000000004
-28.699999999999996 196.79999999999998 80.4
-28.699999999999996 196.79999999999998 100.5
-28.699999999999996 196.79999999999998 120.60000000000001
-28.699999999999996 200.89999999999998 -120.60000000000001
-28.699999999999996 200.89999999999998 -100.5
-28.699999999999996 200.89999999999998 -80.4
-28.699999999999996 200.89999999999998 -60.300000000000004
-28.699999999999996 200.89999999999998 -40.2
-28.699999999999996 200.89999999999998 -20.1
-28.699999999999996 200.89999999999998 0.0
-28.699999999999996 200.89999999999998 20.1
-28.699999999999996 200.89999999999998 40.2
-28.699999999999996 200.89999999999998 60.300000000000004
-28.699999999999996 200.89999999999998 80.4
-28.699999999999996 200.89999999999998 100.5
-28.699999999999996 200.89999999999998 120.60000000000001
-28.699999999999996 204.99999999999997 -120.60000000000001
-28.699999999999996 204.99999999999997 -100.5
-28.699999999999996 204.99999999999997 -80.4
-28.699999999999996 204.99999999999997 -60.300000000000004
-28.699999999999996 204.99999999999997 -40.2
-28.699999999999996 204.99999999999997 -20.1
-28.699999999999996 204.99999999999997 0.0
-28.699999999999996 204.99999999999997 20.1
-28.699999999999996 204.99999999999997 40.2
-28.699999999999996 204.99999999999997 60.300000000000004
-28.699999999999996 204.99999999999997 80.4
-28.699999999999996 204.99999999999997 100.5
-28.699999999999996 204.99999999999997 120.60000000000001
-28.699999999999996 209.1 -120.60000000000001
-28.699999999999996 209.1 -100.5
-28.699999999999996 209.1 -80.4
-28.699999999999996 209.1 -60.300000000000004
-28.699999999999996 209.1 -40.2
-28.699999999999996 209.1 -20.1
-28.699999999999996 209.1 0.0
-28.699999999999996 209.1 20.1
-28.699999999999996 209.1 40.2
-28.699999999999996 209.1 60.300000000000004
-28.699999999999996 209.1 80.4
-28.699999999999996 209.1 100.5
-28.699999999999996 209.1 120.60000000000001
-28.699999999999996 213.2 -120.60000000000001
-28.699999999999996 213.2 -100.5
-28.699999999999996 213.2 -80.4
-28.699999999999996 213.2 -60.300000000000004
-28.699999999999996 213.2 -40.2
-28.699999999999996 213.2 -20.1
-28.699999999999996 213.2 0.0
-28.699999999999996 213.2 20.1
-28.699999999999996 213.2 40.2
-28.699999999999996 213.2 60.300000000000004
-28.699999999999996 213.2 80.4
-28.699999999999996 213.2 100.5
-28.699999999999996 213.2 120.60000000000001
-24.599999999999998 -213.2 -120.60000000000001
-24.599999999999998 -213.2 -100.5
-24.599999999999998 -213.2 -80.4
-24.599999999999998 -213.2 -60.300000000000004
-24.599999999999998 -213.2 -40.2
-24.599999999999998 -213.2 -20.1
-24.599999999999998 -213.2 0.0
-24.599999999999998 -213.2 20.1
-24.599999999999998 -213.2 40.2
-24.599999999999998 -213.2 60.300000000000004
-24.599999999999998 -213.2 80.4
-24.599999999999998 -213.2 100.5
-24.599999999999998 -213.2 120.60000000000001
-24.599999999999998 -209.1 -120.60000000000001
-24.599999999999998 -209.1 -100.5
-24.599999999999998 -209.1 -80.4
-24.599999999999998 -209.1 -60.300000000000004
-24.599999999999998 -209.1 -40.2
-24.599999999999998 -209.1 -20.1
-24.599999999999998 -209.1 0.0
-24.599999999999998 -209.1 20.1
-24.599999999999998 -209.1 40.2
-24.599999999999998 -209.1 60.300000000000004
-24.599999999999998 -209.1 80.4
-24.599999999999998 -209.1 100.5
-24.599999999999998 -209.1 120.60000000000001
-24.599999999999998 -204.99999999999997 -120.60000000000001
-24.599999999999998 -204.99999999999997 -100.5
-24.599999999999998 -204.99999999999997 -80.4
-24.599999999999998 -204.99999999999997 -60.300000000000004
-24.599999999999998 -204.99999999999997 -40.2
-24.599999999999998 -204.99999999999997 -20.1
-24.599999999999998 -204.99999999999997 0.0
-24.599999999999998 -204.99999999999997 20.1
-24.599999999999998 -204.99999999999997 40.2
-24.599999999999998 -204.99999999999997 60.300000000000004
-24.599999999999998 -204.99999999999997 80.4
-24.599999999999998 -204.99999999999997 100.5
-24.599999999999998 -204.99999999999997 120.60000000000001
-24.599999999999998 -200.89999999999998 -120.60000000000001
-24.599999999999998 -200.89999999999998 -100.5
-24.599999999999998 -200.89999999999998 -80.4
-24.599999999999998 -200.89999999999998 -60.300000000000004
-24.599999999999998 -200.89999999999998 -40.2
-24.599999999999998 -200.89999999999998 -20.1
-24.599999999999998 -200.89999999999998 0.0
-24.599999999999998 -200.89999999999998 20.1
-24.599999999999998 -200.89999999999998 40.2
-24.599999999999998 -200.89999999999998 60.300000000000004
-24.599999999999998 -200.89999999999998 80.4
-24.599999999999998 -200.89999999999998 100.5
-24.599999999999998 -200.89999999999998 120.60000000000001
-24.599999999999998 -196.79999999999998 -120.60000000000001
-24.599999999999998 -196.79999999999998 -100.5
-24.599999999999998 -196.79999999999998 -80.4
-24.599999999999998 -196.79999999999998 -60.300000000000004
-24.599999999999998 -196.79999999999998 -40.2
-24.599999999999998 -196.79999999999998 -20.1
-24.599999999999998 -196.79999999999998 0.0
-24.599999999999998 -196.79999999999998 20.1
-24.599999999999998 -196.79999999999998 40.2
-24.599999999999998 -196.79999999999998 60.300000000000004
-24.599999999999998 -196.79999999999998 80.4
-24.599999999999998 -196.79999999999998 100.5
-24.599999999999998 -196.79999999999998 120.60000000000001
-24.599999999999998 -192.7 -120.60000000000001
-24.599999999999998 -192.7 -100.5
-24.599999999999998 -192.7 -80.4
-24.599999999999998 -192.7 -60.300000000000004
-24.599999999999998 -192.7 -40.2
-24.599999999999998 -192.7 -20.1
-24.599999999999998 -192.7 0.0
-24.599999999999998 -192.7 20.1
-24.599999999999998 -192.7 40.2
-24.599999999999998 -192.7 60.300000000000004
-24.599999999999998 -192.7 80.4
-24.599999999999998 -192.7 100.5
-24.599999999999998 -192.7 120.60000000000001
-24.599999999999998 -188.6 -120.60000000000001
-24.599999999999998 -188.6 -100.5
-24.599999999999998 -188.6 -80.4
-24.599999999999998 -188.6 -60.300000000000004
-24.599999999999998 -188.6 -40.2
-24.599999999999998 -188.6 -20.1
-24.599999999999998 -188.6 0.0
-24.599999999999998 -188.6 20.1
-24.599999999999998 -188.6 40.2
-24.599999999999998 -188.6 60.300000000000004
-24.599999999999998 -188.6 80.4
-24.599999999999998 -188.6 100.5
-24.599999999999998 -188.6 120.60000000000001
-24.599999999999998 188.6 -120.60000000000001
-24.599999999999998 188.6 -100.5
-24.599999999999998 188.6 -80.4
-24.599999999999998 188.6 -60.300000000000004
-24.599999999999998 188.6 -40.2
-24.599999999999998 188.6 -20.1
-24.599999999999998 188.6 0.0
-24.599999999999998 188.6 20.1
-24.599999999999998 188.6 40.2
-24.599999999999998 188.6 60.300000000000004
-24.599999999999998 188.6 80.4
-24.599999999999998 188.6 100.5
-24.599999999999998 188.6 120.60000000000001
-24.599999999999998 192.7 -120.60000000000001
-24.599999999999998 192.7 -100.5
-24.599999999999998 192.7 -80.4
-24.599999999999998 192.7 -60.300000000000004
-24.599999999999998 192.7 -40.2
-24.599999999999998 192.7 -20.1
-24.599999999999998 192.7 0.0
-24.599999999999998 192.7 20.1
-24.599999999999998 192.7 40.2
-24.599999999999998 192.7 60.300000000000004
-24.599999999999998 192.7 80.4
-24.599999999999998 192.7 100.5
-24.599999999999998 192.7 120.60000000000001
-24.599999999999998 196.79999999999998 -120.60000000000001
-24.599999999999998 196.79999999999998 -100.5
-24.599999999999998 196.79999999999998 -80.4
-24.599999999999998 196.79999999999998 -60.300000000000004
-24.599999999999998 196.79999999999998 -40.2
-24.599999999999998 196.79999999999998 -20.1
-24.599999999999998 196.79999999999998 0.0
-24.599999999999998 196.79999999999998 20.1
-24.599999999999998 196.79999999999998 40.2
-24.599999999999998 196.79999999999998 60.300000000000004
-24.599999999999998 196.79999999999998 80.4
-24.599999999999998 196.79999999999998 100.5
-24.599999999999998 196.79999999999998 120.60000000000001
-24.599999999999998 200.89999999999998 -120.60000000000001
-24.599999999999998 200.89999999999998 -100.5
-24.599999999999998 200.89999999999998 -80.4
-24.599999999999998 200.89999999999998 -60.300000000000004
-24.599999999999998 200.89999999999998 -40.2
-24.599999999999998 200.89999999999998 -20.1
-24.599999999999998 200.89999999999998 0.0
-24.599999999999998 200.89999999999998 20.1
-24.599999999999998 200.89999999999998 40.2
-24.599999999999998 200.89999999999998 60.300000000000004
-24.599999999999998 200.89999999999998 80.4
-24.599999999999998 200.89999999999998 100.5
-24.599999999999998 200.89999999999998 120.60000000000001
-24.599999999999998 204.99999999999997 -120.60000000000001
-24.599999999999998 204.99999999999997 -100.5
-24.599999999999998 204.99999999999997 -80.4
-24.599999999999998 204.99999999999997 -60.300000000000004
-24.599999999999998 204.99999999999997 -40.2
-24.599999999999998 204.99999999999997 -20.1
-24.599999999999998 204.99999999999997 0.0
-24.599999999999998 204.99999999999997 20.1
-24.599999999999998 204.99999999999997 40.2
-24.599999999999998 204.99999999999997 60.300000000000004
-24.599999999999998 204.99999999999997 80.4
-24.599999999999998 204.99999999999997 100.5
-24.599999999999998 204.99999999999997 120.60000000000001
-24.599999999999998 209.1 -120.60000000000001
-24.599999999999998 209.1 -100.5
-24.599999999999998 209.1 -80.4
-24.599999999999998 209.1 -60.300000000000004
-24.599999999999998 209.1 -40.2
-24.599999999999998 209.1 -20.1
-24.599999999999998 209.1 0.0
-24.599999999999998 209.1 20.1
-24.599999999999998 209.1 40.2
-24.599999999999998 209.1 60.300000000000004
-24.599999999999998 209.1 80.4
-24.599999999999998 209.1 100.5
-24.599999999999998 209.1 120.60000000000001
-24.599999999999998 213.2 -120.60000000000001
-24.599999999999998 213.2 -100.5
-24.599999999999998 213.2 -80.4
-24.599999999999998 213.2 -60.300000000000004
-24.599999999999998 213.2 -40.2
-24.599999999999998 213.2 -20.1
-24.599999999999998 213.2 0.0
-24.599999999999998 213.2 20.1
-24.599999999999998 213.2 40.2
-24.599999999999998 213.2 60.300000000000004
-24.599999999999998 213.2 80.4
-24.599999999999998 213.2 100.5
-24.599999999999998 213.2 120.60000000000001
-20.5 -213.2 -120.60000000000001
-20.5 -213.2 -100.5
-20.5 -213.2 -80.4
-20.5 -213.2 -60.300000000000004
-20.5 -213.2 -40.2
-20.5 -213.2 -20.1
-20.5 -213.2 0.0
-20.5 -213.2 20.1
-20.5 -213.2 40.2
-20.5 -213.2 60.300000000000004
-20.5 -213.2 80.4
-20.5 -213.2 100.5
-20.5 -213.2 120.60000000000001
-20.5 -209.1 -120.60000000000001
-20.5 -209.1 -100.5
-20.5 -209.1 -80.4
-20.5 -209.1 -60.300000000000004
-20.5 -209.1 -40.2
-20.5 -209.1 -20.1
-20.5 -209.1 0.0
-20.5 -209.1 20.1
-20.5 -209.1 40.2
-20.5 -209.1 60.300000000000004
-20.5 -209.1 80.4
-20.5 -209.1 100.5
-20.5 -209.1 120.60000000000001
-20.5 -204.99999999999997 -120.60000000000001
-20.5 -204.99999999999997 -100.5
-20.5 -204.99999999999997 -80.4
-20.5 -204.99999999999997 -60.300000000000004
-20.5 -204.99999999999997 -40.2
-20.5 -204.99999999999997 -20.1
-20.5 -204.99999999999997 0.0
-20.5 -204.99999999999997 20.1
-20.5 -204.99999999999997 40.2
-20.5 -204.99999999999997 60.300000000000004
-20.5 -204.99999999999997 80.4
-20.5 -204.99999999999997 100.5
-20.5 -204.99999999999997 120.60000000000001
-20.5 -200.89999999999998 -120.60000000000001
-20.5 -200.89999999999998 -100.5
-20.5 -200.89999999999998 -80.4
-20.5 -200.89999999999998 -60.300000000000004
-20.5 -200.89999999999998 -40.2
-20.5 -200.89999999999998 -20.1
-20.5 -200.89999999999998 0.0
-20.5 -200.89999999999998 20.1
-20.5 -200.89999999999998 40.2
-20.5 -200.89999999999998 60.300000000000004
-20.5 -200.89999999999998 80.4
-20.5 -200.89999999999998 100.5
-20.5 -200.89999999999998 120.60000000000001
-20.5 -196.79999999999998 -120.60000000000001
-20.5 -196.79999999999998 -100.5
-20.5 -196.79999999999998 -80.4
-20.5 -196.79999999999998 -60.300000000000004
-20.5 -196.79999999999998 -40.2
-20.5 -196.79999999999998 -20.1
-20.5 -196.79999999999998 0.0
-20.5 -196.79999999999998 20.1
-20.5 -196.79999999999998 40.2
-20.5 -196.79999999999998 60.300000000000004
-20.5 -196.79999999999998 80.4
-20.5 -196.79999999999998 100.5
-20.5 -196.79999999999998 120.60000000000001
-20.5 -192.7 -120.60000000000001
-20.5 -192.7 -100.5
-20.5 -192.7 -80.4
-20.5 -192.7 -60.300000000000004
-20.5 -192.7 -40.2
-20.5 -192.7 -20.1
-20.5 -192.7 0.0
-20.5 -192.7 20.1
-20.5 -192.7 40.2
-20.5 -192.7 60.300000000000004
-20.5 -192.7 80.4
-20.5 -192.7 100.5
-20.5 -192.7 120.60000000000001
-20.5 -188.6 -120.60000000000001
-20.5 -188.6 -100.5
-20.5 -188.6 -80.4
-20.5 -188.6 -60.300000000000004
-20.5 -188.6 -40.2
-20.5 -188.6 -20.1
-20.5 -188.6 0.0
-20.5 -188.6 20.1
-20.5 -188.6 40.2
-20.5 -188.6 60.300000000000004
-20.5 -188.6 80.4
-20.5 -188.6 100.5
-20.5 -188.6 120.60000000000001
-20.5 188.6 -120.60000000000001
-20.5 188.6 -100.5
-20.5 188.6 -80.4
-20.5 188.6 -60.300000000000004
-20.5 188.6 -40.2
-20.5 188.6 -20.1
-20.5 188.6 0.0
-20.5 188.6 20.1
-20.5 188.6 40.2
-20.5 188.6 60.300000000000004
-20.5 188.6 80.4
-20.5 188.6 100.5
-20.5 188.6 120.60000000000001
-20.5 192.7 -120.60000000000001
-20.5 192.7 -100.5
-20.5 192.7 -80.4
-20.5 192.7 -60.300000000000004
-20.5 192.7 -40.2
-20.5 192.7 -20.1
-20.5 192.7 0.0
-20.5 192.7 20.1
-20.5 192.7 40.2
-20.5 192.7 60.300000000000004
-20.5 192.7 80.4
-20.5 192.7 100.5
-20.5 192.7 120.60000000000001
-20.5 196.79999999999998 -120.60000000000001
-20.5 196.79999999999998 -100.5
-20.5 196.79999999999998 -80.4
-20.5 196.79999999999998 -60.300000000000004
-20.5 196.79999999999998 -40.2
-20.5 196.79999999999998 -20.1
-20.5 196.79999999999998 0.0
-20.5 196.79999999999998 20.1
-20.5 196.79999999999998 40.2
-20.5 196.79999999999998 60.300000000000004
-20.5 196.79999999999998 80.4
-20.5 196.79999999999998 100.5
-20.5 196.79999999999998 120.60000000000001
-20.5 200.89999999999998 -120.60000000000001
-20.5 200.89999999999998 -100.5
-20.5 200.89999999999998 -80.4
-20.5 200.89999999999998 -60.300000000000004
-20.5 200.89999999999998 -40.2
-20.5 200.89999999999998 -20.1
-20.5 200.89999999999998 0.0
-20.5 200.89999999999998 20.1
-20.5 200.89999999999998 40.2
-20.5 200.89999999999998 60.300000000000004
-20.5 200.89999999999998 80.4
-20.5 200.89999999999998 100.5
-20.5 200.89999999999998 120.60000000000001
-20.5 204.99999999999997 -120.60000000000001
-20.5 204.99999999999997 -100.5
-20.5 204.99999999999997 -80.4
-20.5 204.99999999999997 -60.300000000000004
-20.5 204.99999999999997 -40.2
-20.5 204.99999999999997 -20.1
-20.5 204.99999999999997 0.0
-20.5 204.99999999999997 20.1
-20.5 204.99999999999997 40.2
-20.5 204.99999999999997 60.300000000000004
-20.5 204.99999999999997 80.4
-20.5 204.99999999999997 100.5
-20.5 204.99999999999997 120.60000000000001
-20.5 209.1 -120.60000000000001
-20.5 209.1 -100.5
-20.5 209.1 -80.4
-20.5 209.1 -60.300000000000004
-20.5 209.1 -40.2
-20.5 209.1 -20.1
-20.5 209.1 0.0
-20.5 209.1 20.1
-20.5 209.1 40.2
-20.5 209.1 60.300000000000004
-20.5 209.1 80.4
-20.5 209.1 100.5
-20.5 209.1 120.60000000000001
-20.5 213.2 -120.60000000000001
-20.5 213.2 -100.5
-20.5 213.2 -80.4
-20.5 213.2 -60.300000000000004
-20.5 213.2 -40.2
-20.5 213.2 -20.1
-20.5 213.2 0.0
-20.5 213.2 20.1
-20.5 213.2 40.2
-20.5 213.2 60.300000000000004
-20.5 213.2 80.4
-20.5 213.2 100.5
-20.5 213.2 120.60000000000001
-16.4 -213.2 -120.60000000000001
-16.4 -213.2 -100.5
-16.4 -213.2 -80.4
-16.4 -213.2 -60.300000000000004
-16.4 -213.2 -40.2
-16.4 -213.2 -20.1
-16.4 -213.2 0.0
-16.4 -213.2 20.1
-16.4 -213.2 40.2
-16.4 -213.2 60.300000000000004
-16.4 -213.2 80.4
-16.4 -213.2 100.5
-16.4 -213.2 120.60000000000001
-16.4 -209.1 -120.60000000000001
-16.4 -209.1 -100.5
-16.4 -209.1 -80.4
-16.4 -209.1 -60.300000000000004
-16.4 -209.1 -40.2
-16.4 -209.1 -20.1
-16.4 -209.1 0.0
-16.4 -209.1 20.1
-16.4 -209.1 40.2
-16.4 -209.1 60.300000000000004
-16.4 -209.1 80.4
-16.4 -209.1 100.5
-16.4 -209.1 120.60000000000001
-16.4 -204.99999999999997 -120.60000000000001
-16.4 -204.99999999999997 -100.5
-16.4 -204.99999999999997 -80.4
-16.4 -204.99999999999997 -60.300000000000004
-16.4 -204.99999999999997 -40.2
-16.4 -204.99999999999997 -20.1
-16.4 -204.99999999999997 0.0
-16.4 -204.99999999999997 20.1
-16.4 -204.99999999999997 40.2
-16.4 -204.99999999999997 60.300000000000004
-16.4 -204.99999999999997 80.4
-16.4 -204.99999999999997 100.5
-16.4 -204.99999999999997 120.60000000000001
-16.4 -200.89999999999998 -120.60000000000001
-16.4 -200.89999999999998 -100.5
-16.4 -200.89999999999998 -80.4
-16.4 -200.89999999999998 -60.300000000000004
-16.4 -200.89999999999998 -40.2
-16.4 -200.89999999999998 -20.1
-16.4 -200.89999999999998 0.0
-16.4 -200.89999999999998 20.1
-16.4 -200.89999999999998 40.2
-16.4 -200.89999999999998 60.300000000000004
-16.4 -200.89999999999998 80.4
-16.4 -200.89999999999998 100.5
-16.4 -200.89999999999998 120.60000000000001
-16.4 -196.79999999999998 -120.60000000000001
-16.4 -196.79999999999998 -100.5
-16.4 -196.79999999999998 -80.4
-16.4 -196.79999999999998 -60.300000000000004
-16.4 -196.79999999999998 -40.2
-16.4 -196.79999999999998 -20.1
-16.4 -196.79999999999998 0.0
-16.4 -196.79999999999998 20.1
-16.4 -196.79999999999998 40.2
-16.4 -196.79999999999998 60.300000000000004
-16.4 -196.79999999999998 80.4
-16.4 -196.79999999999998 100.5
-16.4 -196.79999999999998 120.60000000000001
-16.4 -192.7 -120.60000000000001
-16.4 -192.7 -100.5
-16.4 -192.7 -80.4
-16.4 -192.7 -60.300000000000004
-16.4 -192.7 -40.2
-16.4 -192.7 -20.1
-16.4 -192.7 0.0
-16.4 -192.7 20.1
-16.4 -192.7 40.2
-16.4 -192.7 60.300000000000004
-16.4 -192.7 80.4
-16.4 -192.7 100.5
-16.4 -192.7 120.60000000000001
-16.4 -188.6 -120.60000000000001
-16.4 -188.6 -100.5
-16.4 -188.6 -80.4
-16.4 -188.6 -60.300000000000004
-16.4 -188.6 -40.2
-16.4 -188.6 -20.1
-16.4 -188.6 0.0
-16.4 -188.6 20.1
-16.4 -188.6 40.2
-16.4 -188.6 60.300000000000004
-16.4 -188.6 80.4
-16.4 -188.6 100.5
-16.4 -188.6 120.60000000000001
-16.4 188.6 -120.60000000000001
-16.4 188.6 -100.5
-16.4 188.6 -80.4
-16.4 188.6 -60.300000000000004
-16.4 188.6 -40.2
-16.4 188.6 -20.1
-16.4 188.6 0.0
-16.4 188.6 20.1
-16.4 188.6 40.2
-16.4 188.6 60.300000000000004
-16.4 188.6 80.4
-16.4 188.6 100.5
-16.4 188.6 120.60000000000001
-16.4 192.7 -120.60000000000001
-16.4 192.7 -100.5
-16.4 192.7 -80.4
-16.4 192.7 -60.300000000000004
-16.4 192.7 -40.2
-16.4 192.7 -20.1
-16.4 192.7 0.0
-16.4 192.7 20.1
-16.4 192.7 40.2
-16.4 192.7 60.300000000000004
-16.4 192.7 80.4
-16.4 192.7 100.5
-16.4 192.7 120.60000000000001
-16.4 196.79999999999998 -120.60000000000001
-16.4 196.79999999999998 -100.5
-16.4 196.79999999999998 -80.4
-16.4 196.79999999999998 -60.300000000000004
-16.4 196.79999999999998 -40.2
-16.4 196.79999999999998 -20.1
-16.4 196.79999999999998 0.0
-16.4 196.79999999999998 20.1
-16.4 196.79999999999998 40.2
-16.4 196.79999999999998 60.300000000000004
-16.4 196.79999999999998 80.4
-16.4 196.79999999999998 100.5
-16.4 196.79999999999998 120.60000000000001
-16.4 200.89999999999998 -120.60000000000001
-16.4 200.89999999999998 -100.5
-16.4 200.89999999999998 -80.4
-16.4 200.89999999999998 -60.300000000000004
-16.4 200.89999999999998 -40.2
-16.4 200.89999999999998 -20.1
-16.4 200.89999999999998 0.0
-16.4 200.89999999999998 20.1
-16.4 200.89999999999998 40.2
-16.4 200.89999999999998 60.300000000000004
-16.4 200.89999999999998 80.4
-16.4 200.89999999999998 100.5
-16.4 200.89999999999998 120.60000000000001
-16.4 204.99999999999997 -120.60000000000001
-16.4 204.99999999999997 -100.5
-16.4 204.99999999999997 -80.4
-16.4 204.99999999999997 -60.300000000000004
-16.4 204.99999999999997 -40.2
-16.4 204.99999999999997 -20.1
-16.4 204.99999999999997 0.0
-16.4 204.99999999999997 20.1
-16.4 204.99999999999997 40.2
-16.4 204.99999999999997 60.300000000000004
-16.4 204.99999999999997 80.4
-16.4 204.99999999999997 100.5
-16.4 204.99999999999997 120.60000000000001
-16.4 209.1 -120.60000000000001
-16.4 209.1 -100.5
-16.4 209.1 -80.4
-16.4 209.1 -60.300000000000004
-16.4 209.1 -40.2
-16.4 209.1 -20.1
-16.4 209.1 0.0
-16.4 209.1 20.1
-16.4 209.1 40.2
-16.4 209.1 60.300000000000004
-16.4 209.1 80.4
-16.4 209.1 100.5
-16.4 209.1 120.60000000000001
-16.4 213.2 -120.60000000000001
-16.4 213.2 -100.5
-16.4 213.2 -80.4
-16.4 213.2 -60.300000000000004
-16.4 213.2 -40.2
-16.4 213.2 -20.1
-16.4 213.2 0.0
-16.4 213.2 20.1
-16.4 213.2 40.2
-16.4 213.2 60.300000000000004
-16.4 213.2 80.4
-16.4 213.2 100.5
-16.4 213.2 120.60000000000001
-12.299999999999999 -213.2 -120.60000000000001
-12.299999999999999 -213.2 -100.5
-12.299999999999999 -213.2 -80.4
-12.299999999999999 -213.2 -60.300000000000004
-12.299999999999999 -213.2 -40.2
-12.299999999999999 -213.2 -20.1
-12.299999999999999 -213.2 0.0
-12.299999999999999 -213.2 20.1
-12.299999999999999 -213.2 40.2
-12.299999999999999 -213.2 60.300000000000004
-12.299999999999999 -213.2 80.4
-12.299999999999999 -213.2 100.5
-12.299999999999999 -213.2 120.60000000000001
-12.299999999999999 -209.1 -120.60000000000001
-12.299999999999999 -209.1 -100.5
-12.299999999999999 -209.1 -80.4
-12.299999999999999 -209.1 -60.300000000000004
-12.299999999999999 -209.1 -40.2
-12.299999999999999 -209.1 -20.1
-12.299999999999999 -209.1 0.0
-12.299999999999999 -209.1 20.1
-12.299999999999999 -209.1 40.2
-12.299999999999999 -209.1 60.300000000000004
-12.299999999999999 -209.1 80.4
-12.299999999999999 -209.1 100.5
-12.299999999999999 -209.1 120.60000000000001
-12.299999999999999 -204.99999999999997 -120.60000000000001
-12.299999999999999 -204.99999999999997 -100.5
-12.299999999999999 -204.99999999999997 -80.4
-12.299999999999999 -204.99999999999997 -60.300000000000004
-12.299999999999999 -204.99999999999997 -40.2
-12.299999999999999 -204.99999999999997 -20.1
-12.299999999999999 -204.99999999999997 0.0
-12.299999999999999 -204.99999999999997 20.1
-12.299999999999999 -204.99999999999997 40.2
-12.299999999999999 -204.99999999999997 60.300000000000004
-12.299999999999999 -204.99999999999997 80.4
-12.299999999999999 -204.99999999999997 100.5
-12.299999999999999 -204.99999999999997 120.60000000000001
-12.299999999999999 -200.89999999999998 -120.60000000000001
-12.299999999999999 -200.89999999999998 -100.5
-12.299999999999999 -200.89999999999998 -80.4
-12.299999999999999 -200.89999999999998 -60.300000000000004
-12.299999999999999 -200.89999999999998 -40.2
-12.299999999999999 -200.89999999999998 -20.1
-12.299999999999999 -200.89999999999998 0.0
-12.299999999999999 -200.89999999999998 20.1
-12.299999999999999 -200.89999999999998 40.2
-12.299999999999999 -200.89999999999998 60.300000000000004
-12.299999999999999 -200.89999999999998 80.4
-12.299999999999999 -200.89999999999998 100.5
-12.299999999999999 -200.89999999999998 120.60000000000001
-12.299999999999999 -196.79999999999998 -120.60000000000001
-12.299999999999999 -196.79999999999998 -100.5
-12.299999999999999 -196.79999999999998 -80.4
-12.299999999999999 -196.79999999999998 -60.300000000000004
-12.299999999999999 -196.79999999999998 -40.2
-12.299999999999999 -196.79999999999998 -20.1
-12.299999999999999 -196.79999999999998 0.0
-12.299999999999999 -196.79999999999998 20.1
-12.299999999999999 -196.79999999999998 40.2
-12.299999999999999 -196.79999999999998 60.300000000000004
-12.299999999999999 -196.79999999999998 80.4
-12.299999999999999 -196.79999999999998 100.5
-12.299999999999999 -196.79999999999998 120.60000000000001
-12.299999999999999 -192.7 -120.60000000000001
-12.299999999999999 -192.7 -100.5
-12.299999999999999 -192.7 -80.4
-12.299999999999999 -192.7 -60.300000000000004
-12.299999999999999 -192.7 -40.2
-12.299999999999999 -192.7 -20.1
-12.299999999999999 -192.7 0.0
-12.299999999999999 -192.7 20.1
-12.299999999999999 -192.7 40.2
-12.299999999999999 -192.7 60.300000000000004
-12.299999999999999 -192.7 80.4
-12.299999999999999 -192.7 100.5
-12.299999999999999 -192.7 120.60000000000001
-12.299999999999999 -188.6 -120.60000000000001
-12.299999999999999 -188.6 -100.5
-12.299999999999999 -188.6 -80.4
-12.299999999999999 -188.6 -60.300000000000004
-12.299999999999999 -188.6 -40.2
-12.299999999999999 -188.6 -20.1
-12.299999999999999 -188.6 0.0
-12.299999999999999 -188.6 20.1
-12.299999999999999 -188.6 40.2
-12.299999999999999 -188.6 60.300000000000004
-12.299999999999999 -188.6 80.4
-12.299999999999999 -188.6 100.5
-12.299999999999999 -188.6 120.60000000000001
-12.299999999999999 188.6 -120.60000000000001
-12.299999999999999 188.6 -100.5
-12.299999999999999 188.6 -80.4
-12.299999999999999 188.6 -60.300000000000004
-12.299999999999999 188.6 -40.2
-12.299999999999999 188.6 -20.1
-12.299999999999999 188.6 0.0
-12.299999999999999 188.6 20.1
-12.299999999999999 188.6 40.2
-12.299999999999999 188.6 60.300000000000004
-12.299999999999999 188.6 80.4
-12.299999999999999 188.6 100.5
-12.299999999999999 188.6 120.60000000000001
-12.299999999999999 192.7 -120.60000000000001
-12.299999999999999 192.7 -100.5
-12.299999999999999 192.7 -80.4
-12.299999999999999 192.7 -60.300000000000004
-12.299999999999999 192.7 -40.2
-12.299999999999999 192.7 -20.1
-12.299999999999999 192.7 0.0
-12.299999999999999 192.7 20.1
-12.299999999999999 192.7 40.2
-12.299999999999999 192.7 60.300000000000004
-12.299999999999999 192.7 80.4
-12.299999999999999 192.7 100.5
-12.299999999999999 192.7 120.60000000000001
-12.299999999999999 196.79999999999998 -120.60000000000001
-12.299999999999999 196.79999999999998 -100.5
-12.299999999999999 196.79999999999998 -80.4
-12.299999999999999 196.79999999999998 -60.300000000000004
-12.299999999999999 196.79999999999998 -40.2
-12.299999999999999 196.79999999999998 -20.1
-12.299999999999999 196.79999999999998 0.0
-12.299999999999999 196.79999999999998 20.1
-12.299999999999999 196.79999999999998 40.2
-12.299999999999999 196.79999999999998 60.300000000000004
-12.299999999999999 196.79999999999998 80.4
-12.299999999999999 196.79999999999998 100.5
-12.299999999999999 196.79999999999998 120.60000000000001
-12.299999999999999 200.89999999999998 -120.60000000000001
-12.299999999999999 200.89999999999998 -100.5
-12.299999999999999 200.89999999999998 -80.4
-12.299999999999999 200.89999999999998 -60.300000000000004
-12.299999999999999 200.89999999999998 -40.2
-12.299999999999999 200.89999999999998 -20.1
-12.299999999999999 200.89999999999998 0.0
-12.299999999999999 200.89999999999998 20.1
-12.299999999999999 200.89999999999998 40.2
-12.299999999999999 200.89999999999998 60.300000000000004
-12.299999999999999 200.89999999999998 80.4
-12.299999999999999 200.89999999999998 100.5
-12.299999999999999 200.89999999999998 120.60000000000001
-12.299999999999999 204.99999999999997 -120.60000000000001
-12.299999999999999 204.99999999999997 -100.5
-12.299999999999999 204.99999999999997 -80.4
-12.299999999999999 204.99999999999997 -60.300000000000004
-12.299999999999999 204.99999999999997 -40.2
-12.299999999999999 204.99999999999997 -20.1
-12.299999999999999 204.99999999999997 0.0
-12.299999999999999 204.99999999999997 20.1
-12.299999999999999 204.99999999999997 40.2
-12.299999999999999 204.99999999999997 60.300000000000004
-12.299999999999999 204.99999999999997 80.4
-12.299999999999999 204.99999999999997 100.5
-12.299999999999999 204.99999999999997 120.60000000000001
-12.299999999999999 209.1 -120.60000000000001
-12.299999999999999 209.1 -100.5
-12.299999999999999 209.1 -80.4
-12.299999999999999 209.1 -60.300000000000004
-12.299999999999999 209.1 -40.2
-12.299999999999999 209.1 -20.1
-12.299999999999999 209.1 0.0
-12.299999999999999 209.1 20.1
-12.299999999999999 209.1 40.2
-12.299999999999999 209.1 60.300000000000004
-12.299999999999999 209.1 80.4
-12.299999999999999 209.1 100.5
-12.299999999999999 209.1 120.60000000000001
-12.299999999999999 213.2 -120.60000000000001
-12.299999999999999 213.2 -100.5
-12.299999999999999 213.2 -80.4
-12.299999999999999 213.2 -60.300000000000004
-12.299999999999999 213.2 -40.2
-12.299999999999999 213.2 -20.1
-12.299999999999999 213.2 0.0
-12.299999999999999 213.2 20.1
-12.299999999999999 213.2 40.2
-12.299999999999999 213.2 60.300000000000004
-12.299999999999999 213.2 80.4
-12.299999999999999 213.2 100.5
-12.299999999999999 213.2 120.60000000000001
-8.2 -213.2 -120.60000000000001
-8.2 -213.2 -100.5
-8.2 -213.2 -80.4
-8.2 -213.2 -60.300000000000004
-8.2 -213.2 -40.2
-8.2 -213.2 -20.1
-8.2 -213.2 0.0
-8.2 -213.2 20.1
-8.2 -213.2 40.2
-8.2 -213.2 60.300000000000004
-8.2 -213.2 80.4
-8.2 -213.2 100.5
-8.2 -213.2 120.60000000000001
-8.2 -209.1 -120.60000000000001
-8.2 -209.1 -100.5
-8.2 -209.1 -80.4
-8.2 -209.1 -60.300000000000004
-8.2 -209.1 -40.2
-8.2 -209.1 -20.1
-8.2 -209.1 0.0
-8.2 -209.1 20.1
-8.2 -209.1 40.2
-8.2 -209.1 60.300000000000004
-8.2 -209.1 80.4
-8.2 -209.1 100.5
-8.2 -209.1 120.60000000000001
-8.2 -204.99999999999997 -120.60000000000001
-8.2 -204.99999999999997 -100.5
-8.2 -204.99999999999997 -80.4
-8.2 -204.99999999999997 -60.300000000000004
-8.2 -204.99999999999997 -40.2
-8.2 -204.99999999999997 -20.1
-8.2 -204.99999999999997 0.0
-8.2 -204.99999999999997 20.1
-8.2 -204.99999999999997 40.2
-8.2 -204.99999999999997 60.300000000000004
-8.2 -204.99999999999997 80.4
-8.2 -204.99999999999997 100.5
-8.2 -204.99999999999997 120.60000000000001
-8.2 -200.89999999999998 -120.60000000000001
-8.2 -200.89999999999998 -100.5
-8.2 -200.89999999999998 -80.4
-8.2 -200.89999999999998 -60.300000000000004
-8.2 -200.89999999999998 -40.2
-8.2 -200.89999999999998 -20.1
-8.2 -200.89999999999998 0.0
-8.2 -200.89999999999998 20.1
-8.2 -200.89999999999998 40.2
-8.2 -200.89999999999998 60.300000000000004
-8.2 -200.89999999999998 80.4
-8.2 -200.89999999999998 100.5
-8.2 -200.89999999999998 120.60000000000001
-8.2 -196.79999999999998 -120.60000000000001
-8.2 -196.79999999999998 -100.5
-8.2 -196.79999999999998 -80.4
-8.2 -196.79999999999998 -60.300000000000004
-8.2 -196.79999999999998 -40.2
-8.2 -196.79999999999998 -20.1
-8.2 -196.79999999999998 0.0
-8.2 -196.79999999999998 20.1
-8.2 -196.79999999999998 40.2
-8.2 -196.79999999999998 60.300000000000004
-8.2 -196.79999999999998 80.4
-8.2 -196.79999999999998 100.5
-8.2 -196.79999999999998 120.60000000000001
-8.2 -192.7 -120.60000000000001
-8.2 -192.7 -100.5
-8.2 -192.7 -80.4
-8.2 -192.7 -60.300000000000004
-8.2 -192.7 -40.2
-8.2 -192.7 -20.1
-8.2 -192.7 0.0
-8.2 -192.7 20.1
-8.2 -192.7 40.2
-8.2 -192.7 60.300000000000004
-8.2 -192.7 80.4
-8.2 -192.7 100.5
-8.2 -192.7 120.60000000000001
-8.2 -188.6 -120.60000000000001
-8.2 -188.6 -100.5
-8.2 -188.6 -80.4
-8.2 -188.6 -60.300000000000004
-8.2 -188.6 -40.2
-8.2 -188.6 -20.1
-8.2 -188.6 0.0
-8.2 -188.6 20.1
-8.2 -188.6 40.2
-8.2 -188.6 60.300000000000004
-8.2 -188.6 80.4
-8.2 -188.6 100.5
-8.2 -188.6 120.60000000000001
-8.2 188.6 -120.60000000000001
-8.2 188.6 -100.5
-8.2 188.6 -80.4
-8.2 188.6 -60.300000000000004
-8.2 188.6 -40.2
-8.2 188.6 -20.1
-8.2 188.6 0.0
-8.2 188.6 20.1
-8.2 188.6 40.2
-8.2 188.6 60.300000000000004
-8.2 188.6 80.4
-8.2 188.6 100.5
-8.2 188.6 120.60000000000001
-8.2 192.7 -120.60000000000001
-8.2 192.7 -100.5
-8.2 192.7 -80.4
-8.2 192.7 -60.300000000000004
-8.2 192.7 -40.2
-8.2 192.7 -20.1
-8.2 192.7 0.0
-8.2 192.7 20.1
-8.2 192.7 40.2
-8.2 192.7 60.300000000000004
-8.2 192.7 80.4
-8.2 192.7 100.5
-8.2 192.7 120.60000000000001
-8.2 196.79999999999998 -120.60000000000001
-8.2 196.79999999999998 -100.5
-8.2 196.79999999999998 -80.4
-8.2 196.79999999999998 -60.300000000000004
-8.2 196.79999999999998 -40.2
-8.2 196.79999999999998 -20.1
-8.2 196.79999999999998 0.0
-8.2 196.79999999999998 20.1
-8.2 196.79999999999998 40.2
-8.2 196.79999999999998 60.300000000000004
-8.2 196.79999999999998 80.4
-8.2 196.79999999999998 100.5
-8.2 196.79999999999998 120.60000000000001
-8.2 200.89999999999998 -120.60000000000001
-8.2 200.89999999999998 -100.5
-8.2 200.89999999999998 -80.4
-8.2 200.89999999999998 -60.300000000000004
-8.2 200.89999999999998 -40.2
-8.2 200.89999999999998 -20.1
-8.2 200.89999999999998 0.0
-8.2 200.89999999999998 20.1
-8.2 200.89999999999998 40.2
-8.2 200.89999999999998 60.300000000000004
-8.2 200.89999999999998 80.4
-8.2 200.89999999999998 100.5
-8.2 200.89999999999998 120.60000000000001
-8.2 204.99999999999997 -120.60000000000001
-8.2 204.99999999999997 -100.5
-8.2 204.99999999999997 -80.4
-8.2 204.99999999999997 -60.300000000000004
-8.2 204.99999999999997 -40.2
-8.2 204.99999999999997 -20.1
-8.2 204.99999999999997 0.0
-8.2 204.99999999999997 20.1
-8.2 204.99999999999997 40.2
-8.2 204.99999999999997 60.300000000000004
-8.2 204.99999999999997 80.4
-8.2 204.99999999999997 100.5
-8.2 204.99999999999997 120.60000000000001
-8.2 209.1 -120.60000000000001
-8.2 209.1 -100.5
-8.2 209.1 -80.4
-8.2 209.1 -60.300000000000004
-8.2 209.1 -40.2
-8.2 209.1 -20.1
-8.2 209.1 0.0
-8.2 209.1 20.1
-8.2 209.1 40.2
-8.2 209.1 60.300000000000004
-8.2 209.1 80.4
-8.2 209.1 100.5
-8.2 209.1 120.60000000000001
-8.2 213.2 -120.60000000000001
-8.2 213.2 -100.5
-8.2 213.2 -80.4
-8.2 213.2 -60.300000000000004
-8.2 213.2 -40.2
-8.2 213.2 -20.1
-8.2 213.2 0.0
-8.2 213.2 20.1
-8.2 213.2 40.2
-8.2 213.2 60.300000000000004
-8.2 213.2 80.4
-8.2 213.2 100.5
-8.2 213.2 120.60000000000001
-4.1 -213.2 -120.60000000000001
-4.1 -213.2 -100.5
-4.1 -213.2 -80.4
-4.1 -213.2 -60.300000000000004
-4.1 -213.2 -40.2
-4.1 -213.2 -20.1
-4.1 -213.2 0.0
-4.1 -213.2 20.1
-4.1 -213.2 40.2
-4.1 -213.2 60.300000000000004
-4.1 -213.2 80.4
-4.1 -213.2 100.5
-4.1 -213.2 120.60000000000001
-4.1 -209.1 -120.60000000000001
-4.1 -209.1 -100.5
-4.1 -209.1 -80.4
-4.1 -209.1 -60.300000000000004
-4.1 -209.1 -40.2
-4.1 -209.1 -20.1
-4.1 -209.1 0.0
-4.1 -209.1 20.1
-4.1 -209.1 40.2
-4.1 -209.1 60.300000000000004
-4.1 -209.1 80.4
-4.1 -209.1 100.5
-4.1 -209.1 120.60000000000001
-4.1 -204.99999999999997 -120.60000000000001
-4.1 -204.99999999999997 -100.5
-4.1 -204.99999999999997 -80.4
-4.1 -204.99999999999997 -60.300000000000004
-4.1 -204.99999999999997 -40.2
-4.1 -204.99999999999997 -20.1
-4.1 -204.99999999999997 0.0
-4.1 -204.99999999999997 20.1
-4.1 -204.99999999999997 40.2
-4.1 -204.99999999999997 60.300000000000004
-4.1 -204.99999999999997 80.4
-4.1 -204.99999999999997 100.5
-4.1 -204.99999999999997 120.60000000000001
-4.1 -200.89999999999998 -120.60000000000001
-4.1 -200.89999999999998 -100.5
-4.1 -200.89999999999998 -80.4
-4.1 -200.89999999999998 -60.300000000000004
-4.1 -200.89999999999998 -40.2
-4.1 -200.89999999999998 -20.1
-4.1 -200.89999999999998 0.0
-4.1 -200.89999999999998 20.1
-4.1 -200.89999999999998 40.2
-4.1 -200.89999999999998 60.300000000000004
-4.1 -200.89999999999998 80.4
-4.1 -200.89999999999998 100.5
-4.1 -200.89999999999998 120.60000000000001
-4.1 -196.79999999999998 -120.60000000000001
-4.1 -196.79999999999998 -100.5
-4.1 -196.79999999999998 -80.4
-4.1 -196.79999999999998 -60.300000000000004
-4.1 -196.79999999999998 -40.2
-4.1 -196.79999999999998 -20.1
-4.1 -196.79999999999998 0.0
-4.1 -196.79999999999998 20.1
-4.1 -196.79999999999998 40.2
-4.1 -196.79999999999998 60.300000000000004
-4.1 -196.79999999999998 80.4
-4.1 -196.79999999999998 100.5
-4.1 -196.79999999999998 120.60000000000001
-4.1 -192.7 -120.60000000000001
-4.1 -192.7 -100.5
-4.1 -192.7 -80.4
-4.1 -192.7 -60.300000000000004
-4.1 -192.7 -40.2
-4.1 -192.7 -20.1
-4.1 -192.7 0.0
-4.1 -192.7 20.1
-4.1 -192.7 40.2
-4.1 -192.7 60.300000000000004
-4.1 -192.7 80.4
-4.1 -192.7 100.5
-4.1 -192.7 120.60000000000001
-4.1 -188.6 -120.60000000000001
-4.1 -188.6 -100.5
-4.1 -188.6 -80.4
-4.1 -188.6 -60.300000000000004
-4.1 -188.6 -40.2
-4.1 -188.6 -20.1
-4.1 -188.6 0.0
-4.1 -188.6 20.1
-4.1 -188.6 40.2
-4.1 -188.6 60.300000000000004
-4.1 -188.6 80.4
-4.1 -188.6 100.5
-4.1 -188.6 120.60000000000001
-4.1 188.6 -120.60000000000001
-4.1 188.6 -100.5
-4.1 188.6 -80.4
-4.1 188.6 -60.300000000000004
-4.1 188.6 -40.2
-4.1 188.6 -20.1
-4.1 188.6 0.0
-4.1 188.6 20.1
-4.1 188.6 40.2
-4.1 188.6 60.300000000000004
-4.1 188.6 80.4
-4.1 188.6 100.5
-4.1 188.6 120.60000000000001
-4.1 192.7 -120.60000000000001
-4.1 192.7 -100.5
-4.1 192.7 -80.4
-4.1 192.7 -60.300000000000004
-4.1 192.7 -40.2
-4.1 192.7 -20.1
-4.1 192.7 0.0
-4.1 192.7 20.1
-4.1 192.7 40.2
-4.1 192.7 60.300000000000004
-4.1 192.7 80.4
-4.1 192.7 100.5
-4.1 192.7 120.60000000000001
-4.1 196.79999999999998 -120.60000000000001
-4.1 196.79999999999998 -100.5
-4.1 196.79999999999998 -80.4
-4.1 196.79999999999998 -60.300000000000004
-4.1 196.79999999999998 -40.2
-4.1 196.79999999999998 -20.1
-4.1 196.79999999999998 0.0
-4.1 196.79999999999998 20.1
-4.1 196.79999999999998 40.2
-4.1 196.79999999999998 60.300000000000004
-4.1 196.79999999999998 80.4
-4.1 196.79999999999998 100.5
-4.1 196.79999999999998 120.60000000000001
-4.1 200.89999999999998 -120.60000000000001
-4.1 200.89999999999998 -100.5
-4.1 200.89999999999998 -80.4
-4.1 200.89999999999998 -60.300000000000004
-4.1 200.89999999999998 -40.2
-4.1 200.89999999999998 -20.1
-4.1 200.89999999999998 0.0
-4.1 200.89999999999998 20.1
-4.1 200.89999999999998 40.2
-4.1 200.89999999999998 60.300000000000004
-4.1 200.89999999999998 80.4
-4.1 200.89999999999998 100.5
-4.1 200.89999999999998 120.60000000000001
-4.1 204.99999999999997 -120.60000000000001
-4.1 204.99999999999997 -100.5
-4.1 204.99999999999997 -80.4
-4.1 204.99999999999997 -60.300000000000004
-4.1 204.99999999999997 -40.2
-4.1 204.99999999999997 -20.1
-4.1 204.99999999999997 0.0
-4.1 204.99999999999997 20.1
-4.1 204.99999999999997 40.2
-4.1 204.99999999999997 60.300000000000004
-4.1 204.99999999999997 80.4
-4.1 204.99999999999997 100.5
-4.1 204.99999999999997 120.60000000000001
-4.1 209.1 -120.60000000000001
-4.1 209.1 -100.5
-4.1 209.1 -80.4
-4.1 209.1 -60.300000000000004
-4.1 209.1 -40.2
-4.1 209.1 -20.1
-4.1 209.1 0.0
-4.1 209.1 20.1
-4.1 209.1 40.2
-4.1 209.1 60.300000000000004
-4.1 209.1 80.4
-4.1 209.1 100.5
-4.1 209.1 120.60000000000001
-4.1 213.2 -120.60000000000001
-4.1 213.2 -100.5
-4.1 213.2 -80.4
-4.1 213.2 -60.300000000000004
-4.1 213.2 -40.2
-4.1 213.2 -20.1
-4.1 213.2 0.0
-4.1 213.2 20.1
-4.1 213.2 40.2
-4.1 213.2 60.300000000000004
-4.1 213.2 80.4
-4.1 213.2 100.5
-4.1 213.2 120.60000000000001
0.0 -213.2 -120.60000000000001
0.0 -213.2 -100.5
0.0 -213.2 -80.4
0.0 -213.2 -60.300000000000004
0.0 -213.2 -40.2
0.0 -213.2 -20.1
0.0 -213.2 0.0
0.0 -213.2 20.1
0.0 -213.2 40.2
0.0 -213.2 60.300000000000004
0.0 -213.2 80.4
0.0 -213.2 100.5
0.0 -213.2 120.60000000000001
0.0 -209.1 -120.60000000000001
0.0 -209.1 -100.5
0.0 -209.1 -80.4
0.0 -209.1 -60.300000000000004
0.0 -209.1 -40.2
0.0 -209.1 -20.1
0.0 -209.1 0.0
0.0 -209.1 20.1
0.0 -209.1 40.2
0.0 -209.1 60.300000000000004
0.0 -209.1 80.4
0.0 -209.1 100.5
0.0 -209.1 120.60000000000001
0.0 -204.99999999999997 -120.60000000000001
0.0 -204.99999999999997 -100.5
0.0 -204.99999999999997 -80.4
0.0 -204.99999999999997 -60.300000000000004
0.0 -204.99999999999997 -40.2
0.0 -204.99999999999997 -20.1
0.0 -204.99999999999997 0.0
0.0 -204.99999999999997 20.1
0.0 -204.99999999999997 40.2
0.0 -204.99999999999997 60.300000000000004
0.0 -204.99999999999997 80.4
0.0 -204.99999999999997 100.5
0.0 -204.99999999999997 120.60000000000001
0.0 -200.89999999999998 -120.60000000000001
0.0 -200.89999999999998 -100.5
0.0 -200.89999999999998 -80.4
0.0 -200.89999999999998 -60.300000000000004
0.0 -200.89999999999998 -40.2
0.0 -200.89999999999998 -20.1
0.0 -200.89999999999998 0.0
0.0 -200.89999999999998 20.1
0.0 -200.89999999999998 40.2
0.0 -200.89999999999998 60.300000000000004
0.0 -200.89999999999998 80.4
0.0 -200.89999999999998 100.5
0.0 -200.89999999999998 120.60000000000001
0.0 -196.79999999999998 -120.60000000000001
0.0 -196.79999999999998 -100.5
0.0 -196.79999999999998 -80.4
0.0 -196.79999999999998 -60.300000000000004
0.0 -196.79999999999998 -40.2
0.0 -196.79999999999998 -20.1
0.0 -196.79999999999998 0.0
0.0 -196.79999999999998 20.1
0.0 -196.79999999999998 40.2
0.0 -196.79999999999998 60.300000000000004
0.0 -196.79999999999998 80.4
0.0 -196.79999999999998 100.5
0.0 -196.79999999999998 120.60000000000001
0.0 -192.7 -120.60000000000001
0.0 -192.7 -100.5
0.0 -192.7 -80.4
0.0 -192.7 -60.300000000000004
0.0 -192.7 -40.2
0.0 -192.7 -20.1
0.0 -192.7 0.0
0.0 -192.7 20.1
0.0 -192.7 40.2
0.0 -192.7 60.300000000000004
0.0 -192.7 80.4
0.0 -192.7 100.5
0.0 -192.7 120.60000000000001
0.0 -188.6 -120.60000000000001
0.0 -188.6 -100.5
0.0 -188.6 -80.4
0.0 -188.6 -60.300000000000004
0.0 -188.6 -40.2
0.0 -188.6 -20.1
0.0 -188.6 0.0
0.0 -188.6 20.1
0.0 -188.6 40.2
0.0 -188.6 60.300000000000004
0.0 -188.6 80.4
0.0 -188.6 100.5
0.0 -188.6 120.60000000000001
0.0 188.6 -120.60000000000001
0.0 188.6 -100.5
0.0 188.6 -80.4
0.0 188.6 -60.300000000000004
0.0 188.6 -40.2
0.0 188.6 -20.1
0.0 188.6 0.0
0.0 188.6 20.1
0.0 188.6 40.2
0.0 188.6 60.300000000000004
0.0 188.6 80.4
0.0 188.6 100.5
0.0 188.6 120.60000000000001
0.0 192.7 -120.60000000000001
0.0 192.7 -100.5
0.0 192.7 -80.4
0.0 192.7 -60.300000000000004
0.0 192.7 -40.2
0.0 192.7 -20.1
0.0 192.7 0.0
0.0 192.7 20.1
0.0 192.7 40.2
0.0 192.7 60.300000000000004
0.0 192.7 80.4
0.0 192.7 100.5
0.0 192.7 120.60000000000001
0.0 196.79999999999998 -120.60000000000001
0.0 196.79999999999998 -100.5
0.0 196.79999999999998 -80.4
0.0 196.79999999999998 -60.300000000000004
0.0 196.79999999999998 -40.2
0.0 196.79999999999998 -20.1
0.0 196.79999999999998 0.0
0.0 196.79999999999998 20.1
0.0 196.79999999999998 40.2
0.0 196.79999999999998 60.300000000000004
0.0 196.79999999999998 80.4
0.0 196.79999999999998 100.5
0.0 196.79999999999998 120.60000000000001
0.0 200.89999999999998 -120.60000000000001
0.0 200.89999999999998 -100.5
0.0 200.89999999999998 -80.4
0.0 200.89999999999998 -60.300000000000004
0.0 200.89999999999998 -40.2
0.0 200.89999999999998 -20.1
0.0 200.89999999999998 0.0
0.0 200.89999999999998 20.1
0.0 200.89999999999998 40.2
0.0 200.89999999999998 60.300000000000004
0.0 200.89999999999998 80.4
0.0 200.89999999999998 100.5
0.0 200.89999999999998 120.60000000000001
0.0 204.99999999999997 -120.60000000000001
0.0 204.99999999999997 -100.5
0.0 204.99999999999997 -80.4
0.0 204.99999999999997 -60.300000000000004
0.0 204.99999999999997 -40.2
0.0 204.99999999999997 -20.1
0.0 204.99999999999997 0.0
0.0 204.99999999999997 20.1
0.0 204.99999999999997 40.2
0.0 204.99999999999997 60.300000000000004
0.0 204.99999999999997 80.4
0.0 204.99999999999997 100.5
0.0 204.99999999999997 120.60000000000001
0.0 209.1 -120.60000000000001
0.0 209.1 -100.5
0.0 209.1 -80.4
0.0 209.1 -60.300000000000004
0.0 209.1 -40.2
0.0 209.1 -20.1
0.0 209.1 0.0
0.0 209.1 20.1
0.0 209.1 40.2
0.0 209.1 60.300000000000004
0.0 209.1 80.4
0.0 209.1 100.5
0.0 209.1 120.60000000000001
0.0 213.2 -120.60000000000001
0.0 213.2 -100.5
0.0 213.2 -80.4
0.0 213.2 -60.300000000000004
0.0 213.2 -40.2
0.0 213.2 -20.1
0.0 213.2 0.0
0.0 213.2 20.1
0.0 213.2 40.2
0.0 213.2 60.300000000000004
0.0 213.2 80.4
0.0 213.2 100.5
0.0 213.2 120.60000000000001
4.1 -213.2 -120.60000000000001
4.1 -213.2 -100.5
4.1 -213.2 -80.4
4.1 -213.2 -60.300000000000004
4.1 -213.2 -40.2
4.1 -213.2 -20.1
4.1 -213.2 0.0
4.1 -213.2 20.1
4.1 -213.2 40.2
4.1 -213.2 60.300000000000004
4.1 -213.2 80.4
4.1 -213.2 100.5
4.1 -213.2 120.60000000000001
4.1 -209.1 -120.60000000000001
4.1 -209.1 -100.5
4.1 -209.1 -80.4
4.1 -209.1 -60.300000000000004
4.1 -209.1 -40.2
4.1 -209.1 -20.1
4.1 -209.1 0.0
4.1 -209.1 20.1
4.1 -209.1 40.2
4.1 -209.1 60.300000000000004
4.1 -209.1 80.4
4.1 -209.1 100.5
4.1 -209.1 120.60000000000001
4.1 -204.99999999999997 -120.60000000000001
4.1 -204.99999999999997 -100.5
4.1 -204.99999999999997 -80.4
4.1 -204.99999999999997 -60.300000000000004
4.1 -204.99999999999997 -40.2
4.1 -204.99999999999997 -20.1
4.1 -204.99999999999997 0.0
4.1 -204.99999999999997 20.1
4.1 -204.99999999999997 40.2
4.1 -204.99999999999997 60.300000000000004
4.1 -204.99999999999997 80.4
4.1 -204.99999999999997 100.5
4.1 -204.99999999999997 120.60000000000001
4.1 -200.89999999999998 -120.60000000000001
4.1 -200.89999999999998 -100.5
4.1 -200.89999999999998 -80.4
4.1 -200.89999999999998 -60.300000000000004
4.1 -200.89999999999998 -40.2
4.1 -200.89999999999998 -20.1
4.1 -200.89999999999998 0.0
4.1 -200.89999999999998 20.1
4.1 -200.89999999999998 40.2
4.1 -200.89999999999998 60.300000000000004
4.1 -200.89999999999998 80.4
4.1 -200.89999999999998 100.5
4.1 -200.89999999999998 120.60000000000001
4.1 -196.79999999999998 -120.60000000000001
4.1 -196.79999999999998 -100.5
4.1 -196.79999999999998 -80.4
4.1 -196.79999999999998 -60.300000000000004
4.1 -196.79999999999998 -40.2
4.1 -196.79999999999998 -20.1
4.1 -196.79999999999998 0.0
4.1 -196.79999999999998 20.1
4.1 -196.79999999999998 40.2
4.1 -196.79999999999998 60.300000000000004
4.1 -196.79999999999998 80.4
4.1 -196.79999999999998 100.5
4.1 -196.79999999999998 120.60000000000001
4.1 -192.7 -120.60000000000001
4.1 -192.7 -100.5
4.1 -192.7 -80.4
4.1 -192.7 -60.300000000000004
4.1 -192.7 -40.2
4.1 -192.7 -20.1
4.1 -192.7 0.0
4.1 -192.7 20.1
4.1 -192.7 40.2
4.1 -192.7 60.300000000000004
4.1 -192.7 80.4
4.1 -192.7 100.5
4.1 -192.7 120.60000000000001
4.1 -188.6 -120.60000000000001
4.1 -188.6 -100.5
4.1 -188.6 -80.4
4.1 -188.6 -60.300000000000004
4.1 -188.6 -40.2
4.1 -188.6 -20.1
4.1 -188.6 0.0
4.1 -188.6 20.1
4.1 -188.6 40.2
4.1 -188.6 60.300000000000004
4.1 -188.6 80.4
4.1 -188.6 100.5
4.1 -188.6 120.60000000000001
4.1 188.6 -120.60000000000001
4.1 188.6 -100.5
4.1 188.6 -80.4
4.1 188.6 -60.300000000000004
4.1 188.6 -40.2
4.1 188.6 -20.1
4.1 188.6 0.0
4.1 188.6 20.1
4.1 188.6 40.2
4.1 188.6 60.300000000000004
4.1 188.6 80.4
4.1 188.6 100.5
4.1 188.6 120.60000000000001
4.1 192.7 -120.60000000000001
4.1 192.7 -100.5
4.1 192.7 -80.4
4.1 192.7 -60.300000000000004
4.1 192.7 -40.2
4.1 192.7 -20.1
4.1 192.7 0.0
4.1 192.7 20.1
4.1 192.7 40.2
4.1 192.7 60.300000000000004
4.1 192.7 80.4
4.1 192.7 100.5
4.1 192.7 120.60000000000001
4.1 196.79999999999998 -120.60000000000001
4.1 196.79999999999998 -100.5
4.1 196.79999999999998 -80.4
4.1 196.79999999999998 -60.300000000000004
4.1 196.79999999999998 -40.2
4.1 196.79999999999998 -20.1
4.1 196.79999999999998 0.0
4.1 196.79999999999998 20.1
4.1 196.79999999999998 40.2
4.1 196.79999999999998 60.300000000000004
4.1 196.79999999999998 80.4
4.1 196.79999999999998 100.5
4.1 196.79999999999998 120.60000000000001
4.1 200.89999999999998 -120.60000000000001
4.1 200.89999999999998 -100.5
4.1 200.89999999999998 -80.4
4.1 200.89999999999998 -60.300000000000004
4.1 200.89999999999998 -40.2
4.1 200.89999999999998 -20.1
4.1 200.89999999999998 0.0
4.1 200.89999999999998 20.1
4.1 200.89999999999998 40.2
4.1 200.89999999999998 60.300000000000004
4.1 200.89999999999998 80.4
4.1 200.89999999999998 100.5
4.1 200.89999999999998 120.60000000000001
4.1 204.99999999999997 -120.60000000000001
4.1 204.99999999999997 -100.5
4.1 204.99999999999997 -80.4
4.1 204.99999999999997 -60.300000000000004
4.1 204.99999999999997 -40.2
4.1 204.99999999999997 -20.1
4.1 204.99999999999997 0.0
4.1 204.99999999999997 20.1
4.1 204.99999999999997 40.2
4.1 204.99999999999997 60.300000000000004
4.1 204.99999999999997 80.4
4.1 204.99999999999997 100.5
4.1 204.99999999999997 120.60000000000001
4.1 209.1 -120.60000000000001
4.1 209.1 -100.5
4.1 209.1 -80.4
4.1 209.1 -60.300000000000004
4.1 209.1 -40.2
4.1 209.1 -20.1
4.1 209.1 0.0
4.1 209.1 20.1
4.1 209.1 40.2
4.1 209.1 60.300000000000004
4.1 209.1 80.4
4.1 209.1 100.5
4.1 209.1 120.60000000000001
4.1 213.2 -120.60000000000001
4.1 213.2 -100.5
4.1 213.2 -80.4
4.1 213.2 -60.300000000000004
4.1 213.2 -40.2
4.1 213.2 -20.1
4.1 213.2 0.0
4.1 213.2 20.1
4.1 213.2 40.2
4.1 213.2 60.300000000000004
4.1 213.2 80.4
4.1 213.2 100.5
4.1 213.2 120.60000000000001
8.2 -213.2 -120.60000000000001
8.2 -213.2 -100.5
8.2 -213.2 -80.4
8.2 -213.2 -60.300000000000004
8.2 -213.2 -40.2
8.2 -213.2 -20.1
8.2 -213.2 0.0
8.2 -213.2 20.1
8.2 -213.2 40.2
8.2 -213.2 60.300000000000004
8.2 -213.2 80.4
8.2 -213.2 100.5
8.2 -213.2 120.60000000000001
8.2 -209.1 -120.60000000000001
8.2 -209.1 -100.5
8.2 -209.1 -80.4
8.2 -209.1 -60.300000000000004
8.2 -209.1 -40.2
8.2 -209.1 -20.1
8.2 -209.1 0.0
8.2 -209.1 20.1
8.2 -209.1 40.2
8.2 -209.1 60.300000000000004
8.2 -209.1 80.4
8.2 -209.1 100.5
8.2 -209.1 120.60000000000001
8.2 -204.99999999999997 -120.60000000000001
8.2 -204.99999999999997 -100.5
8.2 -204.99999999999997 -80.4
8.2 -204.99999999999997 -60.300000000000004
8.2 -204.99999999999997 -40.2
8.2 -204.99999999999997 -20.1
8.2 -204.99999999999997 0.0
8.2 -204.99999999999997 20.1
8.2 -204.99999999999997 40.2
8.2 -204.99999999999997 60.300000000000004
8.2 -204.99999999999997 80.4
8.2 -204.99999999999997 100.5
8.2 -204.99999999999997 120.60000000000001
8.2 -200.89999999999998 -120.60000000000001
8.2 -200.89999999999998 -100.5
8.2 -200.89999999999998 -80.4
8.2 -200.89999999999998 -60.300000000000004
8.2 -200.89999999999998 -40.2
8.2 -200.89999999999998 -20.1
8.2 -200.89999999999998 0.0
8.2 -200.89999999999998 20.1
8.2 -200.89999999999998 40.2
8.2 -200.89999999999998 60.300000000000004
8.2 -200.89999999999998 80.4
8.2 -200.89999999999998 100.5
8.2 -200.89999999999998 120.60000000000001
8.2 -196.79999999999998 -120.60000000000001
8.2 -196.79999999999998 -100.5
8.2 -196.79999999999998 -80.4
8.2 -196.79999999999998 -60.300000000000004
8.2 -196.79999999999998 -40.2
8.2 -196.79999999999998 -20.1
8.2 -196.79999999999998 0.0
8.2 -196.79999999999998 20.1
8.2 -196.79999999999998 40.2
8.2 -196.79999999999998 60.300000000000004
8.2 -196.79999999999998 80.4
8.2 -196.79999999999998 100.5
8.2 -196.79999999999998 120.60000000000001
8.2 -192.7 -120.60000000000001
8.2 -192.7 -100.5
8.2 -192.7 -80.4
8.2 -192.7 -60.300000000000004
8.2 -192.7 -40.2
8.2 -192.7 -20.1
8.2 -192.7 0.0
8.2 -192.7 20.1
8.2 -192.7 40.2
8.2 -192.7 60.300000000000004
8.2 -192.7 80.4
8.2 -192.7 100.5
8.2 -192.7 120.60000000000001
8.2 -188.6 -120.60000000000001
8.2 -188.6 -100.5
8.2 -188.6 -80.4
8.2 -188.6 -60.300000000000004
8.2 -188.6 -40.2
8.2 -188.6 -20.1
8.2 -188.6 0.0
8.2 -188.6 20.1
8.2 -188.6 40.2
8.2 -188.6 60.300000000000004
8.2 -188.6 80.4
8.2 -188.6 100.5
8.2 -188.6 120.60000000000001
8.2 188.6 -120.60000000000001
8.2 188.6 -100.5
8.2 188.6 -80.4
8.2 188.6 -60.300000000000004
8.2 188.6 -40.2
8.2 188.6 -20.1
8.2 188.6 0.0
8.2 188.6 20.1
8.2 188.6 40.2
8.2 188.6 60.300000000000004
8.2 188.6 80.4
8.2 188.6 100.5
8.2 188.6 120.60000000000001
8.2 192.7 -120.60000000000001
8.2 192.7 -100.5
8.2 192.7 -80.4
8.2 192.7 -60.300000000000004
8.2 192.7 -40.2
8.2 192.7 -20.1
8.2 192.7 0.0
8.2 192.7 20.1
8.2 192.7 40.2
8.2 192.7 60.300000000000004
8.2 192.7 80.4
8.2 192.7 100.5
8.2 192.7 120.60000000000001
8.2 196.79999999999998 -120.60000000000001
8.2 196.79999999999998 -100.5
8.2 196.79999999999998 -80.4
8.2 196.79999999999998 -60.300000000000004
8.2 196.79999999999998 -40.2
8.2 196.79999999999998 -20.1
8.2 196.79999999999998 0.0
8.2 196.79999999999998 20.1
8.2 196.79999999999998 40.2
8.2 196.79999999999998 60.300000000000004
8.2 196.79999999999998 80.4
8.2 196.79999999999998 100.5
8.2 196.79999999999998 120.60000000000001
8.2 200.89999999999998 -120.60000000000001
8.2 200.89999999999998 -100.5
8.2 200.89999999999998 -80.4
8.2 200.89999999999998 -60.300000000000004
8.2 200.89999999999998 -40.2
8.2 200.89999999999998 -20.1
8.2 200.89999999999998 0.0
8.2 200.89999999999998 20.1
8.2 200.89999999999998 40.2
8.2 200.89999999999998 60.300000000000004
8.2 200.89999999999998 80.4
8.2 200.89999999999998 100.5
8.2 200.89999999999998 120.60000000000001
8.2 204.99999999999997 -120.60000000000001
8.2 204.99999999999997 -100.5
8.2 204.99999999999997 -80.4
8.2 204.99999999999997 -60.300000000000004
8.2 204.99999999999997 -40.2
8.2 204.99999999999997 -20.1
8.2 204.99999999999997 0.0
8.2 204.99999999999997 20.1
8.2 204.99999999999997 40.2
8.2 204.99999999999997 60.300000000000004
8.2 204.99999999999997 80.4
8.2 204.99999999999997 100.5
8.2 204.99999999999997 120.60000000000001
8.2 209.1 -120.60000000000001
8.2 209.1 -100.5
8.2 209.1 -80.4
8.2 209.1 -60.300000000000004
8.2 209.1 -40.2
8.2 209.1 -20.1
8.2 209.1 0.0
8.2 209.1 20.1
8.2 209.1 40.2
8.2 209.1 60.300000000000004
8.2 209.1 80.4
8.2 209.1 100.5
8.2 209.1 120.60000000000001
8.2 213.2 -120.60000000000001
8.2 213.2 -100.5
8.2 213.2 -80.4
8.2 213.2 -60.300000000000004
8.2 213.2 -40.2
8.2 213.2 -20.1
8.2 213.2 0.0
8.2 213.2 20.1
8.2 213.2 40.2
8.2 213.2 60.300000000000004
8.2 213.2 80.4
8.2 213.2 100.5
8.2 213.2 120.60000000000001
12.299999999999999 -213.2 -120.60000000000001
12.299999999999999 -213.2 -100.5
12.299999999999999 -213.2 -80.4
12.299999999999999 -213.2 -60.300000000000004
12.299999999999999 -213.2 -40.2
12.299999999999999 -213.2 -20.1
12.299999999999999 -213.2 0.0
12.299999999999999 -213.2 20.1
12.299999999999999 -213.2 40.2
12.299999999999999 -213.2 60.300000000000004
12.299999999999999 -213.2 80.4
12.299999999999999 -213.2 100.5
12.299999999999999 -213.2 120.60000000000001
12.299999999999999 -209.1 -120.60000000000001
12.299999999999999 -209.1 -100.5
12.299999999999999 -209.1 -80.4
12.299999999999999 -209.1 -60.300000000000004
12.299999999999999 -209.1 -40.2
12.299999999999999 -209.1 -20.1
12.299999999999999 -209.1 0.0
12.299999999999999 -209.1 20.1
12.299999999999999 -209.1 40.2
12.299999999999999 -209.1 60.300000000000004
12.299999999999999 -209.1 80.4
12.299999999999999 -209.1 100.5
12.299999999999999 -209.1 120.60000000000001
12.299999999999999 -204.99999999999997 -120.60000000000001
12.299999999999999 -204.99999999999997 -100.5
12.299999999999999 -204.99999999999997 -80.4
12.299999999999999 -204.99999999999997 -60.300000000000004
12.299999999999999 -204.99999999999997 -40.2
12.299999999999999 -204.99999999999997 -20.1
12.299999999999999 -204.99999999999997 0.0
12.299999999999999 -204.99999999999997 20.1
12.299999999999999 -204.99999999999997 40.2
12.299999999999999 -204.99999999999997 60.300000000000004
12.299999999999999 -204.99999999999997 80.4
12.299999999999999 -204.99999999999997 100.5
12.299999999999999 -204.99999999999997 120.60000000000001
12.299999999999999 -200.89999999999998 -120.60000000000001
12.299999999999999 -200.89999999999998 -100.5
12.299999999999999 -200.89999999999998 -80.4
12.299999999999999 -200.89999999999998 -60.300000000000004
12.299999999999999 -200.89999999999998 -40.2
12.299999999999999 -200.89999999999998 -20.1
12.299999999999999 -200.89999999999998 0.0
12.299999999999999 -200.89999999999998 20.1
12.299999999999999 -200.89999999999998 40.2
12.299999999999999 -200.89999999999998 60.300000000000004
12.299999999999999 -200.89999999999998 80.4
12.299999999999999 -200.89999999999998 100.5
12.299999999999999 -200.89999999999998 120.60000000000001
12.299999999999999 -196.79999999999998 -120.60000000000001
12.299999999999999 -196.79999999999998 -100.5
12.299999999999999 -196.79999999999998 -80.4
12.299999999999999 -196.79999999999998 -60.300000000000004
12.299999999999999 -196.79999999999998 -40.2
12.299999999999999 -196.79999999999998 -20.1
12.299999999999999 -196.79999999999998 0.0
12.299999999999999 -196.79999999999998 20.1
12.299999999999999 -196.79999999999998 40.2
12.299999999999999 -196.79999999999998 60.300000000000004
12.299999999999999 -196.79999999999998 80.4
12.299999999999999 -196.79999999999998 100.5
12.299999999999999 -196.79999999999998 120.60000000000001
12.299999999999999 -192.7 -120.60000000000001
12.299999999999999 -192.7 -100.5
12.299999999999999 -192.7 -80.4
12.299999999999999 -192.7 -60.300000000000004
12.299999999999999 -192.7 -40.2
12.299999999999999 -192.7 -20.1
12.299999999999999 -192.7 0.0
12.299999999999999 -192.7 20.1
12.299999999999999 -192.7 40.2
12.299999999999999 -192.7 60.300000000000004
12.299999999999999 -192.7 80.4
12.299999999999999 -192.7 100.5
12.299999999999999 -192.7 120.60000000000001
12.299999999999999 -188.6 -120.60000000000001
12.299999999999999 -188.6 -100.5
12.299999999999999 -188.6 -80.4
12.299999999999999 -188.6 -60.300000000000004
12.299999999999999 -188.6 -40.2
12.299999999999999 -188.6 -20.1
12.299999999999999 -188.6 0.0
12.299999999999999 -188.6 20.1
12.299999999999999 -188.6 40.2
12.299999999999999 -188.6 60.300000000000004
12.299999999999999 -188.6 80.4
12.299999999999999 -188.6 100.5
12.299999999999999 -188.6 120.60000000000001
12.299999999999999 188.6 -120.60000000000001
12.299999999999999 188.6 -100.5
12.299999999999999 188.6 -80.4
12.299999999999999 188.6 -60.300000000000004
12.299999999999999 188.6 -40.2
12.299999999999999 188.6 -20.1
12.299999999999999 188.6 0.0
12.299999999999999 188.6 20.1
12.299999999999999 188.6 40.2
12.299999999999999 188.6 60.300000000000004
12.299999999999999 188.6 80.4
12.299999999999999 188.6 100.5
12.299999999999999 188.6 120.60000000000001
12.299999999999999 192.7 -120.60000000000001
12.299999999999999 192.7 -100.5
12.299999999999999 192.7 -80.4
12.299999999999999 192.7 -60.300000000000004
12.299999999999999 192.7 -40.2
12.299999999999999 192.7 -20.1
12.299999999999999 192.7 0.0
12.299999999999999 192.7 20.1
12.299999999999999 192.7 40.2
12.299999999999999 192.7 60.300000000000004
12.299999999999999 192.7 80.4
12.299999999999999 192.7 100.5
12.299999999999999 192.7 120.60000000000001
12.299999999999999 196.79999999999998 -120.60000000000001
12.299999999999999 196.79999999999998 -100.5
12.299999999999999 196.79999999999998 -80.4
12.299999999999999 196.79999999999998 -60.300000000000004
12.299999999999999 196.79999999999998 -40.2
12.299999999999999 196.79999999999998 -20.1
12.299999999999999 196.79999999999998 0.0
12.299999999999999 196.79999999999998 20.1
12.299999999999999 196.79999999999998 40.2
12.299999999999999 196.79999999999998 60.300000000000004
12.299999999999999 196.79999999999998 80.4
12.299999999999999 196.79999999999998 100.5
12.299999999999999 196.79999999999998 120.60000000000001
12.299999999999999 200.89999999999998 -120.60000000000001
12.299999999999999 200.89999999999998 -100.5
12.299999999999999 200.89999999999998 -80.4
12.299999999999999 200.89999999999998 -60.300000000000004
12.299999999999999 200.89999999999998 -40.2
12.299999999999999 200.89999999999998 -20.1
12.299999999999999 200.89999999999998 0.0
12.299999999999999 200.89999999999998 20.1
12.299999999999999 200.89999999999998 40.2
12.299999999999999 200.89999999999998 60.300000000000004
12.299999999999999 200.89999999999998 80.4
12.299999999999999 200.89999999999998 100.5
12.299999999999999 200.89999999999998 120.60000000000001
12.299999999999999 204.99999999999997 -120.60000000000001
12.299999999999999 204.99999999999997 -100.5
12.299999999999999 204.99999999999997 -80.4
12.299999999999999 204.99999999999997 -60.300000000000004
12.299999999999999 204.99999999999997 -40.2
12.299999999999999 204.99999999999997 -20.1
12.299999999999999 204.99999999999997 0.0
12.299999999999999 204.99999999999997 20.1
12.299999999999999 204.99999999999997 40.2
12.299999999999999 204.99999999999997 60.300000000000004
12.299999999999999 204.99999999999997 80.4
12.299999999999999 204.99999999999997 100.5
12.299999999999999 204.99999999999997 120.60000000000001
12.299999999999999 209.1 -120.60000000000001
12.299999999999999 209.1 -100.5
12.299999999999999 209.1 -80.4
12.299999999999999 209.1 -60.300000000000004
12.299999999999999 209.1 -40.2
12.299999999999999 209.1 -20.1
12.299999999999999 209.1 0.0
12.299999999999999 209.1 20.1
12.299999999999999 209.1 40.2
12.299999999999999 209.1 60.300000000000004
12.299999999999999 209.1 80.4
12.299999999999999 209.1 100.5
12.299999999999999 209.1 120.60000000000001
12.299999999999999 213.2 -120.60000000000001
12.299999999999999 213.2 -100.5
12.299999999999999 213.2 -80.4
12.299999999999999 213.2 -60.300000000000004
12.299999999999999 213.2 -40.2
12.299999999999999 213.2 -20.1
12.299999999999999 213.2 0.0
12.299999999999999 213.2 20.1
12.299999999999999 213.2 40.2
12.299999999999999 213.2 60.300000000000004
12.299999999999999 213.2 80.4
12.299999999999999 213.2 100.5
12.299999999999999 213.2 120.60000000000001
16.4 -213.2 -120.60000000000001
16.4 -213.2 -100.5
16.4 -213.2 -80.4
16.4 -213.2 -60.300000000000004
16.4 -213.2 -40.2
16.4 -213.2 -20.1
16.4 -213.2 0.0
16.4 -213.2 20.1
16.4 -213.2 40.2
16.4 -213.2 60.300000000000004
16.4 -213.2 80.4
16.4 -213.2 100.5
16.4 -213.2 120.60000000000001
16.4 -209.1 -120.60000000000001
16.4 -209.1 -100.5
16.4 -209.1 -80.4
16.4 -209.1 -60.300000000000004
16.4 -209.1 -40.2
16.4 -209.1 -20.1
16.4 -209.1 0.0
16.4 -209.1 20.1
16.4 -209.1 40.2
16.4 -209.1 60.300000000000004
16.4 -209.1 80.4
16.4 -209.1 100.5
16.4 -209.1 120.60000000000001
16.4 -204.99999999999997 -120.60000000000001
16.4 -204.99999999999997 -100.5
16.4 -204.99999999999997 -80.4
16.4 -204.99999999999997 -60.300000000000004
16.4 -204.99999999999997 -40.2
16.4 -204.99999999999997 -20.1
16.4 -204.99999999999997 0.0
16.4 -204.99999999999997 20.1
16.4 -204.99999999999997 40.2
16.4 -204.99999999999997 60.300000000000004
16.4 -204.99999999999997 80.4
16.4 -204.99999999999997 100.5
16.4 -204.99999999999997 120.60000000000001
16.4 -200.89999999999998 -120.60000000000001
16.4 -200.89999999999998 -100.5
16.4 -200.89999999999998 -80.4
16.4 -200.89999999999998 -60.300000000000004
16.4 -200.89999999999998 -40.2
16.4 -200.89999999999998 -20.1
16.4 -200.89999999999998 0.0
16.4 -200.89999999999998 20.1
16.4 -200.89999999999998 40.2
16.4 -200.89999999999998 60.300000000000004
16.4 -200.89999999999998 80.4
16.4 -200.89999999999998 100.5
16.4 -200.89999999999998 120.60000000000001
16.4 -196.79999999999998 -120.60000000000001
16.4 -196.79999999999998 -100.5
16.4 -196.79999999999998 -80.4
16.4 -196.79999999999998 -60.300000000000004
16.4 -196.79999999999998 -40.2
16.4 -196.79999999999998 -20.1
16.4 -196.79999999999998 0.0
16.4 -196.79999999999998 20.1
16.4 -196.79999999999998 40.2
16.4 -196.79999999999998 60.300000000000004
16.4 -196.79999999999998 80.4
16.4 -196.79999999999998 100.5
16.4 -196.79999999999998 120.60000000000001
16.4 -192.7 -120.60000000000001
16.4 -192.7 -100.5
16.4 -192.7 -80.4
16.4 -192.7 -60.300000000000004
16.4 -192.7 -40.2
16.4 -192.7 -20.1
16.4 -192.7 0.0
16.4 -192.7 20.1
16.4 -192.7 40.2
16.4 -192.7 60.300000000000004
16.4 -192.7 80.4
16.4 -192.7 100.5
16.4 -192.7 120.60000000000001
16.4 -188.6 -120.60000000000001
16.4 -188.6 -100.5
16.4 -188.6 -80.4
16.4 -188.6 -60.300000000000004
16.4 -188.6 -40.2
16.4 -188.6 -20.1
16.4 -188.6 0.0
16.4 -188.6 20.1
16.4 -188.6 40.2
16.4 -188.6 60.300000000000004
16.4 -188.6 80.4
16.4 -188.6 100.5
16.4 -188.6 120.60000000000001
16.4 188.6 -120.60000000000001
16.4 188.6 -100.5
16.4 188.6 -80.4
16.4 188.6 -60.300000000000004
16.4 188.6 -40.2
16.4 188.6 -20.1
16.4 188.6 0.0
16.4 188.6 20.1
16.4 188.6 40.2
16.4 188.6 60.300000000000004
16.4 188.6 80.4
16.4 188.6 100.5
16.4 188.6 120.60000000000001
16.4 192.7 -120.60000000000001
16.4 192.7 -100.5
16.4 192.7 -80.4
16.4 192.7 -60.300000000000004
16.4 192.7 -40.2
16.4 192.7 -20.1
16.4 192.7 0.0
16.4 192.7 20.1
16.4 192.7 40.2
16.4 192.7 60.300000000000004
16.4 192.7 80.4
16.4 192.7 100.5
16.4 192.7 120.60000000000001
16.4 196.79999999999998 -120.60000000000001
16.4 196.79999999999998 -100.5
16.4 196.79999999999998 -80.4
16.4 196.79999999999998 -60.300000000000004
16.4 196.79999999999998 -40.2
16.4 196.79999999999998 -20.1
16.4 196.79999999999998 0.0
16.4 196.79999999999998 20.1
16.4 196.79999999999998 40.2
16.4 196.79999999999998 60.300000000000004
16.4 196.79999999999998 80.4
16.4 196.79999999999998 100.5
16.4 196.79999999999998 120.60000000000001
16.4 200.89999999999998 -120.60000000000001
16.4 200.89999999999998 -100.5
16.4 200.89999999999998 -80.4
16.4 200.89999999999998 -60.300000000000004
16.4 200.89999999999998 -40.2
16.4 200.89999999999998 -20.1
16.4 200.89999999999998 0.0
16.4 200.89999999999998 20.1
16.4 200.89999999999998 40.2
16.4 200.89999999999998 60.300000000000004
16.4 200.89999999999998 80.4
16.4 200.89999999999998 100.5
16.4 200.89999999999998 120.60000000000001
16.4 204.99999999999997 -120.60000000000001
16.4 204.99999999999997 -100.5
16.4 204.99999999999997 -80.4
16.4 204.99999999999997 -60.300000000000004
16.4 204.99999999999997 -40.2
16.4 204.99999999999997 -20.1
16.4 204.99999999999997 0.0
16.4 204.99999999999997 20.1
16.4 204.99999999999997 40.2
16.4 204.99999999999997 60.300000000000004
16.4 204.99999999999997 80.4
16.4 204.99999999999997 100.5
16.4 204.99999999999997 120.60000000000001
16.4 209.1 -120.60000000000001
16.4 209.1 -100.5
16.4 209.1 -80.4
16.4 209.1 -60.300000000000004
16.4 209.1 -40.2
16.4 209.1 -20.1
16.4 209.1 0.0
16.4 209.1 20.1
16.4 209.1 40.2
16.4 209.1 60.300000000000004
16.4 209.1 80.4
16.4 209.1 100.5
16.4 209.1 120.60000000000001
16.4 213.2 -120.60000000000001
16.4 213.2 -100.5
16.4 213.2 -80.4
16.4 213.2 -60.300000000000004
16.4 213.2 -40.2
16.4 213.2 -20.1
16.4 213.2 0.0
16.4 213.2 20.1
16.4 213.2 40.2
16.4 213.2 60.300000000000004
16.4 213.2 80.4
16.4 213.2 100.5
16.4 213.2 120.60000000000001
20.5 -213.2 -120.60000000000001
20.5 -213.2 -100.5
20.5 -213.2 -80.4
20.5 -213.2 -60.300000000000004
20.5 -213.2 -40.2
20.5 -213.2 -20.1
20.5 -213.2 0.0
20.5 -213.2 20.1
20.5 -213.2 40.2
20.5 -213.2 60.300000000000004
20.5 -213.2 80.4
20.5 -213.2 100.5
20.5 -213.2 120.60000000000001
20.5 -209.1 -120.60000000000001
20.5 -209.1 -100.5
20.5 -209.1 -80.4
20.5 -209.1 -60.300000000000004
20.5 -209.1 -40.2
20.5 -209.1 -20.1
20.5 -209.1 0.0
20.5 -209.1 20.1
20.5 -209.1 40.2
20.5 -209.1 60.300000000000004
20.5 -209.1 80.4
20.5 -209.1 100.5
20.5 -209.1 120.60000000000001
20.5 -204.99999999999997 -120.60000000000001
20.5 -204.99999999999997 -100.5
20.5 -204.99999999999997 -80.4
20.5 -204.99999999999997 -60.300000000000004
20.5 -204.99999999999997 -40.2
20.5 -204.99999999999997 -20.1
20.5 -204.99999999999997 0.0
20.5 -204.99999999999997 20.1
20.5 -204.99999999999997 40.2
20.5 -204.99999999999997 60.300000000000004
20.5 -204.99999999999997 80.4
20.5 -204.99999999999997 100.5
20.5 -204.99999999999997 120.60000000000001
20.5 -200.89999999999998 -120.60000000000001
20.5 -200.89999999999998 -100.5
20.5 -200.89999999999998 -80.4
20.5 -200.89999999999998 -60.300000000000004
20.5 -200.89999999999998 -40.2
20.5 -200.89999999999998 -20.1
20.5 -200.89999999999998 0.0
20.5 -200.89999999999998 20.1
20.5 -200.89999999999998 40.2
20.5 -200.89999999999998 60.300000000000004
20.5 -200.89999999999998 80.4
20.5 -200.89999999999998 100.5
20.5 -200.89999999999998 120.60000000000001
20.5 -196.79999999999998 -120.60000000000001
20.5 -196.79999999999998 -100.5
20.5 -196.79999999999998 -80.4
20.5 -196.79999999999998 -60.300000000000004
20.5 -196.79999999999998 -40.2
20.5 -196.79999999999998 -20.1
20.5 -196.79999999999998 0.0
20.5 -196.79999999999998 20.1
20.5 -196.79999999999998 40.2
20.5 -196.79999999999998 60.300000000000004
20.5 -196.79999999999998 80.4
20.5 -196.79999999999998 100.5
20.5 -196.79999999999998 120.60000000000001
20.5 -192.7 -120.60000000000001
20.5 -192.7 -100.5
20.5 -192.7 -80.4
20.5 -192.7 -60.300000000000004
20.5 -192.7 -40.2
20.5 -192.7 -20.1
20.5 -192.7 0.0
20.5 -192.7 20.1
20.5 -192.7 40.2
20.5 -192.7 60.300000000000004
20.5 -192.7 80.4
20.5 -192.7 100.5
20.5 -192.7 120.60000000000001
20.5 -188.6 -120.60000000000001
20.5 -188.6 -100.5
20.5 -188.6 -80.4
20.5 -188.6 -60.300000000000004
20.5 -188.6 -40.2
20.5 -188.6 -20.1
20.5 -188.6 0.0
20.5 -188.6 20.1
20.5 -188.6 40.2
20.5 -188.6 60.300000000000004
20.5 -188.6 80.4
20.5 -188.6 100.5
20.5 -188.6 120.60000000000001
20.5 188.6 -120.60000000000001
20.5 188.6 -100.5
20.5 188.6 -80.4
20.5 188.6 -60.300000000000004
20.5 188.6 -40.2
20.5 188.6 -20.1
20.5 188.6 0.0
20.5 188.6 20.1
20.5 188.6 40.2
20.5 188.6 60.300000000000004
20.5 188.6 80.4
20.5 188.6 100.5
20.5 188.6 120.60000000000001
20.5 192.7 -120.60000000000001
20.5 192.7 -100.5
20.5 192.7 -80.4
20.5 192.7 -60.300000000000004
20.5 192.7 -40.2
20.5 192.7 -20.1
20.5 192.7 0.0
20.5 192.7 20.1
20.5 192.7 40.2
20.5 192.7 60.300000000000004
20.5 192.7 80.4
20.5 192.7 100.5
20.5 192.7 120.60000000000001
20.5 196.79999999999998 -120.60000000000001
20.5 196.79999999999998 -100.5
20.5 196.79999999999998 -80.4
20.5 196.79999999999998 -60.300000000000004
20.5 196.79999999999998 -40.2
20.5 196.79999999999998 -20.1
20.5 196.79999999999998 0.0
20.5 196.79999999999998 20.1
20.5 196.79999999999998 40.2
20.5 196.79999999999998 60.300000000000004
20.5 196.79999999999998 80.4
20.5 196.79999999999998 100.5
20.5 196.79999999999998 120.60000000000001
20.5 200.89999999999998 -120.60000000000001
20.5 200.89999999999998 -100.5
20.5 200.89999999999998 -80.4
20.5 200.89999999999998 -60.300000000000004
20.5 200.89999999999998 -40.2
20.5 200.89999999999998 -20.1
20.5 200.89999999999998 0.0
20.5 200.89999999999998 20.1
20.5 200.89999999999998 40.2
20.5 200.89999999999998 60.300000000000004
20.5 200.89999999999998 80.4
20.5 200.89999999999998 100.5
20.5 200.89999999999998 120.60000000000001
20.5 204.99999999999997 -120.60000000000001
20.5 204.99999999999997 -100.5
20.5 204.99999999999997 -80.4
20.5 204.99999999999997 -60.300000000000004
20.5 204.99999999999997 -40.2
20.5 204.99999999999997 -20.1
20.5 204.99999999999997 0.0
20.5 204.99999999999997 20.1
20.5 204.99999999999997 40.2
20.5 204.99999999999997 60.300000000000004
20.5 204.99999999999997 80.4
20.5 204.99999999999997 100.5
20.5 204.99999999999997 120.60000000000001
20.5 209.1 -120.60000000000001
20.5 209.1 -100.5
20.5 209.1 -80.4
20.5 209.1 -60.300000000000004
20.5 209.1 -40.2
20.5 209.1 -20.1
20.5 209.1 0.0
20.5 209.1 20.1
20.5 209.1 40.2
20.5 209.1 60.300000000000004
20.5 209.1 80.4
20.5 209.1 100.5
20.5 209.1 120.60000000000001
20.5 213.2 -120.60000000000001
20.5 213.2 -100.5
20.5 213.2 -80.4
20.5 213.2 -60.300000000000004
20.5 213.2 -40.2
20.5 213.2 -20.1
20.5 213.2 0.0
20.5 213.2 20.1
20.5 213.2 40.2
20.5 213.2 60.300000000000004
20.5 213.2 80.4
20.5 213.2 100.5
20.5 213.2 120.60000000000001
24.599999999999998 -213.2 -120.60000000000001
24.599999999999998 -213.2 -100.5
24.599999999999998 -213.2 -80.4
24.599999999999998 -213.2 -60.300000000000004
24.599999999999998 -213.2 -40.2
24.599999999999998 -213.2 -20.1
24.599999999999998 -213.2 0.0
24.599999999999998 -213.2 20.1
24.599999999999998 -213.2 40.2
24.599999999999998 -213.2 60.300000000000004
24.599999999999998 -213.2 80.4
24.599999999999998 -213.2 100.5
24.599999999999998 -213.2 120.60000000000001
24.599999999999998 -209.1 -120.60000000000001
24.599999999999998 -209.1 -100.5
24.599999999999998 -209.1 -80.4
24.599999999999998 -209.1 -60.300000000000004
24.599999999999998 -209.1 -40.2
24.599999999999998 -209.1 -20.1
24.599999999999998 -209.1 0.0
24.599999999999998 -209.1 20.1
24.599999999999998 -209.1 40.2
24.599999999999998 -209.1 60.300000000000004
24.599999999999998 -209.1 80.4
24.599999999999998 -209.1 100.5
24.599999999999998 -209.1 120.60000000000001
24.599999999999998 -204.99999999999997 -120.60000000000001
24.599999999999998 -204.99999999999997 -100.5
24.599999999999998 -204.99999999999997 -80.4
24.599999999999998 -204.99999999999997 -60.300000000000004
24.599999999999998 -204.99999999999997 -40.2
24.599999999999998 -204.99999999999997 -20.1
24.599999999999998 -204.99999999999997 0.0
24.599999999999998 -204.99999999999997 20.1
24.599999999999998 -204.99999999999997 40.2
24.599999999999998 -204.99999999999997 60.300000000000004
24.599999999999998 -204.99999999999997 80.4
24.599999999999998 -204.99999999999997 100.5
24.599999999999998 -204.99999999999997 120.60000000000001
24.599999999999998 -200.89999999999998 -120.60000000000001
24.599999999999998 -200.89999999999998 -100.5
24.599999999999998 -200.89999999999998 -80.4
24.599999999999998 -200.89999999999998 -60.300000000000004
24.599999999999998 -200.89999999999998 -40.2
24.599999999999998 -200.89999999999998 -20.1
24.599999999999998 -200.89999999999998 0.0
24.599999999999998 -200.89999999999998 20.1
24.599999999999998 -200.89999999999998 40.2
24.599999999999998 -200.89999999999998 60.300000000000004
24.599999999999998 -200.89999999999998 80.4
24.599999999999998 -200.89999999999998 100.5
24.599999999999998 -200.89999999999998 120.60000000000001
24.599999999999998 -196.79999999999998 -120.60000000000001
24.599999999999998 -196.79999999999998 -100.5
24.599999999999998 -196.79999999999998 -80.4
24.599999999999998 -196.79999999999998 -60.300000000000004
24.599999999999998 -196.79999999999998 -40.2
24.599999999999998 -196.79999999999998 -20.1
24.599999999999998 -196.79999999999998 0.0
24.599999999999998 -196.79999999999998 20.1
24.599999999999998 -196.79999999999998 40.2
24.599999999999998 -196.79999999999998 60.300000000000004
24.599999999999998 -196.79999999999998 80.4
24.599999999999998 -196.79999999999998 100.5
24.599999999999998 -196.79999999999998 120.60000000000001
24.599999999999998 -192.7 -120.60000000000001
24.599999999999998 -192.7 -100.5
24.599999999999998 -192.7 -80.4
24.599999999999998 -192.7 -60.300000000000004
24.599999999999998 -192.7 -40.2
24.599999999999998 -192.7 -20.1
24.599999999999998 -192.7 0.0
24.599999999999998 -192.7 20.1
24.599999999999998 -192.7 40.2
24.599999999999998 -192.7 60.300000000000004
24.599999999999998 -192.7 80.4
24.599999999999998 -192.7 100.5
24.599999999999998 -192.7 120.60000000000001
24.599999999999998 -188.6 -120.60000000000001
24.599999999999998 -188.6 -100.5
24.599999999999998 -188.6 -80.4
24.599999999999998 -188.6 -60.300000000000004
24.599999999999998 -188.6 -40.2
24.599999999999998 -188.6 -20.1
24.599999999999998 -188.6 0.0
24.599999999999998 -188.6 20.1
24.599999999999998 -188.6 40.2
24.599999999999998 -188.6 60.300000000000004
24.599999999999998 -188.6 80.4
24.599999999999998 -188.6 100.5
24.599999999999998 -188.6 120.60000000000001
24.599999999999998 188.6 -120.60000000000001
24.599999999999998 188.6 -100.5
24.599999999999998 188.6 -80.4
24.599999999999998 188.6 -60.300000000000004
24.599999999999998 188.6 -40.2
24.599999999999998 188.6 -20.1
24.599999999999998 188.6 0.0
24.599999999999998 188.6 20.1
24.599999999999998 188.6 40.2
24.599999999999998 188.6 60.300000000000004
24.599999999999998 188.6 80.4
24.599999999999998 188.6 100.5
24.599999999999998 188.6 120.60000000000001
24.599999999999998 192.7 -120.60000000000001
24.599999999999998 192.7 -100.5
24.599999999999998 192.7 -80.4
24.599999999999998 192.7 -60.300000000000004
24.599999999999998 192.7 -40.2
24.599999999999998 192.7 -20.1
24.599999999999998 192.7 0.0
24.599999999999998 192.7 20.1
24.599999999999998 192.7 40.2
24.599999999999998 192.7 60.300000000000004
24.599999999999998 192.7 80.4
24.599999999999998 192.7 100.5
24.599999999999998 192.7 120.60000000000001
24.599999999999998 196.79999999999998 -120.60000000000001
24.599999999999998 196.79999999999998 -100.5
24.599999999999998 196.79999999999998 -80.4
24.599999999999998 196.79999999999998 -60.300000000000004
24.599999999999998 196.79999999999998 -40.2
24.599999999999998 196.79999999999998 -20.1
24.599999999999998 196.79999999999998 0.0
24.599999999999998 196.79999999999998 20.1
24.599999999999998 196.79999999999998 40.2
24.599999999999998 196.79999999999998 60.300000000000004
24.599999999999998 196.79999999999998 80.4
24.599999999999998 196.79999999999998 100.5
24.599999999999998 196.79999999999998 120.60000000000001
24.599999999999998 200.89999999999998 -120.60000000000001
24.599999999999998 200.89999999999998 -100.5
24.599999999999998 200.89999999999998 -80.4
24.599999999999998 200.89999999999998 -60.300000000000004
24.599999999999998 200.89999999999998 -40.2
24.599999999999998 200.89999999999998 -20.1
24.599999999999998 200.89999999999998 0.0
24.599999999999998 200.89999999999998 20.1
24.599999999999998 200.89999999999998 40.2
24.599999999999998 200.89999999999998 60.300000000000004
24.599999999999998 200.89999999999998 80.4
24.599999999999998 200.89999999999998 100.5
24.599999999999998 200.89999999999998 120.60000000000001
24.599999999999998 204.99999999999997 -120.60000000000001
24.599999999999998 204.99999999999997 -100.5
24.599999999999998 204.99999999999997 -80.4
24.599999999999998 204.99999999999997 -60.300000000000004
24.599999999999998 204.99999999999997 -40.2
24.599999999999998 204.99999999999997 -20.1
24.599999999999998 204.99999999999997 0.0
24.599999999999998 204.99999999999997 20.1
24.599999999999998 204.99999999999997 40.2
24.599999999999998 204.99999999999997 60.300000000000004
24.599999999999998 204.99999999999997 80.4
24.599999999999998 204.99999999999997 100.5
24.599999999999998 204.99999999999997 120.60000000000001
24.599999999999998 209.1 -120.60000000000001
24.599999999999998 209.1 -100.5
24.599999999999998 209.1 -80.4
24.599999999999998 209.1 -60.300000000000004
24.599999999999998 209.1 -40.2
24.599999999999998 209.1 -20.1
24.599999999999998 209.1 0.0
24.599999999999998 209.1 20.1
24.599999999999998 209.1 40.2
24.599999999999998 209.1 60.300000000000004
24.599999999999998 209.1 80.4
24.599999999999998 209.1 100.5
24.599999999999998 209.1 120.60000000000001
24.599999999999998 213.2 -120.60000000000001
24.599999999999998 213.2 -100.5
24.599999999999998 213.2 -80.4
24.599999999999998 213.2 -60.300000000000004
24.599999999999998 213.2 -40.2
24.599999999999998 213.2 -20.1
24.599999999999998 213.2 0.0
24.599999999999998 213.2 20.1
24.599999999999998 213.2 40.2
24.599999999999998 213.2 60.300000000000004
24.599999999999998 213.2 80.4
24.599999999999998 213.2 100.5
24.599999999999998 213.2 120.60000000000001
28.699999999999996 -213.2 -120.60000000000001
28.699999999999996 -213.2 -100.5
28.699999999999996 -213.2 -80.4
28.699999999999996 -213.2 -60.300000000000004
28.699999999999996 -213.2 -40.2
28.699999999999996 -213.2 -20.1
28.699999999999996 -213.2 0.0
28.699999999999996 -213.2 20.1
28.699999999999996 -213.2 40.2
28.699999999999996 -213.2 60.300000000000004
28.699999999999996 -213.2 80.4
28.699999999999996 -213.2 100.5
28.699999999999996 -213.2 120.60000000000001
28.699999999999996 -209.1 -120.60000000000001
28.699999999999996 -209.1 -100.5
28.699999999999996 -209.1 -80.4
28.699999999999996 -209.1 -60.300000000000004
28.699999999999996 -209.1 -40.2
28.699999999999996 -209.1 -20.1
28.699999999999996 -209.1 0.0
28.699999999999996 -209.1 20.1
28.699999999999996 -209.1 40.2
28.699999999999996 -209.1 60.300000000000004
28.699999999999996 -209.1 80.4
28.699999999999996 -209.1 100.5
28.699999999999996 -209.1 120.60000000000001
28.699999999999996 -204.99999999999997 -120.60000000000001
28.699999999999996 -204.99999999999997 -100.5
28.699999999999996 -204.99999999999997 -80.4
28.699999999999996 -204.99999999999997 -60.300000000000004
28.699999999999996 -204.99999999999997 -40.2
28.699999999999996 -204.99999999999997 -20.1
28.699999999999996 -204.99999999999997 0.0
28.699999999999996 -204.99999999999997 20.1
28.699999999999996 -204.99999999999997 40.2
28.699999999999996 -204.99999999999997 60.300000000000004
28.699999999999996 -204.99999999999997 80.4
28.699999999999996 -204.99999999999997 100.5
28.699999999999996 -204.99999999999997 120.60000000000001
28.699999999999996 -200.89999999999998 -120.60000000000001
28.699999999999996 -200.89999999999998 -100.5
28.699999999999996 -200.89999999999998 -80.4
28.699999999999996 -200.89999999999998 -60.300000000000004
28.699999999999996 -200.89999999999998 -40.2
28.699999999999996 -200.89999999999998 -20.1
28.699999999999996 -200.89999999999998 0.0
28.699999999999996 -200.89999999999998 20.1
28.699999999999996 -200.89999999999998 40.2
28.699999999999996 -200.89999999999998 60.300000000000004
28.699999999999996 -200.89999999999998 80.4
28.699999999999996 -200.89999999999998 100.5
28.699999999999996 -200.89999999999998 120.60000000000001
28.699999999999996 -196.79999999999998 -120.60000000000001
28.699999999999996 -196.79999999999998 -100.5
28.699999999999996 -196.79999999999998 -80.4
28.699999999999996 -196.79999999999998 -60.300000000000004
28.699999999999996 -196.79999999999998 -40.2
28.699999999999996 -196.79999999999998 -20.1
28.699999999999996 -196.79999999999998 0.0
28.699999999999996 -196.79999999999998 20.1
28.699999999999996 -196.79999999999998 40.2
28.699999999999996 -196.79999999999998 60.300000000000004
28.699999999999996 -196.79999999999998 80.4
28.699999999999996 -196.79999999999998 100.5
28.699999999999996 -196.79999999999998 120.60000000000001
28.699999999999996 -192.7 -120.60000000000001
28.699999999999996 -192.7 -100.5
28.699999999999996 -192.7 -80.4
28.699999999999996 -192.7 -60.300000000000004
28.699999999999996 -192.7 -40.2
28.699999999999996 -192.7 -20.1
28.699999999999996 -192.7 0.0
28.699999999999996 -192.7 20.1
28.699999999999996 -192.7 40.2
28.699999999999996 -192.7 60.300000000000004
28.699999999999996 -192.7 80.4
28.699999999999996 -192.7 100.5
28.699999999999996 -192.7 120.60000000000001
28.699999999999996 -188.6 -120.60000000000001
28.699999999999996 -188.6 -100.5
28.699999999999996 -188.6 -80.4
28.699999999999996 -188.6 -60.300000000000004
28.699999999999996 -188.6 -40.2
28.699999999999996 -188.6 -20.1
28.699999999999996 -188.6 0.0
28.699999999999996 -188.6 20.1
28.699999999999996 -188.6 40.2
28.699999999999996 -188.6 60.300000000000004
28.699999999999996 -188.6 80.4
28.699999999999996 -188.6 100.5
28.699999999999996 -188.6 120.60000000000001
28.699999999999996 188.6 -120.60000000000001
28.699999999999996 188.6 -100.5
28.699999999999996 188.6 -80.4
28.699999999999996 188.6 -60.300000000000004
28.699999999999996 188.6 -40.2
28.699999999999996 188.6 -20.1
28.699999999999996 188.6 0.0
28.699999999999996 188.6 20.1
28.699999999999996 188.6 40.2
28.699999999999996 188.6 60.300000000000004
28.699999999999996 188.6 80.4
28.699999999999996 188.6 100.5
28.699999999999996 188.6 120.60000000000001
28.699999999999996 192.7 -120.60000000000001
28.699999999999996 192.7 -100.5
28.699999999999996 192.7 -80.4
28.699999999999996 192.7 -60.300000000000004
28.699999999999996 192.7 -40.2
28.699999999999996 192.7 -20.1
28.699999999999996 192.7 0.0
28.699999999999996 192.7 20.1
28.699999999999996 192.7 40.2
28.699999999999996 192.7 60.300000000000004
28.699999999999996 192.7 80.4
28.699999999999996 192.7 100.5
28.699999999999996 192.7 120.60000000000001
28.699999999999996 196.79999999999998 -120.60000000000001
28.699999999999996 196.79999999999998 -100.5
28.699999999999996 196.79999999999998 -80.4
28.699999999999996 196.79999999999998 -60.300000000000004
28.699999999999996 196.79999999999998 -40.2
28.699999999999996 196.79999999999998 -20.1
28.699999999999996 196.79999999999998 0.0
28.699999999999996 196.79999999999998 20.1
28.699999999999996 196.79999999999998 40.2
28.699999999999996 196.79999999999998 60.300000000000004
28.699999999999996 196.79999999999998 80.4
28.699999999999996 196.79999999999998 100.5
28.699999999999996 196.79999999999998 120.60000000000001
28.699999999999996 200.89999999999998 -120.60000000000001
28.699999999999996 200.89999999999998 -100.5
28.699999999999996 200.89999999999998 -80.4
28.699999999999996 200.89999999999998 -60.300000000000004
28.699999999999996 200.89999999999998 -40.2
28.699999999999996 200.89999999999998 -20.1
28.699999999999996 200.89999999999998 0.0
28.699999999999996 200.89999999999998 20.1
28.699999999999996 200.89999999999998 40.2
28.699999999999996 200.89999999999998 60.300000000000004
28.699999999999996 200.89999999999998 80.4
28.699999999999996 200.89999999999998 100.5
28.699999999999996 200.89999999999998 120.60000000000001
28.699999999999996 204.99999999999997 -120.60000000000001
28.699999999999996 204.99999999999997 -100.5
28.699999999999996 204.99999999999997 -80.4
28.699999999999996 204.99999999999997 -60.300000000000004
28.699999999999996 204.99999999999997 -40.2
28.699999999999996 204.99999999999997 -20.1
28.699999999999996 204.99999999999997 0.0
28.699999999999996 204.99999999999997 20.1
28.699999999999996 204.99999999999997 40.2
28.699999999999996 204.99999999999997 60.300000000000004
28.699999999999996 204.99999999999997 80.4
28.699999999999996 204.99999999999997 100.5
28.699999999999996 204.99999999999997 120.60000000000001
28.699999999999996 209.1 -120.60000000000001
28.699999999999996 209.1 -100.5
28.699999999999996 209.1 -80.4
28.699999999999996 209.1 -60.300000000000004
28.699999999999996 209.1 -40.2
28.699999999999996 209.1 -20.1
28.699999999999996 209.1 0.0
28.699999999999996 209.1 20.1
28.699999999999996 209.1 40.2
28.699999999999996 209.1 60.300000000000004
28.699999999999996 209.1 80.4
28.699999999999996 209.1 100.5
28.699999999999996 209.1 120.60000000000001
28.699999999999996 213.2 -120.60000000000001
28.699999999999996 213.2 -100.5
28.699999999999996 213.2 -80.4
28.699999999999996 213.2 -60.300000000000004
28.699999999999996 213.2 -40.2
28.699999999999996 213.2 -20.1
28.699999999999996 213.2 0.0
28.699999999999996 213.2 20.1
28.699999999999996 213.2 40.2
28.699999999999996 213.2 60.300000000000004
28.699999999999996 213.2 80.4
28.699999999999996 213.2 100.5
28.699999999999996 213.2 120.60000000000001
32.8 -213.2 -120.60000000000001
32.8 -213.2 -100.5
32.8 -213.2 -80.4
32.8 -213.2 -60.300000000000004
32.8 -213.2 -40.2
32.8 -213.2 -20.1
32.8 -213.2 0.0
32.8 -213.2 20.1
32.8 -213.2 40.2
32.8 -213.2 60.300000000000004
32.8 -213.2 80.4
32.8 -213.2 100.5
32.8 -213.2 120.60000000000001
32.8 -209.1 -120.60000000000001
32.8 -209.1 -100.5
32.8 -209.1 -80.4
32.8 -209.1 -60.300000000000004
32.8 -209.1 -40.2
32.8 -209.1 -20.1
32.8 -209.1 0.0
32.8 -209.1 20.1
32.8 -209.1 40.2
32.8 -209.1 60.300000000000004
32.8 -209.1 80.4
32.8 -209.1 100.5
32.8 -209.1 120.60000000000001
32.8 -204.99999999999997 -120.60000000000001
32.8 -204.99999999999997 -100.5
32.8 -204.99999999999997 -80.4
32.8 -204.99999999999997 -60.300000000000004
32.8 -204.99999999999997 -40.2
32.8 -204.99999999999997 -20.1
32.8 -204.99999999999997 0.0
32.8 -204.99999999999997 20.1
32.8 -204.99999999999997 40.2
32.8 -204.99999999999997 60.300000000000004
32.8 -204.99999999999997 80.4
32.8 -204.99999999999997 100.5
32.8 -204.99999999999997 120.60000000000001
32.8 -200.89999999999998 -120.60000000000001
32.8 -200.89999999999998 -100.5
32.8 -200.89999999999998 -80.4
32.8 -200.89999999999998 -60.300000000000004
32.8 -200.89999999999998 -40.2
32.8 -200.89999999999998 -20.1
32.8 -200.89999999999998 0.0
32.8 -200.89999999999998 20.1
32.8 -200.89999999999998 40.2
32.8 -200.89999999999998 60.300000000000004
32.8 -200.89999999999998 80.4
32.8 -200.89999999999998 100.5
32.8 -200.89999999999998 120.60000000000001
32.8 -196.79999999999998 -120.60000000000001
32.8 -196.79999999999998 -100.5
32.8 -196.79999999999998 -80.4
32.8 -196.79999999999998 -60.300000000000004
32.8 -196.79999999999998 -40.2
32.8 -196.79999999999998 -20.1
32.8 -196.79999999999998 0.0
32.8 -196.79999999999998 20.1
32.8 -196.79999999999998 40.2
32.8 -196.79999999999998 60.300000000000004
32.8 -196.79999999999998 80.4
32.8 -196.79999999999998 100.5
32.8 -196.79999999999998 120.60000000000001
32.8 -192.7 -120.60000000000001
32.8 -192.7 -100.5
32.8 -192.7 -80.4
32.8 -192.7 -60.300000000000004
32.8 -192.7 -40.2
32.8 -192.7 -20.1
32.8 -192.7 0.0
32.8 -192.7 20.1
32.8 -192.7 40.2
32.8 -192.7 60.300000000000004
32.8 -192.7 80.4
32.8 -192.7 100.5
32.8 -192.7 120.60000000000001
32.8 -188.6 -120.60000000000001
32.8 -188.6 -100.5
32.8 -188.6 -80.4
32.8 -188.6 -60.300000000000004
32.8 -188.6 -40.2
32.8 -188.6 -20.1
32.8 -188.6 0.0
32.8 -188.6 20.1
32.8 -188.6 40.2
32.8 -188.6 60.300000000000004
32.8 -188.6 80.4
32.8 -188.6 100.5
32.8 -188.6 120.60000000000001
32.8 188.6 -120.60000000000001
32.8 188.6 -100.5
32.8 188.6 -80.4
32.8 188.6 -60.300000000000004
32.8 188.6 -40.2
32.8 188.6 -20.1
32.8 188.6 0.0
32.8 188.6 20.1
32.8 188.6 40.2
32.8 188.6 60.300000000000004
32.8 188.6 80.4
32.8 188.6 100.5
32.8 188.6 120.60000000000001
32.8 192.7 -120.60000000000001
32.8 192.7 -100.5
32.8 192.7 -80.4
32.8 192.7 -60.300000000000004
32.8 192.7 -40.2
32.8 192.7 -20.1
32.8 192.7 0.0
32.8 192.7 20.1
32.8 192.7 40.2
32.8 192.7 60.300000000000004
32.8 192.7 80.4
32.8 192.7 100.5
32.8 192.7 120.60000000000001
32.8 196.79999999999998 -120.60000000000001
32.8 196.79999999999998 -100.5
32.8 196.79999999999998 -80.4
32.8 196.79999999999998 -60.300000000000004
32.8 196.79999999999998 -40.2
32.8 196.79999999999998 -20.1
32.8 196.79999999999998 0.0
32.8 196.79999999999998 20.1
32.8 196.79999999999998 40.2
32.8 196.79999999999998 60.300000000000004
32.8 196.79999999999998 80.4
32.8 196.79999999999998 100.5
32.8 196.79999999999998 120.60000000000001
32.8 200.89999999999998 -120.60000000000001
32.8 200.89999999999998 -100.5
32.8 200.89999999999998 -80.4
32.8 200.89999999999998 -60.300000000000004
32.8 200.89999999999998 -40.2
32.8 200.89999999999998 -20.1
32.8 200.89999999999998 0.0
32.8 200.89999999999998 20.1
32.8 200.89999999999998 40.2
32.8 200.89999999999998 60.300000000000004
32.8 200.89999999999998 80.4
32.8 200.89999999999998 100.5
32.8 200.89999999999998 120.60000000000001
32.8 204.99999999999997 -120.60000000000001
32.8 204.99999999999997 -100.5
32.8 204.99999999999997 -80.4
32.8 204.99999999999997 -60.300000000000004
32.8 204.99999999999997 -40.2
32.8 204.99999999999997 -20.1
32.8 204.99999999999997 0.0
32.8 204.99999999999997 20.1
32.8 204.99999999999997 40.2
32.8 204.99999999999997 60.300000000000004
32.8 204.99999999999997 80.4
32.8 204.99999999999997 100.5
32.8 204.99999999999997 120.60000000000001
32.8 209.1 -120.60000000000001
32.8 209.1 -100.5
32.8 209.1 -80.4
32.8 209.1 -60.300000000000004
32.8 209.1 -40.2
32.8 209.1 -20.1
32.8 209.1 0.0
32.8 209.1 20.1
32.8 209.1 40.2
32.8 209.1 60.300000000000004
32.8 209.1 80.4
32.8 209.1 100.5
32.8 209.1 120.60000000000001
32.8 213.2 -120.60000000000001
32.8 213.2 -100.5
32.8 213.2 -80.4
32.8 213.2 -60.300000000000004
32.8 213.2 -40.2
32.8 213.2 -20.1
32.8 213.2 0.0
32.8 213.2 20.1
32.8 213.2 40.2
32.8 213.2 60.300000000000004
32.8 213.2 80.4
32.8 213.2 100.5
32.8 213.2 120.60000000000001
36.9 -213.2 -120.60000000000001
36.9 -213.2 -100.5
36.9 -213.2 -80.4
36.9 -213.2 -60.300000000000004
36.9 -213.2 -40.2
36.9 -213.2 -20.1
36.9 -213.2 0.0
36.9 -213.2 20.1
36.9 -213.2 40.2
36.9 -213.2 60.300000000000004
36.9 -213.2 80.4
36.9 -213.2 100.5
36.9 -213.2 120.60000000000001
36.9 -209.1 -120.60000000000001
36.9 -209.1 -100.5
36.9 -209.1 -80.4
36.9 -209.1 -60.300000000000004
36.9 -209.1 -40.2
36.9 -209.1 -20.1
36.9 -209.1 0.0
36.9 -209.1 20.1
36.9 -209.1 40.2
36.9 -209.1 60.300000000000004
36.9 -209.1 80.4
36.9 -209.1 100.5
36.9 -209.1 120.60000000000001
36.9 -204.99999999999997 -120.60000000000001
36.9 -204.99999999999997 -100.5
36.9 -204.99999999999997 -80.4
36.9 -204.99999999999997 -60.300000000000004
36.9 -204.99999999999997 -40.2
36.9 -204.99999999999997 -20.1
36.9 -204.99999999999997 0.0
36.9 -204.99999999999997 20.1
36.9 -204.99999999999997 40.2
36.9 -204.99999999999997 60.300000000000004
36.9 -204.99999999999997 80.4
36.9 -204.99999999999997 100.5
36.9 -204.99999999999997 120.60000000000001
36.9 -200.89999999999998 -120.60000000000001
36.9 -200.89999999999998 -100.5
36.9 -200.89999999999998 -80.4
36.9 -200.89999999999998 -60.300000000000004
36.9 -200.89999999999998 -40.2
36.9 -200.89999999999998 -20.1
36.9 -200.89999999999998 0.0
36.9 -200.89999999999998 20.1
36.9 -200.89999999999998 40.2
36.9 -200.89999999999998 60.300000000000004
36.9 -200.89999999999998 80.4
36.9 -200.89999999999998 100.5
36.9 -200.89999999999998 120.60000000000001
36.9 -196.79999999999998 -120.60000000000001
36.9 -196.79999999999998 -100.5
36.9 -196.79999999999998 -80.4
36.9 -196.79999999999998 -60.300000000000004
36.9 -196.79999999999998 -40.2
36.9 -196.79999999999998 -20.1
36.9 -196.79999999999998 0.0
36.9 -196.79999999999998 20.1
36.9 -196.79999999999998 40.2
36.9 -196.79999999999998 60.300000000000004
36.9 -196.79999999999998 80.4
36.9 -196.79999999999998 100.5
36.9 -196.79999999999998 120.60000000000001
36.9 -192.7 -120.60000000000001
36.9 -192.7 -100.5
36.9 -192.7 -80.4
36.9 -192.7 -60.300000000000004
36.9 -192.7 -40.2
36.9 -192.7 -20.1
36.9 -192.7 0.0
36.9 -192.7 20.1
36.9 -192.7 40.2
36.9 -192.7 60.300000000000004
36.9 -192.7 80.4
36.9 -192.7 100.5
36.9 -192.7 120.60000000000001
36.9 -188.6 -120.60000000000001
36.9 -188.6 -100.5
36.9 -188.6 -80.4
36.9 -188.6 -60.300000000000004
36.9 -188.6 -40.2
36.9 -188.6 -20.1
36.9 -188.6 0.0
36.9 -188.6 20.1
36.9 -188.6 40.2
36.9 -188.6 60.300000000000004
36.9 -188.6 80.4
36.9 -188.6 100.5
36.9 -188.6 120.60000000000001
36.9 188.6 -120.60000000000001
36.9 188.6 -100.5
36.9 188.6 -80.4
36.9 188.6 -60.300000000000004
36.9 188.6 -40.2
36.9 188.6 -20.1
36.9 188.6 0.0
36.9 188.6 20.1
36.9 188.6 40.2
36.9 188.6 60.300000000000004
36.9 188.6 80.4
36.9 188.6 100.5
36.9 188.6 120.60000000000001
36.9 192.7 -120.60000000000001
36.9 192.7 -100.5
36.9 192.7 -80.4
36.9 192.7 -60.300000000000004
36.9 192.7 -40.2
36.9 192.7 -20.1
36.9 192.7 0.0
36.9 192.7 20.1
36.9 192.7 40.2
36.9 192.7 60.300000000000004
36.9 192.7 80.4
36.9 192.7 100.5
36.9 192.7 120.60000000000001
36.9 196.79999999999998 -120.60000000000001
36.9 196.79999999999998 -100.5
36.9 196.79999999999998 -80.4
36.9 196.79999999999998 -60.300000000000004
36.9 196.79999999999998 -40.2
36.9 196.79999999999998 -20.1
36.9 196.79999999999998 0.0
36.9 196.79999999999998 20.1
36.9 196.79999999999998 40.2
36.9 196.79999999999998 60.300000000000004
36.9 196.79999999999998 80.4
36.9 196.79999999999998 100.5
36.9 196.79999999999998 120.60000000000001
36.9 200.89999999999998 -120.60000000000001
36.9 200.89999999999998 -100.5
36.9 200.89999999999998 -80.4
36.9 200.89999999999998 -60.300000000000004
36.9 200.89999999999998 -40.2
36.9 200.89999999999998 -20.1
36.9 200.89999999999998 0.0
36.9 200.89999999999998 20.1
36.9 200.89999999999998 40.2
36.9 200.89999999999998 60.300000000000004
36.9 200.89999999999998 80.4
36.9 200.89999999999998 100.5
36.9 200.89999999999998 120.60000000000001
36.9 204.99999999999997 -120.60000000000001
36.9 204.99999999999997 -100.5
36.9 204.99999999999997 -80.4
36.9 204.99999999999997 -60.300000000000004
36.9 204.99999999999997 -40.2
36.9 204.99999999999997 -20.1
36.9 204.99999999999997 0.0
36.9 204.99999999999997 20.1
36.9 204.99999999999997 40.2
36.9 204.99999999999997 60.300000000000004
36.9 204.99999999999997 80.4
36.9 204.99999999999997 100.5
36.9 204.99999999999997 120.60000000000001
36.9 209.1 -120.60000000000001
36.9 209.1 -100.5
36.9 209.1 -80.4
36.9 209.1 -60.300000000000004
36.9 209.1 -40.2
36.9 209.1 -20.1
36.9 209.1 0.0
36.9 209.1 20.1
36.9 209.1 40.2
36.9 209.1 60.300000000000004
36.9 209.1 80.4
36.9 209.1 100.5
36.9 209.1 120.60000000000001
36.9 213.2 -120.60000000000001
36.9 213.2 -100.5
36.9 213.2 -80.4
36.9 213.2 -60.300000000000004
36.9 213.2 -40.2
36.9 213.2 -20.1
36.9 213.2 0.0
36.9 213.2 20.1
36.9 213.2 40.2
36.9 213.2 60.300000000000004
36.9 213.2 80.4
36.9 213.2 100.5
36.9 213.2 120.60000000000001
41.0 -213.2 -120.60000000000001
41.0 -213.2 -100.5
41.0 -213.2 -80.4
41.0 -213.2 -60.300000000000004
41.0 -213.2 -40.2
41.0 -213.2 -20.1
41.0 -213.2 0.0
41.0 -213.2 20.1
41.0 -213.2 40.2
41.0 -213.2 60.300000000000004
41.0 -213.2 80.4
41.0 -213.2 100.5
41.0 -213.2 120.60000000000001
41.0 -209.1 -120.60000000000001
41.0 -209.1 -100.5
41.0 -209.1 -80.4
41.0 -209.1 -60.300000000000004
41.0 -209.1 -40.2
41.0 -209.1 -20.1
41.0 -209.1 0.0
41.0 -209.1 20.1
41.0 -209.1 40.2
41.0 -209.1 60.300000000000004
41.0 -209.1 80.4
41.0 -209.1 100.5
41.0 -209.1 120.60000000000001
41.0 -204.99999999999997 -120.60000000000001
41.0 -204.99999999999997 -100.5
41.0 -204.99999999999997 -80.4
41.0 -204.99999999999997 -60.300000000000004
41.0 -204.99999999999997 -40.2
41.0 -204.99999999999997 -20.1
41.0 -204.99999999999997 0.0
41.0 -204.99999999999997 20.1
41.0 -204.99999999999997 40.2
41.0 -204.99999999999997 60.300000000000004
41.0 -204.99999999999997 80.4
41.0 -204.99999999999997 100.5
41.0 -204.99999999999997 120.60000000000001
41.0 -200.89999999999998 -120.60000000000001
41.0 -200.89999999999998 -100.5
41.0 -200.89999999999998 -80.4
41.0 -200.89999999999998 -60.300000000000004
41.0 -200.89999999999998 -40.2
41.0 -200.89999999999998 -20.1
41.0 -200.89999999999998 0.0
41.0 -200.89999999999998 20.1
41.0 -200.89999999999998 40.2
41.0 -200.89999999999998 60.300000000000004
41.0 -200.89999999999998 80.4
41.0 -200.89999999999998 100.5
41.0 -200.89999999999998 120.60000000000001
41.0 -196.79999999999998 -120.60000000000001
41.0 -196.79999999999998 -100.5
41.0 -196.79999999999998 -80.4
41.0 -196.79999999999998 -60.300000000000004
41.0 -196.79999999999998 -40.2
41.0 -196.79999999999998 -20.1
41.0 -196.79999999999998 0.0
41.0 -196.79999999999998 20.1
41.0 -196.79999999999998 40.2
41.0 -196.79999999999998 60.300000000000004
41.0 -196.79999999999998 80.4
41.0 -196.79999999999998 100.5
41.0 -196.79999999999998 120.60000000000001
41.0 -192.7 -120.60000000000001
41.0 -192.7 -100.5
41.0 -192.7 -80.4
41.0 -192.7 -60.300000000000004
41.0 -192.7 -40.2
41.0 -192.7 -20.1
41.0 -192.7 0.0
41.0 -192.7 20.1
41.0 -192.7 40.2
41.0 -192.7 60.300000000000004
41.0 -192.7 80.4
41.0 -192.7 100.5
41.0 -192.7 120.60000000000001
41.0 -188.6 -120.60000000000001
41.0 -188.6 -100.5
41.0 -188.6 -80.4
41.0 -188.6 -60.300000000000004
41.0 -188.6 -40.2
41.0 -188.6 -20.1
41.0 -188.6 0.0
41.0 -188.6 20.1
41.0 -188.6 40.2
41.0 -188.6 60.300000000000004
41.0 -188.6 80.4
41.0 -188.6 100.5
41.0 -188.6 120.60000000000001
41.0 -184.49999999999997 -120.60000000000001
41.0 -184.49999999999997 -100.5
41.0 -184.49999999999997 -80.4
41.0 -184.49999999999997 -60.300000000000004
41.0 -184.49999999999997 -40.2
41.0 -184.49999999999997 -20.1
41.0 -184.49999999999997 0.0
41.0 -184.49999999999997 20.1
41.0 -184.49999999999997 40.2
41.0 -184.49999999999997 60.300000000000004
41.0 -184.49999999999997 80.4
41.0 -184.49999999999997 100.5
41.0 -184.49999999999997 120.60000000000001
41.0 184.49999999999997 -120.60000000000001
41.0 184.49999999999997 -100.5
41.0 184.49999999999997 -80.4
41.0 184.49999999999997 -60.300000000000004
41.0 184.49999999999997 -40.2
41.0 184.49999999999997 -20.1
41.0 184.49999999999997 0.0
41.0 184.49999999999997 20.1
41.0 184.49999999999997 40.2
41.0 184.49999999999997 60.300000000000004
41.0 184.49999999999997 80.4
41.0 184.49999999999997 100.5
41.0 184.49999999999997 120.60000000000001
41.0 188.6 -120.60000000000001
41.0 188.6 -100.5
41.0 188.6 -80.4
41.0 188.6 -60.300000000000004
41.0 188.6 -40.2
41.0 188.6 -20.1
41.0 188.6 0.0
41.0 188.6 20.1
41.0 188.6 40.2
41.0 188.6 60.300000000000004
41.0 188.6 80.4
41.0 188.6 100.5
41.0 188.6 120.60000000000001
41.0 192.7 -120.60000000000001
41.0 192.7 -100.5
41.0 192.7 -80.4
41.0 192.7 -60.300000000000004
41.0 192.7 -40.2
41.0 192.7 -20.1
41.0 192.7 0.0
41.0 192.7 20.1
41.0 192.7 40.2
41.0 192.7 60.300000000000004
41.0 192.7 80.4
41.0 192.7 100.5
41.0 192.7 120.60000000000001
41.0 196.79999999999998 -120.60000000000001
41.0 196.79999999999998 -100.5
41.0 196.79999999999998 -80.4
41.0 196.79999999999998 -60.300000000000004
41.0 196.79999999999998 -40.2
41.0 196.79999999999998 -20.1
41.0 196.79999999999998 0.0
41.0 196.79999999999998 20.1
41.0 196.79999999999998 40.2
41.0 196.79999999999998 60.300000000000004
41.0 196.79999999999998 80.4
41.0 196.79999999999998 100.5
41.0 196.79999999999998 120.60000000000001
41.0 200.89999999999998 -120.60000000000001
41.0 200.89999999999998 -100.5
41.0 200.89999999999998 -80.4
41.0 200.89999999999998 -60.300000000000004
41.0 200.89999999999998 -40.2
41.0 200.89999999999998 -20.1
41.0 200.89999999999998 0.0
41.0 200.89999999999998 20.1
41.0 200.89999999999998 40.2
41.0 200.89999999999998 60.300000000000004
41.0 200.89999999999998 80.4
41.0 200.89999999999998 100.5
41.0 200.89999999999998 120.60000000000001
41.0 204.99999999999997 -120.60000000000001
41.0 204.99999999999997 -100.5
41.0 204.99999999999997 -80.4
41.0 204.99999999999997 -60.300000000000004
41.0 204.99999999999997 -40.2
41.0 204.99999999999997 -20.1
41.0 204.99999999999997 0.0
41.0 204.99999999999997 20.1
41.0 204.99999999999997 40.2
41.0 204.99999999999997 60.300000000000004
41.0 204.99999999999997 80.4
41.0 204.99999999999997 100.5
41.0 204.99999999999997 120.60000000000001
41.0 209.1 -120.60000000000001
41.0 209.1 -100.5
41.0 209.1 -80.4
41.0 209.1 -60.300000000000004
41.0 209.1 -40.2
41.0 209.1 -20.1
41.0 209.1 0.0
41.0 209.1 20.1
41.0 209.1 40.2
41.0 209.1 60.300000000000004
41.0 209.1 80.4
41.0 209.1 100.5
41.0 209.1 120.60000000000001
41.0 213.2 -120.60000000000001
41.0 213.2 -100.5
41.0 213.2 -80.4
41.0 213.2 -60.300000000000004
41.0 213.2 -40.2
41.0 213.2 -20.1
41.0 213.2 0.0
41.0 213.2 20.1
41.0 213.2 40.2
41.0 213.2 60.300000000000004
41.0 213.2 80.4
41.0 213.2 100.5
41.0 213.2 120.60000000000001
45.099999999999994 -209.1 -120.60000000000001
45.099999999999994 -209.1 -100.5
45.099999999999994 -209.1 -80.4
45.099999999999994 -209.1 -60.300000000000004
45.099999999999994 -209.1 -40.2
45.099999999999994 -209.1 -20.1
45.099999999999994 -209.1 0.0
45.099999999999994 -209.1 20.1
45.099999999999994 -209.1 40.2
45.099999999999994 -209.1 60.300000000000004
45.099999999999994 -209.1 80.4
45.099999999999994 -209.1 100.5
45.099999999999994 -209.1 120.60000000000001
45.099999999999994 -204.99999999999997 -120.60000000000001
45.099999999999994 -204.99999999999997 -100.5
45.099999999999994 -204.99999999999997 -80.4
45.099999999999994 -204.99999999999997 -60.300000000000004
45.099999999999994 -204.99999999999997 -40.2
45.099999999999994 -204.99999999999997 -20.1
45.099999999999994 -204.99999999999997 0.0
45.099999999999994 -204.99999999999997 20.1
45.099999999999994 -204.99999999999997 40.2
45.099999999999994 -204.99999999999997 60.300000000000004
45.099999999999994 -204.99999999999997 80.4
45.099999999999994 -204.99999999999997 100.5
45.099999999999994 -204.99999999999997 120.60000000000001
45.099999999999994 -200.89999999999998 -120.60000000000001
45.099999999999994 -200.89999999999998 -100.5
45.099999999999994 -200.89999999999998 -80.4
45.099999999999994 -200.89999999999998 -60.300000000000004
45.099999999999994 -200.89999999999998 -40.2
45.099999999999994 -200.89999999999998 -20.1
45.099999999999994 -200.89999999999998 0.0
45.099999999999994 -200.89999999999998 20.1
45.099999999999994 -200.89999999999998 40.2
45.099999999999994 -200.89999999999998 60.300000000000004
45.099999999999994 -200.89999999999998 80.4
45.099999999999994 -200.89999999999998 100.5
45.099999999999994 -200.89999999999998 120.60000000000001
45.099999999999994 -196.79999999999998 -120.60000000000001
45.099999999999994 -196.79999999999998 -100.5
45.099999999999994 -196.79999999999998 -80.4
45.099999999999994 -196.79999999999998 -60.300000000000004
45.099999999999994 -196.79999999999998 -40.2
45.099999999999994 -196.79999999999998 -20.1
45.099999999999994 -196.79999999999998 0.0
45.099999999999994 -196.79999999999998 20.1
45.099999999999994 -196.79999999999998 40.2
45.099999999999994 -196.79999999999998 60.300000000000004
45.099999999999994 -196.79999999999998 80.4
45.099999999999994 -196.79999999999998 100.5
45.099999999999994 -196.79999999999998 120.60000000000001
45.099999999999994 -192.7 -120.60000000000001
45.099999999999994 -192.7 -100.5
45.099999999999994 -192.7 -80.4
45.099999999999994 -192.7 -60.300000000000004
45.099999999999994 -192.7 -40.2
45.099999999999994 -192.7 -20.1
45.099999999999994 -192.7 0.0
45.099999999999994 -192.7 20.1
45.099999999999994 -192.7 40.2
45.099999999999994 -192.7 60.300000000000004
45.099999999999994 -192.7 80.4
45.099999999999994 -192.7 100.5
45.099999999999994 -192.7 120.60000000000001
45.099999999999994 -188.6 -120.60000000000001
45.099999999999994 -188.6 -100.5
45.099999999999994 -188.6 -80.4
45.099999999999994 -188.6 -60.300000000000004
45.099999999999994 -188.6 -40.2
45.099999999999994 -188.6 -20.1
45.099999999999994 -188.6 0.0
45.099999999999994 -188.6 20.1
45.099999999999994 -188.6 40.2
45.099999999999994 -188.6 60.300000000000004
45.099999999999994 -188.6 80.4
45.099999999999994 -188.6 100.5
45.099999999999994 -188.6 120.60000000000001
45.099999999999994 -184.49999999999997 -120.60000000000001
45.099999999999994 -184.49999999999997 -100.5
45.099999999999994 -184.49999999999997 -80.4
45.099999999999994 -184.49999999999997 -60.300000000000004
45.099999999999994 -184.49999999999997 -40.2
45.099999999999994 -184.49999999999997 -20.1
45.099999999999994 -184.49999999999997 0.0
45.099999999999994 -184.49999999999997 20.1
45.099999999999994 -184.49999999999997 40.2
45.099999999999994 -184.49999999999997 60.300000000000004
45.099999999999994 -184.49999999999997 80.4
45.099999999999994 -184.49999999999997 100.5
45.099999999999994 -184.49999999999997 120.60000000000001
45.099999999999994 184.49999999999997 -120.60000000000001
45.099999999999994 184.49999999999997 -100.5
45.099999999999994 184.49999999999997 -80.4
45.099999999999994 184.49999999999997 -60.300000000000004
45.099999999999994 184.49999999999997 -40.2
45.099999999999994 184.49999999999997 -20.1
45.099999999999994 184.49999999999997 0.0
45.099999999999994 184.49999999999997 20.1
45.099999999999994 184.49999999999997 40.2
45.099999999999994 184.49999999999997 60.300000000000004
45.099999999999994 184.49999999999997 80.4
45.099999999999994 184.49999999999997 100.5
45.099999999999994 184.49999999999997 120.60000000000001
45.099999999999994 188.6 -120.60000000000001
45.099999999999994 188.6 -100.5
45.099999999999994 188.6 -80.4
45.099999999999994 188.6 -60.300000000000004
45.099999999999994 188.6 -40.2
45.099999999999994 188.6 -20.1
45.099999999999994 188.6 0.0
45.099999999999994 188.6 20.1
45.099999999999994 188.6 40.2
45.099999999999994 188.6 60.300000000000004
45.099999999999994 188.6 80.4
45.099999999999994 188.6 100.5
45.099999999999994 188.6 120.60000000000001
45.099999999999994 192.7 -120.60000000000001
45.099999999999994 192.7 -100.5
45.099999999999994 192.7 -80.4
45.099999999999994 192.7 -60.300000000000004
45.099999999999994 192.7 -40.2
45.099999999999994 192.7 -20.1
45.099999999999994 192.7 0.0
45.099999999999994 192.7 20.1
45.099999999999994 192.7 40.2
45.099999999999994 192.7 60.300000000000004
45.099999999999994 192.7 80.4
45.099999999999994 192.7 100.5
45.099999999999994 192.7 120.60000000000001
45.099999999999994 196.79999999999998 -120.60000000000001
45.099999999999994 196.79999999999998 -100.5
45.099999999999994 196.79999999999998 -80.4
45.099999999999994 196.79999999999998 -60.300000000000004
45.099999999999994 196.79999999999998 -40.2
45.099999999999994 196.79999999999998 -20.1
45.099999999999994 196.79999999999998 0.0
45.099999999999994 196.79999999999998 20.1
45.099999999999994 196.79999999999998 40.2
45.099999999999994 196.79999999999998 60.300000000000004
45.099999999999994 196.79999999999998 80.4
45.099999999999994 196.79999999999998 100.5
45.099999999999994 196.79999999999998 120.60000000000001
45.099999999999994 200.89999999999998 -120.60000000000001
45.099999999999994 200.89999999999998 -100.5
45.099999999999994 200.89999999999998 -80.4
45.099999999999994 200.89999999999998 -60.300000000000004
45.099999999999994 200.89999999999998 -40.2
45.099999999999994 200.89999999999998 -20.1
45.099999999999994 200.89999999999998 0.0
45.099999999999994 200.89999999999998 20.1
45.099999999999994 200.89999999999998 40.2
45.099999999999994 200.89999999999998 60.300000000000004
45.099999999999994 200.89999999999998 80.4
45.099999999999994 200.89999999999998 100.5
45.099999999999994 200.89999999999998 120.60000000000001
45.099999999999994 204.99999999999997 -120.60000000000001
45.099999999999994 204.99999999999997 -100.5
45.099999999999994 204.99999999999997 -80.4
45.099999999999994 204.99999999999997 -60.300000000000004
45.099999999999994 204.99999999999997 -40.2
45.099999999999994 204.99999999999997 -20.1
45.099999999999994 204.99999999999997 0.0
45.099999999999994 204.99999999999997 20.1
45.099999999999994 204.99999999999997 40.2
45.099999999999994 204.99999999999997 60.300000000000004
45.099999999999994 204.99999999999997 80.4
45.099999999999994 204.99999999999997 100.5
45.099999999999994 204.99999999999997 120.60000000000001
45.099999999999994 209.1 -120.60000000000001
45.099999999999994 209.1 -100.5
45.099999999999994 209.1 -80.4
45.099999999999994 209.1 -60.300000000000004
45.099999999999994 209.1 -40.2
45.099999999999994 209.1 -20.1
45.099999999999994 209.1 0.0
45.099999999999994 209.1 20.1
45.099999999999994 209.1 40.2
45.099999999999994 209.1 60.300000000000004
45.099999999999994 209.1 80.4
45.099999999999994 209.1 100.5
45.099999999999994 209.1 120.60000000000001
49.199999999999996 -209.1 -120.60000000000001
49.199999999999996 -209.1 -100.5
49.199999999999996 -209.1 -80.4
49.199999999999996 -209.1 -60.300000000000004
49.199999999999996 -209.1 -40.2
49.199999999999996 -209.1 -20.1
49.199999999999996 -209.1 0.0
49.199999999999996 -209.1 20.1
49.199999999999996 -209.1 40.2
49.199999999999996 -209.1 60.300000000000004
49.199999999999996 -209.1 80.4
49.199999999999996 -209.1 100.5
49.199999999999996 -209.1 120.60000000000001
49.199999999999996 -204.99999999999997 -120.60000000000001
49.199999999999996 -204.99999999999997 -100.5
49.199999999999996 -204.99999999999997 -80.4
49.199999999999996 -204.99999999999997 -60.300000000000004
49.199999999999996 -204.99999999999997 -40.2
49.199999999999996 -204.99999999999997 -20.1
49.199999999999996 -204.99999999999997 0.0
49.199999999999996 -204.99999999999997 20.1
49.199999999999996 -204.99999999999997 40.2
49.199999999999996 -204.99999999999997 60.300000000000004
49.199999999999996 -204.99999999999997 80.4
49.199999999999996 -204.99999999999997 100.5
49.199999999999996 -204.99999999999997 120.60000000000001
49.199999999999996 -200.89999999999998 -120.60000000000001
49.199999999999996 -200.89999999999998 -100.5
49.199999999999996 -200.89999999999998 -80.4
49.199999999999996 -200.89999999999998 -60.300000000000004
49.199999999999996 -200.89999999999998 -40.2
49.199999999999996 -200.89999999999998 -20.1
49.199999999999996 -200.89999999999998 0.0
49.199999999999996 -200.89999999999998 20.1
49.199999999999996 -200.89999999999998 40.2
49.199999999999996 -200.89999999999998 60.300000000000004
49.199999999999996 -200.89999999999998 80.4
49.199999999999996 -200.89999999999998 100.5
49.199999999999996 -200.89999999999998 120.60000000000001
49.199999999999996 -196.79999999999998 -120.60000000000001
49.199999999999996 -196.79999999999998 -100.5
49.199999999999996 -196.79999999999998 -80.4
49.199999999999996 -196.79999999999998 -60.300000000000004
49.199999999999996 -196.79999999999998 -40.2
49.199999999999996 -196.79999999999998 -20.1
49.199999999999996 -196.79999999999998 0.0
49.199999999999996 -196.79999999999998 20.1
49.199999999999996 -196.79999999999998 40.2
49.199999999999996 -196.79999999999998 60.300000000000004
49.199999999999996 -196.79999999999998 80.4
49.199999999999996 -196.79999999999998 100.5
49.199999999999996 -196.79999999999998 120.60000000000001
49.199999999999996 -192.7 -120.60000000000001
49.199999999999996 -192.7 -100.5
49.199999999999996 -192.7 -80.4
49.199999999999996 -192.7 -60.300000000000004
49.199999999999996 -192.7 -40.2
49.199999999999996 -192.7 -20.1
49.199999999999996 -192.7 0.0
49.199999999999996 -192.7 20.1
49.199999999999996 -192.7 40.2
49.199999999999996 -192.7 60.300000000000004
49.199999999999996 -192.7 80.4
49.199999999999996 -192.7 100.5
49.199999999999996 -192.7 120.60000000000001
49.199999999999996 -188.6 -120.60000000000001
49.199999999999996 -188.6 -100.5
49.199999999999996 -188.6 -80.4
49.199999999999996 -188.6 -60.300000000000004
49.199999999999996 -188.6 -40.2
49.199999999999996 -188.6 -20.1
49.199999999999996 -188.6 0.0
49.199999999999996 -188.6 20.1
49.199999999999996 -188.6 40.2
49.199999999999996 -188.6 60.300000000000004
49.199999999999996 -188.6 80.4
49.199999999999996 -188.6 100.5
49.199999999999996 -188.6 120.60000000000001
49.199999999999996 -184.49999999999997 -120.60000000000001
49.199999999999996 -184.49999999999997 -100.5
49.199999999999996 -184.49999999999997 -80.4
49.199999999999996 -184.49999999999997 -60.300000000000004
49.199999999999996 -184.49999999999997 -40.2
49.199999999999996 -184.49999999999997 -20.1
49.199999999999996 -184.49999999999997 0.0
49.199999999999996 -184.49999999999997 20.1
49.199999999999996 -184.49999999999997 40.2
49.199999999999996 -184.49999999999997 60.300000000000004
49.199999999999996 -184.49999999999997 80.4
49.199999999999996 -184.49999999999997 100.5
49.199999999999996 -184.49999999999997 120.60000000000001
49.199999999999996 184.49999999999997 -120.60000000000001
49.199999999999996 184.49999999999997 -100.5
49.199999999999996 184.49999999999997 -80.4
49.199999999999996 184.49999999999997 -60.300000000000004
49.199999999999996 184.49999999999997 -40.2
49.199999999999996 184.49999999999997 -20.1
49.199999999999996 184.49999999999997 0.0
49.199999999999996 184.49999999999997 20.1
49.199999999999996 184.49999999999997 40.2
49.199999999999996 184.49999999999997 60.300000000000004
49.199999999999996 184.49999999999997 80.4
49.199999999999996 184.49999999999997 100.5
49.199999999999996 184.49999999999997 120.60000000000001
49.199999999999996 188.6 -120.60000000000001
49.199999999999996 188.6 -100.5
49.199999999999996 188.6 -80.4
49.199999999999996 188.6 -60.300000000000004
49.199999999999996 188.6 -40.2
49.199999999999996 188.6 -20.1
49.199999999999996 188.6 0.0
49.199999999999996 188.6 20.1
49.199999999999996 188.6 40.2
49.199999999999996 188.6 60.300000000000004
49.199999999999996 188.6 80.4
49.199999999999996 188.6 100.5
49.199999999999996 188.6 120.60000000000001
49.199999999999996 192.7 -120.60000000000001
49.199999999999996 192.7 -100.5
49.199999999999996 192.7 -80.4
49.199999999999996 192.7 -60.300000000000004
49.199999999999996 192.7 -40.2
49.199999999999996 192.7 -20.1
49.199999999999996 192.7 0.0
49.199999999999996 192.7 20.1
49.199999999999996 192.7 40.2
49.199999999999996 192.7 60.300000000000004
49.199999999999996 192.7 80.4
49.199999999999996 192.7 100.5
49.199999999999996 192.7 120.60000000000001
49.199999999999996 196.79999999999998 -120.60000000000001
49.199999999999996 196.79999999999998 -100.5
49.199999999999996 196.79999999999998 -80.4
49.199999999999996 196.79999999999998 -60.300000000000004
49.199999999999996 196.79999999999998 -40.2
49.199999999999996 196.79999999999998 -20.1
49.199999999999996 196.79999999999998 0.0
49.199999999999996 196.79999999999998 20.1
49.199999999999996 196.79999999999998 40.2
49.199999999999996 196.79999999999998 60.300000000000004
49.199999999999996 196.79999999999998 80.4
49.199999999999996 196.79999999999998 100.5
49.199999999999996 196.79999999999998 120.60000000000001
49.199999999999996 200.89999999999998 -120.60000000000001
49.199999999999996 200.89999999999998 -100.5
49.199999999999996 200.89999999999998 -80.4
49.199999999999996 200.89999999999998 -60.300000000000004
49.199999999999996 200.89999999999998 -40.2
49.199999999999996 200.89999999999998 -20.1
49.199999999999996 200.89999999999998 0.0
49.199999999999996 200.89999999999998 20.1
49.199999999999996 200.89999999999998 40.2
49.199999999999996 200.89999999999998 60.300000000000004
49.199999999999996 200.89999999999998 80.4
49.199999999999996 200.89999999999998 100.5
49.199999999999996 200.89999999999998 120.60000000000001
49.199999999999996 204.99999999999997 -120.60000000000001
49.199999999999996 204.99999999999997 -100.5
49.199999999999996 204.99999999999997 -80.4
49.199999999999996 204.99999999999997 -60.300000000000004
49.199999999999996 204.99999999999997 -40.2
49.199999999999996 204.99999999999997 -20.1
49.199999999999996 204.99999999999997 0.0
49.199999999999996 204.99999999999997 20.1
49.199999999999996 204.99999999999997 40.2
49.199999999999996 204.99999999999997 60.300000000000004
49.199999999999996 204.99999999999997 80.4
49.199999999999996 204.99999999999997 100.5
49.199999999999996 204.99999999999997 120.60000000000001
49.199999999999996 209.1 -120.60000000000001
49.199999999999996 209.1 -100.5
49.199999999999996 209.1 -80.4
49.199999999999996 209.1 -60.300000000000004
49.199999999999996 209.1 -40.2
49.199999999999996 209.1 -20.1
49.199999999999996 209.1 0.0
49.199999999999996 209.1 20.1
49.199999999999996 209.1 40.2
49.199999999999996 209.1 60.300000000000004
49.199999999999996 209.1 80.4
49.199999999999996 209.1 100.5
49.199999999999996 209.1 120.60000000000001
53.3 -209.1 -120.60000000000001
53.3 -209.1 -100.5
53.3 -209.1 -80.4
53.3 -209.1 -60.300000000000004
53.3 -209.1 -40.2
53.3 -209.1 -20.1
53.3 -209.1 0.0
53.3 -209.1 20.1
53.3 -209.1 40.2
53.3 -209.1 60.300000000000004
53.3 -209.1 80.4
53.3 -209.1 100.5
53.3 -209.1 120.60000000000001
53.3 -204.99999999999997 -120.60000000000001
53.3 -204.99999999999997 -100.5
53.3 -204.99999999999997 -80.4
53.3 -204.99999999999997 -60.300000000000004
53.3 -204.99999999999997 -40.2
53.3 -204.99999999999997 -20.1
53.3 -204.99999999999997 0.0
53.3 -204.99999999999997 20.1
53.3 -204.99999999999997 40.2
53.3 -204.99999999999997 60.300000000000004
53.3 -204.99999999999997 80.4
53.3 -204.99999999999997 100.5
53.3 -204.99999999999997 120.60000000000001
53.3 -200.89999999999998 -120.60000000000001
53.3 -200.89999999999998 -100.5
53.3 -200.89999999999998 -80.4
53.3 -200.89999999999998 -60.300000000000004
53.3 -200.89999999999998 -40.2
53.3 -200.89999999999998 -20.1
53.3 -200.89999999999998 0.0
53.3 -200.89999999999998 20.1
53.3 -200.89999999999998 40.2
53.3 -200.89999999999998 60.300000000000004
53.3 -200.89999999999998 80.4
53.3 -200.89999999999998 100.5
53.3 -200.89999999999998 120.60000000000001
53.3 -196.79999999999998 -120.60000000000001
53.3 -196.79999999999998 -100.5
53.3 -196.79999999999998 -80.4
53.3 -196.79999999999998 -60.300000000000004
53.3 -196.79999999999998 -40.2
53.3 -196.79999999999998 -20.1
53.3 -196.79999999999998 0.0
53.3 -196.79999999999998 20.1
53.3 -196.79999999999998 40.2
53.3 -196.79999999999998 60.300000000000004
53.3 -196.79999999999998 80.4
53.3 -196.79999999999998 100.5
53.3 -196.79999999999998 120.60000000000001
53.3 -192.7 -120.60000000000001
53.3 -192.7 -100.5
53.3 -192.7 -80.4
53.3 -192.7 -60.300000000000004
53.3 -192.7 -40.2
53.3 -192.7 -20.1
53.3 -192.7 0.0
53.3 -192.7 20.1
53.3 -192.7 40.2
53.3 -192.7 60.300000000000004
53.3 -192.7 80.4
53.3 -192.7 100.5
53.3 -192.7 120.60000000000001
53.3 -188.6 -120.60000000000001
53.3 -188.6 -100.5
53.3 -188.6 -80.4
53.3 -188.6 -60.300000000000004
53.3 -188.6 -40.2
53.3 -188.6 -20.1
53.3 -188.6 0.0
53.3 -188.6 20.1
53.3 -188.6 40.2
53.3 -188.6 60.300000000000004
53.3 -188.6 80.4
53.3 -188.6 100.5
53.3 -188.6 120.60000000000001
53.3 -184.49999999999997 -120.60000000000001
53.3 -184.49999999999997 -100.5
53.3 -184.49999999999997 -80.4
53.3 -184.49999999999997 -60.300000000000004
53.3 -184.49999999999997 -40.2
53.3 -184.49999999999997 -20.1
53.3 -184.49999999999997 0.0
53.3 -184.49999999999997 20.1
53.3 -184.49999999999997 40.2
53.3 -184.49999999999997 60.300000000000004
53.3 -184.49999999999997 80.4
53.3 -184.49999999999997 100.5
53.3 -184.49999999999997 120.60000000000001
53.3 184.49999999999997 -120.60000000000001
53.3 184.49999999999997 -100.5
53.3 184.49999999999997 -80.4
53.3 184.49999999999997 -60.300000000000004
53.3 184.49999999999997 -40.2
53.3 184.49999999999997 -20.1
53.3 184.49999999999997 0.0
53.3 184.49999999999997 20.1
53.3 184.49999999999997 40.2
53.3 184.49999999999997 60.300000000000004
53.3 184.49999999999997 80.4
53.3 184.49999999999997 100.5
53.3 184.49999999999997 120.60000000000001
53.3 188.6 -120.60000000000001
53.3 188.6 -100.5
53.3 188.6 -80.4
53.3 188.6 -60.300000000000004
53.3 188.6 -40.2
53.3 188.6 -20.1
53.3 188.6 0.0
53.3 188.6 20.1
53.3 188.6 40.2
53.3 188.6 60.300000000000004
53.3 188.6 80.4
53.3 188.6 100.5
53.3 188.6 120.60000000000001
53.3 192.7 -120.60000000000001
53.3 192.7 -100.5
53.3 192.7 -80.4
53.3 192.7 -60.300000000000004
53.3 192.7 -40.2
53.3 192.7 -20.1
53.3 192.7 0.0
53.3 192.7 20.1
53.3 192.7 40.2
53.3 192.7 60.300000000000004
53.3 192.7 80.4
53.3 192.7 100.5
53.3 192.7 120.60000000000001
53.3 196.79999999999998 -120.60000000000001
53.3 196.79999999999998 -100.5
53.3 196.79999999999998 -80.4
53.3 196.79999999999998 -60.300000000000004
53.3 196.79999999999998 -40.2
53.3 196.79999999999998 -20.1
53.3 196.79999999999998 0.0
53.3 196.79999999999998 20.1
53.3 196.79999999999998 40.2
53.3 196.79999999999998 60.300000000000004
53.3 196.79999999999998 80.4
53.3 196.79999999999998 100.5
53.3 196.79999999999998 120.60000000000001
53.3 200.89999999999998 -120.60000000000001
53.3 200.89999999999998 -100.5
53.3 200.89999999999998 -80.4
53.3 200.89999999999998 -60.300000000000004
53.3 200.89999999999998 -40.2
53.3 200.89999999999998 -20.1
53.3 200.89999999999998 0.0
53.3 200.89999999999998 20.1
53.3 200.89999999999998 40.2
53.3 200.89999999999998 60.300000000000004
53.3 200.89999999999998 80.4
53.3 200.89999999999998 100.5
53.3 200.89999999999998 120.60000000000001
53.3 204.99999999999997 -120.60000000000001
53.3 204.99999999999997 -100.5
53.3 204.99999999999997 -80.4
53.3 204.99999999999997 -60.300000000000004
53.3 204.99999999999997 -40.2
53.3 204.99999999999997 -20.1
53.3 204.99999999999997 0.0
53.3 204.99999999999997 20.1
53.3 204.99999999999997 40.2
53.3 204.99999999999997 60.300000000000004
53.3 204.99999999999997 80.4
53.3 204.99999999999997 100.5
53.3 204.99999999999997 120.60000000000001
53.3 209.1 -120.60000000000001
53.3 209.1 -100.5
53.3 209.1 -80.4
53.3 209.1 -60.300000000000004
53.3 209.1 -40.2
53.3 209.1 -20.1
53.3 209.1 0.0
53.3 209.1 20.1
53.3 209.1 40.2
53.3 209.1 60.300000000000004
53.3 209.1 80.4
53.3 209.1 100.5
53.3 209.1 120.60000000000001
57.39999999999999 -209.1 -120.60000000000001
57.39999999999999 -209.1 -100.5
57.39999999999999 -209.1 -80.4
57.39999999999999 -209.1 -60.300000000000004
57.39999999999999 -209.1 -40.2
57.39999999999999 -209.1 -20.1
57.39999999999999 -209.1 0.0
57.39999999999999 -209.1 20.1
57.39999999999999 -209.1 40.2
57.39999999999999 -209.1 60.300000000000004
57.39999999999999 -209.1 80.4
57.39999999999999 -209.1 100.5
57.39999999999999 -209.1 120.60000000000001
57.39999999999999 -204.99999999999997 -120.60000000000001
57.39999999999999 -204.99999999999997 -100.5
57.39999999999999 -204.99999999999997 -80.4
57.39999999999999 -204.99999999999997 -60.300000000000004
57.39999999999999 -204.99999999999997 -40.2
57.39999999999999 -204.99999999999997 -20.1
57.39999999999999 -204.99999999999997 0.0
57.39999999999999 -204.99999999999997 20.1
57.39999999999999 -204.99999999999997 40.2
57.39999999999999 -204.99999999999997 60.300000000000004
57.39999999999999 -204.99999999999997 80.4
57.39999999999999 -204.99999999999997 100.5
57.39999999999999 -204.99999999999997 120.60000000000001
57.39999999999999 -200.89999999999998 -120.60000000000001
57.39999999999999 -200.89999999999998 -100.5
57.39999999999999 -200.89999999999998 -80.4
57.39999999999999 -200.89999999999998 -60.300000000000004
57.39999999999999 -200.89999999999998 -40.2
57.39999999999999 -200.89999999999998 -20.1
57.39999999999999 -200.89999999999998 0.0
57.39999999999999 -200.89999999999998 20.1
57.39999999999999 -200.89999999999998 40.2
57.39999999999999 -200.89999999999998 60.300000000000004
57.39999999999999 -200.89999999999998 80.4
57.39999999999999 -200.89999999999998 100.5
57.39999999999999 -200.89999999999998 120.60000000000001
57.39999999999999 -196.79999999999998 -120.60000000000001
57.39999999999999 -196.79999999999998 -100.5
57.39999999999999 -196.79999999999998 -80.4
57.39999999999999 -196.79999999999998 -60.300000000000004
57.39999999999999 -196.79999999999998 -40.2
57.39999999999999 -196.79999999999998 -20.1
57.39999999999999 -196.79999999999998 0.0
57.39999999999999 -196.79999999999998 20.1
57.39999999999999 -196.79999999999998 40.2
57.39999999999999 -196.79999999999998 60.300000000000004
57.39999999999999 -196.79999999999998 80.4
57.39999999999999 -196.79999999999998 100.5
57.39999999999999 -196.79999999999998 120.60000000000001
57.39999999999999 -192.7 -120.60000000000001
57.39999999999999 -192.7 -100.5
57.39999999999999 -192.7 -80.4
57.39999999999999 -192.7 -60.300000000000004
57.39999999999999 -192.7 -40.2
57.39999999999999 -192.7 -20.1
57.39999999999999 -192.7 0.0
57.39999999999999 -192.7 20.1
57.39999999999999 -192.7 40.2
57.39999999999999 -192.7 60.300000000000004
57.39999999999999 -192.7 80.4
57.39999999999999 -192.7 100.5
57.39999999999999 -192.7 120.60000000000001
57.39999999999999 -188.6 -120.60000000000001
57.39999999999999 -188.6 -100.5
57.39999999999999 -188.6 -80.4
57.39999999999999 -188.6 -60.300000000000004
57.39999999999999 -188.6 -40.2
57.39999999999999 -188.6 -20.1
57.39999999999999 -188.6 0.0
57.39999999999999 -188.6 20.1
57.39999999999999 -188.6 40.2
57.39999999999999 -188.6 60.300000000000004
57.39999999999999 -188.6 80.4
57.39999999999999 -188.6 100.5
57.39999999999999 -188.6 120.60000000000001
57.39999999999999 -184.49999999999997 -120.60000000000001
57.39999999999999 -184.49999999999997 -100.5
57.39999999999999 -184.49999999999997 -80.4
57.39999999999999 -184.49999999999997 -60.300000000000004
57.39999999999999 -184.49999999999997 -40.2
57.39999999999999 -184.49999999999997 -20.1
57.39999999999999 -184.49999999999997 0.0
57.39999999999999 -184.49999999999997 20.1
57.39999999999999 -184.49999999999997 40.2
57.39999999999999 -184.49999999999997 60.300000000000004
57.39999999999999 -184.49999999999997 80.4
57.39999999999999 -184.49999999999997 100.5
57.39999999999999 -184.49999999999997 120.60000000000001
57.39999999999999 -180.39999999999998 -120.60000000000001
57.39999999999999 -180.39999999999998 -100.5
57.39999999999999 -180.39999999999998 -80.4
57.39999999999999 -180.39999999999998 -60.300000000000004
57.39999999999999 -180.39999999999998 -40.2
57.39999999999999 -180.39999999999998 -20.1
57.39999999999999 -180.39999999999998 0.0
57.39999999999999 -180.39999999999998 20.1
57.39999999999999 -180.39999999999998 40.2
57.39999999999999 -180.39999999999998 60.300000000000004
57.39999999999999 -180.39999999999998 80.4
57.39999999999999 -180.39999999999998 100.5
57.39999999999999 -180.39999999999998 120.60000000000001
57.39999999999999 180.39999999999998 -120.60000000000001
57.39999999999999 180.39999999999998 -100.5
57.39999999999999 180.39999999999998 -80.4
57.39999999999999 180.39999999999998 -60.300000000000004
57.39999999999999 180.39999999999998 -40.2
57.39999999999999 180.39999999999998 -20.1
57.39999999999999 180.39999999999998 0.0
57.39999999999999 180.39999999999998 20.1
57.39999999999999 180.39999999999998 40.2
57.39999999999999 180.39999999999998 60.300000000000004
57.39999999999999 180.39999999999998 80.4
57.39999999999999 180.39999999999998 100.5
57.39999999999999 180.39999999999998 120.60000000000001
57.39999999999999 184.49999999999997 -120.60000000000001
57.39999999999999 184.49999999999997 -100.5
57.39999999999999 184.49999999999997 -80.4
57.39999999999999 184.49999999999997 -60.300000000000004
57.39999999999999 184.49999999999997 -40.2
57.39999999999999 184.49999999999997 -20.1
57.39999999999999 184.49999999999997 0.0
57.39999999999999 184.49999999999997 20.1
57.39999999999999 184.49999999999997 40.2
57.39999999999999 184.49999999999997 60.300000000000004
57.39999999999999 184.49999999999997 80.4
57.39999999999999 184.49999999999997 100.5
57.39999999999999 184.49999999999997 120.60000000000001
57.39999999999999 188.6 -120.60000000000001
57.39999999999999 188.6 -100.5
57.39999999999999 188.6 -80.4
57.39999999999999 188.6 -60.300000000000004
57.39999999999999 188.6 -40.2
57.39999999999999 188.6 -20.1
57.39999999999999 188.6 0.0
57.39999999999999 188.6 20.1
57.39999999999999 188.6 40.2
57.39999999999999 188.6 60.300000000000004
57.39999999999999 188.6 80.4
57.39999999999999 188.6 100.5
57.39999999999999 188.6 120.60000000000001
57.39999999999999 192.7 -120.60000000000001
57.39999999999999 192.7 -100.5
57.39999999999999 192.7 -80.4
57.39999999999999 192.7 -60.300000000000004
57.39999999999999 192.7 -40.2
57.39999999999999 192.7 -20.1
57.39999999999999 192.7 0.0
57.39999999999999 192.7 20.1
57.39999999999999 192.7 40.2
57.39999999999999 192.7 60.300000000000004
57.39999999999999 192.7 80.4
57.39999999999999 192.7 100.5
57.39999999999999 192.7 120.60000000000001
57.39999999999999 196.79999999999998 -120.60000000000001
57.39999999999999 196.79999999999998 -100.5
57.39999999999999 196.79999999999998 -80.4
57.39999999999999 196.79999999999998 -60.300000000000004
57.39999999999999 196.79999999999998 -40.2
57.39999999999999 196.79999999999998 -20.1
57.39999999999999 196.79999999999998 0.0
57.39999999999999 196.79999999999998 20.1
57.39999999999999 196.79999999999998 40.2
57.39999999999999 196.79999999999998 60.300000000000004
57.39999999999999 196.79999999999998 80.4
57.39999999999999 196.79999999999998 100.5
57.39999999999999 196.79999999999998 120.60000000000001
57.39999999999999 200.89999999999998 -120.60000000000001
57.39999999999999 200.89999999999998 -100.5
57.39999999999999 200.89999999999998 -80.4
57.39999999999999 200.89999999999998 -60.300000000000004
57.39999999999999 200.89999999999998 -40.2
57.39999999999999 200.89999999999998 -20.1
57.39999999999999 200.89999999999998 0.0
57.39999999999999 200.89999999999998 20.1
57.39999999999999 200.89999999999998 40.2
57.39999999999999 200.89999999999998 60.300000000000004
57.39999999999999 200.89999999999998 80.4
57.39999999999999 200.89999999999998 100.5
57.39999999999999 200.89999999999998 120.60000000000001
57.39999999999999 204.99999999999997 -120.60000000000001
57.39999999999999 204.99999999999997 -100.5
57.39999999999999 204.99999999999997 -80.4
57.39999999999999 204.99999999999997 -60.300000000000004
57.39999999999999 204.99999999999997 -40.2
57.39999999999999 204.99999999999997 -20.1
57.39999999999999 204.99999999999997 0.0
57.39999999999999 204.99999999999997 20.1
57.39999999999999 204.99999999999997 40.2
57.39999999999999 204.99999999999997 60.300000000000004
57.39999999999999 204.99999999999997 80.4
57.39999999999999 204.99999999999997 100.5
57.39999999999999 204.99999999999997 120.60000000000001
57.39999999999999 209.1 -120.60000000000001
57.39999999999999 209.1 -100.5
57.39999999999999 209.1 -80.4
57.39999999999999 209.1 -60.300000000000004
57.39999999999999 209.1 -40.2
57.39999999999999 209.1 -20.1
57.39999999999999 209.1 0.0
57.39999999999999 209.1 20.1
57.39999999999999 209.1 40.2
57.39999999999999 209.1 60.300000000000004
57.39999999999999 209.1 80.4
57.39999999999999 209.1 100.5
57.39999999999999 209.1 120.60000000000001
61.49999999999999 -204.99999999999997 -120.60000000000001
61.49999999999999 -204.99999999999997 -100.5
61.49999999999999 -204.99999999999997 -80.4
61.49999999999999 -204.99999999999997 -60.300000000000004
61.49999999999999 -204.99999999999997 -40.2
61.49999999999999 -204.99999999999997 -20.1
61.49999999999999 -204.99999999999997 0.0
61.49999999999999 -204.99999999999997 20.1
61.49999999999999 -204.99999999999997 40.2
61.49999999999999 -204.99999999999997 60.300000000000004
61.49999999999999 -204.99999999999997 80.4
61.49999999999999 -204.99999999999997 100.5
61.49999999999999 -204.99999999999997 120.60000000000001
61.49999999999999 -200.89999999999998 -120.60000000000001
61.49999999999999 -200.89999999999998 -100.5
61.49999999999999 -200.89999999999998 -80.4
61.49999999999999 -200.89999999999998 -60.300000000000004
61.49999999999999 -200.89999999999998 -40.2
61.49999999999999 -200.89999999999998 -20.1
61.49999999999999 -200.89999999999998 0.0
61.49999999999999 -200.89999999999998 20.1
61.49999999999999 -200.89999999999998 40.2
61.49999999999999 -200.89999999999998 60.300000000000004
61.49999999999999 -200.89999999999998 80.4
61.49999999999999 -200.89999999999998 100.5
61.49999999999999 -200.89999999999998 120.60000000000001
61.49999999999999 -196.79999999999998 -120.60000000000001
61.49999999999999 -196.79999999999998 -100.5
61.49999999999999 -196.79999999999998 -80.4
61.49999999999999 -196.79999999999998 -60.300000000000004
61.49999999999999 -196.79999999999998 -40.2
61.49999999999999 -196.79999999999998 -20.1
61.49999999999999 -196.79999999999998 0.0
61.49999999999999 -196.79999999999998 20.1
61.49999999999999 -196.79999999999998 40.2
61.49999999999999 -196.79999999999998 60.300000000000004
61.49999999999999 -196.79999999999998 80.4
61.49999999999999 -196.79999999999998 100.5
61.49999999999999 -196.79999999999998 120.60000000000001
61.49999999999999 -192.7 -120.60000000000001
61.49999999999999 -192.7 -100.5
61.49999999999999 -192.7 -80.4
61.49999999999999 -192.7 -60.300000000000004
61.49999999999999 -192.7 -40.2
61.49999999999999 -192.7 -20.1
61.49999999999999 -192.7 0.0
61.49999999999999 -192.7 20.1
61.49999999999999 -192.7 40.2
61.49999999999999 -192.7 60.300000000000004
61.49999999999999 -192.7 80.4
61.49999999999999 -192.7 100.5
61.49999999999999 -192.7 120.60000000000001
61.49999999999999 -188.6 -120.60000000000001
61.49999999999999 -188.6 -100.5
61.49999999999999 -188.6 -80.4
61.49999999999999 -188.6 -60.300000000000004
61.49999999999999 -188.6 -40.2
61.49999999999999 -188.6 -20.1
61.49999999999999 -188.6 0.0
61.49999999999999 -188.6 20.1
61.49999999999999 -188.6 40.2
61.49999999999999 -188.6 60.300000000000004
61.49999999999999 -188.6 80.4
61.49999999999999 -188.6 100.5
61.49999999999999 -188.6 120.60000000000001
61.49999999999999 -184.49999999999997 -120.60000000000001
61.49999999999999 -184.49999999999997 -100.5
61.49999999999999 -184.49999999999997 -80.4
61.49999999999999 -184.49999999999997 -60.300000000000004
61.49999999999999 -184.49999999999997 -40.2
61.49999999999999 -184.49999999999997 -20.1
61.49999999999999 -184.49999999999997 0.0
61.49999999999999 -184.49999999999997 20.1
61.49999999999999 -184.49999999999997 40.2
61.49999999999999 -184.49999999999997 60.300000000000004
61.49999999999999 -184.49999999999997 80.4
61.49999999999999 -184.49999999999997 100.5
61.49999999999999 -184.49999999999997 120.60000000000001
61.49999999999999 -180.39999999999998 -120.60000000000001
61.49999999999999 -180.39999999999998 -100.5
61.49999999999999 -180.39999999999998 -80.4
61.49999999999999 -180.39999999999998 -60.300000000000004
61.49999999999999 -180.39999999999998 -40.2
61.49999999999999 -180.39999999999998 -20.1
61.49999999999999 -180.39999999999998 0.0
61.49999999999999 -180.39999999999998 20.1
61.49999999999999 -180.39999999999998 40.2
61.49999999999999 -180.39999999999998 60.300000000000004
61.49999999999999 -180.39999999999998 80.4
61.49999999999999 -180.39999999999998 100.5
61.49999999999999 -180.39999999999998 120.60000000000001
61.49999999999999 180.39999999999998 -120.60000000000001
61.49999999999999 180.39999999999998 -100.5
61.49999999999999 180.39999999999998 -80.4
61.49999999999999 180.39999999999998 -60.300000000000004
61.49999999999999 180.39999999999998 -40.2
61.49999999999999 180.39999999999998 -20.1
61.49999999999999 180.39999999999998 0.0
61.49999999999999 180.39999999999998 20.1
61.49999999999999 180.39999999999998 40.2
61.49999999999999 180.39999999999998 60.300000000000004
61.49999999999999 180.39999999999998 80.4
61.49999999999999 180.39999999999998 100.5
61.49999999999999 180.39999999999998 120.60000000000001
61.49999999999999 184.49999999999997 -120.60000000000001
61.49999999999999 184.49999999999997 -100.5
61.49999999999999 184.49999999999997 -80.4
61.49999999999999 184.49999999999997 -60.300000000000004
61.49999999999999 184.49999999999997 -40.2
61.49999999999999 184.49999999999997 -20.1
61.49999999999999 184.49999999999997 0.0
61.49999999999999 184.49999999999997 20.1
61.49999999999999 184.49999999999997 40.2
61.49999999999999 184.49999999999997 60.300000000000004
61.49999999999999 184.49999999999997 80.4
61.49999999999999 184.49999999999997 100.5
61.49999999999999 184.49999999999997 120.60000000000001
61.49999999999999 188.6 -120.60000000000001
61.49999999999999 188.6 -100.5
61.49999999999999 188.6 -80.4
61.49999999999999 188.6 -60.300000000000004
61.49999999999999 188.6 -40.2
61.49999999999999 188.6 -20.1
61.49999999999999 188.6 0.0
61.49999999999999 188.6 20.1
61.49999999999999 188.6 40.2
61.49999999999999 188.6 60.300000000000004
61.49999999999999 188.6 80.4
61.49999999999999 188.6 100.5
61.49999999999999 188.6 120.60000000000001
61.49999999999999 192.7 -120.60000000000001
61.49999999999999 192.7 -100.5
61.49999999999999 192.7 -80.4
61.49999999999999 192.7 -60.300000000000004
61.49999999999999 192.7 -40.2
61.49999999999999 192.7 -20.1
61.49999999999999 192.7 0.0
61.49999999999999 192.7 20.1
61.49999999999999 192.7 40.2
61.49999999999999 192.7 60.300000000000004
61.49999999999999 192.7 80.4
61.49999999999999 192.7 100.5
61.49999999999999 192.7 120.60000000000001
61.49999999999999 196.79999999999998 -120.60000000000001
61.49999999999999 196.79999999999998 -100.5
61.49999999999999 196.79999999999998 -80.4
61.49999999999999 196.79999999999998 -60.300000000000004
61.49999999999999 196.79999999999998 -40.2
61.49999999999999 196.79999999999998 -20.1
61.49999999999999 196.79999999999998 0.0
61.49999999999999 196.79999999999998 20.1
61.49999999999999 196.79999999999998 40.2
61.49999999999999 196.79999999999998 60.300000000000004
61.49999999999999 196.79999999999998 80.4
61.49999999999999 196.79999999999998 100.5
61.49999999999999 196.79999999999998 120.60000000000001
61.49999999999999 200.89999999999998 -120.60000000000001
61.49999999999999 200.89999999999998 -100.5
61.49999999999999 200.89999999999998 -80.4
61.49999999999999 200.89999999999998 -60.300000000000004
61.49999999999999 200.89999999999998 -40.2
61.49999999999999 200.89999999999998 -20.1
61.49999999999999 200.89999999999998 0.0
61.49999999999999 200.89999999999998 20.1
61.49999999999999 200.89999999999998 40.2
61.49999999999999 200.89999999999998 60.300000000000004
61.49999999999999 200.89999999999998 80.4
61.49999999999999 200.89999999999998 100.5
61.49999999999999 200.89999999999998 120.60000000000001
61.49999999999999 204.99999999999997 -120.60000000000001
61.49999999999999 204.99999999999997 -100.5
61.49999999999999 204.99999999999997 -80.4
61.49999999999999 204.99999999999997 -60.300000000000004
61.49999999999999 204.99999999999997 -40.2
61.49999999999999 204.99999999999997 -20.1
61.49999999999999 204.99999999999997 0.0
61.49999999999999 204.99999999999997 20.1
61.49999999999999 204.99999999999997 40.2
61.49999999999999 204.99999999999997 60.300000000000004
61.49999999999999 204.99999999999997 80.4
61.49999999999999 204.99999999999997 100.5
61.49999999999999 204.99999999999997 120.60000000000001
65.6 -204.99999999999997 -120.60000000000001
65.6 -204.99999999999997 -100.5
65.6 -204.99999999999997 -80.4
65.6 -204.99999999999997 -60.300000000000004
65.6 -204.99999999999997 -40.2
65.6 -204.99999999999997 -20.1
65.6 -204.99999999999997 0.0
65.6 -204.99999999999997 20.1
65.6 -204.99999999999997 40.2
65.6 -204.99999999999997 60.300000000000004
65.6 -204.99999999999997 80.4
65.6 -204.99999999999997 100.5
65.6 -204.99999999999997 120.60000000000001
65.6 -200.89999999999998 -120.60000000000001
65.6 -200.89999999999998 -100.5
65.6 -200.89999999999998 -80.4
65.6 -200.89999999999998 -60.300000000000004
65.6 -200.89999999999998 -40.2
65.6 -200.89999999999998 -20.1
65.6 -200.89999999999998 0.0
65.6 -200.89999999999998 20.1
65.6 -200.89999999999998 40.2
65.6 -200.89999999999998 60.300000000000004
65.6 -200.89999999999998 80.4
65.6 -200.89999999999998 100.5
65.6 -200.89999999999998 120.60000000000001
65.6 -196.79999999999998 -120.60000000000001
65.6 -196.79999999999998 -100.5
65.6 -196.79999999999998 -80.4
65.6 -196.79999999999998 -60.300000000000004
65.6 -196.79999999999998 -40.2
65.6 -196.79999999999998 -20.1
65.6 -196.79999999999998 0.0
65.6 -196.79999999999998 20.1
65.6 -196.79999999999998 40.2
65.6 -196.79999999999998 60.300000000000004
65.6 -196.79999999999998 80.4
65.6 -196.79999999999998 100.5
65.6 -196.79999999999998 120.60000000000001
65.6 -192.7 -120.60000000000001
65.6 -192.7 -100.5
65.6 -192.7 -80.4
65.6 -192.7 -60.300000000000004
65.6 -192.7 -40.2
65.6 -192.7 -20.1
65.6 -192.7 0.0
65.6 -192.7 20.1
65.6 -192.7 40.2
65.6 -192.7 60.300000000000004
65.6 -192.7 80.4
65.6 -192.7 100.5
65.6 -192.7 120.60000000000001
65.6 -188.6 -120.60000000000001
65.6 -188.6 -100.5
65.6 -188.6 -80.4
65.6 -188.6 -60.300000000000004
65.6 -188.6 -40.2
65.6 -188.6 -20.1
65.6 -188.6 0.0
65.6 -188.6 20.1
65.6 -188.6 40.2
65.6 -188.6 60.300000000000004
65.6 -188.6 80.4
65.6 -188.6 100.5
65.6 -188.6 120.60000000000001
65.6 -184.49999999999997 -120.60000000000001
65.6 -184.49999999999997 -100.5
65.6 -184.49999999999997 -80.4
65.6 -184.49999999999997 -60.300000000000004
65.6 -184.49999999999997 -40.2
65.6 -184.49999999999997 -20.1
65.6 -184.49999999999997 0.0
65.6 -184.49999999999997 20.1
65.6 -184.49999999999997 40.2
65.6 -184.49999999999997 60.300000000000004
65.6 -184.49999999999997 80.4
65.6 -184.49999999999997 100.5
65.6 -184.49999999999997 120.60000000000001
65.6 -180.39999999999998 -120.60000000000001
65.6 -180.39999999999998 -100.5
65.6 -180.39999999999998 -80.4
65.6 -180.39999999999998 -60.300000000000004
65.6 -180.39999999999998 -40.2
65.6 -180.39999999999998 -20.1
65.6 -180.39999999999998 0.0
65.6 -180.39999999999998 20.1
65.6 -180.39999999999998 40.2
65.6 -180.39999999999998 60.300000000000004
65.6 -180.39999999999998 80.4
65.6 -180.39999999999998 100.5
65.6 -180.39999999999998 120.60000000000001
65.6 180.39999999999998 -120.60000000000001
65.6 180.39999999999998 -100.5
65.6 180.39999999999998 -80.4
65.6 180.39999999999998 -60.300000000000004
65.6 180.39999999999998 -40.2
65.6 180.39999999999998 -20.1
65.6 180.39999999999998 0.0
65.6 180.39999999999998 20.1
65.6 180.39999999999998 40.2
65.6 180.39999999999998 60.300000000000004
65.6 180.39999999999998 80.4
65.6 180.39999999999998 100.5
65.6 180.39999999999998 120.60000000000001
65.6 184.49999999999997 -120.60000000000001
65.6 184.49999999999997 -100.5
65.6 184.49999999999997 -80.4
65.6 184.49999999999997 -60.300000000000004
65.6 184.49999999999997 -40.2
65.6 184.49999999999997 -20.1
65.6 184.49999999999997 0.0
65.6 184.49999999999997 20.1
65.6 184.49999999999997 40.2
65.6 184.49999999999997 60.300000000000004
65.6 184.49999999999997 80.4
65.6 184.49999999999997 100.5
65.6 184.49999999999997 120.60000000000001
65.6 188.6 -120.60000000000001
65.6 188.6 -100.5
65.6 188.6 -80.4
65.6 188.6 -60.300000000000004
65.6 188.6 -40.2
65.6 188.6 -20.1
65.6 188.6 0.0
65.6 188.6 20.1
65.6 188.6 40.2
65.6 188.6 60.300000000000004
65.6 188.6 80.4
65.6 188.6 100.5
65.6 188.6 120.60000000000001
65.6 192.7 -120.60000000000001
65.6 192.7 -100.5
65.6 192.7 -80.4
65.6 192.7 -60.300000000000004
65.6 192.7 -40.2
65.6 192.7 -20.1
65.6 192.7 0.0
65.6 192.7 20.1
65.6 192.7 40.2
65.6 192.7 60.300000000000004
65.6 192.7 80.4
65.6 192.7 100.5
65.6 192.7 120.60000000000001
65.6 196.79999999999998 -120.60000000000001
65.6 196.79999999999998 -100.5
65.6 196.79999999999998 -80.4
65.6 196.79999999999998 -60.300000000000004
65.6 196.79999999999998 -40.2
65.6 196.79999999999998 -20.1
65.6 196.79999999999998 0.0
65.6 196.79999999999998 20.1
65.6 196.79999999999998 40.2
65.6 196.79999999999998 60.300000000000004
65.6 196.79999999999998 80.4
65.6 196.79999999999998 100.5
65.6 196.79999999999998 120.60000000000001
65.6 200.89999999999998 -120.60000000000001
65.6 200.89999999999998 -100.5
65.6 200.89999999999998 -80.4
65.6 200.89999999999998 -60.300000000000004
65.6 200.89999999999998 -40.2
65.6 200.89999999999998 -20.1
65.6 200.89999999999998 0.0
65.6 200.89999999999998 20.1
65.6 200.89999999999998 40.2
65.6 200.89999999999998 60.300000000000004
65.6 200.89999999999998 80.4
65.6 200.89999999999998 100.5
65.6 200.89999999999998 120.60000000000001
65.6 204.99999999999997 -120.60000000000001
65.6 204.99999999999997 -100.5
65.6 204.99999999999997 -80.4
65.6 204.99999999999997 -60.300000000000004
65.6 204.99999999999997 -40.2
65.6 204.99999999999997 -20.1
65.6 204.99999999999997 0.0
65.6 204.99999999999997 20.1
65.6 204.99999999999997 40.2
65.6 204.99999999999997 60.300000000000004
65.6 204.99999999999997 80.4
65.6 204.99999999999997 100.5
65.6 204.99999999999997 120.60000000000001
69.69999999999999 -204.99999999999997 -120.60000000000001
69.69999999999999 -204.99999999999997 -100.5
69.69999999999999 -204.99999999999997 -80.4
69.69999999999999 -204.99999999999997 -60.300000000000004
69.69999999999999 -204.99999999999997 -40.2
69.69999999999999 -204.99999999999997 -20.1
69.69999999999999 -204.99999999999997 0.0
69.69999999999999 -204.99999999999997 20.1
69.69999999999999 -204.99999999999997 40.2
69.69999999999999 -204.99999999999997 60.300000000000004
69.69999999999999 -204.99999999999997 80.4
69.69999999999999 -204.99999999999997 100.5
69.69999999999999 -204.99999999999997 120.60000000000001
69.69999999999999 -200.89999999999998 -120.60000000000001
69.69999999999999 -200.89999999999998 -100.5
69.69999999999999 -200.89999999999998 -80.4
69.69999999999999 -200.89999999999998 -60.300000000000004
69.69999999999999 -200.89999999999998 -40.2
69.69999999999999 -200.89999999999998 -20.1
69.69999999999999 -200.89999999999998 0.0
69.69999999999999 -200.89999999999998 20.1
69.69999999999999 -200.89999999999998 40.2
69.69999999999999 -200.89999999999998 60.300000000000004
69.69999999999999 -200.89999999999998 80.4
69.69999999999999 -200.89999999999998 100.5
69.69999999999999 -200.89999999999998 120.60000000000001
69.69999999999999 -196.79999999999998 -120.60000000000001
69.69999999999999 -196.79999999999998 -100.5
69.69999999999999 -196.79999999999998 -80.4
69.69999999999999 -196.79999999999998 -60.300000000000004
69.69999999999999 -196.79999999999998 -40.2
69.69999999999999 -196.79999999999998 -20.1
69.69999999999999 -196.79999999999998 0.0
69.69999999999999 -196.79999999999998 20.1
69.69999999999999 -196.79999999999998 40.2
69.69999999999999 -196.79999999999998 60.300000000000004
69.69999999999999 -196.79999999999998 80.4
69.69999999999999 -196.79999999999998 100.5
69.69999999999999 -196.79999999999998 120.60000000000001
69.69999999999999 -192.7 -120.60000000000001
69.69999999999999 -192.7 -100.5
69.69999999999999 -192.7 -80.4
69.69999999999999 -192.7 -60.300000000000004
69.69999999999999 -192.7 -40.2
69.69999999999999 -192.7 -20.1
69.69999999999999 -192.7 0.0
69.69999999999999 -192.7 20.1
69.69999999999999 -192.7 40.2
69.69999999999999 -192.7 60.300000000000004
69.69999999999999 -192.7 80.4
69.69999999999999 -192.7 100.5
69.69999999999999 -192.7 120.60000000000001
69.69999999999999 -188.6 -120.60000000000001
69.69999999999999 -188.6 -100.5
69.69999999999999 -188.6 -80.4
69.69999999999999 -188.6 -60.300000000000004
69.69999999999999 -188.6 -40.2
69.69999999999999 -188.6 -20.1
69.69999999999999 -188.6 0.0
69.69999999999999 -188.6 20.1
69.69999999999999 -188.6 40.2
69.69999999999999 -188.6 60.300000000000004
69.69999999999999 -188.6 80.4
69.69999999999999 -188.6 100.5
69.69999999999999 -188.6 120.60000000000001
69.69999999999999 -184.49999999999997 -120.60000000000001
69.69999999999999 -184.49999999999997 -100.5
69.69999999999999 -184.49999999999997 -80.4
69.69999999999999 -184.49999999999997 -60.300000000000004
69.69999999999999 -184.49999999999997 -40.2
69.69999999999999 -184.49999999999997 -20.1
69.69999999999999 -184.49999999999997 0.0
69.69999999999999 -184.49999999999997 20.1
69.69999999999999 -184.49999999999997 40.2
69.69999999999999 -184.49999999999997 60.300000000000004
69.69999999999999 -184.49999999999997 80.4
69.69999999999999 -184.49999999999997 100.5
69.69999999999999 -184.49999999999997 120.60000000000001
69.69999999999999 -180.39999999999998 -120.60000000000001
69.69999999999999 -180.39999999999998 -100.5
69.69999999999999 -180.39999999999998 -80.4
69.69999999999999 -180.39999999999998 -60.300000000000004
69.69999999999999 -180.39999999999998 -40.2
69.69999999999999 -180.39999999999998 -20.1
69.69999999999999 -180.39999999999998 0.0
69.69999999999999 -180.39999999999998 20.1
69.69999999999999 -180.39999999999998 40.2
69.69999999999999 -180.39999999999998 60.300000000000004
69.69999999999999 -180.39999999999998 80.4
69.69999999999999 -180.39999999999998 100.5
69.69999999999999 -180.39999999999998 120.60000000000001
69.69999999999999 -176.29999999999998 -120.60000000000001
69.69999999999999 -176.29999999999998 -100.5
69.69999999999999 -176.29999999999998 -80.4
69.69999999999999 -176.29999999999998 -60.300000000000004
69.69999999999999 -176.29999999999998 -40.2
69.69999999999999 -176.29999999999998 -20.1
69.69999999999999 -176.29999999999998 0.0
69.69999999999999 -176.29999999999998 20.1
69.69999999999999 -176.29999999999998 40.2
69.69999999999999 -176.29999999999998 60.300000000000004
69.69999999999999 -176.29999999999998 80.4
69.69999999999999 -176.29999999999998 100.5
69.69999999999999 -176.29999999999998 120.60000000000001
69.69999999999999 176.29999999999998 -120.60000000000001
69.69999999999999 176.29999999999998 -100.5
69.69999999999999 176.29999999999998 -80.4
69.69999999999999 176.29999999999998 -60.300000000000004
69.69999999999999 176.29999999999998 -40.2
69.69999999999999 176.29999999999998 -20.1
69.69999999999999 176.29999999999998 0.0
69.69999999999999 176.29999999999998 20.1
69.69999999999999 176.29999999999998 40.2
69.69999999999999 176.29999999999998 60.300000000000004
69.69999999999999 176.29999999999998 80.4
69.69999999999999 176.29999999999998 100.5
69.69999999999999 176.29999999999998 120.60000000000001
69.69999999999999 180.39999999999998 -120.60000000000001
69.69999999999999 180.39999999999998 -100.5
69.69999999999999 180.39999999999998 -80.4
69.69999999999999 180.39999999999998 -60.300000000000004
69.69999999999999 180.39999999999998 -40.2
69.69999999999999 180.39999999999998 -20.1
69.69999999999999 180.39999999999998 0.0
69.69999999999999 180.39999999999998 20.1
69.69999999999999 180.39999999999998 40.2
69.69999999999999 180.39999999999998 60.300000000000004
69.69999999999999 180.39999999999998 80.4
69.69999999999999 180.39999999999998 100.5
69.69999999999999 180.39999999999998 120.60000000000001
69.69999999999999 184.49999999999997 -120.60000000000001
69.69999999999999 184.49999999999997 -100.5
69.69999999999999 184.49999999999997 -80.4
69.69999999999999 184.49999999999997 -60.300000000000004
69.69999999999999 184.49999999999997 -40.2
69.69999999999999 184.49999999999997 -20.1
69.69999999999999 184.49999999999997 0.0
69.69999999999999 184.49999999999997 20.1
69.69999999999999 184.49999999999997 40.2
69.69999999999999 184.49999999999997 60.300000000000004
69.69999999999999 184.49999999999997 80.4
69.69999999999999 184.49999999999997 100.5
69.69999999999999 184.49999999999997 120.60000000000001
69.69999999999999 188.6 -120.60000000000001
69.69999999999999 188.6 -100.5
69.69999999999999 188.6 -80.4
69.69999999999999 188.6 -60.300000000000004
69.69999999999999 188.6 -40.2
69.69999999999999 188.6 -20.1
69.69999999999999 188.6 0.0
69.69999999999999 188.6 20.1
69.69999999999999 188.6 40.2
69.69999999999999 188.6 60.300000000000004
69.69999999999999 188.6 80.4
69.69999999999999 188.6 100.5
69.69999999999999 188.6 120.60000000000001
69.69999999999999 192.7 -120.60000000000001
69.69999999999999 192.7 -100.5
69.69999999999999 192.7 -80.4
69.69999999999999 192.7 -60.300000000000004
69.69999999999999 192.7 -40.2
69.69999999999999 192.7 -20.1
69.69999999999999 192.7 0.0
69.69999999999999 192.7 20.1
69.69999999999999 192.7 40.2
69.69999999999999 192.7 60.300000000000004
69.69999999999999 192.7 80.4
69.69999999999999 192.7 100.5
69.69999999999999 192.7 120.60000000000001
69.69999999999999 196.79999999999998 -120.60000000000001
69.69999999999999 196.79999999999998 -100.5
69.69999999999999 196.79999999999998 -80.4
69.69999999999999 196.79999999999998 -60.300000000000004
69.69999999999999 196.79999999999998 -40.2
69.69999999999999 196.79999999999998 -20.1
69.69999999999999 196.79999999999998 0.0
69.69999999999999 196.79999999999998 20.1
69.69999999999999 196.79999999999998 40.2
69.69999999999999 196.79999999999998 60.300000000000004
69.69999999999999 196.79999999999998 80.4
69.69999999999999 196.79999999999998 100.5
69.69999999999999 196.79999999999998 120.60000000000001
69.69999999999999 200.89999999999998 -120.60000000000001
69.69999999999999 200.89999999999998 -100.5
69.69999999999999 200.89999999999998 -80.4
69.69999999999999 200.89999999999998 -60.300000000000004
69.69999999999999 200.89999999999998 -40.2
69.69999999999999 200.89999999999998 -20.1
69.69999999999999 200.89999999999998 0.0
69.69999999999999 200.89999999999998 20.1
69.69999999999999 200.89999999999998 40.2
69.69999999999999 200.89999999999998 60.300000000000004
69.69999999999999 200.89999999999998 80.4
69.69999999999999 200.89999999999998 100.5
69.69999999999999 200.89999999999998 120.60000000000001
69.69999999999999 204.99999999999997 -120.60000000000001
69.69999999999999 204.99999999999997 -100.5
69.69999999999999 204.99999999999997 -80.4
69.69999999999999 204.99999999999997 -60.300000000000004
69.69999999999999 204.99999999999997 -40.2
69.69999999999999 204.99999999999997 -20.1
69.69999999999999 204.99999999999997 0.0
69.69999999999999 204.99999999999997 20.1
69.69999999999999 204.99999999999997 40.2
69.69999999999999 204.99999999999997 60.300000000000004
69.69999999999999 204.99999999999997 80.4
69.69999999999999 204.99999999999997 100.5
69.69999999999999 204.99999999999997 120.60000000000001
73.8 -200.89999999999998 -120.60000000000001
73.8 -200.89999999999998 -100.5
73.8 -200.89999999999998 -80.4
73.8 -200.89999999999998 -60.300000000000004
73.8 -200.89999999999998 -40.2
73.8 -200.89999999999998 -20.1
73.8 -200.89999999999998 0.0
73.8 -200.89999999999998 20.1
73.8 -200.89999999999998 40.2
73.8 -200.89999999999998 60.300000000000004
73.8 -200.89999999999998 80.4
73.8 -200.89999999999998 100.5
73.8 -200.89999999999998 120.60000000000001
73.8 -196.79999999999998 -120.60000000000001
73.8 -196.79999999999998 -100.5
73.8 -196.79999999999998 -80.4
73.8 -196.79999999999998 -60.300000000000004
73.8 -196.79999999999998 -40.2
73.8 -196.79999999999998 -20.1
73.8 -196.79999999999998 0.0
73.8 -196.79999999999998 20.1
73.8 -196.79999999999998 40.2
73.8 -196.79999999999998 60.300000000000004
73.8 -196.79999999999998 80.4
73.8 -196.79999999999998 100.5
73.8 -196.79999999999998 120.60000000000001
73.8 -192.7 -120.60000000000001
73.8 -192.7 -100.5
73.8 -192.7 -80.4
73.8 -192.7 -60.300000000000004
73.8 -192.7 -40.2
73.8 -192.7 -20.1
73.8 -192.7 0.0
73.8 -192.7 20.1
73.8 -192.7 40.2
73.8 -192.7 60.300000000000004
73.8 -192.7 80.4
73.8 -192.7 100.5
73.8 -192.7 120.60000000000001
73.8 -188.6 -120.60000000000001
73.8 -188.6 -100.5
73.8 -188.6 -80.4
73.8 -188.6 -60.300000000000004
73.8 -188.6 -40.2
73.8 -188.6 -20.1
73.8 -188.6 0.0
73.8 -188.6 20.1
73.8 -188.6 40.2
73.8 -188.6 60.300000000000004
73.8 -188.6 80.4
73.8 -188.6 100.5
73.8 -188.6 120.60000000000001
73.8 -184.49999999999997 -120.60000000000001
73.8 -184.49999999999997 -100.5
73.8 -184.49999999999997 -80.4
73.8 -184.49999999999997 -60.300000000000004
73.8 -184.49999999999997 -40.2
73.8 -184.49999999999997 -20.1
73.8 -184.49999999999997 0.0
73.8 -184.49999999999997 20.1
73.8 -184.49999999999997 40.2
73.8 -184.49999999999997 60.300000000000004
73.8 -184.49999999999997 80.4
73.8 -184.49999999999997 100.5
73.8 -184.49999999999997 120.60000000000001
73.8 -180.39999999999998 -120.60000000000001
73.8 -180.39999999999998 -100.5
73.8 -180.39999999999998 -80.4
73.8 -180.39999999999998 -60.300000000000004
73.8 -180.39999999999998 -40.2
73.8 -180.39999999999998 -20.1
73.8 -180.39999999999998 0.0
73.8 -180.39999999999998 20.1
73.8 -180.39999999999998 40.2
73.8 -180.39999999999998 60.300000000000004
73.8 -180.39999999999998 80.4
73.8 -180.39999999999998 100.5
73.8 -180.39999999999998 120.60000000000001
73.8 -176.29999999999998 -120.60000000000001
73.8 -176.29999999999998 -100.5
73.8 -176.29999999999998 -80.4
73.8 -176.29999999999998 -60.300000000000004
73.8 -176.29999999999998 -40.2
73.8 -176.29999999999998 -20.1
73.8 -176.29999999999998 0.0
73.8 -176.29999999999998 20.1
73.8 -176.29999999999998 40.2
73.8 -176.29999999999998 60.300000000000004
73.8 -176.29999999999998 80.4
73.8 -176.29999999999998 100.5
73.8 -176.29999999999998 120.60000000000001
73.8 176.29999999999998 -120.60000000000001
73.8 176.29999999999998 -100.5
73.8 176.29999999999998 -80.4
73.8 176.29999999999998 -60.300000000000004
73.8 176.29999999999998 -40.2
73.8 176.29999999999998 -20.1
73.8 176.29999999999998 0.0
73.8 176.29999999999998 20.1
73.8 176.29999999999998 40.2
73.8 176.29999999999998 60.300000000000004
73.8 176.29999999999998 80.4
73.8 176.29999999999998 100.5
73.8 176.29999999999998 120.60000000000001
73.8 180.39999999999998 -120.60000000000001
73.8 180.39999999999998 -100.5
73.8 180.39999999999998 -80.4
73.8 180.39999999999998 -60.300000000000004
73.8 180.39999999999998 -40.2
73.8 180.39999999999998 -20.1
73.8 180.39999999999998 0.0
73.8 180.39999999999998 20.1
73.8 180.39999999999998 40.2
73.8 180.39999999999998 60.300000000000004
73.8 180.39999999999998 80.4
73.8 180.39999999999998 100.5
73.8 180.39999999999998 120.60000000000001
73.8 184.49999999999997 -120.60000000000001
73.8 184.49999999999997 -100.5
73.8 184.49999999999997 -80.4
73.8 184.49999999999997 -60.300000000000004
73.8 184.49999999999997 -40.2
73.8 184.49999999999997 -20.1
73.8 184.49999999999997 0.0
73.8 184.49999999999997 20.1
73.8 184.49999999999997 40.2
73.8 184.49999999999997 60.300000000000004
73.8 184.49999999999997 80.4
73.8 184.49999999999997 100.5
73.8 184.49999999999997 120.60000000000001
73.8 188.6 -120.60000000000001
73.8 188.6 -100.5
73.8 188.6 -80.4
73.8 188.6 -60.300000000000004
73.8 188.6 -40.2
73.8 188.6 -20.1
73.8 188.6 0.0
73.8 188.6 20.1
73.8 188.6 40.2
73.8 188.6 60.300000000000004
73.8 188.6 80.4
73.8 188.6 100.5
73.8 188.6 120.60000000000001
73.8 192.7 -120.60000000000001
73.8 192.7 -100.5
73.8 192.7 -80.4
73.8 192.7 -60.300000000000004
73.8 192.7 -40.2
73.8 192.7 -20.1
73.8 192.7 0.0
73.8 192.7 20.1
73.8 192.7 40.2
73.8 192.7 60.300000000000004
73.8 192.7 80.4
73.8 192.7 100.5
73.8 192.7 120.60000000000001
73.8 196.79999999999998 -120.60000000000001
73.8 196.79999999999998 -100.5
73.8 196.79999999999998 -80.4
73.8 196.79999999999998 -60.300000000000004
73.8 196.79999999999998 -40.2
73.8 196.79999999999998 -20.1
73.8 196.79999999999998 0.0
73.8 196.79999999999998 20.1
73.8 196.79999999999998 40.2
73.8 196.79999999999998 60.300000000000004
73.8 196.79999999999998 80.4
73.8 196.79999999999998 100.5
73.8 196.79999999999998 120.60000000000001
73.8 200.89999999999998 -120.60000000000001
73.8 200.89999999999998 -100.5
73.8 200.89999999999998 -80.4
73.8 200.89999999999998 -60.300000000000004
73.8 200.89999999999998 -40.2
73.8 200.89999999999998 -20.1
73.8 200.89999999999998 0.0
73.8 200.89999999999998 20.1
73.8 200.89999999999998 40.2
73.8 200.89999999999998 60.300000000000004
73.8 200.89999999999998 80.4
73.8 200.89999999999998 100.5
73.8 200.89999999999998 120.60000000000001
77.89999999999999 -200.89999999999998 -120.60000000000001
77.89999999999999 -200.89999999999998 -100.5
77.89999999999999 -200.89999999999998 -80.4
77.89999999999999 -200.89999999999998 -60.300000000000004
77.89999999999999 -200.89999999999998 -40.2
77.89999999999999 -200.89999999999998 -20.1
77.89999999999999 -200.89999999999998 0.0
77.89999999999999 -200.89999999999998 20.1
77.89999999999999 -200.89999999999998 40.2
77.89999999999999 -200.89999999999998 60.300000000000004
77.89999999999999 -200.89999999999998 80.4
77.89999999999999 -200.89999999999998 100.5
77.89999999999999 -200.89999999999998 120.60000000000001
77.89999999999999 -196.79999999999998 -120.60000000000001
77.89999999999999 -196.79999999999998 -100.5
77.89999999999999 -196.79999999999998 -80.4
77.89999999999999 -196.79999999999998 -60.300000000000004
77.89999999999999 -196.79999999999998 -40.2
77.89999999999999 -196.79999999999998 -20.1
77.89999999999999 -196.79999999999998 0.0
77.89999999999999 -196.79999999999998 20.1
77.89999999999999 -196.79999999999998 40.2
77.89999999999999 -196.79999999999998 60.300000000000004
77.89999999999999 -196.79999999999998 80.4
77.89999999999999 -196.79999999999998 100.5
77.89999999999999 -196.79999999999998 120.60000000000001
77.89999999999999 -192.7 -120.60000000000001
77.89999999999999 -192.7 -100.5
77.89999999999999 -192.7 -80.4
77.89999999999999 -192.7 -60.300000000000004
77.89999999999999 -192.7 -40.2
77.89999999999999 -192.7 -20.1
77.89999999999999 -192.7 0.0
77.89999999999999 -192.7 20.1
77.89999999999999 -192.7 40.2
77.89999999999999 -192.7 60.300000000000004
77.89999999999999 -192.7 80.4
77.89999999999999 -192.7 100.5
77.89999999999999 -192.7 120.60000000000001
77.89999999999999 -188.6 -120.60000000000001
77.89999999999999 -188.6 -100.5
77.89999999999999 -188.6 -80.4
77.89999999999999 -188.6 -60.300000000000004
77.89999999999999 -188.6 -40.2
77.89999999999999 -188.6 -20.1
77.89999999999999 -188.6 0.0
77.89999999999999 -188.6 20.1
77.89999999999999 -188.6 40.2
77.89999999999999 -188.6 60.300000000000004
77.89999999999999 -188.6 80.4
77.89999999999999 -188.6 100.5
77.89999999999999 -188.6 120.60000000000001
77.89999999999999 -184.49999999999997 -120.60000000000001
77.89999999999999 -184.49999999999997 -100.5
77.89999999999999 -184.49999999999997 -80.4
77.89999999999999 -184.49999999999997 -60.300000000000004
77.89999999999999 -184.49999999999997 -40.2
77.89999999999999 -184.49999999999997 -20.1
77.89999999999999 -184.49999999999997 0.0
77.89999999999999 -184.49999999999997 20.1
77.89999999999999 -184.49999999999997 40.2
77.89999999999999 -184.49999999999997 60.300000000000004
77.89999999999999 -184.49999999999997 80.4
77.89999999999999 -184.49999999999997 100.5
77.89999999999999 -184.49999999999997 120.60000000000001
77.89999999999999 -180.39999999999998 -120.60000000000001
77.89999999999999 -180.39999999999998 -100.5
77.89999999999999 -180.39999999999998 -80.4
77.89999999999999 -180.39999999999998 -60.300000000000004
77.89999999999999 -180.39999999999998 -40.2
77.89999999999999 -180.39999999999998 -20.1
77.89999999999999 -180.39999999999998 0.0
77.89999999999999 -180.39999999999998 20.1
77.89999999999999 -180.39999999999998 40.2
77.89999999999999 -180.39999999999998 60.300000000000004
77.89999999999999 -180.39999999999998 80.4
77.89999999999999 -180.39999999999998 100.5
77.89999999999999 -180.39999999999998 120.60000000000001
77.89999999999999 -176.29999999999998 -120.60000000000001
77.89999999999999 -176.29999999999998 -100.5
77.89999999999999 -176.29999999999998 -80.4
77.89999999999999 -176.29999999999998 -60.300000000000004
77.89999999999999 -176.29999999999998 -40.2
77.89999999999999 -176.29999999999998 -20.1
77.89999999999999 -176.29999999999998 0.0
77.89999999999999 -176.29999999999998 20.1
77.89999999999999 -176.29999999999998 40.2
77.89999999999999 -176.29999999999998 60.300000000000004
77.89999999999999 -176.29999999999998 80.4
77.89999999999999 -176.29999999999998 100.5
77.89999999999999 -176.29999999999998 120.60000000000001
77.89999999999999 -172.2 -120.60000000000001
77.89999999999999 -172.2 -100.5
77.89999999999999 -172.2 -80.4
77.89999999999999 -172.2 -60.300000000000004
77.89999999999999 -172.2 -40.2
77.89999999999999 -172.2 -20.1
77.89999999999999 -172.2 0.0
77.89999999999999 -172.2 20.1
77.89999999999999 -172.2 40.2
77.89999999999999 -172.2 60.300000000000004
77.89999999999999 -172.2 80.4
77.89999999999999 -172.2 100.5
77.89999999999999 -172.2 120.60000000000001
77.89999999999999 172.2 -120.60000000000001
77.89999999999999 172.2 -100.5
77.89999999999999 172.2 -80.4
77.89999999999999 172.2 -60.300000000000004
77.89999999999999 172.2 -40.2
77.89999999999999 172.2 -20.1
77.89999999999999 172.2 0.0
77.89999999999999 172.2 20.1
77.89999999999999 172.2 40.2
77.89999999999999 172.2 60.300000000000004
77.89999999999999 172.2 80.4
77.89999999999999 172.2 100.5
77.89999999999999 172.2 120.60000000000001
77.89999999999999 176.29999999999998 -120.60000000000001
77.89999999999999 176.29999999999998 -100.5
77.89999999999999 176.29999999999998 -80.4
77.89999999999999 176.29999999999998 -60.300000000000004
77.89999999999999 176.29999999999998 -40.2
77.89999999999999 176.29999999999998 -20.1
77.89999999999999 176.29999999999998 0.0
77.89999999999999 176.29999999999998 20.1
77.89999999999999 176.29999999999998 40.2
77.89999999999999 176.29999999999998 60.300000000000004
77.89999999999999 176.29999999999998 80.4
77.89999999999999 176.29999999999998 100.5
77.89999999999999 176.29999999999998 120.60000000000001
77.89999999999999 180.39999999999998 -120.60000000000001
77.89999999999999 180.39999999999998 -100.5
77.89999999999999 180.39999999999998 -80.4
77.89999999999999 180.39999999999998 -60.300000000000004
77.89999999999999 180.39999999999998 -40.2
77.89999999999999 180.39999999999998 -20.1
77.89999999999999 180.39999999999998 0.0
77.89999999999999 180.39999999999998 20.1
77.89999999999999 180.39999999999998 40.2
77.89999999999999 180.39999999999998 60.300000000000004
77.89999999999999 180.39999999999998 80.4
77.89999999999999 180.39999999999998 100.5
77.89999999999999 180.39999999999998 120.60000000000001
77.89999999999999 184.49999999999997 -120.60000000000001
77.89999999999999 184.49999999999997 -100.5
77.89999999999999 184.49999999999997 -80.4
77.89999999999999 184.49999999999997 -60.300000000000004
77.89999999999999 184.49999999999997 -40.2
77.89999999999999 184.49999999999997 -20.1
77.89999999999999 184.49999999999997 0.0
77.89999999999999 184.49999999999997 20.1
77.89999999999999 184.49999999999997 40.2
77.89999999999999 184.49999999999997 60.300000000000004
77.89999999999999 184.49999999999997 80.4
77.89999999999999 184.49999999999997 100.5
77.89999999999999 184.49999999999997 120.60000000000001
77.89999999999999 188.6 -120.60000000000001
77.89999999999999 188.6 -100.5
77.89999999999999 188.6 -80.4
77.89999999999999 188.6 -60.300000000000004
77.89999999999999 188.6 -40.2
77.89999999999999 188.6 -20.1
77.89999999999999 188.6 0.0
77.89999999999999 188.6 20.1
77.89999999999999 188.6 40.2
77.89999999999999 188.6 60.300000000000004
77.89999999999999 188.6 80.4
77.89999999999999 188.6 100.5
77.89999999999999 188.6 120.60000000000001
77.89999999999999 192.7 -120.60000000000001
77.89999999999999 192.7 -100.5
77.89999999999999 192.7 -80.4
77.89999999999999 192.7 -60.300000000000004
77.89999999999999 192.7 -40.2
77.89999999999999 192.7 -20.1
77.89999999999999 192.7 0.0
77.89999999999999 192.7 20.1
77.89999999999999 192.7 40.2
77.89999999999999 192.7 60.300000000000004
77.89999999999999 192.7 80.4
77.89999999999999 192.7 100.5
77.89999999999999 192.7 120.60000000000001
77.89999999999999 196.79999999999998 -120.60000000000001
77.89999999999999 196.79999999999998 -100.5
77.89999999999999 196.79999999999998 -80.4
77.89999999999999 196.79999999999998 -60.300000000000004
77.89999999999999 196.79999999999998 -40.2
77.89999999999999 196.79999999999998 -20.1
77.89999999999999 196.79999999999998 0.0
77.89999999999999 196.79999999999998 20.1
77.89999999999999 196.79999999999998 40.2
77.89999999999999 196.79999999999998 60.300000000000004
77.89999999999999 196.79999999999998 80.4
77.89999999999999 196.79999999999998 100.5
77.89999999999999 196.79999999999998 120.60000000000001
77.89999999999999 200.89999999999998 -120.60000000000001
77.89999999999999 200.89999999999998 -100.5
77.89999999999999 200.89999999999998 -80.4
77.89999999999999 200.89999999999998 -60.300000000000004
77.89999999999999 200.89999999999998 -40.2
77.89999999999999 200.89999999999998 -20.1
77.89999999999999 200.89999999999998 0.0
77.89999999999999 200.89999999999998 20.1
77.89999999999999 200.89999999999998 40.2
77.89999999999999 200.89999999999998 60.300000000000004
77.89999999999999 200.89999999999998 80.4
77.89999999999999 200.89999999999998 100.5
77.89999999999999 200.89999999999998 120.60000000000001
82.0 -200.89999999999998 -120.60000000000001
82.0 -200.89999999999998 -100.5
82.0 -200.89999999999998 -80.4
82.0 -200.89999999999998 -60.300000000000004
82.0 -200.89999999999998 -40.2
82.0 -200.89999999999998 -20.1
82.0 -200.89999999999998 0.0
82.0 -200.89999999999998 20.1
82.0 -200.89999999999998 40.2
82.0 -200.89999999999998 60.300000000000004
82.0 -200.89999999999998 80.4
82.0 -200.89999999999998 100.5
82.0 -200.89999999999998 120.60000000000001
82.0 -196.79999999999998 -120.60000000000001
82.0 -196.79999999999998 -100.5
82.0 -196.79999999999998 -80.4
82.0 -196.79999999999998 -60.300000000000004
82.0 -196.79999999999998 -40.2
82.0 -196.79999999999998 -20.1
82.0 -196.79999999999998 0.0
82.0 -196.79999999999998 20.1
82.0 -196.79999999999998 40.2
82.0 -196.79999999999998 60.300000000000004
82.0 -196.79999999999998 80.4
82.0 -196.79999999999998 100.5
82.0 -196.79999999999998 120.60000000000001
82.0 -192.7 -120.60000000000001
82.0 -192.7 -100.5
82.0 -192.7 -80.4
82.0 -192.7 -60.300000000000004
82.0 -192.7 -40.2
82.0 -192.7 -20.1
82.0 -192.7 0.0
82.0 -192.7 20.1
82.0 -192.7 40.2
82.0 -192.7 60.300000000000004
82.0 -192.7 80.4
82.0 -192.7 100.5
82.0 -192.7 120.60000000000001
82.0 -188.6 -120.60000000000001
82.0 -188.6 -100.5
82.0 -188.6 -80.4
82.0 -188.6 -60.300000000000004
82.0 -188.6 -40.2
82.0 -188.6 -20.1
82.0 -188.6 0.0
82.0 -188.6 20.1
82.0 -188.6 40.2
82.0 -188.6 60.300000000000004
82.0 -188.6 80.4
82.0 -188.6 100.5
82.0 -188.6 120.60000000000001
82.0 -184.49999999999997 -120.60000000000001
82.0 -184.49999999999997 -100.5
82.0 -184.49999999999997 -80.4
82.0 -184.49999999999997 -60.300000000000004
82.0 -184.49999999999997 -40.2
82.0 -184.49999999999997 -20.1
82.0 -184.49999999999997 0.0
82.0 -184.49999999999997 20.1
82.0 -184.49999999999997 40.2
82.0 -184.49999999999997 60.300000000000004
82.0 -184.49999999999997 80.4
82.0 -184.49999999999997 100.5
82.0 -184.49999999999997 120.60000000000001
82.0 -180.39999999999998 -120.60000000000001
82.0 -180.39999999999998 -100.5
82.0 -180.39999999999998 -80.4
82.0 -180.39999999999998 -60.300000000000004
82.0 -180.39999999999998 -40.2
82.0 -180.39999999999998 -20.1
82.0 -180.39999999999998 0.0
82.0 -180.39999999999998 20.1
82.0 -180.39999999999998 40.2
82.0 -180.39999999999998 60.300000000000004
82.0 -180.39999999999998 80.4
82.0 -180.39999999999998 100.5
82.0 -180.39999999999998 120.60000000000001
82.0 -176.29999999999998 -120.60000000000001
82.0 -176.29999999999998 -100.5
82.0 -176.29999999999998 -80.4
82.0 -176.29999999999998 -60.300000000000004
82.0 -176.29999999999998 -40.2
82.0 -176.29999999999998 -20.1
82.0 -176.29999999999998 0.0
82.0 -176.29999999999998 20.1
82.0 -176.29999999999998 40.2
82.0 -176.29999999999998 60.300000000000004
82.0 -176.29999999999998 80.4
82.0 -176.29999999999998 100.5
82.0 -176.29999999999998 120.60000000000001
82.0 -172.2 -120.60000000000001
82.0 -172.2 -100.5
82.0 -172.2 -80.4
82.0 -172.2 -60.300000000000004
82.0 -172.2 -40.2
82.0 -172.2 -20.1
82.0 -172.2 0.0
82.0 -172.2 20.1
82.0 -172.2 40.2
82.0 -172.2 60.300000000000004
82.0 -172.2 80.4
82.0 -172.2 100.5
82.0 -172.2 120.60000000000001
82.0 172.2 -120.60000000000001
82.0 172.2 -100.5
82.0 172.2 -80.4
82.0 172.2 -60.300000000000004
82.0 172.2 -40.2
82.0 172.2 -20.1
82.0 172.2 0.0
82.0 172.2 20.1
82.0 172.2 40.2
82.0 172.2 60.300000000000004
82.0 172.2 80.4
82.0 172.2 100.5
82.0 172.2 120.60000000000001
82.0 176.29999999999998 -120.60000000000001
82.0 176.29999999999998 -100.5
82.0 176.29999999999998 -80.4
82.0 176.29999999999998 -60.300000000000004
82.0 176.29999999999998 -40.2
82.0 176.29999999999998 -20.1
82.0 176.29999999999998 0.0
82.0 176.29999999999998 20.1
82.0 176.29999999999998 40.2
82.0 176.29999999999998 60.300000000000004
82.0 176.29999999999998 80.4
82.0 176.29999999999998 100.5
82.0 176.29999999999998 120.60000000000001
82.0 180.39999999999998 -120.60000000000001
82.0 180.39999999999998 -100.5
82.0 180.39999999999998 -80.4
82.0 180.39999999999998 -60.300000000000004
82.0 180.39999999999998 -40.2
82.0 180.39999999999998 -20.1
82.0 180.39999999999998 0.0
82.0 180.39999999999998 20.1
82.0 180.39999999999998 40.2
82.0 180.39999999999998 60.300000000000004
82.0 180.39999999999998 80.4
82.0 180.39999999999998 100.5
82.0 180.39999999999998 120.60000000000001
82.0 184.49999999999997 -120.60000000000001
82.0 184.49999999999997 -100.5
82.0 184.49999999999997 -80.4
82.0 184.49999999999997 -60.300000000000004
82.0 184.49999999999997 -40.2
82.0 184.49999999999997 -20.1
82.0 184.49999999999997 0.0
82.0 184.49999999999997 20.1
82.0 184.49999999999997 40.2
82.0 184.49999999999997 60.300000000000004
82.0 184.49999999999997 80.4
82.0 184.49999999999997 100.5
82.0 184.49999999999997 120.60000000000001
82.0 188.6 -120.60000000000001
82.0 188.6 -100.5
82.0 188.6 -80.4
82.0 188.6 -60.300000000000004
82.0 188.6 -40.2
82.0 188.6 -20.1
82.0 188.6 0.0
82.0 188.6 20.1
82.0 188.6 40.2
82.0 188.6 60.300000000000004
82.0 188.6 80.4
82.0 188.6 100.5
82.0 188.6 120.60000000000001
82.0 192.7 -120.60000000000001
82.0 192.7 -100.5
82.0 192.7 -80.4
82.0 192.7 -60.300000000000004
82.0 192.7 -40.2
82.0 192.7 -20.1
82.0 192.7 0.0
82.0 192.7 20.1
82.0 192.7 40.2
82.0 192.7 60.300000000000004
82.0 192.7 80.4
82.0 192.7 100.5
82.0 192.7 120.60000000000001
82.0 196.79999999999998 -120.60000000000001
82.0 196.79999999999998 -100.5
82.0 196.79999999999998 -80.4
82.0 196.79999999999998 -60.300000000000004
82.0 196.79999999999998 -40.2
82.0 196.79999999999998 -20.1
82.0 196.79999999999998 0.0
82.0 196.79999999999998 20.1
82.0 196.79999999999998 40.2
82.0 196.79999999999998 60.300000000000004
82.0 196.79999999999998 80.4
82.0 196.79999999999998 100.5
82.0 196.79999999999998 120.60000000000001
82.0 200.89999999999998 -120.60000000000001
82.0 200.89999999999998 -100.5
82.0 200.89999999999998 -80.4
82.0 200.89999999999998 -60.300000000000004
82.0 200.89999999999998 -40.2
82.0 200.89999999999998 -20.1
82.0 200.89999999999998 0.0
82.0 200.89999999999998 20.1
82.0 200.89999999999998 40.2
82.0 200.89999999999998 60.300000000000004
82.0 200.89999999999998 80.4
82.0 200.89999999999998 100.5
82.0 200.89999999999998 120.60000000000001
86.1 -196.79999999999998 -120.60000000000001
86.1 -196.79999999999998 -100.5
86.1 -196.79999999999998 -80.4
86.1 -196.79999999999998 -60.300000000000004
86.1 -196.79999999999998 -40.2
86.1 -196.79999999999998 -20.1
86.1 -196.79999999999998 0.0
86.1 -196.79999999999998 20.1
86.1 -196.79999999999998 40.2
86.1 -196.79999999999998 60.300000000000004
86.1 -196.79999999999998 80.4
86.1 -196.79999999999998 100.5
86.1 -196.79999999999998 120.60000000000001
86.1 -192.7 -120.60000000000001
86.1 -192.7 -100.5
86.1 -192.7 -80.4
86.1 -192.7 -60.300000000000004
86.1 -192.7 -40.2
86.1 -192.7 -20.1
86.1 -192.7 0.0
86.1 -192.7 20.1
86.1 -192.7 40.2
86.1 -192.7 60.300000000000004
86.1 -192.7 80.4
86.1 -192.7 100.5
86.1 -192.7 120.60000000000001
86.1 -188.6 -120.60000000000001
86.1 -188.6 -100.5
86.1 -188.6 -80.4
86.1 -188.6 -60.300000000000004
86.1 -188.6 -40.2
86.1 -188.6 -20.1
86.1 -188.6 0.0
86.1 -188.6 20.1
86.1 -188.6 40.2
86.1 -188.6 60.300000000000004
86.1 -188.6 80.4
86.1 -188.6 100.5
86.1 -188.6 120.60000000000001
86.1 -184.49999999999997 -120.60000000000001
86.1 -184.49999999999997 -100.5
86.1 -184.49999999999997 -80.4
86.1 -184.49999999999997 -60.300000000000004
86.1 -184.49999999999997 -40.2
86.1 -184.49999999999997 -20.1
86.1 -184.49999999999997 0.0
86.1 -184.49999999999997 20.1
86.1 -184.49999999999997 40.2
86.1 -184.49999999999997 60.300000000000004
86.1 -184.49999999999997 80.4
86.1 -184.49999999999997 100.5
86.1 -184.49999999999997 120.60000000000001
86.1 -180.39999999999998 -120.60000000000001
86.1 -180.39999999999998 -100.5
86.1 -180.39999999999998 -80.4
86.1 -180.39999999999998 -60.300000000000004
86.1 -180.39999999999998 -40.2
86.1 -180.39999999999998 -20.1
86.1 -180.39999999999998 0.0
86.1 -180.39999999999998 20.1
86.1 -180.39999999999998 40.2
86.1 -180.39999999999998 60.300000000000004
86.1 -180.39999999999998 80.4
86.1 -180.39999999999998 100.5
86.1 -180.39999999999998 120.60000000000001
86.1 -176.29999999999998 -120.60000000000001
86.1 -176.29999999999998 -100.5
86.1 -176.29999999999998 -80.4
86.1 -176.29999999999998 -60.300000000000004
86.1 -176.29999999999998 -40.2
86.1 -176.29999999999998 -20.1
86.1 -176.29999999999998 0.0
86.1 -176.29999999999998 20.1
86.1 -176.29999999999998 40.2
86.1 -176.29999999999998 60.300000000000004
86.1 -176.29999999999998 80.4
86.1 -176.29999999999998 100.5
86.1 -176.29999999999998 120.60000000000001
86.1 -172.2 -120.60000000000001
86.1 -172.2 -100.5
86.1 -172.2 -80.4
86.1 -172.2 -60.300000000000004
86.1 -172.2 -40.2
86.1 -172.2 -20.1
86.1 -172.2 0.0
86.1 -172.2 20.1
86.1 -172.2 40.2
86.1 -172.2 60.300000000000004
86.1 -172.2 80.4
86.1 -172.2 100.5
86.1 -172.2 120.60000000000001
86.1 -168.1 -120.60000000000001
86.1 -168.1 -100.5
86.1 -168.1 -80.4
86.1 -168.1 -60.300000000000004
86.1 -168.1 -40.2
86.1 -168.1 -20.1
86.1 -168.1 0.0
86.1 -168.1 20.1
86.1 -168.1 40.2
86.1 -168.1 60.300000000000004
86.1 -168.1 80.4
86.1 -168.1 100.5
86.1 -168.1 120.60000000000001
86.1 168.1 -120.60000000000001
86.1 168.1 -100.5
86.1 168.1 -80.4
86.1 168.1 -60.300000000000004
86.1 168.1 -40.2
86.1 168.1 -20.1
86.1 168.1 0.0
86.1 168.1 20.1
86.1 168.1 40.2
86.1 168.1 60.300000000000004
86.1 168.1 80.4
86.1 168.1 100.5
86.1 168.1 120.60000000000001
86.1 172.2 -120.60000000000001
86.1 172.2 -100.5
86.1 172.2 -80.4
86.1 172.2 -60.300000000000004
86.1 172.2 -40.2
86.1 172.2 -20.1
86.1 172.2 0.0
86.1 172.2 20.1
86.1 172.2 40.2
86.1 172.2 60.300000000000004
86.1 172.2 80.4
86.1 172.2 100.5
86.1 172.2 120.60000000000001
86.1 176.29999999999998 -120.60000000000001
86.1 176.29999999999998 -100.5
86.1 176.29999999999998 -80.4
86.1 176.29999999999998 -60.300000000000004
86.1 176.29999999999998 -40.2
86.1 176.29999999999998 -20.1
86.1 176.29999999999998 0.0
86.1 176.29999999999998 20.1
86.1 176.29999999999998 40.2
86.1 176.29999999999998 60.300000000000004
86.1 176.29999999999998 80.4
86.1 176.29999999999998 100.5
86.1 176.29999999999998 120.60000000000001
86.1 180.39999999999998 -120.60000000000001
86.1 180.39999999999998 -100.5
86.1 180.39999999999998 -80.4
86.1 180.39999999999998 -60.300000000000004
86.1 180.39999999999998 -40.2
86.1 180.39999999999998 -20.1
86.1 180.39999999999998 0.0
86.1 180.39999999999998 20.1
86.1 180.39999999999998 40.2
86.1 180.39999999999998 60.300000000000004
86.1 180.39999999999998 80.4
86.1 180.39999999999998 100.5
86.1 180.39999999999998 120.60000000000001
86.1 184.49999999999997 -120.60000000000001
86.1 184.49999999999997 -100.5
86.1 184.49999999999997 -80.4
86.1 184.49999999999997 -60.300000000000004
86.1 184.49999999999997 -40.2
86.1 184.49999999999997 -20.1
86.1 184.49999999999997 0.0
86.1 184.49999999999997 20.1
86.1 184.49999999999997 40.2
86.1 184.49999999999997 60.300000000000004
86.1 184.49999999999997 80.4
86.1 184.49999999999997 100.5
86.1 184.49999999999997 120.60000000000001
86.1 188.6 -120.60000000000001
86.1 188.6 -100.5
86.1 188.6 -80.4
86.1 188.6 -60.300000000000004
86.1 188.6 -40.2
86.1 188.6 -20.1
86.1 188.6 0.0
86.1 188.6 20.1
86.1 188.6 40.2
86.1 188.6 60.300000000000004
86.1 188.6 80.4
86.1 188.6 100.5
86.1 188.6 120.60000000000001
86.1 192.7 -120.60000000000001
86.1 192.7 -100.5
86.1 192.7 -80.4
86.1 192.7 -60.300000000000004
86.1 192.7 -40.2
86.1 192.7 -20.1
86.1 192.7 0.0
86.1 192.7 20.1
86.1 192.7 40.2
86.1 192.7 60.300000000000004
86.1 192.7 80.4
86.1 192.7 100.5
86.1 192.7 120.60000000000001
86.1 196.79999999999998 -120.60000000000001
86.1 196.79999999999998 -100.5
86.1 196.79999999999998 -80.4
86.1 196.79999999999998 -60.300000000000004
86.1 196.79999999999998 -40.2
86.1 196.79999999999998 -20.1
86.1 196.79999999999998 0.0
86.1 196.79999999999998 20.1
86.1 196.79999999999998 40.2
86.1 196.79999999999998 60.300000000000004
86.1 196.79999999999998 80.4
86.1 196.79999999999998 100.5
86.1 196.79999999999998 120.60000000000001
90.19999999999999 -196.79999999999998 -120.60000000000001
90.19999999999999 -196.79999999999998 -100.5
90.19999999999999 -196.79999999999998 -80.4
90.19999999999999 -196.79999999999998 -60.300000000000004
90.19999999999999 -196.79999999999998 -40.2
90.19999999999999 -196.79999999999998 -20.1
90.19999999999999 -196.79999999999998 0.0
90.19999999999999 -196.79999999999998 20.1
90.19999999999999 -196.79999999999998 40.2
90.19999999999999 -196.79999999999998 60.300000000000004
90.19999999999999 -196.79999999999998 80.4
90.19999999999999 -196.79999999999998 100.5
90.19999999999999 -196.79999999999998 120.60000000000001
90.19999999999999 -192.7 -120.60000000000001
90.19999999999999 -192.7 -100.5
90.19999999999999 -192.7 -80.4
90.19999999999999 -192.7 -60.300000000000004
90.19999999999999 -192.7 -40.2
90.19999999999999 -192.7 -20.1
90.19999999999999 -192.7 0.0
90.19999999999999 -192.7 20.1
90.19999999999999 -192.7 40.2
90.19999999999999 -192.7 60.300000000000004
90.19999999999999 -192.7 80.4
90.19999999999999 -192.7 100.5
90.19999999999999 -192.7 120.60000000000001
90.19999999999999 -188.6 -120.60000000000001
90.19999999999999 -188.6 -100.5
90.19999999999999 -188.6 -80.4
90.19999999999999 -188.6 -60.300000000000004
90.19999999999999 -188.6 -40.2
90.19999999999999 -188.6 -20.1
90.19999999999999 -188.6 0.0
90.19999999999999 -188.6 20.1
90.19999999999999 -188.6 40.2
90.19999999999999 -188.6 60.300000000000004
90.19999999999999 -188.6 80.4
90.19999999999999 -188.6 100.5
90.19999999999999 -188.6 120.60000000000001
90.19999999999999 -184.49999999999997 -120.60000000000001
90.19999999999999 -184.49999999999997 -100.5
90.19999999999999 -184.49999999999997 -80.4
90.19999999999999 -184.49999999999997 -60.300000000000004
90.19999999999999 -184.49999999999997 -40.2
90.19999999999999 -184.49999999999997 -20.1
90.19999999999999 -184.49999999999997 0.0
90.19999999999999 -184.49999999999997 20.1
90.19999999999999 -184.49999999999997 40.2
90.19999999999999 -184.49999999999997 60.300000000000004
90.19999999999999 -184.49999999999997 80.4
90.19999999999999 -184.49999999999997 100.5
90.19999999999999 -184.49999999999997 120.60000000000001
90.19999999999999 -180.39999999999998 -120.60000000000001
90.19999999999999 -180.39999999999998 -100.5
90.19999999999999 -180.39999999999998 -80.4
90.19999999999999 -180.39999999999998 -60.300000000000004
90.19999999999999 -180.39999999999998 -40.2
90.19999999999999 -180.39999999999998 -20.1
90.19999999999999 -180.39999999999998 0.0
90.19999999999999 -180.39999999999998 20.1
90.19999999999999 -180.39999999999998 40.2
90.19999999999999 -180.39999999999998 60.300000000000004
90.19999999999999 -180.39999999999998 80.4
90.19999999999999 -180.39999999999998 100.5
90.19999999999999 -180.39999999999998 120.60000000000001
90.19999999999999 -176.29999999999998 -120.60000000000001
90.19999999999999 -176.29999999999998 -100.5
90.19999999999999 -176.29999999999998 -80.4
90.19999999999999 -176.29999999999998 -60.300000000000004
90.19999999999999 -176.29999999999998 -40.2
90.19999999999999 -176.29999999999998 -20.1
90.19999999999999 -176.29999999999998 0.0
90.19999999999999 -176.29999999999998 20.1
90.19999999999999 -176.29999999999998 40.2
90.19999999999999 -176.29999999999998 60.300000000000004
90.19999999999999 -176.29999999999998 80.4
90.19999999999999 -176.29999999999998 100.5
90.19999999999999 -176.29999999999998 120.60000000000001
90.19999999999999 -172.2 -120.60000000000001
90.19999999999999 -172.2 -100.5
90.19999999999999 -172.2 -80.4
90.19999999999999 -172.2 -60.300000000000004
90.19999999999999 -172.2 -40.2
90.19999999999999 -172.2 -20.1
90.19999999999999 -172.2 0.0
90.19999999999999 -172.2 20.1
90.19999999999999 -172.2 40.2
90.19999999999999 -172.2 60.300000000000004
90.19999999999999 -172.2 80.4
90.19999999999999 -172.2 100.5
90.19999999999999 -172.2 120.60000000000001
90.19999999999999 -168.1 -120.60000000000001
90.19999999999999 -168.1 -100.5
90.19999999999999 -168.1 -80.4
90.19999999999999 -168.1 -60.300000000000004
90.19999999999999 -168.1 -40.2
90.19999999999999 -168.1 -20.1
90.19999999999999 -168.1 0.0
90.19999999999999 -168.1 20.1
90.19999999999999 -168.1 40.2
90.19999999999999 -168.1 60.300000000000004
90.19999999999999 -168.1 80.4
90.19999999999999 -168.1 100.5
90.19999999999999 -168.1 120.60000000000001
90.19999999999999 168.1 -120.60000000000001
90.19999999999999 168.1 -100.5
90.19999999999999 168.1 -80.4
90.19999999999999 168.1 -60.300000000000004
90.19999999999999 168.1 -40.2
90.19999999999999 168.1 -20.1
90.19999999999999 168.1 0.0
90.19999999999999 168.1 20.1
90.19999999999999 168.1 40.2
90.19999999999999 168.1 60.300000000000004
90.19999999999999 168.1 80.4
90.19999999999999 168.1 100.5
90.19999999999999 168.1 120.60000000000001
90.19999999999999 172.2 -120.60000000000001
90.19999999999999 172.2 -100.5
90.19999999999999 172.2 -80.4
90.19999999999999 172.2 -60.300000000000004
90.19999999999999 172.2 -40.2
90.19999999999999 172.2 -20.1
90.19999999999999 172.2 0.0
90.19999999999999 172.2 20.1
90.19999999999999 172.2 40.2
90.19999999999999 172.2 60.300000000000004
90.19999999999999 172.2 80.4
90.19999999999999 172.2 100.5
90.19999999999999 172.2 120.60000000000001
90.19999999999999 176.29999999999998 -120.60000000000001
90.19999999999999 176.29999999999998 -100.5
90.19999999999999 176.29999999999998 -80.4
90.19999999999999 176.29999999999998 -60.300000000000004
90.19999999999999 176.29999999999998 -40.2
90.19999999999999 176.29999999999998 -20.1
90.19999999999999 176.29999999999998 0.0
90.19999999999999 176.29999999999998 20.1
90.19999999999999 176.29999999999998 40.2
90.19999999999999 176.29999999999998 60.300000000000004
90.19999999999999 176.29999999999998 80.4
90.19999999999999 176.29999999999998 100.5
90.19999999999999 176.29999999999998 120.60000000000001
90.19999999999999 180.39999999999998 -120.60000000000001
90.19999999999999 180.39999999999998 -100.5
90.19999999999999 180.39999999999998 -80.4
90.19999999999999 180.39999999999998 -60.300000000000004
90.19999999999999 180.39999999999998 -40.2
90.19999999999999 180.39999999999998 -20.1
90.19999999999999 180.39999999999998 0.0
90.19999999999999 180.39999999999998 20.1
90.19999999999999 180.39999999999998 40.2
90.19999999999999 180.39999999999998 60.300000000000004
90.19999999999999 180.39999999999998 80.4
90.19999999999999 180.39999999999998 100.5
90.19999999999999 180.39999999999998 120.60000000000001
90.19999999999999 184.49999999999997 -120.60000000000001
90.19999999999999 184.49999999999997 -100.5
90.19999999999999 184.49999999999997 -80.4
90.19999999999999 184.49999999999997 -60.300000000000004
90.19999999999999 184.49999999999997 -40.2
90.19999999999999 184.49999999999997 -20.1
90.19999999999999 184.49999999999997 0.0
90.19999999999999 184.49999999999997 20.1
90.19999999999999 184.49999999999997 40.2
90.19999999999999 184.49999999999997 60.300000000000004
90.19999999999999 184.49999999999997 80.4
90.19999999999999 184.49999999999997 100.5
90.19999999999999 184.49999999999997 120.60000000000001
90.19999999999999 188.6 -120.60000000000001
90.19999999999999 188.6 -100.5
90.19999999999999 188.6 -80.4
90.19999999999999 188.6 -60.300000000000004
90.19999999999999 188.6 -40.2
90.19999999999999 188.6 -20.1
90.19999999999999 188.6 0.0
90.19999999999999 188.6 20.1
90.19999999999999 188.6 40.2
90.19999999999999 188.6 60.300000000000004
90.19999999999999 188.6 80.4
90.19999999999999 188.6 100.5
90.19999999999999 188.6 120.60000000000001
90.19999999999999 192.7 -120.60000000000001
90.19999999999999 192.7 -100.5
90.19999999999999 192.7 -80.4
90.19999999999999 192.7 -60.300000000000004
90.19999999999999 192.7 -40.2
90.19999999999999 192.7 -20.1
90.19999999999999 192.7 0.0
90.19999999999999 192.7 20.1
90.19999999999999 192.7 40.2
90.19999999999999 192.7 60.300000000000004
90.19999999999999 192.7 80.4
90.19999999999999 192.7 100.5
90.19999999999999 192.7 120.60000000000001
90.19999999999999 196.79999999999998 -120.60000000000001
90.19999999999999 196.79999999999998 -100.5
90.19999999999999 196.79999999999998 -80.4
90.19999999999999 196.79999999999998 -60.300000000000004
90.19999999999999 196.79999999999998 -40.2
90.19999999999999 196.79999999999998 -20.1
90.19999999999999 196.79999999999998 0.0
90.19999999999999 196.79999999999998 20.1
90.19999999999999 196.79999999999998 40.2
90.19999999999999 196.79999999999998 60.300000000000004
90.19999999999999 196.79999999999998 80.4
90.19999999999999 196.79999999999998 100.5
90.19999999999999 196.79999999999998 120.60000000000001
94.3 -192.7 -120.60000000000001
94.3 -192.7 -100.5
94.3 -192.7 -80.4
94.3 -192.7 -60.300000000000004
94.3 -192.7 -40.2
94.3 -192.7 -20.1
94.3 -192.7 0.0
94.3 -192.7 20.1
94.3 -192.7 40.2
94.3 -192.7 60.300000000000004
94.3 -192.7 80.4
94.3 -192.7 100.5
94.3 -192.7 120.60000000000001
94.3 -188.6 -120.60000000000001
94.3 -188.6 -100.5
94.3 -188.6 -80.4
94.3 -188.6 -60.300000000000004
94.3 -188.6 -40.2
94.3 -188.6 -20.1
94.3 -188.6 0.0
94.3 -188.6 20.1
94.3 -188.6 40.2
94.3 -188.6 60.300000000000004
94.3 -188.6 80.4
94.3 -188.6 100.5
94.3 -188.6 120.60000000000001
94.3 -184.49999999999997 -120.60000000000001
94.3 -184.49999999999997 -100.5
94.3 -184.49999999999997 -80.4
94.3 -184.49999999999997 -60.300000000000004
94.3 -184.49999999999997 -40.2
94.3 -184.49999999999997 -20.1
94.3 -184.49999999999997 0.0
94.3 -184.49999999999997 20.1
94.3 -184.49999999999997 40.2
94.3 -184.49999999999997 60.300000000000004
94.3 -184.49999999999997 80.4
94.3 -184.49999999999997 100.5
94.3 -184.49999999999997 120.60000000000001
94.3 -180.39999999999998 -120.60000000000001
94.3 -180.39999999999998 -100.5
94.3 -180.39999999999998 -80.4
94.3 -180.39999999999998 -60.300000000000004
94.3 -180.39999999999998 -40.2
94.3 -180.39999999999998 -20.1
94.3 -180.39999999999998 0.0
94.3 -180.39999999999998 20.1
94.3 -180.39999999999998 40.2
94.3 -180.39999999999998 60.300000000000004
94.3 -180.39999999999998 80.4
94.3 -180.39999999999998 100.5
94.3 -180.39999999999998 120.60000000000001
94.3 -176.29999999999998 -120.60000000000001
94.3 -176.29999999999998 -100.5
94.3 -176.29999999999998 -80.4
94.3 -176.29999999999998 -60.300000000000004
94.3 -176.29999999999998 -40.2
94.3 -176.29999999999998 -20.1
94.3 -176.29999999999998 0.0
94.3 -176.29999999999998 20.1
94.3 -176.29999999999998 40.2
94.3 -176.29999999999998 60.300000000000004
94.3 -176.29999999999998 80.4
94.3 -176.29999999999998 100.5
94.3 -176.29999999999998 120.60000000000001
94.3 -172.2 -120.60000000000001
94.3 -172.2 -100.5
94.3 -172.2 -80.4
94.3 -172.2 -60.300000000000004
94.3 -172.2 -40.2
94.3 -172.2 -20.1
94.3 -172.2 0.0
94.3 -172.2 20.1
94.3 -172.2 40.2
94.3 -172.2 60.300000000000004
94.3 -172.2 80.4
94.3 -172.2 100.5
94.3 -172.2 120.60000000000001
94.3 -168.1 -120.60000000000001
94.3 -168.1 -100.5
94.3 -168.1 -80.4
94.3 -168.1 -60.300000000000004
94.3 -168.1 -40.2
94.3 -168.1 -20.1
94.3 -168.1 0.0
94.3 -168.1 20.1
94.3 -168.1 40.2
94.3 -168.1 60.300000000000004
94.3 -168.1 80.4
94.3 -168.1 100.5
94.3 -168.1 120.60000000000001
94.3 -164.0 -120.60000000000001
94.3 -164.0 -100.5
94.3 -164.0 -80.4
94.3 -164.0 -60.300000000000004
94.3 -164.0 -40.2
94.3 -164.0 -20.1
94.3 -164.0 0.0
94.3 -164.0 20.1
94.3 -164.0 40.2
94.3 -164.0 60.300000000000004
94.3 -164.0 80.4
94.3 -164.0 100.5
94.3 -164.0 120.60000000000001
94.3 164.0 -120.60000000000001
94.3 164.0 -100.5
94.3 164.0 -80.4
94.3 164.0 -60.300000000000004
94.3 164.0 -40.2
94.3 164.0 -20.1
94.3 164.0 0.0
94.3 164.0 20.1
94.3 164.0 40.2
94.3 164.0 60.300000000000004
94.3 164.0 80.4
94.3 164.0 100.5
94.3 164.0 120.60000000000001
94.3 168.1 -120.60000000000001
94.3 168.1 -100.5
94.3 168.1 -80.4
94.3 168.1 -60.300000000000004
94.3 168.1 -40.2
94.3 168.1 -20.1
94.3 168.1 0.0
94.3 168.1 20.1
94.3 168.1 40.2
94.3 168.1 60.300000000000004
94.3 168.1 80.4
94.3 168.1 100.5
94.3 168.1 120.60000000000001
94.3 172.2 -120.60000000000001
94.3 172.2 -100.5
94.3 172.2 -80.4
94.3 172.2 -60.300000000000004
94.3 172.2 -40.2
94.3 172.2 -20.1
94.3 172.2 0.0
94.3 172.2 20.1
94.3 172.2 40.2
94.3 172.2 60.300000000000004
94.3 172.2 80.4
94.3 172.2 100.5
94.3 172.2 120.60000000000001
94.3 176.29999999999998 -120.60000000000001
94.3 176.29999999999998 -100.5
94.3 176.29999999999998 -80.4
94.3 176.29999999999998 -60.300000000000004
94.3 176.29999999999998 -40.2
94.3 176.29999999999998 -20.1
94.3 176.29999999999998 0.0
94.3 176.29999999999998 20.1
94.3 176.29999999999998 40.2
94.3 176.29999999999998 60.300000000000004
94.3 176.29999999999998 80.4
94.3 176.29999999999998 100.5
94.3 176.29999999999998 120.60000000000001
94.3 180.39999999999998 -120.60000000000001
94.3 180.39999999999998 -100.5
94.3 180.39999999999998 -80.4
94.3 180.39999999999998 -60.300000000000004
94.3 180.39999999999998 -40.2
94.3 180.39999999999998 -20.1
94.3 180.39999999999998 0.0
94.3 180.39999999999998 20.1
94.3 180.39999999999998 40.2
94.3 180.39999999999998 60.300000000000004
94.3 180.39999999999998 80.4
94.3 180.39999999999998 100.5
94.3 180.39999999999998 120.60000000000001
94.3 184.49999999999997 -120.60000000000001
94.3 184.49999999999997 -100.5
94.3 184.49999999999997 -80.4
94.3 184.49999999999997 -60.300000000000004
94.3 184.49999999999997 -40.2
94.3 184.49999999999997 -20.1
94.3 184.49999999999997 0.0
94.3 184.49999999999997 20.1
94.3 184.49999999999997 40.2
94.3 184.49999999999997 60.300000000000004
94.3 184.49999999999997 80.4
94.3 184.49999999999997 100.5
94.3 184.49999999999997 120.60000000000001
94.3 188.6 -120.60000000000001
94.3 188.6 -100.5
94.3 188.6 -80.4
94.3 188.6 -60.300000000000004
94.3 188.6 -40.2
94.3 188.6 -20.1
94.3 188.6 0.0
94.3 188.6 20.1
94.3 188.6 40.2
94.3 188.6 60.300000000000004
94.3 188.6 80.4
94.3 188.6 100.5
94.3 188.6 120.60000000000001
94.3 192.7 -120.60000000000001
94.3 192.7 -100.5
94.3 192.7 -80.4
94.3 192.7 -60.300000000000004
94.3 192.7 -40.2
94.3 192.7 -20.1
94.3 192.7 0.0
94.3 192.7 20.1
94.3 192.7 40.2
94.3 192.7 60.300000000000004
94.3 192.7 80.4
94.3 192.7 100.5
94.3 192.7 120.60000000000001
98.39999999999999 -192.7 -120.60000000000001
98.39999999999999 -192.7 -100.5
98.39999999999999 -192.7 -80.4
98.39999999999999 -192.7 -60.300000000000004
98.39999999999999 -192.7 -40.2
98.39999999999999 -192.7 -20.1
98.39999999999999 -192.7 0.0
98.39999999999999 -192.7 20.1
98.39999999999999 -192.7 40.2
98.39999999999999 -192.7 60.300000000000004
98.39999999999999 -192.7 80.4
98.39999999999999 -192.7 100.5
98.39999999999999 -192.7 120.60000000000001
98.39999999999999 -188.6 -120.60000000000001
98.39999999999999 -188.6 -100.5
98.39999999999999 -188.6 -80.4
98.39999999999999 -188.6 -60.300000000000004
98.39999999999999 -188.6 -40.2
98.39999999999999 -188.6 -20.1
98.39999999999999 -188.6 0.0
98.39999999999999 -188.6 20.1
98.39999999999999 -188.6 40.2
98.39999999999999 -188.6 60.300000000000004
98.39999999999999 -188.6 80.4
98.39999999999999 -188.6 100.5
98.39999999999999 -188.6 120.60000000000001
98.39999999999999 -184.49999999999997 -120.60000000000001
98.39999999999999 -184.49999999999997 -100.5
98.39999999999999 -184.49999999999997 -80.4
98.39999999999999 -184.49999999999997 -60.300000000000004
98.39999999999999 -184.49999999999997 -40.2
98.39999999999999 -184.49999999999997 -20.1
98.39999999999999 -184.49999999999997 0.0
98.39999999999999 -184.49999999999997 20.1
98.39999999999999 -184.49999999999997 40.2
98.39999999999999 -184.49999999999997 60.300000000000004
98.39999999999999 -184.49999999999997 80.4
98.39999999999999 -184.49999999999997 100.5
98.39999999999999 -184.49999999999997 120.60000000000001
98.39999999999999 -180.39999999999998 -120.60000000000001
98.39999999999999 -180.39999999999998 -100.5
98.39999999999999 -180.39999999999998 -80.4
98.39999999999999 -180.39999999999998 -60.300000000000004
98.39999999999999 -180.39999999999998 -40.2
98.39999999999999 -180.39999999999998 -20.1
98.39999999999999 -180.39999999999998 0.0
98.39999999999999 -180.39999999999998 20.1
98.39999999999999 -180.39999999999998 40.2
98.39999999999999 -180.39999999999998 60.300000000000004
98.39999999999999 -180.39999999999998 80.4
98.39999999999999 -180.39999999999998 100.5
98.39999999999999 -180.39999999999998 120.60000000000001
98.39999999999999 -176.29999999999998 -120.60000000000001
98.39999999999999 -176.29999999999998 -100.5
98.39999999999999 -176.29999999999998 -80.4
98.39999999999999 -176.29999999999998 -60.300000000000004
98.39999999999999 -176.29999999999998 -40.2
98.39999999999999 -176.29999999999998 -20.1
98.39999999999999 -176.29999999999998 0.0
98.39999999999999 -176.29999999999998 20.1
98.39999999999999 -176.29999999999998 40.2
98.39999999999999 -176.29999999999998 60.300000000000004
98.39999999999999 -176.29999999999998 80.4
98.39999999999999 -176.29999999999998 100.5
98.39999999999999 -176.29999999999998 120.60000000000001
98.39999999999999 -172.2 -120.60000000000001
98.39999999999999 -172.2 -100.5
98.39999999999999 -172.2 -80.4
98.39999999999999 -172.2 -60.300000000000004
98.39999999999999 -172.2 -40.2
98.39999999999999 -172.2 -20.1
98.39999999999999 -172.2 0.0
98.39999999999999 -172.2 20.1
98.39999999999999 -172.2 40.2
98.39999999999999 -172.2 60.300000000000004
98.39999999999999 -172.2 80.4
98.39999999999999 -172.2 100.5
98.39999999999999 -172.2 120.60000000000001
98.39999999999999 -168.1 -120.60000000000001
98.39999999999999 -168.1 -100.5
98.39999999999999 -168.1 -80.4
98.39999999999999 -168.1 -60.300000000000004
98.39999999999999 -168.1 -40.2
98.39999999999999 -168.1 -20.1
98.39999999999999 -168.1 0.0
98.39999999999999 -168.1 20.1
98.39999999999999 -168.1 40.2
98.39999999999999 -168.1 60.300000000000004
98.39999999999999 -168.1 80.4
98.39999999999999 -168.1 100.5
98.39999999999999 -168.1 120.60000000000001
98.39999999999999 -164.0 -120.60000000000001
98.39999999999999 -164.0 -100.5
98.39999999999999 -164.0 -80.4
98.39999999999999 -164.0 -60.300000000000004
98.39999999999999 -164.0 -40.2
98.39999999999999 -164.0 -20.1
98.39999999999999 -164.0 0.0
98.39999999999999 -164.0 20.1
98.39999999999999 -164.0 40.2
98.39999999999999 -164.0 60.300000000000004
98.39999999999999 -164.0 80.4
98.39999999999999 -164.0 100.5
98.39999999999999 -164.0 120.60000000000001
98.39999999999999 164.0 -120.60000000000001
98.39999999999999 164.0 -100.5
98.39999999999999 164.0 -80.4
98.39999999999999 164.0 -60.300000000000004
98.39999999999999 164.0 -40.2
98.39999999999999 164.0 -20.1
98.39999999999999 164.0 0.0
98.39999999999999 164.0 20.1
98.39999999999999 164.0 40.2
98.39999999999999 164.0 60.300000000000004
98.39999999999999 164.0 80.4
98.39999999999999 164.0 100.5
98.39999999999999 164.0 120.60000000000001
98.39999999999999 168.1 -120.60000000000001
98.39999999999999 168.1 -100.5
98.39999999999999 168.1 -80.4
98.39999999999999 168.1 -60.300000000000004
98.39999999999999 168.1 -40.2
98.39999999999999 168.1 -20.1
98.39999999999999 168.1 0.0
98.39999999999999 168.1 20.1
98.39999999999999 168.1 40.2
98.39999999999999 168.1 60.300000000000004
98.39999999999999 168.1 80.4
98.39999999999999 168.1 100.5
98.39999999999999 168.1 120.60000000000001
98.39999999999999 172.2 -120.60000000000001
98.39999999999999 172.2 -100.5
98.39999999999999 172.2 -80.4
98.39999999999999 172.2 -60.300000000000004
98.39999999999999 172.2 -40.2
98.39999999999999 172.2 -20.1
98.39999999999999 172.2 0.0
98.39999999999999 172.2 20.1
98.39999999999999 172.2 40.2
98.39999999999999 172.2 60.300000000000004
98.39999999999999 172.2 80.4
98.39999999999999 172.2 100.5
98.39999999999999 172.2 120.60000000000001
98.39999999999999 176.29999999999998 -120.60000000000001
98.39999999999999 176.29999999999998 -100.5
98.39999999999999 176.29999999999998 -80.4
98.39999999999999 176.29999999999998 -60.300000000000004
98.39999999999999 176.29999999999998 -40.2
98.39999999999999 176.29999999999998 -20.1
98.39999999999999 176.29999999999998 0.0
98.39999999999999 176.29999999999998 20.1
98.39999999999999 176.29999999999998 40.2
98.39999999999999 176.29999999999998 60.300000000000004
98.39999999999999 176.29999999999998 80.4
98.39999999999999 176.29999999999998 100.5
98.39999999999999 176.29999999999998 120.60000000000001
98.39999999999999 180.39999999999998 -120.60000000000001
98.39999999999999 180.39999999999998 -100.5
98.39999999999999 180.39999999999998 -80.4
98.39999999999999 180.39999999999998 -60.300000000000004
98.39999999999999 180.39999999999998 -40.2
98.39999999999999 180.39999999999998 -20.1
98.39999999999999 180.39999999999998 0.0
98.39999999999999 180.39999999999998 20.1
98.39999999999999 180.39999999999998 40.2
98.39999999999999 180.39999999999998 60.300000000000004
98.39999999999999 180.39999999999998 80.4
98.39999999999999 180.39999999999998 100.5
98.39999999999999 180.39999999999998 120.60000000000001
98.39999999999999 184.49999999999997 -120.60000000000001
98.39999999999999 184.49999999999997 -100.5
98.39999999999999 184.49999999999997 -80.4
98.39999999999999 184.49999999999997 -60.300000000000004
98.39999999999999 184.49999999999997 -40.2
98.39999999999999 184.49999999999997 -20.1
98.39999999999999 184.49999999999997 0.0
98.39999999999999 184.49999999999997 20.1
98.39999999999999 184.49999999999997 40.2
98.39999999999999 184.49999999999997 60.300000000000004
98.39999999999999 184.49999999999997 80.4
98.39999999999999 184.49999999999997 100.5
98.39999999999999 184.49999999999997 120.60000000000001
98.39999999999999 188.6 -120.60000000000001
98.39999999999999 188.6 -100.5
98.39999999999999 188.6 -80.4
98.39999999999999 188.6 -60.300000000000004
98.39999999999999 188.6 -40.2
98.39999999999999 188.6 -20.1
98.39999999999999 188.6 0.0
98.39999999999999 188.6 20.1
98.39999999999999 188.6 40.2
98.39999999999999 188.6 60.300000000000004
98.39999999999999 188.6 80.4
98.39999999999999 188.6 100.5
98.39999999999999 188.6 120.60000000000001
98.39999999999999 192.7 -120.60000000000001
98.39999999999999 192.7 -100.5
98.39999999999999 192.7 -80.4
98.39999999999999 192.7 -60.300000000000004
98.39999999999999 192.7 -40.2
98.39999999999999 192.7 -20.1
98.39999999999999 192.7 0.0
98.39999999999999 192.7 20.1
98.39999999999999 192.7 40.2
98.39999999999999 192.7 60.300000000000004
98.39999999999999 192.7 80.4
98.39999999999999 192.7 100.5
98.39999999999999 192.7 120.60000000000001
102.49999999999999 -188.6 -120.60000000000001
102.49999999999999 -188.6 -100.5
102.49999999999999 -188.6 -80.4
102.49999999999999 -188.6 -60.300000000000004
102.49999999999999 -188.6 -40.2
102.49999999999999 -188.6 -20.1
102.49999999999999 -188.6 0.0
102.49999999999999 -188.6 20.1
102.49999999999999 -188.6 40.2
102.49999999999999 -188.6 60.300000000000004
102.49999999999999 -188.6 80.4
102.49999999999999 -188.6 100.5
102.49999999999999 -188.6 120.60000000000001
102.49999999999999 -184.49999999999997 -120.60000000000001
102.49999999999999 -184.49999999999997 -100.5
102.49999999999999 -184.49999999999997 -80.4
102.49999999999999 -184.49999999999997 -60.300000000000004
102.49999999999999 -184.49999999999997 -40.2
102.49999999999999 -184.49999999999997 -20.1
102.49999999999999 -184.49999999999997 0.0
102.49999999999999 -184.49999999999997 20.1
102.49999999999999 -184.49999999999997 40.2
102.49999999999999 -184.49999999999997 60.300000000000004
102.49999999999999 -184.49999999999997 80.4
102.49999999999999 -184.49999999999997 100.5
102.49999999999999 -184.49999999999997 120.60000000000001
102.49999999999999 -180.39999999999998 -120.60000000000001
102.49999999999999 -180.39999999999998 -100.5
102.49999999999999 -180.39999999999998 -80.4
102.49999999999999 -180.39999999999998 -60.300000000000004
102.49999999999999 -180.39999999999998 -40.2
102.49999999999999 -180.39999999999998 -20.1
102.49999999999999 -180.39999999999998 0.0
102.49999999999999 -180.39999999999998 20.1
102.49999999999999 -180.39999999999998 40.2
102.49999999999999 -180.39999999999998 60.300000000000004
102.49999999999999 -180.39999999999998 80.4
102.49999999999999 -180.39999999999998 100.5
102.49999999999999 -180.39999999999998 120.60000000000001
102.49999999999999 -176.29999999999998 -120.60000000000001
102.49999999999999 -176.29999999999998 -100.5
102.49999999999999 -176.29999999999998 -80.4
102.49999999999999 -176.29999999999998 -60.300000000000004
102.49999999999999 -176.29999999999998 -40.2
102.49999999999999 -176.29999999999998 -20.1
102.49999999999999 -176.29999999999998 0.0
102.49999999999999 -176.29999999999998 20.1
102.49999999999999 -176.29999999999998 40.2
102.49999999999999 -176.29999999999998 60.300000000000004
102.49999999999999 -176.29999999999998 80.4
102.49999999999999 -176.29999999999998 100.5
102.49999999999999 -176.29999999999998 120.60000000000001
102.49999999999999 -172.2 -120.60000000000001
102.49999999999999 -172.2 -100.5
102.49999999999999 -172.2 -80.4
102.49999999999999 -172.2 -60.300000000000004
102.49999999999999 -172.2 -40.2
102.49999999999999 -172.2 -20.1
102.49999999999999 -172.2 0.0
102.49999999999999 -172.2 20.1
102.49999999999999 -172.2 40.2
102.49999999999999 -172.2 60.300000000000004
102.49999999999999 -172.2 80.4
102.49999999999999 -172.2 100.5
102.49999999999999 -172.2 120.60000000000001
102.49999999999999 -168.1 -120.60000000000001
102.49999999999999 -168.1 -100.5
102.49999999999999 -168.1 -80.4
102.49999999999999 -168.1 -60.300000000000004
102.49999999999999 -168.1 -40.2
102.49999999999999 -168.1 -20.1
102.49999999999999 -168.1 0.0
102.49999999999999 -168.1 20.1
102.49999999999999 -168.1 40.2
102.49999999999999 -168.1 60.300000000000004
102.49999999999999 -168.1 80.4
102.49999999999999 -168.1 100.5
102.49999999999999 -168.1 120.60000000000001
102.49999999999999 -164.0 -120.60000000000001
102.49999999999999 -164.0 -100.5
102.49999999999999 -164.0 -80.4
102.49999999999999 -164.0 -60.300000000000004
102.49999999999999 -164.0 -40.2
102.49999999999999 -164.0 -20.1
102.49999999999999 -164.0 0.0
102.49999999999999 -164.0 20.1
102.49999999999999 -164.0 40.2
102.49999999999999 -164.0 60.300000000000004
102.49999999999999 -164.0 80.4
102.49999999999999 -164.0 100.5
102.49999999999999 -164.0 120.60000000000001
102.49999999999999 -159.89999999999998 -120.60000000000001
102.49999999999999 -159.89999999999998 -100.5
102.49999999999999 -159.89999999999998 -80.4
102.49999999999999 -159.89999999999998 -60.300000000000004
102.49999999999999 -159.89999999999998 -40.2
102.49999999999999 -159.89999999999998 -20.1
102.49999999999999 -159.89999999999998 0.0
102.49999999999999 -159.89999999999998 20.1
102.49999999999999 -159.89999999999998 40.2
102.49999999999999 -159.89999999999998 60.300000000000004
102.49999999999999 -159.89999999999998 80.4
102.49999999999999 -159.89999999999998 100.5
102.49999999999999 -159.89999999999998 120.60000000000001
102.49999999999999 159.89999999999998 -120.60000000000001
102.49999999999999 159.89999999999998 -100.5
102.49999999999999 159.89999999999998 -80.4
102.49999999999999 159.89999999999998 -60.300000000000004
102.49999999999999 159.89999999999998 -40.2
102.49999999999999 159.89999999999998 -20.1
102.49999999999999 159.89999999999998 0.0
102.49999999999999 159.89999999999998 20.1
102.49999999999999 159.89999999999998 40.2
102.49999999999999 159.89999999999998 60.300000000000004
102.49999999999999 159.89999999999998 80.4
102.49999999999999 159.89999999999998 100.5
102.49999999999999 159.89999999999998 120.60000000000001
102.49999999999999 164.0 -120.60000000000001
102.49999999999999 164.0 -100.5
102.49999999999999 164.0 -80.4
102.49999999999999 164.0 -60.300000000000004
102.49999999999999 164.0 -40.2
102.49999999999999 164.0 -20.1
102.49999999999999 164.0 0.0
102.49999999999999 164.0 20.1
102.49999999999999 164.0 40.2
102.49999999999999 164.0 60.300000000000004
102.49999999999999 164.0 80.4
102.49999999999999 164.0 100.5
102.49999999999999 164.0 120.60000000000001
102.49999999999999 168.1 -120.60000000000001
102.49999999999999 168.1 -100.5
102.49999999999999 168.1 -80.4
102.49999999999999 168.1 -60.300000000000004
102.49999999999999 168.1 -40.2
102.49999999999999 168.1 -20.1
102.49999999999999 168.1 0.0
102.49999999999999 168.1 20.1
102.49999999999999 168.1 40.2
102.49999999999999 168.1 60.300000000000004
102.49999999999999 168.1 80.4
102.49999999999999 168.1 100.5
102.49999999999999 168.1 120.60000000000001
102.49999999999999 172.2 -120.60000000000001
102.49999999999999 172.2 -100.5
102.49999999999999 172.2 -80.4
102.49999999999999 172.2 -60.300000000000004
102.49999999999999 172.2 -40.2
102.49999999999999 172.2 -20.1
102.49999999999999 172.2 0.0
102.49999999999999 172.2 20.1
102.49999999999999 172.2 40.2
102.49999999999999 172.2 60.300000000000004
102.49999999999999 172.2 80.4
102.49999999999999 172.2 100.5
102.49999999999999 172.2 120.60000000000001
102.49999999999999 176.29999999999998 -120.60000000000001
102.49999999999999 176.29999999999998 -100.5
102.49999999999999 176.29999999999998 -80.4
102.49999999999999 176.29999999999998 -60.300000000000004
102.49999999999999 176.29999999999998 -40.2
102.49999999999999 176.29999999999998 -20.1
102.49999999999999 176.29999999999998 0.0
102.49999999999999 176.29999999999998 20.1
102.49999999999999 176.29999999999998 40.2
102.49999999999999 176.29999999999998 60.300000000000004
102.49999999999999 176.29999999999998 80.4
102.49999999999999 176.29999999999998 100.5
102.49999999999999 176.29999999999998 120.60000000000001
102.49999999999999 180.39999999999998 -120.60000000000001
102.49999999999999 180.39999999999998 -100.5
102.49999999999999 180.39999999999998 -80.4
102.49999999999999 180.39999999999998 -60.300000000000004
102.49999999999999 180.39999999999998 -40.2
102.49999999999999 180.39999999999998 -20.1
102.49999999999999 180.39999999999998 0.0
102.49999999999999 180.39999999999998 20.1
102.49999999999999 180.39999999999998 40.2
102.49999999999999 180.39999999999998 60.300000000000004
102.49999999999999 180.39999999999998 80.4
102.49999999999999 180.39999999999998 100.5
102.49999999999999 180.39999999999998 120.60000000000001
102.49999999999999 184.49999999999997 -120.60000000000001
102.49999999999999 184.49999999999997 -100.5
102.49999999999999 184.49999999999997 -80.4
102.49999999999999 184.49999999999997 -60.300000000000004
102.49999999999999 184.49999999999997 -40.2
102.49999999999999 184.49999999999997 -20.1
102.49999999999999 184.49999999999997 0.0
102.49999999999999 184.49999999999997 20.1
102.49999999999999 184.49999999999997 40.2
102.49999999999999 184.49999999999997 60.300000000000004
102.49999999999999 184.49999999999997 80.4
102.49999999999999 184.49999999999997 100.5
102.49999999999999 184.49999999999997 120.60000000000001
102.49999999999999 188.6 -120.60000000000001
102.49999999999999 188.6 -100.5
102.49999999999999 188.6 -80.4
102.49999999999999 188.6 -60.300000000000004
102.49999999999999 188.6 -40.2
102.49999999999999 188.6 -20.1
102.49999999999999 188.6 0.0
102.49999999999999 188.6 20.1
102.49999999999999 188.6 40.2
102.49999999999999 188.6 60.300000000000004
102.49999999999999 188.6 80.4
102.49999999999999 188.6 100.5
102.49999999999999 188.6 120.60000000000001
106.6 -188.6 -120.60000000000001
106.6 -188.6 -100.5
106.6 -188.6 -80.4
106.6 -188.6 -60.300000000000004
106.6 -188.6 -40.2
106.6 -188.6 -20.1
106.6 -188.6 0.0
106.6 -188.6 20.1
106.6 -188.6 40.2
106.6 -188.6 60.300000000000004
106.6 -188.6 80.4
106.6 -188.6 100.5
106.6 -188.6 120.60000000000001
106.6 -184.49999999999997 -120.60000000000001
106.6 -184.49999999999997 -100.5
106.6 -184.49999999999997 -80.4
106.6 -184.49999999999997 -60.300000000000004
106.6 -184.49999999999997 -40.2
106.6 -184.49999999999997 -20.1
106.6 -184.49999999999997 0.0
106.6 -184.49999999999997 20.1
106.6 -184.49999999999997 40.2
106.6 -184.49999999999997 60.300000000000004
106.6 -184.49999999999997 80.4
106.6 -184.49999999999997 100.5
106.6 -184.49999999999997 120.60000000000001
106.6 -180.39999999999998 -120.60000000000001
106.6 -180.39999999999998 -100.5
106.6 -180.39999999999998 -80.4
106.6 -180.39999999999998 -60.300000000000004
106.6 -180.39999999999998 -40.2
106.6 -180.39999999999998 -20.1
106.6 -180.39999999999998 0.0
106.6 -180.39999999999998 20.1
106.6 -180.39999999999998 40.2
106.6 -180.39999999999998 60.300000000000004
106.6 -180.39999999999998 80.4
106.6 -180.39999999999998 100.5
106.6 -180.39999999999998 120.60000000000001
106.6 -176.29999999999998 -120.60000000000001
106.6 -176.29999999999998 -100.5
106.6 -176.29999999999998 -80.4
106.6 -176.29999999999998 -60.300000000000004
106.6 -176.29999999999998 -40.2
106.6 -176.29999999999998 -20.1
106.6 -176.29999999999998 0.0
106.6 -176.29999999999998 20.1
106.6 -176.29999999999998 40.2
106.6 -176.29999999999998 60.300000000000004
106.6 -176.29999999999998 80.4
106.6 -176.29999999999998 100.5
106.6 -176.29999999999998 120.60000000000001
106.6 -172.2 -120.60000000000001
106.6 -172.2 -100.5
106.6 -172.2 -80.4
106.6 -172.2 -60.300000000000004
106.6 -172.2 -40.2
106.6 -172.2 -20.1
106.6 -172.2 0.0
106.6 -172.2 20.1
106.6 -172.2 40.2
106.6 -172.2 60.300000000000004
106.6 -172.2 80.4
106.6 -172.2 100.5
106.6 -172.2 120.60000000000001
106.6 -168.1 -120.60000000000001
106.6 -168.1 -100.5
106.6 -168.1 -80.4
106.6 -168.1 -60.300000000000004
106.6 -168.1 -40.2
106.6 -168.1 -20.1
106.6 -168.1 0.0
106.6 -168.1 20.1
106.6 -168.1 40.2
106.6 -168.1 60.300000000000004
106.6 -168.1 80.4
106.6 -168.1 100.5
106.6 -168.1 120.60000000000001
106.6 -164.0 -120.60000000000001
106.6 -164.0 -100.5
106.6 -164.0 -80.4
106.6 -164.0 -60.300000000000004
106.6 -164.0 -40.2
106.6 -164.0 -20.1
106.6 -164.0 0.0
106.6 -164.0 20.1
106.6 -164.0 40.2
106.6 -164.0 60.300000000000004
106.6 -164.0 80.4
106.6 -164.0 100.5
106.6 -164.0 120.60000000000001
106.6 -159.89999999999998 -120.60000000000001
106.6 -159.89999999999998 -100.5
106.6 -159.89999999999998 -80.4
106.6 -159.89999999999998 -60.300000000000004
106.6 -159.89999999999998 -40.2
106.6 -159.89999999999998 -20.1
106.6 -159.89999999999998 0.0
106.6 -159.89999999999998 20.1
106.6 -159.89999999999998 40.2
106.6 -159.89999999999998 60.300000000000004
106.6 -159.89999999999998 80.4
106.6 -159.89999999999998 100.5
106.6 -159.89999999999998 120.60000000000001
106.6 -155.79999999999998 -120.60000000000001
106.6 -155.79999999999998 -100.5
106.6 -155.79999999999998 -80.4
106.6 -155.79999999999998 -60.300000000000004
106.6 -155.79999999999998 -40.2
106.6 -155.79999999999998 -20.1
106.6 -155.79999999999998 0.0
106.6 -155.79999999999998 20.1
106.6 -155.79999999999998 40.2
106.6 -155.79999999999998 60.300000000000004
106.6 -155.79999999999998 80.4
106.6 -155.79999999999998 100.5
106.6 -155.79999999999998 120.60000000000001
106.6 155.79999999999998 -120.60000000000001
106.6 155.79999999999998 -100.5
106.6 155.79999999999998 -80.4
106.6 155.79999999999998 -60.300000000000004
106.6 155.79999999999998 -40.2
106.6 155.79999999999998 -20.1
106.6 155.79999999999998 0.0
106.6 155.79999999999998 20.1
106.6 155.79999999999998 40.2
106.6 155.79999999999998 60.300000000000004
106.6 155.79999999999998 80.4
106.6 155.79999999999998 100.5
106.6 155.79999999999998 120.60000000000001
106.6 159.89999999999998 -120.60000000000001
106.6 159.89999999999998 -100.5
106.6 159.89999999999998 -80.4
106.6 159.89999999999998 -60.300000000000004
106.6 159.89999999999998 -40.2
106.6 159.89999999999998 -20.1
106.6 159.89999999999998 0.0
106.6 159.89999999999998 20.1
106.6 159.89999999999998 40.2
106.6 159.89999999999998 60.300000000000004
106.6 159.89999999999998 80.4
106.6 159.89999999999998 100.5
106.6 159.89999999999998 120.60000000000001
106.6 164.0 -120.60000000000001
106.6 164.0 -100.5
106.6 164.0 -80.4
106.6 164.0 -60.300000000000004
106.6 164.0 -40.2
106.6 164.0 -20.1
106.6 164.0 0.0
106.6 164.0 20.1
106.6 164.0 40.2
106.6 164.0 60.300000000000004
106.6 164.0 80.4
106.6 164.0 100.5
106.6 164.0 120.60000000000001
106.6 168.1 -120.60000000000001
106.6 168.1 -100.5
106.6 168.1 -80.4
106.6 168.1 -60.300000000000004
106.6 168.1 -40.2
106.6 168.1 -20.1
106.6 168.1 0.0
106.6 168.1 20.1
106.6 168.1 40.2
106.6 168.1 60.300000000000004
106.6 168.1 80.4
106.6 168.1 100.5
106.6 168.1 120.60000000000001
106.6 172.2 -120.60000000000001
106.6 172.2 -100.5
106.6 172.2 -80.4
106.6 172.2 -60.300000000000004
106.6 172.2 -40.2
106.6 172.2 -20.1
106.6 172.2 0.0
106.6 172.2 20.1
106.6 172.2 40.2
106.6 172.2 60.300000000000004
106.6 172.2 80.4
106.6 172.2 100.5
106.6 172.2 120.60000000000001
106.6 176.29999999999998 -120.60000000000001
106.6 176.29999999999998 -100.5
106.6 176.29999999999998 -80.4
106.6 176.29999999999998 -60.300000000000004
106.6 176.29999999999998 -40.2
106.6 176.29999999999998 -20.1
106.6 176.29999999999998 0.0
106.6 176.29999999999998 20.1
106.6 176.29999999999998 40.2
106.6 176.29999999999998 60.300000000000004
106.6 176.29999999999998 80.4
106.6 176.29999999999998 100.5
106.6 176.29999999999998 120.60000000000001
106.6 180.39999999999998 -120.60000000000001
106.6 180.39999999999998 -100.5
106.6 180.39999999999998 -80.4
106.6 180.39999999999998 -60.300000000000004
106.6 180.39999999999998 -40.2
106.6 180.39999999999998 -20.1
106.6 180.39999999999998 0.0
106.6 180.39999999999998 20.1
106.6 180.39999999999998 40.2
106.6 180.39999999999998 60.300000000000004
106.6 180.39999999999998 80.4
106.6 180.39999999999998 100.5
106.6 180.39999999999998 120.60000000000001
106.6 184.49999999999997 -120.60000000000001
106.6 184.49999999999997 -100.5
106.6 184.49999999999997 -80.4
106.6 184.49999999999997 -60.300000000000004
106.6 184.49999999999997 -40.2
106.6 184.49999999999997 -20.1
106.6 184.49999999999997 0.0
106.6 184.49999999999997 20.1
106.6 184.49999999999997 40.2
106.6 184.49999999999997 60.300000000000004
106.6 184.49999999999997 80.4
106.6 184.49999999999997 100.5
106.6 184.49999999999997 120.60000000000001
106.6 188.6 -120.60000000000001
106.6 188.6 -100.5
106.6 188.6 -80.4
106.6 188.6 -60.300000000000004
106.6 188.6 -40.2
106.6 188.6 -20.1
106.6 188.6 0.0
106.6 188.6 20.1
106.6 188.6 40.2
106.6 188.6 60.300000000000004
106.6 188.6 80.4
106.6 188.6 100.5
106.6 188.6 120.60000000000001
110.69999999999999 -184.49999999999997 -120.60000000000001
110.69999999999999 -184.49999999999997 -100.5
110.69999999999999 -184.49999999999997 -80.4
110.69999999999999 -184.49999999999997 -60.300000000000004
110.69999999999999 -184.49999999999997 -40.2
110.69999999999999 -184.49999999999997 -20.1
110.69999999999999 -184.49999999999997 0.0
110.69999999999999 -184.49999999999997 20.1
110.69999999999999 -184.49999999999997 40.2
110.69999999999999 -184.49999999999997 60.300000000000004
110.69999999999999 -184.49999999999997 80.4
110.69999999999999 -184.49999999999997 100.5
110.69999999999999 -184.49999999999997 120.60000000000001
110.69999999999999 -180.39999999999998 -120.60000000000001
110.69999999999999 -180.39999999999998 -100.5
110.69999999999999 -180.39999999999998 -80.4
110.69999999999999 -180.39999999999998 -60.300000000000004
110.69999999999999 -180.39999999999998 -40.2
110.69999999999999 -180.39999999999998 -20.1
110.69999999999999 -180.39999999999998 0.0
110.69999999999999 -180.39999999999998 20.1
110.69999999999999 -180.39999999999998 40.2
110.69999999999999 -180.39999999999998 60.300000000000004
110.69999999999999 -180.39999999999998 80.4
110.69999999999999 -180.39999999999998 100.5
110.69999999999999 -180.39999999999998 120.60000000000001
110.69999999999999 -176.29999999999998 -120.60000000000001
110.69999999999999 -176.29999999999998 -100.5
110.69999999999999 -176.29999999999998 -80.4
110.69999999999999 -176.29999999999998 -60.300000000000004
110.69999999999999 -176.29999999999998 -40.2
110.69999999999999 -176.29999999999998 -20.1
110.69999999999999 -176.29999999999998 0.0
110.69999999999999 -176.29999999999998 20.1
110.69999999999999 -176.29999999999998 40.2
110.69999999999999 -176.29999999999998 60.300000000000004
110.69999999999999 -176.29999999999998 80.4
110.69999999999999 -176.29999999999998 100.5
110.69999999999999 -176.29999999999998 120.60000000000001
110.69999999999999 -172.2 -120.60000000000001
110.69999999999999 -172.2 -100.5
110.69999999999999 -172.2 -80.4
110.69999999999999 -172.2 -60.300000000000004
110.69999999999999 -172.2 -40.2
110.69999999999999 -172.2 -20.1
110.69999999999999 -172.2 0.0
110.69999999999999 -172.2 20.1
110.69999999999999 -172.2 40.2
110.69999999999999 -172.2 60.300000000000004
110.69999999999999 -172.2 80.4
110.69999999999999 -172.2 100.5
110.69999999999999 -172.2 120.60000000000001
110.69999999999999 -168.1 -120.60000000000001
110.69999999999999 -168.1 -100.5
110.69999999999999 -168.1 -80.4
110.69999999999999 -168.1 -60.300000000000004
110.69999999999999 -168.1 -40.2
110.69999999999999 -168.1 -20.1
110.69999999999999 -168.1 0.0
110.69999999999999 -168.1 20.1
110.69999999999999 -168.1 40.2
110.69999999999999 -168.1 60.300000000000004
110.69999999999999 -168.1 80.4
110.69999999999999 -168.1 100.5
110.69999999999999 -168.1 120.60000000000001
110.69999999999999 -164.0 -120.60000000000001
110.69999999999999 -164.0 -100.5
110.69999999999999 -164.0 -80.4
110.69999999999999 -164.0 -60.300000000000004
110.69999999999999 -164.0 -40.2
110.69999999999999 -164.0 -20.1
110.69999999999999 -164.0 0.0
110.69999999999999 -164.0 20.1
110.69999999999999 -164.0 40.2
110.69999999999999 -164.0 60.300000000000004
110.69999999999999 -164.0 80.4
110.69999999999999 -164.0 100.5
110.69999999999999 -164.0 120.60000000000001
110.69999999999999 -159.89999999999998 -120.60000000000001
110.69999999999999 -159.89999999999998 -100.5
110.69999999999999 -159.89999999999998 -80.4
110.69999999999999 -159.89999999999998 -60.300000000000004
110.69999999999999 -159.89999999999998 -40.2
110.69999999999999 -159.89999999999998 -20.1
110.69999999999999 -159.89999999999998 0.0
110.69999999999999 -159.89999999999998 20.1
110.69999999999999 -159.89999999999998 40.2
110.69999999999999 -159.89999999999998 60.300000000000004
110.69999999999999 -159.89999999999998 80.4
110.69999999999999 -159.89999999999998 100.5
110.69999999999999 -159.89999999999998 120.60000000000001
110.69999999999999 -155.79999999999998 -120.60000000000001
110.69999999999999 -155.79999999999998 -100.5
110.69999999999999 -155.79999999999998 -80.4
110.69999999999999 -155.79999999999998 -60.300000000000004
110.69999999999999 -155.79999999999998 -40.2
110.69999999999999 -155.79999999999998 -20.1
110.69999999999999 -155.79999999999998 0.0
110.69999999999999 -155.79999999999998 20.1
110.69999999999999 -155.79999999999998 40.2
110.69999999999999 -155.79999999999998 60.300000000000004
110.69999999999999 -155.79999999999998 80.4
110.69999999999999 -155.79999999999998 100.5
110.69999999999999 -155.79999999999998 120.60000000000001
110.69999999999999 155.79999999999998 -120.60000000000001
110.69999999999999 155.79999999999998 -100.5
110.69999999999999 155.79999999999998 -80.4
110.69999999999999 155.79999999999998 -60.300000000000004
110.69999999999999 155.79999999999998 -40.2
110.69999999999999 155.79999999999998 -20.1
110.69999999999999 155.79999999999998 0.0
110.69999999999999 155.79999999999998 20.1
110.69999999999999 155.79999999999998 40.2
110.69999999999999 155.79999999999998 60.300000000000004
110.69999999999999 155.79999999999998 80.4
110.69999999999999 155.79999999999998 100.5
110.69999999999999 155.79999999999998 120.60000000000001
110.69999999999999 159.89999999999998 -120.60000000000001
110.69999999999999 159.89999999999998 -100.5
110.69999999999999 159.89999999999998 -80.4
110.69999999999999 159.89999999999998 -60.300000000000004
110.69999999999999 159.89999999999998 -40.2
110.69999999999999 159.89999999999998 -20.1
110.69999999999999 159.89999999999998 0.0
110.69999999999999 159.89999999999998 20.1
110.69999999999999 159.89999999999998 40.2
110.69999999999999 159.89999999999998 60.300000000000004
110.69999999999999 159.89999999999998 80.4
110.69999999999999 159.89999999999998 100.5
110.69999999999999 159.89999999999998 120.60000000000001
110.69999999999999 164.0 -120.60000000000001
110.69999999999999 164.0 -100.5
110.69999999999999 164.0 -80.4
110.69999999999999 164.0 -60.300000000000004
110.69999999999999 164.0 -40.2
110.69999999999999 164.0 -20.1
110.69999999999999 164.0 0.0
110.69999999999999 164.0 20.1
110.69999999999999 164.0 40.2
110.69999999999999 164.0 60.300000000000004
110.69999999999999 164.0 80.4
110.69999999999999 164.0 100.5
110.69999999999999 164.0 120.60000000000001
110.69999999999999 168.1 -120.60000000000001
110.69999999999999 168.1 -100.5
110.69999999999999 168.1 -80.4
110.69999999999999 168.1 -60.300000000000004
110.69999999999999 168.1 -40.2
110.69999999999999 168.1 -20.1
110.69999999999999 168.1 0.0
110.69999999999999 168.1 20.1
110.69999999999999 168.1 40.2
110.69999999999999 168.1 60.300000000000004
110.69999999999999 168.1 80.4
110.69999999999999 168.1 100.5
110.69999999999999 168.1 120.60000000000001
110.69999999999999 172.2 -120.60000000000001
110.69999999999999 172.2 -100.5
110.69999999999999 172.2 -80.4
110.69999999999999 172.2 -60.300000000000004
110.69999999999999 172.2 -40.2
110.69999999999999 172.2 -20.1
110.69999999999999 172.2 0.0
110.69999999999999 172.2 20.1
110.69999999999999 172.2 40.2
110.69999999999999 172.2 60.300000000000004
110.69999999999999 172.2 80.4
110.69999999999999 172.2 100.5
110.69999999999999 172.2 120.60000000000001
110.69999999999999 176.29999999999998 -120.60000000000001
110.69999999999999 176.29999999999998 -100.5
110.69999999999999 176.29999999999998 -80.4
110.69999999999999 176.29999999999998 -60.300000000000004
110.69999999999999 176.29999999999998 -40.2
110.69999999999999 176.29999999999998 -20.1
110.69999999999999 176.29999999999998 0.0
110.69999999999999 176.29999999999998 20.1
110.69999999999999 176.29999999999998 40.2
110.69999999999999 176.29999999999998 60.300000000000004
110.69999999999999 176.29999999999998 80.4
110.69999999999999 176.29999999999998 100.5
110.69999999999999 176.29999999999998 120.60000000000001
110.69999999999999 180.39999999999998 -120.60000000000001
110.69999999999999 180.39999999999998 -100.5
110.69999999999999 180.39999999999998 -80.4
110.69999999999999 180.39999999999998 -60.300000000000004
110.69999999999999 180.39999999999998 -40.2
110.69999999999999 180.39999999999998 -20.1
110.69999999999999 180.39999999999998 0.0
110.69999999999999 180.39999999999998 20.1
110.69999999999999 180.39999999999998 40.2
110.69999999999999 180.39999999999998 60.300000000000004
110.69999999999999 180.39999999999998 80.4
110.69999999999999 180.39999999999998 100.5
110.69999999999999 180.39999999999998 120.60000000000001
110.69999999999999 184.49999999999997 -120.60000000000001
110.69999999999999 184.49999999999997 -100.5
110.69999999999999 184.49999999999997 -80.4
110.69999999999999 184.49999999999997 -60.300000000000004
110.69999999999999 184.49999999999997 -40.2
110.69999999999999 184.49999999999997 -20.1
110.69999999999999 184.49999999999997 0.0
110.69999999999999 184.49999999999997 20.1
110.69999999999999 184.49999999999997 40.2
110.69999999999999 184.49999999999997 60.300000000000004
110.69999999999999 184.49999999999997 80.4
110.69999999999999 184.49999999999997 100.5
110.69999999999999 184.49999999999997 120.60000000000001
114.79999999999998 -180.39999999999998 -120.60000000000001
114.79999999999998 -180.39999999999998 -100.5
114.79999999999998 -180.39999999999998 -80.4
114.79999999999998 -180.39999999999998 -60.300000000000004
114.79999999999998 -180.39999999999998 -40.2
114.79999999999998 -180.39999999999998 -20.1
114.79999999999998 -180.39999999999998 0.0
114.79999999999998 -180.39999999999998 20.1
114.79999999999998 -180.39999999999998 40.2
114.79999999999998 -180.39999999999998 60.300000000000004
114.79999999999998 -180.39999999999998 80.4
114.79999999999998 -180.39999999999998 100.5
114.79999999999998 -180.39999999999998 120.60000000000001
114.79999999999998 -176.29999999999998 -120.60000000000001
114.79999999999998 -176.29999999999998 -100.5
114.79999999999998 -176.29999999999998 -80.4
114.79999999999998 -176.29999999999998 -60.300000000000004
114.79999999999998 -176.29999999999998 -40.2
114.79999999999998 -176.29999999999998 -20.1
114.79999999999998 -176.29999999999998 0.0
114.79999999999998 -176.29999999999998 20.1
114.79999999999998 -176.29999999999998 40.2
114.79999999999998 -176.29999999999998 60.300000000000004
114.79999999999998 -176.29999999999998 80.4
114.79999999999998 -176.29999999999998 100.5
114.79999999999998 -176.29999999999998 120.60000000000001
114.79999999999998 -172.2 -120.60000000000001
114.79999999999998 -172.2 -100.5
114.79999999999998 -172.2 -80.4
114.79999999999998 -172.2 -60.300000000000004
114.79999999999998 -172.2 -40.2
114.79999999999998 -172.2 -20.1
114.79999999999998 -172.2 0.0
114.79999999999998 -172.2 20.1
114.79999999999998 -172.2 40.2
114.79999999999998 -172.2 60.300000000000004
114.79999999999998 -172.2 80.4
114.79999999999998 -172.2 100.5
114.79999999999998 -172.2 120.60000000000001
114.79999999999998 -168.1 -120.60000000000001
114.79999999999998 -168.1 -100.5
114.79999999999998 -168.1 -80.4
114.79999999999998 -168.1 -60.300000000000004
114.79999999999998 -168.1 -40.2
114.79999999999998 -168.1 -20.1
114.79999999999998 -168.1 0.0
114.79999999999998 -168.1 20.1
114.79999999999998 -168.1 40.2
114.79999999999998 -168.1 60.300000000000004
114.79999999999998 -168.1 80.4
114.79999999999998 -168.1 100.5
114.79999999999998 -168.1 120.60000000000001
114.79999999999998 -164.0 -120.60000000000001
114.79999999999998 -164.0 -100.5
114.79999999999998 -164.0 -80.4
114.79999999999998 -164.0 -60.300000000000004
114.79999999999998 -164.0 -40.2
114.79999999999998 -164.0 -20.1
114.79999999999998 -164.0 0.0
114.79999999999998 -164.0 20.1
114.79999999999998 -164.0 40.2
114.79999999999998 -164.0 60.300000000000004
114.79999999999998 -164.0 80.4
114.79999999999998 -164.0 100.5
114.79999999999998 -164.0 120.60000000000001
114.79999999999998 -159.89999999999998 -120.60000000000001
114.79999999999998 -159.89999999999998 -100.5
114.79999999999998 -159.89999999999998 -80.4
114.79999999999998 -159.89999999999998 -60.300000000000004
114.79999999999998 -159.89999999999998 -40.2
114.79999999999998 -159.89999999999998 -20.1
114.79999999999998 -159.89999999999998 0.0
114.79999999999998 -159.89999999999998 20.1
114.79999999999998 -159.89999999999998 40.2
114.79999999999998 -159.89999999999998 60.300000000000004
114.79999999999998 -159.89999999999998 80.4
114.79999999999998 -159.89999999999998 100.5
114.79999999999998 -159.89999999999998 120.60000000000001
114.79999999999998 -155.79999999999998 -120.60000000000001
114.79999999999998 -155.79999999999998 -100.5
114.79999999999998 -155.79999999999998 -80.4
114.79999999999998 -155.79999999999998 -60.300000000000004
114.79999999999998 -155.79999999999998 -40.2
114.79999999999998 -155.79999999999998 -20.1
114.79999999999998 -155.79999999999998 0.0
114.79999999999998 -155.79999999999998 20.1
114.79999999999998 -155.79999999999998 40.2
114.79999999999998 -155.79999999999998 60.300000000000004
114.79999999999998 -155.79999999999998 80.4
114.79999999999998 -155.79999999999998 100.5
114.79999999999998 -155.79999999999998 120.60000000000001
114.79999999999998 -151.7 -120.60000000000001
114.79999999999998 -151.7 -100.5
114.79999999999998 -151.7 -80.4
114.79999999999998 -151.7 -60.300000000000004
114.79999999999998 -151.7 -40.2
114.79999999999998 -151.7 -20.1
114.79999999999998 -151.7 0.0
114.79999999999998 -151.7 20.1
114.79999999999998 -151.7 40.2
114.79999999999998 -151.7 60.300000000000004
114.79999999999998 -151.7 80.4
114.79999999999998 -151.7 100.5
114.79999999999998 -151.7 120.60000000000001
114.79999999999998 151.7 -120.60000000000001
114.79999999999998 151.7 -100.5
114.79999999999998 151.7 -80.4
114.79999999999998 151.7 -60.300000000000004
114.79999999999998 151.7 -40.2
114.79999999999998 151.7 -20.1
114.79999999999998 151.7 0.0
114.79999999999998 151.7 20.1
114.79999999999998 151.7 40.2
114.79999999999998 151.7 60.300000000000004
114.79999999999998 151.7 80.4
114.79999999999998 151.7 100.5
114.79999999999998 151.7 120.60000000000001
114.79999999999998 155.79999999999998 -120.60000000000001
114.79999999999998 155.79999999999998 -100.5
114.79999999999998 155.79999999999998 -80.4
114.79999999999998 155.79999999999998 -60.300000000000004
114.79999999999998 155.79999999999998 -40.2
114.79999999999998 155.79999999999998 -20.1
114.79999999999998 155.79999999999998 0.0
114.79999999999998 155.79999999999998 20.1
114.79999999999998 155.79999999999998 40.2
114.79999999999998 155.79999999999998 60.300000000000004
114.79999999999998 155.79999999999998 80.4
114.79999999999998 155.79999999999998 100.5
114.79999999999998 155.79999999999998 120.60000000000001
114.79999999999998 159.89999999999998 -120.60000000000001
114.79999999999998 159.89999999999998 -100.5
114.79999999999998 159.89999999999998 -80.4
114.79999999999998 159.89999999999998 -60.300000000000004
114.79999999999998 159.89999999999998 -40.2
114.79999999999998 159.89999999999998 -20.1
114.79999999999998 159.89999999999998 0.0
114.79999999999998 159.89999999999998 20.1
114.79999999999998 159.89999999999998 40.2
114.79999999999998 159.89999999999998 60.300000000000004
114.79999999999998 159.89999999999998 80.4
114.79999999999998 159.89999999999998 100.5
114.79999999999998 159.89999999999998 120.60000000000001
114.79999999999998 164.0 -120.60000000000001
114.79999999999998 164.0 -100.5
114.79999999999998 164.0 -80.4
114.79999999999998 164.0 -60.300000000000004
114.79999999999998 164.0 -40.2
114.79999999999998 164.0 -20.1
114.79999999999998 164.0 0.0
114.79999999999998 164.0 20.1
114.79999999999998 164.0 40.2
114.79999999999998 164.0 60.300000000000004
114.79999999999998 164.0 80.4
114.79999999999998 164.0 100.5
114.79999999999998 164.0 120.60000000000001
114.79999999999998 168.1 -120.60000000000001
114.79999999999998 168.1 -100.5
114.79999999999998 168.1 -80.4
114.79999999999998 168.1 -60.300000000000004
114.79999999999998 168.1 -40.2
114.79999999999998 168.1 -20.1
114.79999999999998 168.1 0.0
114.79999999999998 168.1 20.1
114.79999999999998 168.1 40.2
114.79999999999998 168.1 60.300000000000004
114.79999999999998 168.1 80.4
114.79999999999998 168.1 100.5
114.79999999999998 168.1 120.60000000000001
114.79999999999998 172.2 -120.60000000000001
114.79999999999998 172.2 -100.5
114.79999999999998 172.2 -80.4
114.79999999999998 172.2 -60.300000000000004
114.79999999999998 172.2 -40.2
114.79999999999998 172.2 -20.1
114.79999999999998 172.2 0.0
114.79999999999998 172.2 20.1
114.79999999999998 172.2 40.2
114.79999999999998 172.2 60.300000000000004
114.79999999999998 172.2 80.4
114.79999999999998 172.2 100.5
114.79999999999998 172.2 120.60000000000001
114.79999999999998 176.29999999999998 -120.60000000000001
114.79999999999998 176.29999999999998 -100.5
114.79999999999998 176.29999999999998 -80.4
114.79999999999998 176.29999999999998 -60.300000000000004
114.79999999999998 176.29999999999998 -40.2
114.79999999999998 176.29999999999998 -20.1
114.79999999999998 176.29999999999998 0.0
114.79999999999998 176.29999999999998 20.1
114.79999999999998 176.29999999999998 40.2
114.79999999999998 176.29999999999998 60.300000000000004
114.79999999999998 176.29999999999998 80.4
114.79999999999998 176.29999999999998 100.5
114.79999999999998 176.29999999999998 120.60000000000001
114.79999999999998 180.39999999999998 -120.60000000000001
114.79999999999998 180.39999999999998 -100.5
114.79999999999998 180.39999999999998 -80.4
114.79999999999998 180.39999999999998 -60.300000000000004
114.79999999999998 180.39999999999998 -40.2
114.79999999999998 180.39999999999998 -20.1
114.79999999999998 180.39999999999998 0.0
114.79999999999998 180.39999999999998 20.1
114.79999999999998 180.39999999999998 40.2
114.79999999999998 180.39999999999998 60.300000000000004
114.79999999999998 180.39999999999998 80.4
114.79999999999998 180.39999999999998 100.5
114.79999999999998 180.39999999999998 120.60000000000001
118.89999999999999 -180.39999999999998 -120.60000000000001
118.89999999999999 -180.39999999999998 -100.5
118.89999999999999 -180.39999999999998 -80.4
118.89999999999999 -180.39999999999998 -60.300000000000004
118.89999999999999 -180.39999999999998 -40.2
118.89999999999999 -180.39999999999998 -20.1
118.89999999999999 -180.39999999999998 0.0
118.89999999999999 -180.39999999999998 20.1
118.89999999999999 -180.39999999999998 40.2
118.89999999999999 -180.39999999999998 60.300000000000004
118.89999999999999 -180.39999999999998 80.4
118.89999999999999 -180.39999999999998 100.5
118.89999999999999 -180.39999999999998 120.60000000000001
118.89999999999999 -176.29999999999998 -120.60000000000001
118.89999999999999 -176.29999999999998 -100.5
118.89999999999999 -176.29999999999998 -80.4
118.89999999999999 -176.29999999999998 -60.300000000000004
118.89999999999999 -176.29999999999998 -40.2
118.89999999999999 -176.29999999999998 -20.1
118.89999999999999 -176.29999999999998 0.0
118.89999999999999 -176.29999999999998 20.1
118.89999999999999 -176.29999999999998 40.2
118.89999999999999 -176.29999999999998 60.300000000000004
118.89999999999999 -176.29999999999998 80.4
118.89999999999999 -176.29999999999998 100.5
118.89999999999999 -176.29999999999998 120.60000000000001
118.89999999999999 -172.2 -120.60000000000001
118.89999999999999 -172.2 -100.5
118.89999999999999 -172.2 -80.4
118.89999999999999 -172.2 -60.300000000000004
118.89999999999999 -172.2 -40.2
118.89999999999999 -172.2 -20.1
118.89999999999999 -172.2 0.0
118.89999999999999 -172.2 20.1
118.89999999999999 -172.2 40.2
118.89999999999999 -172.2 60.300000000000004
118.89999999999999 -172.2 80.4
118.89999999999999 -172.2 100.5
118.89999999999999 -172.2 120.60000000000001
118.89999999999999 -168.1 -120.60000000000001
118.89999999999999 -168.1 -100.5
118.89999999999999 -168.1 -80.4
118.89999999999999 -168.1 -60.300000000000004
118.89999999999999 -168.1 -40.2
118.89999999999999 -168.1 -20.1
118.89999999999999 -168.1 0.0
118.89999999999999 -168.1 20.1
118.89999999999999 -168.1 40.2
118.89999999999999 -168.1 60.300000000000004
118.89999999999999 -168.1 80.4
118.89999999999999 -168.1 100.5
118.89999999999999 -168.1 120.60000000000001
118.89999999999999 -164.0 -120.60000000000001
118.89999999999999 -164.0 -100.5
118.89999999999999 -164.0 -80.4
118.89999999999999 -164.0 -60.300000000000004
118.89999999999999 -164.0 -40.2
118.89999999999999 -164.0 -20.1
118.89999999999999 -164.0 0.0
118.89999999999999 -164.0 20.1
118.89999999999999 -164.0 40.2
118.89999999999999 -164.0 60.300000000000004
118.89999999999999 -164.0 80.4
118.89999999999999 -164.0 100.5
118.89999999999999 -164.0 120.60000000000001
118.89999999999999 -159.89999999999998 -120.60000000000001
118.89999999999999 -159.89999999999998 -100.5
118.89999999999999 -159.89999999999998 -80.4
118.89999999999999 -159.89999999999998 -60.300000000000004
118.89999999999999 -159.89999999999998 -40.2
118.89999999999999 -159.89999999999998 -20.1
118.89999999999999 -159.89999999999998 0.0
118.89999999999999 -159.89999999999998 20.1
118.89999999999999 -159.89999999999998 40.2
118.89999999999999 -159.89999999999998 60.300000000000004
118.89999999999999 -159.89999999999998 80.4
118.89999999999999 -159.89999999999998 100.5
118.89999999999999 -159.89999999999998 120.60000000000001
118.89999999999999 -155.79999999999998 -120.60000000000001
118.89999999999999 -155.79999999999998 -100.5
118.89999999999999 -155.79999999999998 -80.4
118.89999999999999 -155.79999999999998 -60.300000000000004
118.89999999999999 -155.79999999999998 -40.2
118.89999999999999 -155.79999999999998 -20.1
118.89999999999999 -155.79999999999998 0.0
118.89999999999999 -155.79999999999998 20.1
118.89999999999999 -155.79999999999998 40.2
118.89999999999999 -155.79999999999998 60.300000000000004
118.89999999999999 -155.79999999999998 80.4
118.89999999999999 -155.79999999999998 100.5
118.89999999999999 -155.79999999999998 120.60000000000001
118.89999999999999 -151.7 -120.60000000000001
118.89999999999999 -151.7 -100.5
118.89999999999999 -151.7 -80.4
118.89999999999999 -151.7 -60.300000000000004
118.89999999999999 -151.7 -40.2
118.89999999999999 -151.7 -20.1
118.89999999999999 -151.7 0.0
118.89999999999999 -151.7 20.1
118.89999999999999 -151.7 40.2
118.89999999999999 -151.7 60.300000000000004
118.89999999999999 -151.7 80.4
118.89999999999999 -151.7 100.5
118.89999999999999 -151.7 120.60000000000001
118.89999999999999 -147.6 -120.60000000000001
118.89999999999999 -147.6 -100.5
118.89999999999999 -147.6 -80.4
118.89999999999999 -147.6 -60.300000000000004
118.89999999999999 -147.6 -40.2
118.89999999999999 -147.6 -20.1
118.89999999999999 -147.6 0.0
118.89999999999999 -147.6 20.1
118.89999999999999 -147.6 40.2
118.89999999999999 -147.6 60.300000000000004
118.89999999999999 -147.6 80.4
118.89999999999999 -147.6 100.5
118.89999999999999 -147.6 120.60000000000001
118.89999999999999 147.6 -120.60000000000001
118.89999999999999 147.6 -100.5
118.89999999999999 147.6 -80.4
118.89999999999999 147.6 -60.300000000000004
118.89999999999999 147.6 -40.2
118.89999999999999 147.6 -20.1
118.89999999999999 147.6 0.0
118.89999999999999 147.6 20.1
118.89999999999999 147.6 40.2
118.89999999999999 147.6 60.300000000000004
118.89999999999999 147.6 80.4
118.89999999999999 147.6 100.5
118.89999999999999 147.6 120.60000000000001
118.89999999999999 151.7 -120.60000000000001
118.89999999999999 151.7 -100.5
118.89999999999999 151.7 -80.4
118.89999999999999 151.7 -60.300000000000004
118.89999999999999 151.7 -40.2
118.89999999999999 151.7 -20.1
118.89999999999999 151.7 0.0
118.89999999999999 151.7 20.1
118.89999999999999 151.7 40.2
118.89999999999999 151.7 60.300000000000004
118.89999999999999 151.7 80.4
118.89999999999999 151.7 100.5
118.89999999999999 151.7 120.60000000000001
118.89999999999999 155.79999999999998 -120.60000000000001
118.89999999999999 155.79999999999998 -100.5
118.89999999999999 155.79999999999998 -80.4
118.89999999999999 155.79999999999998 -60.300000000000004
118.89999999999999 155.79999999999998 -40.2
118.89999999999999 155.79999999999998 -20.1
118.89999999999999 155.79999999999998 0.0
118.89999999999999 155.79999999999998 20.1
118.89999999999999 155.79999999999998 40.2
118.89999999999999 155.79999999999998 60.300000000000004
118.89999999999999 155.79999999999998 80.4
118.89999999999999 155.79999999999998 100.5
118.89999999999999 155.79999999999998 120.60000000000001
118.89999999999999 159.89999999999998 -120.60000000000001
118.89999999999999 159.89999999999998 -100.5
118.89999999999999 159.89999999999998 -80.4
118.89999999999999 159.89999999999998 -60.300000000000004
118.89999999999999 159.89999999999998 -40.2
118.89999999999999 159.89999999999998 -20.1
118.89999999999999 159.89999999999998 0.0
118.89999999999999 159.89999999999998 20.1
118.89999999999999 159.89999999999998 40.2
118.89999999999999 159.89999999999998 60.300000000000004
118.89999999999999 159.89999999999998 80.4
118.89999999999999 159.89999999999998 100.5
118.89999999999999 159.89999999999998 120.60000000000001
118.89999999999999 164.0 -120.60000000000001
118.89999999999999 164.0 -100.5
118.89999999999999 164.0 -80.4
118.89999999999999 164.0 -60.300000000000004
118.89999999999999 164.0 -40.2
118.89999999999999 164.0 -20.1
118.89999999999999 164.0 0.0
118.89999999999999 164.0 20.1
118.89999999999999 164.0 40.2
118.89999999999999 164.0 60.300000000000004
118.89999999999999 164.0 80.4
118.89999999999999 164.0 100.5
118.89999999999999 164.0 120.60000000000001
118.89999999999999 168.1 -120.60000000000001
118.89999999999999 168.1 -100.5
118.89999999999999 168.1 -80.4
118.89999999999999 168.1 -60.300000000000004
118.89999999999999 168.1 -40.2
118.89999999999999 168.1 -20.1
118.89999999999999 168.1 0.0
118.89999999999999 168.1 20.1
118.89999999999999 168.1 40.2
118.89999999999999 168.1 60.300000000000004
118.89999999999999 168.1 80.4
118.89999999999999 168.1 100.5
118.89999999999999 168.1 120.60000000000001
118.89999999999999 172.2 -120.60000000000001
118.89999999999999 172.2 -100.5
118.89999999999999 172.2 -80.4
118.89999999999999 172.2 -60.300000000000004
118.89999999999999 172.2 -40.2
118.89999999999999 172.2 -20.1
118.89999999999999 172.2 0.0
118.89999999999999 172.2 20.1
118.89999999999999 172.2 40.2
118.89999999999999 172.2 60.300000000000004
118.89999999999999 172.2 80.4
118.89999999999999 172.2 100.5
118.89999999999999 172.2 120.60000000000001
118.89999999999999 176.29999999999998 -120.60000000000001
118.89999999999999 176.29999999999998 -100.5
118.89999999999999 176.29999999999998 -80.4
118.89999999999999 176.29999999999998 -60.300000000000004
118.89999999999999 176.29999999999998 -40.2
118.89999999999999 176.29999999999998 -20.1
118.89999999999999 176.29999999999998 0.0
118.89999999999999 176.29999999999998 20.1
118.89999999999999 176.29999999999998 40.2
118.89999999999999 176.29999999999998 60.300000000000004
118.89999999999999 176.29999999999998 80.4
118.89999999999999 176.29999999999998 100.5
118.89999999999999 176.29999999999998 120.60000000000001
118.89999999999999 180.39999999999998 -120.60000000000001
118.89999999999999 180.39999999999998 -100.5
118.89999999999999 180.39999999999998 -80.4
118.89999999999999 180.39999999999998 -60.300000000000004
118.89999999999999 180.39999999999998 -40.2
118.89999999999999 180.39999999999998 -20.1
118.89999999999999 180.39999999999998 0.0
118.89999999999999 180.39999999999998 20.1
118.89999999999999 180.39999999999998 40.2
118.89999999999999 180.39999999999998 60.300000000000004
118.89999999999999 180.39999999999998 80.4
118.89999999999999 180.39999999999998 100.5
118.89999999999999 180.39999999999998 120.60000000000001
122.99999999999999 -176.29999999999998 -120.60000000000001
122.99999999999999 -176.29999999999998 -100.5
122.99999999999999 -176.29999999999998 -80.4
122.99999999999999 -176.29999999999998 -60.300000000000004
122.99999999999999 -176.29999999999998 -40.2
122.99999999999999 -176.29999999999998 -20.1
122.99999999999999 -176.29999999999998 0.0
122.99999999999999 -176.29999999999998 20.1
122.99999999999999 -176.29999999999998 40.2
122.99999999999999 -176.29999999999998 60.300000000000004
122.99999999999999 -176.29999999999998 80.4
122.99999999999999 -176.29999999999998 100.5
122.99999999999999 -176.29999999999998 120.60000000000001
122.99999999999999 -172.2 -120.60000000000001
122.99999999999999 -172.2 -100.5
122.99999999999999 -172.2 -80.4
122.99999999999999 -172.2 -60.300000000000004
122.99999999999999 -172.2 -40.2
122.99999999999999 -172.2 -20.1
122.99999999999999 -172.2 0.0
122.99999999999999 -172.2 20.1
122.99999999999999 -172.2 40.2
122.99999999999999 -172.2 60.300000000000004
122.99999999999999 -172.2 80.4
122.99999999999999 -172.2 100.5
122.99999999999999 -172.2 120.60000000000001
122.99999999999999 -168.1 -120.60000000000001
122.99999999999999 -168.1 -100.5
122.99999999999999 -168.1 -80.4
122.99999999999999 -168.1 -60.300000000000004
122.99999999999999 -168.1 -40.2
122.99999999999999 -168.1 -20.1
122.99999999999999 -168.1 0.0
122.99999999999999 -168.1 20.1
122.99999999999999 -168.1 40.2
122.99999999999999 -168.1 60.300000000000004
122.99999999999999 -168.1 80.4
122.99999999999999 -168.1 100.5
122.99999999999999 -168.1 120.60000000000001
122.99999999999999 -164.0 -120.60000000000001
122.99999999999999 -164.0 -100.5
122.99999999999999 -164.0 -80.4
122.99999999999999 -164.0 -60.300000000000004
122.99999999999999 -164.0 -40.2
122.99999999999999 -164.0 -20.1
122.99999999999999 -164.0 0.0
122.99999999999999 -164.0 20.1
122.99999999999999 -164.0 40.2
122.99999999999999 -164.0 60.300000000000004
122.99999999999999 -164.0 80.4
122.99999999999999 -164.0 100.5
122.99999999999999 -164.0 120.60000000000001
122.99999999999999 -159.89999999999998 -120.60000000000001
122.99999999999999 -159.89999999999998 -100.5
122.99999999999999 -159.89999999999998 -80.4
122.99999999999999 -159.89999999999998 -60.300000000000004
122.99999999999999 -159.89999999999998 -40.2
122.99999999999999 -159.89999999999998 -20.1
122.99999999999999 -159.89999999999998 0.0
122.99999999999999 -159.89999999999998 20.1
122.99999999999999 -159.89999999999998 40.2
122.99999999999999 -159.89999999999998 60.300000000000004
122.99999999999999 -159.89999999999998 80.4
122.99999999999999 -159.89999999999998 100.5
122.99999999999999 -159.89999999999998 120.60000000000001
122.99999999999999 -155.79999999999998 -120.60000000000001
122.99999999999999 -155.79999999999998 -100.5
122.99999999999999 -155.79999999999998 -80.4
122.99999999999999 -155.79999999999998 -60.300000000000004
122.99999999999999 -155.79999999999998 -40.2
122.99999999999999 -155.79999999999998 -20.1
122.99999999999999 -155.79999999999998 0.0
122.99999999999999 -155.79999999999998 20.1
122.99999999999999 -155.79999999999998 40.2
122.99999999999999 -155.79999999999998 60.300000000000004
122.99999999999999 -155.79999999999998 80.4
122.99999999999999 -155.79999999999998 100.5
122.99999999999999 -155.79999999999998 120.60000000000001
122.99999999999999 -151.7 -120.60000000000001
122.99999999999999 -151.7 -100.5
122.99999999999999 -151.7 -80.4
122.99999999999999 -151.7 -60.300000000000004
122.99999999999999 -151.7 -40.2
122.99999999999999 -151.7 -20.1
122.99999999999999 -151.7 0.0
122.99999999999999 -151.7 20.1
122.99999999999999 -151.7 40.2
122.99999999999999 -151.7 60.300000000000004
122.99999999999999 -151.7 80.4
122.99999999999999 -151.7 100.5
122.99999999999999 -151.7 120.60000000000001
122.99999999999999 -147.6 -120.60000000000001
122.99999999999999 -147.6 -100.5
122.99999999999999 -147.6 -80.4
122.99999999999999 -147.6 -60.300000000000004
122.99999999999999 -147.6 -40.2
122.99999999999999 -147.6 -20.1
122.99999999999999 -147.6 0.0
122.99999999999999 -147.6 20.1
122.99999999999999 -147.6 40.2
122.99999999999999 -147.6 60.300000000000004
122.99999999999999 -147.6 80.4
122.99999999999999 -147.6 100.5
122.99999999999999 -147.6 120.60000000000001
122.99999999999999 -143.5 -120.60000000000001
122.99999999999999 -143.5 -100.5
122.99999999999999 -143.5 -80.4
122.99999999999999 -143.5 -60.300000000000004
122.99999999999999 -143.5 -40.2
122.99999999999999 -143.5 -20.1
122.99999999999999 -143.5 0.0
122.99999999999999 -143.5 20.1
122.99999999999999 -143.5 40.2
122.99999999999999 -143.5 60.300000000000004
122.99999999999999 -143.5 80.4
122.99999999999999 -143.5 100.5
122.99999999999999 -143.5 120.60000000000001
122.99999999999999 143.5 -120.60000000000001
122.99999999999999 143.5 -100.5
122.99999999999999 143.5 -80.4
122.99999999999999 143.5 -60.300000000000004
122.99999999999999 143.5 -40.2
122.99999999999999 143.5 -20.1
122.99999999999999 143.5 0.0
122.99999999999999 143.5 20.1
122.99999999999999 143.5 40.2
122.99999999999999 143.5 60.300000000000004
122.99999999999999 143.5 80.4
122.99999999999999 143.5 100.5
122.99999999999999 143.5 120.60000000000001
122.99999999999999 147.6 -120.60000000000001
122.99999999999999 147.6 -100.5
122.99999999999999 147.6 -80.4
122.99999999999999 147.6 -60.300000000000004
122.99999999999999 147.6 -40.2
122.99999999999999 147.6 -20.1
122.99999999999999 147.6 0.0
122.99999999999999 147.6 20.1
122.99999999999999 147.6 40.2
122.99999999999999 147.6 60.300000000000004
122.99999999999999 147.6 80.4
122.99999999999999 147.6 100.5
122.99999999999999 147.6 120.60000000000001
122.99999999999999 151.7 -120.60000000000001
122.99999999999999 151.7 -100.5
122.99999999999999 151.7 -80.4
122.99999999999999 151.7 -60.300000000000004
122.99999999999999 151.7 -40.2
122.99999999999999 151.7 -20.1
122.99999999999999 151.7 0.0
122.99999999999999 151.7 20.1
122.99999999999999 151.7 40.2
122.99999999999999 151.7 60.300000000000004
122.99999999999999 151.7 80.4
122.99999999999999 151.7 100.5
122.99999999999999 151.7 120.60000000000001
122.99999999999999 155.79999999999998 -120.60000000000001
122.99999999999999 155.79999999999998 -100.5
122.99999999999999 155.79999999999998 -80.4
122.99999999999999 155.79999999999998 -60.300000000000004
122.99999999999999 155.79999999999998 -40.2
122.99999999999999 155.79999999999998 -20.1
122.99999999999999 155.79999999999998 0.0
122.99999999999999 155.79999999999998 20.1
122.99999999999999 155.79999999999998 40.2
122.99999999999999 155.79999999999998 60.300000000000004
122.99999999999999 155.79999999999998 80.4
122.99999999999999 155.79999999999998 100.5
122.99999999999999 155.79999999999998 120.60000000000001
122.99999999999999 159.89999999999998 -120.60000000000001
122.99999999999999 159.89999999999998 -100.5
122.99999999999999 159.89999999999998 -80.4
122.99999999999999 159.89999999999998 -60.300000000000004
122.99999999999999 159.89999999999998 -40.2
122.99999999999999 159.89999999999998 -20.1
122.99999999999999 159.89999999999998 0.0
122.99999999999999 159.89999999999998 20.1
122.99999999999999 159.89999999999998 40.2
122.99999999999999 159.89999999999998 60.300000000000004
122.99999999999999 159.89999999999998 80.4
122.99999999999999 159.89999999999998 100.5
122.99999999999999 159.89999999999998 120.60000000000001
122.99999999999999 164.0 -120.60000000000001
122.99999999999999 164.0 -100.5
122.99999999999999 164.0 -80.4
122.99999999999999 164.0 -60.300000000000004
122.99999999999999 164.0 -40.2
122.99999999999999 164.0 -20.1
122.99999999999999 164.0 0.0
122.99999999999999 164.0 20.1
122.99999999999999 164.0 40.2
122.99999999999999 164.0 60.300000000000004
122.99999999999999 164.0 80.4
122.99999999999999 164.0 100.5
122.99999999999999 164.0 120.60000000000001
122.99999999999999 168.1 -120.60000000000001
122.99999999999999 168.1 -100.5
122.99999999999999 168.1 -80.4
122.99999999999999 168.1 -60.300000000000004
122.99999999999999 168.1 -40.2
122.99999999999999 168.1 -20.1
122.99999999999999 168.1 0.0
122.99999999999999 168.1 20.1
122.99999999999999 168.1 40.2
122.99999999999999 168.1 60.300000000000004
122.99999999999999 168.1 80.4
122.99999999999999 168.1 100.5
122.99999999999999 168.1 120.60000000000001
122.99999999999999 172.2 -120.60000000000001
122.99999999999999 172.2 -100.5
122.99999999999999 172.2 -80.4
122.99999999999999 172.2 -60.300000000000004
122.99999999999999 172.2 -40.2
122.99999999999999 172.2 -20.1
122.99999999999999 172.2 0.0
122.99999999999999 172.2 20.1
122.99999999999999 172.2 40.2
122.99999999999999 172.2 60.300000000000004
122.99999999999999 172.2 80.4
122.99999999999999 172.2 100.5
122.99999999999999 172.2 120.60000000000001
122.99999999999999 176.29999999999998 -120.60000000000001
122.99999999999999 176.29999999999998 -100.5
122.99999999999999 176.29999999999998 -80.4
122.99999999999999 176.29999999999998 -60.300000000000004
122.99999999999999 176.29999999999998 -40.2
122.99999999999999 176.29999999999998 -20.1
122.99999999999999 176.29999999999998 0.0
122.99999999999999 176.29999999999998 20.1
122.99999999999999 176.29999999999998 40.2
122.99999999999999 176.29999999999998 60.300000000000004
122.99999999999999 176.29999999999998 80.4
122.99999999999999 176.29999999999998 100.5
122.99999999999999 176.29999999999998 120.60000000000001
127.1 -172.2 -120.60000000000001
127.1 -172.2 -100.5
127.1 -172.2 -80.4
127.1 -172.2 -60.300000000000004
127.1 -172.2 -40.2
127.1 -172.2 -20.1
127.1 -172.2 0.0
127.1 -172.2 20.1
127.1 -172.2 40.2
127.1 -172.2 60.300000000000004
127.1 -172.2 80.4
127.1 -172.2 100.5
127.1 -172.2 120.60000000000001
127.1 -168.1 -120.60000000000001
127.1 -168.1 -100.5
127.1 -168.1 -80.4
127.1 -168.1 -60.300000000000004
127.1 -168.1 -40.2
127.1 -168.1 -20.1
127.1 -168.1 0.0
127.1 -168.1 20.1
127.1 -168.1 40.2
127.1 -168.1 60.300000000000004
127.1 -168.1 80.4
127.1 -168.1 100.5
127.1 -168.1 120.60000000000001
127.1 -164.0 -120.60000000000001
127.1 -164.0 -100.5
127.1 -164.0 -80.4
127.1 -164.0 -60.300000000000004
127.1 -164.0 -40.2
127.1 -164.0 -20.1
127.1 -164.0 0.0
127.1 -164.0 20.1
127.1 -164.0 40.2
127.1 -164.0 60.300000000000004
127.1 -164.0 80.4
127.1 -164.0 100.5
127.1 -164.0 120.60000000000001
127.1 -159.89999999999998 -120.60000000000001
127.1 -159.89999999999998 -100.5
127.1 -159.89999999999998 -80.4
127.1 -159.89999999999998 -60.300000000000004
127.1 -159.89999999999998 -40.2
127.1 -159.89999999999998 -20.1
127.1 -159.89999999999998 0.0
127.1 -159.89999999999998 20.1
127.1 -159.89999999999998 40.2
127.1 -159.89999999999998 60.300000000000004
127.1 -159.89999999999998 80.4
127.1 -159.89999999999998 100.5
127.1 -159.89999999999998 120.60000000000001
127.1 -155.79999999999998 -120.60000000000001
127.1 -155.79999999999998 -100.5
127.1 -155.79999999999998 -80.4
127.1 -155.79999999999998 -60.300000000000004
127.1 -155.79999999999998 -40.2
127.1 -155.79999999999998 -20.1
127.1 -155.79999999999998 0.0
127.1 -155.79999999999998 20.1
127.1 -155.79999999999998 40.2
127.1 -155.79999999999998 60.300000000000004
127.1 -155.79999999999998 80.4
127.1 -155.79999999999998 100.5
127.1 -155.79999999999998 120.60000000000001
127.1 -151.7 -120.60000000000001
127.1 -151.7 -100.5
127.1 -151.7 -80.4
127.1 -151.7 -60.300000000000004
127.1 -151.7 -40.2
127.1 -151.7 -20.1
127.1 -151.7 0.0
127.1 -151.7 20.1
127.1 -151.7 40.2
127.1 -151.7 60.300000000000004
127.1 -151.7 80.4
127.1 -151.7 100.5
127.1 -151.7 120.60000000000001
127.1 -147.6 -120.60000000000001
127.1 -147.6 -100.5
127.1 -147.6 -80.4
127.1 -147.6 -60.300000000000004
127.1 -147.6 -40.2
127.1 -147.6 -20.1
127.1 -147.6 0.0
127.1 -147.6 20.1
127.1 -147.6 40.2
127.1 -147.6 60.300000000000004
127.1 -147.6 80.4
127.1 -147.6 100.5
127.1 -147.6 120.60000000000001
127.1 -143.5 -120.60000000000001
127.1 -143.5 -100.5
127.1 -143.5 -80.4
127.1 -143.5 -60.300000000000004
127.1 -143.5 -40.2
127.1 -143.5 -20.1
127.1 -143.5 0.0
127.1 -143.5 20.1
127.1 -143.5 40.2
127.1 -143.5 60.300000000000004
127.1 -143.5 80.4
127.1 -143.5 100.5
127.1 -143.5 120.60000000000001
127.1 -139.39999999999998 -120.60000000000001
127.1 -139.39999999999998 -100.5
127.1 -139.39999999999998 -80.4
127.1 -139.39999999999998 -60.300000000000004
127.1 -139.39999999999998 -40.2
127.1 -139.39999999999998 -20.1
127.1 -139.39999999999998 0.0
127.1 -139.39999999999998 20.1
127.1 -139.39999999999998 40.2
127.1 -139.39999999999998 60.300000000000004
127.1 -139.39999999999998 80.4
127.1 -139.39999999999998 100.5
127.1 -139.39999999999998 120.60000000000001
127.1 139.39999999999998 -120.60000000000001
127.1 139.39999999999998 -100.5
127.1 139.39999999999998 -80.4
127.1 139.39999999999998 -60.300000000000004
127.1 139.39999999999998 -40.2
127.1 139.39999999999998 -20.1
127.1 139.39999999999998 0.0
127.1 139.39999999999998 20.1
127.1 139.39999999999998 40.2
127.1 139.39999999999998 60.300000000000004
127.1 139.39999999999998 80.4
127.1 139.39999999999998 100.5
127.1 139.39999999999998 120.60000000000001
127.1 143.5 -120.60000000000001
127.1 143.5 -100.5
127.1 143.5 -80.4
127.1 143.5 -60.300000000000004
127.1 143.5 -40.2
127.1 143.5 -20.1
127.1 143.5 0.0
127.1 143.5 20.1
127.1 143.5 40.2
127.1 143.5 60.300000000000004
127.1 143.5 80.4
127.1 143.5 100.5
127.1 143.5 120.60000000000001
127.1 147.6 -120.60000000000001
127.1 147.6 -100.5
127.1 147.6 -80.4
127.1 147.6 -60.300000000000004
127.1 147.6 -40.2
127.1 147.6 -20.1
127.1 147.6 0.0
127.1 147.6 20.1
127.1 147.6 40.2
127.1 147.6 60.300000000000004
127.1 147.6 80.4
127.1 147.6 100.5
127.1 147.6 120.60000000000001
127.1 151.7 -120.60000000000001
127.1 151.7 -100.5
127.1 151.7 -80.4
127.1 151.7 -60.300000000000004
127.1 151.7 -40.2
127.1 151.7 -20.1
127.1 151.7 0.0
127.1 151.7 20.1
127.1 151.7 40.2
127.1 151.7 60.300000000000004
127.1 151.7 80.4
127.1 151.7 100.5
127.1 151.7 120.60000000000001
127.1 155.79999999999998 -120.60000000000001
127.1 155.79999999999998 -100.5
127.1 155.79999999999998 -80.4
127.1 155.79999999999998 -60.300000000000004
127.1 155.79999999999998 -40.2
127.1 155.79999999999998 -20.1
127.1 155.79999999999998 0.0
127.1 155.79999999999998 20.1
127.1 155.79999999999998 40.2
127.1 155.79999999999998 60.300000000000004
127.1 155.79999999999998 80.4
127.1 155.79999999999998 100.5
127.1 155.79999999999998 120.60000000000001
127.1 159.89999999999998 -120.60000000000001
127.1 159.89999999999998 -100.5
127.1 159.89999999999998 -80.4
127.1 159.89999999999998 -60.300000000000004
127.1 159.89999999999998 -40.2
127.1 159.89999999999998 -20.1
127.1 159.89999999999998 0.0
127.1 159.89999999999998 20.1
127.1 159.89999999999998 40.2
127.1 159.89999999999998 60.300000000000004
127.1 159.89999999999998 80.4
127.1 159.89999999999998 100.5
127.1 159.89999999999998 120.60000000000001
127.1 164.0 -120.60000000000001
127.1 164.0 -100.5
127.1 164.0 -80.4
127.1 164.0 -60.300000000000004
127.1 164.0 -40.2
127.1 164.0 -20.1
127.1 164.0 0.0
127.1 164.0 20.1
127.1 164.0 40.2
127.1 164.0 60.300000000000004
127.1 164.0 80.4
127.1 164.0 100.5
127.1 164.0 120.60000000000001
127.1 168.1 -120.60000000000001
127.1 168.1 -100.5
127.1 168.1 -80.4
127.1 168.1 -60.300000000000004
127.1 168.1 -40.2
127.1 168.1 -20.1
127.1 168.1 0.0
127.1 168.1 20.1
127.1 168.1 40.2
127.1 168.1 60.300000000000004
127.1 168.1 80.4
127.1 168.1 100.5
127.1 168.1 120.60000000000001
127.1 172.2 -120.60000000000001
127.1 172.2 -100.5
127.1 172.2 -80.4
127.1 172.2 -60.300000000000004
127.1 172.2 -40.2
127.1 172.2 -20.1
127.1 172.2 0.0
127.1 172.2 20.1
127.1 172.2 40.2
127.1 172.2 60.300000000000004
127.1 172.2 80.4
127.1 172.2 100.5
127.1 172.2 120.60000000000001
131.2 -172.2 -120.60000000000001
131.2 -172.2 -100.5
131.2 -172.2 -80.4
131.2 -172.2 -60.300000000000004
131.2 -172.2 -40.2
131.2 -172.2 -20.1
131.2 -172.2 0.0
131.2 -172.2 20.1
131.2 -172.2 40.2
131.2 -172.2 60.300000000000004
131.2 -172.2 80.4
131.2 -172.2 100.5
131.2 -172.2 120.60000000000001
131.2 -168.1 -120.60000000000001
131.2 -168.1 -100.5
131.2 -168.1 -80.4
131.2 -168.1 -60.300000000000004
131.2 -168.1 -40.2
131.2 -168.1 -20.1
131.2 -168.1 0.0
131.2 -168.1 20.1
131.2 -168.1 40.2
131.2 -168.1 60.300000000000004
131.2 -168.1 80.4
131.2 -168.1 100.5
131.2 -168.1 120.60000000000001
131.2 -164.0 -120.60000000000001
131.2 -164.0 -100.5
131.2 -164.0 -80.4
131.2 -164.0 -60.300000000000004
131.2 -164.0 -40.2
131.2 -164.0 -20.1
131.2 -164.0 0.0
131.2 -164.0 20.1
131.2 -164.0 40.2
131.2 -164.0 60.300000000000004
131.2 -164.0 80.4
131.2 -164.0 100.5
131.2 -164.0 120.60000000000001
131.2 -159.89999999999998 -120.60000000000001
131.2 -159.89999999999998 -100.5
131.2 -159.89999999999998 -80.4
131.2 -159.89999999999998 -60.300000000000004
131.2 -159.89999999999998 -40.2
131.2 -159.89999999999998 -20.1
131.2 -159.89999999999998 0.0
131.2 -159.89999999999998 20.1
131.2 -159.89999999999998 40.2
131.2 -159.89999999999998 60.300000000000004
131.2 -159.89999999999998 80.4
131.2 -159.89999999999998 100.5
131.2 -159.89999999999998 120.60000000000001
131.2 -155.79999999999998 -120.60000000000001
131.2 -155.79999999999998 -100.5
131.2 -155.79999999999998 -80.4
131.2 -155.79999999999998 -60.300000000000004
131.2 -155.79999999999998 -40.2
131.2 -155.79999999999998 -20.1
131.2 -155.79999999999998 0.0
131.2 -155.79999999999998 20.1
131.2 -155.79999999999998 40.2
131.2 -155.79999999999998 60.300000000000004
131.2 -155.79999999999998 80.4
131.2 -155.79999999999998 100.5
131.2 -155.79999999999998 120.60000000000001
131.2 -151.7 -120.60000000000001
131.2 -151.7 -100.5
131.2 -151.7 -80.4
131.2 -151.7 -60.300000000000004
131.2 -151.7 -40.2
131.2 -151.7 -20.1
131.2 -151.7 0.0
131.2 -151.7 20.1
131.2 -151.7 40.2
131.2 -151.7 60.300000000000004
131.2 -151.7 80.4
131.2 -151.7 100.5
131.2 -151.7 120.60000000000001
131.2 -147.6 -120.60000000000001
131.2 -147.6 -100.5
131.2 -147.6 -80.4
131.2 -147.6 -60.300000000000004
131.2 -147.6 -40.2
131.2 -147.6 -20.1
131.2 -147.6 0.0
131.2 -147.6 20.1
131.2 -147.6 40.2
131.2 -147.6 60.300000000000004
131.2 -147.6 80.4
131.2 -147.6 100.5
131.2 -147.6 120.60000000000001
131.2 -143.5 -120.60000000000001
131.2 -143.5 -100.5
131.2 -143.5 -80.4
131.2 -143.5 -60.300000000000004
131.2 -143.5 -40.2
131.2 -143.5 -20.1
131.2 -143.5 0.0
131.2 -143.5 20.1
131.2 -143.5 40.2
131.2 -143.5 60.300000000000004
131.2 -143.5 80.4
131.2 -143.5 100.5
131.2 -143.5 120.60000000000001
131.2 -139.39999999999998 -120.60000000000001
131.2 -139.39999999999998 -100.5
131.2 -139.39999999999998 -80.4
131.2 -139.39999999999998 -60.300000000000004
131.2 -139.39999999999998 -40.2
131.2 -139.39999999999998 -20.1
131.2 -139.39999999999998 0.0
131.2 -139.39999999999998 20.1
131.2 -139.39999999999998 40.2
131.2 -139.39999999999998 60.300000000000004
131.2 -139.39999999999998 80.4
131.2 -139.39999999999998 100.5
131.2 -139.39999999999998 120.60000000000001
131.2 139.39999999999998 -120.60000000000001
131.2 139.39999999999998 -100.5
131.2 139.39999999999998 -80.4
131.2 139.39999999999998 -60.300000000000004
131.2 139.39999999999998 -40.2
131.2 139.39999999999998 -20.1
131.2 139.39999999999998 0.0
131.2 139.39999999999998 20.1
131.2 139.39999999999998 40.2
131.2 139.39999999999998 60.300000000000004
131.2 139.39999999999998 80.4
131.2 139.39999999999998 100.5
131.2 139.39999999999998 120.60000000000001
131.2 143.5 -120.60000000000001
131.2 143.5 -100.5
131.2 143.5 -80.4
131.2 143.5 -60.300000000000004
131.2 143.5 -40.2
131.2 143.5 -20.1
131.2 143.5 0.0
131.2 143.5 20.1
131.2 143.5 40.2
131.2 143.5 60.300000000000004
131.2 143.5 80.4
131.2 143.5 100.5
131.2 143.5 120.60000000000001
131.2 147.6 -120.60000000000001
131.2 147.6 -100.5
131.2 147.6 -80.4
131.2 147.6 -60.300000000000004
131.2 147.6 -40.2
131.2 147.6 -20.1
131.2 147.6 0.0
131.2 147.6 20.1
131.2 147.6 40.2
131.2 147.6 60.300000000000004
131.2 147.6 80.4
131.2 147.6 100.5
131.2 147.6 120.60000000000001
131.2 151.7 -120.60000000000001
131.2 151.7 -100.5
131.2 151.7 -80.4
131.2 151.7 -60.300000000000004
131.2 151.7 -40.2
131.2 151.7 -20.1
131.2 151.7 0.0
131.2 151.7 20.1
131.2 151.7 40.2
131.2 151.7 60.300000000000004
131.2 151.7 80.4
131.2 151.7 100.5
131.2 151.7 120.60000000000001
131.2 155.79999999999998 -120.60000000000001
131.2 155.79999999999998 -100.5
131.2 155.79999999999998 -80.4
131.2 155.79999999999998 -60.300000000000004
131.2 155.79999999999998 -40.2
131.2 155.79999999999998 -20.1
131.2 155.79999999999998 0.0
131.2 155.79999999999998 20.1
131.2 155.79999999999998 40.2
131.2 155.79999999999998 60.300000000000004
131.2 155.79999999999998 80.4
131.2 155.79999999999998 100.5
131.2 155.79999999999998 120.60000000000001
131.2 159.89999999999998 -120.60000000000001
131.2 159.89999999999998 -100.5
131.2 159.89999999999998 -80.4
131.2 159.89999999999998 -60.300000000000004
131.2 159.89999999999998 -40.2
131.2 159.89999999999998 -20.1
131.2 159.89999999999998 0.0
131.2 159.89999999999998 20.1
131.2 159.89999999999998 40.2
131.2 159.89999999999998 60.300000000000004
131.2 159.89999999999998 80.4
131.2 159.89999999999998 100.5
131.2 159.89999999999998 120.60000000000001
131.2 164.0 -120.60000000000001
131.2 164.0 -100.5
131.2 164.0 -80.4
131.2 164.0 -60.300000000000004
131.2 164.0 -40.2
131.2 164.0 -20.1
131.2 164.0 0.0
131.2 164.0 20.1
131.2 164.0 40.2
131.2 164.0 60.300000000000004
131.2 164.0 80.4
131.2 164.0 100.5
131.2 164.0 120.60000000000001
131.2 168.1 -120.60000000000001
131.2 168.1 -100.5
131.2 168.1 -80.4
131.2 168.1 -60.300000000000004
131.2 168.1 -40.2
131.2 168.1 -20.1
131.2 168.1 0.0
131.2 168.1 20.1
131.2 168.1 40.2
131.2 168.1 60.300000000000004
131.2 168.1 80.4
131.2 168.1 100.5
131.2 168.1 120.60000000000001
131.2 172.2 -120.60000000000001
131.2 172.2 -100.5
131.2 172.2 -80.4
131.2 172.2 -60.300000000000004
131.2 172.2 -40.2
131.2 172.2 -20.1
131.2 172.2 0.0
131.2 172.2 20.1
131.2 172.2 40.2
131.2 172.2 60.300000000000004
131.2 172.2 80.4
131.2 172.2 100.5
131.2 172.2 120.60000000000001
135.29999999999998 -168.1 -120.60000000000001
135.29999999999998 -168.1 -100.5
135.29999999999998 -168.1 -80.4
135.29999999999998 -168.1 -60.300000000000004
135.29999999999998 -168.1 -40.2
135.29999999999998 -168.1 -20.1
135.29999999999998 -168.1 0.0
135.29999999999998 -168.1 20.1
135.29999999999998 -168.1 40.2
135.29999999999998 -168.1 60.300000000000004
135.29999999999998 -168.1 80.4
135.29999999999998 -168.1 100.5
135.29999999999998 -168.1 120.60000000000001
135.29999999999998 -164.0 -120.60000000000001
135.29999999999998 -164.0 -100.5
135.29999999999998 -164.0 -80.4
135.29999999999998 -164.0 -60.300000000000004
135.29999999999998 -164.0 -40.2
135.29999999999998 -164.0 -20.1
135.29999999999998 -164.0 0.0
135.29999999999998 -164.0 20.1
135.29999999999998 -164.0 40.2
135.29999999999998 -164.0 60.300000000000004
135.29999999999998 -164.0 80.4
135.29999999999998 -164.0 100.5
135.29999999999998 -164.0 120.60000000000001
135.29999999999998 -159.89999999999998 -120.60000000000001
135.29999999999998 -159.89999999999998 -100.5
135.29999999999998 -159.89999999999998 -80.4
135.29999999999998 -159.89999999999998 -60.300000000000004
135.29999999999998 -159.89999999999998 -40.2
135.29999999999998 -159.89999999999998 -20.1
135.29999999999998 -159.89999999999998 0.0
135.29999999999998 -159.89999999999998 20.1
135.29999999999998 -159.89999999999998 40.2
135.29999999999998 -159.89999999999998 60.300000000000004
135.29999999999998 -159.89999999999998 80.4
135.29999999999998 -159.89999999999998 100.5
135.29999999999998 -159.89999999999998 120.60000000000001
135.29999999999998 -155.79999999999998 -120.60000000000001
135.29999999999998 -155.79999999999998 -100.5
135.29999999999998 -155.79999999999998 -80.4
135.29999999999998 -155.79999999999998 -60.300000000000004
135.29999999999998 -155.79999999999998 -40.2
135.29999999999998 -155.79999999999998 -20.1
135.29999999999998 -155.79999999999998 0.0
135.29999999999998 -155.79999999999998 20.1
135.29999999999998 -155.79999999999998 40.2
135.29999999999998 -155.79999999999998 60.300000000000004
135.29999999999998 -155.79999999999998 80.4
135.29999999999998 -155.79999999999998 100.5
135.29999999999998 -155.79999999999998 120.60000000000001
135.29999999999998 -151.7 -120.60000000000001
135.29999999999998 -151.7 -100.5
135.29999999999998 -151.7 -80.4
135.29999999999998 -151.7 -60.300000000000004
135.29999999999998 -151.7 -40.2
135.29999999999998 -151.7 -20.1
135.29999999999998 -151.7 0.0
135.29999999999998 -151.7 20.1
135.29999999999998 -151.7 40.2
135.29999999999998 -151.7 60.300000000000004
135.29999999999998 -151.7 80.4
135.29999999999998 -151.7 100.5
135.29999999999998 -151.7 120.60000000000001
135.29999999999998 -147.6 -120.60000000000001
135.29999999999998 -147.6 -100.5
135.29999999999998 -147.6 -80.4
135.29999999999998 -147.6 -60.300000000000004
135.29999999999998 -147.6 -40.2
135.29999999999998 -147.6 -20.1
135.29999999999998 -147.6 0.0
135.29999999999998 -147.6 20.1
135.29999999999998 -147.6 40.2
135.29999999999998 -147.6 60.300000000000004
135.29999999999998 -147.6 80.4
135.29999999999998 -147.6 100.5
135.29999999999998 -147.6 120.60000000000001
135.29999999999998 -143.5 -120.60000000000001
135.29999999999998 -143.5 -100.5
135.29999999999998 -143.5 -80.4
135.29999999999998 -143.5 -60.300000000000004
135.29999999999998 -143.5 -40.2
135.29999999999998 -143.5 -20.1
135.29999999999998 -143.5 0.0
135.29999999999998 -143.5 20.1
135.29999999999998 -143.5 40.2
135.29999999999998 -143.5 60.300000000000004
135.29999999999998 -143.5 80.4
135.29999999999998 -143.5 100.5
135.29999999999998 -143.5 120.60000000000001
135.29999999999998 -139.39999999999998 -120.60000000000001
135.29999999999998 -139.39999999999998 -100.5
135.29999999999998 -139.39999999999998 -80.4
135.29999999999998 -139.39999999999998 -60.300000000000004
135.29999999999998 -139.39999999999998 -40.2
135.29999999999998 -139.39999999999998 -20.1
135.29999999999998 -139.39999999999998 0.0
135.29999999999998 -139.39999999999998 20.1
135.29999999999998 -139.39999999999998 40.2
135.29999999999998 -139.39999999999998 60.300000000000004
135.29999999999998 -139.39999999999998 80.4
135.29999999999998 -139.39999999999998 100.5
135.29999999999998 -139.39999999999998 120.60000000000001
135.29999999999998 -135.29999999999998 -120.60000000000001
135.29999999999998 -135.29999999999998 -100.5
135.29999999999998 -135.29999999999998 -80.4
135.29999999999998 -135.29999999999998 -60.300000000000004
135.29999999999998 -135.29999999999998 -40.2
135.29999999999998 -135.29999999999998 -20.1
135.29999999999998 -135.29999999999998 0.0
135.29999999999998 -135.29999999999998 20.1
135.29999999999998 -135.29999999999998 40.2
135.29999999999998 -135.29999999999998 60.300000000000004
135.29999999999998 -135.29999999999998 80.4
135.29999999999998 -135.29999999999998 100.5
135.29999999999998 -135.29999999999998 120.60000000000001
135.29999999999998 135.29999999999998 -120.60000000000001
135.29999999999998 135.29999999999998 -100.5
135.29999999999998 135.29999999999998 -80.4
135.29999999999998 135.29999999999998 -60.300000000000004
135.29999999999998 135.29999999999998 -40.2
135.29999999999998 135.29999999999998 -20.1
135.29999999999998 135.29999999999998 0.0
135.29999999999998 135.29999999999998 20.1
135.29999999999998 135.29999999999998 40.2
135.29999999999998 135.29999999999998 60.300000000000004
135.29999999999998 135.29999999999998 80.4
135.29999999999998 135.29999999999998 100.5
135.29999999999998 135.29999999999998 120.60000000000001
135.29999999999998 139.39999999999998 -120.60000000000001
135.29999999999998 139.39999999999998 -100.5
135.29999999999998 139.39999999999998 -80.4
135.29999999999998 139.39999999999998 -60.300000000000004
135.29999999999998 139.39999999999998 -40.2
135.29999999999998 139.39999999999998 -20.1
135.29999999999998 139.39999999999998 0.0
135.29999999999998 139.39999999999998 20.1
135.29999999999998 139.39999999999998 40.2
135.29999999999998 139.39999999999998 60.300000000000004
135.29999999999998 139.39999999999998 80.4
135.29999999999998 139.39999999999998 100.5
135.29999999999998 139.39999999999998 120.60000000000001
135.29999999999998 143.5 -120.60000000000001
135.29999999999998 143.5 -100.5
135.29999999999998 143.5 -80.4
135.29999999999998 143.5 -60.300000000000004
135.29999999999998 143.5 -40.2
135.29999999999998 143.5 -20.1
135.29999999999998 143.5 0.0
135.29999999999998 143.5 20.1
135.29999999999998 143.5 40.2
135.29999999999998 143.5 60.300000000000004
135.29999999999998 143.5 80.4
135.29999999999998 143.5 100.5
135.29999999999998 143.5 120.60000000000001
135.29999999999998 147.6 -120.60000000000001
135.29999999999998 147.6 -100.5
135.29999999999998 147.6 -80.4
135.29999999999998 147.6 -60.300000000000004
135.29999999999998 147.6 -40.2
135.29999999999998 147.6 -20.1
135.29999999999998 147.6 0.0
135.29999999999998 147.6 20.1
135.29999999999998 147.6 40.2
135.29999999999998 147.6 60.300000000000004
135.29999999999998 147.6 80.4
135.29999999999998 147.6 100.5
135.29999999999998 147.6 120.60000000000001
135.29999999999998 151.7 -120.60000000000001
135.29999999999998 151.7 -100.5
135.29999999999998 151.7 -80.4
135.29999999999998 151.7 -60.300000000000004
135.29999999999998 151.7 -40.2
135.29999999999998 151.7 -20.1
135.29999999999998 151.7 0.0
135.29999999999998 151.7 20.1
135.29999999999998 151.7 40.2
135.29999999999998 151.7 60.300000000000004
135.29999999999998 151.7 80.4
135.29999999999998 151.7 100.5
135.29999999999998 151.7 120.60000000000001
135.29999999999998 155.79999999999998 -120.60000000000001
135.29999999999998 155.79999999999998 -100.5
135.29999999999998 155.79999999999998 -80.4
135.29999999999998 155.79999999999998 -60.300000000000004
135.29999999999998 155.79999999999998 -40.2
135.29999999999998 155.79999999999998 -20.1
135.29999999999998 155.79999999999998 0.0
135.29999999999998 155.79999999999998 20.1
135.29999999999998 155.79999999999998 40.2
135.29999999999998 155.79999999999998 60.300000000000004
135.29999999999998 155.79999999999998 80.4
135.29999999999998 155.79999999999998 100.5
135.29999999999998 155.79999999999998 120.60000000000001
135.29999999999998 159.89999999999998 -120.60000000000001
135.29999999999998 159.89999999999998 -100.5
135.29999999999998 159.89999999999998 -80.4
135.29999999999998 159.89999999999998 -60.300000000000004
135.29999999999998 159.89999999999998 -40.2
135.29999999999998 159.89999999999998 -20.1
135.29999999999998 159.89999999999998 0.0
135.29999999999998 159.89999999999998 20.1
135.29999999999998 159.89999999999998 40.2
135.29999999999998 159.89999999999998 60.300000000000004
135.29999999999998 159.89999999999998 80.4
135.29999999999998 159.89999999999998 100.5
135.29999999999998 159.89999999999998 120.60000000000001
135.29999999999998 164.0 -120.60000000000001
135.29999999999998 164.0 -100.5
135.29999999999998 164.0 -80.4
135.29999999999998 164.0 -60.300000000000004
135.29999999999998 164.0 -40.2
135.29999999999998 164.0 -20.1
135.29999999999998 164.0 0.0
135.29999999999998 164.0 20.1
135.29999999999998 164.0 40.2
135.29999999999998 164.0 60.300000000000004
135.29999999999998 164.0 80.4
135.29999999999998 164.0 100.5
135.29999999999998 164.0 120.60000000000001
135.29999999999998 168.1 -120.60000000000001
135.29999999999998 168.1 -100.5
135.29999999999998 168.1 -80.4
135.29999999999998 168.1 -60.300000000000004
135.29999999999998 168.1 -40.2
135.29999999999998 168.1 -20.1
135.29999999999998 168.1 0.0
135.29999999999998 168.1 20.1
135.29999999999998 168.1 40.2
135.29999999999998 168.1 60.300000000000004
135.29999999999998 168.1 80.4
135.29999999999998 168.1 100.5
135.29999999999998 168.1 120.60000000000001
139.39999999999998 -164.0 -120.60000000000001
139.39999999999998 -164.0 -100.5
139.39999999999998 -164.0 -80.4
139.39999999999998 -164.0 -60.300000000000004
139.39999999999998 -164.0 -40.2
139.39999999999998 -164.0 -20.1
139.39999999999998 -164.0 0.0
139.39999999999998 -164.0 20.1
139.39999999999998 -164.0 40.2
139.39999999999998 -164.0 60.300000000000004
139.39999999999998 -164.0 80.4
139.39999999999998 -164.0 100.5
139.39999999999998 -164.0 120.60000000000001
139.39999999999998 -159.89999999999998 -120.60000000000001
139.39999999999998 -159.89999999999998 -100.5
139.39999999999998 -159.89999999999998 -80.4
139.39999999999998 -159.89999999999998 -60.300000000000004
139.39999999999998 -159.89999999999998 -40.2
139.39999999999998 -159.89999999999998 -20.1
139.39999999999998 -159.89999999999998 0.0
139.39999999999998 -159.89999999999998 20.1
139.39999999999998 -159.89999999999998 40.2
139.39999999999998 -159.89999999999998 60.300000000000004
139.39999999999998 -159.89999999999998 80.4
139.39999999999998 -159.89999999999998 100.5
139.39999999999998 -159.89999999999998 120.60000000000001
139.39999999999998 -155.79999999999998 -120.60000000000001
139.39999999999998 -155.79999999999998 -100.5
139.39999999999998 -155.79999999999998 -80.4
139.39999999999998 -155.79999999999998 -60.300000000000004
139.39999999999998 -155.79999999999998 -40.2
139.39999999999998 -155.79999999999998 -20.1
139.39999999999998 -155.79999999999998 0.0
139.39999999999998 -155.79999999999998 20.1
139.39999999999998 -155.79999999999998 40.2
139.39999999999998 -155.79999999999998 60.300000000000004
139.39999999999998 -155.79999999999998 80.4
139.39999999999998 -155.79999999999998 100.5
139.39999999999998 -155.79999999999998 120.60000000000001
139.39999999999998 -151.7 -120.60000000000001
139.39999999999998 -151.7 -100.5
139.39999999999998 -151.7 -80.4
139.39999999999998 -151.7 -60.300000000000004
139.39999999999998 -151.7 -40.2
139.39999999999998 -151.7 -20.1
139.39999999999998 -151.7 0.0
139.39999999999998 -151.7 20.1
139.39999999999998 -151.7 40.2
139.39999999999998 -151.7 60.300000000000004
139.39999999999998 -151.7 80.4
139.39999999999998 -151.7 100.5
139.39999999999998 -151.7 120.60000000000001
139.39999999999998 -147.6 -120.60000000000001
139.39999999999998 -147.6 -100.5
139.39999999999998 -147.6 -80.4
139.39999999999998 -147.6 -60.300000000000004
139.39999999999998 -147.6 -40.2
139.39999999999998 -147.6 -20.1
139.39999999999998 -147.6 0.0
139.39999999999998 -147.6 20.1
139.39999999999998 -147.6 40.2
139.39999999999998 -147.6 60.300000000000004
139.39999999999998 -147.6 80.4
139.39999999999998 -147.6 100.5
139.39999999999998 -147.6 120.60000000000001
139.39999999999998 -143.5 -120.60000000000001
139.39999999999998 -143.5 -100.5
139.39999999999998 -143.5 -80.4
139.39999999999998 -143.5 -60.300000000000004
139.39999999999998 -143.5 -40.2
139.39999999999998 -143.5 -20.1
139.39999999999998 -143.5 0.0
139.39999999999998 -143.5 20.1
139.39999999999998 -143.5 40.2
139.39999999999998 -143.5 60.300000000000004
139.39999999999998 -143.5 80.4
139.39999999999998 -143.5 100.5
139.39999999999998 -143.5 120.60000000000001
139.39999999999998 -139.39999999999998 -120.60000000000001
139.39999999999998 -139.39999999999998 -100.5
139.39999999999998 -139.39999999999998 -80.4
139.39999999999998 -139.39999999999998 -60.300000000000004
139.39999999999998 -139.39999999999998 -40.2
139.39999999999998 -139.39999999999998 -20.1
139.39999999999998 -139.39999999999998 0.0
139.39999999999998 -139.39999999999998 20.1
139.39999999999998 -139.39999999999998 40.2
139.39999999999998 -139.39999999999998 60.300000000000004
139.39999999999998 -139.39999999999998 80.4
139.39999999999998 -139.39999999999998 100.5
139.39999999999998 -139.39999999999998 120.60000000000001
139.39999999999998 -135.29999999999998 -120.60000000000001
139.39999999999998 -135.29999999999998 -100.5
139.39999999999998 -135.29999999999998 -80.4
139.39999999999998 -135.29999999999998 -60.300000000000004
139.39999999999998 -135.29999999999998 -40.2
139.39999999999998 -135.29999999999998 -20.1
139.39999999999998 -135.29999999999998 0.0
139.39999999999998 -135.29999999999998 20.1
139.39999999999998 -135.29999999999998 40.2
139.39999999999998 -135.29999999999998 60.300000000000004
139.39999999999998 -135.29999999999998 80.4
139.39999999999998 -135.29999999999998 100.5
139.39999999999998 -135.29999999999998 120.60000000000001
139.39999999999998 -131.2 -120.60000000000001
139.39999999999998 -131.2 -100.5
139.39999999999998 -131.2 -80.4
139.39999999999998 -131.2 -60.300000000000004
139.39999999999998 -131.2 -40.2
139.39999999999998 -131.2 -20.1
139.39999999999998 -131.2 0.0
139.39999999999998 -131.2 20.1
139.39999999999998 -131.2 40.2
139.39999999999998 -131.2 60.300000000000004
139.39999999999998 -131.2 80.4
139.39999999999998 -131.2 100.5
139.39999999999998 -131.2 120.60000000000001
139.39999999999998 -127.1 -120.60000000000001
139.39999999999998 -127.1 -100.5
139.39999999999998 -127.1 -80.4
139.39999999999998 -127.1 -60.300000000000004
139.39999999999998 -127.1 -40.2
139.39999999999998 -127.1 -20.1
139.39999999999998 -127.1 0.0
139.39999999999998 -127.1 20.1
139.39999999999998 -127.1 40.2
139.39999999999998 -127.1 60.300000000000004
139.39999999999998 -127.1 80.4
139.39999999999998 -127.1 100.5
139.39999999999998 -127.1 120.60000000000001
139.39999999999998 127.1 -120.60000000000001
139.39999999999998 127.1 -100.5
139.39999999999998 127.1 -80.4
139.39999999999998 127.1 -60.300000000000004
139.39999999999998 127.1 -40.2
139.39999999999998 127.1 -20.1
139.39999999999998 127.1 0.0
139.39999999999998 127.1 20.1
139.39999999999998 127.1 40.2
139.39999999999998 127.1 60.300000000000004
139.39999999999998 127.1 80.4
139.39999999999998 127.1 100.5
139.39999999999998 127.1 120.60000000000001
139.39999999999998 131.2 -120.60000000000001
139.39999999999998 131.2 -100.5
139.39999999999998 131.2 -80.4
139.39999999999998 131.2 -60.300000000000004
139.39999999999998 131.2 -40.2
139.39999999999998 131.2 -20.1
139.39999999999998 131.2 0.0
139.39999999999998 131.2 20.1
139.39999999999998 131.2 40.2
139.39999999999998 131.2 60.300000000000004
139.39999999999998 131.2 80.4
139.39999999999998 131.2 100.5
139.39999999999998 131.2 120.60000000000001
139.39999999999998 135.29999999999998 -120.60000000000001
139.39999999999998 135.29999999999998 -100.5
139.39999999999998 135.29999999999998 -80.4
139.39999999999998 135.29999999999998 -60.300000000000004
139.39999999999998 135.29999999999998 -40.2
139.39999999999998 135.29999999999998 -20.1
139.39999999999998 135.29999999999998 0.0
139.39999999999998 135.29999999999998 20.1
139.39999999999998 135.29999999999998 40.2
139.39999999999998 135.29999999999998 60.300000000000004
139.39999999999998 135.29999999999998 80.4
139.39999999999998 135.29999999999998 100.5
139.39999999999998 135.29999999999998 120.60000000000001
139.39999999999998 139.39999999999998 -120.60000000000001
139.39999999999998 139.39999999999998 -100.5
139.39999999999998 139.39999999999998 -80.4
139.39999999999998 139.39999999999998 -60.300000000000004
139.39999999999998 139.39999999999998 -40.2
139.39999999999998 139.39999999999998 -20.1
139.39999999999998 139.39999999999998 0.0
139.39999999999998 139.39999999999998 20.1
139.39999999999998 139.39999999999998 40.2
139.39999999999998 139.39999999999998 60.300000000000004
139.39999999999998 139.39999999999998 80.4
139.39999999999998 139.39999999999998 100.5
139.39999999999998 139.39999999999998 120.60000000000001
139.39999999999998 143.5 -120.60000000000001
139.39999999999998 143.5 -100.5
139.39999999999998 143.5 -80.4
139.39999999999998 143.5 -60.300000000000004
139.39999999999998 143.5 -40.2
139.39999999999998 143.5 -20.1
139.39999999999998 143.5 0.0
139.39999999999998 143.5 20.1
139.39999999999998 143.5 40.2
139.39999999999998 143.5 60.300000000000004
139.39999999999998 143.5 80.4
139.39999999999998 143.5 100.5
139.39999999999998 143.5 120.60000000000001
139.39999999999998 147.6 -120.60000000000001
139.39999999999998 147.6 -100.5
139.39999999999998 147.6 -80.4
139.39999999999998 147.6 -60.300000000000004
139.39999999999998 147.6 -40.2
139.39999999999998 147.6 -20.1
139.39999999999998 147.6 0.0
139.39999999999998 147.6 20.1
139.39999999999998 147.6 40.2
139.39999999999998 147.6 60.300000000000004
139.39999999999998 147.6 80.4
139.39999999999998 147.6 100.5
139.39999999999998 147.6 120.60000000000001
139.39999999999998 151.7 -120.60000000000001
139.39999999999998 151.7 -100.5
139.39999999999998 151.7 -80.4
139.39999999999998 151.7 -60.300000000000004
139.39999999999998 151.7 -40.2
139.39999999999998 151.7 -20.1
139.39999999999998 151.7 0.0
139.39999999999998 151.7 20.1
139.39999999999998 151.7 40.2
139.39999999999998 151.7 60.300000000000004
139.39999999999998 151.7 80.4
139.39999999999998 151.7 100.5
139.39999999999998 151.7 120.60000000000001
139.39999999999998 155.79999999999998 -120.60000000000001
139.39999999999998 155.79999999999998 -100.5
139.39999999999998 155.79999999999998 -80.4
139.39999999999998 155.79999999999998 -60.300000000000004
139.39999999999998 155.79999999999998 -40.2
139.39999999999998 155.79999999999998 -20.1
139.39999999999998 155.79999999999998 0.0
139.39999999999998 155.79999999999998 20.1
139.39999999999998 155.79999999999998 40.2
139.39999999999998 155.79999999999998 60.300000000000004
139.39999999999998 155.79999999999998 80.4
139.39999999999998 155.79999999999998 100.5
139.39999999999998 155.79999999999998 120.60000000000001
139.39999999999998 159.89999999999998 -120.60000000000001
139.39999999999998 159.89999999999998 -100.5
139.39999999999998 159.89999999999998 -80.4
139.39999999999998 159.89999999999998 -60.300000000000004
139.39999999999998 159.89999999999998 -40.2
139.39999999999998 159.89999999999998 -20.1
139.39999999999998 159.89999999999998 0.0
139.39999999999998 159.89999999999998 20.1
139.39999999999998 159.89999999999998 40.2
139.39999999999998 159.89999999999998 60.300000000000004
139.39999999999998 159.89999999999998 80.4
139.39999999999998 159.89999999999998 100.5
139.39999999999998 159.89999999999998 120.60000000000001
139.39999999999998 164.0 -120.60000000000001
139.39999999999998 164.0 -100.5
139.39999999999998 164.0 -80.4
139.39999999999998 164.0 -60.300000000000004
139.39999999999998 164.0 -40.2
139.39999999999998 164.0 -20.1
139.39999999999998 164.0 0.0
139.39999999999998 164.0 20.1
139.39999999999998 164.0 40.2
139.39999999999998 164.0 60.300000000000004
139.39999999999998 164.0 80.4
139.39999999999998 164.0 100.5
139.39999999999998 164.0 120.60000000000001
143.5 -159.89999999999998 -120.60000000000001
143.5 -159.89999999999998 -100.5
143.5 -159.89999999999998 -80.4
143.5 -159.89999999999998 -60.300000000000004
143.5 -159.89999999999998 -40.2
143.5 -159.89999999999998 -20.1
143.5 -159.89999999999998 0.0
143.5 -159.89999999999998 20.1
143.5 -159.89999999999998 40.2
143.5 -159.89999999999998 60.300000000000004
143.5 -159.89999999999998 80.4
143.5 -159.89999999999998 100.5
143.5 -159.89999999999998 120.60000000000001
143.5 -155.79999999999998 -120.60000000000001
143.5 -155.79999999999998 -100.5
143.5 -155.79999999999998 -80.4
143.5 -155.79999999999998 -60.300000000000004
143.5 -155.79999999999998 -40.2
143.5 -155.79999999999998 -20.1
143.5 -155.79999999999998 0.0
143.5 -155.79999999999998 20.1
143.5 -155.79999999999998 40.2
143.5 -155.79999999999998 60.300000000000004
143.5 -155.79999999999998 80.4
143.5 -155.79999999999998 100.5
143.5 -155.79999999999998 120.60000000000001
143.5 -151.7 -120.60000000000001
143.5 -151.7 -100.5
143.5 -151.7 -80.4
143.5 -151.7 -60.300000000000004
143.5 -151.7 -40.2
143.5 -151.7 -20.1
143.5 -151.7 0.0
143.5 -151.7 20.1
143.5 -151.7 40.2
143.5 -151.7 60.300000000000004
143.5 -151.7 80.4
143.5 -151.7 100.5
143.5 -151.7 120.60000000000001
143.5 -147.6 -120.60000000000001
143.5 -147.6 -100.5
143.5 -147.6 -80.4
143.5 -147.6 -60.300000000000004
143.5 -147.6 -40.2
143.5 -147.6 -20.1
143.5 -147.6 0.0
143.5 -147.6 20.1
143.5 -147.6 40.2
143.5 -147.6 60.300000000000004
143.5 -147.6 80.4
143.5 -147.6 100.5
143.5 -147.6 120.60000000000001
143.5 -143.5 -120.60000000000001
143.5 -143.5 -100.5
143.5 -143.5 -80.4
143.5 -143.5 -60.300000000000004
143.5 -143.5 -40.2
143.5 -143.5 -20.1
143.5 -143.5 0.0
143.5 -143.5 20.1
143.5 -143.5 40.2
143.5 -143.5 60.300000000000004
143.5 -143.5 80.4
143.5 -143.5 100.5
143.5 -143.5 120.60000000000001
143.5 -139.39999999999998 -120.60000000000001
143.5 -139.39999999999998 -100.5
143.5 -139.39999999999998 -80.4
143.5 -139.39999999999998 -60.300000000000004
143.5 -139.39999999999998 -40.2
143.5 -139.39999999999998 -20.1
143.5 -139.39999999999998 0.0
143.5 -139.39999999999998 20.1
143.5 -139.39999999999998 40.2
143.5 -139.39999999999998 60.300000000000004
143.5 -139.39999999999998 80.4
143.5 -139.39999999999998 100.5
143.5 -139.39999999999998 120.60000000000001
143.5 -135.29999999999998 -120.60000000000001
143.5 -135.29999999999998 -100.5
143.5 -135.29999999999998 -80.4
143.5 -135.29999999999998 -60.300000000000004
143.5 -135.29999999999998 -40.2
143.5 -135.29999999999998 -20.1
143.5 -135.29999999999998 0.0
143.5 -135.29999999999998 20.1
143.5 -135.29999999999998 40.2
143.5 -135.29999999999998 60.300000000000004
143.5 -135.29999999999998 80.4
143.5 -135.29999999999998 100.5
143.5 -135.29999999999998 120.60000000000001
143.5 -131.2 -120.60000000000001
143.5 -131.2 -100.5
143.5 -131.2 -80.4
143.5 -131.2 -60.300000000000004
143.5 -131.2 -40.2
143.5 -131.2 -20.1
143.5 -131.2 0.0
143.5 -131.2 20.1
143.5 -131.2 40.2
143.5 -131.2 60.300000000000004
143.5 -131.2 80.4
143.5 -131.2 100.5
143.5 -131.2 120.60000000000001
143.5 -127.1 -120.60000000000001
143.5 -127.1 -100.5
143.5 -127.1 -80.4
143.5 -127.1 -60.300000000000004
143.5 -127.1 -40.2
143.5 -127.1 -20.1
143.5 -127.1 0.0
143.5 -127.1 20.1
143.5 -127.1 40.2
143.5 -127.1 60.300000000000004
143.5 -127.1 80.4
143.5 -127.1 100.5
143.5 -127.1 120.60000000000001
143.5 -122.99999999999999 -120.60000000000001
143.5 -122.99999999999999 -100.5
143.5 -122.99999999999999 -80.4
143.5 -122.99999999999999 -60.300000000000004
143.5 -122.99999999999999 -40.2
143.5 -122.99999999999999 -20.1
143.5 -122.99999999999999 0.0
143.5 -122.99999999999999 20.1
143.5 -122.99999999999999 40.2
143.5 -122.99999999999999 60.300000000000004
143.5 -122.99999999999999 80.4
143.5 -122.99999999999999 100.5
143.5 -122.99999999999999 120.60000000000001
143.5 122.99999999999999 -120.60000000000001
143.5 122.99999999999999 -100.5
143.5 122.99999999999999 -80.4
143.5 122.99999999999999 -60.300000000000004
143.5 122.99999999999999 -40.2
143.5 122.99999999999999 -20.1
143.5 122.99999999999999 0.0
143.5 122.99999999999999 20.1
143.5 122.99999999999999 40.2
143.5 122.99999999999999 60.300000000000004
143.5 122.99999999999999 80.4
143.5 122.99999999999999 100.5
143.5 122.99999999999999 120.60000000000001
143.5 127.1 -120.60000000000001
143.5 127.1 -100.5
143.5 127.1 -80.4
143.5 127.1 -60.300000000000004
143.5 127.1 -40.2
143.5 127.1 -20.1
143.5 127.1 0.0
143.5 127.1 20.1
143.5 127.1 40.2
143.5 127.1 60.300000000000004
143.5 127.1 80.4
143.5 127.1 100.5
143.5 127.1 120.60000000000001
143.5 131.2 -120.60000000000001
143.5 131.2 -100.5
143.5 131.2 -80.4
143.5 131.2 -60.300000000000004
143.5 131.2 -40.2
143.5 131.2 -20.1
143.5 131.2 0.0
143.5 131.2 20.1
143.5 131.2 40.2
143.5 131.2 60.300000000000004
143.5 131.2 80.4
143.5 131.2 100.5
143.5 131.2 120.60000000000001
143.5 135.29999999999998 -120.60000000000001
143.5 135.29999999999998 -100.5
143.5 135.29999999999998 -80.4
143.5 135.29999999999998 -60.300000000000004
143.5 135.29999999999998 -40.2
143.5 135.29999999999998 -20.1
143.5 135.29999999999998 0.0
143.5 135.29999999999998 20.1
143.5 135.29999999999998 40.2
143.5 135.29999999999998 60.300000000000004
143.5 135.29999999999998 80.4
143.5 135.29999999999998 100.5
143.5 135.29999999999998 120.60000000000001
143.5 139.39999999999998 -120.60000000000001
143.5 139.39999999999998 -100.5
143.5 139.39999999999998 -80.4
143.5 139.39999999999998 -60.300000000000004
143.5 139.39999999999998 -40.2
143.5 139.39999999999998 -20.1
143.5 139.39999999999998 0.0
143.5 139.39999999999998 20.1
143.5 139.39999999999998 40.2
143.5 139.39999999999998 60.300000000000004
143.5 139.39999999999998 80.4
143.5 139.39999999999998 100.5
143.5 139.39999999999998 120.60000000000001
143.5 143.5 -120.60000000000001
143.5 143.5 -100.5
143.5 143.5 -80.4
143.5 143.5 -60.300000000000004
143.5 143.5 -40.2
143.5 143.5 -20.1
143.5 143.5 0.0
143.5 143.5 20.1
143.5 143.5 40.2
143.5 143.5 60.300000000000004
143.5 143.5 80.4
143.5 143.5 100.5
143.5 143.5 120.60000000000001
143.5 147.6 -120.60000000000001
143.5 147.6 -100.5
143.5 147.6 -80.4
143.5 147.6 -60.300000000000004
143.5 147.6 -40.2
143.5 147.6 -20.1
143.5 147.6 0.0
143.5 147.6 20.1
143.5 147.6 40.2
143.5 147.6 60.300000000000004
143.5 147.6 80.4
143.5 147.6 100.5
143.5 147.6 120.60000000000001
143.5 151.7 -120.60000000000001
143.5 151.7 -100.5
143.5 151.7 -80.4
143.5 151.7 -60.300000000000004
143.5 151.7 -40.2
143.5 151.7 -20.1
143.5 151.7 0.0
143.5 151.7 20.1
143.5 151.7 40.2
143.5 151.7 60.300000000000004
143.5 151.7 80.4
143.5 151.7 100.5
143.5 151.7 120.60000000000001
143.5 155.79999999999998 -120.60000000000001
143.5 155.79999999999998 -100.5
143.5 155.79999999999998 -80.4
143.5 155.79999999999998 -60.300000000000004
143.5 155.79999999999998 -40.2
143.5 155.79999999999998 -20.1
143.5 155.79999999999998 0.0
143.5 155.79999999999998 20.1
143.5 155.79999999999998 40.2
143.5 155.79999999999998 60.300000000000004
143.5 155.79999999999998 80.4
143.5 155.79999999999998 100.5
143.5 155.79999999999998 120.60000000000001
143.5 159.89999999999998 -120.60000000000001
143.5 159.89999999999998 -100.5
143.5 159.89999999999998 -80.4
143.5 159.89999999999998 -60.300000000000004
143.5 159.89999999999998 -40.2
143.5 159.89999999999998 -20.1
143.5 159.89999999999998 0.0
143.5 159.89999999999998 20.1
143.5 159.89999999999998 40.2
143.5 159.89999999999998 60.300000000000004
143.5 159.89999999999998 80.4
143.5 159.89999999999998 100.5
143.5 159.89999999999998 120.60000000000001
147.6 -155.79999999999998 -120.60000000000001
147.6 -155.79999999999998 -100.5
147.6 -155.79999999999998 -80.4
147.6 -155.79999999999998 -60.300000000000004
147.6 -155.79999999999998 -40.2
147.6 -155.79999999999998 -20.1
147.6 -155.79999999999998 0.0
147.6 -155.79999999999998 20.1
147.6 -155.79999999999998 40.2
147.6 -155.79999999999998 60.300000000000004
147.6 -155.79999999999998 80.4
147.6 -155.79999999999998 100.5
147.6 -155.79999999999998 120.60000000000001
147.6 -151.7 -120.60000000000001
147.6 -151.7 -100.5
147.6 -151.7 -80.4
147.6 -151.7 -60.300000000000004
147.6 -151.7 -40.2
147.6 -151.7 -20.1
147.6 -151.7 0.0
147.6 -151.7 20.1
147.6 -151.7 40.2
147.6 -151.7 60.300000000000004
147.6 -151.7 80.4
147.6 -151.7 100.5
147.6 -151.7 120.60000000000001
147.6 -147.6 -120.60000000000001
147.6 -147.6 -100.5
147.6 -147.6 -80.4
147.6 -147.6 -60.300000000000004
147.6 -147.6 -40.2
147.6 -147.6 -20.1
147.6 -147.6 0.0
147.6 -147.6 20.1
147.6 -147.6 40.2
147.6 -147.6 60.300000000000004
147.6 -147.6 80.4
147.6 -147.6 100.5
147.6 -147.6 120.60000000000001
147.6 -143.5 -120.60000000000001
147.6 -143.5 -100.5
147.6 -143.5 -80.4
147.6 -143.5 -60.300000000000004
147.6 -143.5 -40.2
147.6 -143.5 -20.1
147.6 -143.5 0.0
147.6 -143.5 20.1
147.6 -143.5 40.2
147.6 -143.5 60.300000000000004
147.6 -143.5 80.4
147.6 -143.5 100.5
147.6 -143.5 120.60000000000001
147.6 -139.39999999999998 -120.60000000000001
147.6 -139.39999999999998 -100.5
147.6 -139.39999999999998 -80.4
147.6 -139.39999999999998 -60.300000000000004
147.6 -139.39999999999998 -40.2
147.6 -139.39999999999998 -20.1
147.6 -139.39999999999998 0.0
147.6 -139.39999999999998 20.1
147.6 -139.39999999999998 40.2
147.6 -139.39999999999998 60.300000000000004
147.6 -139.39999999999998 80.4
147.6 -139.39999999999998 100.5
147.6 -139.39999999999998 120.60000000000001
147.6 -135.29999999999998 -120.60000000000001
147.6 -135.29999999999998 -100.5
147.6 -135.29999999999998 -80.4
147.6 -135.29999999999998 -60.300000000000004
147.6 -135.29999999999998 -40.2
147.6 -135.29999999999998 -20.1
147.6 -135.29999999999998 0.0
147.6 -135.29999999999998 20.1
147.6 -135.29999999999998 40.2
147.6 -135.29999999999998 60.300000000000004
147.6 -135.29999999999998 80.4
147.6 -135.29999999999998 100.5
147.6 -135.29999999999998 120.60000000000001
147.6 -131.2 -120.60000000000001
147.6 -131.2 -100.5
147.6 -131.2 -80.4
147.6 -131.2 -60.300000000000004
147.6 -131.2 -40.2
147.6 -131.2 -20.1
147.6 -131.2 0.0
147.6 -131.2 20.1
147.6 -131.2 40.2
147.6 -131.2 60.300000000000004
147.6 -131.2 80.4
147.6 -131.2 100.5
147.6 -131.2 120.60000000000001
147.6 -127.1 -120.60000000000001
147.6 -127.1 -100.5
147.6 -127.1 -80.4
147.6 -127.1 -60.300000000000004
147.6 -127.1 -40.2
147.6 -127.1 -20.1
147.6 -127.1 0.0
147.6 -127.1 20.1
147.6 -127.1 40.2
147.6 -127.1 60.300000000000004
147.6 -127.1 80.4
147.6 -127.1 100.5
147.6 -127.1 120.60000000000001
147.6 -122.99999999999999 -120.60000000000001
147.6 -122.99999999999999 -100.5
147.6 -122.99999999999999 -80.4
147.6 -122.99999999999999 -60.300000000000004
147.6 -122.99999999999999 -40.2
147.6 -122.99999999999999 -20.1
147.6 -122.99999999999999 0.0
147.6 -122.99999999999999 20.1
147.6 -122.99999999999999 40.2
147.6 -122.99999999999999 60.300000000000004
147.6 -122.99999999999999 80.4
147.6 -122.99999999999999 100.5
147.6 -122.99999999999999 120.60000000000001
147.6 -118.89999999999999 -120.60000000000001
147.6 -118.89999999999999 -100.5
147.6 -118.89999999999999 -80.4
147.6 -118.89999999999999 -60.300000000000004
147.6 -118.89999999999999 -40.2
147.6 -118.89999999999999 -20.1
147.6 -118.89999999999999 0.0
147.6 -118.89999999999999 20.1
147.6 -118.89999999999999 40.2
147.6 -118.89999999999999 60.300000000000004
147.6 -118.89999999999999 80.4
147.6 -118.89999999999999 100.5
147.6 -118.89999999999999 120.60000000000001
147.6 118.89999999999999 -120.60000000000001
147.6 118.89999999999999 -100.5
147.6 118.89999999999999 -80.4
147.6 118.89999999999999 -60.300000000000004
147.6 118.89999999999999 -40.2
147.6 118.89999999999999 -20.1
147.6 118.89999999999999 0.0
147.6 118.89999999999999 20.1
147.6 118.89999999999999 40.2
147.6 118.89999999999999 60.300000000000004
147.6 118.89999999999999 80.4
147.6 118.89999999999999 100.5
147.6 118.89999999999999 120.60000000000001
147.6 122.99999999999999 -120.60000000000001
147.6 122.99999999999999 -100.5
147.6 122.99999999999999 -80.4
147.6 122.99999999999999 -60.300000000000004
147.6 122.99999999999999 -40.2
147.6 122.99999999999999 -20.1
147.6 122.99999999999999 0.0
147.6 122.99999999999999 20.1
147.6 122.99999999999999 40.2
147.6 122.99999999999999 60.300000000000004
147.6 122.99999999999999 80.4
147.6 122.99999999999999 100.5
147.6 122.99999999999999 120.60000000000001
147.6 127.1 -120.60000000000001
147.6 127.1 -100.5
147.6 127.1 -80.4
147.6 127.1 -60.300000000000004
147.6 127.1 -40.2
147.6 127.1 -20.1
147.6 127.1 0.0
147.6 127.1 20.1
147.6 127.1 40.2
147.6 127.1 60.300000000000004
147.6 127.1 80.4
147.6 127.1 100.5
147.6 127.1 120.60000000000001
147.6 131.2 -120.60000000000001
147.6 131.2 -100.5
147.6 131.2 -80.4
147.6 131.2 -60.300000000000004
147.6 131.2 -40.2
147.6 131.2 -20.1
147.6 131.2 0.0
147.6 131.2 20.1
147.6 131.2 40.2
147.6 131.2 60.300000000000004
147.6 131.2 80.4
147.6 131.2 100.5
147.6 131.2 120.60000000000001
147.6 135.29999999999998 -120.60000000000001
147.6 135.29999999999998 -100.5
147.6 135.29999999999998 -80.4
147.6 135.29999999999998 -60.300000000000004
147.6 135.29999999999998 -40.2
147.6 135.29999999999998 -20.1
147.6 135.29999999999998 0.0
147.6 135.29999999999998 20.1
147.6 135.29999999999998 40.2
147.6 135.29999999999998 60.300000000000004
147.6 135.29999999999998 80.4
147.6 135.29999999999998 100.5
147.6 135.29999999999998 120.60000000000001
147.6 139.39999999999998 -120.60000000000001
147.6 139.39999999999998 -100.5
147.6 139.39999999999998 -80.4
147.6 139.39999999999998 -60.300000000000004
147.6 139.39999999999998 -40.2
147.6 139.39999999999998 -20.1
147.6 139.39999999999998 0.0
147.6 139.39999999999998 20.1
147.6 139.39999999999998 40.2
147.6 139.39999999999998 60.300000000000004
147.6 139.39999999999998 80.4
147.6 139.39999999999998 100.5
147.6 139.39999999999998 120.60000000000001
147.6 143.5 -120.60000000000001
147.6 143.5 -100.5
147.6 143.5 -80.4
147.6 143.5 -60.300000000000004
147.6 143.5 -40.2
147.6 143.5 -20.1
147.6 143.5 0.0
147.6 143.5 20.1
147.6 143.5 40.2
147.6 143.5 60.300000000000004
147.6 143.5 80.4
147.6 143.5 100.5
147.6 143.5 120.60000000000001
147.6 147.6 -120.60000000000001
147.6 147.6 -100.5
147.6 147.6 -80.4
147.6 147.6 -60.300000000000004
147.6 147.6 -40.2
147.6 147.6 -20.1
147.6 147.6 0.0
147.6 147.6 20.1
147.6 147.6 40.2
147.6 147.6 60.300000000000004
147.6 147.6 80.4
147.6 147.6 100.5
147.6 147.6 120.60000000000001
147.6 151.7 -120.60000000000001
147.6 151.7 -100.5
147.6 151.7 -80.4
147.6 151.7 -60.300000000000004
147.6 151.7 -40.2
147.6 151.7 -20.1
147.6 151.7 0.0
147.6 151.7 20.1
147.6 151.7 40.2
147.6 151.7 60.300000000000004
147.6 151.7 80.4
147.6 151.7 100.5
147.6 151.7 120.60000000000001
147.6 155.79999999999998 -120.60000000000001
147.6 155.79999999999998 -100.5
147.6 155.79999999999998 -80.4
147.6 155.79999999999998 -60.300000000000004
147.6 155.79999999999998 -40.2
147.6 155.79999999999998 -20.1
147.6 155.79999999999998 0.0
147.6 155.79999999999998 20.1
147.6 155.79999999999998 40.2
147.6 155.79999999999998 60.300000000000004
147.6 155.79999999999998 80.4
147.6 155.79999999999998 100.5
147.6 155.79999999999998 120.60000000000001
151.7 -151.7 -120.60000000000001
151.7 -151.7 -100.5
151.7 -151.7 -80.4
151.7 -151.7 -60.300000000000004
151.7 -151.7 -40.2
151.7 -151.7 -20.1
151.7 -151.7 0.0
151.7 -151.7 20.1
151.7 -151.7 40.2
151.7 -151.7 60.300000000000004
151.7 -151.7 80.4
151.7 -151.7 100.5
151.7 -151.7 120.60000000000001
151.7 -147.6 -120.60000000000001
151.7 -147.6 -100.5
151.7 -147.6 -80.4
151.7 -147.6 -60.300000000000004
151.7 -147.6 -40.2
151.7 -147.6 -20.1
151.7 -147.6 0.0
151.7 -147.6 20.1
151.7 -147.6 40.2
151.7 -147.6 60.300000000000004
151.7 -147.6 80.4
151.7 -147.6 100.5
151.7 -147.6 120.60000000000001
151.7 -143.5 -120.60000000000001
151.7 -143.5 -100.5
151.7 -143.5 -80.4
151.7 -143.5 -60.300000000000004
151.7 -143.5 -40.2
151.7 -143.5 -20.1
151.7 -143.5 0.0
151.7 -143.5 20.1
151.7 -143.5 40.2
151.7 -143.5 60.300000000000004
151.7 -143.5 80.4
151.7 -143.5 100.5
151.7 -143.5 120.60000000000001
151.7 -139.39999999999998 -120.60000000000001
151.7 -139.39999999999998 -100.5
151.7 -139.39999999999998 -80.4
151.7 -139.39999999999998 -60.300000000000004
151.7 -139.39999999999998 -40.2
151.7 -139.39999999999998 -20.1
151.7 -139.39999999999998 0.0
151.7 -139.39999999999998 20.1
151.7 -139.39999999999998 40.2
151.7 -139.39999999999998 60.300000000000004
151.7 -139.39999999999998 80.4
151.7 -139.39999999999998 100.5
151.7 -139.39999999999998 120.60000000000001
151.7 -135.29999999999998 -120.60000000000001
151.7 -135.29999999999998 -100.5
151.7 -135.29999999999998 -80.4
151.7 -135.29999999999998 -60.300000000000004
151.7 -135.29999999999998 -40.2
151.7 -135.29999999999998 -20.1
151.7 -135.29999999999998 0.0
151.7 -135.29999999999998 20.1
151.7 -135.29999999999998 40.2
151.7 -135.29999999999998 60.300000000000004
151.7 -135.29999999999998 80.4
151.7 -135.29999999999998 100.5
151.7 -135.29999999999998 120.60000000000001
151.7 -131.2 -120.60000000000001
151.7 -131.2 -100.5
151.7 -131.2 -80.4
151.7 -131.2 -60.300000000000004
151.7 -131.2 -40.2
151.7 -131.2 -20.1
151.7 -131.2 0.0
151.7 -131.2 20.1
151.7 -131.2 40.2
151.7 -131.2 60.300000000000004
151.7 -131.2 80.4
151.7 -131.2 100.5
151.7 -131.2 120.60000000000001
151.7 -127.1 -120.60000000000001
151.7 -127.1 -100.5
151.7 -127.1 -80.4
151.7 -127.1 -60.300000000000004
151.7 -127.1 -40.2
151.7 -127.1 -20.1
151.7 -127.1 0.0
151.7 -127.1 20.1
151.7 -127.1 40.2
151.7 -127.1 60.300000000000004
151.7 -127.1 80.4
151.7 -127.1 100.5
151.7 -127.1 120.60000000000001
151.7 -122.99999999999999 -120.60000000000001
151.7 -122.99999999999999 -100.5
151.7 -122.99999999999999 -80.4
151.7 -122.99999999999999 -60.300000000000004
151.7 -122.99999999999999 -40.2
151.7 -122.99999999999999 -20.1
151.7 -122.99999999999999 0.0
151.7 -122.99999999999999 20.1
151.7 -122.99999999999999 40.2
151.7 -122.99999999999999 60.300000000000004
151.7 -122.99999999999999 80.4
151.7 -122.99999999999999 100.5
151.7 -122.99999999999999 120.60000000000001
151.7 -118.89999999999999 -120.60000000000001
151.7 -118.89999999999999 -100.5
151.7 -118.89999999999999 -80.4
151.7 -118.89999999999999 -60.300000000000004
151.7 -118.89999999999999 -40.2
151.7 -118.89999999999999 -20.1
151.7 -118.89999999999999 0.0
151.7 -118.89999999999999 20.1
151.7 -118.89999999999999 40.2
151.7 -118.89999999999999 60.300000000000004
151.7 -118.89999999999999 80.4
151.7 -118.89999999999999 100.5
151.7 -118.89999999999999 120.60000000000001
151.7 -114.79999999999998 -120.60000000000001
151.7 -114.79999999999998 -100.5
151.7 -114.79999999999998 -80.4
151.7 -114.79999999999998 -60.300000000000004
151.7 -114.79999999999998 -40.2
151.7 -114.79999999999998 -20.1
151.7 -114.79999999999998 0.0
151.7 -114.79999999999998 20.1
151.7 -114.79999999999998 40.2
151.7 -114.79999999999998 60.300000000000004
151.7 -114.79999999999998 80.4
151.7 -114.79999999999998 100.5
151.7 -114.79999999999998 120.60000000000001
151.7 114.79999999999998 -120.60000000000001
151.7 114.79999999999998 -100.5
151.7 114.79999999999998 -80.4
151.7 114.79999999999998 -60.300000000000004
151.7 114.79999999999998 -40.2
151.7 114.79999999999998 -20.1
151.7 114.79999999999998 0.0
151.7 114.79999999999998 20.1
151.7 114.79999999999998 40.2
151.7 114.79999999999998 60.300000000000004
151.7 114.79999999999998 80.4
151.7 114.79999999999998 100.5
151.7 114.79999999999998 120.60000000000001
151.7 118.89999999999999 -120.60000000000001
151.7 118.89999999999999 -100.5
151.7 118.89999999999999 -80.4
151.7 118.89999999999999 -60.300000000000004
151.7 118.89999999999999 -40.2
151.7 118.89999999999999 -20.1
151.7 118.89999999999999 0.0
151.7 118.89999999999999 20.1
151.7 118.89999999999999 40.2
151.7 118.89999999999999 60.300000000000004
151.7 118.89999999999999 80.4
151.7 118.89999999999999 100.5
151.7 118.89999999999999 120.60000000000001
151.7 122.99999999999999 -120.60000000000001
151.7 122.99999999999999 -100.5
151.7 122.99999999999999 -80.4
151.7 122.99999999999999 -60.300000000000004
151.7 122.99999999999999 -40.2
151.7 122.99999999999999 -20.1
151.7 122.99999999999999 0.0
151.7 122.99999999999999 20.1
151.7 122.99999999999999 40.2
151.7 122.99999999999999 60.300000000000004
151.7 122.99999999999999 80.4
151.7 122.99999999999999 100.5
151.7 122.99999999999999 120.60000000000001
151.7 127.1 -120.60000000000001
151.7 127.1 -100.5
151.7 127.1 -80.4
151.7 127.1 -60.300000000000004
151.7 127.1 -40.2
151.7 127.1 -20.1
151.7 127.1 0.0
151.7 127.1 20.1
151.7 127.1 40.2
151.7 127.1 60.300000000000004
151.7 127.1 80.4
151.7 127.1 100.5
151.7 127.1 120.60000000000001
151.7 131.2 -120.60000000000001
151.7 131.2 -100.5
151.7 131.2 -80.4
151.7 131.2 -60.300000000000004
151.7 131.2 -40.2
151.7 131.2 -20.1
151.7 131.2 0.0
151.7 131.2 20.1
151.7 131.2 40.2
151.7 131.2 60.300000000000004
151.7 131.2 80.4
151.7 131.2 100.5
151.7 131.2 120.60000000000001
151.7 135.29999999999998 -120.60000000000001
151.7 135.29999999999998 -100.5
151.7 135.29999999999998 -80.4
151.7 135.29999999999998 -60.300000000000004
151.7 135.29999999999998 -40.2
151.7 135.29999999999998 -20.1
151.7 135.29999999999998 0.0
151.7 135.29999999999998 20.1
151.7 135.29999999999998 40.2
151.7 135.29999999999998 60.300000000000004
151.7 135.29999999999998 80.4
151.7 135.29999999999998 100.5
151.7 135.29999999999998 120.60000000000001
151.7 139.39999999999998 -120.60000000000001
151.7 139.39999999999998 -100.5
151.7 139.39999999999998 -80.4
151.7 139.39999999999998 -60.300000000000004
151.7 139.39999999999998 -40.2
151.7 139.39999999999998 -20.1
151.7 139.39999999999998 0.0
151.7 139.39999999999998 20.1
151.7 139.39999999999998 40.2
151.7 139.39999999999998 60.300000000000004
151.7 139.39999999999998 80.4
151.7 139.39999999999998 100.5
151.7 139.39999999999998 120.60000000000001
151.7 143.5 -120.60000000000001
151.7 143.5 -100.5
151.7 143.5 -80.4
151.7 143.5 -60.300000000000004
151.7 143.5 -40.2
151.7 143.5 -20.1
151.7 143.5 0.0
151.7 143.5 20.1
151.7 143.5 40.2
151.7 143.5 60.300000000000004
151.7 143.5 80.4
151.7 143.5 100.5
151.7 143.5 120.60000000000001
151.7 147.6 -120.60000000000001
151.7 147.6 -100.5
151.7 147.6 -80.4
151.7 147.6 -60.300000000000004
151.7 147.6 -40.2
151.7 147.6 -20.1
151.7 147.6 0.0
151.7 147.6 20.1
151.7 147.6 40.2
151.7 147.6 60.300000000000004
151.7 147.6 80.4
151.7 147.6 100.5
151.7 147.6 120.60000000000001
151.7 151.7 -120.60000000000001
151.7 151.7 -100.5
151.7 151.7 -80.4
151.7 151.7 -60.300000000000004
151.7 151.7 -40.2
151.7 151.7 -20.1
151.7 151.7 0.0
151.7 151.7 20.1
151.7 151.7 40.2
151.7 151.7 60.300000000000004
151.7 151.7 80.4
151.7 151.7 100.5
151.7 151.7 120.60000000000001
155.79999999999998 -147.6 -120.60000000000001
155.79999999999998 -147.6 -100.5
155.79999999999998 -147.6 -80.4
155.79999999999998 -147.6 -60.300000000000004
155.79999999999998 -147.6 -40.2
155.79999999999998 -147.6 -20.1
155.79999999999998 -147.6 0.0
155.79999999999998 -147.6 20.1
155.79999999999998 -147.6 40.2
155.79999999999998 -147.6 60.300000000000004
155.79999999999998 -147.6 80.4
155.79999999999998 -147.6 100.5
155.79999999999998 -147.6 120.60000000000001
155.79999999999998 -143.5 -120.60000000000001
155.79999999999998 -143.5 -100.5
155.79999999999998 -143.5 -80.4
155.79999999999998 -143.5 -60.300000000000004
155.79999999999998 -143.5 -40.2
155.79999999999998 -143.5 -20.1
155.79999999999998 -143.5 0.0
155.79999999999998 -143.5 20.1
155.79999999999998 -143.5 40.2
155.79999999999998 -143.5 60.300000000000004
155.79999999999998 -143.5 80.4
155.79999999999998 -143.5 100.5
155.79999999999998 -143.5 120.60000000000001
155.79999999999998 -139.39999999999998 -120.60000000000001
155.79999999999998 -139.39999999999998 -100.5
155.79999999999998 -139.39999999999998 -80.4
155.79999999999998 -139.39999999999998 -60.300000000000004
155.79999999999998 -139.39999999999998 -40.2
155.79999999999998 -139.39999999999998 -20.1
155.79999999999998 -139.39999999999998 0.0
155.79999999999998 -139.39999999999998 20.1
155.79999999999998 -139.39999999999998 40.2
155.79999999999998 -139.39999999999998 60.300000000000004
155.79999999999998 -139.39999999999998 80.4
155.79999999999998 -139.39999999999998 100.5
155.79999999999998 -139.39999999999998 120.60000000000001
155.79999999999998 -135.29999999999998 -120.60000000000001
155.79999999999998 -135.29999999999998 -100.5
155.79999999999998 -135.29999999999998 -80.4
155.79999999999998 -135.29999999999998 -60.300000000000004
155.79999999999998 -135.29999999999998 -40.2
155.79999999999998 -135.29999999999998 -20.1
155.79999999999998 -135.29999999999998 0.0
155.79999999999998 -135.29999999999998 20.1
155.79999999999998 -135.29999999999998 40.2
155.79999999999998 -135.29999999999998 60.300000000000004
155.79999999999998 -135.29999999999998 80.4
155.79999999999998 -135.29999999999998 100.5
155.79999999999998 -135.29999999999998 120.60000000000001
155.79999999999998 -131.2 -120.60000000000001
155.79999999999998 -131.2 -100.5
155.79999999999998 -131.2 -80.4
155.79999999999998 -131.2 -60.300000000000004
155.79999999999998 -131.2 -40.2
155.79999999999998 -131.2 -20.1
155.79999999999998 -131.2 0.0
155.79999999999998 -131.2 20.1
155.79999999999998 -131.2 40.2
155.79999999999998 -131.2 60.300000000000004
155.79999999999998 -131.2 80.4
155.79999999999998 -131.2 100.5
155.79999999999998 -131.2 120.60000000000001
155.79999999999998 -127.1 -120.60000000000001
155.79999999999998 -127.1 -100.5
155.79999999999998 -127.1 -80.4
155.79999999999998 -127.1 -60.300000000000004
155.79999999999998 -127.1 -40.2
155.79999999999998 -127.1 -20.1
155.79999999999998 -127.1 0.0
155.79999999999998 -127.1 20.1
155.79999999999998 -127.1 40.2
155.79999999999998 -127.1 60.300000000000004
155.79999999999998 -127.1 80.4
155.79999999999998 -127.1 100.5
155.79999999999998 -127.1 120.60000000000001
155.79999999999998 -122.99999999999999 -120.60000000000001
155.79999999999998 -122.99999999999999 -100.5
155.79999999999998 -122.99999999999999 -80.4
155.79999999999998 -122.99999999999999 -60.300000000000004
155.79999999999998 -122.99999999999999 -40.2
155.79999999999998 -122.99999999999999 -20.1
155.79999999999998 -122.99999999999999 0.0
155.79999999999998 -122.99999999999999 20.1
155.79999999999998 -122.99999999999999 40.2
155.79999999999998 -122.99999999999999 60.300000000000004
155.79999999999998 -122.99999999999999 80.4
155.79999999999998 -122.99999999999999 100.5
155.79999999999998 -122.99999999999999 120.60000000000001
155.79999999999998 -118.89999999999999 -120.60000000000001
155.79999999999998 -118.89999999999999 -100.5
155.79999999999998 -118.89999999999999 -80.4
155.79999999999998 -118.89999999999999 -60.300000000000004
155.79999999999998 -118.89999999999999 -40.2
155.79999999999998 -118.89999999999999 -20.1
155.79999999999998 -118.89999999999999 0.0
155.79999999999998 -118.89999999999999 20.1
155.79999999999998 -118.89999999999999 40.2
155.79999999999998 -118.89999999999999 60.300000000000004
155.79999999999998 -118.89999999999999 80.4
155.79999999999998 -118.89999999999999 100.5
155.79999999999998 -118.89999999999999 120.60000000000001
155.79999999999998 -114.79999999999998 -120.60000000000001
155.79999999999998 -114.79999999999998 -100.5
155.79999999999998 -114.79999999999998 -80.4
155.79999999999998 -114.79999999999998 -60.300000000000004
155.79999999999998 -114.79999999999998 -40.2
155.79999999999998 -114.79999999999998 -20.1
155.79999999999998 -114.79999999999998 0.0
155.79999999999998 -114.79999999999998 20.1
155.79999999999998 -114.79999999999998 40.2
155.79999999999998 -114.79999999999998 60.300000000000004
155.79999999999998 -114.79999999999998 80.4
155.79999999999998 -114.79999999999998 100.5
155.79999999999998 -114.79999999999998 120.60000000000001
155.79999999999998 -110.69999999999999 -120.60000000000001
155.79999999999998 -110.69999999999999 -100.5
155.79999999999998 -110.69999999999999 -80.4
155.79999999999998 -110.69999999999999 -60.300000000000004
155.79999999999998 -110.69999999999999 -40.2
155.79999999999998 -110.69999999999999 -20.1
155.79999999999998 -110.69999999999999 0.0
155.79999999999998 -110.69999999999999 20.1
155.79999999999998 -110.69999999999999 40.2
155.79999999999998 -110.69999999999999 60.300000000000004
155.79999999999998 -110.69999999999999 80.4
155.79999999999998 -110.69999999999999 100.5
155.79999999999998 -110.69999999999999 120.60000000000001
155.79999999999998 -106.6 -120.60000000000001
155.79999999999998 -106.6 -100.5
155.79999999999998 -106.6 -80.4
155.79999999999998 -106.6 -60.300000000000004
155.79999999999998 -106.6 -40.2
155.79999999999998 -106.6 -20.1
155.79999999999998 -106.6 0.0
155.79999999999998 -106.6 20.1
155.79999999999998 -106.6 40.2
155.79999999999998 -106.6 60.300000000000004
155.79999999999998 -106.6 80.4
155.79999999999998 -106.6 100.5
155.79999999999998 -106.6 120.60000000000001
155.79999999999998 106.6 -120.60000000000001
155.79999999999998 106.6 -100.5
155.79999999999998 106.6 -80.4
155.79999999999998 106.6 -60.300000000000004
155.79999999999998 106.6 -40.2
155.79999999999998 106.6 -20.1
155.79999999999998 106.6 0.0
155.79999999999998 106.6 20.1
155.79999999999998 106.6 40.2
155.79999999999998 106.6 60.300000000000004
155.79999999999998 106.6 80.4
155.79999999999998 106.6 100.5
155.79999999999998 106.6 120.60000000000001
155.79999999999998 110.69999999999999 -120.60000000000001
155.79999999999998 110.69999999999999 -100.5
155.79999999999998 110.69999999999999 -80.4
155.79999999999998 110.69999999999999 -60.300000000000004
155.79999999999998 110.69999999999999 -40.2
155.79999999999998 110.69999999999999 -20.1
155.79999999999998 110.69999999999999 0.0
155.79999999999998 110.69999999999999 20.1
155.79999999999998 110.69999999999999 40.2
155.79999999999998 110.69999999999999 60.300000000000004
155.79999999999998 110.69999999999999 80.4
155.79999999999998 110.69999999999999 100.5
155.79999999999998 110.69999999999999 120.60000000000001
155.79999999999998 114.79999999999998 -120.60000000000001
155.79999999999998 114.79999999999998 -100.5
155.79999999999998 114.79999999999998 -80.4
155.79999999999998 114.79999999999998 -60.300000000000004
155.79999999999998 114.79999999999998 -40.2
155.79999999999998 114.79999999999998 -20.1
155.79999999999998 114.79999999999998 0.0
155.79999999999998 114.79999999999998 20.1
155.79999999999998 114.79999999999998 40.2
155.79999999999998 114.79999999999998 60.300000000000004
155.79999999999998 114.79999999999998 80.4
155.79999999999998 114.79999999999998 100.5
155.79999999999998 114.79999999999998 120.60000000000001
155.79999999999998 118.89999999999999 -120.60000000000001
155.79999999999998 118.89999999999999 -100.5
155.79999999999998 118.89999999999999 -80.4
155.79999999999998 118.89999999999999 -60.300000000000004
155.79999999999998 118.89999999999999 -40.2
155.79999999999998 118.89999999999999 -20.1
155.79999999999998 118.89999999999999 0.0
155.79999999999998 118.89999999999999 20.1
155.79999999999998 118.89999999999999 40.2
155.79999999999998 118.89999999999999 60.300000000000004
155.79999999999998 118.89999999999999 80.4
155.79999999999998 118.89999999999999 100.5
155.79999999999998 118.89999999999999 120.60000000000001
155.79999999999998 122.99999999999999 -120.60000000000001
155.79999999999998 122.99999999999999 -100.5
155.79999999999998 122.99999999999999 -80.4
155.79999999999998 122.99999999999999 -60.300000000000004
155.79999999999998 122.99999999999999 -40.2
155.79999999999998 122.99999999999999 -20.1
155.79999999999998 122.99999999999999 0.0
155.79999999999998 122.99999999999999 20.1
155.79999999999998 122.99999999999999 40.2
155.79999999999998 122.99999999999999 60.300000000000004
155.79999999999998 122.99999999999999 80.4
155.79999999999998 122.99999999999999 100.5
155.79999999999998 122.99999999999999 120.60000000000001
155.79999999999998 127.1 -120.60000000000001
155.79999999999998 127.1 -100.5
155.79999999999998 127.1 -80.4
155.79999999999998 127.1 -60.300000000000004
155.79999999999998 127.1 -40.2
155.79999999999998 127.1 -20.1
155.79999999999998 127.1 0.0
155.79999999999998 127.1 20.1
155.79999999999998 127.1 40.2
155.79999999999998 127.1 60.300000000000004
155.79999999999998 127.1 80.4
155.79999999999998 127.1 100.5
155.79999999999998 127.1 120.60000000000001
155.79999999999998 131.2 -120.60000000000001
155.79999999999998 131.2 -100.5
155.79999999999998 131.2 -80.4
155.79999999999998 131.2 -60.300000000000004
155.79999999999998 131.2 -40.2
155.79999999999998 131.2 -20.1
155.79999999999998 131.2 0.0
155.79999999999998 131.2 20.1
155.79999999999998 131.2 40.2
155.79999999999998 131.2 60.300000000000004
155.79999999999998 131.2 80.4
155.79999999999998 131.2 100.5
155.79999999999998 131.2 120.60000000000001
155.79999999999998 135.29999999999998 -120.60000000000001
155.79999999999998 135.29999999999998 -100.5
155.79999999999998 135.29999999999998 -80.4
155.79999999999998 135.29999999999998 -60.300000000000004
155.79999999999998 135.29999999999998 -40.2
155.79999999999998 135.29999999999998 -20.1
155.79999999999998 135.29999999999998 0.0
155.79999999999998 135.29999999999998 20.1
155.79999999999998 135.29999999999998 40.2
155.79999999999998 135.29999999999998 60.300000000000004
155.79999999999998 135.29999999999998 80.4
155.79999999999998 135.29999999999998 100.5
155.79999999999998 135.29999999999998 120.60000000000001
155.79999999999998 139.39999999999998 -120.60000000000001
155.79999999999998 139.39999999999998 -100.5
155.79999999999998 139.39999999999998 -80.4
155.79999999999998 139.39999999999998 -60.300000000000004
155.79999999999998 139.39999999999998 -40.2
155.79999999999998 139.39999999999998 -20.1
155.79999999999998 139.39999999999998 0.0
155.79999999999998 139.39999999999998 20.1
155.79999999999998 139.39999999999998 40.2
155.79999999999998 139.39999999999998 60.300000000000004
155.79999999999998 139.39999999999998 80.4
155.79999999999998 139.39999999999998 100.5
155.79999999999998 139.39999999999998 120.60000000000001
155.79999999999998 143.5 -120.60000000000001
155.79999999999998 143.5 -100.5
155.79999999999998 143.5 -80.4
155.79999999999998 143.5 -60.300000000000004
155.79999999999998 143.5 -40.2
155.79999999999998 143.5 -20.1
155.79999999999998 143.5 0.0
155.79999999999998 143.5 20.1
155.79999999999998 143.5 40.2
155.79999999999998 143.5 60.300000000000004
155.79999999999998 143.5 80.4
155.79999999999998 143.5 100.5
155.79999999999998 143.5 120.60000000000001
155.79999999999998 147.6 -120.60000000000001
155.79999999999998 147.6 -100.5
155.79999999999998 147.6 -80.4
155.79999999999998 147.6 -60.300000000000004
155.79999999999998 147.6 -40.2
155.79999999999998 147.6 -20.1
155.79999999999998 147.6 0.0
155.79999999999998 147.6 20.1
155.79999999999998 147.6 40.2
155.79999999999998 147.6 60.300000000000004
155.79999999999998 147.6 80.4
155.79999999999998 147.6 100.5
155.79999999999998 147.6 120.60000000000001
159.89999999999998 -143.5 -120.60000000000001
159.89999999999998 -143.5 -100.5
159.89999999999998 -143.5 -80.4
159.89999999999998 -143.5 -60.300000000000004
159.89999999999998 -143.5 -40.2
159.89999999999998 -143.5 -20.1
159.89999999999998 -143.5 0.0
159.89999999999998 -143.5 20.1
159.89999999999998 -143.5 40.2
159.89999999999998 -143.5 60.300000000000004
159.89999999999998 -143.5 80.4
159.89999999999998 -143.5 100.5
159.89999999999998 -143.5 120.60000000000001
159.89999999999998 -139.39999999999998 -120.60000000000001
159.89999999999998 -139.39999999999998 -100.5
159.89999999999998 -139.39999999999998 -80.4
159.89999999999998 -139.39999999999998 -60.300000000000004
159.89999999999998 -139.39999999999998 -40.2
159.89999999999998 -139.39999999999998 -20.1
159.89999999999998 -139.39999999999998 0.0
159.89999999999998 -139.39999999999998 20.1
159.89999999999998 -139.39999999999998 40.2
159.89999999999998 -139.39999999999998 60.300000000000004
159.89999999999998 -139.39999999999998 80.4
159.89999999999998 -139.39999999999998 100.5
159.89999999999998 -139.39999999999998 120.60000000000001
159.89999999999998 -135.29999999999998 -120.60000000000001
159.89999999999998 -135.29999999999998 -100.5
159.89999999999998 -135.29999999999998 -80.4
159.89999999999998 -135.29999999999998 -60.300000000000004
159.89999999999998 -135.29999999999998 -40.2
159.89999999999998 -135.29999999999998 -20.1
159.89999999999998 -135.29999999999998 0.0
159.89999999999998 -135.29999999999998 20.1
159.89999999999998 -135.29999999999998 40.2
159.89999999999998 -135.29999999999998 60.300000000000004
159.89999999999998 -135.29999999999998 80.4
159.89999999999998 -135.29999999999998 100.5
159.89999999999998 -135.29999999999998 120.60000000000001
159.89999999999998 -131.2 -120.60000000000001
159.89999999999998 -131.2 -100.5
159.89999999999998 -131.2 -80.4
159.89999999999998 -131.2 -60.300000000000004
159.89999999999998 -131.2 -40.2
159.89999999999998 -131.2 -20.1
159.89999999999998 -131.2 0.0
159.89999999999998 -131.2 20.1
159.89999999999998 -131.2 40.2
159.89999999999998 -131.2 60.300000000000004
159.89999999999998 -131.2 80.4
159.89999999999998 -131.2 100.5
159.89999999999998 -131.2 120.60000000000001
159.89999999999998 -127.1 -120.60000000000001
159.89999999999998 -127.1 -100.5
159.89999999999998 -127.1 -80.4
159.89999999999998 -127.1 -60.300000000000004
159.89999999999998 -127.1 -40.2
159.89999999999998 -127.1 -20.1
159.89999999999998 -127.1 0.0
159.89999999999998 -127.1 20.1
159.89999999999998 -127.1 40.2
159.89999999999998 -127.1 60.300000000000004
159.89999999999998 -127.1 80.4
159.89999999999998 -127.1 100.5
159.89999999999998 -127.1 120.60000000000001
159.89999999999998 -122.99999999999999 -120.60000000000001
159.89999999999998 -122.99999999999999 -100.5
159.89999999999998 -122.99999999999999 -80.4
159.89999999999998 -122.99999999999999 -60.300000000000004
159.89999999999998 -122.99999999999999 -40.2
159.89999999999998 -122.99999999999999 -20.1
159.89999999999998 -122.99999999999999 0.0
159.89999999999998 -122.99999999999999 20.1
159.89999999999998 -122.99999999999999 40.2
159.89999999999998 -122.99999999999999 60.300000000000004
159.89999999999998 -122.99999999999999 80.4
159.89999999999998 -122.99999999999999 100.5
159.89999999999998 -122.99999999999999 120.60000000000001
159.89999999999998 -118.89999999999999 -120.60000000000001
159.89999999999998 -118.89999999999999 -100.5
159.89999999999998 -118.89999999999999 -80.4
159.89999999999998 -118.89999999999999 -60.300000000000004
159.89999999999998 -118.89999999999999 -40.2
159.89999999999998 -118.89999999999999 -20.1
159.89999999999998 -118.89999999999999 0.0
159.89999999999998 -118.89999999999999 20.1
159.89999999999998 -118.89999999999999 40.2
159.89999999999998 -118.89999999999999 60.300000000000004
159.89999999999998 -118.89999999999999 80.4
159.89999999999998 -118.89999999999999 100.5
159.89999999999998 -118.89999999999999 120.60000000000001
159.89999999999998 -114.79999999999998 -120.60000000000001
159.89999999999998 -114.79999999999998 -100.5
159.89999999999998 -114.79999999999998 -80.4
159.89999999999998 -114.79999999999998 -60.300000000000004
159.89999999999998 -114.79999999999998 -40.2
159.89999999999998 -114.79999999999998 -20.1
159.89999999999998 -114.79999999999998 0.0
159.89999999999998 -114.79999999999998 20.1
159.89999999999998 -114.79999999999998 40.2
159.89999999999998 -114.79999999999998 60.300000000000004
159.89999999999998 -114.79999999999998 80.4
159.89999999999998 -114.79999999999998 100.5
159.89999999999998 -114.79999999999998 120.60000000000001
159.89999999999998 -110.69999999999999 -120.60000000000001
159.89999999999998 -110.69999999999999 -100.5
159.89999999999998 -110.69999999999999 -80.4
159.89999999999998 -110.69999999999999 -60.300000000000004
159.89999999999998 -110.69999999999999 -40.2
159.89999999999998 -110.69999999999999 -20.1
159.89999999999998 -110.69999999999999 0.0
159.89999999999998 -110.69999999999999 20.1
159.89999999999998 -110.69999999999999 40.2
159.89999999999998 -110.69999999999999 60.300000000000004
159.89999999999998 -110.69999999999999 80.4
159.89999999999998 -110.69999999999999 100.5
159.89999999999998 -110.69999999999999 120.60000000000001
159.89999999999998 -106.6 -120.60000000000001
159.89999999999998 -106.6 -100.5
159.89999999999998 -106.6 -80.4
159.89999999999998 -106.6 -60.300000000000004
159.89999999999998 -106.6 -40.2
159.89999999999998 -106.6 -20.1
159.89999999999998 -106.6 0.0
159.89999999999998 -106.6 20.1
159.89999999999998 -106.6 40.2
159.89999999999998 -106.6 60.300000000000004
159.89999999999998 -106.6 80.4
159.89999999999998 -106.6 100.5
159.89999999999998 -106.6 120.60000000000001
159.89999999999998 -102.49999999999999 -120.60000000000001
159.89999999999998 -102.49999999999999 -100.5
159.89999999999998 -102.49999999999999 -80.4
159.89999999999998 -102.49999999999999 -60.300000000000004
159.89999999999998 -102.49999999999999 -40.2
159.89999999999998 -102.49999999999999 -20.1
159.89999999999998 -102.49999999999999 0.0
159.89999999999998 -102.49999999999999 20.1
159.89999999999998 -102.49999999999999 40.2
159.89999999999998 -102.49999999999999 60.300000000000004
159.89999999999998 -102.49999999999999 80.4
159.89999999999998 -102.49999999999999 100.5
159.89999999999998 -102.49999999999999 120.60000000000001
159.89999999999998 102.49999999999999 -120.60000000000001
159.89999999999998 102.49999999999999 -100.5
159.89999999999998 102.49999999999999 -80.4
159.89999999999998 102.49999999999999 -60.300000000000004
159.89999999999998 102.49999999999999 -40.2
159.89999999999998 102.49999999999999 -20.1
159.89999999999998 102.49999999999999 0.0
159.89999999999998 102.49999999999999 20.1
159.89999999999998 102.49999999999999 40.2
159.89999999999998 102.49999999999999 60.300000000000004
159.89999999999998 102.49999999999999 80.4
159.89999999999998 102.49999999999999 100.5
159.89999999999998 102.49999999999999 120.60000000000001
159.89999999999998 106.6 -120.60000000000001
159.89999999999998 106.6 -100.5
159.89999999999998 106.6 -80.4
159.89999999999998 106.6 -60.300000000000004
159.89999999999998 106.6 -40.2
159.89999999999998 106.6 -20.1
159.89999999999998 106.6 0.0
159.89999999999998 106.6 20.1
159.89999999999998 106.6 40.2
159.89999999999998 106.6 60.300000000000004
159.89999999999998 106.6 80.4
159.89999999999998 106.6 100.5
159.89999999999998 106.6 120.60000000000001
159.89999999999998 110.69999999999999 -120.60000000000001
159.89999999999998 110.69999999999999 -100.5
159.89999999999998 110.69999999999999 -80.4
159.89999999999998 110.69999999999999 -60.300000000000004
159.89999999999998 110.69999999999999 -40.2
159.89999999999998 110.69999999999999 -20.1
159.89999999999998 110.69999999999999 0.0
159.89999999999998 110.69999999999999 20.1
159.89999999999998 110.69999999999999 40.2
159.89999999999998 110.69999999999999 60.300000000000004
159.89999999999998 110.69999999999999 80.4
159.89999999999998 110.69999999999999 100.5
159.89999999999998 110.69999999999999 120.60000000000001
159.89999999999998 114.79999999999998 -120.60000000000001
159.89999999999998 114.79999999999998 -100.5
159.89999999999998 114.79999999999998 -80.4
159.89999999999998 114.79999999999998 -60.300000000000004
159.89999999999998 114.79999999999998 -40.2
159.89999999999998 114.79999999999998 -20.1
159.89999999999998 114.79999999999998 0.0
159.89999999999998 114.79999999999998 20.1
159.89999999999998 114.79999999999998 40.2
159.89999999999998 114.79999999999998 60.300000000000004
159.89999999999998 114.79999999999998 80.4
159.89999999999998 114.79999999999998 100.5
159.89999999999998 114.79999999999998 120.60000000000001
159.89999999999998 118.89999999999999 -120.60000000000001
159.89999999999998 118.89999999999999 -100.5
159.89999999999998 118.89999999999999 -80.4
159.89999999999998 118.89999999999999 -60.300000000000004
159.89999999999998 118.89999999999999 -40.2
159.89999999999998 118.89999999999999 -20.1
159.89999999999998 118.89999999999999 0.0
159.89999999999998 118.89999999999999 20.1
159.89999999999998 118.89999999999999 40.2
159.89999999999998 118.89999999999999 60.300000000000004
159.89999999999998 118.89999999999999 80.4
159.89999999999998 118.89999999999999 100.5
159.89999999999998 118.89999999999999 120.60000000000001
159.89999999999998 122.99999999999999 -120.60000000000001
159.89999999999998 122.99999999999999 -100.5
159.89999999999998 122.99999999999999 -80.4
159.89999999999998 122.99999999999999 -60.300000000000004
159.89999999999998 122.99999999999999 -40.2
159.89999999999998 122.99999999999999 -20.1
159.89999999999998 122.99999999999999 0.0
159.89999999999998 122.99999999999999 20.1
159.89999999999998 122.99999999999999 40.2
159.89999999999998 122.99999999999999 60.300000000000004
159.89999999999998 122.99999999999999 80.4
159.89999999999998 122.99999999999999 100.5
159.89999999999998 122.99999999999999 120.60000000000001
159.89999999999998 127.1 -120.60000000000001
159.89999999999998 127.1 -100.5
159.89999999999998 127.1 -80.4
159.89999999999998 127.1 -60.300000000000004
159.89999999999998 127.1 -40.2
159.89999999999998 127.1 -20.1
159.89999999999998 127.1 0.0
159.89999999999998 127.1 20.1
159.89999999999998 127.1 40.2
159.89999999999998 127.1 60.300000000000004
159.89999999999998 127.1 80.4
159.89999999999998 127.1 100.5
159.89999999999998 127.1 120.60000000000001
159.89999999999998 131.2 -120.60000000000001
159.89999999999998 131.2 -100.5
159.89999999999998 131.2 -80.4
159.89999999999998 131.2 -60.300000000000004
159.89999999999998 131.2 -40.2
159.89999999999998 131.2 -20.1
159.89999999999998 131.2 0.0
159.89999999999998 131.2 20.1
159.89999999999998 131.2 40.2
159.89999999999998 131.2 60.300000000000004
159.89999999999998 131.2 80.4
159.89999999999998 131.2 100.5
159.89999999999998 131.2 120.60000000000001
159.89999999999998 135.29999999999998 -120.60000000000001
159.89999999999998 135.29999999999998 -100.5
159.89999999999998 135.29999999999998 -80.4
159.89999999999998 135.29999999999998 -60.300000000000004
159.89999999999998 135.29999999999998 -40.2
159.89999999999998 135.29999999999998 -20.1
159.89999999999998 135.29999999999998 0.0
159.89999999999998 135.29999999999998 20.1
159.89999999999998 135.29999999999998 40.2
159.89999999999998 135.29999999999998 60.300000000000004
159.89999999999998 135.29999999999998 80.4
159.89999999999998 135.29999999999998 100.5
159.89999999999998 135.29999999999998 120.60000000000001
159.89999999999998 139.39999999999998 -120.60000000000001
159.89999999999998 139.39999999999998 -100.5
159.89999999999998 139.39999999999998 -80.4
159.89999999999998 139.39999999999998 -60.300000000000004
159.89999999999998 139.39999999999998 -40.2
159.89999999999998 139.39999999999998 -20.1
159.89999999999998 139.39999999999998 0.0
159.89999999999998 139.39999999999998 20.1
159.89999999999998 139.39999999999998 40.2
159.89999999999998 139.39999999999998 60.300000000000004
159.89999999999998 139.39999999999998 80.4
159.89999999999998 139.39999999999998 100.5
159.89999999999998 139.39999999999998 120.60000000000001
159.89999999999998 143.5 -120.60000000000001
159.89999999999998 143.5 -100.5
159.89999999999998 143.5 -80.4
159.89999999999998 143.5 -60.300000000000004
159.89999999999998 143.5 -40.2
159.89999999999998 143.5 -20.1
159.89999999999998 143.5 0.0
159.89999999999998 143.5 20.1
159.89999999999998 143.5 40.2
159.89999999999998 143.5 60.300000000000004
159.89999999999998 143.5 80.4
159.89999999999998 143.5 100.5
159.89999999999998 143.5 120.60000000000001
164.0 -139.39999999999998 -120.60000000000001
164.0 -139.39999999999998 -100.5
164.0 -139.39999999999998 -80.4
164.0 -139.39999999999998 -60.300000000000004
164.0 -139.39999999999998 -40.2
164.0 -139.39999999999998 -20.1
164.0 -139.39999999999998 0.0
164.0 -139.39999999999998 20.1
164.0 -139.39999999999998 40.2
164.0 -139.39999999999998 60.300000000000004
164.0 -139.39999999999998 80.4
164.0 -139.39999999999998 100.5
164.0 -139.39999999999998 120.60000000000001
164.0 -135.29999999999998 -120.60000000000001
164.0 -135.29999999999998 -100.5
164.0 -135.29999999999998 -80.4
164.0 -135.29999999999998 -60.300000000000004
164.0 -135.29999999999998 -40.2
164.0 -135.29999999999998 -20.1
164.0 -135.29999999999998 0.0
164.0 -135.29999999999998 20.1
164.0 -135.29999999999998 40.2
164.0 -135.29999999999998 60.300000000000004
164.0 -135.29999999999998 80.4
164.0 -135.29999999999998 100.5
164.0 -135.29999999999998 120.60000000000001
164.0 -131.2 -120.60000000000001
164.0 -131.2 -100.5
164.0 -131.2 -80.4
164.0 -131.2 -60.300000000000004
164.0 -131.2 -40.2
164.0 -131.2 -20.1
164.0 -131.2 0.0
164.0 -131.2 20.1
164.0 -131.2 40.2
164.0 -131.2 60.300000000000004
164.0 -131.2 80.4
164.0 -131.2 100.5
164.0 -131.2 120.60000000000001
164.0 -127.1 -120.60000000000001
164.0 -127.1 -100.5
164.0 -127.1 -80.4
164.0 -127.1 -60.300000000000004
164.0 -127.1 -40.2
164.0 -127.1 -20.1
164.0 -127.1 0.0
164.0 -127.1 20.1
164.0 -127.1 40.2
164.0 -127.1 60.300000000000004
164.0 -127.1 80.4
164.0 -127.1 100.5
164.0 -127.1 120.60000000000001
164.0 -122.99999999999999 -120.60000000000001
164.0 -122.99999999999999 -100.5
164.0 -122.99999999999999 -80.4
164.0 -122.99999999999999 -60.300000000000004
164.0 -122.99999999999999 -40.2
164.0 -122.99999999999999 -20.1
164.0 -122.99999999999999 0.0
164.0 -122.99999999999999 20.1
164.0 -122.99999999999999 40.2
164.0 -122.99999999999999 60.300000000000004
164.0 -122.99999999999999 80.4
164.0 -122.99999999999999 100.5
164.0 -122.99999999999999 120.60000000000001
164.0 -118.89999999999999 -120.60000000000001
164.0 -118.89999999999999 -100.5
164.0 -118.89999999999999 -80.4
164.0 -118.89999999999999 -60.300000000000004
164.0 -118.89999999999999 -40.2
164.0 -118.89999999999999 -20.1
164.0 -118.89999999999999 0.0
164.0 -118.89999999999999 20.1
164.0 -118.89999999999999 40.2
164.0 -118.89999999999999 60.300000000000004
164.0 -118.89999999999999 80.4
164.0 -118.89999999999999 100.5
164.0 -118.89999999999999 120.60000000000001
164.0 -114.79999999999998 -120.60000000000001
164.0 -114.79999999999998 -100.5
164.0 -114.79999999999998 -80.4
164.0 -114.79999999999998 -60.300000000000004
164.0 -114.79999999999998 -40.2
164.0 -114.79999999999998 -20.1
164.0 -114.79999999999998 0.0
164.0 -114.79999999999998 20.1
164.0 -114.79999999999998 40.2
164.0 -114.79999999999998 60.300000000000004
164.0 -114.79999999999998 80.4
164.0 -114.79999999999998 100.5
164.0 -114.79999999999998 120.60000000000001
164.0 -110.69999999999999 -120.60000000000001
164.0 -110.69999999999999 -100.5
164.0 -110.69999999999999 -80.4
164.0 -110.69999999999999 -60.300000000000004
164.0 -110.69999999999999 -40.2
164.0 -110.69999999999999 -20.1
164.0 -110.69999999999999 0.0
164.0 -110.69999999999999 20.1
164.0 -110.69999999999999 40.2
164.0 -110.69999999999999 60.300000000000004
164.0 -110.69999999999999 80.4
164.0 -110.69999999999999 100.5
164.0 -110.69999999999999 120.60000000000001
164.0 -106.6 -120.60000000000001
164.0 -106.6 -100.5
164.0 -106.6 -80.4
164.0 -106.6 -60.300000000000004
164.0 -106.6 -40.2
164.0 -106.6 -20.1
164.0 -106.6 0.0
164.0 -106.6 20.1
164.0 -106.6 40.2
164.0 -106.6 60.300000000000004
164.0 -106.6 80.4
164.0 -106.6 100.5
164.0 -106.6 120.60000000000001
164.0 -102.49999999999999 -120.60000000000001
164.0 -102.49999999999999 -100.5
164.0 -102.49999999999999 -80.4
164.0 -102.49999999999999 -60.300000000000004
164.0 -102.49999999999999 -40.2
164.0 -102.49999999999999 -20.1
164.0 -102.49999999999999 0.0
164.0 -102.49999999999999 20.1
164.0 -102.49999999999999 40.2
164.0 -102.49999999999999 60.300000000000004
164.0 -102.49999999999999 80.4
164.0 -102.49999999999999 100.5
164.0 -102.49999999999999 120.60000000000001
164.0 -98.39999999999999 -120.60000000000001
164.0 -98.39999999999999 -100.5
164.0 -98.39999999999999 -80.4
164.0 -98.39999999999999 -60.300000000000004
164.0 -98.39999999999999 -40.2
164.0 -98.39999999999999 -20.1
164.0 -98.39999999999999 0.0
164.0 -98.39999999999999 20.1
164.0 -98.39999999999999 40.2
164.0 -98.39999999999999 60.300000000000004
164.0 -98.39999999999999 80.4
164.0 -98.39999999999999 100.5
164.0 -98.39999999999999 120.60000000000001
164.0 -94.3 -120.60000000000001
164.0 -94.3 -100.5
164.0 -94.3 -80.4
164.0 -94.3 -60.300000000000004
164.0 -94.3 -40.2
164.0 -94.3 -20.1
164.0 -94.3 0.0
164.0 -94.3 20.1
164.0 -94.3 40.2
164.0 -94.3 60.300000000000004
164.0 -94.3 80.4
164.0 -94.3 100.5
164.0 -94.3 120.60000000000001
164.0 94.3 -120.60000000000001
164.0 94.3 -100.5
164.0 94.3 -80.4
164.0 94.3 -60.300000000000004
164.0 94.3 -40.2
164.0 94.3 -20.1
164.0 94.3 0.0
164.0 94.3 20.1
164.0 94.3 40.2
164.0 94.3 60.300000000000004
164.0 94.3 80.4
164.0 94.3 100.5
164.0 94.3 120.60000000000001
164.0 98.39999999999999 -120.60000000000001
164.0 98.39999999999999 -100.5
164.0 98.39999999999999 -80.4
164.0 98.39999999999999 -60.300000000000004
164.0 98.39999999999999 -40.2
164.0 98.39999999999999 -20.1
164.0 98.39999999999999 0.0
164.0 98.39999999999999 20.1
164.0 98.39999999999999 40.2
164.0 98.39999999999999 60.300000000000004
164.0 98.39999999999999 80.4
164.0 98.39999999999999 100.5
164.0 98.39999999999999 120.60000000000001
164.0 102.49999999999999 -120.60000000000001
164.0 102.49999999999999 -100.5
164.0 102.49999999999999 -80.4
164.0 102.49999999999999 -60.300000000000004
164.0 102.49999999999999 -40.2
164.0 102.49999999999999 -20.1
164.0 102.49999999999999 0.0
164.0 102.49999999999999 20.1
164.0 102.49999999999999 40.2
164.0 102.49999999999999 60.300000000000004
164.0 102.49999999999999 80.4
164.0 102.49999999999999 100.5
164.0 102.49999999999999 120.60000000000001
164.0 106.6 -120.60000000000001
164.0 106.6 -100.5
164.0 106.6 -80.4
164.0 106.6 -60.300000000000004
164.0 106.6 -40.2
164.0 106.6 -20.1
164.0 106.6 0.0
164.0 106.6 20.1
164.0 106.6 40.2
164.0 106.6 60.300000000000004
164.0 106.6 80.4
164.0 106.6 100.5
164.0 106.6 120.60000000000001
164.0 110.69999999999999 -120.60000000000001
164.0 110.69999999999999 -100.5
164.0 110.69999999999999 -80.4
164.0 110.69999999999999 -60.300000000000004
164.0 110.69999999999999 -40.2
164.0 110.69999999999999 -20.1
164.0 110.69999999999999 0.0
164.0 110.69999999999999 20.1
164.0 110.69999999999999 40.2
164.0 110.69999999999999 60.300000000000004
164.0 110.69999999999999 80.4
164.0 110.69999999999999 100.5
164.0 110.69999999999999 120.60000000000001
164.0 114.79999999999998 -120.60000000000001
164.0 114.79999999999998 -100.5
164.0 114.79999999999998 -80.4
164.0 114.79999999999998 -60.300000000000004
164.0 114.79999999999998 -40.2
164.0 114.79999999999998 -20.1
164.0 114.79999999999998 0.0
164.0 114.79999999999998 20.1
164.0 114.79999999999998 40.2
164.0 114.79999999999998 60.300000000000004
164.0 114.79999999999998 80.4
164.0 114.79999999999998 100.5
164.0 114.79999999999998 120.60000000000001
164.0 118.89999999999999 -120.60000000000001
164.0 118.89999999999999 -100.5
164.0 118.89999999999999 -80.4
164.0 118.89999999999999 -60.300000000000004
164.0 118.89999999999999 -40.2
164.0 118.89999999999999 -20.1
164.0 118.89999999999999 0.0
164.0 118.89999999999999 20.1
164.0 118.89999999999999 40.2
164.0 118.89999999999999 60.300000000000004
164.0 118.89999999999999 80.4
164.0 118.89999999999999 100.5
164.0 118.89999999999999 120.60000000000001
164.0 122.99999999999999 -120.60000000000001
164.0 122.99999999999999 -100.5
164.0 122.99999999999999 -80.4
164.0 122.99999999999999 -60.300000000000004
164.0 122.99999999999999 -40.2
164.0 122.99999999999999 -20.1
164.0 122.99999999999999 0.0
164.0 122.99999999999999 20.1
164.0 122.99999999999999 40.2
164.0 122.99999999999999 60.300000000000004
164.0 122.99999999999999 80.4
164.0 122.99999999999999 100.5
164.0 122.99999999999999 120.60000000000001
164.0 127.1 -120.60000000000001
164.0 127.1 -100.5
164.0 127.1 -80.4
164.0 127.1 -60.300000000000004
164.0 127.1 -40.2
164.0 127.1 -20.1
164.0 127.1 0.0
164.0 127.1 20.1
164.0 127.1 40.2
164.0 127.1 60.300000000000004
164.0 127.1 80.4
164.0 127.1 100.5
164.0 127.1 120.60000000000001
164.0 131.2 -120.60000000000001
164.0 131.2 -100.5
164.0 131.2 -80.4
164.0 131.2 -60.300000000000004
164.0 131.2 -40.2
164.0 131.2 -20.1
164.0 131.2 0.0
164.0 131.2 20.1
164.0 131.2 40.2
164.0 131.2 60.300000000000004
164.0 131.2 80.4
164.0 131.2 100.5
164.0 131.2 120.60000000000001
164.0 135.29999999999998 -120.60000000000001
164.0 135.29999999999998 -100.5
164.0 135.29999999999998 -80.4
164.0 135.29999999999998 -60.300000000000004
164.0 135.29999999999998 -40.2
164.0 135.29999999999998 -20.1
164.0 135.29999999999998 0.0
164.0 135.29999999999998 20.1
164.0 135.29999999999998 40.2
164.0 135.29999999999998 60.300000000000004
164.0 135.29999999999998 80.4
164.0 135.29999999999998 100.5
164.0 135.29999999999998 120.60000000000001
164.0 139.39999999999998 -120.60000000000001
164.0 139.39999999999998 -100.5
164.0 139.39999999999998 -80.4
164.0 139.39999999999998 -60.300000000000004
164.0 139.39999999999998 -40.2
164.0 139.39999999999998 -20.1
164.0 139.39999999999998 0.0
164.0 139.39999999999998 20.1
164.0 139.39999999999998 40.2
164.0 139.39999999999998 60.300000000000004
164.0 139.39999999999998 80.4
164.0 139.39999999999998 100.5
164.0 139.39999999999998 120.60000000000001
168.1 -135.29999999999998 -120.60000000000001
168.1 -135.29999999999998 -100.5
168.1 -135.29999999999998 -80.4
168.1 -135.29999999999998 -60.300000000000004
168.1 -135.29999999999998 -40.2
168.1 -135.29999999999998 -20.1
168.1 -135.29999999999998 0.0
168.1 -135.29999999999998 20.1
168.1 -135.29999999999998 40.2
168.1 -135.29999999999998 60.300000000000004
168.1 -135.29999999999998 80.4
168.1 -135.29999999999998 100.5
168.1 -135.29999999999998 120.60000000000001
168.1 -131.2 -120.60000000000001
168.1 -131.2 -100.5
168.1 -131.2 -80.4
168.1 -131.2 -60.300000000000004
168.1 -131.2 -40.2
168.1 -131.2 -20.1
168.1 -131.2 0.0
168.1 -131.2 20.1
168.1 -131.2 40.2
168.1 -131.2 60.300000000000004
168.1 -131.2 80.4
168.1 -131.2 100.5
168.1 -131.2 120.60000000000001
168.1 -127.1 -120.60000000000001
168.1 -127.1 -100.5
168.1 -127.1 -80.4
168.1 -127.1 -60.300000000000004
168.1 -127.1 -40.2
168.1 -127.1 -20.1
168.1 -127.1 0.0
168.1 -127.1 20.1
168.1 -127.1 40.2
168.1 -127.1 60.300000000000004
168.1 -127.1 80.4
168.1 -127.1 100.5
168.1 -127.1 120.60000000000001
168.1 -122.99999999999999 -120.60000000000001
168.1 -122.99999999999999 -100.5
168.1 -122.99999999999999 -80.4
168.1 -122.99999999999999 -60.300000000000004
168.1 -122.99999999999999 -40.2
168.1 -122.99999999999999 -20.1
168.1 -122.99999999999999 0.0
168.1 -122.99999999999999 20.1
168.1 -122.99999999999999 40.2
168.1 -122.99999999999999 60.300000000000004
168.1 -122.99999999999999 80.4
168.1 -122.99999999999999 100.5
168.1 -122.99999999999999 120.60000000000001
168.1 -118.89999999999999 -120.60000000000001
168.1 -118.89999999999999 -100.5
168.1 -118.89999999999999 -80.4
168.1 -118.89999999999999 -60.300000000000004
168.1 -118.89999999999999 -40.2
168.1 -118.89999999999999 -20.1
168.1 -118.89999999999999 0.0
168.1 -118.89999999999999 20.1
168.1 -118.89999999999999 40.2
168.1 -118.89999999999999 60.300000000000004
168.1 -118.89999999999999 80.4
168.1 -118.89999999999999 100.5
168.1 -118.89999999999999 120.60000000000001
168.1 -114.79999999999998 -120.60000000000001
168.1 -114.79999999999998 -100.5
168.1 -114.79999999999998 -80.4
168.1 -114.79999999999998 -60.300000000000004
168.1 -114.79999999999998 -40.2
168.1 -114.79999999999998 -20.1
168.1 -114.79999999999998 0.0
168.1 -114.79999999999998 20.1
168.1 -114.79999999999998 40.2
168.1 -114.79999999999998 60.300000000000004
168.1 -114.79999999999998 80.4
168.1 -114.79999999999998 100.5
168.1 -114.79999999999998 120.60000000000001
168.1 -110.69999999999999 -120.60000000000001
168.1 -110.69999999999999 -100.5
168.1 -110.69999999999999 -80.4
168.1 -110.69999999999999 -60.300000000000004
168.1 -110.69999999999999 -40.2
168.1 -110.69999999999999 -20.1
168.1 -110.69999999999999 0.0
168.1 -110.69999999999999 20.1
168.1 -110.69999999999999 40.2
168.1 -110.69999999999999 60.300000000000004
168.1 -110.69999999999999 80.4
168.1 -110.69999999999999 100.5
168.1 -110.69999999999999 120.60000000000001
168.1 -106.6 -120.60000000000001
168.1 -106.6 -100.5
168.1 -106.6 -80.4
168.1 -106.6 -60.300000000000004
168.1 -106.6 -40.2
168.1 -106.6 -20.1
168.1 -106.6 0.0
168.1 -106.6 20.1
168.1 -106.6 40.2
168.1 -106.6 60.300000000000004
168.1 -106.6 80.4
168.1 -106.6 100.5
168.1 -106.6 120.60000000000001
168.1 -102.49999999999999 -120.60000000000001
168.1 -102.49999999999999 -100.5
168.1 -102.49999999999999 -80.4
168.1 -102.49999999999999 -60.300000000000004
168.1 -102.49999999999999 -40.2
168.1 -102.49999999999999 -20.1
168.1 -102.49999999999999 0.0
168.1 -102.49999999999999 20.1
168.1 -102.49999999999999 40.2
168.1 -102.49999999999999 60.300000000000004
168.1 -102.49999999999999 80.4
168.1 -102.49999999999999 100.5
168.1 -102.49999999999999 120.60000000000001
168.1 -98.39999999999999 -120.60000000000001
168.1 -98.39999999999999 -100.5
168.1 -98.39999999999999 -80.4
168.1 -98.39999999999999 -60.300000000000004
168.1 -98.39999999999999 -40.2
168.1 -98.39999999999999 -20.1
168.1 -98.39999999999999 0.0
168.1 -98.39999999999999 20.1
168.1 -98.39999999999999 40.2
168.1 -98.39999999999999 60.300000000000004
168.1 -98.39999999999999 80.4
168.1 -98.39999999999999 100.5
168.1 -98.39999999999999 120.60000000000001
168.1 -94.3 -120.60000000000001
168.1 -94.3 -100.5
168.1 -94.3 -80.4
168.1 -94.3 -60.300000000000004
168.1 -94.3 -40.2
168.1 -94.3 -20.1
168.1 -94.3 0.0
168.1 -94.3 20.1
168.1 -94.3 40.2
168.1 -94.3 60.300000000000004
168.1 -94.3 80.4
168.1 -94.3 100.5
168.1 -94.3 120.60000000000001
168.1 -90.19999999999999 -120.60000000000001
168.1 -90.19999999999999 -100.5
168.1 -90.19999999999999 -80.4
168.1 -90.19999999999999 -60.300000000000004
168.1 -90.19999999999999 -40.2
168.1 -90.19999999999999 -20.1
168.1 -90.19999999999999 0.0
168.1 -90.19999999999999 20.1
168.1 -90.19999999999999 40.2
168.1 -90.19999999999999 60.300000000000004
168.1 -90.19999999999999 80.4
168.1 -90.19999999999999 100.5
168.1 -90.19999999999999 120.60000000000001
168.1 -86.1 -120.60000000000001
168.1 -86.1 -100.5
168.1 -86.1 -80.4
168.1 -86.1 -60.300000000000004
168.1 -86.1 -40.2
168.1 -86.1 -20.1
168.1 -86.1 0.0
168.1 -86.1 20.1
168.1 -86.1 40.2
168.1 -86.1 60.300000000000004
168.1 -86.1 80.4
168.1 -86.1 100.5
168.1 -86.1 120.60000000000001
168.1 86.1 -120.60000000000001
168.1 86.1 -100.5
168.1 86.1 -80.4
168.1 86.1 -60.300000000000004
168.1 86.1 -40.2
168.1 86.1 -20.1
168.1 86.1 0.0
168.1 86.1 20.1
168.1 86.1 40.2
168.1 86.1 60.300000000000004
168.1 86.1 80.4
168.1 86.1 100.5
168.1 86.1 120.60000000000001
168.1 90.19999999999999 -120.60000000000001
168.1 90.19999999999999 -100.5
168.1 90.19999999999999 -80.4
168.1 90.19999999999999 -60.300000000000004
168.1 90.19999999999999 -40.2
168.1 90.19999999999999 -20.1
168.1 90.19999999999999 0.0
168.1 90.19999999999999 20.1
168.1 90.19999999999999 40.2
168.1 90.19999999999999 60.300000000000004
168.1 90.19999999999999 80.4
168.1 90.19999999999999 100.5
168.1 90.19999999999999 120.60000000000001
168.1 94.3 -120.60000000000001
168.1 94.3 -100.5
168.1 94.3 -80.4
168.1 94.3 -60.300000000000004
168.1 94.3 -40.2
168.1 94.3 -20.1
168.1 94.3 0.0
168.1 94.3 20.1
168.1 94.3 40.2
168.1 94.3 60.300000000000004
168.1 94.3 80.4
168.1 94.3 100.5
168.1 94.3 120.60000000000001
168.1 98.39999999999999 -120.60000000000001
168.1 98.39999999999999 -100.5
168.1 98.39999999999999 -80.4
168.1 98.39999999999999 -60.300000000000004
168.1 98.39999999999999 -40.2
168.1 98.39999999999999 -20.1
168.1 98.39999999999999 0.0
168.1 98.39999999999999 20.1
168.1 98.39999999999999 40.2
168.1 98.39999999999999 60.300000000000004
168.1 98.39999999999999 80.4
168.1 98.39999999999999 100.5
168.1 98.39999999999999 120.60000000000001
168.1 102.49999999999999 -120.60000000000001
168.1 102.49999999999999 -100.5
168.1 102.49999999999999 -80.4
168.1 102.49999999999999 -60.300000000000004
168.1 102.49999999999999 -40.2
168.1 102.49999999999999 -20.1
168.1 102.49999999999999 0.0
168.1 102.49999999999999 20.1
168.1 102.49999999999999 40.2
168.1 102.49999999999999 60.300000000000004
168.1 102.49999999999999 80.4
168.1 102.49999999999999 100.5
168.1 102.49999999999999 120.60000000000001
168.1 106.6 -120.60000000000001
168.1 106.6 -100.5
168.1 106.6 -80.4
168.1 106.6 -60.300000000000004
168.1 106.6 -40.2
168.1 106.6 -20.1
168.1 106.6 0.0
168.1 106.6 20.1
168.1 106.6 40.2
168.1 106.6 60.300000000000004
168.1 106.6 80.4
168.1 106.6 100.5
168.1 106.6 120.60000000000001
168.1 110.69999999999999 -120.60000000000001
168.1 110.69999999999999 -100.5
168.1 110.69999999999999 -80.4
168.1 110.69999999999999 -60.300000000000004
168.1 110.69999999999999 -40.2
168.1 110.69999999999999 -20.1
168.1 110.69999999999999 0.0
168.1 110.69999999999999 20.1
168.1 110.69999999999999 40.2
168.1 110.69999999999999 60.300000000000004
168.1 110.69999999999999 80.4
168.1 110.69999999999999 100.5
168.1 110.69999999999999 120.60000000000001
168.1 114.79999999999998 -120.60000000000001
168.1 114.79999999999998 -100.5
168.1 114.79999999999998 -80.4
168.1 114.79999999999998 -60.300000000000004
168.1 114.79999999999998 -40.2
168.1 114.79999999999998 -20.1
168.1 114.79999999999998 0.0
168.1 114.79999999999998 20.1
168.1 114.79999999999998 40.2
168.1 114.79999999999998 60.300000000000004
168.1 114.79999999999998 80.4
168.1 114.79999999999998 100.5
168.1 114.79999999999998 120.60000000000001
168.1 118.89999999999999 -120.60000000000001
168.1 118.89999999999999 -100.5
168.1 118.89999999999999 -80.4
168.1 118.89999999999999 -60.300000000000004
168.1 118.89999999999999 -40.2
168.1 118.89999999999999 -20.1
168.1 118.89999999999999 0.0
168.1 118.89999999999999 20.1
168.1 118.89999999999999 40.2
168.1 118.89999999999999 60.300000000000004
168.1 118.89999999999999 80.4
168.1 118.89999999999999 100.5
168.1 118.89999999999999 120.60000000000001
168.1 122.99999999999999 -120.60000000000001
168.1 122.99999999999999 -100.5
168.1 122.99999999999999 -80.4
168.1 122.99999999999999 -60.300000000000004
168.1 122.99999999999999 -40.2
168.1 122.99999999999999 -20.1
168.1 122.99999999999999 0.0
168.1 122.99999999999999 20.1
168.1 122.99999999999999 40.2
168.1 122.99999999999999 60.300000000000004
168.1 122.99999999999999 80.4
168.1 122.99999999999999 100.5
168.1 122.99999999999999 120.60000000000001
168.1 127.1 -120.60000000000001
168.1 127.1 -100.5
168.1 127.1 -80.4
168.1 127.1 -60.300000000000004
168.1 127.1 -40.2
168.1 127.1 -20.1
168.1 127.1 0.0
168.1 127.1 20.1
168.1 127.1 40.2
168.1 127.1 60.300000000000004
168.1 127.1 80.4
168.1 127.1 100.5
168.1 127.1 120.60000000000001
168.1 131.2 -120.60000000000001
168.1 131.2 -100.5
168.1 131.2 -80.4
168.1 131.2 -60.300000000000004
168.1 131.2 -40.2
168.1 131.2 -20.1
168.1 131.2 0.0
168.1 131.2 20.1
168.1 131.2 40.2
168.1 131.2 60.300000000000004
168.1 131.2 80.4
168.1 131.2 100.5
168.1 131.2 120.60000000000001
168.1 135.29999999999998 -120.60000000000001
168.1 135.29999999999998 -100.5
168.1 135.29999999999998 -80.4
168.1 135.29999999999998 -60.300000000000004
168.1 135.29999999999998 -40.2
168.1 135.29999999999998 -20.1
168.1 135.29999999999998 0.0
168.1 135.29999999999998 20.1
168.1 135.29999999999998 40.2
168.1 135.29999999999998 60.300000000000004
168.1 135.29999999999998 80.4
168.1 135.29999999999998 100.5
168.1 135.29999999999998 120.60000000000001
172.2 -131.2 -120.60000000000001
172.2 -131.2 -100.5
172.2 -131.2 -80.4
172.2 -131.2 -60.300000000000004
172.2 -131.2 -40.2
172.2 -131.2 -20.1
172.2 -131.2 0.0
172.2 -131.2 20.1
172.2 -131.2 40.2
172.2 -131.2 60.300000000000004
172.2 -131.2 80.4
172.2 -131.2 100.5
172.2 -131.2 120.60000000000001
172.2 -127.1 -120.60000000000001
172.2 -127.1 -100.5
172.2 -127.1 -80.4
172.2 -127.1 -60.300000000000004
172.2 -127.1 -40.2
172.2 -127.1 -20.1
172.2 -127.1 0.0
172.2 -127.1 20.1
172.2 -127.1 40.2
172.2 -127.1 60.300000000000004
172.2 -127.1 80.4
172.2 -127.1 100.5
172.2 -127.1 120.60000000000001
172.2 -122.99999999999999 -120.60000000000001
172.2 -122.99999999999999 -100.5
172.2 -122.99999999999999 -80.4
172.2 -122.99999999999999 -60.300000000000004
172.2 -122.99999999999999 -40.2
172.2 -122.99999999999999 -20.1
172.2 -122.99999999999999 0.0
172.2 -122.99999999999999 20.1
172.2 -122.99999999999999 40.2
172.2 -122.99999999999999 60.300000000000004
172.2 -122.99999999999999 80.4
172.2 -122.99999999999999 100.5
172.2 -122.99999999999999 120.60000000000001
172.2 -118.89999999999999 -120.60000000000001
172.2 -118.89999999999999 -100.5
172.2 -118.89999999999999 -80.4
172.2 -118.89999999999999 -60.300000000000004
172.2 -118.89999999999999 -40.2
172.2 -118.89999999999999 -20.1
172.2 -118.89999999999999 0.0
172.2 -118.89999999999999 20.1
172.2 -118.89999999999999 40.2
172.2 -118.89999999999999 60.300000000000004
172.2 -118.89999999999999 80.4
172.2 -118.89999999999999 100.5
172.2 -118.89999999999999 120.60000000000001
172.2 -114.79999999999998 -120.60000000000001
172.2 -114.79999999999998 -100.5
172.2 -114.79999999999998 -80.4
172.2 -114.79999999999998 -60.300000000000004
172.2 -114.79999999999998 -40.2
172.2 -114.79999999999998 -20.1
172.2 -114.79999999999998 0.0
172.2 -114.79999999999998 20.1
172.2 -114.79999999999998 40.2
172.2 -114.79999999999998 60.300000000000004
172.2 -114.79999999999998 80.4
172.2 -114.79999999999998 100.5
172.2 -114.79999999999998 120.60000000000001
172.2 -110.69999999999999 -120.60000000000001
172.2 -110.69999999999999 -100.5
172.2 -110.69999999999999 -80.4
172.2 -110.69999999999999 -60.300000000000004
172.2 -110.69999999999999 -40.2
172.2 -110.69999999999999 -20.1
172.2 -110.69999999999999 0.0
172.2 -110.69999999999999 20.1
172.2 -110.69999999999999 40.2
172.2 -110.69999999999999 60.300000000000004
172.2 -110.69999999999999 80.4
172.2 -110.69999999999999 100.5
172.2 -110.69999999999999 120.60000000000001
172.2 -106.6 -120.60000000000001
172.2 -106.6 -100.5
172.2 -106.6 -80.4
172.2 -106.6 -60.300000000000004
172.2 -106.6 -40.2
172.2 -106.6 -20.1
172.2 -106.6 0.0
172.2 -106.6 20.1
172.2 -106.6 40.2
172.2 -106.6 60.300000000000004
172.2 -106.6 80.4
172.2 -106.6 100.5
172.2 -106.6 120.60000000000001
172.2 -102.49999999999999 -120.60000000000001
172.2 -102.49999999999999 -100.5
172.2 -102.49999999999999 -80.4
172.2 -102.49999999999999 -60.300000000000004
172.2 -102.49999999999999 -40.2
172.2 -102.49999999999999 -20.1
172.2 -102.49999999999999 0.0
172.2 -102.49999999999999 20.1
172.2 -102.49999999999999 40.2
172.2 -102.49999999999999 60.300000000000004
172.2 -102.49999999999999 80.4
172.2 -102.49999999999999 100.5
172.2 -102.49999999999999 120.60000000000001
172.2 -98.39999999999999 -120.60000000000001
172.2 -98.39999999999999 -100.5
172.2 -98.39999999999999 -80.4
172.2 -98.39999999999999 -60.300000000000004
172.2 -98.39999999999999 -40.2
172.2 -98.39999999999999 -20.1
172.2 -98.39999999999999 0.0
172.2 -98.39999999999999 20.1
172.2 -98.39999999999999 40.2
172.2 -98.39999999999999 60.300000000000004
172.2 -98.39999999999999 80.4
172.2 -98.39999999999999 100.5
172.2 -98.39999999999999 120.60000000000001
172.2 -94.3 -120.60000000000001
172.2 -94.3 -100.5
172.2 -94.3 -80.4
172.2 -94.3 -60.300000000000004
172.2 -94.3 -40.2
172.2 -94.3 -20.1
172.2 -94.3 0.0
172.2 -94.3 20.1
172.2 -94.3 40.2
172.2 -94.3 60.300000000000004
172.2 -94.3 80.4
172.2 -94.3 100.5
172.2 -94.3 120.60000000000001
172.2 -90.19999999999999 -120.60000000000001
172.2 -90.19999999999999 -100.5
172.2 -90.19999999999999 -80.4
172.2 -90.19999999999999 -60.300000000000004
172.2 -90.19999999999999 -40.2
172.2 -90.19999999999999 -20.1
172.2 -90.19999999999999 0.0
172.2 -90.19999999999999 20.1
172.2 -90.19999999999999 40.2
172.2 -90.19999999999999 60.300000000000004
172.2 -90.19999999999999 80.4
172.2 -90.19999999999999 100.5
172.2 -90.19999999999999 120.60000000000001
172.2 -86.1 -120.60000000000001
172.2 -86.1 -100.5
172.2 -86.1 -80.4
172.2 -86.1 -60.300000000000004
172.2 -86.1 -40.2
172.2 -86.1 -20.1
172.2 -86.1 0.0
172.2 -86.1 20.1
172.2 -86.1 40.2
172.2 -86.1 60.300000000000004
172.2 -86.1 80.4
172.2 -86.1 100.5
172.2 -86.1 120.60000000000001
172.2 -82.0 -120.60000000000001
172.2 -82.0 -100.5
172.2 -82.0 -80.4
172.2 -82.0 -60.300000000000004
172.2 -82.0 -40.2
172.2 -82.0 -20.1
172.2 -82.0 0.0
172.2 -82.0 20.1
172.2 -82.0 40.2
172.2 -82.0 60.300000000000004
172.2 -82.0 80.4
172.2 -82.0 100.5
172.2 -82.0 120.60000000000001
172.2 -77.89999999999999 -120.60000000000001
172.2 -77.89999999999999 -100.5
172.2 -77.89999999999999 -80.4
172.2 -77.89999999999999 -60.300000000000004
172.2 -77.89999999999999 -40.2
172.2 -77.89999999999999 -20.1
172.2 -77.89999999999999 0.0
172.2 -77.89999999999999 20.1
172.2 -77.89999999999999 40.2
172.2 -77.89999999999999 60.300000000000004
172.2 -77.89999999999999 80.4
172.2 -77.89999999999999 100.5
172.2 -77.89999999999999 120.60000000000001
172.2 77.89999999999999 -120.60000000000001
172.2 77.89999999999999 -100.5
172.2 77.89999999999999 -80.4
172.2 77.89999999999999 -60.300000000000004
172.2 77.89999999999999 -40.2
172.2 77.89999999999999 -20.1
172.2 77.89999999999999 0.0
172.2 77.89999999999999 20.1
172.2 77.89999999999999 40.2
172.2 77.89999999999999 60.300000000000004
172.2 77.89999999999999 80.4
172.2 77.89999999999999 100.5
172.2 77.89999999999999 120.60000000000001
172.2 82.0 -120.60000000000001
172.2 82.0 -100.5
172.2 82.0 -80.4
172.2 82.0 -60.300000000000004
172.2 82.0 -40.2
172.2 82.0 -20.1
172.2 82.0 0.0
172.2 82.0 20.1
172.2 82.0 40.2
172.2 82.0 60.300000000000004
172.2 82.0 80.4
172.2 82.0 100.5
172.2 82.0 120.60000000000001
172.2 86.1 -120.60000000000001
172.2 86.1 -100.5
172.2 86.1 -80.4
172.2 86.1 -60.300000000000004
172.2 86.1 -40.2
172.2 86.1 -20.1
172.2 86.1 0.0
172.2 86.1 20.1
172.2 86.1 40.2
172.2 86.1 60.300000000000004
172.2 86.1 80.4
172.2 86.1 100.5
172.2 86.1 120.60000000000001
172.2 90.19999999999999 -120.60000000000001
172.2 90.19999999999999 -100.5
172.2 90.19999999999999 -80.4
172.2 90.19999999999999 -60.300000000000004
172.2 90.19999999999999 -40.2
172.2 90.19999999999999 -20.1
172.2 90.19999999999999 0.0
172.2 90.19999999999999 20.1
172.2 90.19999999999999 40.2
172.2 90.19999999999999 60.300000000000004
172.2 90.19999999999999 80.4
172.2 90.19999999999999 100.5
172.2 90.19999999999999 120.60000000000001
172.2 94.3 -120.60000000000001
172.2 94.3 -100.5
172.2 94.3 -80.4
172.2 94.3 -60.300000000000004
172.2 94.3 -40.2
172.2 94.3 -20.1
172.2 94.3 0.0
172.2 94.3 20.1
172.2 94.3 40.2
172.2 94.3 60.300000000000004
172.2 94.3 80.4
172.2 94.3 100.5
172.2 94.3 120.60000000000001
172.2 98.39999999999999 -120.60000000000001
172.2 98.39999999999999 -100.5
172.2 98.39999999999999 -80.4
172.2 98.39999999999999 -60.300000000000004
172.2 98.39999999999999 -40.2
172.2 98.39999999999999 -20.1
172.2 98.39999999999999 0.0
172.2 98.39999999999999 20.1
172.2 98.39999999999999 40.2
172.2 98.39999999999999 60.300000000000004
172.2 98.39999999999999 80.4
172.2 98.39999999999999 100.5
172.2 98.39999999999999 120.60000000000001
172.2 102.49999999999999 -120.60000000000001
172.2 102.49999999999999 -100.5
172.2 102.49999999999999 -80.4
172.2 102.49999999999999 -60.300000000000004
172.2 102.49999999999999 -40.2
172.2 102.49999999999999 -20.1
172.2 102.49999999999999 0.0
172.2 102.49999999999999 20.1
172.2 102.49999999999999 40.2
172.2 102.49999999999999 60.300000000000004
172.2 102.49999999999999 80.4
172.2 102.49999999999999 100.5
172.2 102.49999999999999 120.60000000000001
172.2 106.6 -120.60000000000001
172.2 106.6 -100.5
172.2 106.6 -80.4
172.2 106.6 -60.300000000000004
172.2 106.6 -40.2
172.2 106.6 -20.1
172.2 106.6 0.0
172.2 106.6 20.1
172.2 106.6 40.2
172.2 106.6 60.300000000000004
172.2 106.6 80.4
172.2 106.6 100.5
172.2 106.6 120.60000000000001
172.2 110.69999999999999 -120.60000000000001
172.2 110.69999999999999 -100.5
172.2 110.69999999999999 -80.4
172.2 110.69999999999999 -60.300000000000004
172.2 110.69999999999999 -40.2
172.2 110.69999999999999 -20.1
172.2 110.69999999999999 0.0
172.2 110.69999999999999 20.1
172.2 110.69999999999999 40.2
172.2 110.69999999999999 60.300000000000004
172.2 110.69999999999999 80.4
172.2 110.69999999999999 100.5
172.2 110.69999999999999 120.60000000000001
172.2 114.79999999999998 -120.60000000000001
172.2 114.79999999999998 -100.5
172.2 114.79999999999998 -80.4
172.2 114.79999999999998 -60.300000000000004
172.2 114.79999999999998 -40.2
172.2 114.79999999999998 -20.1
172.2 114.79999999999998 0.0
172.2 114.79999999999998 20.1
172.2 114.79999999999998 40.2
172.2 114.79999999999998 60.300000000000004
172.2 114.79999999999998 80.4
172.2 114.79999999999998 100.5
172.2 114.79999999999998 120.60000000000001
172.2 118.89999999999999 -120.60000000000001
172.2 118.89999999999999 -100.5
172.2 118.89999999999999 -80.4
172.2 118.89999999999999 -60.300000000000004
172.2 118.89999999999999 -40.2
172.2 118.89999999999999 -20.1
172.2 118.89999999999999 0.0
172.2 118.89999999999999 20.1
172.2 118.89999999999999 40.2
172.2 118.89999999999999 60.300000000000004
172.2 118.89999999999999 80.4
172.2 118.89999999999999 100.5
172.2 118.89999999999999 120.60000000000001
172.2 122.99999999999999 -120.60000000000001
172.2 122.99999999999999 -100.5
172.2 122.99999999999999 -80.4
172.2 122.99999999999999 -60.300000000000004
172.2 122.99999999999999 -40.2
172.2 122.99999999999999 -20.1
172.2 122.99999999999999 0.0
172.2 122.99999999999999 20.1
172.2 122.99999999999999 40.2
172.2 122.99999999999999 60.300000000000004
172.2 122.99999999999999 80.4
172.2 122.99999999999999 100.5
172.2 122.99999999999999 120.60000000000001
172.2 127.1 -120.60000000000001
172.2 127.1 -100.5
172.2 127.1 -80.4
172.2 127.1 -60.300000000000004
172.2 127.1 -40.2
172.2 127.1 -20.1
172.2 127.1 0.0
172.2 127.1 20.1
172.2 127.1 40.2
172.2 127.1 60.300000000000004
172.2 127.1 80.4
172.2 127.1 100.5
172.2 127.1 120.60000000000001
172.2 131.2 -120.60000000000001
172.2 131.2 -100.5
172.2 131.2 -80.4
172.2 131.2 -60.300000000000004
172.2 131.2 -40.2
172.2 131.2 -20.1
172.2 131.2 0.0
172.2 131.2 20.1
172.2 131.2 40.2
172.2 131.2 60.300000000000004
172.2 131.2 80.4
172.2 131.2 100.5
172.2 131.2 120.60000000000001
176.29999999999998 -122.99999999999999 -120.60000000000001
176.29999999999998 -122.99999999999999 -100.5
176.29999999999998 -122.99999999999999 -80.4
176.29999999999998 -122.99999999999999 -60.300000000000004
176.29999999999998 -122.99999999999999 -40.2
176.29999999999998 -122.99999999999999 -20.1
176.29999999999998 -122.99999999999999 0.0
176.29999999999998 -122.99999999999999 20.1
176.29999999999998 -122.99999999999999 40.2
176.29999999999998 -122.99999999999999 60.300000000000004
176.29999999999998 -122.99999999999999 80.4
176.29999999999998 -122.99999999999999 100.5
176.29999999999998 -122.99999999999999 120.60000000000001
176.29999999999998 -118.89999999999999 -120.60000000000001
176.29999999999998 -118.89999999999999 -100.5
176.29999999999998 -118.89999999999999 -80.4
176.29999999999998 -118.89999999999999 -60.300000000000004
176.29999999999998 -118.89999999999999 -40.2
176.29999999999998 -118.89999999999999 -20.1
176.29999999999998 -118.89999999999999 0.0
176.29999999999998 -118.89999999999999 20.1
176.29999999999998 -118.89999999999999 40.2
176.29999999999998 -118.89999999999999 60.300000000000004
176.29999999999998 -118.89999999999999 80.4
176.29999999999998 -118.89999999999999 100.5
176.29999999999998 -118.89999999999999 120.60000000000001
176.29999999999998 -114.79999999999998 -120.60000000000001
176.29999999999998 -114.79999999999998 -100.5
176.29999999999998 -114.79999999999998 -80.4
176.29999999999998 -114.79999999999998 -60.300000000000004
176.29999999999998 -114.79999999999998 -40.2
176.29999999999998 -114.79999999999998 -20.1
176.29999999999998 -114.79999999999998 0.0
176.29999999999998 -114.79999999999998 20.1
176.29999999999998 -114.79999999999998 40.2
176.29999999999998 -114.79999999999998 60.300000000000004
176.29999999999998 -114.79999999999998 80.4
176.29999999999998 -114.79999999999998 100.5
176.29999999999998 -114.79999999999998 120.60000000000001
176.29999999999998 -110.69999999999999 -120.60000000000001
176.29999999999998 -110.69999999999999 -100.5
176.29999999999998 -110.69999999999999 -80.4
176.29999999999998 -110.69999999999999 -60.300000000000004
176.29999999999998 -110.69999999999999 -40.2
176.29999999999998 -110.69999999999999 -20.1
176.29999999999998 -110.69999999999999 0.0
176.29999999999998 -110.69999999999999 20.1
176.29999999999998 -110.69999999999999 40.2
176.29999999999998 -110.69999999999999 60.300000000000004
176.29999999999998 -110.69999999999999 80.4
176.29999999999998 -110.69999999999999 100.5
176.29999999999998 -110.69999999999999 120.60000000000001
176.29999999999998 -106.6 -120.60000000000001
176.29999999999998 -106.6 -100.5
176.29999999999998 -106.6 -80.4
176.29999999999998 -106.6 -60.300000000000004
176.29999999999998 -106.6 -40.2
176.29999999999998 -106.6 -20.1
176.29999999999998 -106.6 0.0
176.29999999999998 -106.6 20.1
176.29999999999998 -106.6 40.2
176.29999999999998 -106.6 60.300000000000004
176.29999999999998 -106.6 80.4
176.29999999999998 -106.6 100.5
176.29999999999998 -106.6 120.60000000000001
176.29999999999998 -102.49999999999999 -120.60000000000001
176.29999999999998 -102.49999999999999 -100.5
176.29999999999998 -102.49999999999999 -80.4
176.29999999999998 -102.49999999999999 -60.300000000000004
176.29999999999998 -102.49999999999999 -40.2
176.29999999999998 -102.49999999999999 -20.1
176.29999999999998 -102.49999999999999 0.0
176.29999999999998 -102.49999999999999 20.1
176.29999999999998 -102.49999999999999 40.2
176.29999999999998 -102.49999999999999 60.300000000000004
176.29999999999998 -102.49999999999999 80.4
176.29999999999998 -102.49999999999999 100.5
176.29999999999998 -102.49999999999999 120.60000000000001
176.29999999999998 -98.39999999999999 -120.60000000000001
176.29999999999998 -98.39999999999999 -100.5
176.29999999999998 -98.39999999999999 -80.4
176.29999999999998 -98.39999999999999 -60.300000000000004
176.29999999999998 -98.39999999999999 -40.2
176.29999999999998 -98.39999999999999 -20.1
176.29999999999998 -98.39999999999999 0.0
176.29999999999998 -98.39999999999999 20.1
176.29999999999998 -98.39999999999999 40.2
176.29999999999998 -98.39999999999999 60.300000000000004
176.29999999999998 -98.39999999999999 80.4
176.29999999999998 -98.39999999999999 100.5
176.29999999999998 -98.39999999999999 120.60000000000001
176.29999999999998 -94.3 -120.60000000000001
176.29999999999998 -94.3 -100.5
176.29999999999998 -94.3 -80.4
176.29999999999998 -94.3 -60.300000000000004
176.29999999999998 -94.3 -40.2
176.29999999999998 -94.3 -20.1
176.29999999999998 -94.3 0.0
176.29999999999998 -94.3 20.1
176.29999999999998 -94.3 40.2
176.29999999999998 -94.3 60.300000000000004
176.29999999999998 -94.3 80.4
176.29999999999998 -94.3 100.5
176.29999999999998 -94.3 120.60000000000001
176.29999999999998 -90.19999999999999 -120.60000000000001
176.29999999999998 -90.19999999999999 -100.5
176.29999999999998 -90.19999999999999 -80.4
176.29999999999998 -90.19999999999999 -60.300000000000004
176.29999999999998 -90.19999999999999 -40.2
176.29999999999998 -90.19999999999999 -20.1
176.29999999999998 -90.19999999999999 0.0
176.29999999999998 -90.19999999999999 20.1
176.29999999999998 -90.19999999999999 40.2
176.29999999999998 -90.19999999999999 60.300000000000004
176.29999999999998 -90.19999999999999 80.4
176.29999999999998 -90.19999999999999 100.5
176.29999999999998 -90.19999999999999 120.60000000000001
176.29999999999998 -86.1 -120.60000000000001
176.29999999999998 -86.1 -100.5
176.29999999999998 -86.1 -80.4
176.29999999999998 -86.1 -60.300000000000004
176.29999999999998 -86.1 -40.2
176.29999999999998 -86.1 -20.1
176.29999999999998 -86.1 0.0
176.29999999999998 -86.1 20.1
176.29999999999998 -86.1 40.2
176.29999999999998 -86.1 60.300000000000004
176.29999999999998 -86.1 80.4
176.29999999999998 -86.1 100.5
176.29999999999998 -86.1 120.60000000000001
176.29999999999998 -82.0 -120.60000000000001
176.29999999999998 -82.0 -100.5
176.29999999999998 -82.0 -80.4
176.29999999999998 -82.0 -60.300000000000004
176.29999999999998 -82.0 -40.2
176.29999999999998 -82.0 -20.1
176.29999999999998 -82.0 0.0
176.29999999999998 -82.0 20.1
176.29999999999998 -82.0 40.2
176.29999999999998 -82.0 60.300000000000004
176.29999999999998 -82.0 80.4
176.29999999999998 -82.0 100.5
176.29999999999998 -82.0 120.60000000000001
176.29999999999998 -77.89999999999999 -120.60000000000001
176.29999999999998 -77.89999999999999 -100.5
176.29999999999998 -77.89999999999999 -80.4
176.29999999999998 -77.89999999999999 -60.300000000000004
176.29999999999998 -77.89999999999999 -40.2
176.29999999999998 -77.89999999999999 -20.1
176.29999999999998 -77.89999999999999 0.0
176.29999999999998 -77.89999999999999 20.1
176.29999999999998 -77.89999999999999 40.2
176.29999999999998 -77.89999999999999 60.300000000000004
176.29999999999998 -77.89999999999999 80.4
176.29999999999998 -77.89999999999999 100.5
176.29999999999998 -77.89999999999999 120.60000000000001
176.29999999999998 -73.8 -120.60000000000001
176.29999999999998 -73.8 -100.5
176.29999999999998 -73.8 -80.4
176.29999999999998 -73.8 -60.300000000000004
176.29999999999998 -73.8 -40.2
176.29999999999998 -73.8 -20.1
176.29999999999998 -73.8 0.0
176.29999999999998 -73.8 20.1
176.29999999999998 -73.8 40.2
176.29999999999998 -73.8 60.300000000000004
176.29999999999998 -73.8 80.4
176.29999999999998 -73.8 100.5
176.29999999999998 -73.8 120.60000000000001
176.29999999999998 -69.69999999999999 -120.60000000000001
176.29999999999998 -69.69999999999999 -100.5
176.29999999999998 -69.69999999999999 -80.4
176.29999999999998 -69.69999999999999 -60.300000000000004
176.29999999999998 -69.69999999999999 -40.2
176.29999999999998 -69.69999999999999 -20.1
176.29999999999998 -69.69999999999999 0.0
176.29999999999998 -69.69999999999999 20.1
176.29999999999998 -69.69999999999999 40.2
176.29999999999998 -69.69999999999999 60.300000000000004
176.29999999999998 -69.69999999999999 80.4
176.29999999999998 -69.69999999999999 100.5
176.29999999999998 -69.69999999999999 120.60000000000001
176.29999999999998 69.69999999999999 -120.60000000000001
176.29999999999998 69.69999999999999 -100.5
176.29999999999998 69.69999999999999 -80.4
176.29999999999998 69.69999999999999 -60.300000000000004
176.29999999999998 69.69999999999999 -40.2
176.29999999999998 69.69999999999999 -20.1
176.29999999999998 69.69999999999999 0.0
176.29999999999998 69.69999999999999 20.1
176.29999999999998 69.69999999999999 40.2
176.29999999999998 69.69999999999999 60.300000000000004
176.29999999999998 69.69999999999999 80.4
176.29999999999998 69.69999999999999 100.5
176.29999999999998 69.69999999999999 120.60000000000001
176.29999999999998 73.8 -120.60000000000001
176.29999999999998 73.8 -100.5
176.29999999999998 73.8 -80.4
176.29999999999998 73.8 -60.300000000000004
176.29999999999998 73.8 -40.2
176.29999999999998 73.8 -20.1
176.29999999999998 73.8 0.0
176.29999999999998 73.8 20.1
176.29999999999998 73.8 40.2
176.29999999999998 73.8 60.300000000000004
176.29999999999998 73.8 80.4
176.29999999999998 73.8 100.5
176.29999999999998 73.8 120.60000000000001
176.29999999999998 77.89999999999999 -120.60000000000001
176.29999999999998 77.89999999999999 -100.5
176.29999999999998 77.89999999999999 -80.4
176.29999999999998 77.89999999999999 -60.300000000000004
176.29999999999998 77.89999999999999 -40.2
176.29999999999998 77.89999999999999 -20.1
176.29999999999998 77.89999999999999 0.0
176.29999999999998 77.89999999999999 20.1
176.29999999999998 77.89999999999999 40.2
176.29999999999998 77.89999999999999 60.300000000000004
176.29999999999998 77.89999999999999 80.4
176.29999999999998 77.89999999999999 100.5
176.29999999999998 77.89999999999999 120.60000000000001
176.29999999999998 82.0 -120.60000000000001
176.29999999999998 82.0 -100.5
176.29999999999998 82.0 -80.4
176.29999999999998 82.0 -60.300000000000004
176.29999999999998 82.0 -40.2
176.29999999999998 82.0 -20.1
176.29999999999998 82.0 0.0
176.29999999999998 82.0 20.1
176.29999999999998 82.0 40.2
176.29999999999998 82.0 60.300000000000004
176.29999999999998 82.0 80.4
176.29999999999998 82.0 100.5
176.29999999999998 82.0 120.60000000000001
176.29999999999998 86.1 -120.60000000000001
176.29999999999998 86.1 -100.5
176.29999999999998 86.1 -80.4
176.29999999999998 86.1 -60.300000000000004
176.29999999999998 86.1 -40.2
176.29999999999998 86.1 -20.1
176.29999999999998 86.1 0.0
176.29999999999998 86.1 20.1
176.29999999999998 86.1 40.2
176.29999999999998 86.1 60.300000000000004
176.29999999999998 86.1 80.4
176.29999999999998 86.1 100.5
176.29999999999998 86.1 120.60000000000001
176.29999999999998 90.19999999999999 -120.60000000000001
176.29999999999998 90.19999999999999 -100.5
176.29999999999998 90.19999999999999 -80.4
176.29999999999998 90.19999999999999 -60.300000000000004
176.29999999999998 90.19999999999999 -40.2
176.29999999999998 90.19999999999999 -20.1
176.29999999999998 90.19999999999999 0.0
176.29999999999998 90.19999999999999 20.1
176.29999999999998 90.19999999999999 40.2
176.29999999999998 90.19999999999999 60.300000000000004
176.29999999999998 90.19999999999999 80.4
176.29999999999998 90.19999999999999 100.5
176.29999999999998 90.19999999999999 120.60000000000001
176.29999999999998 94.3 -120.60000000000001
176.29999999999998 94.3 -100.5
176.29999999999998 94.3 -80.4
176.29999999999998 94.3 -60.300000000000004
176.29999999999998 94.3 -40.2
176.29999999999998 94.3 -20.1
176.29999999999998 94.3 0.0
176.29999999999998 94.3 20.1
176.29999999999998 94.3 40.2
176.29999999999998 94.3 60.300000000000004
176.29999999999998 94.3 80.4
176.29999999999998 94.3 100.5
176.29999999999998 94.3 120.60000000000001
176.29999999999998 98.39999999999999 -120.60000000000001
176.29999999999998 98.39999999999999 -100.5
176.29999999999998 98.39999999999999 -80.4
176.29999999999998 98.39999999999999 -60.300000000000004
176.29999999999998 98.39999999999999 -40.2
176.29999999999998 98.39999999999999 -20.1
176.29999999999998 98.39999999999999 0.0
176.29999999999998 98.39999999999999 20.1
176.29999999999998 98.39999999999999 40.2
176.29999999999998 98.39999999999999 60.300000000000004
176.29999999999998 98.39999999999999 80.4
176.29999999999998 98.39999999999999 100.5
176.29999999999998 98.39999999999999 120.60000000000001
176.29999999999998 102.49999999999999 -120.60000000000001
176.29999999999998 102.49999999999999 -100.5
176.29999999999998 102.49999999999999 -80.4
176.29999999999998 102.49999999999999 -60.300000000000004
176.29999999999998 102.49999999999999 -40.2
176.29999999999998 102.49999999999999 -20.1
176.29999999999998 102.49999999999999 0.0
176.29999999999998 102.49999999999999 20.1
176.29999999999998 102.49999999999999 40.2
176.29999999999998 102.49999999999999 60.300000000000004
176.29999999999998 102.49999999999999 80.4
176.29999999999998 102.49999999999999 100.5
176.29999999999998 102.49999999999999 120.60000000000001
176.29999999999998 106.6 -120.60000000000001
176.29999999999998 106.6 -100.5
176.29999999999998 106.6 -80.4
176.29999999999998 106.6 -60.300000000000004
176.29999999999998 106.6 -40.2
176.29999999999998 106.6 -20.1
176.29999999999998 106.6 0.0
176.29999999999998 106.6 20.1
176.29999999999998 106.6 40.2
176.29999999999998 106.6 60.300000000000004
176.29999999999998 106.6 80.4
176.29999999999998 106.6 100.5
176.29999999999998 106.6 120.60000000000001
176.29999999999998 110.69999999999999 -120.60000000000001
176.29999999999998 110.69999999999999 -100.5
176.29999999999998 110.69999999999999 -80.4
176.29999999999998 110.69999999999999 -60.300000000000004
176.29999999999998 110.69999999999999 -40.2
176.29999999999998 110.69999999999999 -20.1
176.29999999999998 110.69999999999999 0.0
176.29999999999998 110.69999999999999 20.1
176.29999999999998 110.69999999999999 40.2
176.29999999999998 110.69999999999999 60.300000000000004
176.29999999999998 110.69999999999999 80.4
176.29999999999998 110.69999999999999 100.5
176.29999999999998 110.69999999999999 120.60000000000001
176.29999999999998 114.79999999999998 -120.60000000000001
176.29999999999998 114.79999999999998 -100.5
176.29999999999998 114.79999999999998 -80.4
176.29999999999998 114.79999999999998 -60.300000000000004
176.29999999999998 114.79999999999998 -40.2
176.29999999999998 114.79999999999998 -20.1
176.29999999999998 114.79999999999998 0.0
176.29999999999998 114.79999999999998 20.1
176.29999999999998 114.79999999999998 40.2
176.29999999999998 114.79999999999998 60.300000000000004
176.29999999999998 114.79999999999998 80.4
176.29999999999998 114.79999999999998 100.5
176.29999999999998 114.79999999999998 120.60000000000001
176.29999999999998 118.89999999999999 -120.60000000000001
176.29999999999998 118.89999999999999 -100.5
176.29999999999998 118.89999999999999 -80.4
176.29999999999998 118.89999999999999 -60.300000000000004
176.29999999999998 118.89999999999999 -40.2
176.29999999999998 118.89999999999999 -20.1
176.29999999999998 118.89999999999999 0.0
176.29999999999998 118.89999999999999 20.1
176.29999999999998 118.89999999999999 40.2
176.29999999999998 118.89999999999999 60.300000000000004
176.29999999999998 118.89999999999999 80.4
176.29999999999998 118.89999999999999 100.5
176.29999999999998 118.89999999999999 120.60000000000001
176.29999999999998 122.99999999999999 -120.60000000000001
176.29999999999998 122.99999999999999 -100.5
176.29999999999998 122.99999999999999 -80.4
176.29999999999998 122.99999999999999 -60.300000000000004
176.29999999999998 122.99999999999999 -40.2
176.29999999999998 122.99999999999999 -20.1
176.29999999999998 122.99999999999999 0.0
176.29999999999998 122.99999999999999 20.1
176.29999999999998 122.99999999999999 40.2
176.29999999999998 122.99999999999999 60.300000000000004
176.29999999999998 122.99999999999999 80.4
176.29999999999998 122.99999999999999 100.5
176.29999999999998 122.99999999999999 120.60000000000001
180.39999999999998 -118.89999999999999 -120.60000000000001
180.39999999999998 -118.89999999999999 -100.5
180.39999999999998 -118.89999999999999 -80.4
180.39999999999998 -118.89999999999999 -60.300000000000004
180.39999999999998 -118.89999999999999 -40.2
180.39999999999998 -118.89999999999999 -20.1
180.39999999999998 -118.89999999999999 0.0
180.39999999999998 -118.89999999999999 20.1
180.39999999999998 -118.89999999999999 40.2
180.39999999999998 -118.89999999999999 60.300000000000004
180.39999999999998 -118.89999999999999 80.4
180.39999999999998 -118.89999999999999 100.5
180.39999999999998 -118.89999999999999 120.60000000000001
180.39999999999998 -114.79999999999998 -120.60000000000001
180.39999999999998 -114.79999999999998 -100.5
180.39999999999998 -114.79999999999998 -80.4
180.39999999999998 -114.79999999999998 -60.300000000000004
180.39999999999998 -114.79999999999998 -40.2
180.39999999999998 -114.79999999999998 -20.1
180.39999999999998 -114.79999999999998 0.0
180.39999999999998 -114.79999999999998 20.1
180.39999999999998 -114.79999999999998 40.2
180.39999999999998 -114.79999999999998 60.300000000000004
180.39999999999998 -114.79999999999998 80.4
180.39999999999998 -114.79999999999998 100.5
180.39999999999998 -114.79999999999998 120.60000000000001
180.39999999999998 -110.69999999999999 -120.60000000000001
180.39999999999998 -110.69999999999999 -100.5
180.39999999999998 -110.69999999999999 -80.4
180.39999999999998 -110.69999999999999 -60.300000000000004
180.39999999999998 -110.69999999999999 -40.2
180.39999999999998 -110.69999999999999 -20.1
180.39999999999998 -110.69999999999999 0.0
180.39999999999998 -110.69999999999999 20.1
180.39999999999998 -110.69999999999999 40.2
180.39999999999998 -110.69999999999999 60.300000000000004
180.39999999999998 -110.69999999999999 80.4
180.39999999999998 -110.69999999999999 100.5
180.39999999999998 -110.69999999999999 120.60000000000001
180.39999999999998 -106.6 -120.60000000000001
180.39999999999998 -106.6 -100.5
180.39999999999998 -106.6 -80.4
180.39999999999998 -106.6 -60.300000000000004
180.39999999999998 -106.6 -40.2
180.39999999999998 -106.6 -20.1
180.39999999999998 -106.6 0.0
180.39999999999998 -106.6 20.1
180.39999999999998 -106.6 40.2
180.39999999999998 -106.6 60.300000000000004
180.39999999999998 -106.6 80.4
180.39999999999998 -106.6 100.5
180.39999999999998 -106.6 120.60000000000001
180.39999999999998 -102.49999999999999 -120.60000000000001
180.39999999999998 -102.49999999999999 -100.5
180.39999999999998 -102.49999999999999 -80.4
180.39999999999998 -102.49999999999999 -60.300000000000004
180.39999999999998 -102.49999999999999 -40.2
180.39999999999998 -102.49999999999999 -20.1
180.39999999999998 -102.49999999999999 0.0
180.39999999999998 -102.49999999999999 20.1
180.39999999999998 -102.49999999999999 40.2
180.39999999999998 -102.49999999999999 60.300000000000004
180.39999999999998 -102.49999999999999 80.4
180.39999999999998 -102.49999999999999 100.5
180.39999999999998 -102.49999999999999 120.60000000000001
180.39999999999998 -98.39999999999999 -120.60000000000001
180.39999999999998 -98.39999999999999 -100.5
180.39999999999998 -98.39999999999999 -80.4
180.39999999999998 -98.39999999999999 -60.300000000000004
180.39999999999998 -98.39999999999999 -40.2
180.39999999999998 -98.39999999999999 -20.1
180.39999999999998 -98.39999999999999 0.0
180.39999999999998 -98.39999999999999 20.1
180.39999999999998 -98.39999999999999 40.2
180.39999999999998 -98.39999999999999 60.300000000000004
180.39999999999998 -98.39999999999999 80.4
180.39999999999998 -98.39999999999999 100.5
180.39999999999998 -98.39999999999999 120.60000000000001
180.39999999999998 -94.3 -120.60000000000001
180.39999999999998 -94.3 -100.5
180.39999999999998 -94.3 -80.4
180.39999999999998 -94.3 -60.300000000000004
180.39999999999998 -94.3 -40.2
180.39999999999998 -94.3 -20.1
180.39999999999998 -94.3 0.0
180.39999999999998 -94.3 20.1
180.39999999999998 -94.3 40.2
180.39999999999998 -94.3 60.300000000000004
180.39999999999998 -94.3 80.4
180.39999999999998 -94.3 100.5
180.39999999999998 -94.3 120.60000000000001
180.39999999999998 -90.19999999999999 -120.60000000000001
180.39999999999998 -90.19999999999999 -100.5
180.39999999999998 -90.19999999999999 -80.4
180.39999999999998 -90.19999999999999 -60.300000000000004
180.39999999999998 -90.19999999999999 -40.2
180.39999999999998 -90.19999999999999 -20.1
180.39999999999998 -90.19999999999999 0.0
180.39999999999998 -90.19999999999999 20.1
180.39999999999998 -90.19999999999999 40.2
180.39999999999998 -90.19999999999999 60.300000000000004
180.39999999999998 -90.19999999999999 80.4
180.39999999999998 -90.19999999999999 100.5
180.39999999999998 -90.19999999999999 120.60000000000001
180.39999999999998 -86.1 -120.60000000000001
180.39999999999998 -86.1 -100.5
180.39999999999998 -86.1 -80.4
180.39999999999998 -86.1 -60.300000000000004
180.39999999999998 -86.1 -40.2
180.39999999999998 -86.1 -20.1
180.39999999999998 -86.1 0.0
180.39999999999998 -86.1 20.1
180.39999999999998 -86.1 40.2
180.39999999999998 -86.1 60.300000000000004
180.39999999999998 -86.1 80.4
180.39999999999998 -86.1 100.5
180.39999999999998 -86.1 120.60000000000001
180.39999999999998 -82.0 -120.60000000000001
180.39999999999998 -82.0 -100.5
180.39999999999998 -82.0 -80.4
180.39999999999998 -82.0 -60.300000000000004
180.39999999999998 -82.0 -40.2
180.39999999999998 -82.0 -20.1
180.39999999999998 -82.0 0.0
180.39999999999998 -82.0 20.1
180.39999999999998 -82.0 40.2
180.39999999999998 -82.0 60.300000000000004
180.39999999999998 -82.0 80.4
180.39999999999998 -82.0 100.5
180.39999999999998 -82.0 120.60000000000001
180.39999999999998 -77.89999999999999 -120.60000000000001
180.39999999999998 -77.89999999999999 -100.5
180.39999999999998 -77.89999999999999 -80.4
180.39999999999998 -77.89999999999999 -60.300000000000004
180.39999999999998 -77.89999999999999 -40.2
180.39999999999998 -77.89999999999999 -20.1
180.39999999999998 -77.89999999999999 0.0
180.39999999999998 -77.89999999999999 20.1
180.39999999999998 -77.89999999999999 40.2
180.39999999999998 -77.89999999999999 60.300000000000004
180.39999999999998 -77.89999999999999 80.4
180.39999999999998 -77.89999999999999 100.5
180.39999999999998 -77.89999999999999 120.60000000000001
180.39999999999998 -73.8 -120.60000000000001
180.39999999999998 -73.8 -100.5
180.39999999999998 -73.8 -80.4
180.39999999999998 -73.8 -60.300000000000004
180.39999999999998 -73.8 -40.2
180.39999999999998 -73.8 -20.1
180.39999999999998 -73.8 0.0
180.39999999999998 -73.8 20.1
180.39999999999998 -73.8 40.2
180.39999999999998 -73.8 60.300000000000004
180.39999999999998 -73.8 80.4
180.39999999999998 -73.8 100.5
180.39999999999998 -73.8 120.60000000000001
180.39999999999998 -69.69999999999999 -120.60000000000001
180.39999999999998 -69.69999999999999 -100.5
180.39999999999998 -69.69999999999999 -80.4
180.39999999999998 -69.69999999999999 -60.300000000000004
180.39999999999998 -69.69999999999999 -40.2
180.39999999999998 -69.69999999999999 -20.1
180.39999999999998 -69.69999999999999 0.0
180.39999999999998 -69.69999999999999 20.1
180.39999999999998 -69.69999999999999 40.2
180.39999999999998 -69.69999999999999 60.300000000000004
180.39999999999998 -69.69999999999999 80.4
180.39999999999998 -69.69999999999999 100.5
180.39999999999998 -69.69999999999999 120.60000000000001
180.39999999999998 -65.6 -120.60000000000001
180.39999999999998 -65.6 -100.5
180.39999999999998 -65.6 -80.4
180.39999999999998 -65.6 -60.300000000000004
180.39999999999998 -65.6 -40.2
180.39999999999998 -65.6 -20.1
180.39999999999998 -65.6 0.0
180.39999999999998 -65.6 20.1
180.39999999999998 -65.6 40.2
180.39999999999998 -65.6 60.300000000000004
180.39999999999998 -65.6 80.4
180.39999999999998 -65.6 100.5
180.39999999999998 -65.6 120.60000000000001
180.39999999999998 -61.49999999999999 -120.60000000000001
180.39999999999998 -61.49999999999999 -100.5
180.39999999999998 -61.49999999999999 -80.4
180.39999999999998 -61.49999999999999 -60.300000000000004
180.39999999999998 -61.49999999999999 -40.2
180.39999999999998 -61.49999999999999 -20.1
180.39999999999998 -61.49999999999999 0.0
180.39999999999998 -61.49999999999999 20.1
180.39999999999998 -61.49999999999999 40.2
180.39999999999998 -61.49999999999999 60.300000000000004
180.39999999999998 -61.49999999999999 80.4
180.39999999999998 -61.49999999999999 100.5
180.39999999999998 -61.49999999999999 120.60000000000001
180.39999999999998 -57.39999999999999 -120.60000000000001
180.39999999999998 -57.39999999999999 -100.5
180.39999999999998 -57.39999999999999 -80.4
180.39999999999998 -57.39999999999999 -60.300000000000004
180.39999999999998 -57.39999999999999 -40.2
180.39999999999998 -57.39999999999999 -20.1
180.39999999999998 -57.39999999999999 0.0
180.39999999999998 -57.39999999999999 20.1
180.39999999999998 -57.39999999999999 40.2
180.39999999999998 -57.39999999999999 60.300000000000004
180.39999999999998 -57.39999999999999 80.4
180.39999999999998 -57.39999999999999 100.5
180.39999999999998 -57.39999999999999 120.60000000000001
180.39999999999998 57.39999999999999 -120.60000000000001
180.39999999999998 57.39999999999999 -100.5
180.39999999999998 57.39999999999999 -80.4
180.39999999999998 57.39999999999999 -60.300000000000004
180.39999999999998 57.39999999999999 -40.2
180.39999999999998 57.39999999999999 -20.1
180.39999999999998 57.39999999999999 0.0
180.39999999999998 57.39999999999999 20.1
180.39999999999998 57.39999999999999 40.2
180.39999999999998 57.39999999999999 60.300000000000004
180.39999999999998 57.39999999999999 80.4
180.39999999999998 57.39999999999999 100.5
180.39999999999998 57.39999999999999 120.60000000000001
180.39999999999998 61.49999999999999 -120.60000000000001
180.39999999999998 61.49999999999999 -100.5
180.39999999999998 61.49999999999999 -80.4
180.39999999999998 61.49999999999999 -60.300000000000004
180.39999999999998 61.49999999999999 -40.2
180.39999999999998 61.49999999999999 -20.1
180.39999999999998 61.49999999999999 0.0
180.39999999999998 61.49999999999999 20.1
180.39999999999998 61.49999999999999 40.2
180.39999999999998 61.49999999999999 60.300000000000004
180.39999999999998 61.49999999999999 80.4
180.39999999999998 61.49999999999999 100.5
180.39999999999998 61.49999999999999 120.60000000000001
180.39999999999998 65.6 -120.60000000000001
180.39999999999998 65.6 -100.5
180.39999999999998 65.6 -80.4
180.39999999999998 65.6 -60.300000000000004
180.39999999999998 65.6 -40.2
180.39999999999998 65.6 -20.1
180.39999999999998 65.6 0.0
180.39999999999998 65.6 20.1
180.39999999999998 65.6 40.2
180.39999999999998 65.6 60.300000000000004
180.39999999999998 65.6 80.4
180.39999999999998 65.6 100.5
180.39999999999998 65.6 120.60000000000001
180.39999999999998 69.69999999999999 -120.60000000000001
180.39999999999998 69.69999999999999 -100.5
180.39999999999998 69.69999999999999 -80.4
180.39999999999998 69.69999999999999 -60.300000000000004
180.39999999999998 69.69999999999999 -40.2
180.39999999999998 69.69999999999999 -20.1
180.39999999999998 69.69999999999999 0.0
180.39999999999998 69.69999999999999 20.1
180.39999999999998 69.69999999999999 40.2
180.39999999999998 69.69999999999999 60.300000000000004
180.39999999999998 69.69999999999999 80.4
180.39999999999998 69.69999999999999 100.5
180.39999999999998 69.69999999999999 120.60000000000001
180.39999999999998 73.8 -120.60000000000001
180.39999999999998 73.8 -100.5
180.39999999999998 73.8 -80.4
180.39999999999998 73.8 -60.300000000000004
180.39999999999998 73.8 -40.2
180.39999999999998 73.8 -20.1
180.39999999999998 73.8 0.0
180.39999999999998 73.8 20.1
180.39999999999998 73.8 40.2
180.39999999999998 73.8 60.300000000000004
180.39999999999998 73.8 80.4
180.39999999999998 73.8 100.5
180.39999999999998 73.8 120.60000000000001
180.39999999999998 77.89999999999999 -120.60000000000001
180.39999999999998 77.89999999999999 -100.5
180.39999999999998 77.89999999999999 -80.4
180.39999999999998 77.89999999999999 -60.300000000000004
180.39999999999998 77.89999999999999 -40.2
180.39999999999998 77.89999999999999 -20.1
180.39999999999998 77.89999999999999 0.0
180.39999999999998 77.89999999999999 20.1
180.39999999999998 77.89999999999999 40.2
180.39999999999998 77.89999999999999 60.300000000000004
180.39999999999998 77.89999999999999 80.4
180.39999999999998 77.89999999999999 100.5
180.39999999999998 77.89999999999999 120.60000000000001
180.39999999999998 82.0 -120.60000000000001
180.39999999999998 82.0 -100.5
180.39999999999998 82.0 -80.4
180.39999999999998 82.0 -60.300000000000004
180.39999999999998 82.0 -40.2
180.39999999999998 82.0 -20.1
180.39999999999998 82.0 0.0
180.39999999999998 82.0 20.1
180.39999999999998 82.0 40.2
180.39999999999998 82.0 60.300000000000004
180.39999999999998 82.0 80.4
180.39999999999998 82.0 100.5
180.39999999999998 82.0 120.60000000000001
180.39999999999998 86.1 -120.60000000000001
180.39999999999998 86.1 -100.5
180.39999999999998 86.1 -80.4
180.39999999999998 86.1 -60.300000000000004
180.39999999999998 86.1 -40.2
180.39999999999998 86.1 -20.1
180.39999999999998 86.1 0.0
180.39999999999998 86.1 20.1
180.39999999999998 86.1 40.2
180.39999999999998 86.1 60.300000000000004
180.39999999999998 86.1 80.4
180.39999999999998 86.1 100.5
180.39999999999998 86.1 120.60000000000001
180.39999999999998 90.19999999999999 -120.60000000000001
180.39999999999998 90.19999999999999 -100.5
180.39999999999998 90.19999999999999 -80.4
180.39999999999998 90.19999999999999 -60.300000000000004
180.39999999999998 90.19999999999999 -40.2
180.39999999999998 90.19999999999999 -20.1
180.39999999999998 90.19999999999999 0.0
180.39999999999998 90.19999999999999 20.1
180.39999999999998 90.19999999999999 40.2
180.39999999999998 90.19999999999999 60.300000000000004
180.39999999999998 90.19999999999999 80.4
180.39999999999998 90.19999999999999 100.5
180.39999999999998 90.19999999999999 120.60000000000001
180.39999999999998 94.3 -120.60000000000001
180.39999999999998 94.3 -100.5
180.39999999999998 94.3 -80.4
180.39999999999998 94.3 -60.300000000000004
180.39999999999998 94.3 -40.2
180.39999999999998 94.3 -20.1
180.39999999999998 94.3 0.0
180.39999999999998 94.3 20.1
180.39999999999998 94.3 40.2
180.39999999999998 94.3 60.300000000000004
180.39999999999998 94.3 80.4
180.39999999999998 94.3 100.5
180.39999999999998 94.3 120.60000000000001
180.39999999999998 98.39999999999999 -120.60000000000001
180.39999999999998 98.39999999999999 -100.5
180.39999999999998 98.39999999999999 -80.4
180.39999999999998 98.39999999999999 -60.300000000000004
180.39999999999998 98.39999999999999 -40.2
180.39999999999998 98.39999999999999 -20.1
180.39999999999998 98.39999999999999 0.0
180.39999999999998 98.39999999999999 20.1
180.39999999999998 98.39999999999999 40.2
180.39999999999998 98.39999999999999 60.300000000000004
180.39999999999998 98.39999999999999 80.4
180.39999999999998 98.39999999999999 100.5
180.39999999999998 98.39999999999999 120.60000000000001
180.39999999999998 102.49999999999999 -120.60000000000001
180.39999999999998 102.49999999999999 -100.5
180.39999999999998 102.49999999999999 -80.4
180.39999999999998 102.49999999999999 -60.300000000000004
180.39999999999998 102.49999999999999 -40.2
180.39999999999998 102.49999999999999 -20.1
180.39999999999998 102.49999999999999 0.0
180.39999999999998 102.49999999999999 20.1
180.39999999999998 102.49999999999999 40.2
180.39999999999998 102.49999999999999 60.300000000000004
180.39999999999998 102.49999999999999 80.4
180.39999999999998 102.49999999999999 100.5
180.39999999999998 102.49999999999999 120.60000000000001
180.39999999999998 106.6 -120.60000000000001
180.39999999999998 106.6 -100.5
180.39999999999998 106.6 -80.4
180.39999999999998 106.6 -60.300000000000004
180.39999999999998 106.6 -40.2
180.39999999999998 106.6 -20.1
180.39999999999998 106.6 0.0
180.39999999999998 106.6 20.1
180.39999999999998 106.6 40.2
180.39999999999998 106.6 60.300000000000004
180.39999999999998 106.6 80.4
180.39999999999998 106.6 100.5
180.39999999999998 106.6 120.60000000000001
180.39999999999998 110.69999999999999 -120.60000000000001
180.39999999999998 110.69999999999999 -100.5
180.39999999999998 110.69999999999999 -80.4
180.39999999999998 110.69999999999999 -60.300000000000004
180.39999999999998 110.69999999999999 -40.2
180.39999999999998 110.69999999999999 -20.1
180.39999999999998 110.69999999999999 0.0
180.39999999999998 110.69999999999999 20.1
180.39999999999998 110.69999999999999 40.2
180.39999999999998 110.69999999999999 60.300000000000004
180.39999999999998 110.69999999999999 80.4
180.39999999999998 110.69999999999999 100.5
180.39999999999998 110.69999999999999 120.60000000000001
180.39999999999998 114.79999999999998 -120.60000000000001
180.39999999999998 114.79999999999998 -100.5
180.39999999999998 114.79999999999998 -80.4
180.39999999999998 114.79999999999998 -60.300000000000004
180.39999999999998 114.79999999999998 -40.2
180.39999999999998 114.79999999999998 -20.1
180.39999999999998 114.79999999999998 0.0
180.39999999999998 114.79999999999998 20.1
180.39999999999998 114.79999999999998 40.2
180.39999999999998 114.79999999999998 60.300000000000004
180.39999999999998 114.79999999999998 80.4
180.39999999999998 114.79999999999998 100.5
180.39999999999998 114.79999999999998 120.60000000000001
180.39999999999998 118.89999999999999 -120.60000000000001
180.39999999999998 118.89999999999999 -100.5
180.39999999999998 118.89999999999999 -80.4
180.39999999999998 118.89999999999999 -60.300000000000004
180.39999999999998 118.89999999999999 -40.2
180.39999999999998 118.89999999999999 -20.1
180.39999999999998 118.89999999999999 0.0
180.39999999999998 118.89999999999999 20.1
180.39999999999998 118.89999999999999 40.2
180.39999999999998 118.89999999999999 60.300000000000004
180.39999999999998 118.89999999999999 80.4
180.39999999999998 118.89999999999999 100.5
180.39999999999998 118.89999999999999 120.60000000000001
184.49999999999997 -110.69999999999999 -120.60000000000001
184.49999999999997 -110.69999999999999 -100.5
184.49999999999997 -110.69999999999999 -80.4
184.49999999999997 -110.69999999999999 -60.300000000000004
184.49999999999997 -110.69999999999999 -40.2
184.49999999999997 -110.69999999999999 -20.1
184.49999999999997 -110.69999999999999 0.0
184.49999999999997 -110.69999999999999 20.1
184.49999999999997 -110.69999999999999 40.2
184.49999999999997 -110.69999999999999 60.300000000000004
184.49999999999997 -110.69999999999999 80.4
184.49999999999997 -110.69999999999999 100.5
184.49999999999997 -110.69999999999999 120.60000000000001
184.49999999999997 -106.6 -120.60000000000001
184.49999999999997 -106.6 -100.5
184.49999999999997 -106.6 -80.4
184.49999999999997 -106.6 -60.300000000000004
184.49999999999997 -106.6 -40.2
184.49999999999997 -106.6 -20.1
184.49999999999997 -106.6 0.0
184.49999999999997 -106.6 20.1
184.49999999999997 -106.6 40.2
184.49999999999997 -106.6 60.300000000000004
184.49999999999997 -106.6 80.4
184.49999999999997 -106.6 100.5
184.49999999999997 -106.6 120.60000000000001
184.49999999999997 -102.49999999999999 -120.60000000000001
184.49999999999997 -102.49999999999999 -100.5
184.49999999999997 -102.49999999999999 -80.4
184.49999999999997 -102.49999999999999 -60.300000000000004
184.49999999999997 -102.49999999999999 -40.2
184.49999999999997 -102.49999999999999 -20.1
184.49999999999997 -102.49999999999999 0.0
184.49999999999997 -102.49999999999999 20.1
184.49999999999997 -102.49999999999999 40.2
184.49999999999997 -102.49999999999999 60.300000000000004
184.49999999999997 -102.49999999999999 80.4
184.49999999999997 -102.49999999999999 100.5
184.49999999999997 -102.49999999999999 120.60000000000001
184.49999999999997 -98.39999999999999 -120.60000000000001
184.49999999999997 -98.39999999999999 -100.5
184.49999999999997 -98.39999999999999 -80.4
184.49999999999997 -98.39999999999999 -60.300000000000004
184.49999999999997 -98.39999999999999 -40.2
184.49999999999997 -98.39999999999999 -20.1
184.49999999999997 -98.39999999999999 0.0
184.49999999999997 -98.39999999999999 20.1
184.49999999999997 -98.39999999999999 40.2
184.49999999999997 -98.39999999999999 60.300000000000004
184.49999999999997 -98.39999999999999 80.4
184.49999999999997 -98.39999999999999 100.5
184.49999999999997 -98.39999999999999 120.60000000000001
184.49999999999997 -94.3 -120.60000000000001
184.49999999999997 -94.3 -100.5
184.49999999999997 -94.3 -80.4
184.49999999999997 -94.3 -60.300000000000004
184.49999999999997 -94.3 -40.2
184.49999999999997 -94.3 -20.1
184.49999999999997 -94.3 0.0
184.49999999999997 -94.3 20.1
184.49999999999997 -94.3 40.2
184.49999999999997 -94.3 60.300000000000004
184.49999999999997 -94.3 80.4
184.49999999999997 -94.3 100.5
184.49999999999997 -94.3 120.60000000000001
184.49999999999997 -90.19999999999999 -120.60000000000001
184.49999999999997 -90.19999999999999 -100.5
184.49999999999997 -90.19999999999999 -80.4
184.49999999999997 -90.19999999999999 -60.300000000000004
184.49999999999997 -90.19999999999999 -40.2
184.49999999999997 -90.19999999999999 -20.1
184.49999999999997 -90.19999999999999 0.0
184.49999999999997 -90.19999999999999 20.1
184.49999999999997 -90.19999999999999 40.2
184.49999999999997 -90.19999999999999 60.300000000000004
184.49999999999997 -90.19999999999999 80.4
184.49999999999997 -90.19999999999999 100.5
184.49999999999997 -90.19999999999999 120.60000000000001
184.49999999999997 -86.1 -120.60000000000001
184.49999999999997 -86.1 -100.5
184.49999999999997 -86.1 -80.4
184.49999999999997 -86.1 -60.300000000000004
184.49999999999997 -86.1 -40.2
184.49999999999997 -86.1 -20.1
184.49999999999997 -86.1 0.0
184.49999999999997 -86.1 20.1
184.49999999999997 -86.1 40.2
184.49999999999997 -86.1 60.300000000000004
184.49999999999997 -86.1 80.4
184.49999999999997 -86.1 100.5
184.49999999999997 -86.1 120.60000000000001
184.49999999999997 -82.0 -120.60000000000001
184.49999999999997 -82.0 -100.5
184.49999999999997 -82.0 -80.4
184.49999999999997 -82.0 -60.300000000000004
184.49999999999997 -82.0 -40.2
184.49999999999997 -82.0 -20.1
184.49999999999997 -82.0 0.0
184.49999999999997 -82.0 20.1
184.49999999999997 -82.0 40.2
184.49999999999997 -82.0 60.300000000000004
184.49999999999997 -82.0 80.4
184.49999999999997 -82.0 100.5
184.49999999999997 -82.0 120.60000000000001
184.49999999999997 -77.89999999999999 -120.60000000000001
184.49999999999997 -77.89999999999999 -100.5
184.49999999999997 -77.89999999999999 -80.4
184.49999999999997 -77.89999999999999 -60.300000000000004
184.49999999999997 -77.89999999999999 -40.2
184.49999999999997 -77.89999999999999 -20.1
184.49999999999997 -77.89999999999999 0.0
184.49999999999997 -77.89999999999999 20.1
184.49999999999997 -77.89999999999999 40.2
184.49999999999997 -77.89999999999999 60.300000000000004
184.49999999999997 -77.89999999999999 80.4
184.49999999999997 -77.89999999999999 100.5
184.49999999999997 -77.89999999999999 120.60000000000001
184.49999999999997 -73.8 -120.60000000000001
184.49999999999997 -73.8 -100.5
184.49999999999997 -73.8 -80.4
184.49999999999997 -73.8 -60.300000000000004
184.49999999999997 -73.8 -40.2
184.49999999999997 -73.8 -20.1
184.49999999999997 -73.8 0.0
184.49999999999997 -73.8 20.1
184.49999999999997 -73.8 40.2
184.49999999999997 -73.8 60.300000000000004
184.49999999999997 -73.8 80.4
184.49999999999997 -73.8 100.5
184.49999999999997 -73.8 120.60000000000001
184.49999999999997 -69.69999999999999 -120.60000000000001
184.49999999999997 -69.69999999999999 -100.5
184.49999999999997 -69.69999999999999 -80.4
184.49999999999997 -69.69999999999999 -60.300000000000004
184.49999999999997 -69.69999999999999 -40.2
184.49999999999997 -69.69999999999999 -20.1
184.49999999999997 -69.69999999999999 0.0
184.49999999999997 -69.69999999999999 20.1
184.49999999999997 -69.69999999999999 40.2
184.49999999999997 -69.69999999999999 60.300000000000004
184.49999999999997 -69.69999999999999 80.4
184.49999999999997 -69.69999999999999 100.5
184.49999999999997 -69.69999999999999 120.60000000000001
184.49999999999997 -65.6 -120.60000000000001
184.49999999999997 -65.6 -100.5
184.49999999999997 -65.6 -80.4
184.49999999999997 -65.6 -60.300000000000004
184.49999999999997 -65.6 -40.2
184.49999999999997 -65.6 -20.1
184.49999999999997 -65.6 0.0
184.49999999999997 -65.6 20.1
184.49999999999997 -65.6 40.2
184.49999999999997 -65.6 60.300000000000004
184.49999999999997 -65.6 80.4
184.49999999999997 -65.6 100.5
184.49999999999997 -65.6 120.60000000000001
184.49999999999997 -61.49999999999999 -120.60000000000001
184.49999999999997 -61.49999999999999 -100.5
184.49999999999997 -61.49999999999999 -80.4
184.49999999999997 -61.49999999999999 -60.300000000000004
184.49999999999997 -61.49999999999999 -40.2
184.49999999999997 -61.49999999999999 -20.1
184.49999999999997 -61.49999999999999 0.0
184.49999999999997 -61.49999999999999 20.1
184.49999999999997 -61.49999999999999 40.2
184.49999999999997 -61.49999999999999 60.300000000000004
184.49999999999997 -61.49999999999999 80.4
184.49999999999997 -61.49999999999999 100.5
184.49999999999997 -61.49999999999999 120.60000000000001
184.49999999999997 -57.39999999999999 -120.60000000000001
184.49999999999997 -57.39999999999999 -100.5
184.49999999999997 -57.39999999999999 -80.4
184.49999999999997 -57.39999999999999 -60.300000000000004
184.49999999999997 -57.39999999999999 -40.2
184.49999999999997 -57.39999999999999 -20.1
184.49999999999997 -57.39999999999999 0.0
184.49999999999997 -57.39999999999999 20.1
184.49999999999997 -57.39999999999999 40.2
184.49999999999997 -57.39999999999999 60.300000000000004
184.49999999999997 -57.39999999999999 80.4
184.49999999999997 -57.39999999999999 100.5
184.49999999999997 -57.39999999999999 120.60000000000001
184.49999999999997 -53.3 -120.60000000000001
184.49999999999997 -53.3 -100.5
184.49999999999997 -53.3 -80.4
184.49999999999997 -53.3 -60.300000000000004
184.49999999999997 -53.3 -40.2
184.49999999999997 -53.3 -20.1
184.49999999999997 -53.3 0.0
184.49999999999997 -53.3 20.1
184.49999999999997 -53.3 40.2
184.49999999999997 -53.3 60.300000000000004
184.49999999999997 -53.3 80.4
184.49999999999997 -53.3 100.5
184.49999999999997 -53.3 120.60000000000001
184.49999999999997 -49.199999999999996 -120.60000000000001
184.49999999999997 -49.199999999999996 -100.5
184.49999999999997 -49.199999999999996 -80.4
184.49999999999997 -49.199999999999996 -60.300000000000004
184.49999999999997 -49.199999999999996 -40.2
184.49999999999997 -49.199999999999996 -20.1
184.49999999999997 -49.199999999999996 0.0
184.49999999999997 -49.199999999999996 20.1
184.49999999999997 -49.199999999999996 40.2
184.49999999999997 -49.199999999999996 60.300000000000004
184.49999999999997 -49.199999999999996 80.4
184.49999999999997 -49.199999999999996 100.5
184.49999999999997 -49.199999999999996 120.60000000000001
184.49999999999997 -45.099999999999994 -120.60000000000001
184.49999999999997 -45.099999999999994 -100.5
184.49999999999997 -45.099999999999994 -80.4
184.49999999999997 -45.099999999999994 -60.300000000000004
184.49999999999997 -45.099999999999994 -40.2
184.49999999999997 -45.099999999999994 -20.1
184.49999999999997 -45.099999999999994 0.0
184.49999999999997 -45.099999999999994 20.1
184.49999999999997 -45.099999999999994 40.2
184.49999999999997 -45.099999999999994 60.300000000000004
184.49999999999997 -45.099999999999994 80.4
184.49999999999997 -45.099999999999994 100.5
184.49999999999997 -45.099999999999994 120.60000000000001
184.49999999999997 -41.0 -120.60000000000001
184.49999999999997 -41.0 -100.5
184.49999999999997 -41.0 -80.4
184.49999999999997 -41.0 -60.300000000000004
184.49999999999997 -41.0 -40.2
184.49999999999997 -41.0 -20.1
184.49999999999997 -41.0 0.0
184.49999999999997 -41.0 20.1
184.49999999999997 -41.0 40.2
184.49999999999997 -41.0 60.300000000000004
184.49999999999997 -41.0 80.4
184.49999999999997 -41.0 100.5
184.49999999999997 -41.0 120.60000000000001
184.49999999999997 41.0 -120.60000000000001
184.49999999999997 41.0 -100.5
184.49999999999997 41.0 -80.4
184.49999999999997 41.0 -60.300000000000004
184.49999999999997 41.0 -40.2
184.49999999999997 41.0 -20.1
184.49999999999997 41.0 0.0
184.49999999999997 41.0 20.1
184.49999999999997 41.0 40.2
184.49999999999997 41.0 60.300000000000004
184.49999999999997 41.0 80.4
184.49999999999997 41.0 100.5
184.49999999999997 41.0 120.60000000000001
184.49999999999997 45.099999999999994 -120.60000000000001
184.49999999999997 45.099999999999994 -100.5
184.49999999999997 45.099999999999994 -80.4
184.49999999999997 45.099999999999994 -60.300000000000004
184.49999999999997 45.099999999999994 -40.2
184.49999999999997 45.099999999999994 -20.1
184.49999999999997 45.099999999999994 0.0
184.49999999999997 45.099999999999994 20.1
184.49999999999997 45.099999999999994 40.2
184.49999999999997 45.099999999999994 60.300000000000004
184.49999999999997 45.099999999999994 80.4
184.49999999999997 45.099999999999994 100.5
184.49999999999997 45.099999999999994 120.60000000000001
184.49999999999997 49.199999999999996 -120.60000000000001
184.49999999999997 49.199999999999996 -100.5
184.49999999999997 49.199999999999996 -80.4
184.49999999999997 49.199999999999996 -60.300000000000004
184.49999999999997 49.199999999999996 -40.2
184.49999999999997 49.199999999999996 -20.1
184.49999999999997 49.199999999999996 0.0
184.49999999999997 49.199999999999996 20.1
184.49999999999997 49.199999999999996 40.2
184.49999999999997 49.199999999999996 60.300000000000004
184.49999999999997 49.199999999999996 80.4
184.49999999999997 49.199999999999996 100.5
184.49999999999997 49.199999999999996 120.60000000000001
184.49999999999997 53.3 -120.60000000000001
184.49999999999997 53.3 -100.5
184.49999999999997 53.3 -80.4
184.49999999999997 53.3 -60.300000000000004
184.49999999999997 53.3 -40.2
184.49999999999997 53.3 -20.1
184.49999999999997 53.3 0.0
184.49999999999997 53.3 20.1
184.49999999999997 53.3 40.2
184.49999999999997 53.3 60.300000000000004
184.49999999999997 53.3 80.4
184.49999999999997 53.3 100.5
184.49999999999997 53.3 120.60000000000001
184.49999999999997 57.39999999999999 -120.60000000000001
184.49999999999997 57.39999999999999 -100.5
184.49999999999997 57.39999999999999 -80.4
184.49999999999997 57.39999999999999 -60.300000000000004
184.49999999999997 57.39999999999999 -40.2
184.49999999999997 57.39999999999999 -20.1
184.49999999999997 57.39999999999999 0.0
184.49999999999997 57.39999999999999 20.1
184.49999999999997 57.39999999999999 40.2
184.49999999999997 57.39999999999999 60.300000000000004
184.49999999999997 57.39999999999999 80.4
184.49999999999997 57.39999999999999 100.5
184.49999999999997 57.39999999999999 120.60000000000001
184.49999999999997 61.49999999999999 -120.60000000000001
184.49999999999997 61.49999999999999 -100.5
184.49999999999997 61.49999999999999 -80.4
184.49999999999997 61.49999999999999 -60.300000000000004
184.49999999999997 61.49999999999999 -40.2
184.49999999999997 61.49999999999999 -20.1
184.49999999999997 61.49999999999999 0.0
184.49999999999997 61.49999999999999 20.1
184.49999999999997 61.49999999999999 40.2
184.49999999999997 61.49999999999999 60.300000000000004
184.49999999999997 61.49999999999999 80.4
184.49999999999997 61.49999999999999 100.5
184.49999999999997 61.49999999999999 120.60000000000001
184.49999999999997 65.6 -120.60000000000001
184.49999999999997 65.6 -100.5
184.49999999999997 65.6 -80.4
184.49999999999997 65.6 -60.300000000000004
184.49999999999997 65.6 -40.2
184.49999999999997 65.6 -20.1
184.49999999999997 65.6 0.0
184.49999999999997 65.6 20.1
184.49999999999997 65.6 40.2
184.49999999999997 65.6 60.300000000000004
184.49999999999997 65.6 80.4
184.49999999999997 65.6 100.5
184.49999999999997 65.6 120.60000000000001
184.49999999999997 69.69999999999999 -120.60000000000001
184.49999999999997 69.69999999999999 -100.5
184.49999999999997 69.69999999999999 -80.4
184.49999999999997 69.69999999999999 -60.300000000000004
184.49999999999997 69.69999999999999 -40.2
184.49999999999997 69.69999999999999 -20.1
184.49999999999997 69.69999999999999 0.0
184.49999999999997 69.69999999999999 20.1
184.49999999999997 69.69999999999999 40.2
184.49999999999997 69.69999999999999 60.300000000000004
184.49999999999997 69.69999999999999 80.4
184.49999999999997 69.69999999999999 100.5
184.49999999999997 69.69999999999999 120.60000000000001
184.49999999999997 73.8 -120.60000000000001
184.49999999999997 73.8 -100.5
184.49999999999997 73.8 -80.4
184.49999999999997 73.8 -60.300000000000004
184.49999999999997 73.8 -40.2
184.49999999999997 73.8 -20.1
184.49999999999997 73.8 0.0
184.49999999999997 73.8 20.1
184.49999999999997 73.8 40.2
184.49999999999997 73.8 60.300000000000004
184.49999999999997 73.8 80.4
184.49999999999997 73.8 100.5
184.49999999999997 73.8 120.60000000000001
184.49999999999997 77.89999999999999 -120.60000000000001
184.49999999999997 77.89999999999999 -100.5
184.49999999999997 77.89999999999999 -80.4
184.49999999999997 77.89999999999999 -60.300000000000004
184.49999999999997 77.89999999999999 -40.2
184.49999999999997 77.89999999999999 -20.1
184.49999999999997 77.89999999999999 0.0
184.49999999999997 77.89999999999999 20.1
184.49999999999997 77.89999999999999 40.2
184.49999999999997 77.89999999999999 60.300000000000004
184.49999999999997 77.89999999999999 80.4
184.49999999999997 77.89999999999999 100.5
184.49999999999997 77.89999999999999 120.60000000000001
184.49999999999997 82.0 -120.60000000000001
184.49999999999997 82.0 -100.5
184.49999999999997 82.0 -80.4
184.49999999999997 82.0 -60.300000000000004
184.49999999999997 82.0 -40.2
184.49999999999997 82.0 -20.1
184.49999999999997 82.0 0.0
184.49999999999997 82.0 20.1
184.49999999999997 82.0 40.2
184.49999999999997 82.0 60.300000000000004
184.49999999999997 82.0 80.4
184.49999999999997 82.0 100.5
184.49999999999997 82.0 120.60000000000001
184.49999999999997 86.1 -120.60000000000001
184.49999999999997 86.1 -100.5
184.49999999999997 86.1 -80.4
184.49999999999997 86.1 -60.300000000000004
184.49999999999997 86.1 -40.2
184.49999999999997 86.1 -20.1
184.49999999999997 86.1 0.0
184.49999999999997 86.1 20.1
184.49999999999997 86.1 40.2
184.49999999999997 86.1 60.300000000000004
184.49999999999997 86.1 80.4
184.49999999999997 86.1 100.5
184.49999999999997 86.1 120.60000000000001
184.49999999999997 90.19999999999999 -120.60000000000001
184.49999999999997 90.19999999999999 -100.5
184.49999999999997 90.19999999999999 -80.4
184.49999999999997 90.19999999999999 -60.300000000000004
184.49999999999997 90.19999999999999 -40.2
184.49999999999997 90.19999999999999 -20.1
184.49999999999997 90.19999999999999 0.0
184.49999999999997 90.19999999999999 20.1
184.49999999999997 90.19999999999999 40.2
184.49999999999997 90.19999999999999 60.300000000000004
184.49999999999997 90.19999999999999 80.4
184.49999999999997 90.19999999999999 100.5
184.49999999999997 90.19999999999999 120.60000000000001
184.49999999999997 94.3 -120.60000000000001
184.49999999999997 94.3 -100.5
184.49999999999997 94.3 -80.4
184.49999999999997 94.3 -60.300000000000004
184.49999999999997 94.3 -40.2
184.49999999999997 94.3 -20.1
184.49999999999997 94.3 0.0
184.49999999999997 94.3 20.1
184.49999999999997 94.3 40.2
184.49999999999997 94.3 60.300000000000004
184.49999999999997 94.3 80.4
184.49999999999997 94.3 100.5
184.49999999999997 94.3 120.60000000000001
184.49999999999997 98.39999999999999 -120.60000000000001
184.49999999999997 98.39999999999999 -100.5
184.49999999999997 98.39999999999999 -80.4
184.49999999999997 98.39999999999999 -60.300000000000004
184.49999999999997 98.39999999999999 -40.2
184.49999999999997 98.39999999999999 -20.1
184.49999999999997 98.39999999999999 0.0
184.49999999999997 98.39999999999999 20.1
184.49999999999997 98.39999999999999 40.2
184.49999999999997 98.39999999999999 60.300000000000004
184.49999999999997 98.39999999999999 80.4
184.49999999999997 98.39999999999999 100.5
184.49999999999997 98.39999999999999 120.60000000000001
184.49999999999997 102.49999999999999 -120.60000000000001
184.49999999999997 102.49999999999999 -100.5
184.49999999999997 102.49999999999999 -80.4
184.49999999999997 102.49999999999999 -60.300000000000004
184.49999999999997 102.49999999999999 -40.2
184.49999999999997 102.49999999999999 -20.1
184.49999999999997 102.49999999999999 0.0
184.49999999999997 102.49999999999999 20.1
184.49999999999997 102.49999999999999 40.2
184.49999999999997 102.49999999999999 60.300000000000004
184.49999999999997 102.49999999999999 80.4
184.49999999999997 102.49999999999999 100.5
184.49999999999997 102.49999999999999 120.60000000000001
184.49999999999997 106.6 -120.60000000000001
184.49999999999997 106.6 -100.5
184.49999999999997 106.6 -80.4
184.49999999999997 106.6 -60.300000000000004
184.49999999999997 106.6 -40.2
184.49999999999997 106.6 -20.1
184.49999999999997 106.6 0.0
184.49999999999997 106.6 20.1
184.49999999999997 106.6 40.2
184.49999999999997 106.6 60.300000000000004
184.49999999999997 106.6 80.4
184.49999999999997 106.6 100.5
184.49999999999997 106.6 120.60000000000001
184.49999999999997 110.69999999999999 -120.60000000000001
184.49999999999997 110.69999999999999 -100.5
184.49999999999997 110.69999999999999 -80.4
184.49999999999997 110.69999999999999 -60.300000000000004
184.49999999999997 110.69999999999999 -40.2
184.49999999999997 110.69999999999999 -20.1
184.49999999999997 110.69999999999999 0.0
184.49999999999997 110.69999999999999 20.1
184.49999999999997 110.69999999999999 40.2
184.49999999999997 110.69999999999999 60.300000000000004
184.49999999999997 110.69999999999999 80.4
184.49999999999997 110.69999999999999 100.5
184.49999999999997 110.69999999999999 120.60000000000001
188.6 -106.6 -120.60000000000001
188.6 -106.6 -100.5
188.6 -106.6 -80.4
188.6 -106.6 -60.300000000000004
188.6 -106.6 -40.2
188.6 -106.6 -20.1
188.6 -106.6 0.0
188.6 -106.6 20.1
188.6 -106.6 40.2
188.6 -106.6 60.300000000000004
188.6 -106.6 80.4
188.6 -106.6 100.5
188.6 -106.6 120.60000000000001
188.6 -102.49999999999999 -120.60000000000001
188.6 -102.49999999999999 -100.5
188.6 -102.49999999999999 -80.4
188.6 -102.49999999999999 -60.300000000000004
188.6 -102.49999999999999 -40.2
188.6 -102.49999999999999 -20.1
188.6 -102.49999999999999 0.0
188.6 -102.49999999999999 20.1
188.6 -102.49999999999999 40.2
188.6 -102.49999999999999 60.300000000000004
188.6 -102.49999999999999 80.4
188.6 -102.49999999999999 100.5
188.6 -102.49999999999999 120.60000000000001
188.6 -98.39999999999999 -120.60000000000001
188.6 -98.39999999999999 -100.5
188.6 -98.39999999999999 -80.4
188.6 -98.39999999999999 -60.300000000000004
188.6 -98.39999999999999 -40.2
188.6 -98.39999999999999 -20.1
188.6 -98.39999999999999 0.0
188.6 -98.39999999999999 20.1
188.6 -98.39999999999999 40.2
188.6 -98.39999999999999 60.300000000000004
188.6 -98.39999999999999 80.4
188.6 -98.39999999999999 100.5
188.6 -98.39999999999999 120.60000000000001
188.6 -94.3 -120.60000000000001
188.6 -94.3 -100.5
188.6 -94.3 -80.4
188.6 -94.3 -60.300000000000004
188.6 -94.3 -40.2
188.6 -94.3 -20.1
188.6 -94.3 0.0
188.6 -94.3 20.1
188.6 -94.3 40.2
188.6 -94.3 60.300000000000004
188.6 -94.3 80.4
188.6 -94.3 100.5
188.6 -94.3 120.60000000000001
188.6 -90.19999999999999 -120.60000000000001
188.6 -90.19999999999999 -100.5
188.6 -90.19999999999999 -80.4
188.6 -90.19999999999999 -60.300000000000004
188.6 -90.19999999999999 -40.2
188.6 -90.19999999999999 -20.1
188.6 -90.19999999999999 0.0
188.6 -90.19999999999999 20.1
188.6 -90.19999999999999 40.2
188.6 -90.19999999999999 60.300000000000004
188.6 -90.19999999999999 80.4
188.6 -90.19999999999999 100.5
188.6 -90.19999999999999 120.60000000000001
188.6 -86.1 -120.60000000000001
188.6 -86.1 -100.5
188.6 -86.1 -80.4
188.6 -86.1 -60.300000000000004
188.6 -86.1 -40.2
188.6 -86.1 -20.1
188.6 -86.1 0.0
188.6 -86.1 20.1
188.6 -86.1 40.2
188.6 -86.1 60.300000000000004
188.6 -86.1 80.4
188.6 -86.1 100.5
188.6 -86.1 120.60000000000001
188.6 -82.0 -120.60000000000001
188.6 -82.0 -100.5
188.6 -82.0 -80.4
188.6 -82.0 -60.300000000000004
188.6 -82.0 -40.2
188.6 -82.0 -20.1
188.6 -82.0 0.0
188.6 -82.0 20.1
188.6 -82.0 40.2
188.6 -82.0 60.300000000000004
188.6 -82.0 80.4
188.6 -82.0 100.5
188.6 -82.0 120.60000000000001
188.6 -77.89999999999999 -120.60000000000001
188.6 -77.89999999999999 -100.5
188.6 -77.89999999999999 -80.4
188.6 -77.89999999999999 -60.300000000000004
188.6 -77.89999999999999 -40.2
188.6 -77.89999999999999 -20.1
188.6 -77.89999999999999 0.0
188.6 -77.89999999999999 20.1
188.6 -77.89999999999999 40.2
188.6 -77.89999999999999 60.300000000000004
188.6 -77.89999999999999 80.4
188.6 -77.89999999999999 100.5
188.6 -77.89999999999999 120.60000000000001
188.6 -73.8 -120.60000000000001
188.6 -73.8 -100.5
188.6 -73.8 -80.4
188.6 -73.8 -60.300000000000004
188.6 -73.8 -40.2
188.6 -73.8 -20.1
188.6 -73.8 0.0
188.6 -73.8 20.1
188.6 -73.8 40.2
188.6 -73.8 60.300000000000004
188.6 -73.8 80.4
188.6 -73.8 100.5
188.6 -73.8 120.60000000000001
188.6 -69.69999999999999 -120.60000000000001
188.6 -69.69999999999999 -100.5
188.6 -69.69999999999999 -80.4
188.6 -69.69999999999999 -60.300000000000004
188.6 -69.69999999999999 -40.2
188.6 -69.69999999999999 -20.1
188.6 -69.69999999999999 0.0
188.6 -69.69999999999999 20.1
188.6 -69.69999999999999 40.2
188.6 -69.69999999999999 60.300000000000004
188.6 -69.69999999999999 80.4
188.6 -69.69999999999999 100.5
188.6 -69.69999999999999 120.60000000000001
188.6 -65.6 -120.60000000000001
188.6 -65.6 -100.5
188.6 -65.6 -80.4
188.6 -65.6 -60.300000000000004
188.6 -65.6 -40.2
188.6 -65.6 -20.1
188.6 -65.6 0.0
188.6 -65.6 20.1
188.6 -65.6 40.2
188.6 -65.6 60.300000000000004
188.6 -65.6 80.4
188.6 -65.6 100.5
188.6 -65.6 120.60000000000001
188.6 -61.49999999999999 -120.60000000000001
188.6 -61.49999999999999 -100.5
188.6 -61.49999999999999 -80.4
188.6 -61.49999999999999 -60.300000000000004
188.6 -61.49999999999999 -40.2
188.6 -61.49999999999999 -20.1
188.6 -61.49999999999999 0.0
188.6 -61.49999999999999 20.1
188.6 -61.49999999999999 40.2
188.6 -61.49999999999999 60.300000000000004
188.6 -61.49999999999999 80.4
188.6 -61.49999999999999 100.5
188.6 -61.49999999999999 120.60000000000001
188.6 -57.39999999999999 -120.60000000000001
188.6 -57.39999999999999 -100.5
188.6 -57.39999999999999 -80.4
188.6 -57.39999999999999 -60.300000000000004
188.6 -57.39999999999999 -40.2
188.6 -57.39999999999999 -20.1
188.6 -57.39999999999999 0.0
188.6 -57.39999999999999 20.1
188.6 -57.39999999999999 40.2
188.6 -57.39999999999999 60.300000000000004
188.6 -57.39999999999999 80.4
188.6 -57.39999999999999 100.5
188.6 -57.39999999999999 120.60000000000001
188.6 -53.3 -120.60000000000001
188.6 -53.3 -100.5
188.6 -53.3 -80.4
188.6 -53.3 -60.300000000000004
188.6 -53.3 -40.2
188.6 -53.3 -20.1
188.6 -53.3 0.0
188.6 -53.3 20.1
188.6 -53.3 40.2
188.6 -53.3 60.300000000000004
188.6 -53.3 80.4
188.6 -53.3 100.5
188.6 -53.3 120.60000000000001
188.6 -49.199999999999996 -120.60000000000001
188.6 -49.199999999999996 -100.5
188.6 -49.199999999999996 -80.4
188.6 -49.199999999999996 -60.300000000000004
188.6 -49.199999999999996 -40.2
188.6 -49.199999999999996 -20.1
188.6 -49.199999999999996 0.0
188.6 -49.199999999999996 20.1
188.6 -49.199999999999996 40.2
188.6 -49.199999999999996 60.300000000000004
188.6 -49.199999999999996 80.4
188.6 -49.199999999999996 100.5
188.6 -49.199999999999996 120.60000000000001
188.6 -45.099999999999994 -120.60000000000001
188.6 -45.099999999999994 -100.5
188.6 -45.099999999999994 -80.4
188.6 -45.099999999999994 -60.300000000000004
188.6 -45.099999999999994 -40.2
188.6 -45.099999999999994 -20.1
188.6 -45.099999999999994 0.0
188.6 -45.099999999999994 20.1
188.6 -45.099999999999994 40.2
188.6 -45.099999999999994 60.300000000000004
188.6 -45.099999999999994 80.4
188.6 -45.099999999999994 100.5
188.6 -45.099999999999994 120.60000000000001
188.6 -41.0 -120.60000000000001
188.6 -41.0 -100.5
188.6 -41.0 -80.4
188.6 -41.0 -60.300000000000004
188.6 -41.0 -40.2
188.6 -41.0 -20.1
188.6 -41.0 0.0
188.6 -41.0 20.1
188.6 -41.0 40.2
188.6 -41.0 60.300000000000004
188.6 -41.0 80.4
188.6 -41.0 100.5
188.6 -41.0 120.60000000000001
188.6 -36.9 -120.60000000000001
188.6 -36.9 -100.5
188.6 -36.9 -80.4
188.6 -36.9 -60.300000000000004
188.6 -36.9 -40.2
188.6 -36.9 -20.1
188.6 -36.9 0.0
188.6 -36.9 20.1
188.6 -36.9 40.2
188.6 -36.9 60.300000000000004
188.6 -36.9 80.4
188.6 -36.9 100.5
188.6 -36.9 120.60000000000001
188.6 -32.8 -120.60000000000001
188.6 -32.8 -100.5
188.6 -32.8 -80.4
188.6 -32.8 -60.300000000000004
188.6 -32.8 -40.2
188.6 -32.8 -20.1
188.6 -32.8 0.0
188.6 -32.8 20.1
188.6 -32.8 40.2
188.6 -32.8 60.300000000000004
188.6 -32.8 80.4
188.6 -32.8 100.5
188.6 -32.8 120.60000000000001
188.6 -28.699999999999996 -120.60000000000001
188.6 -28.699999999999996 -100.5
188.6 -28.699999999999996 -80.4
188.6 -28.699999999999996 -60.300000000000004
188.6 -28.699999999999996 -40.2
188.6 -28.699999999999996 -20.1
188.6 -28.699999999999996 0.0
188.6 -28.699999999999996 20.1
188.6 -28.699999999999996 40.2
188.6 -28.699999999999996 60.300000000000004
188.6 -28.699999999999996 80.4
188.6 -28.699999999999996 100.5
188.6 -28.699999999999996 120.60000000000001
188.6 -24.599999999999998 -120.60000000000001
188.6 -24.599999999999998 -100.5
188.6 -24.599999999999998 -80.4
188.6 -24.599999999999998 -60.300000000000004
188.6 -24.599999999999998 -40.2
188.6 -24.599999999999998 -20.1
188.6 -24.599999999999998 0.0
188.6 -24.599999999999998 20.1
188.6 -24.599999999999998 40.2
188.6 -24.599999999999998 60.300000000000004
188.6 -24.599999999999998 80.4
188.6 -24.599999999999998 100.5
188.6 -24.599999999999998 120.60000000000001
188.6 -20.5 -120.60000000000001
188.6 -20.5 -100.5
188.6 -20.5 -80.4
188.6 -20.5 -60.300000000000004
188.6 -20.5 -40.2
188.6 -20.5 -20.1
188.6 -20.5 0.0
188.6 -20.5 20.1
188.6 -20.5 40.2
188.6 -20.5 60.300000000000004
188.6 -20.5 80.4
188.6 -20.5 100.5
188.6 -20.5 120.60000000000001
188.6 -16.4 -120.60000000000001
188.6 -16.4 -100.5
188.6 -16.4 -80.4
188.6 -16.4 -60.300000000000004
188.6 -16.4 -40.2
188.6 -16.4 -20.1
188.6 -16.4 0.0
188.6 -16.4 20.1
188.6 -16.4 40.2
188.6 -16.4 60.300000000000004
188.6 -16.4 80.4
188.6 -16.4 100.5
188.6 -16.4 120.60000000000001
188.6 -12.299999999999999 -120.60000000000001
188.6 -12.299999999999999 -100.5
188.6 -12.299999999999999 -80.4
188.6 -12.299999999999999 -60.300000000000004
188.6 -12.299999999999999 -40.2
188.6 -12.299999999999999 -20.1
188.6 -12.299999999999999 0.0
188.6 -12.299999999999999 20.1
188.6 -12.299999999999999 40.2
188.6 -12.299999999999999 60.300000000000004
188.6 -12.299999999999999 80.4
188.6 -12.299999999999999 100.5
188.6 -12.299999999999999 120.60000000000001
188.6 -8.2 -120.60000000000001
188.6 -8.2 -100.5
188.6 -8.2 -80.4
188.6 -8.2 -60.300000000000004
188.6 -8.2 -40.2
188.6 -8.2 -20.1
188.6 -8.2 0.0
188.6 -8.2 20.1
188.6 -8.2 40.2
188.6 -8.2 60.300000000000004
188.6 -8.2 80.4
188.6 -8.2 100.5
188.6 -8.2 120.60000000000001
188.6 -4.1 -120.60000000000001
188.6 -4.1 -100.5
188.6 -4.1 -80.4
188.6 -4.1 -60.300000000000004
188.6 -4.1 -40.2
188.6 -4.1 -20.1
188.6 -4.1 0.0
188.6 -4.1 20.1
188.6 -4.1 40.2
188.6 -4.1 60.300000000000004
188.6 -4.1 80.4
188.6 -4.1 100.5
188.6 -4.1 120.60000000000001
188.6 0.0 -120.60000000000001
188.6 0.0 -100.5
188.6 0.0 -80.4
188.6 0.0 -60.300000000000004
188.6 0.0 -40.2
188.6 0.0 -20.1
188.6 0.0 0.0
188.6 0.0 20.1
188.6 0.0 40.2
188.6 0.0 60.300000000000004
188.6 0.0 80.4
188.6 0.0 100.5
188.6 0.0 120.60000000000001
188.6 4.1 -120.60000000000001
188.6 4.1 -100.5
188.6 4.1 -80.4
188.6 4.1 -60.300000000000004
188.6 4.1 -40.2
188.6 4.1 -20.1
188.6 4.1 0.0
188.6 4.1 20.1
188.6 4.1 40.2
188.6 4.1 60.300000000000004
188.6 4.1 80.4
188.6 4.1 100.5
188.6 4.1 120.60000000000001
188.6 8.2 -120.60000000000001
188.6 8.2 -100.5
188.6 8.2 -80.4
188.6 8.2 -60.300000000000004
188.6 8.2 -40.2
188.6 8.2 -20.1
188.6 8.2 0.0
188.6 8.2 20.1
188.6 8.2 40.2
188.6 8.2 60.300000000000004
188.6 8.2 80.4
188.6 8.2 100.5
188.6 8.2 120.60000000000001
188.6 12.299999999999999 -120.60000000000001
188.6 12.299999999999999 -100.5
188.6 12.299999999999999 -80.4
188.6 12.299999999999999 -60.300000000000004
188.6 12.299999999999999 -40.2
188.6 12.299999999999999 -20.1
188.6 12.299999999999999 0.0
188.6 12.299999999999999 20.1
188.6 12.299999999999999 40.2
188.6 12.299999999999999 60.300000000000004
188.6 12.299999999999999 80.4
188.6 12.299999999999999 100.5
188.6 12.299999999999999 120.60000000000001
188.6 16.4 -120.60000000000001
188.6 16.4 -100.5
188.6 16.4 -80.4
188.6 16.4 -60.300000000000004
188.6 16.4 -40.2
188.6 16.4 -20.1
188.6 16.4 0.0
188.6 16.4 20.1
188.6 16.4 40.2
188.6 16.4 60.300000000000004
188.6 16.4 80.4
188.6 16.4 100.5
188.6 16.4 120.60000000000001
188.6 20.5 -120.60000000000001
188.6 20.5 -100.5
188.6 20.5 -80.4
188.6 20.5 -60.300000000000004
188.6 20.5 -40.2
188.6 20.5 -20.1
188.6 20.5 0.0
188.6 20.5 20.1
188.6 20.5 40.2
188.6 20.5 60.300000000000004
188.6 20.5 80.4
188.6 20.5 100.5
188.6 20.5 120.60000000000001
188.6 24.599999999999998 -120.60000000000001
188.6 24.599999999999998 -100.5
188.6 24.599999999999998 -80.4
188.6 24.599999999999998 -60.300000000000004
188.6 24.599999999999998 -40.2
188.6 24.599999999999998 -20.1
188.6 24.599999999999998 0.0
188.6 24.599999999999998 20.1
188.6 24.599999999999998 40.2
188.6 24.599999999999998 60.300000000000004
188.6 24.599999999999998 80.4
188.6 24.599999999999998 100.5
188.6 24.599999999999998 120.60000000000001
188.6 28.699999999999996 -120.60000000000001
188.6 28.699999999999996 -100.5
188.6 28.699999999999996 -80.4
188.6 28.699999999999996 -60.300000000000004
188.6 28.699999999999996 -40.2
188.6 28.699999999999996 -20.1
188.6 28.699999999999996 0.0
188.6 28.699999999999996 20.1
188.6 28.699999999999996 40.2
188.6 28.699999999999996 60.300000000000004
188.6 28.699999999999996 80.4
188.6 28.699999999999996 100.5
188.6 28.699999999999996 120.60000000000001
188.6 32.8 -120.60000000000001
188.6 32.8 -100.5
188.6 32.8 -80.4
188.6 32.8 -60.300000000000004
188.6 32.8 -40.2
188.6 32.8 -20.1
188.6 32.8 0.0
188.6 32.8 20.1
188.6 32.8 40.2
188.6 32.8 60.300000000000004
188.6 32.8 80.4
188.6 32.8 100.5
188.6 32.8 120.60000000000001
188.6 36.9 -120.60000000000001
188.6 36.9 -100.5
188.6 36.9 -80.4
188.6 36.9 -60.300000000000004
188.6 36.9 -40.2
188.6 36.9 -20.1
188.6 36.9 0.0
188.6 36.9 20.1
188.6 36.9 40.2
188.6 36.9 60.300000000000004
188.6 36.9 80.4
188.6 36.9 100.5
188.6 36.9 120.60000000000001
188.6 41.0 -120.60000000000001
188.6 41.0 -100.5
188.6 41.0 -80.4
188.6 41.0 -60.300000000000004
188.6 41.0 -40.2
188.6 41.0 -20.1
188.6 41.0 0.0
188.6 41.0 20.1
188.6 41.0 40.2
188.6 41.0 60.300000000000004
188.6 41.0 80.4
188.6 41.0 100.5
188.6 41.0 120.60000000000001
188.6 45.099999999999994 -120.60000000000001
188.6 45.099999999999994 -100.5
188.6 45.099999999999994 -80.4
188.6 45.099999999999994 -60.300000000000004
188.6 45.099999999999994 -40.2
188.6 45.099999999999994 -20.1
188.6 45.099999999999994 0.0
188.6 45.099999999999994 20.1
188.6 45.099999999999994 40.2
188.6 45.099999999999994 60.300000000000004
188.6 45.099999999999994 80.4
188.6 45.099999999999994 100.5
188.6 45.099999999999994 120.60000000000001
188.6 49.199999999999996 -120.60000000000001
188.6 49.199999999999996 -100.5
188.6 49.199999999999996 -80.4
188.6 49.199999999999996 -60.300000000000004
188.6 49.199999999999996 -40.2
188.6 49.199999999999996 -20.1
188.6 49.199999999999996 0.0
188.6 49.199999999999996 20.1
188.6 49.199999999999996 40.2
188.6 49.199999999999996 60.300000000000004
188.6 49.199999999999996 80.4
188.6 49.199999999999996 100.5
188.6 49.199999999999996 120.60000000000001
188.6 53.3 -120.60000000000001
188.6 53.3 -100.5
188.6 53.3 -80.4
188.6 53.3 -60.300000000000004
188.6 53.3 -40.2
188.6 53.3 -20.1
188.6 53.3 0.0
188.6 53.3 20.1
188.6 53.3 40.2
188.6 53.3 60.300000000000004
188.6 53.3 80.4
188.6 53.3 100.5
188.6 53.3 120.60000000000001
188.6 57.39999999999999 -120.60000000000001
188.6 57.39999999999999 -100.5
188.6 57.39999999999999 -80.4
188.6 57.39999999999999 -60.300000000000004
188.6 57.39999999999999 -40.2
188.6 57.39999999999999 -20.1
188.6 57.39999999999999 0.0
188.6 57.39999999999999 20.1
188.6 57.39999999999999 40.2
188.6 57.39999999999999 60.300000000000004
188.6 57.39999999999999 80.4
188.6 57.39999999999999 100.5
188.6 57.39999999999999 120.60000000000001
188.6 61.49999999999999 -120.60000000000001
188.6 61.49999999999999 -100.5
188.6 61.49999999999999 -80.4
188.6 61.49999999999999 -60.300000000000004
188.6 61.49999999999999 -40.2
188.6 61.49999999999999 -20.1
188.6 61.49999999999999 0.0
188.6 61.49999999999999 20.1
188.6 61.49999999999999 40.2
188.6 61.49999999999999 60.300000000000004
188.6 61.49999999999999 80.4
188.6 61.49999999999999 100.5
188.6 61.49999999999999 120.60000000000001
188.6 65.6 -120.60000000000001
188.6 65.6 -100.5
188.6 65.6 -80.4
188.6 65.6 -60.300000000000004
188.6 65.6 -40.2
188.6 65.6 -20.1
188.6 65.6 0.0
188.6 65.6 20.1
188.6 65.6 40.2
188.6 65.6 60.300000000000004
188.6 65.6 80.4
188.6 65.6 100.5
188.6 65.6 120.60000000000001
188.6 69.69999999999999 -120.60000000000001
188.6 69.69999999999999 -100.5
188.6 69.69999999999999 -80.4
188.6 69.69999999999999 -60.300000000000004
188.6 69.69999999999999 -40.2
188.6 69.69999999999999 -20.1
188.6 69.69999999999999 0.0
188.6 69.69999999999999 20.1
188.6 69.69999999999999 40.2
188.6 69.69999999999999 60.300000000000004
188.6 69.69999999999999 80.4
188.6 69.69999999999999 100.5
188.6 69.69999999999999 120.60000000000001
188.6 73.8 -120.60000000000001
188.6 73.8 -100.5
188.6 73.8 -80.4
188.6 73.8 -60.300000000000004
188.6 73.8 -40.2
188.6 73.8 -20.1
188.6 73.8 0.0
188.6 73.8 20.1
188.6 73.8 40.2
188.6 73.8 60.300000000000004
188.6 73.8 80.4
188.6 73.8 100.5
188.6 73.8 120.60000000000001
188.6 77.89999999999999 -120.60000000000001
188.6 77.89999999999999 -100.5
188.6 77.89999999999999 -80.4
188.6 77.89999999999999 -60.300000000000004
188.6 77.89999999999999 -40.2
188.6 77.89999999999999 -20.1
188.6 77.89999999999999 0.0
188.6 77.89999999999999 20.1
188.6 77.89999999999999 40.2
188.6 77.89999999999999 60.300000000000004
188.6 77.89999999999999 80.4
188.6 77.89999999999999 100.5
188.6 77.89999999999999 120.60000000000001
188.6 82.0 -120.60000000000001
188.6 82.0 -100.5
188.6 82.0 -80.4
188.6 82.0 -60.300000000000004
188.6 82.0 -40.2
188.6 82.0 -20.1
188.6 82.0 0.0
188.6 82.0 20.1
188.6 82.0 40.2
188.6 82.0 60.300000000000004
188.6 82.0 80.4
188.6 82.0 100.5
188.6 82.0 120.60000000000001
188.6 86.1 -120.60000000000001
188.6 86.1 -100.5
188.6 86.1 -80.4
188.6 86.1 -60.300000000000004
188.6 86.1 -40.2
188.6 86.1 -20.1
188.6 86.1 0.0
188.6 86.1 20.1
188.6 86.1 40.2
188.6 86.1 60.300000000000004
188.6 86.1 80.4
188.6 86.1 100.5
188.6 86.1 120.60000000000001
188.6 90.19999999999999 -120.60000000000001
188.6 90.19999999999999 -100.5
188.6 90.19999999999999 -80.4
188.6 90.19999999999999 -60.300000000000004
188.6 90.19999999999999 -40.2
188.6 90.19999999999999 -20.1
188.6 90.19999999999999 0.0
188.6 90.19999999999999 20.1
188.6 90.19999999999999 40.2
188.6 90.19999999999999 60.300000000000004
188.6 90.19999999999999 80.4
188.6 90.19999999999999 100.5
188.6 90.19999999999999 120.60000000000001
188.6 94.3 -120.60000000000001
188.6 94.3 -100.5
188.6 94.3 -80.4
188.6 94.3 -60.300000000000004
188.6 94.3 -40.2
188.6 94.3 -20.1
188.6 94.3 0.0
188.6 94.3 20.1
188.6 94.3 40.2
188.6 94.3 60.300000000000004
188.6 94.3 80.4
188.6 94.3 100.5
188.6 94.3 120.60000000000001
188.6 98.39999999999999 -120.60000000000001
188.6 98.39999999999999 -100.5
188.6 98.39999999999999 -80.4
188.6 98.39999999999999 -60.300000000000004
188.6 98.39999999999999 -40.2
188.6 98.39999999999999 -20.1
188.6 98.39999999999999 0.0
188.6 98.39999999999999 20.1
188.6 98.39999999999999 40.2
188.6 98.39999999999999 60.300000000000004
188.6 98.39999999999999 80.4
188.6 98.39999999999999 100.5
188.6 98.39999999999999 120.60000000000001
188.6 102.49999999999999 -120.60000000000001
188.6 102.49999999999999 -100.5
188.6 102.49999999999999 -80.4
188.6 102.49999999999999 -60.300000000000004
188.6 102.49999999999999 -40.2
188.6 102.49999999999999 -20.1
188.6 102.49999999999999 0.0
188.6 102.49999999999999 20.1
188.6 102.49999999999999 40.2
188.6 102.49999999999999 60.300000000000004
188.6 102.49999999999999 80.4
188.6 102.49999999999999 100.5
188.6 102.49999999999999 120.60000000000001
188.6 106.6 -120.60000000000001
188.6 106.6 -100.5
188.6 106.6 -80.4
188.6 106.6 -60.300000000000004
188.6 106.6 -40.2
188.6 106.6 -20.1
188.6 106.6 0.0
188.6 106.6 20.1
188.6 106.6 40.2
188.6 106.6 60.300000000000004
188.6 106.6 80.4
188.6 106.6 100.5
188.6 106.6 120.60000000000001
192.7 -98.39999999999999 -120.60000000000001
192.7 -98.39999999999999 -100.5
192.7 -98.39999999999999 -80.4
192.7 -98.39999999999999 -60.300000000000004
192.7 -98.39999999999999 -40.2
192.7 -98.39999999999999 -20.1
192.7 -98.39999999999999 0.0
192.7 -98.39999999999999 20.1
192.7 -98.39999999999999 40.2
192.7 -98.39999999999999 60.300000000000004
192.7 -98.39999999999999 80.4
192.7 -98.39999999999999 100.5
192.7 -98.39999999999999 120.60000000000001
192.7 -94.3 -120.60000000000001
192.7 -94.3 -100.5
192.7 -94.3 -80.4
192.7 -94.3 -60.300000000000004
192.7 -94.3 -40.2
192.7 -94.3 -20.1
192.7 -94.3 0.0
192.7 -94.3 20.1
192.7 -94.3 40.2
192.7 -94.3 60.300000000000004
192.7 -94.3 80.4
192.7 -94.3 100.5
192.7 -94.3 120.60000000000001
192.7 -90.19999999999999 -120.60000000000001
192.7 -90.19999999999999 -100.5
192.7 -90.19999999999999 -80.4
192.7 -90.19999999999999 -60.300000000000004
192.7 -90.19999999999999 -40.2
192.7 -90.19999999999999 -20.1
192.7 -90.19999999999999 0.0
192.7 -90.19999999999999 20.1
192.7 -90.19999999999999 40.2
192.7 -90.19999999999999 60.300000000000004
192.7 -90.19999999999999 80.4
192.7 -90.19999999999999 100.5
192.7 -90.19999999999999 120.60000000000001
192.7 -86.1 -120.60000000000001
192.7 -86.1 -100.5
192.7 -86.1 -80.4
192.7 -86.1 -60.300000000000004
192.7 -86.1 -40.2
192.7 -86.1 -20.1
192.7 -86.1 0.0
192.7 -86.1 20.1
192.7 -86.1 40.2
192.7 -86.1 60.300000000000004
192.7 -86.1 80.4
192.7 -86.1 100.5
192.7 -86.1 120.60000000000001
192.7 -82.0 -120.60000000000001
192.7 -82.0 -100.5
192.7 -82.0 -80.4
192.7 -82.0 -60.300000000000004
192.7 -82.0 -40.2
192.7 -82.0 -20.1
192.7 -82.0 0.0
192.7 -82.0 20.1
192.7 -82.0 40.2
192.7 -82.0 60.300000000000004
192.7 -82.0 80.4
192.7 -82.0 100.5
192.7 -82.0 120.60000000000001
192.7 -77.89999999999999 -120.60000000000001
192.7 -77.89999999999999 -100.5
192.7 -77.89999999999999 -80.4
192.7 -77.89999999999999 -60.300000000000004
192.7 -77.89999999999999 -40.2
192.7 -77.89999999999999 -20.1
192.7 -77.89999999999999 0.0
192.7 -77.89999999999999 20.1
192.7 -77.89999999999999 40.2
192.7 -77.89999999999999 60.300000000000004
192.7 -77.89999999999999 80.4
192.7 -77.89999999999999 100.5
192.7 -77.89999999999999 120.60000000000001
192.7 -73.8 -120.60000000000001
192.7 -73.8 -100.5
192.7 -73.8 -80.4
192.7 -73.8 -60.300000000000004
192.7 -73.8 -40.2
192.7 -73.8 -20.1
192.7 -73.8 0.0
192.7 -73.8 20.1
192.7 -73.8 40.2
192.7 -73.8 60.300000000000004
192.7 -73.8 80.4
192.7 -73.8 100.5
192.7 -73.8 120.60000000000001
192.7 -69.69999999999999 -120.60000000000001
192.7 -69.69999999999999 -100.5
192.7 -69.69999999999999 -80.4
192.7 -69.69999999999999 -60.300000000000004
192.7 -69.69999999999999 -40.2
192.7 -69.69999999999999 -20.1
192.7 -69.69999999999999 0.0
192.7 -69.69999999999999 20.1
192.7 -69.69999999999999 40.2
192.7 -69.69999999999999 60.300000000000004
192.7 -69.69999999999999 80.4
192.7 -69.69999999999999 100.5
192.7 -69.69999999999999 120.60000000000001
192.7 -65.6 -120.60000000000001
192.7 -65.6 -100.5
192.7 -65.6 -80.4
192.7 -65.6 -60.300000000000004
192.7 -65.6 -40.2
192.7 -65.6 -20.1
192.7 -65.6 0.0
192.7 -65.6 20.1
192.7 -65.6 40.2
192.7 -65.6 60.300000000000004
192.7 -65.6 80.4
192.7 -65.6 100.5
192.7 -65.6 120.60000000000001
192.7 -61.49999999999999 -120.60000000000001
192.7 -61.49999999999999 -100.5
192.7 -61.49999999999999 -80.4
192.7 -61.49999999999999 -60.300000000000004
192.7 -61.49999999999999 -40.2
192.7 -61.49999999999999 -20.1
192.7 -61.49999999999999 0.0
192.7 -61.49999999999999 20.1
192.7 -61.49999999999999 40.2
192.7 -61.49999999999999 60.300000000000004
192.7 -61.49999999999999 80.4
192.7 -61.49999999999999 100.5
192.7 -61.49999999999999 120.60000000000001
192.7 -57.39999999999999 -120.60000000000001
192.7 -57.39999999999999 -100.5
192.7 -57.39999999999999 -80.4
192.7 -57.39999999999999 -60.300000000000004
192.7 -57.39999999999999 -40.2
192.7 -57.39999999999999 -20.1
192.7 -57.39999999999999 0.0
192.7 -57.39999999999999 20.1
192.7 -57.39999999999999 40.2
192.7 -57.39999999999999 60.300000000000004
192.7 -57.39999999999999 80.4
192.7 -57.39999999999999 100.5
192.7 -57.39999999999999 120.60000000000001
192.7 -53.3 -120.60000000000001
192.7 -53.3 -100.5
192.7 -53.3 -80.4
192.7 -53.3 -60.300000000000004
192.7 -53.3 -40.2
192.7 -53.3 -20.1
192.7 -53.3 0.0
192.7 -53.3 20.1
192.7 -53.3 40.2
192.7 -53.3 60.300000000000004
192.7 -53.3 80.4
192.7 -53.3 100.5
192.7 -53.3 120.60000000000001
192.7 -49.199999999999996 -120.60000000000001
192.7 -49.199999999999996 -100.5
192.7 -49.199999999999996 -80.4
192.7 -49.199999999999996 -60.300000000000004
192.7 -49.199999999999996 -40.2
192.7 -49.199999999999996 -20.1
192.7 -49.199999999999996 0.0
192.7 -49.199999999999996 20.1
192.7 -49.199999999999996 40.2
192.7 -49.199999999999996 60.300000000000004
192.7 -49.199999999999996 80.4
192.7 -49.199999999999996 100.5
192.7 -49.199999999999996 120.60000000000001
192.7 -45.099999999999994 -120.60000000000001
192.7 -45.099999999999994 -100.5
192.7 -45.099999999999994 -80.4
192.7 -45.099999999999994 -60.300000000000004
192.7 -45.099999999999994 -40.2
192.7 -45.099999999999994 -20.1
192.7 -45.099999999999994 0.0
192.7 -45.099999999999994 20.1
192.7 -45.099999999999994 40.2
192.7 -45.099999999999994 60.300000000000004
192.7 -45.099999999999994 80.4
192.7 -45.099999999999994 100.5
192.7 -45.099999999999994 120.60000000000001
192.7 -41.0 -120.60000000000001
192.7 -41.0 -100.5
192.7 -41.0 -80.4
192.7 -41.0 -60.300000000000004
192.7 -41.0 -40.2
192.7 -41.0 -20.1
192.7 -41.0 0.0
192.7 -41.0 20.1
192.7 -41.0 40.2
192.7 -41.0 60.300000000000004
192.7 -41.0 80.4
192.7 -41.0 100.5
192.7 -41.0 120.60000000000001
192.7 -36.9 -120.60000000000001
192.7 -36.9 -100.5
192.7 -36.9 -80.4
192.7 -36.9 -60.300000000000004
192.7 -36.9 -40.2
192.7 -36.9 -20.1
192.7 -36.9 0.0
192.7 -36.9 20.1
192.7 -36.9 40.2
192.7 -36.9 60.300000000000004
192.7 -36.9 80.4
192.7 -36.9 100.5
192.7 -36.9 120.60000000000001
192.7 -32.8 -120.60000000000001
192.7 -32.8 -100.5
192.7 -32.8 -80.4
192.7 -32.8 -60.300000000000004
192.7 -32.8 -40.2
192.7 -32.8 -20.1
192.7 -32.8 0.0
192.7 -32.8 20.1
192.7 -32.8 40.2
192.7 -32.8 60.300000000000004
192.7 -32.8 80.4
192.7 -32.8 100.5
192.7 -32.8 120.60000000000001
192.7 -28.699999999999996 -120.60000000000001
192.7 -28.699999999999996 -100.5
192.7 -28.699999999999996 -80.4
192.7 -28.699999999999996 -60.300000000000004
192.7 -28.699999999999996 -40.2
192.7 -28.699999999999996 -20.1
192.7 -28.699999999999996 0.0
192.7 -28.699999999999996 20.1
192.7 -28.699999999999996 40.2
192.7 -28.699999999999996 60.300000000000004
192.7 -28.699999999999996 80.4
192.7 -28.699999999999996 100.5
192.7 -28.699999999999996 120.60000000000001
192.7 -24.599999999999998 -120.60000000000001
192.7 -24.599999999999998 -100.5
192.7 -24.599999999999998 -80.4
192.7 -24.599999999999998 -60.300000000000004
192.7 -24.599999999999998 -40.2
192.7 -24.599999999999998 -20.1
192.7 -24.599999999999998 0.0
192.7 -24.599999999999998 20.1
192.7 -24.599999999999998 40.2
192.7 -24.599999999999998 60.300000000000004
192.7 -24.599999999999998 80.4
192.7 -24.599999999999998 100.5
192.7 -24.599999999999998 120.60000000000001
192.7 -20.5 -120.60000000000001
192.7 -20.5 -100.5
192.7 -20.5 -80.4
192.7 -20.5 -60.300000000000004
192.7 -20.5 -40.2
192.7 -20.5 -20.1
192.7 -20.5 0.0
192.7 -20.5 20.1
192.7 -20.5 40.2
192.7 -20.5 60.300000000000004
192.7 -20.5 80.4
192.7 -20.5 100.5
192.7 -20.5 120.60000000000001
192.7 -16.4 -120.60000000000001
192.7 -16.4 -100.5
192.7 -16.4 -80.4
192.7 -16.4 -60.300000000000004
192.7 -16.4 -40.2
192.7 -16.4 -20.1
192.7 -16.4 0.0
192.7 -16.4 20.1
192.7 -16.4 40.2
192.7 -16.4 60.300000000000004
192.7 -16.4 80.4
192.7 -16.4 100.5
192.7 -16.4 120.60000000000001
192.7 -12.299999999999999 -120.60000000000001
192.7 -12.299999999999999 -100.5
192.7 -12.299999999999999 -80.4
192.7 -12.299999999999999 -60.300000000000004
192.7 -12.299999999999999 -40.2
192.7 -12.299999999999999 -20.1
192.7 -12.299999999999999 0.0
192.7 -12.299999999999999 20.1
192.7 -12.299999999999999 40.2
192.7 -12.299999999999999 60.300000000000004
192.7 -12.299999999999999 80.4
192.7 -12.299999999999999 100.5
192.7 -12.299999999999999 120.60000000000001
192.7 -8.2 -120.60000000000001
192.7 -8.2 -100.5
192.7 -8.2 -80.4
192.7 -8.2 -60.300000000000004
192.7 -8.2 -40.2
192.7 -8.2 -20.1
192.7 -8.2 0.0
192.7 -8.2 20.1
192.7 -8.2 40.2
192.7 -8.2 60.300000000000004
192.7 -8.2 80.4
192.7 -8.2 100.5
192.7 -8.2 120.60000000000001
192.7 -4.1 -120.60000000000001
192.7 -4.1 -100.5
192.7 -4.1 -80.4
192.7 -4.1 -60.300000000000004
192.7 -4.1 -40.2
192.7 -4.1 -20.1
192.7 -4.1 0.0
192.7 -4.1 20.1
192.7 -4.1 40.2
192.7 -4.1 60.300000000000004
192.7 -4.1 80.4
192.7 -4.1 100.5
192.7 -4.1 120.60000000000001
192.7 0.0 -120.60000000000001
192.7 0.0 -100.5
192.7 0.0 -80.4
192.7 0.0 -60.300000000000004
192.7 0.0 -40.2
192.7 0.0 -20.1
192.7 0.0 0.0
192.7 0.0 20.1
192.7 0.0 40.2
192.7 0.0 60.300000000000004
192.7 0.0 80.4
192.7 0.0 100.5
192.7 0.0 120.60000000000001
192.7 4.1 -120.60000000000001
192.7 4.1 -100.5
192.7 4.1 -80.4
192.7 4.1 -60.300000000000004
192.7 4.1 -40.2
192.7 4.1 -20.1
192.7 4.1 0.0
192.7 4.1 20.1
192.7 4.1 40.2
192.7 4.1 60.300000000000004
192.7 4.1 80.4
192.7 4.1 100.5
192.7 4.1 120.60000000000001
192.7 8.2 -120.60000000000001
192.7 8.2 -100.5
192.7 8.2 -80.4
192.7 8.2 -60.300000000000004
192.7 8.2 -40.2
192.7 8.2 -20.1
192.7 8.2 0.0
192.7 8.2 20.1
192.7 8.2 40.2
192.7 8.2 60.300000000000004
192.7 8.2 80.4
192.7 8.2 100.5
192.7 8.2 120.60000000000001
192.7 12.299999999999999 -120.60000000000001
192.7 12.299999999999999 -100.5
192.7 12.299999999999999 -80.4
192.7 12.299999999999999 -60.300000000000004
192.7 12.299999999999999 -40.2
192.7 12.299999999999999 -20.1
192.7 12.299999999999999 0.0
192.7 12.299999999999999 20.1
192.7 12.299999999999999 40.2
192.7 12.299999999999999 60.300000000000004
192.7 12.299999999999999 80.4
192.7 12.299999999999999 100.5
192.7 12.299999999999999 120.60000000000001
192.7 16.4 -120.60000000000001
192.7 16.4 -100.5
192.7 16.4 -80.4
192.7 16.4 -60.300000000000004
192.7 16.4 -40.2
192.7 16.4 -20.1
192.7 16.4 0.0
192.7 16.4 20.1
192.7 16.4 40.2
192.7 16.4 60.300000000000004
192.7 16.4 80.4
192.7 16.4 100.5
192.7 16.4 120.60000000000001
192.7 20.5 -120.60000000000001
192.7 20.5 -100.5
192.7 20.5 -80.4
192.7 20.5 -60.300000000000004
192.7 20.5 -40.2
192.7 20.5 -20.1
192.7 20.5 0.0
192.7 20.5 20.1
192.7 20.5 40.2
192.7 20.5 60.300000000000004
192.7 20.5 80.4
192.7 20.5 100.5
192.7 20.5 120.60000000000001
192.7 24.599999999999998 -120.60000000000001
192.7 24.599999999999998 -100.5
192.7 24.599999999999998 -80.4
192.7 24.599999999999998 -60.300000000000004
192.7 24.599999999999998 -40.2
192.7 24.599999999999998 -20.1
192.7 24.599999999999998 0.0
192.7 24.599999999999998 20.1
192.7 24.599999999999998 40.2
192.7 24.599999999999998 60.300000000000004
192.7 24.599999999999998 80.4
192.7 24.599999999999998 100.5
192.7 24.599999999999998 120.60000000000001
192.7 28.699999999999996 -120.60000000000001
192.7 28.699999999999996 -100.5
192.7 28.699999999999996 -80.4
192.7 28.699999999999996 -60.300000000000004
192.7 28.699999999999996 -40.2
192.7 28.699999999999996 -20.1
192.7 28.699999999999996 0.0
192.7 28.699999999999996 20.1
192.7 28.699999999999996 40.2
192.7 28.699999999999996 60.300000000000004
192.7 28.699999999999996 80.4
192.7 28.699999999999996 100.5
192.7 28.699999999999996 120.60000000000001
192.7 32.8 -120.60000000000001
192.7 32.8 -100.5
192.7 32.8 -80.4
192.7 32.8 -60.300000000000004
192.7 32.8 -40.2
192.7 32.8 -20.1
192.7 32.8 0.0
192.7 32.8 20.1
192.7 32.8 40.2
192.7 32.8 60.300000000000004
192.7 32.8 80.4
192.7 32.8 100.5
192.7 32.8 120.60000000000001
192.7 36.9 -120.60000000000001
192.7 36.9 -100.5
192.7 36.9 -80.4
192.7 36.9 -60.300000000000004
192.7 36.9 -40.2
192.7 36.9 -20.1
192.7 36.9 0.0
192.7 36.9 20.1
192.7 36.9 40.2
192.7 36.9 60.300000000000004
192.7 36.9 80.4
192.7 36.9 100.5
192.7 36.9 120.60000000000001
192.7 41.0 -120.60000000000001
192.7 41.0 -100.5
192.7 41.0 -80.4
192.7 41.0 -60.300000000000004
192.7 41.0 -40.2
192.7 41.0 -20.1
192.7 41.0 0.0
192.7 41.0 20.1
192.7 41.0 40.2
192.7 41.0 60.300000000000004
192.7 41.0 80.4
192.7 41.0 100.5
192.7 41.0 120.60000000000001
192.7 45.099999999999994 -120.60000000000001
192.7 45.099999999999994 -100.5
192.7 45.099999999999994 -80.4
192.7 45.099999999999994 -60.300000000000004
192.7 45.099999999999994 -40.2
192.7 45.099999999999994 -20.1
192.7 45.099999999999994 0.0
192.7 45.099999999999994 20.1
192.7 45.099999999999994 40.2
192.7 45.099999999999994 60.300000000000004
192.7 45.099999999999994 80.4
192.7 45.099999999999994 100.5
192.7 45.099999999999994 120.60000000000001
192.7 49.199999999999996 -120.60000000000001
192.7 49.199999999999996 -100.5
192.7 49.199999999999996 -80.4
192.7 49.199999999999996 -60.300000000000004
192.7 49.199999999999996 -40.2
192.7 49.199999999999996 -20.1
192.7 49.199999999999996 0.0
192.7 49.199999999999996 20.1
192.7 49.199999999999996 40.2
192.7 49.199999999999996 60.300000000000004
192.7 49.199999999999996 80.4
192.7 49.199999999999996 100.5
192.7 49.199999999999996 120.60000000000001
192.7 53.3 -120.60000000000001
192.7 53.3 -100.5
192.7 53.3 -80.4
192.7 53.3 -60.300000000000004
192.7 53.3 -40.2
192.7 53.3 -20.1
192.7 53.3 0.0
192.7 53.3 20.1
192.7 53.3 40.2
192.7 53.3 60.300000000000004
192.7 53.3 80.4
192.7 53.3 100.5
192.7 53.3 120.60000000000001
192.7 57.39999999999999 -120.60000000000001
192.7 57.39999999999999 -100.5
192.7 57.39999999999999 -80.4
192.7 57.39999999999999 -60.300000000000004
192.7 57.39999999999999 -40.2
192.7 57.39999999999999 -20.1
192.7 57.39999999999999 0.0
192.7 57.39999999999999 20.1
192.7 57.39999999999999 40.2
192.7 57.39999999999999 60.300000000000004
192.7 57.39999999999999 80.4
192.7 57.39999999999999 100.5
192.7 57.39999999999999 120.60000000000001
192.7 61.49999999999999 -120.60000000000001
192.7 61.49999999999999 -100.5
192.7 61.49999999999999 -80.4
192.7 61.49999999999999 -60.300000000000004
192.7 61.49999999999999 -40.2
192.7 61.49999999999999 -20.1
192.7 61.49999999999999 0.0
192.7 61.49999999999999 20.1
192.7 61.49999999999999 40.2
192.7 61.49999999999999 60.300000000000004
192.7 61.49999999999999 80.4
192.7 61.49999999999999 100.5
192.7 61.49999999999999 120.60000000000001
192.7 65.6 -120.60000000000001
192.7 65.6 -100.5
192.7 65.6 -80.4
192.7 65.6 -60.300000000000004
192.7 65.6 -40.2
192.7 65.6 -20.1
192.7 65.6 0.0
192.7 65.6 20.1
192.7 65.6 40.2
192.7 65.6 60.300000000000004
192.7 65.6 80.4
192.7 65.6 100.5
192.7 65.6 120.60000000000001
192.7 69.69999999999999 -120.60000000000001
192.7 69.69999999999999 -100.5
192.7 69.69999999999999 -80.4
192.7 69.69999999999999 -60.300000000000004
192.7 69.69999999999999 -40.2
192.7 69.69999999999999 -20.1
192.7 69.69999999999999 0.0
192.7 69.69999999999999 20.1
192.7 69.69999999999999 40.2
192.7 69.69999999999999 60.300000000000004
192.7 69.69999999999999 80.4
192.7 69.69999999999999 100.5
192.7 69.69999999999999 120.60000000000001
192.7 73.8 -120.60000000000001
192.7 73.8 -100.5
192.7 73.8 -80.4
192.7 73.8 -60.300000000000004
192.7 73.8 -40.2
192.7 73.8 -20.1
192.7 73.8 0.0
192.7 73.8 20.1
192.7 73.8 40.2
192.7 73.8 60.300000000000004
192.7 73.8 80.4
192.7 73.8 100.5
192.7 73.8 120.60000000000001
192.7 77.89999999999999 -120.60000000000001
192.7 77.89999999999999 -100.5
192.7 77.89999999999999 -80.4
192.7 77.89999999999999 -60.300000000000004
192.7 77.89999999999999 -40.2
192.7 77.89999999999999 -20.1
192.7 77.89999999999999 0.0
192.7 77.89999999999999 20.1
192.7 77.89999999999999 40.2
192.7 77.89999999999999 60.300000000000004
192.7 77.89999999999999 80.4
192.7 77.89999999999999 100.5
192.7 77.89999999999999 120.60000000000001
192.7 82.0 -120.60000000000001
192.7 82.0 -100.5
192.7 82.0 -80.4
192.7 82.0 -60.300000000000004
192.7 82.0 -40.2
192.7 82.0 -20.1
192.7 82.0 0.0
192.7 82.0 20.1
192.7 82.0 40.2
192.7 82.0 60.300000000000004
192.7 82.0 80.4
192.7 82.0 100.5
192.7 82.0 120.60000000000001
192.7 86.1 -120.60000000000001
192.7 86.1 -100.5
192.7 86.1 -80.4
192.7 86.1 -60.300000000000004
192.7 86.1 -40.2
192.7 86.1 -20.1
192.7 86.1 0.0
192.7 86.1 20.1
192.7 86.1 40.2
192.7 86.1 60.300000000000004
192.7 86.1 80.4
192.7 86.1 100.5
192.7 86.1 120.60000000000001
192.7 90.19999999999999 -120.60000000000001
192.7 90.19999999999999 -100.5
192.7 90.19999999999999 -80.4
192.7 90.19999999999999 -60.300000000000004
192.7 90.19999999999999 -40.2
192.7 90.19999999999999 -20.1
192.7 90.19999999999999 0.0
192.7 90.19999999999999 20.1
192.7 90.19999999999999 40.2
192.7 90.19999999999999 60.300000000000004
192.7 90.19999999999999 80.4
192.7 90.19999999999999 100.5
192.7 90.19999999999999 120.60000000000001
192.7 94.3 -120.60000000000001
192.7 94.3 -100.5
192.7 94.3 -80.4
192.7 94.3 -60.300000000000004
192.7 94.3 -40.2
192.7 94.3 -20.1
192.7 94.3 0.0
192.7 94.3 20.1
192.7 94.3 40.2
192.7 94.3 60.300000000000004
192.7 94.3 80.4
192.7 94.3 100.5
192.7 94.3 120.60000000000001
192.7 98.39999999999999 -120.60000000000001
192.7 98.39999999999999 -100.5
192.7 98.39999999999999 -80.4
192.7 98.39999999999999 -60.300000000000004
192.7 98.39999999999999 -40.2
192.7 98.39999999999999 -20.1
192.7 98.39999999999999 0.0
192.7 98.39999999999999 20.1
192.7 98.39999999999999 40.2
192.7 98.39999999999999 60.300000000000004
192.7 98.39999999999999 80.4
192.7 98.39999999999999 100.5
192.7 98.39999999999999 120.60000000000001
196.79999999999998 -90.19999999999999 -120.60000000000001
196.79999999999998 -90.19999999999999 -100.5
196.79999999999998 -90.19999999999999 -80.4
196.79999999999998 -90.19999999999999 -60.300000000000004
196.79999999999998 -90.19999999999999 -40.2
196.79999999999998 -90.19999999999999 -20.1
196.79999999999998 -90.19999999999999 0.0
196.79999999999998 -90.19999999999999 20.1
196.79999999999998 -90.19999999999999 40.2
196.79999999999998 -90.19999999999999 60.300000000000004
196.79999999999998 -90.19999999999999 80.4
196.79999999999998 -90.19999999999999 100.5
196.79999999999998 -90.19999999999999 120.60000000000001
196.79999999999998 -86.1 -120.60000000000001
196.79999999999998 -86.1 -100.5
196.79999999999998 -86.1 -80.4
196.79999999999998 -86.1 -60.300000000000004
196.79999999999998 -86.1 -40.2
196.79999999999998 -86.1 -20.1
196.79999999999998 -86.1 0.0
196.79999999999998 -86.1 20.1
196.79999999999998 -86.1 40.2
196.79999999999998 -86.1 60.300000000000004
196.79999999999998 -86.1 80.4
196.79999999999998 -86.1 100.5
196.79999999999998 -86.1 120.60000000000001
196.79999999999998 -82.0 -120.60000000000001
196.79999999999998 -82.0 -100.5
196.79999999999998 -82.0 -80.4
196.79999999999998 -82.0 -60.300000000000004
196.79999999999998 -82.0 -40.2
196.79999999999998 -82.0 -20.1
196.79999999999998 -82.0 0.0
196.79999999999998 -82.0 20.1
196.79999999999998 -82.0 40.2
196.79999999999998 -82.0 60.300000000000004
196.79999999999998 -82.0 80.4
196.79999999999998 -82.0 100.5
196.79999999999998 -82.0 120.60000000000001
196.79999999999998 -77.89999999999999 -120.60000000000001
196.79999999999998 -77.89999999999999 -100.5
196.79999999999998 -77.89999999999999 -80.4
196.79999999999998 -77.89999999999999 -60.300000000000004
196.79999999999998 -77.89999999999999 -40.2
196.79999999999998 -77.89999999999999 -20.1
196.79999999999998 -77.89999999999999 0.0
196.79999999999998 -77.89999999999999 20.1
196.79999999999998 -77.89999999999999 40.2
196.79999999999998 -77.89999999999999 60.300000000000004
196.79999999999998 -77.89999999999999 80.4
196.79999999999998 -77.89999999999999 100.5
196.79999999999998 -77.89999999999999 120.60000000000001
196.79999999999998 -73.8 -120.60000000000001
196.79999999999998 -73.8 -100.5
196.79999999999998 -73.8 -80.4
196.79999999999998 -73.8 -60.300000000000004
196.79999999999998 -73.8 -40.2
196.79999999999998 -73.8 -20.1
196.79999999999998 -73.8 0.0
196.79999999999998 -73.8 20.1
196.79999999999998 -73.8 40.2
196.79999999999998 -73.8 60.300000000000004
196.79999999999998 -73.8 80.4
196.79999999999998 -73.8 100.5
196.79999999999998 -73.8 120.60000000000001
196.79999999999998 -69.69999999999999 -120.60000000000001
196.79999999999998 -69.69999999999999 -100.5
196.79999999999998 -69.69999999999999 -80.4
196.79999999999998 -69.69999999999999 -60.300000000000004
196.79999999999998 -69.69999999999999 -40.2
196.79999999999998 -69.69999999999999 -20.1
196.79999999999998 -69.69999999999999 0.0
196.79999999999998 -69.69999999999999 20.1
196.79999999999998 -69.69999999999999 40.2
196.79999999999998 -69.69999999999999 60.300000000000004
196.79999999999998 -69.69999999999999 80.4
196.79999999999998 -69.69999999999999 100.5
196.79999999999998 -69.69999999999999 120.60000000000001
196.79999999999998 -65.6 -120.60000000000001
196.79999999999998 -65.6 -100.5
196.79999999999998 -65.6 -80.4
196.79999999999998 -65.6 -60.300000000000004
196.79999999999998 -65.6 -40.2
196.79999999999998 -65.6 -20.1
196.79999999999998 -65.6 0.0
196.79999999999998 -65.6 20.1
196.79999999999998 -65.6 40.2
196.79999999999998 -65.6 60.300000000000004
196.79999999999998 -65.6 80.4
196.79999999999998 -65.6 100.5
196.79999999999998 -65.6 120.60000000000001
196.79999999999998 -61.49999999999999 -120.60000000000001
196.79999999999998 -61.49999999999999 -100.5
196.79999999999998 -61.49999999999999 -80.4
196.79999999999998 -61.49999999999999 -60.300000000000004
196.79999999999998 -61.49999999999999 -40.2
196.79999999999998 -61.49999999999999 -20.1
196.79999999999998 -61.49999999999999 0.0
196.79999999999998 -61.49999999999999 20.1
196.79999999999998 -61.49999999999999 40.2
196.79999999999998 -61.49999999999999 60.300000000000004
196.79999999999998 -61.49999999999999 80.4
196.79999999999998 -61.49999999999999 100.5
196.79999999999998 -61.49999999999999 120.60000000000001
196.79999999999998 -57.39999999999999 -120.60000000000001
196.79999999999998 -57.39999999999999 -100.5
196.79999999999998 -57.39999999999999 -80.4
196.79999999999998 -57.39999999999999 -60.300000000000004
196.79999999999998 -57.39999999999999 -40.2
196.79999999999998 -57.39999999999999 -20.1
196.79999999999998 -57.39999999999999 0.0
196.79999999999998 -57.39999999999999 20.1
196.79999999999998 -57.39999999999999 40.2
196.79999999999998 -57.39999999999999 60.300000000000004
196.79999999999998 -57.39999999999999 80.4
196.79999999999998 -57.39999999999999 100.5
196.79999999999998 -57.39999999999999 120.60000000000001
196.79999999999998 -53.3 -120.60000000000001
196.79999999999998 -53.3 -100.5
196.79999999999998 -53.3 -80.4
196.79999999999998 -53.3 -60.300000000000004
196.79999999999998 -53.3 -40.2
196.79999999999998 -53.3 -20.1
196.79999999999998 -53.3 0.0
196.79999999999998 -53.3 20.1
196.79999999999998 -53.3 40.2
196.79999999999998 -53.3 60.300000000000004
196.79999999999998 -53.3 80.4
196.79999999999998 -53.3 100.5
196.79999999999998 -53.3 120.60000000000001
196.79999999999998 -49.199999999999996 -120.60000000000001
196.79999999999998 -49.199999999999996 -100.5
196.79999999999998 -49.199999999999996 -80.4
196.79999999999998 -49.199999999999996 -60.300000000000004
196.79999999999998 -49.199999999999996 -40.2
196.79999999999998 -49.199999999999996 -20.1
196.79999999999998 -49.199999999999996 0.0
196.79999999999998 -49.199999999999996 20.1
196.79999999999998 -49.199999999999996 40.2
196.79999999999998 -49.199999999999996 60.300000000000004
196.79999999999998 -49.199999999999996 80.4
196.79999999999998 -49.199999999999996 100.5
196.79999999999998 -49.199999999999996 120.60000000000001
196.79999999999998 -45.099999999999994 -120.60000000000001
196.79999999999998 -45.099999999999994 -100.5
196.79999999999998 -45.099999999999994 -80.4
196.79999999999998 -45.099999999999994 -60.300000000000004
196.79999999999998 -45.099999999999994 -40.2
196.79999999999998 -45.099999999999994 -20.1
196.79999999999998 -45.099999999999994 0.0
196.79999999999998 -45.099999999999994 20.1
196.79999999999998 -45.099999999999994 40.2
196.79999999999998 -45.099999999999994 60.300000000000004
196.79999999999998 -45.099999999999994 80.4
196.79999999999998 -45.099999999999994 100.5
196.79999999999998 -45.099999999999994 120.60000000000001
196.79999999999998 -41.0 -120.60000000000001
196.79999999999998 -41.0 -100.5
196.79999999999998 -41.0 -80.4
196.79999999999998 -41.0 -60.300000000000004
196.79999999999998 -41.0 -40.2
196.79999999999998 -41.0 -20.1
196.79999999999998 -41.0 0.0
196.79999999999998 -41.0 20.1
196.79999999999998 -41.0 40.2
196.79999999999998 -41.0 60.300000000000004
196.79999999999998 -41.0 80.4
196.79999999999998 -41.0 100.5
196.79999999999998 -41.0 120.60000000000001
196.79999999999998 -36.9 -120.60000000000001
196.79999999999998 -36.9 -100.5
196.79999999999998 -36.9 -80.4
196.79999999999998 -36.9 -60.300000000000004
196.79999999999998 -36.9 -40.2
196.79999999999998 -36.9 -20.1
196.79999999999998 -36.9 0.0
196.79999999999998 -36.9 20.1
196.79999999999998 -36.9 40.2
196.79999999999998 -36.9 60.300000000000004
196.79999999999998 -36.9 80.4
196.79999999999998 -36.9 100.5
196.79999999999998 -36.9 120.60000000000001
196.79999999999998 -32.8 -120.60000000000001
196.79999999999998 -32.8 -100.5
196.79999999999998 -32.8 -80.4
196.79999999999998 -32.8 -60.300000000000004
196.79999999999998 -32.8 -40.2
196.79999999999998 -32.8 -20.1
196.79999999999998 -32.8 0.0
196.79999999999998 -32.8 20.1
196.79999999999998 -32.8 40.2
196.79999999999998 -32.8 60.300000000000004
196.79999999999998 -32.8 80.4
196.79999999999998 -32.8 100.5
196.79999999999998 -32.8 120.60000000000001
196.79999999999998 -28.699999999999996 -120.60000000000001
196.79999999999998 -28.699999999999996 -100.5
196.79999999999998 -28.699999999999996 -80.4
196.79999999999998 -28.699999999999996 -60.300000000000004
196.79999999999998 -28.699999999999996 -40.2
196.79999999999998 -28.699999999999996 -20.1
196.79999999999998 -28.699999999999996 0.0
196.79999999999998 -28.699999999999996 20.1
196.79999999999998 -28.699999999999996 40.2
196.79999999999998 -28.699999999999996 60.300000000000004
196.79999999999998 -28.699999999999996 80.4
196.79999999999998 -28.699999999999996 100.5
196.79999999999998 -28.699999999999996 120.60000000000001
196.79999999999998 -24.599999999999998 -120.60000000000001
196.79999999999998 -24.599999999999998 -100.5
196.79999999999998 -24.599999999999998 -80.4
196.79999999999998 -24.599999999999998 -60.300000000000004
196.79999999999998 -24.599999999999998 -40.2
196.79999999999998 -24.599999999999998 -20.1
196.79999999999998 -24.599999999999998 0.0
196.79999999999998 -24.599999999999998 20.1
196.79999999999998 -24.599999999999998 40.2
196.79999999999998 -24.599999999999998 60.300000000000004
196.79999999999998 -24.599999999999998 80.4
196.79999999999998 -24.599999999999998 100.5
196.79999999999998 -24.599999999999998 120.60000000000001
196.79999999999998 -20.5 -120.60000000000001
196.79999999999998 -20.5 -100.5
196.79999999999998 -20.5 -80.4
196.79999999999998 -20.5 -60.300000000000004
196.79999999999998 -20.5 -40.2
196.79999999999998 -20.5 -20.1
196.79999999999998 -20.5 0.0
196.79999999999998 -20.5 20.1
196.79999999999998 -20.5 40.2
196.79999999999998 -20.5 60.300000000000004
196.79999999999998 -20.5 80.4
196.79999999999998 -20.5 100.5
196.79999999999998 -20.5 120.60000000000001
196.79999999999998 -16.4 -120.60000000000001
196.79999999999998 -16.4 -100.5
196.79999999999998 -16.4 -80.4
196.79999999999998 -16.4 -60.300000000000004
196.79999999999998 -16.4 -40.2
196.79999999999998 -16.4 -20.1
196.79999999999998 -16.4 0.0
196.79999999999998 -16.4 20.1
196.79999999999998 -16.4 40.2
196.79999999999998 -16.4 60.300000000000004
196.79999999999998 -16.4 80.4
196.79999999999998 -16.4 100.5
196.79999999999998 -16.4 120.60000000000001
196.79999999999998 -12.299999999999999 -120.60000000000001
196.79999999999998 -12.299999999999999 -100.5
196.79999999999998 -12.299999999999999 -80.4
196.79999999999998 -12.299999999999999 -60.300000000000004
196.79999999999998 -12.299999999999999 -40.2
196.79999999999998 -12.299999999999999 -20.1
196.79999999999998 -12.299999999999999 0.0
196.79999999999998 -12.299999999999999 20.1
196.79999999999998 -12.299999999999999 40.2
196.79999999999998 -12.299999999999999 60.300000000000004
196.79999999999998 -12.299999999999999 80.4
196.79999999999998 -12.299999999999999 100.5
196.79999999999998 -12.299999999999999 120.60000000000001
196.79999999999998 -8.2 -120.60000000000001
196.79999999999998 -8.2 -100.5
196.79999999999998 -8.2 -80.4
196.79999999999998 -8.2 -60.300000000000004
196.79999999999998 -8.2 -40.2
196.79999999999998 -8.2 -20.1
196.79999999999998 -8.2 0.0
196.79999999999998 -8.2 20.1
196.79999999999998 -8.2 40.2
196.79999999999998 -8.2 60.300000000000004
196.79999999999998 -8.2 80.4
196.79999999999998 -8.2 100.5
196.79999999999998 -8.2 120.60000000000001
196.79999999999998 -4.1 -120.60000000000001
196.79999999999998 -4.1 -100.5
196.79999999999998 -4.1 -80.4
196.79999999999998 -4.1 -60.300000000000004
196.79999999999998 -4.1 -40.2
196.79999999999998 -4.1 -20.1
196.79999999999998 -4.1 0.0
196.79999999999998 -4.1 20.1
196.79999999999998 -4.1 40.2
196.79999999999998 -4.1 60.300000000000004
196.79999999999998 -4.1 80.4
196.79999999999998 -4.1 100.5
196.79999999999998 -4.1 120.60000000000001
196.79999999999998 0.0 -120.60000000000001
196.79999999999998 0.0 -100.5
196.79999999999998 0.0 -80.4
196.79999999999998 0.0 -60.300000000000004
196.79999999999998 0.0 -40.2
196.79999999999998 0.0 -20.1
196.79999999999998 0.0 0.0
196.79999999999998 0.0 20.1
196.79999999999998 0.0 40.2
196.79999999999998 0.0 60.300000000000004
196.79999999999998 0.0 80.4
196.79999999999998 0.0 100.5
196.79999999999998 0.0 120.60000000000001
196.79999999999998 4.1 -120.60000000000001
196.79999999999998 4.1 -100.5
196.79999999999998 4.1 -80.4
196.79999999999998 4.1 -60.300000000000004
196.79999999999998 4.1 -40.2
196.79999999999998 4.1 -20.1
196.79999999999998 4.1 0.0
196.79999999999998 4.1 20.1
196.79999999999998 4.1 40.2
196.79999999999998 4.1 60.300000000000004
196.79999999999998 4.1 80.4
196.79999999999998 4.1 100.5
196.79999999999998 4.1 120.60000000000001
196.79999999999998 8.2 -120.60000000000001
196.79999999999998 8.2 -100.5
196.79999999999998 8.2 -80.4
196.79999999999998 8.2 -60.300000000000004
196.79999999999998 8.2 -40.2
196.79999999999998 8.2 -20.1
196.79999999999998 8.2 0.0
196.79999999999998 8.2 20.1
196.79999999999998 8.2 40.2
196.79999999999998 8.2 60.300000000000004
196.79999999999998 8.2 80.4
196.79999999999998 8.2 100.5
196.79999999999998 8.2 120.60000000000001
196.79999999999998 12.299999999999999 -120.60000000000001
196.79999999999998 12.299999999999999 -100.5
196.79999999999998 12.299999999999999 -80.4
196.79999999999998 12.299999999999999 -60.300000000000004
196.79999999999998 12.299999999999999 -40.2
196.79999999999998 12.299999999999999 -20.1
196.79999999999998 12.299999999999999 0.0
196.79999999999998 12.299999999999999 20.1
196.79999999999998 12.299999999999999 40.2
196.79999999999998 12.299999999999999 60.300000000000004
196.79999999999998 12.299999999999999 80.4
196.79999999999998 12.299999999999999 100.5
196.79999999999998 12.299999999999999 120.60000000000001
196.79999999999998 16.4 -120.60000000000001
196.79999999999998 16.4 -100.5
196.79999999999998 16.4 -80.4
196.79999999999998 16.4 -60.300000000000004
196.79999999999998 16.4 -40.2
196.79999999999998 16.4 -20.1
196.79999999999998 16.4 0.0
196.79999999999998 16.4 20.1
196.79999999999998 16.4 40.2
196.79999999999998 16.4 60.300000000000004
196.79999999999998 16.4 80.4
196.79999999999998 16.4 100.5
196.79999999999998 16.4 120.60000000000001
196.79999999999998 20.5 -120.60000000000001
196.79999999999998 20.5 -100.5
196.79999999999998 20.5 -80.4
196.79999999999998 20.5 -60.300000000000004
196.79999999999998 20.5 -40.2
196.79999999999998 20.5 -20.1
196.79999999999998 20.5 0.0
196.79999999999998 20.5 20.1
196.79999999999998 20.5 40.2
196.79999999999998 20.5 60.300000000000004
196.79999999999998 20.5 80.4
196.79999999999998 20.5 100.5
196.79999999999998 20.5 120.60000000000001
196.79999999999998 24.599999999999998 -120.60000000000001
196.79999999999998 24.599999999999998 -100.5
196.79999999999998 24.599999999999998 -80.4
196.79999999999998 24.599999999999998 -60.300000000000004
196.79999999999998 24.599999999999998 -40.2
196.79999999999998 24.599999999999998 -20.1
196.79999999999998 24.599999999999998 0.0
196.79999999999998 24.599999999999998 20.1
196.79999999999998 24.599999999999998 40.2
196.79999999999998 24.599999999999998 60.300000000000004
196.79999999999998 24.599999999999998 80.4
196.79999999999998 24.599999999999998 100.5
196.79999999999998 24.599999999999998 120.60000000000001
196.79999999999998 28.699999999999996 -120.60000000000001
196.79999999999998 28.699999999999996 -100.5
196.79999999999998 28.699999999999996 -80.4
196.79999999999998 28.699999999999996 -60.300000000000004
196.79999999999998 28.699999999999996 -40.2
196.79999999999998 28.699999999999996 -20.1
196.79999999999998 28.699999999999996 0.0
196.79999999999998 28.699999999999996 20.1
196.79999999999998 28.699999999999996 40.2
196.79999999999998 28.699999999999996 60.300000000000004
196.79999999999998 28.699999999999996 80.4
196.79999999999998 28.699999999999996 100.5
196.79999999999998 28.699999999999996 120.60000000000001
196.79999999999998 32.8 -120.60000000000001
196.79999999999998 32.8 -100.5
196.79999999999998 32.8 -80.4
196.79999999999998 32.8 -60.300000000000004
196.79999999999998 32.8 -40.2
196.79999999999998 32.8 -20.1
196.79999999999998 32.8 0.0
196.79999999999998 32.8 20.1
196.79999999999998 32.8 40.2
196.79999999999998 32.8 60.300000000000004
196.79999999999998 32.8 80.4
196.79999999999998 32.8 100.5
196.79999999999998 32.8 120.60000000000001
196.79999999999998 36.9 -120.60000000000001
196.79999999999998 36.9 -100.5
196.79999999999998 36.9 -80.4
196.79999999999998 36.9 -60.300000000000004
196.79999999999998 36.9 -40.2
196.79999999999998 36.9 -20.1
196.79999999999998 36.9 0.0
196.79999999999998 36.9 20.1
196.79999999999998 36.9 40.2
196.79999999999998 36.9 60.300000000000004
196.79999999999998 36.9 80.4
196.79999999999998 36.9 100.5
196.79999999999998 36.9 120.60000000000001
196.79999999999998 41.0 -120.60000000000001
196.79999999999998 41.0 -100.5
196.79999999999998 41.0 -80.4
196.79999999999998 41.0 -60.300000000000004
196.79999999999998 41.0 -40.2
196.79999999999998 41.0 -20.1
196.79999999999998 41.0 0.0
196.79999999999998 41.0 20.1
196.79999999999998 41.0 40.2
196.79999999999998 41.0 60.300000000000004
196.79999999999998 41.0 80.4
196.79999999999998 41.0 100.5
196.79999999999998 41.0 120.60000000000001
196.79999999999998 45.099999999999994 -120.60000000000001
196.79999999999998 45.099999999999994 -100.5
196.79999999999998 45.099999999999994 -80.4
196.79999999999998 45.099999999999994 -60.300000000000004
196.79999999999998 45.099999999999994 -40.2
196.79999999999998 45.099999999999994 -20.1
196.79999999999998 45.099999999999994 0.0
196.79999999999998 45.099999999999994 20.1
196.79999999999998 45.099999999999994 40.2
196.79999999999998 45.099999999999994 60.300000000000004
196.79999999999998 45.099999999999994 80.4
196.79999999999998 45.099999999999994 100.5
196.79999999999998 45.099999999999994 120.60000000000001
196.79999999999998 49.199999999999996 -120.60000000000001
196.79999999999998 49.199999999999996 -100.5
196.79999999999998 49.199999999999996 -80.4
196.79999999999998 49.199999999999996 -60.300000000000004
196.79999999999998 49.199999999999996 -40.2
196.79999999999998 49.199999999999996 -20.1
196.79999999999998 49.199999999999996 0.0
196.79999999999998 49.199999999999996 20.1
196.79999999999998 49.199999999999996 40.2
196.79999999999998 49.199999999999996 60.300000000000004
196.79999999999998 49.199999999999996 80.4
196.79999999999998 49.199999999999996 100.5
196.79999999999998 49.199999999999996 120.60000000000001
196.79999999999998 53.3 -120.60000000000001
196.79999999999998 53.3 -100.5
196.79999999999998 53.3 -80.4
196.79999999999998 53.3 -60.300000000000004
196.79999999999998 53.3 -40.2
196.79999999999998 53.3 -20.1
196.79999999999998 53.3 0.0
196.79999999999998 53.3 20.1
196.79999999999998 53.3 40.2
196.79999999999998 53.3 60.300000000000004
196.79999999999998 53.3 80.4
196.79999999999998 53.3 100.5
196.79999999999998 53.3 120.60000000000001
196.79999999999998 57.39999999999999 -120.60000000000001
196.79999999999998 57.39999999999999 -100.5
196.79999999999998 57.39999999999999 -80.4
196.79999999999998 57.39999999999999 -60.300000000000004
196.79999999999998 57.39999999999999 -40.2
196.79999999999998 57.39999999999999 -20.1
196.79999999999998 57.39999999999999 0.0
196.79999999999998 57.39999999999999 20.1
196.79999999999998 57.39999999999999 40.2
196.79999999999998 57.39999999999999 60.300000000000004
196.79999999999998 57.39999999999999 80.4
196.79999999999998 57.39999999999999 100.5
196.79999999999998 57.39999999999999 120.60000000000001
196.79999999999998 61.49999999999999 -120.60000000000001
196.79999999999998 61.49999999999999 -100.5
196.79999999999998 61.49999999999999 -80.4
196.79999999999998 61.49999999999999 -60.300000000000004
196.79999999999998 61.49999999999999 -40.2
196.79999999999998 61.49999999999999 -20.1
196.79999999999998 61.49999999999999 0.0
196.79999999999998 61.49999999999999 20.1
196.79999999999998 61.49999999999999 40.2
196.79999999999998 61.49999999999999 60.300000000000004
196.79999999999998 61.49999999999999 80.4
196.79999999999998 61.49999999999999 100.5
196.79999999999998 61.49999999999999 120.60000000000001
196.79999999999998 65.6 -120.60000000000001
196.79999999999998 65.6 -100.5
196.79999999999998 65.6 -80.4
196.79999999999998 65.6 -60.300000000000004
196.79999999999998 65.6 -40.2
196.79999999999998 65.6 -20.1
196.79999999999998 65.6 0.0
196.79999999999998 65.6 20.1
196.79999999999998 65.6 40.2
196.79999999999998 65.6 60.300000000000004
196.79999999999998 65.6 80.4
196.79999999999998 65.6 100.5
196.79999999999998 65.6 120.60000000000001
196.79999999999998 69.69999999999999 -120.60000000000001
196.79999999999998 69.69999999999999 -100.5
196.79999999999998 69.69999999999999 -80.4
196.79999999999998 69.69999999999999 -60.300000000000004
196.79999999999998 69.69999999999999 -40.2
196.79999999999998 69.69999999999999 -20.1
196.79999999999998 69.69999999999999 0.0
196.79999999999998 69.69999999999999 20.1
196.79999999999998 69.69999999999999 40.2
196.79999999999998 69.69999999999999 60.300000000000004
196.79999999999998 69.69999999999999 80.4
196.79999999999998 69.69999999999999 100.5
196.79999999999998 69.69999999999999 120.60000000000001
196.79999999999998 73.8 -120.60000000000001
196.79999999999998 73.8 -100.5
196.79999999999998 73.8 -80.4
196.79999999999998 73.8 -60.300000000000004
196.79999999999998 73.8 -40.2
196.79999999999998 73.8 -20.1
196.79999999999998 73.8 0.0
196.79999999999998 73.8 20.1
196.79999999999998 73.8 40.2
196.79999999999998 73.8 60.300000000000004
196.79999999999998 73.8 80.4
196.79999999999998 73.8 100.5
196.79999999999998 73.8 120.60000000000001
196.79999999999998 77.89999999999999 -120.60000000000001
196.79999999999998 77.89999999999999 -100.5
196.79999999999998 77.89999999999999 -80.4
196.79999999999998 77.89999999999999 -60.300000000000004
196.79999999999998 77.89999999999999 -40.2
196.79999999999998 77.89999999999999 -20.1
196.79999999999998 77.89999999999999 0.0
196.79999999999998 77.89999999999999 20.1
196.79999999999998 77.89999999999999 40.2
196.79999999999998 77.89999999999999 60.300000000000004
196.79999999999998 77.89999999999999 80.4
196.79999999999998 77.89999999999999 100.5
196.79999999999998 77.89999999999999 120.60000000000001
196.79999999999998 82.0 -120.60000000000001
196.79999999999998 82.0 -100.5
196.79999999999998 82.0 -80.4
196.79999999999998 82.0 -60.300000000000004
196.79999999999998 82.0 -40.2
196.79999999999998 82.0 -20.1
196.79999999999998 82.0 0.0
196.79999999999998 82.0 20.1
196.79999999999998 82.0 40.2
196.79999999999998 82.0 60.300000000000004
196.79999999999998 82.0 80.4
196.79999999999998 82.0 100.5
196.79999999999998 82.0 120.60000000000001
196.79999999999998 86.1 -120.60000000000001
196.79999999999998 86.1 -100.5
196.79999999999998 86.1 -80.4
196.79999999999998 86.1 -60.300000000000004
196.79999999999998 86.1 -40.2
196.79999999999998 86.1 -20.1
196.79999999999998 86.1 0.0
196.79999999999998 86.1 20.1
196.79999999999998 86.1 40.2
196.79999999999998 86.1 60.300000000000004
196.79999999999998 86.1 80.4
196.79999999999998 86.1 100.5
196.79999999999998 86.1 120.60000000000001
196.79999999999998 90.19999999999999 -120.60000000000001
196.79999999999998 90.19999999999999 -100.5
196.79999999999998 90.19999999999999 -80.4
196.79999999999998 90.19999999999999 -60.300000000000004
196.79999999999998 90.19999999999999 -40.2
196.79999999999998 90.19999999999999 -20.1
196.79999999999998 90.19999999999999 0.0
196.79999999999998 90.19999999999999 20.1
196.79999999999998 90.19999999999999 40.2
196.79999999999998 90.19999999999999 60.300000000000004
196.79999999999998 90.19999999999999 80.4
196.79999999999998 90.19999999999999 100.5
196.79999999999998 90.19999999999999 120.60000000000001
200.89999999999998 -82.0 -120.60000000000001
200.89999999999998 -82.0 -100.5
200.89999999999998 -82.0 -80.4
200.89999999999998 -82.0 -60.300000000000004
200.89999999999998 -82.0 -40.2
200.89999999999998 -82.0 -20.1
200.89999999999998 -82.0 0.0
200.89999999999998 -82.0 20.1
200.89999999999998 -82.0 40.2
200.89999999999998 -82.0 60.300000000000004
200.89999999999998 -82.0 80.4
200.89999999999998 -82.0 100.5
200.89999999999998 -82.0 120.60000000000001
200.89999999999998 -77.89999999999999 -120.60000000000001
200.89999999999998 -77.89999999999999 -100.5
200.89999999999998 -77.89999999999999 -80.4
200.89999999999998 -77.89999999999999 -60.300000000000004
200.89999999999998 -77.89999999999999 -40.2
200.89999999999998 -77.89999999999999 -20.1
200.89999999999998 -77.89999999999999 0.0
200.89999999999998 -77.89999999999999 20.1
200.89999999999998 -77.89999999999999 40.2
200.89999999999998 -77.89999999999999 60.300000000000004
200.89999999999998 -77.89999999999999 80.4
200.89999999999998 -77.89999999999999 100.5
200.89999999999998 -77.89999999999999 120.60000000000001
200.89999999999998 -73.8 -120.60000000000001
200.89999999999998 -73.8 -100.5
200.89999999999998 -73.8 -80.4
200.89999999999998 -73.8 -60.300000000000004
200.89999999999998 -73.8 -40.2
200.89999999999998 -73.8 -20.1
200.89999999999998 -73.8 0.0
200.89999999999998 -73.8 20.1
200.89999999999998 -73.8 40.2
200.89999999999998 -73.8 60.300000000000004
200.89999999999998 -73.8 80.4
200.89999999999998 -73.8 100.5
200.89999999999998 -73.8 120.60000000000001
200.89999999999998 -69.69999999999999 -120.60000000000001
200.89999999999998 -69.69999999999999 -100.5
200.89999999999998 -69.69999999999999 -80.4
200.89999999999998 -69.69999999999999 -60.300000000000004
200.89999999999998 -69.69999999999999 -40.2
200.89999999999998 -69.69999999999999 -20.1
200.89999999999998 -69.69999999999999 0.0
200.89999999999998 -69.69999999999999 20.1
200.89999999999998 -69.69999999999999 40.2
200.89999999999998 -69.69999999999999 60.300000000000004
200.89999999999998 -69.69999999999999 80.4
200.89999999999998 -69.69999999999999 100.5
200.89999999999998 -69.69999999999999 120.60000000000001
200.89999999999998 -65.6 -120.60000000000001
200.89999999999998 -65.6 -100.5
200.89999999999998 -65.6 -80.4
200.89999999999998 -65.6 -60.300000000000004
200.89999999999998 -65.6 -40.2
200.89999999999998 -65.6 -20.1
200.89999999999998 -65.6 0.0
200.89999999999998 -65.6 20.1
200.89999999999998 -65.6 40.2
200.89999999999998 -65.6 60.300000000000004
200.89999999999998 -65.6 80.4
200.89999999999998 -65.6 100.5
200.89999999999998 -65.6 120.60000000000001
200.89999999999998 -61.49999999999999 -120.60000000000001
200.89999999999998 -61.49999999999999 -100.5
200.89999999999998 -61.49999999999999 -80.4
200.89999999999998 -61.49999999999999 -60.300000000000004
200.89999999999998 -61.49999999999999 -40.2
200.89999999999998 -61.49999999999999 -20.1
200.89999999999998 -61.49999999999999 0.0
200.89999999999998 -61.49999999999999 20.1
200.89999999999998 -61.49999999999999 40.2
200.89999999999998 -61.49999999999999 60.300000000000004
200.89999999999998 -61.49999999999999 80.4
200.89999999999998 -61.49999999999999 100.5
200.89999999999998 -61.49999999999999 120.60000000000001
200.89999999999998 -57.39999999999999 -120.60000000000001
200.89999999999998 -57.39999999999999 -100.5
200.89999999999998 -57.39999999999999 -80.4
200.89999999999998 -57.39999999999999 -60.300000000000004
200.89999999999998 -57.39999999999999 -40.2
200.89999999999998 -57.39999999999999 -20.1
200.89999999999998 -57.39999999999999 0.0
200.89999999999998 -57.39999999999999 20.1
200.89999999999998 -57.39999999999999 40.2
200.89999999999998 -57.39999999999999 60.300000000000004
200.89999999999998 -57.39999999999999 80.4
200.89999999999998 -57.39999999999999 100.5
200.89999999999998 -57.39999999999999 120.60000000000001
200.89999999999998 -53.3 -120.60000000000001
200.89999999999998 -53.3 -100.5
200.89999999999998 -53.3 -80.4
200.89999999999998 -53.3 -60.300000000000004
200.89999999999998 -53.3 -40.2
200.89999999999998 -53.3 -20.1
200.89999999999998 -53.3 0.0
200.89999999999998 -53.3 20.1
200.89999999999998 -53.3 40.2
200.89999999999998 -53.3 60.300000000000004
200.89999999999998 -53.3 80.4
200.89999999999998 -53.3 100.5
200.89999999999998 -53.3 120.60000000000001
200.89999999999998 -49.199999999999996 -120.60000000000001
200.89999999999998 -49.199999999999996 -100.5
200.89999999999998 -49.199999999999996 -80.4
200.89999999999998 -49.199999999999996 -60.300000000000004
200.89999999999998 -49.199999999999996 -40.2
200.89999999999998 -49.199999999999996 -20.1
200.89999999999998 -49.199999999999996 0.0
200.89999999999998 -49.199999999999996 20.1
200.89999999999998 -49.199999999999996 40.2
200.89999999999998 -49.199999999999996 60.300000000000004
200.89999999999998 -49.199999999999996 80.4
200.89999999999998 -49.199999999999996 100.5
200.89999999999998 -49.199999999999996 120.60000000000001
200.89999999999998 -45.099999999999994 -120.60000000000001
200.89999999999998 -45.099999999999994 -100.5
200.89999999999998 -45.099999999999994 -80.4
200.89999999999998 -45.099999999999994 -60.300000000000004
200.89999999999998 -45.099999999999994 -40.2
200.89999999999998 -45.099999999999994 -20.1
200.89999999999998 -45.099999999999994 0.0
200.89999999999998 -45.099999999999994 20.1
200.89999999999998 -45.099999999999994 40.2
200.89999999999998 -45.099999999999994 60.300000000000004
200.89999999999998 -45.099999999999994 80.4
200.89999999999998 -45.099999999999994 100.5
200.89999999999998 -45.099999999999994 120.60000000000001
200.89999999999998 -41.0 -120.60000000000001
200.89999999999998 -41.0 -100.5
200.89999999999998 -41.0 -80.4
200.89999999999998 -41.0 -60.300000000000004
200.89999999999998 -41.0 -40.2
200.89999999999998 -41.0 -20.1
200.89999999999998 -41.0 0.0
200.89999999999998 -41.0 20.1
200.89999999999998 -41.0 40.2
200.89999999999998 -41.0 60.300000000000004
200.89999999999998 -41.0 80.4
200.89999999999998 -41.0 100.5
200.89999999999998 -41.0 120.60000000000001
200.89999999999998 -36.9 -120.60000000000001
200.89999999999998 -36.9 -100.5
200.89999999999998 -36.9 -80.4
200.89999999999998 -36.9 -60.300000000000004
200.89999999999998 -36.9 -40.2
200.89999999999998 -36.9 -20.1
200.89999999999998 -36.9 0.0
200.89999999999998 -36.9 20.1
200.89999999999998 -36.9 40.2
200.89999999999998 -36.9 60.300000000000004
200.89999999999998 -36.9 80.4
200.89999999999998 -36.9 100.5
200.89999999999998 -36.9 120.60000000000001
200.89999999999998 -32.8 -120.60000000000001
200.89999999999998 -32.8 -100.5
200.89999999999998 -32.8 -80.4
200.89999999999998 -32.8 -60.300000000000004
200.89999999999998 -32.8 -40.2
200.89999999999998 -32.8 -20.1
200.89999999999998 -32.8 0.0
200.89999999999998 -32.8 20.1
200.89999999999998 -32.8 40.2
200.89999999999998 -32.8 60.300000000000004
200.89999999999998 -32.8 80.4
200.89999999999998 -32.8 100.5
200.89999999999998 -32.8 120.60000000000001
200.89999999999998 -28.699999999999996 -120.60000000000001
200.89999999999998 -28.699999999999996 -100.5
200.89999999999998 -28.699999999999996 -80.4
200.89999999999998 -28.699999999999996 -60.300000000000004
200.89999999999998 -28.699999999999996 -40.2
200.89999999999998 -28.699999999999996 -20.1
200.89999999999998 -28.699999999999996 0.0
200.89999999999998 -28.699999999999996 20.1
200.89999999999998 -28.699999999999996 40.2
200.89999999999998 -28.699999999999996 60.300000000000004
200.89999999999998 -28.699999999999996 80.4
200.89999999999998 -28.699999999999996 100.5
200.89999999999998 -28.699999999999996 120.60000000000001
200.89999999999998 -24.599999999999998 -120.60000000000001
200.89999999999998 -24.599999999999998 -100.5
200.89999999999998 -24.599999999999998 -80.4
200.89999999999998 -24.599999999999998 -60.300000000000004
200.89999999999998 -24.599999999999998 -40.2
200.89999999999998 -24.599999999999998 -20.1
200.89999999999998 -24.599999999999998 0.0
200.89999999999998 -24.599999999999998 20.1
200.89999999999998 -24.599999999999998 40.2
200.89999999999998 -24.599999999999998 60.300000000000004
200.89999999999998 -24.599999999999998 80.4
200.89999999999998 -24.599999999999998 100.5
200.89999999999998 -24.599999999999998 120.60000000000001
200.89999999999998 -20.5 -120.60000000000001
200.89999999999998 -20.5 -100.5
200.89999999999998 -20.5 -80.4
200.89999999999998 -20.5 -60.300000000000004
200.89999999999998 -20.5 -40.2
200.89999999999998 -20.5 -20.1
200.89999999999998 -20.5 0.0
200.89999999999998 -20.5 20.1
200.89999999999998 -20.5 40.2
200.89999999999998 -20.5 60.300000000000004
200.89999999999998 -20.5 80.4
200.89999999999998 -20.5 100.5
200.89999999999998 -20.5 120.60000000000001
200.89999999999998 -16.4 -120.60000000000001
200.89999999999998 -16.4 -100.5
200.89999999999998 -16.4 -80.4
200.89999999999998 -16.4 -60.300000000000004
200.89999999999998 -16.4 -40.2
200.89999999999998 -16.4 -20.1
200.89999999999998 -16.4 0.0
200.89999999999998 -16.4 20.1
200.89999999999998 -16.4 40.2
200.89999999999998 -16.4 60.300000000000004
200.89999999999998 -16.4 80.4
200.89999999999998 -16.4 100.5
200.89999999999998 -16.4 120.60000000000001
200.89999999999998 -12.299999999999999 -120.60000000000001
200.89999999999998 -12.299999999999999 -100.5
200.89999999999998 -12.299999999999999 -80.4
200.89999999999998 -12.299999999999999 -60.300000000000004
200.89999999999998 -12.299999999999999 -40.2
200.89999999999998 -12.299999999999999 -20.1
200.89999999999998 -12.299999999999999 0.0
200.89999999999998 -12.299999999999999 20.1
200.89999999999998 -12.299999999999999 40.2
200.89999999999998 -12.299999999999999 60.300000000000004
200.89999999999998 -12.299999999999999 80.4
200.89999999999998 -12.299999999999999 100.5
200.89999999999998 -12.299999999999999 120.60000000000001
200.89999999999998 -8.2 -120.60000000000001
200.89999999999998 -8.2 -100.5
200.89999999999998 -8.2 -80.4
200.89999999999998 -8.2 -60.300000000000004
200.89999999999998 -8.2 -40.2
200.89999999999998 -8.2 -20.1
200.89999999999998 -8.2 0.0
200.89999999999998 -8.2 20.1
200.89999999999998 -8.2 40.2
200.89999999999998 -8.2 60.300000000000004
200.89999999999998 -8.2 80.4
200.89999999999998 -8.2 100.5
200.89999999999998 -8.2 120.60000000000001
200.89999999999998 -4.1 -120.60000000000001
200.89999999999998 -4.1 -100.5
200.89999999999998 -4.1 -80.4
200.89999999999998 -4.1 -60.300000000000004
200.89999999999998 -4.1 -40.2
200.89999999999998 -4.1 -20.1
200.89999999999998 -4.1 0.0
200.89999999999998 -4.1 20.1
200.89999999999998 -4.1 40.2
200.89999999999998 -4.1 60.300000000000004
200.89999999999998 -4.1 80.4
200.89999999999998 -4.1 100.5
200.89999999999998 -4.1 120.60000000000001
200.89999999999998 0.0 -120.60000000000001
200.89999999999998 0.0 -100.5
200.89999999999998 0.0 -80.4
200.89999999999998 0.0 -60.300000000000004
200.89999999999998 0.0 -40.2
200.89999999999998 0.0 -20.1
200.89999999999998 0.0 0.0
200.89999999999998 0.0 20.1
200.89999999999998 0.0 40.2
200.89999999999998 0.0 60.300000000000004
200.89999999999998 0.0 80.4
200.89999999999998 0.0 100.5
200.89999999999998 0.0 120.60000000000001
200.89999999999998 4.1 -120.60000000000001
200.89999999999998 4.1 -100.5
200.89999999999998 4.1 -80.4
200.89999999999998 4.1 -60.300000000000004
200.89999999999998 4.1 -40.2
200.89999999999998 4.1 -20.1
200.89999999999998 4.1 0.0
200.89999999999998 4.1 20.1
200.89999999999998 4.1 40.2
200.89999999999998 4.1 60.300000000000004
200.89999999999998 4.1 80.4
200.89999999999998 4.1 100.5
200.89999999999998 4.1 120.60000000000001
200.89999999999998 8.2 -120.60000000000001
200.89999999999998 8.2 -100.5
200.89999999999998 8.2 -80.4
200.89999999999998 8.2 -60.300000000000004
200.89999999999998 8.2 -40.2
200.89999999999998 8.2 -20.1
200.89999999999998 8.2 0.0
200.89999999999998 8.2 20.1
200.89999999999998 8.2 40.2
200.89999999999998 8.2 60.300000000000004
200.89999999999998 8.2 80.4
200.89999999999998 8.2 100.5
200.89999999999998 8.2 120.60000000000001
200.89999999999998 12.299999999999999 -120.60000000000001
200.89999999999998 12.299999999999999 -100.5
200.89999999999998 12.299999999999999 -80.4
200.89999999999998 12.299999999999999 -60.300000000000004
200.89999999999998 12.299999999999999 -40.2
200.89999999999998 12.299999999999999 -20.1
200.89999999999998 12.299999999999999 0.0
200.89999999999998 12.299999999999999 20.1
200.89999999999998 12.299999999999999 40.2
200.89999999999998 12.299999999999999 60.300000000000004
200.89999999999998 12.299999999999999 80.4
200.89999999999998 12.299999999999999 100.5
200.89999999999998 12.299999999999999 120.60000000000001
200.89999999999998 16.4 -120.60000000000001
200.89999999999998 16.4 -100.5
200.89999999999998 16.4 -80.4
200.89999999999998 16.4 -60.300000000000004
200.89999999999998 16.4 -40.2
200.89999999999998 16.4 -20.1
200.89999999999998 16.4 0.0
200.89999999999998 16.4 20.1
200.89999999999998 16.4 40.2
200.89999999999998 16.4 60.300000000000004
200.89999999999998 16.4 80.4
200.89999999999998 16.4 100.5
200.89999999999998 16.4 120.60000000000001
200.89999999999998 20.5 -120.60000000000001
200.89999999999998 20.5 -100.5
200.89999999999998 20.5 -80.4
200.89999999999998 20.5 -60.300000000000004
200.89999999999998 20.5 -40.2
200.89999999999998 20.5 -20.1
200.89999999999998 20.5 0.0
200.89999999999998 20.5 20.1
200.89999999999998 20.5 40.2
200.89999999999998 20.5 60.300000000000004
200.89999999999998 20.5 80.4
200.89999999999998 20.5 100.5
200.89999999999998 20.5 120.60000000000001
200.89999999999998 24.599999999999998 -120.60000000000001
200.89999999999998 24.599999999999998 -100.5
200.89999999999998 24.599999999999998 -80.4
200.89999999999998 24.599999999999998 -60.300000000000004
200.89999999999998 24.599999999999998 -40.2
200.89999999999998 24.599999999999998 -20.1
200.89999999999998 24.599999999999998 0.0
200.89999999999998 24.599999999999998 20.1
200.89999999999998 24.599999999999998 40.2
200.89999999999998 24.599999999999998 60.300000000000004
200.89999999999998 24.599999999999998 80.4
200.89999999999998 24.599999999999998 100.5
200.89999999999998 24.599999999999998 120.60000000000001
200.89999999999998 28.699999999999996 -120.60000000000001
200.89999999999998 28.699999999999996 -100.5
200.89999999999998 28.699999999999996 -80.4
200.89999999999998 28.699999999999996 -60.300000000000004
200.89999999999998 28.699999999999996 -40.2
200.89999999999998 28.699999999999996 -20.1
200.89999999999998 28.699999999999996 0.0
200.89999999999998 28.699999999999996 20.1
200.89999999999998 28.699999999999996 40.2
200.89999999999998 28.699999999999996 60.300000000000004
200.89999999999998 28.699999999999996 80.4
200.89999999999998 28.699999999999996 100.5
200.89999999999998 28.699999999999996 120.60000000000001
200.89999999999998 32.8 -120.60000000000001
200.89999999999998 32.8 -100.5
200.89999999999998 32.8 -80.4
200.89999999999998 32.8 -60.300000000000004
200.89999999999998 32.8 -40.2
200.89999999999998 32.8 -20.1
200.89999999999998 32.8 0.0
200.89999999999998 32.8 20.1
200.89999999999998 32.8 40.2
200.89999999999998 32.8 60.300000000000004
200.89999999999998 32.8 80.4
200.89999999999998 32.8 100.5
200.89999999999998 32.8 120.60000000000001
200.89999999999998 36.9 -120.60000000000001
200.89999999999998 36.9 -100.5
200.89999999999998 36.9 -80.4
200.89999999999998 36.9 -60.300000000000004
200.89999999999998 36.9 -40.2
200.89999999999998 36.9 -20.1
200.89999999999998 36.9 0.0
200.89999999999998 36.9 20.1
200.89999999999998 36.9 40.2
200.89999999999998 36.9 60.300000000000004
200.89999999999998 36.9 80.4
200.89999999999998 36.9 100.5
200.89999999999998 36.9 120.60000000000001
200.89999999999998 41.0 -120.60000000000001
200.89999999999998 41.0 -100.5
200.89999999999998 41.0 -80.4
200.89999999999998 41.0 -60.300000000000004
200.89999999999998 41.0 -40.2
200.89999999999998 41.0 -20.1
200.89999999999998 41.0 0.0
200.89999999999998 41.0 20.1
200.89999999999998 41.0 40.2
200.89999999999998 41.0 60.300000000000004
200.89999999999998 41.0 80.4
200.89999999999998 41.0 100.5
200.89999999999998 41.0 120.60000000000001
200.89999999999998 45.099999999999994 -120.60000000000001
200.89999999999998 45.099999999999994 -100.5
200.89999999999998 45.099999999999994 -80.4
200.89999999999998 45.099999999999994 -60.300000000000004
200.89999999999998 45.099999999999994 -40.2
200.89999999999998 45.099999999999994 -20.1
200.89999999999998 45.099999999999994 0.0
200.89999999999998 45.099999999999994 20.1
200.89999999999998 45.099999999999994 40.2
200.89999999999998 45.099999999999994 60.300000000000004
200.89999999999998 45.099999999999994 80.4
200.89999999999998 45.099999999999994 100.5
200.89999999999998 45.099999999999994 120.60000000000001
200.89999999999998 49.199999999999996 -120.60000000000001
200.89999999999998 49.199999999999996 -100.5
200.89999999999998 49.199999999999996 -80.4
200.89999999999998 49.199999999999996 -60.300000000000004
200.89999999999998 49.199999999999996 -40.2
200.89999999999998 49.199999999999996 -20.1
200.89999999999998 49.199999999999996 0.0
200.89999999999998 49.199999999999996 20.1
200.89999999999998 49.199999999999996 40.2
200.89999999999998 49.199999999999996 60.300000000000004
200.89999999999998 49.199999999999996 80.4
200.89999999999998 49.199999999999996 100.5
200.89999999999998 49.199999999999996 120.60000000000001
200.89999999999998 53.3 -120.60000000000001
200.89999999999998 53.3 -100.5
200.89999999999998 53.3 -80.4
200.89999999999998 53.3 -60.300000000000004
200.89999999999998 53.3 -40.2
200.89999999999998 53.3 -20.1
200.89999999999998 53.3 0.0
200.89999999999998 53.3 20.1
200.89999999999998 53.3 40.2
200.89999999999998 53.3 60.300000000000004
200.89999999999998 53.3 80.4
200.89999999999998 53.3 100.5
200.89999999999998 53.3 120.60000000000001
200.89999999999998 57.39999999999999 -120.60000000000001
200.89999999999998 57.39999999999999 -100.5
200.89999999999998 57.39999999999999 -80.4
200.89999999999998 57.39999999999999 -60.300000000000004
200.89999999999998 57.39999999999999 -40.2
200.89999999999998 57.39999999999999 -20.1
200.89999999999998 57.39999999999999 0.0
200.89999999999998 57.39999999999999 20.1
200.89999999999998 57.39999999999999 40.2
200.89999999999998 57.39999999999999 60.300000000000004
200.89999999999998 57.39999999999999 80.4
200.89999999999998 57.39999999999999 100.5
200.89999999999998 57.39999999999999 120.60000000000001
200.89999999999998 61.49999999999999 -120.60000000000001
200.89999999999998 61.49999999999999 -100.5
200.89999999999998 61.49999999999999 -80.4
200.89999999999998 61.49999999999999 -60.300000000000004
200.89999999999998 61.49999999999999 -40.2
200.89999999999998 61.49999999999999 -20.1
200.89999999999998 61.49999999999999 0.0
200.89999999999998 61.49999999999999 20.1
200.89999999999998 61.49999999999999 40.2
200.89999999999998 61.49999999999999 60.300000000000004
200.89999999999998 61.49999999999999 80.4
200.89999999999998 61.49999999999999 100.5
200.89999999999998 61.49999999999999 120.60000000000001
200.89999999999998 65.6 -120.60000000000001
200.89999999999998 65.6 -100.5
200.89999999999998 65.6 -80.4
200.89999999999998 65.6 -60.300000000000004
200.89999999999998 65.6 -40.2
200.89999999999998 65.6 -20.1
200.89999999999998 65.6 0.0
200.89999999999998 65.6 20.1
200.89999999999998 65.6 40.2
200.89999999999998 65.6 60.300000000000004
200.89999999999998 65.6 80.4
200.89999999999998 65.6 100.5
200.89999999999998 65.6 120.60000000000001
200.89999999999998 69.69999999999999 -120.60000000000001
200.89999999999998 69.69999999999999 -100.5
200.89999999999998 69.69999999999999 -80.4
200.89999999999998 69.69999999999999 -60.300000000000004
200.89999999999998 69.69999999999999 -40.2
200.89999999999998 69.69999999999999 -20.1
200.89999999999998 69.69999999999999 0.0
200.89999999999998 69.69999999999999 20.1
200.89999999999998 69.69999999999999 40.2
200.89999999999998 69.69999999999999 60.300000000000004
200.89999999999998 69.69999999999999 80.4
200.89999999999998 69.69999999999999 100.5
200.89999999999998 69.69999999999999 120.60000000000001
200.89999999999998 73.8 -120.60000000000001
200.89999999999998 73.8 -100.5
200.89999999999998 73.8 -80.4
200.89999999999998 73.8 -60.300000000000004
200.89999999999998 73.8 -40.2
200.89999999999998 73.8 -20.1
200.89999999999998 73.8 0.0
200.89999999999998 73.8 20.1
200.89999999999998 73.8 40.2
200.89999999999998 73.8 60.300000000000004
200.89999999999998 73.8 80.4
200.89999999999998 73.8 100.5
200.89999999999998 73.8 120.60000000000001
200.89999999999998 77.89999999999999 -120.60000000000001
200.89999999999998 77.89999999999999 -100.5
200.89999999999998 77.89999999999999 -80.4
200.89999999999998 77.89999999999999 -60.300000000000004
200.89999999999998 77.89999999999999 -40.2
200.89999999999998 77.89999999999999 -20.1
200.89999999999998 77.89999999999999 0.0
200.89999999999998 77.89999999999999 20.1
200.89999999999998 77.89999999999999 40.2
200.89999999999998 77.89999999999999 60.300000000000004
200.89999999999998 77.89999999999999 80.4
200.89999999999998 77.89999999999999 100.5
200.89999999999998 77.89999999999999 120.60000000000001
200.89999999999998 82.0 -120.60000000000001
200.89999999999998 82.0 -100.5
200.89999999999998 82.0 -80.4
200.89999999999998 82.0 -60.300000000000004
200.89999999999998 82.0 -40.2
200.89999999999998 82.0 -20.1
200.89999999999998 82.0 0.0
200.89999999999998 82.0 20.1
200.89999999999998 82.0 40.2
200.89999999999998 82.0 60.300000000000004
200.89999999999998 82.0 80.4
200.89999999999998 82.0 100.5
200.89999999999998 82.0 120.60000000000001
204.99999999999997 -69.69999999999999 -120.60000000000001
204.99999999999997 -69.69999999999999 -100.5
204.99999999999997 -69.69999999999999 -80.4
204.99999999999997 -69.69999999999999 -60.300000000000004
204.99999999999997 -69.69999999999999 -40.2
204.99999999999997 -69.69999999999999 -20.1
204.99999999999997 -69.69999999999999 0.0
204.99999999999997 -69.69999999999999 20.1
204.99999999999997 -69.69999999999999 40.2
204.99999999999997 -69.69999999999999 60.300000000000004
204.99999999999997 -69.69999999999999 80.4
204.99999999999997 -69.69999999999999 100.5
204.99999999999997 -69.69999999999999 120.60000000000001
204.99999999999997 -65.6 -120.60000000000001
204.99999999999997 -65.6 -100.5
204.99999999999997 -65.6 -80.4
204.99999999999997 -65.6 -60.300000000000004
204.99999999999997 -65.6 -40.2
204.99999999999997 -65.6 -20.1
204.99999999999997 -65.6 0.0
204.99999999999997 -65.6 20.1
204.99999999999997 -65.6 40.2
204.99999999999997 -65.6 60.300000000000004
204.99999999999997 -65.6 80.4
204.99999999999997 -65.6 100.5
204.99999999999997 -65.6 120.60000000000001
204.99999999999997 -61.49999999999999 -120.60000000000001
204.99999999999997 -61.49999999999999 -100.5
204.99999999999997 -61.49999999999999 -80.4
204.99999999999997 -61.49999999999999 -60.300000000000004
204.99999999999997 -61.49999999999999 -40.2
204.99999999999997 -61.49999999999999 -20.1
204.99999999999997 -61.49999999999999 0.0
204.99999999999997 -61.49999999999999 20.1
204.99999999999997 -61.49999999999999 40.2
204.99999999999997 -61.49999999999999 60.300000000000004
204.99999999999997 -61.49999999999999 80.4
204.99999999999997 -61.49999999999999 100.5
204.99999999999997 -61.49999999999999 120.60000000000001
204.99999999999997 -57.39999999999999 -120.60000000000001
204.99999999999997 -57.39999999999999 -100.5
204.99999999999997 -57.39999999999999 -80.4
204.99999999999997 -57.39999999999999 -60.300000000000004
204.99999999999997 -57.39999999999999 -40.2
204.99999999999997 -57.39999999999999 -20.1
204.99999999999997 -57.39999999999999 0.0
204.99999999999997 -57.39999999999999 20.1
204.99999999999997 -57.39999999999999 40.2
204.99999999999997 -57.39999999999999 60.300000000000004
204.99999999999997 -57.39999999999999 80.4
204.99999999999997 -57.39999999999999 100.5
204.99999999999997 -57.39999999999999 120.60000000000001
204.99999999999997 -53.3 -120.60000000000001
204.99999999999997 -53.3 -100.5
204.99999999999997 -53.3 -80.4
204.99999999999997 -53.3 -60.300000000000004
204.99999999999997 -53.3 -40.2
204.99999999999997 -53.3 -20.1
204.99999999999997 -53.3 0.0
204.99999999999997 -53.3 20.1
204.99999999999997 -53.3 40.2
204.99999999999997 -53.3 60.300000000000004
204.99999999999997 -53.3 80.4
204.99999999999997 -53.3 100.5
204.99999999999997 -53.3 120.60000000000001
204.99999999999997 -49.199999999999996 -120.60000000000001
204.99999999999997 -49.199999999999996 -100.5
204.99999999999997 -49.199999999999996 -80.4
204.99999999999997 -49.199999999999996 -60.300000000000004
204.99999999999997 -49.199999999999996 -40.2
204.99999999999997 -49.199999999999996 -20.1
204.99999999999997 -49.199999999999996 0.0
204.99999999999997 -49.199999999999996 20.1
204.99999999999997 -49.199999999999996 40.2
204.99999999999997 -49.199999999999996 60.300000000000004
204.99999999999997 -49.199999999999996 80.4
204.99999999999997 -49.199999999999996 100.5
204.99999999999997 -49.199999999999996 120.60000000000001
204.99999999999997 -45.099999999999994 -120.60000000000001
204.99999999999997 -45.099999999999994 -100.5
204.99999999999997 -45.099999999999994 -80.4
204.99999999999997 -45.099999999999994 -60.300000000000004
204.99999999999997 -45.099999999999994 -40.2
204.99999999999997 -45.099999999999994 -20.1
204.99999999999997 -45.099999999999994 0.0
204.99999999999997 -45.099999999999994 20.1
204.99999999999997 -45.099999999999994 40.2
204.99999999999997 -45.099999999999994 60.300000000000004
204.99999999999997 -45.099999999999994 80.4
204.99999999999997 -45.099999999999994 100.5
204.99999999999997 -45.099999999999994 120.60000000000001
204.99999999999997 -41.0 -120.60000000000001
204.99999999999997 -41.0 -100.5
204.99999999999997 -41.0 -80.4
204.99999999999997 -41.0 -60.300000000000004
204.99999999999997 -41.0 -40.2
204.99999999999997 -41.0 -20.1
204.99999999999997 -41.0 0.0
204.99999999999997 -41.0 20.1
204.99999999999997 -41.0 40.2
204.99999999999997 -41.0 60.300000000000004
204.99999999999997 -41.0 80.4
204.99999999999997 -41.0 100.5
204.99999999999997 -41.0 120.60000000000001
204.99999999999997 -36.9 -120.60000000000001
204.99999999999997 -36.9 -100.5
204.99999999999997 -36.9 -80.4
204.99999999999997 -36.9 -60.300000000000004
204.99999999999997 -36.9 -40.2
204.99999999999997 -36.9 -20.1
204.99999999999997 -36.9 0.0
204.99999999999997 -36.9 20.1
204.99999999999997 -36.9 40.2
204.99999999999997 -36.9 60.300000000000004
204.99999999999997 -36.9 80.4
204.99999999999997 -36.9 100.5
204.99999999999997 -36.9 120.60000000000001
204.99999999999997 -32.8 -120.60000000000001
204.99999999999997 -32.8 -100.5
204.99999999999997 -32.8 -80.4
204.99999999999997 -32.8 -60.300000000000004
204.99999999999997 -32.8 -40.2
204.99999999999997 -32.8 -20.1
204.99999999999997 -32.8 0.0
204.99999999999997 -32.8 20.1
204.99999999999997 -32.8 40.2
204.99999999999997 -32.8 60.300000000000004
204.99999999999997 -32.8 80.4
204.99999999999997 -32.8 100.5
204.99999999999997 -32.8 120.60000000000001
204.99999999999997 -28.699999999999996 -120.60000000000001
204.99999999999997 -28.699999999999996 -100.5
204.99999999999997 -28.699999999999996 -80.4
204.99999999999997 -28.699999999999996 -60.300000000000004
204.99999999999997 -28.699999999999996 -40.2
204.99999999999997 -28.699999999999996 -20.1
204.99999999999997 -28.699999999999996 0.0
204.99999999999997 -28.699999999999996 20.1
204.99999999999997 -28.699999999999996 40.2
204.99999999999997 -28.699999999999996 60.300000000000004
204.99999999999997 -28.699999999999996 80.4
204.99999999999997 -28.699999999999996 100.5
204.99999999999997 -28.699999999999996 120.60000000000001
204.99999999999997 -24.599999999999998 -120.60000000000001
204.99999999999997 -24.599999999999998 -100.5
204.99999999999997 -24.599999999999998 -80.4
204.99999999999997 -24.599999999999998 -60.300000000000004
204.99999999999997 -24.599999999999998 -40.2
204.99999999999997 -24.599999999999998 -20.1
204.99999999999997 -24.599999999999998 0.0
204.99999999999997 -24.599999999999998 20.1
204.99999999999997 -24.599999999999998 40.2
204.99999999999997 -24.599999999999998 60.300000000000004
204.99999999999997 -24.599999999999998 80.4
204.99999999999997 -24.599999999999998 100.5
204.99999999999997 -24.599999999999998 120.60000000000001
204.99999999999997 -20.5 -120.60000000000001
204.99999999999997 -20.5 -100.5
204.99999999999997 -20.5 -80.4
204.99999999999997 -20.5 -60.300000000000004
204.99999999999997 -20.5 -40.2
204.99999999999997 -20.5 -20.1
204.99999999999997 -20.5 0.0
204.99999999999997 -20.5 20.1
204.99999999999997 -20.5 40.2
204.99999999999997 -20.5 60.300000000000004
204.99999999999997 -20.5 80.4
204.99999999999997 -20.5 100.5
204.99999999999997 -20.5 120.60000000000001
204.99999999999997 -16.4 -120.60000000000001
204.99999999999997 -16.4 -100.5
204.99999999999997 -16.4 -80.4
204.99999999999997 -16.4 -60.300000000000004
204.99999999999997 -16.4 -40.2
204.99999999999997 -16.4 -20.1
204.99999999999997 -16.4 0.0
204.99999999999997 -16.4 20.1
204.99999999999997 -16.4 40.2
204.99999999999997 -16.4 60.300000000000004
204.99999999999997 -16.4 80.4
204.99999999999997 -16.4 100.5
204.99999999999997 -16.4 120.60000000000001
204.99999999999997 -12.299999999999999 -120.60000000000001
204.99999999999997 -12.299999999999999 -100.5
204.99999999999997 -12.299999999999999 -80.4
204.99999999999997 -12.299999999999999 -60.300000000000004
204.99999999999997 -12.299999999999999 -40.2
204.99999999999997 -12.299999999999999 -20.1
204.99999999999997 -12.299999999999999 0.0
204.99999999999997 -12.299999999999999 20.1
204.99999999999997 -12.299999999999999 40.2
204.99999999999997 -12.299999999999999 60.300000000000004
204.99999999999997 -12.299999999999999 80.4
204.99999999999997 -12.299999999999999 100.5
204.99999999999997 -12.299999999999999 120.60000000000001
204.99999999999997 -8.2 -120.60000000000001
204.99999999999997 -8.2 -100.5
204.99999999999997 -8.2 -80.4
204.99999999999997 -8.2 -60.300000000000004
204.99999999999997 -8.2 -40.2
204.99999999999997 -8.2 -20.1
204.99999999999997 -8.2 0.0
204.99999999999997 -8.2 20.1
204.99999999999997 -8.2 40.2
204.99999999999997 -8.2 60.300000000000004
204.99999999999997 -8.2 80.4
204.99999999999997 -8.2 100.5
204.99999999999997 -8.2 120.60000000000001
204.99999999999997 -4.1 -120.60000000000001
204.99999999999997 -4.1 -100.5
204.99999999999997 -4.1 -80.4
204.99999999999997 -4.1 -60.300000000000004
204.99999999999997 -4.1 -40.2
204.99999999999997 -4.1 -20.1
204.99999999999997 -4.1 0.0
204.99999999999997 -4.1 20.1
204.99999999999997 -4.1 40.2
204.99999999999997 -4.1 60.300000000000004
204.99999999999997 -4.1 80.4
204.99999999999997 -4.1 100.5
204.99999999999997 -4.1 120.60000000000001
204.99999999999997 0.0 -120.60000000000001
204.99999999999997 0.0 -100.5
204.99999999999997 0.0 -80.4
204.99999999999997 0.0 -60.300000000000004
204.99999999999997 0.0 -40.2
204.99999999999997 0.0 -20.1
204.99999999999997 0.0 0.0
204.99999999999997 0.0 20.1
204.99999999999997 0.0 40.2
204.99999999999997 0.0 60.300000000000004
204.99999999999997 0.0 80.4
204.99999999999997 0.0 100.5
204.99999999999997 0.0 120.60000000000001
204.99999999999997 4.1 -120.60000000000001
204.99999999999997 4.1 -100.5
204.99999999999997 4.1 -80.4
204.99999999999997 4.1 -60.300000000000004
204.99999999999997 4.1 -40.2
204.99999999999997 4.1 -20.1
204.99999999999997 4.1 0.0
204.99999999999997 4.1 20.1
204.99999999999997 4.1 40.2
204.99999999999997 4.1 60.300000000000004
204.99999999999997 4.1 80.4
204.99999999999997 4.1 100.5
204.99999999999997 4.1 120.60000000000001
204.99999999999997 8.2 -120.60000000000001
204.99999999999997 8.2 -100.5
204.99999999999997 8.2 -80.4
204.99999999999997 8.2 -60.300000000000004
204.99999999999997 8.2 -40.2
204.99999999999997 8.2 -20.1
204.99999999999997 8.2 0.0
204.99999999999997 8.2 20.1
204.99999999999997 8.2 40.2
204.99999999999997 8.2 60.300000000000004
204.99999999999997 8.2 80.4
204.99999999999997 8.2 100.5
204.99999999999997 8.2 120.60000000000001
204.99999999999997 12.299999999999999 -120.60000000000001
204.99999999999997 12.299999999999999 -100.5
204.99999999999997 12.299999999999999 -80.4
204.99999999999997 12.299999999999999 -60.300000000000004
204.99999999999997 12.299999999999999 -40.2
204.99999999999997 12.299999999999999 -20.1
204.99999999999997 12.299999999999999 0.0
204.99999999999997 12.299999999999999 20.1
204.99999999999997 12.299999999999999 40.2
204.99999999999997 12.299999999999999 60.300000000000004
204.99999999999997 12.299999999999999 80.4
204.99999999999997 12.299999999999999 100.5
204.99999999999997 12.299999999999999 120.60000000000001
204.99999999999997 16.4 -120.60000000000001
204.99999999999997 16.4 -100.5
204.99999999999997 16.4 -80.4
204.99999999999997 16.4 -60.300000000000004
204.99999999999997 16.4 -40.2
204.99999999999997 16.4 -20.1
204.99999999999997 16.4 0.0
204.99999999999997 16.4 20.1
204.99999999999997 16.4 40.2
204.99999999999997 16.4 60.300000000000004
204.99999999999997 16.4 80.4
204.99999999999997 16.4 100.5
204.99999999999997 16.4 120.60000000000001
204.99999999999997 20.5 -120.60000000000001
204.99999999999997 20.5 -100.5
204.99999999999997 20.5 -80.4
204.99999999999997 20.5 -60.300000000000004
204.99999999999997 20.5 -40.2
204.99999999999997 20.5 -20.1
204.99999999999997 20.5 0.0
204.99999999999997 20.5 20.1
204.99999999999997 20.5 40.2
204.99999999999997 20.5 60.300000000000004
204.99999999999997 20.5 80.4
204.99999999999997 20.5 100.5
204.99999999999997 20.5 120.60000000000001
204.99999999999997 24.599999999999998 -120.60000000000001
204.99999999999997 24.599999999999998 -100.5
204.99999999999997 24.599999999999998 -80.4
204.99999999999997 24.599999999999998 -60.300000000000004
204.99999999999997 24.599999999999998 -40.2
204.99999999999997 24.599999999999998 -20.1
204.99999999999997 24.599999999999998 0.0
204.99999999999997 24.599999999999998 20.1
204.99999999999997 24.599999999999998 40.2
204.99999999999997 24.599999999999998 60.300000000000004
204.99999999999997 24.599999999999998 80.4
204.99999999999997 24.599999999999998 100.5
204.99999999999997 24.599999999999998 120.60000000000001
204.99999999999997 28.699999999999996 -120.60000000000001
204.99999999999997 28.699999999999996 -100.5
204.99999999999997 28.699999999999996 -80.4
204.99999999999997 28.699999999999996 -60.300000000000004
204.99999999999997 28.699999999999996 -40.2
204.99999999999997 28.699999999999996 -20.1
204.99999999999997 28.699999999999996 0.0
204.99999999999997 28.699999999999996 20.1
204.99999999999997 28.699999999999996 40.2
204.99999999999997 28.699999999999996 60.300000000000004
204.99999999999997 28.699999999999996 80.4
204.99999999999997 28.699999999999996 100.5
204.99999999999997 28.699999999999996 120.60000000000001
204.99999999999997 32.8 -120.60000000000001
204.99999999999997 32.8 -100.5
204.99999999999997 32.8 -80.4
204.99999999999997 32.8 -60.300000000000004
204.99999999999997 32.8 -40.2
204.99999999999997 32.8 -20.1
204.99999999999997 32.8 0.0
204.99999999999997 32.8 20.1
204.99999999999997 32.8 40.2
204.99999999999997 32.8 60.300000000000004
204.99999999999997 32.8 80.4
204.99999999999997 32.8 100.5
204.99999999999997 32.8 120.60000000000001
204.99999999999997 36.9 -120.60000000000001
204.99999999999997 36.9 -100.5
204.99999999999997 36.9 -80.4
204.99999999999997 36.9 -60.300000000000004
204.99999999999997 36.9 -40.2
204.99999999999997 36.9 -20.1
204.99999999999997 36.9 0.0
204.99999999999997 36.9 20.1
204.99999999999997 36.9 40.2
204.99999999999997 36.9 60.300000000000004
204.99999999999997 36.9 80.4
204.99999999999997 36.9 100.5
204.99999999999997 36.9 120.60000000000001
204.99999999999997 41.0 -120.60000000000001
204.99999999999997 41.0 -100.5
204.99999999999997 41.0 -80.4
204.99999999999997 41.0 -60.300000000000004
204.99999999999997 41.0 -40.2
204.99999999999997 41.0 -20.1
204.99999999999997 41.0 0.0
204.99999999999997 41.0 20.1
204.99999999999997 41.0 40.2
204.99999999999997 41.0 60.300000000000004
204.99999999999997 41.0 80.4
204.99999999999997 41.0 100.5
204.99999999999997 41.0 120.60000000000001
204.99999999999997 45.099999999999994 -120.60000000000001
204.99999999999997 45.099999999999994 -100.5
204.99999999999997 45.099999999999994 -80.4
204.99999999999997 45.099999999999994 -60.300000000000004
204.99999999999997 45.099999999999994 -40.2
204.99999999999997 45.099999999999994 -20.1
204.99999999999997 45.099999999999994 0.0
204.99999999999997 45.099999999999994 20.1
204.99999999999997 45.099999999999994 40.2
204.99999999999997 45.099999999999994 60.300000000000004
204.99999999999997 45.099999999999994 80.4
204.99999999999997 45.099999999999994 100.5
204.99999999999997 45.099999999999994 120.60000000000001
204.99999999999997 49.199999999999996 -120.60000000000001
204.99999999999997 49.199999999999996 -100.5
204.99999999999997 49.199999999999996 -80.4
204.99999999999997 49.199999999999996 -60.300000000000004
204.99999999999997 49.199999999999996 -40.2
204.99999999999997 49.199999999999996 -20.1
204.99999999999997 49.199999999999996 0.0
204.99999999999997 49.199999999999996 20.1
204.99999999999997 49.199999999999996 40.2
204.99999999999997 49.199999999999996 60.300000000000004
204.99999999999997 49.199999999999996 80.4
204.99999999999997 49.199999999999996 100.5
204.99999999999997 49.199999999999996 120.60000000000001
204.99999999999997 53.3 -120.60000000000001
204.99999999999997 53.3 -100.5
204.99999999999997 53.3 -80.4
204.99999999999997 53.3 -60.300000000000004
204.99999999999997 53.3 -40.2
204.99999999999997 53.3 -20.1
204.99999999999997 53.3 0.0
204.99999999999997 53.3 20.1
204.99999999999997 53.3 40.2
204.99999999999997 53.3 60.300000000000004
204.99999999999997 53.3 80.4
204.99999999999997 53.3 100.5
204.99999999999997 53.3 120.60000000000001
204.99999999999997 57.39999999999999 -120.60000000000001
204.99999999999997 57.39999999999999 -100.5
204.99999999999997 57.39999999999999 -80.4
204.99999999999997 57.39999999999999 -60.300000000000004
204.99999999999997 57.39999999999999 -40.2
204.99999999999997 57.39999999999999 -20.1
204.99999999999997 57.39999999999999 0.0
204.99999999999997 57.39999999999999 20.1
204.99999999999997 57.39999999999999 40.2
204.99999999999997 57.39999999999999 60.300000000000004
204.99999999999997 57.39999999999999 80.4
204.99999999999997 57.39999999999999 100.5
204.99999999999997 57.39999999999999 120.60000000000001
204.99999999999997 61.49999999999999 -120.60000000000001
204.99999999999997 61.49999999999999 -100.5
204.99999999999997 61.49999999999999 -80.4
204.99999999999997 61.49999999999999 -60.300000000000004
204.99999999999997 61.49999999999999 -40.2
204.99999999999997 61.49999999999999 -20.1
204.99999999999997 61.49999999999999 0.0
204.99999999999997 61.49999999999999 20.1
204.99999999999997 61.49999999999999 40.2
204.99999999999997 61.49999999999999 60.300000000000004
204.99999999999997 61.49999999999999 80.4
204.99999999999997 61.49999999999999 100.5
204.99999999999997 61.49999999999999 120.60000000000001
204.99999999999997 65.6 -120.60000000000001
204.99999999999997 65.6 -100.5
204.99999999999997 65.6 -80.4
204.99999999999997 65.6 -60.300000000000004
204.99999999999997 65.6 -40.2
204.99999999999997 65.6 -20.1
204.99999999999997 65.6 0.0
204.99999999999997 65.6 20.1
204.99999999999997 65.6 40.2
204.99999999999997 65.6 60.300000000000004
204.99999999999997 65.6 80.4
204.99999999999997 65.6 100.5
204.99999999999997 65.6 120.60000000000001
204.99999999999997 69.69999999999999 -120.60000000000001
204.99999999999997 69.69999999999999 -100.5
204.99999999999997 69.69999999999999 -80.4
204.99999999999997 69.69999999999999 -60.300000000000004
204.99999999999997 69.69999999999999 -40.2
204.99999999999997 69.69999999999999 -20.1
204.99999999999997 69.69999999999999 0.0
204.99999999999997 69.69999999999999 20.1
204.99999999999997 69.69999999999999 40.2
204.99999999999997 69.69999999999999 60.300000000000004
204.99999999999997 69.69999999999999 80.4
204.99999999999997 69.69999999999999 100.5
204.99999999999997 69.69999999999999 120.60000000000001
209.1 -57.39999999999999 -120.60000000000001
209.1 -57.39999999999999 -100.5
209.1 -57.39999999999999 -80.4
209.1 -57.39999999999999 -60.300000000000004
209.1 -57.39999999999999 -40.2
209.1 -57.39999999999999 -20.1
209.1 -57.39999999999999 0.0
209.1 -57.39999999999999 20.1
209.1 -57.39999999999999 40.2
209.1 -57.39999999999999 60.300000000000004
209.1 -57.39999999999999 80.4
209.1 -57.39999999999999 100.5
209.1 -57.39999999999999 120.60000000000001
209.1 -53.3 -120.60000000000001
209.1 -53.3 -100.5
209.1 -53.3 -80.4
209.1 -53.3 -60.300000000000004
209.1 -53.3 -40.2
209.1 -53.3 -20.1
209.1 -53.3 0.0
209.1 -53.3 20.1
209.1 -53.3 40.2
209.1 -53.3 60.300000000000004
209.1 -53.3 80.4
209.1 -53.3 100.5
209.1 -53.3 120.60000000000001
209.1 -49.199999999999996 -120.60000000000001
209.1 -49.199999999999996 -100.5
209.1 -49.199999999999996 -80.4
209.1 -49.199999999999996 -60.300000000000004
209.1 -49.199999999999996 -40.2
209.1 -49.199999999999996 -20.1
209.1 -49.199999999999996 0.0
209.1 -49.199999999999996 20.1
209.1 -49.199999999999996 40.2
209.1 -49.199999999999996 60.300000000000004
209.1 -49.199999999999996 80.4
209.1 -49.199999999999996 100.5
209.1 -49.199999999999996 120.60000000000001
209.1 -45.099999999999994 -120.60000000000001
209.1 -45.099999999999994 -100.5
209.1 -45.099999999999994 -80.4
209.1 -45.099999999999994 -60.300000000000004
209.1 -45.099999999999994 -40.2
209.1 -45.099999999999994 -20.1
209.1 -45.099999999999994 0.0
209.1 -45.099999999999994 20.1
209.1 -45.099999999999994 40.2
209.1 -45.099999999999994 60.300000000000004
209.1 -45.099999999999994 80.4
209.1 -45.099999999999994 100.5
209.1 -45.099999999999994 120.60000000000001
209.1 -41.0 -120.60000000000001
209.1 -41.0 -100.5
209.1 -41.0 -80.4
209.1 -41.0 -60.300000000000004
209.1 -41.0 -40.2
209.1 -41.0 -20.1
209.1 -41.0 0.0
209.1 -41.0 20.1
209.1 -41.0 40.2
209.1 -41.0 60.300000000000004
209.1 -41.0 80.4
209.1 -41.0 100.5
209.1 -41.0 120.60000000000001
209.1 -36.9 -120.60000000000001
209.1 -36.9 -100.5
209.1 -36.9 -80.4
209.1 -36.9 -60.300000000000004
209.1 -36.9 -40.2
209.1 -36.9 -20.1
209.1 -36.9 0.0
209.1 -36.9 20.1
209.1 -36.9 40.2
209.1 -36.9 60.300000000000004
209.1 -36.9 80.4
209.1 -36.9 100.5
209.1 -36.9 120.60000000000001
209.1 -32.8 -120.60000000000001
209.1 -32.8 -100.5
209.1 -32.8 -80.4
209.1 -32.8 -60.300000000000004
209.1 -32.8 -40.2
209.1 -32.8 -20.1
209.1 -32.8 0.0
209.1 -32.8 20.1
209.1 -32.8 40.2
209.1 -32.8 60.300000000000004
209.1 -32.8 80.4
209.1 -32.8 100.5
209.1 -32.8 120.60000000000001
209.1 -28.699999999999996 -120.60000000000001
209.1 -28.699999999999996 -100.5
209.1 -28.699999999999996 -80.4
209.1 -28.699999999999996 -60.300000000000004
209.1 -28.699999999999996 -40.2
209.1 -28.699999999999996 -20.1
209.1 -28.699999999999996 0.0
209.1 -28.699999999999996 20.1
209.1 -28.699999999999996 40.2
209.1 -28.699999999999996 60.300000000000004
209.1 -28.699999999999996 80.4
209.1 -28.699999999999996 100.5
209.1 -28.699999999999996 120.60000000000001
209.1 -24.599999999999998 -120.60000000000001
209.1 -24.599999999999998 -100.5
209.1 -24.599999999999998 -80.4
209.1 -24.599999999999998 -60.300000000000004
209.1 -24.599999999999998 -40.2
209.1 -24.599999999999998 -20.1
209.1 -24.599999999999998 0.0
209.1 -24.599999999999998 20.1
209.1 -24.599999999999998 40.2
209.1 -24.599999999999998 60.300000000000004
209.1 -24.599999999999998 80.4
209.1 -24.599999999999998 100.5
209.1 -24.599999999999998 120.60000000000001
209.1 -20.5 -120.60000000000001
209.1 -20.5 -100.5
209.1 -20.5 -80.4
209.1 -20.5 -60.300000000000004
209.1 -20.5 -40.2
209.1 -20.5 -20.1
209.1 -20.5 0.0
209.1 -20.5 20.1
209.1 -20.5 40.2
209.1 -20.5 60.300000000000004
209.1 -20.5 80.4
209.1 -20.5 100.5
209.1 -20.5 120.60000000000001
209.1 -16.4 -120.60000000000001
209.1 -16.4 -100.5
209.1 -16.4 -80.4
209.1 -16.4 -60.300000000000004
209.1 -16.4 -40.2
209.1 -16.4 -20.1
209.1 -16.4 0.0
209.1 -16.4 20.1
209.1 -16.4 40.2
209.1 -16.4 60.300000000000004
209.1 -16.4 80.4
209.1 -16.4 100.5
209.1 -16.4 120.60000000000001
209.1 -12.299999999999999 -120.60000000000001
209.1 -12.299999999999999 -100.5
209.1 -12.299999999999999 -80.4
209.1 -12.299999999999999 -60.300000000000004
209.1 -12.299999999999999 -40.2
209.1 -12.299999999999999 -20.1
209.1 -12.299999999999999 0.0
209.1 -12.299999999999999 20.1
209.1 -12.299999999999999 40.2
209.1 -12.299999999999999 60.300000000000004
209.1 -12.299999999999999 80.4
209.1 -12.299999999999999 100.5
209.1 -12.299999999999999 120.60000000000001
209.1 -8.2 -120.60000000000001
209.1 -8.2 -100.5
209.1 -8.2 -80.4
209.1 -8.2 -60.300000000000004
209.1 -8.2 -40.2
209.1 -8.2 -20.1
209.1 -8.2 0.0
209.1 -8.2 20.1
209.1 -8.2 40.2
209.1 -8.2 60.300000000000004
209.1 -8.2 80.4
209.1 -8.2 100.5
209.1 -8.2 120.60000000000001
209.1 -4.1 -120.60000000000001
209.1 -4.1 -100.5
209.1 -4.1 -80.4
209.1 -4.1 -60.300000000000004
209.1 -4.1 -40.2
209.1 -4.1 -20.1
209.1 -4.1 0.0
209.1 -4.1 20.1
209.1 -4.1 40.2
209.1 -4.1 60.300000000000004
209.1 -4.1 80.4
209.1 -4.1 100.5
209.1 -4.1 120.60000000000001
209.1 0.0 -120.60000000000001
209.1 0.0 -100.5
209.1 0.0 -80.4
209.1 0.0 -60.300000000000004
209.1 0.0 -40.2
209.1 0.0 -20.1
209.1 0.0 0.0
209.1 0.0 20.1
209.1 0.0 40.2
209.1 0.0 60.300000000000004
209.1 0.0 80.4
209.1 0.0 100.5
209.1 0.0 120.60000000000001
209.1 4.1 -120.60000000000001
209.1 4.1 -100.5
209.1 4.1 -80.4
209.1 4.1 -60.300000000000004
209.1 4.1 -40.2
209.1 4.1 -20.1
209.1 4.1 0.0
209.1 4.1 20.1
209.1 4.1 40.2
209.1 4.1 60.300000000000004
209.1 4.1 80.4
209.1 4.1 100.5
209.1 4.1 120.60000000000001
209.1 8.2 -120.60000000000001
209.1 8.2 -100.5
209.1 8.2 -80.4
209.1 8.2 -60.300000000000004
209.1 8.2 -40.2
209.1 8.2 -20.1
209.1 8.2 0.0
209.1 8.2 20.1
209.1 8.2 40.2
209.1 8.2 60.300000000000004
209.1 8.2 80.4
209.1 8.2 100.5
209.1 8.2 120.60000000000001
209.1 12.299999999999999 -120.60000000000001
209.1 12.299999999999999 -100.5
209.1 12.299999999999999 -80.4
209.1 12.299999999999999 -60.300000000000004
209.1 12.299999999999999 -40.2
209.1 12.299999999999999 -20.1
209.1 12.299999999999999 0.0
209.1 12.299999999999999 20.1
209.1 12.299999999999999 40.2
209.1 12.299999999999999 60.300000000000004
209.1 12.299999999999999 80.4
209.1 12.299999999999999 100.5
209.1 12.299999999999999 120.60000000000001
209.1 16.4 -120.60000000000001
209.1 16.4 -100.5
209.1 16.4 -80.4
209.1 16.4 -60.300000000000004
209.1 16.4 -40.2
209.1 16.4 -20.1
209.1 16.4 0.0
209.1 16.4 20.1
209.1 16.4 40.2
209.1 16.4 60.300000000000004
209.1 16.4 80.4
209.1 16.4 100.5
209.1 16.4 120.60000000000001
209.1 20.5 -120.60000000000001
209.1 20.5 -100.5
209.1 20.5 -80.4
209.1 20.5 -60.300000000000004
209.1 20.5 -40.2
209.1 20.5 -20.1
209.1 20.5 0.0
209.1 20.5 20.1
209.1 20.5 40.2
209.1 20.5 60.300000000000004
209.1 20.5 80.4
209.1 20.5 100.5
209.1 20.5 120.60000000000001
209.1 24.599999999999998 -120.60000000000001
209.1 24.599999999999998 -100.5
209.1 24.599999999999998 -80.4
209.1 24.599999999999998 -60.300000000000004
209.1 24.599999999999998 -40.2
209.1 24.599999999999998 -20.1
209.1 24.599999999999998 0.0
209.1 24.599999999999998 20.1
209.1 24.599999999999998 40.2
209.1 24.599999999999998 60.300000000000004
209.1 24.599999999999998 80.4
209.1 24.599999999999998 100.5
209.1 24.599999999999998 120.60000000000001
209.1 28.699999999999996 -120.60000000000001
209.1 28.699999999999996 -100.5
209.1 28.699999999999996 -80.4
209.1 28.699999999999996 -60.300000000000004
209.1 28.699999999999996 -40.2
209.1 28.699999999999996 -20.1
209.1 28.699999999999996 0.0
209.1 28.699999999999996 20.1
209.1 28.699999999999996 40.2
209.1 28.699999999999996 60.300000000000004
209.1 28.699999999999996 80.4
209.1 28.699999999999996 100.5
209.1 28.699999999999996 120.60000000000001
209.1 32.8 -120.60000000000001
209.1 32.8 -100.5
209.1 32.8 -80.4
209.1 32.8 -60.300000000000004
209.1 32.8 -40.2
209.1 32.8 -20.1
209.1 32.8 0.0
209.1 32.8 20.1
209.1 32.8 40.2
209.1 32.8 60.300000000000004
209.1 32.8 80.4
209.1 32.8 100.5
209.1 32.8 120.60000000000001
209.1 36.9 -120.60000000000001
209.1 36.9 -100.5
209.1 36.9 -80.4
209.1 36.9 -60.300000000000004
209.1 36.9 -40.2
209.1 36.9 -20.1
209.1 36.9 0.0
209.1 36.9 20.1
209.1 36.9 40.2
209.1 36.9 60.300000000000004
209.1 36.9 80.4
209.1 36.9 100.5
209.1 36.9 120.60000000000001
209.1 41.0 -120.60000000000001
209.1 41.0 -100.5
209.1 41.0 -80.4
209.1 41.0 -60.300000000000004
209.1 41.0 -40.2
209.1 41.0 -20.1
209.1 41.0 0.0
209.1 41.0 20.1
209.1 41.0 40.2
209.1 41.0 60.300000000000004
209.1 41.0 80.4
209.1 41.0 100.5
209.1 41.0 120.60000000000001
209.1 45.099999999999994 -120.60000000000001
209.1 45.099999999999994 -100.5
209.1 45.099999999999994 -80.4
209.1 45.099999999999994 -60.300000000000004
209.1 45.099999999999994 -40.2
209.1 45.099999999999994 -20.1
209.1 45.099999999999994 0.0
209.1 45.099999999999994 20.1
209.1 45.099999999999994 40.2
209.1 45.099999999999994 60.300000000000004
209.1 45.099999999999994 80.4
209.1 45.099999999999994 100.5
209.1 45.099999999999994 120.60000000000001
209.1 49.199999999999996 -120.60000000000001
209.1 49.199999999999996 -100.5
209.1 49.199999999999996 -80.4
209.1 49.199999999999996 -60.300000000000004
209.1 49.199999999999996 -40.2
209.1 49.199999999999996 -20.1
209.1 49.199999999999996 0.0
209.1 49.199999999999996 20.1
209.1 49.199999999999996 40.2
209.1 49.199999999999996 60.300000000000004
209.1 49.199999999999996 80.4
209.1 49.199999999999996 100.5
209.1 49.199999999999996 120.60000000000001
209.1 53.3 -120.60000000000001
209.1 53.3 -100.5
209.1 53.3 -80.4
209.1 53.3 -60.300000000000004
209.1 53.3 -40.2
209.1 53.3 -20.1
209.1 53.3 0.0
209.1 53.3 20.1
209.1 53.3 40.2
209.1 53.3 60.300000000000004
209.1 53.3 80.4
209.1 53.3 100.5
209.1 53.3 120.60000000000001
209.1 57.39999999999999 -120.60000000000001
209.1 57.39999999999999 -100.5
209.1 57.39999999999999 -80.4
209.1 57.39999999999999 -60.300000000000004
209.1 57.39999999999999 -40.2
209.1 57.39999999999999 -20.1
209.1 57.39999999999999 0.0
209.1 57.39999999999999 20.1
209.1 57.39999999999999 40.2
209.1 57.39999999999999 60.300000000000004
209.1 57.39999999999999 80.4
209.1 57.39999999999999 100.5
209.1 57.39999999999999 120.60000000000001
213.2 -41.0 -120.60000000000001
213.2 -41.0 -100.5
213.2 -41.0 -80.4
213.2 -41.0 -60.300000000000004
213.2 -41.0 -40.2
213.2 -41.0 -20.1
213.2 -41.0 0.0
213.2 -41.0 20.1
213.2 -41.0 40.2
213.2 -41.0 60.300000000000004
213.2 -41.0 80.4
213.2 -41.0 100.5
213.2 -41.0 120.60000000000001
213.2 -36.9 -120.60000000000001
213.2 -36.9 -100.5
213.2 -36.9 -80.4
213.2 -36.9 -60.300000000000004
213.2 -36.9 -40.2
213.2 -36.9 -20.1
213.2 -36.9 0.0
213.2 -36.9 20.1
213.2 -36.9 40.2
213.2 -36.9 60.300000000000004
213.2 -36.9 80.4
213.2 -36.9 100.5
213.2 -36.9 120.60000000000001
213.2 -32.8 -120.60000000000001
213.2 -32.8 -100.5
213.2 -32.8 -80.4
213.2 -32.8 -60.300000000000004
213.2 -32.8 -40.2
213.2 -32.8 -20.1
213.2 -32.8 0.0
213.2 -32.8 20.1
213.2 -32.8 40.2
213.2 -32.8 60.300000000000004
213.2 -32.8 80.4
213.2 -32.8 100.5
213.2 -32.8 120.60000000000001
213.2 -28.699999999999996 -120.60000000000001
213.2 -28.699999999999996 -100.5
213.2 -28.699999999999996 -80.4
213.2 -28.699999999999996 -60.300000000000004
213.2 -28.699999999999996 -40.2
213.2 -28.699999999999996 -20.1
213.2 -28.699999999999996 0.0
213.2 -28.699999999999996 20.1
213.2 -28.699999999999996 40.2
213.2 -28.699999999999996 60.300000000000004
213.2 -28.699999999999996 80.4
213.2 -28.699999999999996 100.5
213.2 -28.699999999999996 120.60000000000001
213.2 -24.599999999999998 -120.60000000000001
213.2 -24.599999999999998 -100.5
213.2 -24.599999999999998 -80.4
213.2 -24.599999999999998 -60.300000000000004
213.2 -24.599999999999998 -40.2
213.2 -24.599999999999998 -20.1
213.2 -24.599999999999998 0.0
213.2 -24.599999999999998 20.1
213.2 -24.599999999999998 40.2
213.2 -24.599999999999998 60.300000000000004
213.2 -24.599999999999998 80.4
213.2 -24.599999999999998 100.5
213.2 -24.599999999999998 120.60000000000001
213.2 -20.5 -120.60000000000001
213.2 -20.5 -100.5
213.2 -20.5 -80.4
213.2 -20.5 -60.300000000000004
213.2 -20.5 -40.2
213.2 -20.5 -20.1
213.2 -20.5 0.0
213.2 -20.5 20.1
213.2 -20.5 40.2
213.2 -20.5 60.300000000000004
213.2 -20.5 80.4
213.2 -20.5 100.5
213.2 -20.5 120.60000000000001
213.2 -16.4 -120.60000000000001
213.2 -16.4 -100.5
213.2 -16.4 -80.4
213.2 -16.4 -60.300000000000004
213.2 -16.4 -40.2
213.2 -16.4 -20.1
213.2 -16.4 0.0
213.2 -16.4 20.1
213.2 -16.4 40.2
213.2 -16.4 60.300000000000004
213.2 -16.4 80.4
213.2 -16.4 100.5
213.2 -16.4 120.60000000000001
213.2 -12.299999999999999 -120.60000000000001
213.2 -12.299999999999999 -100.5
213.2 -12.299999999999999 -80.4
213.2 -12.299999999999999 -60.300000000000004
213.2 -12.299999999999999 -40.2
213.2 -12.299999999999999 -20.1
213.2 -12.299999999999999 0.0
213.2 -12.299999999999999 20.1
213.2 -12.299999999999999 40.2
213.2 -12.299999999999999 60.300000000000004
213.2 -12.299999999999999 80.4
213.2 -12.299999999999999 100.5
213.2 -12.299999999999999 120.60000000000001
213.2 -8.2 -120.60000000000001
213.2 -8.2 -100.5
213.2 -8.2 -80.4
213.2 -8.2 -60.300000000000004
213.2 -8.2 -40.2
213.2 -8.2 -20.1
213.2 -8.2 0.0
213.2 -8.2 20.1
213.2 -8.2 40.2
213.2 -8.2 60.300000000000004
213.2 -8.2 80.4
213.2 -8.2 100.5
213.2 -8.2 120.60000000000001
213.2 -4.1 -120.60000000000001
213.2 -4.1 -100.5
213.2 -4.1 -80.4
213.2 -4.1 -60.300000000000004
213.2 -4.1 -40.2
213.2 -4.1 -20.1
213.2 -4.1 0.0
213.2 -4.1 20.1
213.2 -4.1 40.2
213.2 -4.1 60.300000000000004
213.2 -4.1 80.4
213.2 -4.1 100.5
213.2 -4.1 120.60000000000001
213.2 0.0 -120.60000000000001
213.2 0.0 -100.5
213.2 0.0 -80.4
213.2 0.0 -60.300000000000004
213.2 0.0 -40.2
213.2 0.0 -20.1
213.2 0.0 0.0
213.2 0.0 20.1
213.2 0.0 40.2
213.2 0.0 60.300000000000004
213.2 0.0 80.4
213.2 0.0 100.5
213.2 0.0 120.60000000000001
213.2 4.1 -120.60000000000001
213.2 4.1 -100.5
213.2 4.1 -80.4
213.2 4.1 -60.300000000000004
213.2 4.1 -40.2
213.2 4.1 -20.1
213.2 4.1 0.0
213.2 4.1 20.1
213.2 4.1 40.2
213.2 4.1 60.300000000000004
213.2 4.1 80.4
213.2 4.1 100.5
213.2 4.1 120.60000000000001
213.2 8.2 -120.60000000000001
213.2 8.2 -100.5
213.2 8.2 -80.4
213.2 8.2 -60.300000000000004
213.2 8.2 -40.2
213.2 8.2 -20.1
213.2 8.2 0.0
213.2 8.2 20.1
213.2 8.2 40.2
213.2 8.2 60.300000000000004
213.2 8.2 80.4
213.2 8.2 100.5
213.2 8.2 120.60000000000001
213.2 12.299999999999999 -120.60000000000001
213.2 12.299999999999999 -100.5
213.2 12.299999999999999 -80.4
213.2 12.299999999999999 -60.300000000000004
213.2 12.299999999999999 -40.2
213.2 12.299999999999999 -20.1
213.2 12.299999999999999 0.0
213.2 12.299999999999999 20.1
213.2 12.299999999999999 40.2
213.2 12.299999999999999 60.300000000000004
213.2 12.299999999999999 80.4
213.2 12.299999999999999 100.5
213.2 12.299999999999999 120.60000000000001
213.2 16.4 -120.60000000000001
213.2 16.4 -100.5
213.2 16.4 -80.4
213.2 16.4 -60.300000000000004
213.2 16.4 -40.2
213.2 16.4 -20.1
213.2 16.4 0.0
213.2 16.4 20.1
213.2 16.4 40.2
213.2 16.4 60.300000000000004
213.2 16.4 80.4
213.2 16.4 100.5
213.2 16.4 120.60000000000001
213.2 20.5 -120.60000000000001
213.2 20.5 -100.5
213.2 20.5 -80.4
213.2 20.5 -60.300000000000004
213.2 20.5 -40.2
213.2 20.5 -20.1
213.2 20.5 0.0
213.2 20.5 20.1
213.2 20.5 40.2
213.2 20.5 60.300000000000004
213.2 20.5 80.4
213.2 20.5 100.5
213.2 20.5 120.60000000000001
213.2 24.599999999999998 -120.60000000000001
213.2 24.599999999999998 -100.5
213.2 24.599999999999998 -80.4
213.2 24.599999999999998 -60.300000000000004
213.2 24.599999999999998 -40.2
213.2 24.599999999999998 -20.1
213.2 24.599999999999998 0.0
213.2 24.599999999999998 20.1
213.2 24.599999999999998 40.2
213.2 24.599999999999998 60.300000000000004
213.2 24.599999999999998 80.4
213.2 24.599999999999998 100.5
213.2 24.599999999999998 120.60000000000001
213.2 28.699999999999996 -120.60000000000001
213.2 28.699999999999996 -100.5
213.2 28.699999999999996 -80.4
213.2 28.699999999999996 -60.300000000000004
213.2 28.699999999999996 -40.2
213.2 28.699999999999996 -20.1
213.2 28.699999999999996 0.0
213.2 28.699999999999996 20.1
213.2 28.699999999999996 40.2
213.2 28.699999999999996 60.300000000000004
213.2 28.699999999999996 80.4
213.2 28.699999999999996 100.5
213.2 28.699999999999996 120.60000000000001
213.2 32.8 -120.60000000000001
213.2 32.8 -100.5
213.2 32.8 -80.4
213.2 32.8 -60.300000000000004
213.2 32.8 -40.2
213.2 32.8 -20.1
213.2 32.8 0.0
213.2 32.8 20.1
213.2 32.8 40.2
213.2 32.8 60.300000000000004
213.2 32.8 80.4
213.2 32.8 100.5
213.2 32.8 120.60000000000001
213.2 36.9 -120.60000000000001
213.2 36.9 -100.5
213.2 36.9 -80.4
213.2 36.9 -60.300000000000004
213.2 36.9 -40.2
213.2 36.9 -20.1
213.2 36.9 0.0
213.2 36.9 20.1
213.2 36.9 40.2
213.2 36.9 60.300000000000004
213.2 36.9 80.4
213.2 36.9 100.5
213.2 36.9 120.60000000000001
213.2 41.0 -120.60000000000001
213.2 41.0 -100.5
213.2 41.0 -80.4
213.2 41.0 -60.300000000000004
213.2 41.0 -40.2
213.2 41.0 -20.1
213.2 41.0 0.0
213.2 41.0 20.1
213.2 41.0 40.2
213.2 41.0 60.300000000000004
213.2 41.0 80.4
213.2 41.0 100.5
213.2 41.0 120.60000000000001
