solid ASCII
  facet normal -9.986295e-01 -0.000000e+00 -5.233596e-02
    outer loop
      vertex   -3.281922e+01 8.960000e+02 -1.420795e+02
      vertex   -3.281922e+01 8.216667e+02 -1.420795e+02
      vertex   -3.300000e+01 8.960000e+02 -1.386300e+02
    endloop
  endfacet
  facet normal -9.986295e-01 -0.000000e+00 -5.233596e-02
    outer loop
      vertex   -3.300000e+01 8.960000e+02 -1.386300e+02
      vertex   -3.281922e+01 8.216667e+02 -1.420795e+02
      vertex   -3.300000e+01 8.216667e+02 -1.386300e+02
    endloop
  endfacet
  facet normal -9.986295e-01 0.000000e+00 5.233596e-02
    outer loop
      vertex   -3.300000e+01 8.960000e+02 -1.386300e+02
      vertex   -3.300000e+01 8.216667e+02 -1.386300e+02
      vertex   -3.281922e+01 8.960000e+02 -1.351806e+02
    endloop
  endfacet
  facet normal -9.986295e-01 0.000000e+00 5.233596e-02
    outer loop
      vertex   -3.281922e+01 8.960000e+02 -1.351806e+02
      vertex   -3.300000e+01 8.216667e+02 -1.386300e+02
      vertex   -3.281922e+01 8.216667e+02 -1.351806e+02
    endloop
  endfacet
  facet normal -9.876883e-01 0.000000e+00 1.564345e-01
    outer loop
      vertex   -3.281922e+01 8.960000e+02 -1.351806e+02
      vertex   -3.281922e+01 8.216667e+02 -1.351806e+02
      vertex   -3.227887e+01 8.960000e+02 -1.317689e+02
    endloop
  endfacet
  facet normal -9.876883e-01 0.000000e+00 1.564345e-01
    outer loop
      vertex   -3.227887e+01 8.960000e+02 -1.317689e+02
      vertex   -3.281922e+01 8.216667e+02 -1.351806e+02
      vertex   -3.227887e+01 8.216667e+02 -1.317689e+02
    endloop
  endfacet
  facet normal -9.659258e-01 0.000000e+00 2.588190e-01
    outer loop
      vertex   -3.227887e+01 8.960000e+02 -1.317689e+02
      vertex   -3.227887e+01 8.216667e+02 -1.317689e+02
      vertex   -3.138487e+01 8.960000e+02 -1.284325e+02
    endloop
  endfacet
  facet normal -9.659258e-01 0.000000e+00 2.588190e-01
    outer loop
      vertex   -3.138487e+01 8.960000e+02 -1.284325e+02
      vertex   -3.227887e+01 8.216667e+02 -1.317689e+02
      vertex   -3.138487e+01 8.216667e+02 -1.284325e+02
    endloop
  endfacet
  facet normal -9.335804e-01 0.000000e+00 3.583679e-01
    outer loop
      vertex   -3.138487e+01 8.960000e+02 -1.284325e+02
      vertex   -3.138487e+01 8.216667e+02 -1.284325e+02
      vertex   -3.014700e+01 8.960000e+02 -1.252077e+02
    endloop
  endfacet
  facet normal -9.335804e-01 0.000000e+00 3.583679e-01
    outer loop
      vertex   -3.014700e+01 8.960000e+02 -1.252077e+02
      vertex   -3.138487e+01 8.216667e+02 -1.284325e+02
      vertex   -3.014700e+01 8.216667e+02 -1.252077e+02
    endloop
  endfacet
  facet normal -8.910065e-01 0.000000e+00 4.539905e-01
    outer loop
      vertex   -3.014700e+01 8.960000e+02 -1.252077e+02
      vertex   -3.014700e+01 8.216667e+02 -1.252077e+02
      vertex   -2.857884e+01 8.960000e+02 -1.221300e+02
    endloop
  endfacet
  facet normal -8.910065e-01 0.000000e+00 4.539905e-01
    outer loop
      vertex   -2.857884e+01 8.960000e+02 -1.221300e+02
      vertex   -3.014700e+01 8.216667e+02 -1.252077e+02
      vertex   -2.857884e+01 8.216667e+02 -1.221300e+02
    endloop
  endfacet
  facet normal -8.386706e-01 0.000000e+00 5.446390e-01
    outer loop
      vertex   -2.857884e+01 8.960000e+02 -1.221300e+02
      vertex   -2.857884e+01 8.216667e+02 -1.221300e+02
      vertex   -2.669756e+01 8.960000e+02 -1.192331e+02
    endloop
  endfacet
  facet normal -8.386706e-01 0.000000e+00 5.446390e-01
    outer loop
      vertex   -2.669756e+01 8.960000e+02 -1.192331e+02
      vertex   -2.857884e+01 8.216667e+02 -1.221300e+02
      vertex   -2.669756e+01 8.216667e+02 -1.192331e+02
    endloop
  endfacet
  facet normal -7.771460e-01 0.000000e+00 6.293204e-01
    outer loop
      vertex   -2.669756e+01 8.960000e+02 -1.192331e+02
      vertex   -2.669756e+01 8.216667e+02 -1.192331e+02
      vertex   -2.452378e+01 8.960000e+02 -1.165487e+02
    endloop
  endfacet
  facet normal -7.771460e-01 0.000000e+00 6.293204e-01
    outer loop
      vertex   -2.452378e+01 8.960000e+02 -1.165487e+02
      vertex   -2.669756e+01 8.216667e+02 -1.192331e+02
      vertex   -2.452378e+01 8.216667e+02 -1.165487e+02
    endloop
  endfacet
  facet normal -7.071068e-01 0.000000e+00 7.071068e-01
    outer loop
      vertex   -2.452378e+01 8.960000e+02 -1.165487e+02
      vertex   -2.452378e+01 8.216667e+02 -1.165487e+02
      vertex   -2.208131e+01 8.960000e+02 -1.141062e+02
    endloop
  endfacet
  facet normal -7.071068e-01 0.000000e+00 7.071068e-01
    outer loop
      vertex   -2.208131e+01 8.960000e+02 -1.141062e+02
      vertex   -2.452378e+01 8.216667e+02 -1.165487e+02
      vertex   -2.208131e+01 8.216667e+02 -1.141062e+02
    endloop
  endfacet
  facet normal -6.293204e-01 0.000000e+00 7.771460e-01
    outer loop
      vertex   -2.208131e+01 8.960000e+02 -1.141062e+02
      vertex   -2.208131e+01 8.216667e+02 -1.141062e+02
      vertex   -1.939691e+01 8.960000e+02 -1.119325e+02
    endloop
  endfacet
  facet normal -6.293204e-01 0.000000e+00 7.771460e-01
    outer loop
      vertex   -1.939691e+01 8.960000e+02 -1.119325e+02
      vertex   -2.208131e+01 8.216667e+02 -1.141062e+02
      vertex   -1.939691e+01 8.216667e+02 -1.119325e+02
    endloop
  endfacet
  facet normal -5.446390e-01 0.000000e+00 8.386706e-01
    outer loop
      vertex   -1.939691e+01 8.960000e+02 -1.119325e+02
      vertex   -1.939691e+01 8.216667e+02 -1.119325e+02
      vertex   -1.650000e+01 8.960000e+02 -1.100512e+02
    endloop
  endfacet
  facet normal -5.446390e-01 0.000000e+00 8.386706e-01
    outer loop
      vertex   -1.650000e+01 8.960000e+02 -1.100512e+02
      vertex   -1.939691e+01 8.216667e+02 -1.119325e+02
      vertex   -1.650000e+01 8.216667e+02 -1.100512e+02
    endloop
  endfacet
  facet normal -4.539905e-01 0.000000e+00 8.910065e-01
    outer loop
      vertex   -1.650000e+01 8.960000e+02 -1.100512e+02
      vertex   -1.650000e+01 8.216667e+02 -1.100512e+02
      vertex   -1.342231e+01 8.960000e+02 -1.084830e+02
    endloop
  endfacet
  facet normal -4.539905e-01 0.000000e+00 8.910065e-01
    outer loop
      vertex   -1.342231e+01 8.960000e+02 -1.084830e+02
      vertex   -1.650000e+01 8.216667e+02 -1.100512e+02
      vertex   -1.342231e+01 8.216667e+02 -1.084830e+02
    endloop
  endfacet
  facet normal -3.583679e-01 0.000000e+00 9.335804e-01
    outer loop
      vertex   -1.342231e+01 8.960000e+02 -1.084830e+02
      vertex   -1.342231e+01 8.216667e+02 -1.084830e+02
      vertex   -1.019756e+01 8.960000e+02 -1.072452e+02
    endloop
  endfacet
  facet normal -3.583679e-01 -3.425593e-17 9.335804e-01
    outer loop
      vertex   -1.019756e+01 8.960000e+02 -1.072452e+02
      vertex   -1.342231e+01 8.216667e+02 -1.084830e+02
      vertex   -1.019756e+01 8.216667e+02 -1.072452e+02
    endloop
  endfacet
  facet normal -2.588190e-01 -2.474018e-17 9.659258e-01
    outer loop
      vertex   -1.019756e+01 8.960000e+02 -1.072452e+02
      vertex   -1.019756e+01 8.216667e+02 -1.072452e+02
      vertex   -6.861086e+00 8.960000e+02 -1.063512e+02
    endloop
  endfacet
  facet normal -2.588190e-01 0.000000e+00 9.659258e-01
    outer loop
      vertex   -6.861086e+00 8.960000e+02 -1.063512e+02
      vertex   -1.019756e+01 8.216667e+02 -1.072452e+02
      vertex   -6.861086e+00 8.216667e+02 -1.063512e+02
    endloop
  endfacet
  facet normal -1.564345e-01 0.000000e+00 9.876883e-01
    outer loop
      vertex   -6.861086e+00 8.960000e+02 -1.063512e+02
      vertex   -6.861086e+00 8.216667e+02 -1.063512e+02
      vertex   -3.449439e+00 8.960000e+02 -1.058108e+02
    endloop
  endfacet
  facet normal -1.564345e-01 0.000000e+00 9.876883e-01
    outer loop
      vertex   -3.449439e+00 8.960000e+02 -1.058108e+02
      vertex   -6.861086e+00 8.216667e+02 -1.063512e+02
      vertex   -3.449439e+00 8.216667e+02 -1.058108e+02
    endloop
  endfacet
  facet normal -5.233596e-02 0.000000e+00 9.986295e-01
    outer loop
      vertex   -3.449439e+00 8.960000e+02 -1.058108e+02
      vertex   -3.449439e+00 8.216667e+02 -1.058108e+02
      vertex   1.050931e-14 8.960000e+02 -1.056300e+02
    endloop
  endfacet
  facet normal -5.233596e-02 0.000000e+00 9.986295e-01
    outer loop
      vertex   1.050931e-14 8.960000e+02 -1.056300e+02
      vertex   -3.449439e+00 8.216667e+02 -1.058108e+02
      vertex   1.050931e-14 8.216667e+02 -1.056300e+02
    endloop
  endfacet
  facet normal 5.233596e-02 0.000000e+00 9.986295e-01
    outer loop
      vertex   1.050931e-14 8.960000e+02 -1.056300e+02
      vertex   1.050931e-14 8.216667e+02 -1.056300e+02
      vertex   3.449439e+00 8.960000e+02 -1.058108e+02
    endloop
  endfacet
  facet normal 5.233596e-02 0.000000e+00 9.986295e-01
    outer loop
      vertex   3.449439e+00 8.960000e+02 -1.058108e+02
      vertex   1.050931e-14 8.216667e+02 -1.056300e+02
      vertex   3.449439e+00 8.216667e+02 -1.058108e+02
    endloop
  endfacet
  facet normal 1.564345e-01 0.000000e+00 9.876883e-01
    outer loop
      vertex   3.449439e+00 8.960000e+02 -1.058108e+02
      vertex   3.449439e+00 8.216667e+02 -1.058108e+02
      vertex   6.861086e+00 8.960000e+02 -1.063512e+02
    endloop
  endfacet
  facet normal 1.564345e-01 0.000000e+00 9.876883e-01
    outer loop
      vertex   6.861086e+00 8.960000e+02 -1.063512e+02
      vertex   3.449439e+00 8.216667e+02 -1.058108e+02
      vertex   6.861086e+00 8.216667e+02 -1.063512e+02
    endloop
  endfacet
  facet normal 2.588190e-01 0.000000e+00 9.659258e-01
    outer loop
      vertex   6.861086e+00 8.960000e+02 -1.063512e+02
      vertex   6.861086e+00 8.216667e+02 -1.063512e+02
      vertex   1.019756e+01 8.960000e+02 -1.072452e+02
    endloop
  endfacet
  facet normal 2.588190e-01 0.000000e+00 9.659258e-01
    outer loop
      vertex   1.019756e+01 8.960000e+02 -1.072452e+02
      vertex   6.861086e+00 8.216667e+02 -1.063512e+02
      vertex   1.019756e+01 8.216667e+02 -1.072452e+02
    endloop
  endfacet
  facet normal 3.583679e-01 0.000000e+00 9.335804e-01
    outer loop
      vertex   1.019756e+01 8.960000e+02 -1.072452e+02
      vertex   1.019756e+01 8.216667e+02 -1.072452e+02
      vertex   1.342231e+01 8.960000e+02 -1.084830e+02
    endloop
  endfacet
  facet normal 3.583679e-01 0.000000e+00 9.335804e-01
    outer loop
      vertex   1.342231e+01 8.960000e+02 -1.084830e+02
      vertex   1.019756e+01 8.216667e+02 -1.072452e+02
      vertex   1.342231e+01 8.216667e+02 -1.084830e+02
    endloop
  endfacet
  facet normal 4.539905e-01 0.000000e+00 8.910065e-01
    outer loop
      vertex   1.342231e+01 8.960000e+02 -1.084830e+02
      vertex   1.342231e+01 8.216667e+02 -1.084830e+02
      vertex   1.650000e+01 8.960000e+02 -1.100512e+02
    endloop
  endfacet
  facet normal 4.539905e-01 0.000000e+00 8.910065e-01
    outer loop
      vertex   1.650000e+01 8.960000e+02 -1.100512e+02
      vertex   1.342231e+01 8.216667e+02 -1.084830e+02
      vertex   1.650000e+01 8.216667e+02 -1.100512e+02
    endloop
  endfacet
  facet normal 5.446390e-01 0.000000e+00 8.386706e-01
    outer loop
      vertex   1.650000e+01 8.960000e+02 -1.100512e+02
      vertex   1.650000e+01 8.216667e+02 -1.100512e+02
      vertex   1.939691e+01 8.960000e+02 -1.119325e+02
    endloop
  endfacet
  facet normal 5.446390e-01 2.603067e-17 8.386706e-01
    outer loop
      vertex   1.939691e+01 8.960000e+02 -1.119325e+02
      vertex   1.650000e+01 8.216667e+02 -1.100512e+02
      vertex   1.939691e+01 8.216667e+02 -1.119325e+02
    endloop
  endfacet
  facet normal 6.293204e-01 3.007796e-17 7.771460e-01
    outer loop
      vertex   1.939691e+01 8.960000e+02 -1.119325e+02
      vertex   1.939691e+01 8.216667e+02 -1.119325e+02
      vertex   2.208131e+01 8.960000e+02 -1.141062e+02
    endloop
  endfacet
  facet normal 6.293204e-01 0.000000e+00 7.771460e-01
    outer loop
      vertex   2.208131e+01 8.960000e+02 -1.141062e+02
      vertex   1.939691e+01 8.216667e+02 -1.119325e+02
      vertex   2.208131e+01 8.216667e+02 -1.141062e+02
    endloop
  endfacet
  facet normal 7.071068e-01 0.000000e+00 7.071068e-01
    outer loop
      vertex   2.208131e+01 8.960000e+02 -1.141062e+02
      vertex   2.208131e+01 8.216667e+02 -1.141062e+02
      vertex   2.452378e+01 8.960000e+02 -1.165487e+02
    endloop
  endfacet
  facet normal 7.071068e-01 -3.379571e-17 7.071068e-01
    outer loop
      vertex   2.452378e+01 8.960000e+02 -1.165487e+02
      vertex   2.208131e+01 8.216667e+02 -1.141062e+02
      vertex   2.452378e+01 8.216667e+02 -1.165487e+02
    endloop
  endfacet
  facet normal 7.771460e-01 -3.714319e-17 6.293204e-01
    outer loop
      vertex   2.452378e+01 8.960000e+02 -1.165487e+02
      vertex   2.452378e+01 8.216667e+02 -1.165487e+02
      vertex   2.669756e+01 8.960000e+02 -1.192331e+02
    endloop
  endfacet
  facet normal 7.771460e-01 0.000000e+00 6.293204e-01
    outer loop
      vertex   2.669756e+01 8.960000e+02 -1.192331e+02
      vertex   2.452378e+01 8.216667e+02 -1.165487e+02
      vertex   2.669756e+01 8.216667e+02 -1.192331e+02
    endloop
  endfacet
  facet normal 8.386706e-01 0.000000e+00 5.446390e-01
    outer loop
      vertex   2.669756e+01 8.960000e+02 -1.192331e+02
      vertex   2.669756e+01 8.216667e+02 -1.192331e+02
      vertex   2.857884e+01 8.960000e+02 -1.221300e+02
    endloop
  endfacet
  facet normal 8.386706e-01 0.000000e+00 5.446390e-01
    outer loop
      vertex   2.857884e+01 8.960000e+02 -1.221300e+02
      vertex   2.669756e+01 8.216667e+02 -1.192331e+02
      vertex   2.857884e+01 8.216667e+02 -1.221300e+02
    endloop
  endfacet
  facet normal 8.910065e-01 0.000000e+00 4.539905e-01
    outer loop
      vertex   2.857884e+01 8.960000e+02 -1.221300e+02
      vertex   2.857884e+01 8.216667e+02 -1.221300e+02
      vertex   3.014700e+01 8.960000e+02 -1.252077e+02
    endloop
  endfacet
  facet normal 8.910065e-01 4.258508e-17 4.539905e-01
    outer loop
      vertex   3.014700e+01 8.960000e+02 -1.252077e+02
      vertex   2.857884e+01 8.216667e+02 -1.221300e+02
      vertex   3.014700e+01 8.216667e+02 -1.252077e+02
    endloop
  endfacet
  facet normal 9.335804e-01 4.461987e-17 3.583679e-01
    outer loop
      vertex   3.014700e+01 8.960000e+02 -1.252077e+02
      vertex   3.014700e+01 8.216667e+02 -1.252077e+02
      vertex   3.138487e+01 8.960000e+02 -1.284325e+02
    endloop
  endfacet
  facet normal 9.335804e-01 4.461987e-17 3.583679e-01
    outer loop
      vertex   3.138487e+01 8.960000e+02 -1.284325e+02
      vertex   3.014700e+01 8.216667e+02 -1.252077e+02
      vertex   3.138487e+01 8.216667e+02 -1.284325e+02
    endloop
  endfacet
  facet normal 9.659258e-01 4.616580e-17 2.588190e-01
    outer loop
      vertex   3.138487e+01 8.960000e+02 -1.284325e+02
      vertex   3.138487e+01 8.216667e+02 -1.284325e+02
      vertex   3.227887e+01 8.960000e+02 -1.317689e+02
    endloop
  endfacet
  facet normal 9.659258e-01 0.000000e+00 2.588190e-01
    outer loop
      vertex   3.227887e+01 8.960000e+02 -1.317689e+02
      vertex   3.138487e+01 8.216667e+02 -1.284325e+02
      vertex   3.227887e+01 8.216667e+02 -1.317689e+02
    endloop
  endfacet
  facet normal 9.876883e-01 0.000000e+00 1.564345e-01
    outer loop
      vertex   3.227887e+01 8.960000e+02 -1.317689e+02
      vertex   3.227887e+01 8.216667e+02 -1.317689e+02
      vertex   3.281922e+01 8.960000e+02 -1.351806e+02
    endloop
  endfacet
  facet normal 9.876883e-01 0.000000e+00 1.564345e-01
    outer loop
      vertex   3.281922e+01 8.960000e+02 -1.351806e+02
      vertex   3.227887e+01 8.216667e+02 -1.317689e+02
      vertex   3.281922e+01 8.216667e+02 -1.351806e+02
    endloop
  endfacet
  facet normal 9.986295e-01 0.000000e+00 5.233596e-02
    outer loop
      vertex   3.281922e+01 8.960000e+02 -1.351806e+02
      vertex   3.281922e+01 8.216667e+02 -1.351806e+02
      vertex   3.300000e+01 8.960000e+02 -1.386300e+02
    endloop
  endfacet
  facet normal 9.986295e-01 0.000000e+00 5.233596e-02
    outer loop
      vertex   3.300000e+01 8.960000e+02 -1.386300e+02
      vertex   3.281922e+01 8.216667e+02 -1.351806e+02
      vertex   3.300000e+01 8.216667e+02 -1.386300e+02
    endloop
  endfacet
  facet normal 9.986295e-01 0.000000e+00 -5.233596e-02
    outer loop
      vertex   3.300000e+01 8.960000e+02 -1.386300e+02
      vertex   3.300000e+01 8.216667e+02 -1.386300e+02
      vertex   3.281922e+01 8.960000e+02 -1.420795e+02
    endloop
  endfacet
  facet normal 9.986295e-01 0.000000e+00 -5.233596e-02
    outer loop
      vertex   3.281922e+01 8.960000e+02 -1.420795e+02
      vertex   3.300000e+01 8.216667e+02 -1.386300e+02
      vertex   3.281922e+01 8.216667e+02 -1.420795e+02
    endloop
  endfacet
  facet normal 9.876883e-01 0.000000e+00 -1.564345e-01
    outer loop
      vertex   3.281922e+01 8.960000e+02 -1.420795e+02
      vertex   3.281922e+01 8.216667e+02 -1.420795e+02
      vertex   3.227887e+01 8.960000e+02 -1.454911e+02
    endloop
  endfacet
  facet normal 9.876883e-01 0.000000e+00 -1.564345e-01
    outer loop
      vertex   3.227887e+01 8.960000e+02 -1.454911e+02
      vertex   3.281922e+01 8.216667e+02 -1.420795e+02
      vertex   3.227887e+01 8.216667e+02 -1.454911e+02
    endloop
  endfacet
  facet normal 9.659258e-01 0.000000e+00 -2.588190e-01
    outer loop
      vertex   3.227887e+01 8.960000e+02 -1.454911e+02
      vertex   3.227887e+01 8.216667e+02 -1.454911e+02
      vertex   3.138487e+01 8.960000e+02 -1.488276e+02
    endloop
  endfacet
  facet normal 9.659258e-01 4.616580e-17 -2.588190e-01
    outer loop
      vertex   3.138487e+01 8.960000e+02 -1.488276e+02
      vertex   3.227887e+01 8.216667e+02 -1.454911e+02
      vertex   3.138487e+01 8.216667e+02 -1.488276e+02
    endloop
  endfacet
  facet normal 9.335804e-01 4.461987e-17 -3.583679e-01
    outer loop
      vertex   3.138487e+01 8.960000e+02 -1.488276e+02
      vertex   3.138487e+01 8.216667e+02 -1.488276e+02
      vertex   3.014700e+01 8.960000e+02 -1.520523e+02
    endloop
  endfacet
  facet normal 9.335804e-01 0.000000e+00 -3.583679e-01
    outer loop
      vertex   3.014700e+01 8.960000e+02 -1.520523e+02
      vertex   3.138487e+01 8.216667e+02 -1.488276e+02
      vertex   3.014700e+01 8.216667e+02 -1.520523e+02
    endloop
  endfacet
  facet normal 8.910065e-01 0.000000e+00 -4.539905e-01
    outer loop
      vertex   3.014700e+01 8.960000e+02 -1.520523e+02
      vertex   3.014700e+01 8.216667e+02 -1.520523e+02
      vertex   2.857884e+01 8.960000e+02 -1.551300e+02
    endloop
  endfacet
  facet normal 8.910065e-01 8.517016e-17 -4.539905e-01
    outer loop
      vertex   2.857884e+01 8.960000e+02 -1.551300e+02
      vertex   3.014700e+01 8.216667e+02 -1.520523e+02
      vertex   2.857884e+01 8.216667e+02 -1.551300e+02
    endloop
  endfacet
  facet normal 8.386706e-01 8.016744e-17 -5.446390e-01
    outer loop
      vertex   2.857884e+01 8.960000e+02 -1.551300e+02
      vertex   2.857884e+01 8.216667e+02 -1.551300e+02
      vertex   2.669756e+01 8.960000e+02 -1.580269e+02
    endloop
  endfacet
  facet normal 8.386706e-01 0.000000e+00 -5.446390e-01
    outer loop
      vertex   2.669756e+01 8.960000e+02 -1.580269e+02
      vertex   2.857884e+01 8.216667e+02 -1.551300e+02
      vertex   2.669756e+01 8.216667e+02 -1.580269e+02
    endloop
  endfacet
  facet normal 7.771460e-01 0.000000e+00 -6.293204e-01
    outer loop
      vertex   2.669756e+01 8.960000e+02 -1.580269e+02
      vertex   2.669756e+01 8.216667e+02 -1.580269e+02
      vertex   2.452378e+01 8.960000e+02 -1.607113e+02
    endloop
  endfacet
  facet normal 7.771460e-01 0.000000e+00 -6.293204e-01
    outer loop
      vertex   2.452378e+01 8.960000e+02 -1.607113e+02
      vertex   2.669756e+01 8.216667e+02 -1.580269e+02
      vertex   2.452378e+01 8.216667e+02 -1.607113e+02
    endloop
  endfacet
  facet normal 7.071068e-01 0.000000e+00 -7.071068e-01
    outer loop
      vertex   2.452378e+01 8.960000e+02 -1.607113e+02
      vertex   2.452378e+01 8.216667e+02 -1.607113e+02
      vertex   2.208131e+01 8.960000e+02 -1.631538e+02
    endloop
  endfacet
  facet normal 7.071068e-01 6.759142e-17 -7.071068e-01
    outer loop
      vertex   2.208131e+01 8.960000e+02 -1.631538e+02
      vertex   2.452378e+01 8.216667e+02 -1.607113e+02
      vertex   2.208131e+01 8.216667e+02 -1.631538e+02
    endloop
  endfacet
  facet normal 6.293204e-01 6.015592e-17 -7.771460e-01
    outer loop
      vertex   2.208131e+01 8.960000e+02 -1.631538e+02
      vertex   2.208131e+01 8.216667e+02 -1.631538e+02
      vertex   1.939691e+01 8.960000e+02 -1.653276e+02
    endloop
  endfacet
  facet normal 6.293204e-01 -6.015592e-17 -7.771460e-01
    outer loop
      vertex   1.939691e+01 8.960000e+02 -1.653276e+02
      vertex   2.208131e+01 8.216667e+02 -1.631538e+02
      vertex   1.939691e+01 8.216667e+02 -1.653276e+02
    endloop
  endfacet
  facet normal 5.446390e-01 -5.206134e-17 -8.386706e-01
    outer loop
      vertex   1.939691e+01 8.960000e+02 -1.653276e+02
      vertex   1.939691e+01 8.216667e+02 -1.653276e+02
      vertex   1.650000e+01 8.960000e+02 -1.672089e+02
    endloop
  endfacet
  facet normal 5.446390e-01 5.206134e-17 -8.386706e-01
    outer loop
      vertex   1.650000e+01 8.960000e+02 -1.672089e+02
      vertex   1.939691e+01 8.216667e+02 -1.653276e+02
      vertex   1.650000e+01 8.216667e+02 -1.672089e+02
    endloop
  endfacet
  facet normal 4.539905e-01 4.339637e-17 -8.910065e-01
    outer loop
      vertex   1.650000e+01 8.960000e+02 -1.672089e+02
      vertex   1.650000e+01 8.216667e+02 -1.672089e+02
      vertex   1.342231e+01 8.960000e+02 -1.687770e+02
    endloop
  endfacet
  facet normal 4.539905e-01 -4.339637e-17 -8.910065e-01
    outer loop
      vertex   1.342231e+01 8.960000e+02 -1.687770e+02
      vertex   1.650000e+01 8.216667e+02 -1.672089e+02
      vertex   1.342231e+01 8.216667e+02 -1.687770e+02
    endloop
  endfacet
  facet normal 3.583679e-01 -3.425593e-17 -9.335804e-01
    outer loop
      vertex   1.342231e+01 8.960000e+02 -1.687770e+02
      vertex   1.342231e+01 8.216667e+02 -1.687770e+02
      vertex   1.019756e+01 8.960000e+02 -1.700149e+02
    endloop
  endfacet
  facet normal 3.583679e-01 -2.569195e-17 -9.335804e-01
    outer loop
      vertex   1.019756e+01 8.960000e+02 -1.700149e+02
      vertex   1.342231e+01 8.216667e+02 -1.687770e+02
      vertex   1.019756e+01 8.216667e+02 -1.700149e+02
    endloop
  endfacet
  facet normal 2.588190e-01 -1.855513e-17 -9.659258e-01
    outer loop
      vertex   1.019756e+01 8.960000e+02 -1.700149e+02
      vertex   1.019756e+01 8.216667e+02 -1.700149e+02
      vertex   6.861086e+00 8.960000e+02 -1.709089e+02
    endloop
  endfacet
  facet normal 2.588190e-01 0.000000e+00 -9.659258e-01
    outer loop
      vertex   6.861086e+00 8.960000e+02 -1.709089e+02
      vertex   1.019756e+01 8.216667e+02 -1.700149e+02
      vertex   6.861086e+00 8.216667e+02 -1.709089e+02
    endloop
  endfacet
  facet normal 1.564345e-01 0.000000e+00 -9.876883e-01
    outer loop
      vertex   6.861086e+00 8.960000e+02 -1.709089e+02
      vertex   6.861086e+00 8.216667e+02 -1.709089e+02
      vertex   3.449439e+00 8.960000e+02 -1.714492e+02
    endloop
  endfacet
  facet normal 1.564345e-01 0.000000e+00 -9.876883e-01
    outer loop
      vertex   3.449439e+00 8.960000e+02 -1.714492e+02
      vertex   6.861086e+00 8.216667e+02 -1.709089e+02
      vertex   3.449439e+00 8.216667e+02 -1.714492e+02
    endloop
  endfacet
  facet normal 5.233596e-02 0.000000e+00 -9.986295e-01
    outer loop
      vertex   3.449439e+00 8.960000e+02 -1.714492e+02
      vertex   3.449439e+00 8.216667e+02 -1.714492e+02
      vertex   1.050931e-14 8.960000e+02 -1.716300e+02
    endloop
  endfacet
  facet normal 5.233596e-02 0.000000e+00 -9.986295e-01
    outer loop
      vertex   1.050931e-14 8.960000e+02 -1.716300e+02
      vertex   3.449439e+00 8.216667e+02 -1.714492e+02
      vertex   1.050931e-14 8.216667e+02 -1.716300e+02
    endloop
  endfacet
  facet normal -5.233596e-02 -0.000000e+00 -9.986295e-01
    outer loop
      vertex   1.050931e-14 8.960000e+02 -1.716300e+02
      vertex   1.050931e-14 8.216667e+02 -1.716300e+02
      vertex   -3.449439e+00 8.960000e+02 -1.714492e+02
    endloop
  endfacet
  facet normal -5.233596e-02 -0.000000e+00 -9.986295e-01
    outer loop
      vertex   -3.449439e+00 8.960000e+02 -1.714492e+02
      vertex   1.050931e-14 8.216667e+02 -1.716300e+02
      vertex   -3.449439e+00 8.216667e+02 -1.714492e+02
    endloop
  endfacet
  facet normal -1.564345e-01 -0.000000e+00 -9.876883e-01
    outer loop
      vertex   -3.449439e+00 8.960000e+02 -1.714492e+02
      vertex   -3.449439e+00 8.216667e+02 -1.714492e+02
      vertex   -6.861086e+00 8.960000e+02 -1.709089e+02
    endloop
  endfacet
  facet normal -1.564345e-01 -0.000000e+00 -9.876883e-01
    outer loop
      vertex   -6.861086e+00 8.960000e+02 -1.709089e+02
      vertex   -3.449439e+00 8.216667e+02 -1.714492e+02
      vertex   -6.861086e+00 8.216667e+02 -1.709089e+02
    endloop
  endfacet
  facet normal -2.588190e-01 -0.000000e+00 -9.659258e-01
    outer loop
      vertex   -6.861086e+00 8.960000e+02 -1.709089e+02
      vertex   -6.861086e+00 8.216667e+02 -1.709089e+02
      vertex   -1.019756e+01 8.960000e+02 -1.700149e+02
    endloop
  endfacet
  facet normal -2.588190e-01 -2.474018e-17 -9.659258e-01
    outer loop
      vertex   -1.019756e+01 8.960000e+02 -1.700149e+02
      vertex   -6.861086e+00 8.216667e+02 -1.709089e+02
      vertex   -1.019756e+01 8.216667e+02 -1.700149e+02
    endloop
  endfacet
  facet normal -3.583679e-01 -3.425593e-17 -9.335804e-01
    outer loop
      vertex   -1.019756e+01 8.960000e+02 -1.700149e+02
      vertex   -1.019756e+01 8.216667e+02 -1.700149e+02
      vertex   -1.342231e+01 8.960000e+02 -1.687770e+02
    endloop
  endfacet
  facet normal -3.583679e-01 -0.000000e+00 -9.335804e-01
    outer loop
      vertex   -1.342231e+01 8.960000e+02 -1.687770e+02
      vertex   -1.019756e+01 8.216667e+02 -1.700149e+02
      vertex   -1.342231e+01 8.216667e+02 -1.687770e+02
    endloop
  endfacet
  facet normal -4.539905e-01 -0.000000e+00 -8.910065e-01
    outer loop
      vertex   -1.342231e+01 8.960000e+02 -1.687770e+02
      vertex   -1.342231e+01 8.216667e+02 -1.687770e+02
      vertex   -1.650000e+01 8.960000e+02 -1.672089e+02
    endloop
  endfacet
  facet normal -4.539905e-01 -0.000000e+00 -8.910065e-01
    outer loop
      vertex   -1.650000e+01 8.960000e+02 -1.672089e+02
      vertex   -1.342231e+01 8.216667e+02 -1.687770e+02
      vertex   -1.650000e+01 8.216667e+02 -1.672089e+02
    endloop
  endfacet
  facet normal -5.446390e-01 -0.000000e+00 -8.386706e-01
    outer loop
      vertex   -1.650000e+01 8.960000e+02 -1.672089e+02
      vertex   -1.650000e+01 8.216667e+02 -1.672089e+02
      vertex   -1.939691e+01 8.960000e+02 -1.653276e+02
    endloop
  endfacet
  facet normal -5.446390e-01 -7.809201e-17 -8.386706e-01
    outer loop
      vertex   -1.939691e+01 8.960000e+02 -1.653276e+02
      vertex   -1.650000e+01 8.216667e+02 -1.672089e+02
      vertex   -1.939691e+01 8.216667e+02 -1.653276e+02
    endloop
  endfacet
  facet normal -6.293204e-01 -9.023389e-17 -7.771460e-01
    outer loop
      vertex   -1.939691e+01 8.960000e+02 -1.653276e+02
      vertex   -1.939691e+01 8.216667e+02 -1.653276e+02
      vertex   -2.208131e+01 8.960000e+02 -1.631538e+02
    endloop
  endfacet
  facet normal -6.293204e-01 -6.015592e-17 -7.771460e-01
    outer loop
      vertex   -2.208131e+01 8.960000e+02 -1.631538e+02
      vertex   -1.939691e+01 8.216667e+02 -1.653276e+02
      vertex   -2.208131e+01 8.216667e+02 -1.631538e+02
    endloop
  endfacet
  facet normal -7.071068e-01 -6.759142e-17 -7.071068e-01
    outer loop
      vertex   -2.208131e+01 8.960000e+02 -1.631538e+02
      vertex   -2.208131e+01 8.216667e+02 -1.631538e+02
      vertex   -2.452378e+01 8.960000e+02 -1.607113e+02
    endloop
  endfacet
  facet normal -7.071068e-01 -0.000000e+00 -7.071068e-01
    outer loop
      vertex   -2.452378e+01 8.960000e+02 -1.607113e+02
      vertex   -2.208131e+01 8.216667e+02 -1.631538e+02
      vertex   -2.452378e+01 8.216667e+02 -1.607113e+02
    endloop
  endfacet
  facet normal -7.771460e-01 -0.000000e+00 -6.293204e-01
    outer loop
      vertex   -2.452378e+01 8.960000e+02 -1.607113e+02
      vertex   -2.452378e+01 8.216667e+02 -1.607113e+02
      vertex   -2.669756e+01 8.960000e+02 -1.580269e+02
    endloop
  endfacet
  facet normal -7.771460e-01 -0.000000e+00 -6.293204e-01
    outer loop
      vertex   -2.669756e+01 8.960000e+02 -1.580269e+02
      vertex   -2.452378e+01 8.216667e+02 -1.607113e+02
      vertex   -2.669756e+01 8.216667e+02 -1.580269e+02
    endloop
  endfacet
  facet normal -8.386706e-01 -0.000000e+00 -5.446390e-01
    outer loop
      vertex   -2.669756e+01 8.960000e+02 -1.580269e+02
      vertex   -2.669756e+01 8.216667e+02 -1.580269e+02
      vertex   -2.857884e+01 8.960000e+02 -1.551300e+02
    endloop
  endfacet
  facet normal -8.386706e-01 -0.000000e+00 -5.446390e-01
    outer loop
      vertex   -2.857884e+01 8.960000e+02 -1.551300e+02
      vertex   -2.669756e+01 8.216667e+02 -1.580269e+02
      vertex   -2.857884e+01 8.216667e+02 -1.551300e+02
    endloop
  endfacet
  facet normal -8.910065e-01 -0.000000e+00 -4.539905e-01
    outer loop
      vertex   -2.857884e+01 8.960000e+02 -1.551300e+02
      vertex   -2.857884e+01 8.216667e+02 -1.551300e+02
      vertex   -3.014700e+01 8.960000e+02 -1.520523e+02
    endloop
  endfacet
  facet normal -8.910065e-01 -0.000000e+00 -4.539905e-01
    outer loop
      vertex   -3.014700e+01 8.960000e+02 -1.520523e+02
      vertex   -2.857884e+01 8.216667e+02 -1.551300e+02
      vertex   -3.014700e+01 8.216667e+02 -1.520523e+02
    endloop
  endfacet
  facet normal -9.335804e-01 -0.000000e+00 -3.583679e-01
    outer loop
      vertex   -3.014700e+01 8.960000e+02 -1.520523e+02
      vertex   -3.014700e+01 8.216667e+02 -1.520523e+02
      vertex   -3.138487e+01 8.960000e+02 -1.488276e+02
    endloop
  endfacet
  facet normal -9.335804e-01 -0.000000e+00 -3.583679e-01
    outer loop
      vertex   -3.138487e+01 8.960000e+02 -1.488276e+02
      vertex   -3.014700e+01 8.216667e+02 -1.520523e+02
      vertex   -3.138487e+01 8.216667e+02 -1.488276e+02
    endloop
  endfacet
  facet normal -9.659258e-01 -0.000000e+00 -2.588190e-01
    outer loop
      vertex   -3.138487e+01 8.960000e+02 -1.488276e+02
      vertex   -3.138487e+01 8.216667e+02 -1.488276e+02
      vertex   -3.227887e+01 8.960000e+02 -1.454911e+02
    endloop
  endfacet
  facet normal -9.659258e-01 -0.000000e+00 -2.588190e-01
    outer loop
      vertex   -3.227887e+01 8.960000e+02 -1.454911e+02
      vertex   -3.138487e+01 8.216667e+02 -1.488276e+02
      vertex   -3.227887e+01 8.216667e+02 -1.454911e+02
    endloop
  endfacet
  facet normal -9.876883e-01 -0.000000e+00 -1.564345e-01
    outer loop
      vertex   -3.227887e+01 8.960000e+02 -1.454911e+02
      vertex   -3.227887e+01 8.216667e+02 -1.454911e+02
      vertex   -3.281922e+01 8.960000e+02 -1.420795e+02
    endloop
  endfacet
  facet normal -9.876883e-01 -0.000000e+00 -1.564345e-01
    outer loop
      vertex   -3.281922e+01 8.960000e+02 -1.420795e+02
      vertex   -3.227887e+01 8.216667e+02 -1.454911e+02
      vertex   -3.281922e+01 8.216667e+02 -1.420795e+02
    endloop
  endfacet
  facet normal -9.986295e-01 0.000000e+00 5.233596e-02
    outer loop
      vertex   -3.281922e+01 6.730000e+02 -1.351806e+02
      vertex   -3.281922e+01 7.473333e+02 -1.351806e+02
      vertex   -3.300000e+01 6.730000e+02 -1.386300e+02
    endloop
  endfacet
  facet normal -9.986295e-01 0.000000e+00 5.233596e-02
    outer loop
      vertex   -3.300000e+01 6.730000e+02 -1.386300e+02
      vertex   -3.281922e+01 7.473333e+02 -1.351806e+02
      vertex   -3.300000e+01 7.473333e+02 -1.386300e+02
    endloop
  endfacet
  facet normal -9.986295e-01 0.000000e+00 -5.233596e-02
    outer loop
      vertex   -3.300000e+01 6.730000e+02 -1.386300e+02
      vertex   -3.300000e+01 7.473333e+02 -1.386300e+02
      vertex   -3.281922e+01 6.730000e+02 -1.420795e+02
    endloop
  endfacet
  facet normal -9.986295e-01 0.000000e+00 -5.233596e-02
    outer loop
      vertex   -3.281922e+01 6.730000e+02 -1.420795e+02
      vertex   -3.300000e+01 7.473333e+02 -1.386300e+02
      vertex   -3.281922e+01 7.473333e+02 -1.420795e+02
    endloop
  endfacet
  facet normal -9.876883e-01 0.000000e+00 -1.564345e-01
    outer loop
      vertex   -3.281922e+01 6.730000e+02 -1.420795e+02
      vertex   -3.281922e+01 7.473333e+02 -1.420795e+02
      vertex   -3.227887e+01 6.730000e+02 -1.454911e+02
    endloop
  endfacet
  facet normal -9.876883e-01 0.000000e+00 -1.564345e-01
    outer loop
      vertex   -3.227887e+01 6.730000e+02 -1.454911e+02
      vertex   -3.281922e+01 7.473333e+02 -1.420795e+02
      vertex   -3.227887e+01 7.473333e+02 -1.454911e+02
    endloop
  endfacet
  facet normal -9.659258e-01 0.000000e+00 -2.588190e-01
    outer loop
      vertex   -3.227887e+01 6.730000e+02 -1.454911e+02
      vertex   -3.227887e+01 7.473333e+02 -1.454911e+02
      vertex   -3.138487e+01 6.730000e+02 -1.488276e+02
    endloop
  endfacet
  facet normal -9.659258e-01 0.000000e+00 -2.588190e-01
    outer loop
      vertex   -3.138487e+01 6.730000e+02 -1.488276e+02
      vertex   -3.227887e+01 7.473333e+02 -1.454911e+02
      vertex   -3.138487e+01 7.473333e+02 -1.488276e+02
    endloop
  endfacet
  facet normal -9.335804e-01 0.000000e+00 -3.583679e-01
    outer loop
      vertex   -3.138487e+01 6.730000e+02 -1.488276e+02
      vertex   -3.138487e+01 7.473333e+02 -1.488276e+02
      vertex   -3.014700e+01 6.730000e+02 -1.520523e+02
    endloop
  endfacet
  facet normal -9.335804e-01 0.000000e+00 -3.583679e-01
    outer loop
      vertex   -3.014700e+01 6.730000e+02 -1.520523e+02
      vertex   -3.138487e+01 7.473333e+02 -1.488276e+02
      vertex   -3.014700e+01 7.473333e+02 -1.520523e+02
    endloop
  endfacet
  facet normal -8.910065e-01 0.000000e+00 -4.539905e-01
    outer loop
      vertex   -3.014700e+01 6.730000e+02 -1.520523e+02
      vertex   -3.014700e+01 7.473333e+02 -1.520523e+02
      vertex   -2.857884e+01 6.730000e+02 -1.551300e+02
    endloop
  endfacet
  facet normal -8.910065e-01 0.000000e+00 -4.539905e-01
    outer loop
      vertex   -2.857884e+01 6.730000e+02 -1.551300e+02
      vertex   -3.014700e+01 7.473333e+02 -1.520523e+02
      vertex   -2.857884e+01 7.473333e+02 -1.551300e+02
    endloop
  endfacet
  facet normal -8.386706e-01 0.000000e+00 -5.446390e-01
    outer loop
      vertex   -2.857884e+01 6.730000e+02 -1.551300e+02
      vertex   -2.857884e+01 7.473333e+02 -1.551300e+02
      vertex   -2.669756e+01 6.730000e+02 -1.580269e+02
    endloop
  endfacet
  facet normal -8.386706e-01 0.000000e+00 -5.446390e-01
    outer loop
      vertex   -2.669756e+01 6.730000e+02 -1.580269e+02
      vertex   -2.857884e+01 7.473333e+02 -1.551300e+02
      vertex   -2.669756e+01 7.473333e+02 -1.580269e+02
    endloop
  endfacet
  facet normal -7.771460e-01 0.000000e+00 -6.293204e-01
    outer loop
      vertex   -2.669756e+01 6.730000e+02 -1.580269e+02
      vertex   -2.669756e+01 7.473333e+02 -1.580269e+02
      vertex   -2.452378e+01 6.730000e+02 -1.607113e+02
    endloop
  endfacet
  facet normal -7.771460e-01 0.000000e+00 -6.293204e-01
    outer loop
      vertex   -2.452378e+01 6.730000e+02 -1.607113e+02
      vertex   -2.669756e+01 7.473333e+02 -1.580269e+02
      vertex   -2.452378e+01 7.473333e+02 -1.607113e+02
    endloop
  endfacet
  facet normal -7.071068e-01 0.000000e+00 -7.071068e-01
    outer loop
      vertex   -2.452378e+01 6.730000e+02 -1.607113e+02
      vertex   -2.452378e+01 7.473333e+02 -1.607113e+02
      vertex   -2.208131e+01 6.730000e+02 -1.631538e+02
    endloop
  endfacet
  facet normal -7.071068e-01 6.759142e-17 -7.071068e-01
    outer loop
      vertex   -2.208131e+01 6.730000e+02 -1.631538e+02
      vertex   -2.452378e+01 7.473333e+02 -1.607113e+02
      vertex   -2.208131e+01 7.473333e+02 -1.631538e+02
    endloop
  endfacet
  facet normal -6.293204e-01 6.015592e-17 -7.771460e-01
    outer loop
      vertex   -2.208131e+01 6.730000e+02 -1.631538e+02
      vertex   -2.208131e+01 7.473333e+02 -1.631538e+02
      vertex   -1.939691e+01 6.730000e+02 -1.653276e+02
    endloop
  endfacet
  facet normal -6.293204e-01 9.023389e-17 -7.771460e-01
    outer loop
      vertex   -1.939691e+01 6.730000e+02 -1.653276e+02
      vertex   -2.208131e+01 7.473333e+02 -1.631538e+02
      vertex   -1.939691e+01 7.473333e+02 -1.653276e+02
    endloop
  endfacet
  facet normal -5.446390e-01 7.809201e-17 -8.386706e-01
    outer loop
      vertex   -1.939691e+01 6.730000e+02 -1.653276e+02
      vertex   -1.939691e+01 7.473333e+02 -1.653276e+02
      vertex   -1.650000e+01 6.730000e+02 -1.672089e+02
    endloop
  endfacet
  facet normal -5.446390e-01 0.000000e+00 -8.386706e-01
    outer loop
      vertex   -1.650000e+01 6.730000e+02 -1.672089e+02
      vertex   -1.939691e+01 7.473333e+02 -1.653276e+02
      vertex   -1.650000e+01 7.473333e+02 -1.672089e+02
    endloop
  endfacet
  facet normal -4.539905e-01 0.000000e+00 -8.910065e-01
    outer loop
      vertex   -1.650000e+01 6.730000e+02 -1.672089e+02
      vertex   -1.650000e+01 7.473333e+02 -1.672089e+02
      vertex   -1.342231e+01 6.730000e+02 -1.687770e+02
    endloop
  endfacet
  facet normal -4.539905e-01 0.000000e+00 -8.910065e-01
    outer loop
      vertex   -1.342231e+01 6.730000e+02 -1.687770e+02
      vertex   -1.650000e+01 7.473333e+02 -1.672089e+02
      vertex   -1.342231e+01 7.473333e+02 -1.687770e+02
    endloop
  endfacet
  facet normal -3.583679e-01 0.000000e+00 -9.335804e-01
    outer loop
      vertex   -1.342231e+01 6.730000e+02 -1.687770e+02
      vertex   -1.342231e+01 7.473333e+02 -1.687770e+02
      vertex   -1.019756e+01 6.730000e+02 -1.700149e+02
    endloop
  endfacet
  facet normal -3.583679e-01 3.425593e-17 -9.335804e-01
    outer loop
      vertex   -1.019756e+01 6.730000e+02 -1.700149e+02
      vertex   -1.342231e+01 7.473333e+02 -1.687770e+02
      vertex   -1.019756e+01 7.473333e+02 -1.700149e+02
    endloop
  endfacet
  facet normal -2.588190e-01 2.474018e-17 -9.659258e-01
    outer loop
      vertex   -1.019756e+01 6.730000e+02 -1.700149e+02
      vertex   -1.019756e+01 7.473333e+02 -1.700149e+02
      vertex   -6.861086e+00 6.730000e+02 -1.709089e+02
    endloop
  endfacet
  facet normal -2.588190e-01 0.000000e+00 -9.659258e-01
    outer loop
      vertex   -6.861086e+00 6.730000e+02 -1.709089e+02
      vertex   -1.019756e+01 7.473333e+02 -1.700149e+02
      vertex   -6.861086e+00 7.473333e+02 -1.709089e+02
    endloop
  endfacet
  facet normal -1.564345e-01 0.000000e+00 -9.876883e-01
    outer loop
      vertex   -6.861086e+00 6.730000e+02 -1.709089e+02
      vertex   -6.861086e+00 7.473333e+02 -1.709089e+02
      vertex   -3.449439e+00 6.730000e+02 -1.714492e+02
    endloop
  endfacet
  facet normal -1.564345e-01 0.000000e+00 -9.876883e-01
    outer loop
      vertex   -3.449439e+00 6.730000e+02 -1.714492e+02
      vertex   -6.861086e+00 7.473333e+02 -1.709089e+02
      vertex   -3.449439e+00 7.473333e+02 -1.714492e+02
    endloop
  endfacet
  facet normal -5.233596e-02 0.000000e+00 -9.986295e-01
    outer loop
      vertex   -3.449439e+00 6.730000e+02 -1.714492e+02
      vertex   -3.449439e+00 7.473333e+02 -1.714492e+02
      vertex   1.050931e-14 6.730000e+02 -1.716300e+02
    endloop
  endfacet
  facet normal -5.233596e-02 0.000000e+00 -9.986295e-01
    outer loop
      vertex   1.050931e-14 6.730000e+02 -1.716300e+02
      vertex   -3.449439e+00 7.473333e+02 -1.714492e+02
      vertex   1.050931e-14 7.473333e+02 -1.716300e+02
    endloop
  endfacet
  facet normal 5.233596e-02 0.000000e+00 -9.986295e-01
    outer loop
      vertex   1.050931e-14 6.730000e+02 -1.716300e+02
      vertex   1.050931e-14 7.473333e+02 -1.716300e+02
      vertex   3.449439e+00 6.730000e+02 -1.714492e+02
    endloop
  endfacet
  facet normal 5.233596e-02 0.000000e+00 -9.986295e-01
    outer loop
      vertex   3.449439e+00 6.730000e+02 -1.714492e+02
      vertex   1.050931e-14 7.473333e+02 -1.716300e+02
      vertex   3.449439e+00 7.473333e+02 -1.714492e+02
    endloop
  endfacet
  facet normal 1.564345e-01 0.000000e+00 -9.876883e-01
    outer loop
      vertex   3.449439e+00 6.730000e+02 -1.714492e+02
      vertex   3.449439e+00 7.473333e+02 -1.714492e+02
      vertex   6.861086e+00 6.730000e+02 -1.709089e+02
    endloop
  endfacet
  facet normal 1.564345e-01 0.000000e+00 -9.876883e-01
    outer loop
      vertex   6.861086e+00 6.730000e+02 -1.709089e+02
      vertex   3.449439e+00 7.473333e+02 -1.714492e+02
      vertex   6.861086e+00 7.473333e+02 -1.709089e+02
    endloop
  endfacet
  facet normal 2.588190e-01 0.000000e+00 -9.659258e-01
    outer loop
      vertex   6.861086e+00 6.730000e+02 -1.709089e+02
      vertex   6.861086e+00 7.473333e+02 -1.709089e+02
      vertex   1.019756e+01 6.730000e+02 -1.700149e+02
    endloop
  endfacet
  facet normal 2.588190e-01 1.855513e-17 -9.659258e-01
    outer loop
      vertex   1.019756e+01 6.730000e+02 -1.700149e+02
      vertex   6.861086e+00 7.473333e+02 -1.709089e+02
      vertex   1.019756e+01 7.473333e+02 -1.700149e+02
    endloop
  endfacet
  facet normal 3.583679e-01 2.569195e-17 -9.335804e-01
    outer loop
      vertex   1.019756e+01 6.730000e+02 -1.700149e+02
      vertex   1.019756e+01 7.473333e+02 -1.700149e+02
      vertex   1.342231e+01 6.730000e+02 -1.687770e+02
    endloop
  endfacet
  facet normal 3.583679e-01 3.425593e-17 -9.335804e-01
    outer loop
      vertex   1.342231e+01 6.730000e+02 -1.687770e+02
      vertex   1.019756e+01 7.473333e+02 -1.700149e+02
      vertex   1.342231e+01 7.473333e+02 -1.687770e+02
    endloop
  endfacet
  facet normal 4.539905e-01 4.339637e-17 -8.910065e-01
    outer loop
      vertex   1.342231e+01 6.730000e+02 -1.687770e+02
      vertex   1.342231e+01 7.473333e+02 -1.687770e+02
      vertex   1.650000e+01 6.730000e+02 -1.672089e+02
    endloop
  endfacet
  facet normal 4.539905e-01 -4.339637e-17 -8.910065e-01
    outer loop
      vertex   1.650000e+01 6.730000e+02 -1.672089e+02
      vertex   1.342231e+01 7.473333e+02 -1.687770e+02
      vertex   1.650000e+01 7.473333e+02 -1.672089e+02
    endloop
  endfacet
  facet normal 5.446390e-01 -5.206134e-17 -8.386706e-01
    outer loop
      vertex   1.650000e+01 6.730000e+02 -1.672089e+02
      vertex   1.650000e+01 7.473333e+02 -1.672089e+02
      vertex   1.939691e+01 6.730000e+02 -1.653276e+02
    endloop
  endfacet
  facet normal 5.446390e-01 5.206134e-17 -8.386706e-01
    outer loop
      vertex   1.939691e+01 6.730000e+02 -1.653276e+02
      vertex   1.650000e+01 7.473333e+02 -1.672089e+02
      vertex   1.939691e+01 7.473333e+02 -1.653276e+02
    endloop
  endfacet
  facet normal 6.293204e-01 6.015592e-17 -7.771460e-01
    outer loop
      vertex   1.939691e+01 6.730000e+02 -1.653276e+02
      vertex   1.939691e+01 7.473333e+02 -1.653276e+02
      vertex   2.208131e+01 6.730000e+02 -1.631538e+02
    endloop
  endfacet
  facet normal 6.293204e-01 -6.015592e-17 -7.771460e-01
    outer loop
      vertex   2.208131e+01 6.730000e+02 -1.631538e+02
      vertex   1.939691e+01 7.473333e+02 -1.653276e+02
      vertex   2.208131e+01 7.473333e+02 -1.631538e+02
    endloop
  endfacet
  facet normal 7.071068e-01 -6.759142e-17 -7.071068e-01
    outer loop
      vertex   2.208131e+01 6.730000e+02 -1.631538e+02
      vertex   2.208131e+01 7.473333e+02 -1.631538e+02
      vertex   2.452378e+01 6.730000e+02 -1.607113e+02
    endloop
  endfacet
  facet normal 7.071068e-01 0.000000e+00 -7.071068e-01
    outer loop
      vertex   2.452378e+01 6.730000e+02 -1.607113e+02
      vertex   2.208131e+01 7.473333e+02 -1.631538e+02
      vertex   2.452378e+01 7.473333e+02 -1.607113e+02
    endloop
  endfacet
  facet normal 7.771460e-01 0.000000e+00 -6.293204e-01
    outer loop
      vertex   2.452378e+01 6.730000e+02 -1.607113e+02
      vertex   2.452378e+01 7.473333e+02 -1.607113e+02
      vertex   2.669756e+01 6.730000e+02 -1.580269e+02
    endloop
  endfacet
  facet normal 7.771460e-01 0.000000e+00 -6.293204e-01
    outer loop
      vertex   2.669756e+01 6.730000e+02 -1.580269e+02
      vertex   2.452378e+01 7.473333e+02 -1.607113e+02
      vertex   2.669756e+01 7.473333e+02 -1.580269e+02
    endloop
  endfacet
  facet normal 8.386706e-01 0.000000e+00 -5.446390e-01
    outer loop
      vertex   2.669756e+01 6.730000e+02 -1.580269e+02
      vertex   2.669756e+01 7.473333e+02 -1.580269e+02
      vertex   2.857884e+01 6.730000e+02 -1.551300e+02
    endloop
  endfacet
  facet normal 8.386706e-01 -8.016744e-17 -5.446390e-01
    outer loop
      vertex   2.857884e+01 6.730000e+02 -1.551300e+02
      vertex   2.669756e+01 7.473333e+02 -1.580269e+02
      vertex   2.857884e+01 7.473333e+02 -1.551300e+02
    endloop
  endfacet
  facet normal 8.910065e-01 -8.517016e-17 -4.539905e-01
    outer loop
      vertex   2.857884e+01 6.730000e+02 -1.551300e+02
      vertex   2.857884e+01 7.473333e+02 -1.551300e+02
      vertex   3.014700e+01 6.730000e+02 -1.520523e+02
    endloop
  endfacet
  facet normal 8.910065e-01 0.000000e+00 -4.539905e-01
    outer loop
      vertex   3.014700e+01 6.730000e+02 -1.520523e+02
      vertex   2.857884e+01 7.473333e+02 -1.551300e+02
      vertex   3.014700e+01 7.473333e+02 -1.520523e+02
    endloop
  endfacet
  facet normal 9.335804e-01 0.000000e+00 -3.583679e-01
    outer loop
      vertex   3.014700e+01 6.730000e+02 -1.520523e+02
      vertex   3.014700e+01 7.473333e+02 -1.520523e+02
      vertex   3.138487e+01 6.730000e+02 -1.488276e+02
    endloop
  endfacet
  facet normal 9.335804e-01 -4.461987e-17 -3.583679e-01
    outer loop
      vertex   3.138487e+01 6.730000e+02 -1.488276e+02
      vertex   3.014700e+01 7.473333e+02 -1.520523e+02
      vertex   3.138487e+01 7.473333e+02 -1.488276e+02
    endloop
  endfacet
  facet normal 9.659258e-01 -4.616580e-17 -2.588190e-01
    outer loop
      vertex   3.138487e+01 6.730000e+02 -1.488276e+02
      vertex   3.138487e+01 7.473333e+02 -1.488276e+02
      vertex   3.227887e+01 6.730000e+02 -1.454911e+02
    endloop
  endfacet
  facet normal 9.659258e-01 0.000000e+00 -2.588190e-01
    outer loop
      vertex   3.227887e+01 6.730000e+02 -1.454911e+02
      vertex   3.138487e+01 7.473333e+02 -1.488276e+02
      vertex   3.227887e+01 7.473333e+02 -1.454911e+02
    endloop
  endfacet
  facet normal 9.876883e-01 0.000000e+00 -1.564345e-01
    outer loop
      vertex   3.227887e+01 6.730000e+02 -1.454911e+02
      vertex   3.227887e+01 7.473333e+02 -1.454911e+02
      vertex   3.281922e+01 6.730000e+02 -1.420795e+02
    endloop
  endfacet
  facet normal 9.876883e-01 0.000000e+00 -1.564345e-01
    outer loop
      vertex   3.281922e+01 6.730000e+02 -1.420795e+02
      vertex   3.227887e+01 7.473333e+02 -1.454911e+02
      vertex   3.281922e+01 7.473333e+02 -1.420795e+02
    endloop
  endfacet
  facet normal 9.986295e-01 0.000000e+00 -5.233596e-02
    outer loop
      vertex   3.281922e+01 6.730000e+02 -1.420795e+02
      vertex   3.281922e+01 7.473333e+02 -1.420795e+02
      vertex   3.300000e+01 6.730000e+02 -1.386300e+02
    endloop
  endfacet
  facet normal 9.986295e-01 0.000000e+00 -5.233596e-02
    outer loop
      vertex   3.300000e+01 6.730000e+02 -1.386300e+02
      vertex   3.281922e+01 7.473333e+02 -1.420795e+02
      vertex   3.300000e+01 7.473333e+02 -1.386300e+02
    endloop
  endfacet
  facet normal 9.986295e-01 -0.000000e+00 5.233596e-02
    outer loop
      vertex   3.300000e+01 6.730000e+02 -1.386300e+02
      vertex   3.300000e+01 7.473333e+02 -1.386300e+02
      vertex   3.281922e+01 6.730000e+02 -1.351806e+02
    endloop
  endfacet
  facet normal 9.986295e-01 -0.000000e+00 5.233596e-02
    outer loop
      vertex   3.281922e+01 6.730000e+02 -1.351806e+02
      vertex   3.300000e+01 7.473333e+02 -1.386300e+02
      vertex   3.281922e+01 7.473333e+02 -1.351806e+02
    endloop
  endfacet
  facet normal 9.876883e-01 -0.000000e+00 1.564345e-01
    outer loop
      vertex   3.281922e+01 6.730000e+02 -1.351806e+02
      vertex   3.281922e+01 7.473333e+02 -1.351806e+02
      vertex   3.227887e+01 6.730000e+02 -1.317689e+02
    endloop
  endfacet
  facet normal 9.876883e-01 -0.000000e+00 1.564345e-01
    outer loop
      vertex   3.227887e+01 6.730000e+02 -1.317689e+02
      vertex   3.281922e+01 7.473333e+02 -1.351806e+02
      vertex   3.227887e+01 7.473333e+02 -1.317689e+02
    endloop
  endfacet
  facet normal 9.659258e-01 -0.000000e+00 2.588190e-01
    outer loop
      vertex   3.227887e+01 6.730000e+02 -1.317689e+02
      vertex   3.227887e+01 7.473333e+02 -1.317689e+02
      vertex   3.138487e+01 6.730000e+02 -1.284325e+02
    endloop
  endfacet
  facet normal 9.659258e-01 -4.616580e-17 2.588190e-01
    outer loop
      vertex   3.138487e+01 6.730000e+02 -1.284325e+02
      vertex   3.227887e+01 7.473333e+02 -1.317689e+02
      vertex   3.138487e+01 7.473333e+02 -1.284325e+02
    endloop
  endfacet
  facet normal 9.335804e-01 -4.461987e-17 3.583679e-01
    outer loop
      vertex   3.138487e+01 6.730000e+02 -1.284325e+02
      vertex   3.138487e+01 7.473333e+02 -1.284325e+02
      vertex   3.014700e+01 6.730000e+02 -1.252077e+02
    endloop
  endfacet
  facet normal 9.335804e-01 -4.461987e-17 3.583679e-01
    outer loop
      vertex   3.014700e+01 6.730000e+02 -1.252077e+02
      vertex   3.138487e+01 7.473333e+02 -1.284325e+02
      vertex   3.014700e+01 7.473333e+02 -1.252077e+02
    endloop
  endfacet
  facet normal 8.910065e-01 -4.258508e-17 4.539905e-01
    outer loop
      vertex   3.014700e+01 6.730000e+02 -1.252077e+02
      vertex   3.014700e+01 7.473333e+02 -1.252077e+02
      vertex   2.857884e+01 6.730000e+02 -1.221300e+02
    endloop
  endfacet
  facet normal 8.910065e-01 -0.000000e+00 4.539905e-01
    outer loop
      vertex   2.857884e+01 6.730000e+02 -1.221300e+02
      vertex   3.014700e+01 7.473333e+02 -1.252077e+02
      vertex   2.857884e+01 7.473333e+02 -1.221300e+02
    endloop
  endfacet
  facet normal 8.386706e-01 -0.000000e+00 5.446390e-01
    outer loop
      vertex   2.857884e+01 6.730000e+02 -1.221300e+02
      vertex   2.857884e+01 7.473333e+02 -1.221300e+02
      vertex   2.669756e+01 6.730000e+02 -1.192331e+02
    endloop
  endfacet
  facet normal 8.386706e-01 -0.000000e+00 5.446390e-01
    outer loop
      vertex   2.669756e+01 6.730000e+02 -1.192331e+02
      vertex   2.857884e+01 7.473333e+02 -1.221300e+02
      vertex   2.669756e+01 7.473333e+02 -1.192331e+02
    endloop
  endfacet
  facet normal 7.771460e-01 -0.000000e+00 6.293204e-01
    outer loop
      vertex   2.669756e+01 6.730000e+02 -1.192331e+02
      vertex   2.669756e+01 7.473333e+02 -1.192331e+02
      vertex   2.452378e+01 6.730000e+02 -1.165487e+02
    endloop
  endfacet
  facet normal 7.771460e-01 3.714319e-17 6.293204e-01
    outer loop
      vertex   2.452378e+01 6.730000e+02 -1.165487e+02
      vertex   2.669756e+01 7.473333e+02 -1.192331e+02
      vertex   2.452378e+01 7.473333e+02 -1.165487e+02
    endloop
  endfacet
  facet normal 7.071068e-01 3.379571e-17 7.071068e-01
    outer loop
      vertex   2.452378e+01 6.730000e+02 -1.165487e+02
      vertex   2.452378e+01 7.473333e+02 -1.165487e+02
      vertex   2.208131e+01 6.730000e+02 -1.141062e+02
    endloop
  endfacet
  facet normal 7.071068e-01 -0.000000e+00 7.071068e-01
    outer loop
      vertex   2.208131e+01 6.730000e+02 -1.141062e+02
      vertex   2.452378e+01 7.473333e+02 -1.165487e+02
      vertex   2.208131e+01 7.473333e+02 -1.141062e+02
    endloop
  endfacet
  facet normal 6.293204e-01 -0.000000e+00 7.771460e-01
    outer loop
      vertex   2.208131e+01 6.730000e+02 -1.141062e+02
      vertex   2.208131e+01 7.473333e+02 -1.141062e+02
      vertex   1.939691e+01 6.730000e+02 -1.119325e+02
    endloop
  endfacet
  facet normal 6.293204e-01 -3.007796e-17 7.771460e-01
    outer loop
      vertex   1.939691e+01 6.730000e+02 -1.119325e+02
      vertex   2.208131e+01 7.473333e+02 -1.141062e+02
      vertex   1.939691e+01 7.473333e+02 -1.119325e+02
    endloop
  endfacet
  facet normal 5.446390e-01 -2.603067e-17 8.386706e-01
    outer loop
      vertex   1.939691e+01 6.730000e+02 -1.119325e+02
      vertex   1.939691e+01 7.473333e+02 -1.119325e+02
      vertex   1.650000e+01 6.730000e+02 -1.100512e+02
    endloop
  endfacet
  facet normal 5.446390e-01 -0.000000e+00 8.386706e-01
    outer loop
      vertex   1.650000e+01 6.730000e+02 -1.100512e+02
      vertex   1.939691e+01 7.473333e+02 -1.119325e+02
      vertex   1.650000e+01 7.473333e+02 -1.100512e+02
    endloop
  endfacet
  facet normal 4.539905e-01 -0.000000e+00 8.910065e-01
    outer loop
      vertex   1.650000e+01 6.730000e+02 -1.100512e+02
      vertex   1.650000e+01 7.473333e+02 -1.100512e+02
      vertex   1.342231e+01 6.730000e+02 -1.084830e+02
    endloop
  endfacet
  facet normal 4.539905e-01 -0.000000e+00 8.910065e-01
    outer loop
      vertex   1.342231e+01 6.730000e+02 -1.084830e+02
      vertex   1.650000e+01 7.473333e+02 -1.100512e+02
      vertex   1.342231e+01 7.473333e+02 -1.084830e+02
    endloop
  endfacet
  facet normal 3.583679e-01 -0.000000e+00 9.335804e-01
    outer loop
      vertex   1.342231e+01 6.730000e+02 -1.084830e+02
      vertex   1.342231e+01 7.473333e+02 -1.084830e+02
      vertex   1.019756e+01 6.730000e+02 -1.072452e+02
    endloop
  endfacet
  facet normal 3.583679e-01 -0.000000e+00 9.335804e-01
    outer loop
      vertex   1.019756e+01 6.730000e+02 -1.072452e+02
      vertex   1.342231e+01 7.473333e+02 -1.084830e+02
      vertex   1.019756e+01 7.473333e+02 -1.072452e+02
    endloop
  endfacet
  facet normal 2.588190e-01 -0.000000e+00 9.659258e-01
    outer loop
      vertex   1.019756e+01 6.730000e+02 -1.072452e+02
      vertex   1.019756e+01 7.473333e+02 -1.072452e+02
      vertex   6.861086e+00 6.730000e+02 -1.063512e+02
    endloop
  endfacet
  facet normal 2.588190e-01 -0.000000e+00 9.659258e-01
    outer loop
      vertex   6.861086e+00 6.730000e+02 -1.063512e+02
      vertex   1.019756e+01 7.473333e+02 -1.072452e+02
      vertex   6.861086e+00 7.473333e+02 -1.063512e+02
    endloop
  endfacet
  facet normal 1.564345e-01 -0.000000e+00 9.876883e-01
    outer loop
      vertex   6.861086e+00 6.730000e+02 -1.063512e+02
      vertex   6.861086e+00 7.473333e+02 -1.063512e+02
      vertex   3.449439e+00 6.730000e+02 -1.058108e+02
    endloop
  endfacet
  facet normal 1.564345e-01 -0.000000e+00 9.876883e-01
    outer loop
      vertex   3.449439e+00 6.730000e+02 -1.058108e+02
      vertex   6.861086e+00 7.473333e+02 -1.063512e+02
      vertex   3.449439e+00 7.473333e+02 -1.058108e+02
    endloop
  endfacet
  facet normal 5.233596e-02 -0.000000e+00 9.986295e-01
    outer loop
      vertex   3.449439e+00 6.730000e+02 -1.058108e+02
      vertex   3.449439e+00 7.473333e+02 -1.058108e+02
      vertex   1.050931e-14 6.730000e+02 -1.056300e+02
    endloop
  endfacet
  facet normal 5.233596e-02 -0.000000e+00 9.986295e-01
    outer loop
      vertex   1.050931e-14 6.730000e+02 -1.056300e+02
      vertex   3.449439e+00 7.473333e+02 -1.058108e+02
      vertex   1.050931e-14 7.473333e+02 -1.056300e+02
    endloop
  endfacet
  facet normal -5.233596e-02 0.000000e+00 9.986295e-01
    outer loop
      vertex   1.050931e-14 6.730000e+02 -1.056300e+02
      vertex   1.050931e-14 7.473333e+02 -1.056300e+02
      vertex   -3.449439e+00 6.730000e+02 -1.058108e+02
    endloop
  endfacet
  facet normal -5.233596e-02 0.000000e+00 9.986295e-01
    outer loop
      vertex   -3.449439e+00 6.730000e+02 -1.058108e+02
      vertex   1.050931e-14 7.473333e+02 -1.056300e+02
      vertex   -3.449439e+00 7.473333e+02 -1.058108e+02
    endloop
  endfacet
  facet normal -1.564345e-01 0.000000e+00 9.876883e-01
    outer loop
      vertex   -3.449439e+00 6.730000e+02 -1.058108e+02
      vertex   -3.449439e+00 7.473333e+02 -1.058108e+02
      vertex   -6.861086e+00 6.730000e+02 -1.063512e+02
    endloop
  endfacet
  facet normal -1.564345e-01 0.000000e+00 9.876883e-01
    outer loop
      vertex   -6.861086e+00 6.730000e+02 -1.063512e+02
      vertex   -3.449439e+00 7.473333e+02 -1.058108e+02
      vertex   -6.861086e+00 7.473333e+02 -1.063512e+02
    endloop
  endfacet
  facet normal -2.588190e-01 0.000000e+00 9.659258e-01
    outer loop
      vertex   -6.861086e+00 6.730000e+02 -1.063512e+02
      vertex   -6.861086e+00 7.473333e+02 -1.063512e+02
      vertex   -1.019756e+01 6.730000e+02 -1.072452e+02
    endloop
  endfacet
  facet normal -2.588190e-01 2.474018e-17 9.659258e-01
    outer loop
      vertex   -1.019756e+01 6.730000e+02 -1.072452e+02
      vertex   -6.861086e+00 7.473333e+02 -1.063512e+02
      vertex   -1.019756e+01 7.473333e+02 -1.072452e+02
    endloop
  endfacet
  facet normal -3.583679e-01 3.425593e-17 9.335804e-01
    outer loop
      vertex   -1.019756e+01 6.730000e+02 -1.072452e+02
      vertex   -1.019756e+01 7.473333e+02 -1.072452e+02
      vertex   -1.342231e+01 6.730000e+02 -1.084830e+02
    endloop
  endfacet
  facet normal -3.583679e-01 0.000000e+00 9.335804e-01
    outer loop
      vertex   -1.342231e+01 6.730000e+02 -1.084830e+02
      vertex   -1.019756e+01 7.473333e+02 -1.072452e+02
      vertex   -1.342231e+01 7.473333e+02 -1.084830e+02
    endloop
  endfacet
  facet normal -4.539905e-01 0.000000e+00 8.910065e-01
    outer loop
      vertex   -1.342231e+01 6.730000e+02 -1.084830e+02
      vertex   -1.342231e+01 7.473333e+02 -1.084830e+02
      vertex   -1.650000e+01 6.730000e+02 -1.100512e+02
    endloop
  endfacet
  facet normal -4.539905e-01 0.000000e+00 8.910065e-01
    outer loop
      vertex   -1.650000e+01 6.730000e+02 -1.100512e+02
      vertex   -1.342231e+01 7.473333e+02 -1.084830e+02
      vertex   -1.650000e+01 7.473333e+02 -1.100512e+02
    endloop
  endfacet
  facet normal -5.446390e-01 0.000000e+00 8.386706e-01
    outer loop
      vertex   -1.650000e+01 6.730000e+02 -1.100512e+02
      vertex   -1.650000e+01 7.473333e+02 -1.100512e+02
      vertex   -1.939691e+01 6.730000e+02 -1.119325e+02
    endloop
  endfacet
  facet normal -5.446390e-01 0.000000e+00 8.386706e-01
    outer loop
      vertex   -1.939691e+01 6.730000e+02 -1.119325e+02
      vertex   -1.650000e+01 7.473333e+02 -1.100512e+02
      vertex   -1.939691e+01 7.473333e+02 -1.119325e+02
    endloop
  endfacet
  facet normal -6.293204e-01 0.000000e+00 7.771460e-01
    outer loop
      vertex   -1.939691e+01 6.730000e+02 -1.119325e+02
      vertex   -1.939691e+01 7.473333e+02 -1.119325e+02
      vertex   -2.208131e+01 6.730000e+02 -1.141062e+02
    endloop
  endfacet
  facet normal -6.293204e-01 0.000000e+00 7.771460e-01
    outer loop
      vertex   -2.208131e+01 6.730000e+02 -1.141062e+02
      vertex   -1.939691e+01 7.473333e+02 -1.119325e+02
      vertex   -2.208131e+01 7.473333e+02 -1.141062e+02
    endloop
  endfacet
  facet normal -7.071068e-01 0.000000e+00 7.071068e-01
    outer loop
      vertex   -2.208131e+01 6.730000e+02 -1.141062e+02
      vertex   -2.208131e+01 7.473333e+02 -1.141062e+02
      vertex   -2.452378e+01 6.730000e+02 -1.165487e+02
    endloop
  endfacet
  facet normal -7.071068e-01 0.000000e+00 7.071068e-01
    outer loop
      vertex   -2.452378e+01 6.730000e+02 -1.165487e+02
      vertex   -2.208131e+01 7.473333e+02 -1.141062e+02
      vertex   -2.452378e+01 7.473333e+02 -1.165487e+02
    endloop
  endfacet
  facet normal -7.771460e-01 0.000000e+00 6.293204e-01
    outer loop
      vertex   -2.452378e+01 6.730000e+02 -1.165487e+02
      vertex   -2.452378e+01 7.473333e+02 -1.165487e+02
      vertex   -2.669756e+01 6.730000e+02 -1.192331e+02
    endloop
  endfacet
  facet normal -7.771460e-01 0.000000e+00 6.293204e-01
    outer loop
      vertex   -2.669756e+01 6.730000e+02 -1.192331e+02
      vertex   -2.452378e+01 7.473333e+02 -1.165487e+02
      vertex   -2.669756e+01 7.473333e+02 -1.192331e+02
    endloop
  endfacet
  facet normal -8.386706e-01 0.000000e+00 5.446390e-01
    outer loop
      vertex   -2.669756e+01 6.730000e+02 -1.192331e+02
      vertex   -2.669756e+01 7.473333e+02 -1.192331e+02
      vertex   -2.857884e+01 6.730000e+02 -1.221300e+02
    endloop
  endfacet
  facet normal -8.386706e-01 0.000000e+00 5.446390e-01
    outer loop
      vertex   -2.857884e+01 6.730000e+02 -1.221300e+02
      vertex   -2.669756e+01 7.473333e+02 -1.192331e+02
      vertex   -2.857884e+01 7.473333e+02 -1.221300e+02
    endloop
  endfacet
  facet normal -8.910065e-01 0.000000e+00 4.539905e-01
    outer loop
      vertex   -2.857884e+01 6.730000e+02 -1.221300e+02
      vertex   -2.857884e+01 7.473333e+02 -1.221300e+02
      vertex   -3.014700e+01 6.730000e+02 -1.252077e+02
    endloop
  endfacet
  facet normal -8.910065e-01 0.000000e+00 4.539905e-01
    outer loop
      vertex   -3.014700e+01 6.730000e+02 -1.252077e+02
      vertex   -2.857884e+01 7.473333e+02 -1.221300e+02
      vertex   -3.014700e+01 7.473333e+02 -1.252077e+02
    endloop
  endfacet
  facet normal -9.335804e-01 0.000000e+00 3.583679e-01
    outer loop
      vertex   -3.014700e+01 6.730000e+02 -1.252077e+02
      vertex   -3.014700e+01 7.473333e+02 -1.252077e+02
      vertex   -3.138487e+01 6.730000e+02 -1.284325e+02
    endloop
  endfacet
  facet normal -9.335804e-01 0.000000e+00 3.583679e-01
    outer loop
      vertex   -3.138487e+01 6.730000e+02 -1.284325e+02
      vertex   -3.014700e+01 7.473333e+02 -1.252077e+02
      vertex   -3.138487e+01 7.473333e+02 -1.284325e+02
    endloop
  endfacet
  facet normal -9.659258e-01 0.000000e+00 2.588190e-01
    outer loop
      vertex   -3.138487e+01 6.730000e+02 -1.284325e+02
      vertex   -3.138487e+01 7.473333e+02 -1.284325e+02
      vertex   -3.227887e+01 6.730000e+02 -1.317689e+02
    endloop
  endfacet
  facet normal -9.659258e-01 0.000000e+00 2.588190e-01
    outer loop
      vertex   -3.227887e+01 6.730000e+02 -1.317689e+02
      vertex   -3.138487e+01 7.473333e+02 -1.284325e+02
      vertex   -3.227887e+01 7.473333e+02 -1.317689e+02
    endloop
  endfacet
  facet normal -9.876883e-01 0.000000e+00 1.564345e-01
    outer loop
      vertex   -3.227887e+01 6.730000e+02 -1.317689e+02
      vertex   -3.227887e+01 7.473333e+02 -1.317689e+02
      vertex   -3.281922e+01 6.730000e+02 -1.351806e+02
    endloop
  endfacet
  facet normal -9.876883e-01 0.000000e+00 1.564345e-01
    outer loop
      vertex   -3.281922e+01 6.730000e+02 -1.351806e+02
      vertex   -3.227887e+01 7.473333e+02 -1.317689e+02
      vertex   -3.281922e+01 7.473333e+02 -1.351806e+02
    endloop
  endfacet
  facet normal -9.986295e-01 0.000000e+00 5.233596e-02
    outer loop
      vertex   -3.300000e+01 8.216667e+02 -1.386300e+02
      vertex   -3.300000e+01 7.473333e+02 -1.386300e+02
      vertex   -3.281922e+01 8.216667e+02 -1.351806e+02
    endloop
  endfacet
  facet normal -9.986295e-01 0.000000e+00 5.233596e-02
    outer loop
      vertex   -3.281922e+01 8.216667e+02 -1.351806e+02
      vertex   -3.300000e+01 7.473333e+02 -1.386300e+02
      vertex   -3.281922e+01 7.473333e+02 -1.351806e+02
    endloop
  endfacet
  facet normal -9.876883e-01 0.000000e+00 1.564345e-01
    outer loop
      vertex   -3.281922e+01 8.216667e+02 -1.351806e+02
      vertex   -3.281922e+01 7.473333e+02 -1.351806e+02
      vertex   -3.227887e+01 8.216667e+02 -1.317689e+02
    endloop
  endfacet
  facet normal -9.876883e-01 0.000000e+00 1.564345e-01
    outer loop
      vertex   -3.227887e+01 8.216667e+02 -1.317689e+02
      vertex   -3.281922e+01 7.473333e+02 -1.351806e+02
      vertex   -3.227887e+01 7.473333e+02 -1.317689e+02
    endloop
  endfacet
  facet normal -9.659258e-01 0.000000e+00 2.588190e-01
    outer loop
      vertex   -3.227887e+01 8.216667e+02 -1.317689e+02
      vertex   -3.227887e+01 7.473333e+02 -1.317689e+02
      vertex   -3.138487e+01 8.216667e+02 -1.284325e+02
    endloop
  endfacet
  facet normal -9.659258e-01 0.000000e+00 2.588190e-01
    outer loop
      vertex   -3.138487e+01 8.216667e+02 -1.284325e+02
      vertex   -3.227887e+01 7.473333e+02 -1.317689e+02
      vertex   -3.138487e+01 7.473333e+02 -1.284325e+02
    endloop
  endfacet
  facet normal -9.335804e-01 0.000000e+00 3.583679e-01
    outer loop
      vertex   -3.138487e+01 8.216667e+02 -1.284325e+02
      vertex   -3.138487e+01 7.473333e+02 -1.284325e+02
      vertex   -3.014700e+01 8.216667e+02 -1.252077e+02
    endloop
  endfacet
  facet normal -9.335804e-01 0.000000e+00 3.583679e-01
    outer loop
      vertex   -3.014700e+01 8.216667e+02 -1.252077e+02
      vertex   -3.138487e+01 7.473333e+02 -1.284325e+02
      vertex   -3.014700e+01 7.473333e+02 -1.252077e+02
    endloop
  endfacet
  facet normal -8.910065e-01 0.000000e+00 4.539905e-01
    outer loop
      vertex   -3.014700e+01 8.216667e+02 -1.252077e+02
      vertex   -3.014700e+01 7.473333e+02 -1.252077e+02
      vertex   -2.857884e+01 8.216667e+02 -1.221300e+02
    endloop
  endfacet
  facet normal -8.910065e-01 0.000000e+00 4.539905e-01
    outer loop
      vertex   -2.857884e+01 8.216667e+02 -1.221300e+02
      vertex   -3.014700e+01 7.473333e+02 -1.252077e+02
      vertex   -2.857884e+01 7.473333e+02 -1.221300e+02
    endloop
  endfacet
  facet normal -8.386706e-01 0.000000e+00 5.446390e-01
    outer loop
      vertex   -2.857884e+01 8.216667e+02 -1.221300e+02
      vertex   -2.857884e+01 7.473333e+02 -1.221300e+02
      vertex   -2.669756e+01 8.216667e+02 -1.192331e+02
    endloop
  endfacet
  facet normal -8.386706e-01 0.000000e+00 5.446390e-01
    outer loop
      vertex   -2.669756e+01 8.216667e+02 -1.192331e+02
      vertex   -2.857884e+01 7.473333e+02 -1.221300e+02
      vertex   -2.669756e+01 7.473333e+02 -1.192331e+02
    endloop
  endfacet
  facet normal -7.771460e-01 0.000000e+00 6.293204e-01
    outer loop
      vertex   -2.669756e+01 8.216667e+02 -1.192331e+02
      vertex   -2.669756e+01 7.473333e+02 -1.192331e+02
      vertex   -2.452378e+01 8.216667e+02 -1.165487e+02
    endloop
  endfacet
  facet normal -7.771460e-01 0.000000e+00 6.293204e-01
    outer loop
      vertex   -2.452378e+01 8.216667e+02 -1.165487e+02
      vertex   -2.669756e+01 7.473333e+02 -1.192331e+02
      vertex   -2.452378e+01 7.473333e+02 -1.165487e+02
    endloop
  endfacet
  facet normal -7.071068e-01 0.000000e+00 7.071068e-01
    outer loop
      vertex   -2.452378e+01 8.216667e+02 -1.165487e+02
      vertex   -2.452378e+01 7.473333e+02 -1.165487e+02
      vertex   -2.208131e+01 8.216667e+02 -1.141062e+02
    endloop
  endfacet
  facet normal -7.071068e-01 0.000000e+00 7.071068e-01
    outer loop
      vertex   -2.208131e+01 8.216667e+02 -1.141062e+02
      vertex   -2.452378e+01 7.473333e+02 -1.165487e+02
      vertex   -2.208131e+01 7.473333e+02 -1.141062e+02
    endloop
  endfacet
  facet normal -6.293204e-01 0.000000e+00 7.771460e-01
    outer loop
      vertex   -2.208131e+01 8.216667e+02 -1.141062e+02
      vertex   -2.208131e+01 7.473333e+02 -1.141062e+02
      vertex   -1.939691e+01 8.216667e+02 -1.119325e+02
    endloop
  endfacet
  facet normal -6.293204e-01 0.000000e+00 7.771460e-01
    outer loop
      vertex   -1.939691e+01 8.216667e+02 -1.119325e+02
      vertex   -2.208131e+01 7.473333e+02 -1.141062e+02
      vertex   -1.939691e+01 7.473333e+02 -1.119325e+02
    endloop
  endfacet
  facet normal -5.446390e-01 0.000000e+00 8.386706e-01
    outer loop
      vertex   -1.939691e+01 8.216667e+02 -1.119325e+02
      vertex   -1.939691e+01 7.473333e+02 -1.119325e+02
      vertex   -1.650000e+01 8.216667e+02 -1.100512e+02
    endloop
  endfacet
  facet normal -5.446390e-01 0.000000e+00 8.386706e-01
    outer loop
      vertex   -1.650000e+01 8.216667e+02 -1.100512e+02
      vertex   -1.939691e+01 7.473333e+02 -1.119325e+02
      vertex   -1.650000e+01 7.473333e+02 -1.100512e+02
    endloop
  endfacet
  facet normal -4.539905e-01 0.000000e+00 8.910065e-01
    outer loop
      vertex   -1.650000e+01 8.216667e+02 -1.100512e+02
      vertex   -1.650000e+01 7.473333e+02 -1.100512e+02
      vertex   -1.342231e+01 8.216667e+02 -1.084830e+02
    endloop
  endfacet
  facet normal -4.539905e-01 0.000000e+00 8.910065e-01
    outer loop
      vertex   -1.342231e+01 8.216667e+02 -1.084830e+02
      vertex   -1.650000e+01 7.473333e+02 -1.100512e+02
      vertex   -1.342231e+01 7.473333e+02 -1.084830e+02
    endloop
  endfacet
  facet normal -3.583679e-01 0.000000e+00 9.335804e-01
    outer loop
      vertex   -1.342231e+01 8.216667e+02 -1.084830e+02
      vertex   -1.342231e+01 7.473333e+02 -1.084830e+02
      vertex   -1.019756e+01 8.216667e+02 -1.072452e+02
    endloop
  endfacet
  facet normal -3.583679e-01 0.000000e+00 9.335804e-01
    outer loop
      vertex   -1.019756e+01 8.216667e+02 -1.072452e+02
      vertex   -1.342231e+01 7.473333e+02 -1.084830e+02
      vertex   -1.019756e+01 7.473333e+02 -1.072452e+02
    endloop
  endfacet
  facet normal -2.588190e-01 0.000000e+00 9.659258e-01
    outer loop
      vertex   -1.019756e+01 8.216667e+02 -1.072452e+02
      vertex   -1.019756e+01 7.473333e+02 -1.072452e+02
      vertex   -6.861086e+00 8.216667e+02 -1.063512e+02
    endloop
  endfacet
  facet normal -2.588190e-01 0.000000e+00 9.659258e-01
    outer loop
      vertex   -6.861086e+00 8.216667e+02 -1.063512e+02
      vertex   -1.019756e+01 7.473333e+02 -1.072452e+02
      vertex   -6.861086e+00 7.473333e+02 -1.063512e+02
    endloop
  endfacet
  facet normal -1.564345e-01 0.000000e+00 9.876883e-01
    outer loop
      vertex   -6.861086e+00 8.216667e+02 -1.063512e+02
      vertex   -6.861086e+00 7.473333e+02 -1.063512e+02
      vertex   -3.449439e+00 8.216667e+02 -1.058108e+02
    endloop
  endfacet
  facet normal -1.564345e-01 0.000000e+00 9.876883e-01
    outer loop
      vertex   -3.449439e+00 8.216667e+02 -1.058108e+02
      vertex   -6.861086e+00 7.473333e+02 -1.063512e+02
      vertex   -3.449439e+00 7.473333e+02 -1.058108e+02
    endloop
  endfacet
  facet normal -5.233596e-02 0.000000e+00 9.986295e-01
    outer loop
      vertex   -3.449439e+00 8.216667e+02 -1.058108e+02
      vertex   -3.449439e+00 7.473333e+02 -1.058108e+02
      vertex   1.050931e-14 8.216667e+02 -1.056300e+02
    endloop
  endfacet
  facet normal -5.233596e-02 0.000000e+00 9.986295e-01
    outer loop
      vertex   1.050931e-14 8.216667e+02 -1.056300e+02
      vertex   -3.449439e+00 7.473333e+02 -1.058108e+02
      vertex   1.050931e-14 7.473333e+02 -1.056300e+02
    endloop
  endfacet
  facet normal 5.233596e-02 0.000000e+00 9.986295e-01
    outer loop
      vertex   1.050931e-14 8.216667e+02 -1.056300e+02
      vertex   1.050931e-14 7.473333e+02 -1.056300e+02
      vertex   3.449439e+00 8.216667e+02 -1.058108e+02
    endloop
  endfacet
  facet normal 5.233596e-02 0.000000e+00 9.986295e-01
    outer loop
      vertex   3.449439e+00 8.216667e+02 -1.058108e+02
      vertex   1.050931e-14 7.473333e+02 -1.056300e+02
      vertex   3.449439e+00 7.473333e+02 -1.058108e+02
    endloop
  endfacet
  facet normal 1.564345e-01 0.000000e+00 9.876883e-01
    outer loop
      vertex   3.449439e+00 8.216667e+02 -1.058108e+02
      vertex   3.449439e+00 7.473333e+02 -1.058108e+02
      vertex   6.861086e+00 8.216667e+02 -1.063512e+02
    endloop
  endfacet
  facet normal 1.564345e-01 0.000000e+00 9.876883e-01
    outer loop
      vertex   6.861086e+00 8.216667e+02 -1.063512e+02
      vertex   3.449439e+00 7.473333e+02 -1.058108e+02
      vertex   6.861086e+00 7.473333e+02 -1.063512e+02
    endloop
  endfacet
  facet normal 2.588190e-01 0.000000e+00 9.659258e-01
    outer loop
      vertex   6.861086e+00 8.216667e+02 -1.063512e+02
      vertex   6.861086e+00 7.473333e+02 -1.063512e+02
      vertex   1.019756e+01 8.216667e+02 -1.072452e+02
    endloop
  endfacet
  facet normal 2.588190e-01 0.000000e+00 9.659258e-01
    outer loop
      vertex   1.019756e+01 8.216667e+02 -1.072452e+02
      vertex   6.861086e+00 7.473333e+02 -1.063512e+02
      vertex   1.019756e+01 7.473333e+02 -1.072452e+02
    endloop
  endfacet
  facet normal 3.583679e-01 0.000000e+00 9.335804e-01
    outer loop
      vertex   1.019756e+01 8.216667e+02 -1.072452e+02
      vertex   1.019756e+01 7.473333e+02 -1.072452e+02
      vertex   1.342231e+01 8.216667e+02 -1.084830e+02
    endloop
  endfacet
  facet normal 3.583679e-01 0.000000e+00 9.335804e-01
    outer loop
      vertex   1.342231e+01 8.216667e+02 -1.084830e+02
      vertex   1.019756e+01 7.473333e+02 -1.072452e+02
      vertex   1.342231e+01 7.473333e+02 -1.084830e+02
    endloop
  endfacet
  facet normal 4.539905e-01 0.000000e+00 8.910065e-01
    outer loop
      vertex   1.342231e+01 8.216667e+02 -1.084830e+02
      vertex   1.342231e+01 7.473333e+02 -1.084830e+02
      vertex   1.650000e+01 8.216667e+02 -1.100512e+02
    endloop
  endfacet
  facet normal 4.539905e-01 0.000000e+00 8.910065e-01
    outer loop
      vertex   1.650000e+01 8.216667e+02 -1.100512e+02
      vertex   1.342231e+01 7.473333e+02 -1.084830e+02
      vertex   1.650000e+01 7.473333e+02 -1.100512e+02
    endloop
  endfacet
  facet normal 5.446390e-01 0.000000e+00 8.386706e-01
    outer loop
      vertex   1.650000e+01 8.216667e+02 -1.100512e+02
      vertex   1.650000e+01 7.473333e+02 -1.100512e+02
      vertex   1.939691e+01 8.216667e+02 -1.119325e+02
    endloop
  endfacet
  facet normal 5.446390e-01 0.000000e+00 8.386706e-01
    outer loop
      vertex   1.939691e+01 8.216667e+02 -1.119325e+02
      vertex   1.650000e+01 7.473333e+02 -1.100512e+02
      vertex   1.939691e+01 7.473333e+02 -1.119325e+02
    endloop
  endfacet
  facet normal 6.293204e-01 0.000000e+00 7.771460e-01
    outer loop
      vertex   1.939691e+01 8.216667e+02 -1.119325e+02
      vertex   1.939691e+01 7.473333e+02 -1.119325e+02
      vertex   2.208131e+01 8.216667e+02 -1.141062e+02
    endloop
  endfacet
  facet normal 6.293204e-01 0.000000e+00 7.771460e-01
    outer loop
      vertex   2.208131e+01 8.216667e+02 -1.141062e+02
      vertex   1.939691e+01 7.473333e+02 -1.119325e+02
      vertex   2.208131e+01 7.473333e+02 -1.141062e+02
    endloop
  endfacet
  facet normal 7.071068e-01 0.000000e+00 7.071068e-01
    outer loop
      vertex   2.208131e+01 8.216667e+02 -1.141062e+02
      vertex   2.208131e+01 7.473333e+02 -1.141062e+02
      vertex   2.452378e+01 8.216667e+02 -1.165487e+02
    endloop
  endfacet
  facet normal 7.071068e-01 0.000000e+00 7.071068e-01
    outer loop
      vertex   2.452378e+01 8.216667e+02 -1.165487e+02
      vertex   2.208131e+01 7.473333e+02 -1.141062e+02
      vertex   2.452378e+01 7.473333e+02 -1.165487e+02
    endloop
  endfacet
  facet normal 7.771460e-01 0.000000e+00 6.293204e-01
    outer loop
      vertex   2.452378e+01 8.216667e+02 -1.165487e+02
      vertex   2.452378e+01 7.473333e+02 -1.165487e+02
      vertex   2.669756e+01 8.216667e+02 -1.192331e+02
    endloop
  endfacet
  facet normal 7.771460e-01 0.000000e+00 6.293204e-01
    outer loop
      vertex   2.669756e+01 8.216667e+02 -1.192331e+02
      vertex   2.452378e+01 7.473333e+02 -1.165487e+02
      vertex   2.669756e+01 7.473333e+02 -1.192331e+02
    endloop
  endfacet
  facet normal 8.386706e-01 0.000000e+00 5.446390e-01
    outer loop
      vertex   2.669756e+01 8.216667e+02 -1.192331e+02
      vertex   2.669756e+01 7.473333e+02 -1.192331e+02
      vertex   2.857884e+01 8.216667e+02 -1.221300e+02
    endloop
  endfacet
  facet normal 8.386706e-01 0.000000e+00 5.446390e-01
    outer loop
      vertex   2.857884e+01 8.216667e+02 -1.221300e+02
      vertex   2.669756e+01 7.473333e+02 -1.192331e+02
      vertex   2.857884e+01 7.473333e+02 -1.221300e+02
    endloop
  endfacet
  facet normal 8.910065e-01 0.000000e+00 4.539905e-01
    outer loop
      vertex   2.857884e+01 8.216667e+02 -1.221300e+02
      vertex   2.857884e+01 7.473333e+02 -1.221300e+02
      vertex   3.014700e+01 8.216667e+02 -1.252077e+02
    endloop
  endfacet
  facet normal 8.910065e-01 0.000000e+00 4.539905e-01
    outer loop
      vertex   3.014700e+01 8.216667e+02 -1.252077e+02
      vertex   2.857884e+01 7.473333e+02 -1.221300e+02
      vertex   3.014700e+01 7.473333e+02 -1.252077e+02
    endloop
  endfacet
  facet normal 9.335804e-01 0.000000e+00 3.583679e-01
    outer loop
      vertex   3.014700e+01 8.216667e+02 -1.252077e+02
      vertex   3.014700e+01 7.473333e+02 -1.252077e+02
      vertex   3.138487e+01 8.216667e+02 -1.284325e+02
    endloop
  endfacet
  facet normal 9.335804e-01 0.000000e+00 3.583679e-01
    outer loop
      vertex   3.138487e+01 8.216667e+02 -1.284325e+02
      vertex   3.014700e+01 7.473333e+02 -1.252077e+02
      vertex   3.138487e+01 7.473333e+02 -1.284325e+02
    endloop
  endfacet
  facet normal 9.659258e-01 0.000000e+00 2.588190e-01
    outer loop
      vertex   3.138487e+01 8.216667e+02 -1.284325e+02
      vertex   3.138487e+01 7.473333e+02 -1.284325e+02
      vertex   3.227887e+01 8.216667e+02 -1.317689e+02
    endloop
  endfacet
  facet normal 9.659258e-01 0.000000e+00 2.588190e-01
    outer loop
      vertex   3.227887e+01 8.216667e+02 -1.317689e+02
      vertex   3.138487e+01 7.473333e+02 -1.284325e+02
      vertex   3.227887e+01 7.473333e+02 -1.317689e+02
    endloop
  endfacet
  facet normal 9.876883e-01 0.000000e+00 1.564345e-01
    outer loop
      vertex   3.227887e+01 8.216667e+02 -1.317689e+02
      vertex   3.227887e+01 7.473333e+02 -1.317689e+02
      vertex   3.281922e+01 8.216667e+02 -1.351806e+02
    endloop
  endfacet
  facet normal 9.876883e-01 0.000000e+00 1.564345e-01
    outer loop
      vertex   3.281922e+01 8.216667e+02 -1.351806e+02
      vertex   3.227887e+01 7.473333e+02 -1.317689e+02
      vertex   3.281922e+01 7.473333e+02 -1.351806e+02
    endloop
  endfacet
  facet normal 9.986295e-01 0.000000e+00 5.233596e-02
    outer loop
      vertex   3.281922e+01 8.216667e+02 -1.351806e+02
      vertex   3.281922e+01 7.473333e+02 -1.351806e+02
      vertex   3.300000e+01 8.216667e+02 -1.386300e+02
    endloop
  endfacet
  facet normal 9.986295e-01 0.000000e+00 5.233596e-02
    outer loop
      vertex   3.300000e+01 8.216667e+02 -1.386300e+02
      vertex   3.281922e+01 7.473333e+02 -1.351806e+02
      vertex   3.300000e+01 7.473333e+02 -1.386300e+02
    endloop
  endfacet
  facet normal 9.986295e-01 0.000000e+00 -5.233596e-02
    outer loop
      vertex   3.300000e+01 8.216667e+02 -1.386300e+02
      vertex   3.300000e+01 7.473333e+02 -1.386300e+02
      vertex   3.281922e+01 8.216667e+02 -1.420795e+02
    endloop
  endfacet
  facet normal 9.986295e-01 0.000000e+00 -5.233596e-02
    outer loop
      vertex   3.281922e+01 8.216667e+02 -1.420795e+02
      vertex   3.300000e+01 7.473333e+02 -1.386300e+02
      vertex   3.281922e+01 7.473333e+02 -1.420795e+02
    endloop
  endfacet
  facet normal 9.876883e-01 0.000000e+00 -1.564345e-01
    outer loop
      vertex   3.281922e+01 8.216667e+02 -1.420795e+02
      vertex   3.281922e+01 7.473333e+02 -1.420795e+02
      vertex   3.227887e+01 8.216667e+02 -1.454911e+02
    endloop
  endfacet
  facet normal 9.876883e-01 0.000000e+00 -1.564345e-01
    outer loop
      vertex   3.227887e+01 8.216667e+02 -1.454911e+02
      vertex   3.281922e+01 7.473333e+02 -1.420795e+02
      vertex   3.227887e+01 7.473333e+02 -1.454911e+02
    endloop
  endfacet
  facet normal 9.659258e-01 0.000000e+00 -2.588190e-01
    outer loop
      vertex   3.227887e+01 8.216667e+02 -1.454911e+02
      vertex   3.227887e+01 7.473333e+02 -1.454911e+02
      vertex   3.138487e+01 8.216667e+02 -1.488276e+02
    endloop
  endfacet
  facet normal 9.659258e-01 0.000000e+00 -2.588190e-01
    outer loop
      vertex   3.138487e+01 8.216667e+02 -1.488276e+02
      vertex   3.227887e+01 7.473333e+02 -1.454911e+02
      vertex   3.138487e+01 7.473333e+02 -1.488276e+02
    endloop
  endfacet
  facet normal 9.335804e-01 0.000000e+00 -3.583679e-01
    outer loop
      vertex   3.138487e+01 8.216667e+02 -1.488276e+02
      vertex   3.138487e+01 7.473333e+02 -1.488276e+02
      vertex   3.014700e+01 8.216667e+02 -1.520523e+02
    endloop
  endfacet
  facet normal 9.335804e-01 0.000000e+00 -3.583679e-01
    outer loop
      vertex   3.014700e+01 8.216667e+02 -1.520523e+02
      vertex   3.138487e+01 7.473333e+02 -1.488276e+02
      vertex   3.014700e+01 7.473333e+02 -1.520523e+02
    endloop
  endfacet
  facet normal 8.910065e-01 0.000000e+00 -4.539905e-01
    outer loop
      vertex   3.014700e+01 8.216667e+02 -1.520523e+02
      vertex   3.014700e+01 7.473333e+02 -1.520523e+02
      vertex   2.857884e+01 8.216667e+02 -1.551300e+02
    endloop
  endfacet
  facet normal 8.910065e-01 0.000000e+00 -4.539905e-01
    outer loop
      vertex   2.857884e+01 8.216667e+02 -1.551300e+02
      vertex   3.014700e+01 7.473333e+02 -1.520523e+02
      vertex   2.857884e+01 7.473333e+02 -1.551300e+02
    endloop
  endfacet
  facet normal 8.386706e-01 0.000000e+00 -5.446390e-01
    outer loop
      vertex   2.857884e+01 8.216667e+02 -1.551300e+02
      vertex   2.857884e+01 7.473333e+02 -1.551300e+02
      vertex   2.669756e+01 8.216667e+02 -1.580269e+02
    endloop
  endfacet
  facet normal 8.386706e-01 0.000000e+00 -5.446390e-01
    outer loop
      vertex   2.669756e+01 8.216667e+02 -1.580269e+02
      vertex   2.857884e+01 7.473333e+02 -1.551300e+02
      vertex   2.669756e+01 7.473333e+02 -1.580269e+02
    endloop
  endfacet
  facet normal 7.771460e-01 0.000000e+00 -6.293204e-01
    outer loop
      vertex   2.669756e+01 8.216667e+02 -1.580269e+02
      vertex   2.669756e+01 7.473333e+02 -1.580269e+02
      vertex   2.452378e+01 8.216667e+02 -1.607113e+02
    endloop
  endfacet
  facet normal 7.771460e-01 0.000000e+00 -6.293204e-01
    outer loop
      vertex   2.452378e+01 8.216667e+02 -1.607113e+02
      vertex   2.669756e+01 7.473333e+02 -1.580269e+02
      vertex   2.452378e+01 7.473333e+02 -1.607113e+02
    endloop
  endfacet
  facet normal 7.071068e-01 0.000000e+00 -7.071068e-01
    outer loop
      vertex   2.452378e+01 8.216667e+02 -1.607113e+02
      vertex   2.452378e+01 7.473333e+02 -1.607113e+02
      vertex   2.208131e+01 8.216667e+02 -1.631538e+02
    endloop
  endfacet
  facet normal 7.071068e-01 0.000000e+00 -7.071068e-01
    outer loop
      vertex   2.208131e+01 8.216667e+02 -1.631538e+02
      vertex   2.452378e+01 7.473333e+02 -1.607113e+02
      vertex   2.208131e+01 7.473333e+02 -1.631538e+02
    endloop
  endfacet
  facet normal 6.293204e-01 0.000000e+00 -7.771460e-01
    outer loop
      vertex   2.208131e+01 8.216667e+02 -1.631538e+02
      vertex   2.208131e+01 7.473333e+02 -1.631538e+02
      vertex   1.939691e+01 8.216667e+02 -1.653276e+02
    endloop
  endfacet
  facet normal 6.293204e-01 0.000000e+00 -7.771460e-01
    outer loop
      vertex   1.939691e+01 8.216667e+02 -1.653276e+02
      vertex   2.208131e+01 7.473333e+02 -1.631538e+02
      vertex   1.939691e+01 7.473333e+02 -1.653276e+02
    endloop
  endfacet
  facet normal 5.446390e-01 0.000000e+00 -8.386706e-01
    outer loop
      vertex   1.939691e+01 8.216667e+02 -1.653276e+02
      vertex   1.939691e+01 7.473333e+02 -1.653276e+02
      vertex   1.650000e+01 8.216667e+02 -1.672089e+02
    endloop
  endfacet
  facet normal 5.446390e-01 0.000000e+00 -8.386706e-01
    outer loop
      vertex   1.650000e+01 8.216667e+02 -1.672089e+02
      vertex   1.939691e+01 7.473333e+02 -1.653276e+02
      vertex   1.650000e+01 7.473333e+02 -1.672089e+02
    endloop
  endfacet
  facet normal 4.539905e-01 0.000000e+00 -8.910065e-01
    outer loop
      vertex   1.650000e+01 8.216667e+02 -1.672089e+02
      vertex   1.650000e+01 7.473333e+02 -1.672089e+02
      vertex   1.342231e+01 8.216667e+02 -1.687770e+02
    endloop
  endfacet
  facet normal 4.539905e-01 0.000000e+00 -8.910065e-01
    outer loop
      vertex   1.342231e+01 8.216667e+02 -1.687770e+02
      vertex   1.650000e+01 7.473333e+02 -1.672089e+02
      vertex   1.342231e+01 7.473333e+02 -1.687770e+02
    endloop
  endfacet
  facet normal 3.583679e-01 0.000000e+00 -9.335804e-01
    outer loop
      vertex   1.342231e+01 8.216667e+02 -1.687770e+02
      vertex   1.342231e+01 7.473333e+02 -1.687770e+02
      vertex   1.019756e+01 8.216667e+02 -1.700149e+02
    endloop
  endfacet
  facet normal 3.583679e-01 0.000000e+00 -9.335804e-01
    outer loop
      vertex   1.019756e+01 8.216667e+02 -1.700149e+02
      vertex   1.342231e+01 7.473333e+02 -1.687770e+02
      vertex   1.019756e+01 7.473333e+02 -1.700149e+02
    endloop
  endfacet
  facet normal 2.588190e-01 0.000000e+00 -9.659258e-01
    outer loop
      vertex   1.019756e+01 8.216667e+02 -1.700149e+02
      vertex   1.019756e+01 7.473333e+02 -1.700149e+02
      vertex   6.861086e+00 8.216667e+02 -1.709089e+02
    endloop
  endfacet
  facet normal 2.588190e-01 0.000000e+00 -9.659258e-01
    outer loop
      vertex   6.861086e+00 8.216667e+02 -1.709089e+02
      vertex   1.019756e+01 7.473333e+02 -1.700149e+02
      vertex   6.861086e+00 7.473333e+02 -1.709089e+02
    endloop
  endfacet
  facet normal 1.564345e-01 0.000000e+00 -9.876883e-01
    outer loop
      vertex   6.861086e+00 8.216667e+02 -1.709089e+02
      vertex   6.861086e+00 7.473333e+02 -1.709089e+02
      vertex   3.449439e+00 8.216667e+02 -1.714492e+02
    endloop
  endfacet
  facet normal 1.564345e-01 0.000000e+00 -9.876883e-01
    outer loop
      vertex   3.449439e+00 8.216667e+02 -1.714492e+02
      vertex   6.861086e+00 7.473333e+02 -1.709089e+02
      vertex   3.449439e+00 7.473333e+02 -1.714492e+02
    endloop
  endfacet
  facet normal 5.233596e-02 0.000000e+00 -9.986295e-01
    outer loop
      vertex   3.449439e+00 8.216667e+02 -1.714492e+02
      vertex   3.449439e+00 7.473333e+02 -1.714492e+02
      vertex   1.050931e-14 8.216667e+02 -1.716300e+02
    endloop
  endfacet
  facet normal 5.233596e-02 0.000000e+00 -9.986295e-01
    outer loop
      vertex   1.050931e-14 8.216667e+02 -1.716300e+02
      vertex   3.449439e+00 7.473333e+02 -1.714492e+02
      vertex   1.050931e-14 7.473333e+02 -1.716300e+02
    endloop
  endfacet
  facet normal -5.233596e-02 -0.000000e+00 -9.986295e-01
    outer loop
      vertex   1.050931e-14 8.216667e+02 -1.716300e+02
      vertex   1.050931e-14 7.473333e+02 -1.716300e+02
      vertex   -3.449439e+00 8.216667e+02 -1.714492e+02
    endloop
  endfacet
  facet normal -5.233596e-02 -0.000000e+00 -9.986295e-01
    outer loop
      vertex   -3.449439e+00 8.216667e+02 -1.714492e+02
      vertex   1.050931e-14 7.473333e+02 -1.716300e+02
      vertex   -3.449439e+00 7.473333e+02 -1.714492e+02
    endloop
  endfacet
  facet normal -1.564345e-01 -0.000000e+00 -9.876883e-01
    outer loop
      vertex   -3.449439e+00 8.216667e+02 -1.714492e+02
      vertex   -3.449439e+00 7.473333e+02 -1.714492e+02
      vertex   -6.861086e+00 8.216667e+02 -1.709089e+02
    endloop
  endfacet
  facet normal -1.564345e-01 -0.000000e+00 -9.876883e-01
    outer loop
      vertex   -6.861086e+00 8.216667e+02 -1.709089e+02
      vertex   -3.449439e+00 7.473333e+02 -1.714492e+02
      vertex   -6.861086e+00 7.473333e+02 -1.709089e+02
    endloop
  endfacet
  facet normal -2.588190e-01 -0.000000e+00 -9.659258e-01
    outer loop
      vertex   -6.861086e+00 8.216667e+02 -1.709089e+02
      vertex   -6.861086e+00 7.473333e+02 -1.709089e+02
      vertex   -1.019756e+01 8.216667e+02 -1.700149e+02
    endloop
  endfacet
  facet normal -2.588190e-01 -0.000000e+00 -9.659258e-01
    outer loop
      vertex   -1.019756e+01 8.216667e+02 -1.700149e+02
      vertex   -6.861086e+00 7.473333e+02 -1.709089e+02
      vertex   -1.019756e+01 7.473333e+02 -1.700149e+02
    endloop
  endfacet
  facet normal -3.583679e-01 -0.000000e+00 -9.335804e-01
    outer loop
      vertex   -1.019756e+01 8.216667e+02 -1.700149e+02
      vertex   -1.019756e+01 7.473333e+02 -1.700149e+02
      vertex   -1.342231e+01 8.216667e+02 -1.687770e+02
    endloop
  endfacet
  facet normal -3.583679e-01 -0.000000e+00 -9.335804e-01
    outer loop
      vertex   -1.342231e+01 8.216667e+02 -1.687770e+02
      vertex   -1.019756e+01 7.473333e+02 -1.700149e+02
      vertex   -1.342231e+01 7.473333e+02 -1.687770e+02
    endloop
  endfacet
  facet normal -4.539905e-01 -0.000000e+00 -8.910065e-01
    outer loop
      vertex   -1.342231e+01 8.216667e+02 -1.687770e+02
      vertex   -1.342231e+01 7.473333e+02 -1.687770e+02
      vertex   -1.650000e+01 8.216667e+02 -1.672089e+02
    endloop
  endfacet
  facet normal -4.539905e-01 -0.000000e+00 -8.910065e-01
    outer loop
      vertex   -1.650000e+01 8.216667e+02 -1.672089e+02
      vertex   -1.342231e+01 7.473333e+02 -1.687770e+02
      vertex   -1.650000e+01 7.473333e+02 -1.672089e+02
    endloop
  endfacet
  facet normal -5.446390e-01 -0.000000e+00 -8.386706e-01
    outer loop
      vertex   -1.650000e+01 8.216667e+02 -1.672089e+02
      vertex   -1.650000e+01 7.473333e+02 -1.672089e+02
      vertex   -1.939691e+01 8.216667e+02 -1.653276e+02
    endloop
  endfacet
  facet normal -5.446390e-01 -0.000000e+00 -8.386706e-01
    outer loop
      vertex   -1.939691e+01 8.216667e+02 -1.653276e+02
      vertex   -1.650000e+01 7.473333e+02 -1.672089e+02
      vertex   -1.939691e+01 7.473333e+02 -1.653276e+02
    endloop
  endfacet
  facet normal -6.293204e-01 -0.000000e+00 -7.771460e-01
    outer loop
      vertex   -1.939691e+01 8.216667e+02 -1.653276e+02
      vertex   -1.939691e+01 7.473333e+02 -1.653276e+02
      vertex   -2.208131e+01 8.216667e+02 -1.631538e+02
    endloop
  endfacet
  facet normal -6.293204e-01 -0.000000e+00 -7.771460e-01
    outer loop
      vertex   -2.208131e+01 8.216667e+02 -1.631538e+02
      vertex   -1.939691e+01 7.473333e+02 -1.653276e+02
      vertex   -2.208131e+01 7.473333e+02 -1.631538e+02
    endloop
  endfacet
  facet normal -7.071068e-01 -0.000000e+00 -7.071068e-01
    outer loop
      vertex   -2.208131e+01 8.216667e+02 -1.631538e+02
      vertex   -2.208131e+01 7.473333e+02 -1.631538e+02
      vertex   -2.452378e+01 8.216667e+02 -1.607113e+02
    endloop
  endfacet
  facet normal -7.071068e-01 -0.000000e+00 -7.071068e-01
    outer loop
      vertex   -2.452378e+01 8.216667e+02 -1.607113e+02
      vertex   -2.208131e+01 7.473333e+02 -1.631538e+02
      vertex   -2.452378e+01 7.473333e+02 -1.607113e+02
    endloop
  endfacet
  facet normal -7.771460e-01 -0.000000e+00 -6.293204e-01
    outer loop
      vertex   -2.452378e+01 8.216667e+02 -1.607113e+02
      vertex   -2.452378e+01 7.473333e+02 -1.607113e+02
      vertex   -2.669756e+01 8.216667e+02 -1.580269e+02
    endloop
  endfacet
  facet normal -7.771460e-01 -0.000000e+00 -6.293204e-01
    outer loop
      vertex   -2.669756e+01 8.216667e+02 -1.580269e+02
      vertex   -2.452378e+01 7.473333e+02 -1.607113e+02
      vertex   -2.669756e+01 7.473333e+02 -1.580269e+02
    endloop
  endfacet
  facet normal -8.386706e-01 -0.000000e+00 -5.446390e-01
    outer loop
      vertex   -2.669756e+01 8.216667e+02 -1.580269e+02
      vertex   -2.669756e+01 7.473333e+02 -1.580269e+02
      vertex   -2.857884e+01 8.216667e+02 -1.551300e+02
    endloop
  endfacet
  facet normal -8.386706e-01 -0.000000e+00 -5.446390e-01
    outer loop
      vertex   -2.857884e+01 8.216667e+02 -1.551300e+02
      vertex   -2.669756e+01 7.473333e+02 -1.580269e+02
      vertex   -2.857884e+01 7.473333e+02 -1.551300e+02
    endloop
  endfacet
  facet normal -8.910065e-01 -0.000000e+00 -4.539905e-01
    outer loop
      vertex   -2.857884e+01 8.216667e+02 -1.551300e+02
      vertex   -2.857884e+01 7.473333e+02 -1.551300e+02
      vertex   -3.014700e+01 8.216667e+02 -1.520523e+02
    endloop
  endfacet
  facet normal -8.910065e-01 -0.000000e+00 -4.539905e-01
    outer loop
      vertex   -3.014700e+01 8.216667e+02 -1.520523e+02
      vertex   -2.857884e+01 7.473333e+02 -1.551300e+02
      vertex   -3.014700e+01 7.473333e+02 -1.520523e+02
    endloop
  endfacet
  facet normal -9.335804e-01 -0.000000e+00 -3.583679e-01
    outer loop
      vertex   -3.014700e+01 8.216667e+02 -1.520523e+02
      vertex   -3.014700e+01 7.473333e+02 -1.520523e+02
      vertex   -3.138487e+01 8.216667e+02 -1.488276e+02
    endloop
  endfacet
  facet normal -9.335804e-01 -0.000000e+00 -3.583679e-01
    outer loop
      vertex   -3.138487e+01 8.216667e+02 -1.488276e+02
      vertex   -3.014700e+01 7.473333e+02 -1.520523e+02
      vertex   -3.138487e+01 7.473333e+02 -1.488276e+02
    endloop
  endfacet
  facet normal -9.659258e-01 -0.000000e+00 -2.588190e-01
    outer loop
      vertex   -3.138487e+01 8.216667e+02 -1.488276e+02
      vertex   -3.138487e+01 7.473333e+02 -1.488276e+02
      vertex   -3.227887e+01 8.216667e+02 -1.454911e+02
    endloop
  endfacet
  facet normal -9.659258e-01 -0.000000e+00 -2.588190e-01
    outer loop
      vertex   -3.227887e+01 8.216667e+02 -1.454911e+02
      vertex   -3.138487e+01 7.473333e+02 -1.488276e+02
      vertex   -3.227887e+01 7.473333e+02 -1.454911e+02
    endloop
  endfacet
  facet normal -9.876883e-01 -0.000000e+00 -1.564345e-01
    outer loop
      vertex   -3.227887e+01 8.216667e+02 -1.454911e+02
      vertex   -3.227887e+01 7.473333e+02 -1.454911e+02
      vertex   -3.281922e+01 8.216667e+02 -1.420795e+02
    endloop
  endfacet
  facet normal -9.876883e-01 -0.000000e+00 -1.564345e-01
    outer loop
      vertex   -3.281922e+01 8.216667e+02 -1.420795e+02
      vertex   -3.227887e+01 7.473333e+02 -1.454911e+02
      vertex   -3.281922e+01 7.473333e+02 -1.420795e+02
    endloop
  endfacet
  facet normal -9.986295e-01 -0.000000e+00 -5.233596e-02
    outer loop
      vertex   -3.281922e+01 8.216667e+02 -1.420795e+02
      vertex   -3.281922e+01 7.473333e+02 -1.420795e+02
      vertex   -3.300000e+01 8.216667e+02 -1.386300e+02
    endloop
  endfacet
  facet normal -9.986295e-01 -0.000000e+00 -5.233596e-02
    outer loop
      vertex   -3.300000e+01 8.216667e+02 -1.386300e+02
      vertex   -3.281922e+01 7.473333e+02 -1.420795e+02
      vertex   -3.300000e+01 7.473333e+02 -1.386300e+02
    endloop
  endfacet
  facet normal -0.000000e+00 1.000000e+00 0.000000e+00
    outer loop
      vertex   -3.281922e+01 8.960000e+02 -1.351806e+02
      vertex   3.281922e+01 8.960000e+02 -1.351806e+02
      vertex   -3.300000e+01 8.960000e+02 -1.386300e+02
    endloop
  endfacet
  facet normal 0.000000e+00 1.000000e+00 0.000000e+00
    outer loop
      vertex   -3.300000e+01 8.960000e+02 -1.386300e+02
      vertex   3.281922e+01 8.960000e+02 -1.351806e+02
      vertex   3.300000e+01 8.960000e+02 -1.386300e+02
    endloop
  endfacet
  facet normal -0.000000e+00 1.000000e+00 0.000000e+00
    outer loop
      vertex   -3.300000e+01 8.960000e+02 -1.386300e+02
      vertex   3.300000e+01 8.960000e+02 -1.386300e+02
      vertex   -3.281922e+01 8.960000e+02 -1.420795e+02
    endloop
  endfacet
  facet normal 0.000000e+00 1.000000e+00 0.000000e+00
    outer loop
      vertex   -3.281922e+01 8.960000e+02 -1.420795e+02
      vertex   3.300000e+01 8.960000e+02 -1.386300e+02
      vertex   3.281922e+01 8.960000e+02 -1.420795e+02
    endloop
  endfacet
  facet normal -0.000000e+00 1.000000e+00 0.000000e+00
    outer loop
      vertex   -3.281922e+01 8.960000e+02 -1.420795e+02
      vertex   3.281922e+01 8.960000e+02 -1.420795e+02
      vertex   -3.227887e+01 8.960000e+02 -1.454911e+02
    endloop
  endfacet
  facet normal 0.000000e+00 1.000000e+00 0.000000e+00
    outer loop
      vertex   -3.227887e+01 8.960000e+02 -1.454911e+02
      vertex   3.281922e+01 8.960000e+02 -1.420795e+02
      vertex   3.227887e+01 8.960000e+02 -1.454911e+02
    endloop
  endfacet
  facet normal -0.000000e+00 1.000000e+00 0.000000e+00
    outer loop
      vertex   -3.227887e+01 8.960000e+02 -1.454911e+02
      vertex   3.227887e+01 8.960000e+02 -1.454911e+02
      vertex   -3.138487e+01 8.960000e+02 -1.488276e+02
    endloop
  endfacet
  facet normal 0.000000e+00 1.000000e+00 0.000000e+00
    outer loop
      vertex   -3.138487e+01 8.960000e+02 -1.488276e+02
      vertex   3.227887e+01 8.960000e+02 -1.454911e+02
      vertex   3.138487e+01 8.960000e+02 -1.488276e+02
    endloop
  endfacet
  facet normal -0.000000e+00 1.000000e+00 0.000000e+00
    outer loop
      vertex   -3.138487e+01 8.960000e+02 -1.488276e+02
      vertex   3.138487e+01 8.960000e+02 -1.488276e+02
      vertex   -3.014700e+01 8.960000e+02 -1.520523e+02
    endloop
  endfacet
  facet normal 0.000000e+00 1.000000e+00 0.000000e+00
    outer loop
      vertex   -3.014700e+01 8.960000e+02 -1.520523e+02
      vertex   3.138487e+01 8.960000e+02 -1.488276e+02
      vertex   3.014700e+01 8.960000e+02 -1.520523e+02
    endloop
  endfacet
  facet normal -0.000000e+00 1.000000e+00 0.000000e+00
    outer loop
      vertex   -3.014700e+01 8.960000e+02 -1.520523e+02
      vertex   3.014700e+01 8.960000e+02 -1.520523e+02
      vertex   -2.857884e+01 8.960000e+02 -1.551300e+02
    endloop
  endfacet
  facet normal 0.000000e+00 1.000000e+00 0.000000e+00
    outer loop
      vertex   -2.857884e+01 8.960000e+02 -1.551300e+02
      vertex   3.014700e+01 8.960000e+02 -1.520523e+02
      vertex   2.857884e+01 8.960000e+02 -1.551300e+02
    endloop
  endfacet
  facet normal -0.000000e+00 1.000000e+00 0.000000e+00
    outer loop
      vertex   -2.857884e+01 8.960000e+02 -1.551300e+02
      vertex   2.857884e+01 8.960000e+02 -1.551300e+02
      vertex   -2.669756e+01 8.960000e+02 -1.580269e+02
    endloop
  endfacet
  facet normal 0.000000e+00 1.000000e+00 0.000000e+00
    outer loop
      vertex   -2.669756e+01 8.960000e+02 -1.580269e+02
      vertex   2.857884e+01 8.960000e+02 -1.551300e+02
      vertex   2.669756e+01 8.960000e+02 -1.580269e+02
    endloop
  endfacet
  facet normal -0.000000e+00 1.000000e+00 0.000000e+00
    outer loop
      vertex   -2.669756e+01 8.960000e+02 -1.580269e+02
      vertex   2.669756e+01 8.960000e+02 -1.580269e+02
      vertex   -2.452378e+01 8.960000e+02 -1.607113e+02
    endloop
  endfacet
  facet normal 0.000000e+00 1.000000e+00 0.000000e+00
    outer loop
      vertex   -2.452378e+01 8.960000e+02 -1.607113e+02
      vertex   2.669756e+01 8.960000e+02 -1.580269e+02
      vertex   2.452378e+01 8.960000e+02 -1.607113e+02
    endloop
  endfacet
  facet normal -0.000000e+00 1.000000e+00 0.000000e+00
    outer loop
      vertex   -2.452378e+01 8.960000e+02 -1.607113e+02
      vertex   2.452378e+01 8.960000e+02 -1.607113e+02
      vertex   -2.208131e+01 8.960000e+02 -1.631538e+02
    endloop
  endfacet
  facet normal 0.000000e+00 1.000000e+00 0.000000e+00
    outer loop
      vertex   -2.208131e+01 8.960000e+02 -1.631538e+02
      vertex   2.452378e+01 8.960000e+02 -1.607113e+02
      vertex   2.208131e+01 8.960000e+02 -1.631538e+02
    endloop
  endfacet
  facet normal -0.000000e+00 1.000000e+00 0.000000e+00
    outer loop
      vertex   -2.208131e+01 8.960000e+02 -1.631538e+02
      vertex   2.208131e+01 8.960000e+02 -1.631538e+02
      vertex   -1.939691e+01 8.960000e+02 -1.653276e+02
    endloop
  endfacet
  facet normal 0.000000e+00 1.000000e+00 0.000000e+00
    outer loop
      vertex   -1.939691e+01 8.960000e+02 -1.653276e+02
      vertex   2.208131e+01 8.960000e+02 -1.631538e+02
      vertex   1.939691e+01 8.960000e+02 -1.653276e+02
    endloop
  endfacet
  facet normal -0.000000e+00 1.000000e+00 0.000000e+00
    outer loop
      vertex   -1.939691e+01 8.960000e+02 -1.653276e+02
      vertex   1.939691e+01 8.960000e+02 -1.653276e+02
      vertex   -1.650000e+01 8.960000e+02 -1.672089e+02
    endloop
  endfacet
  facet normal 0.000000e+00 1.000000e+00 0.000000e+00
    outer loop
      vertex   -1.650000e+01 8.960000e+02 -1.672089e+02
      vertex   1.939691e+01 8.960000e+02 -1.653276e+02
      vertex   1.650000e+01 8.960000e+02 -1.672089e+02
    endloop
  endfacet
  facet normal -0.000000e+00 1.000000e+00 0.000000e+00
    outer loop
      vertex   -1.650000e+01 8.960000e+02 -1.672089e+02
      vertex   1.650000e+01 8.960000e+02 -1.672089e+02
      vertex   -1.342231e+01 8.960000e+02 -1.687770e+02
    endloop
  endfacet
  facet normal 0.000000e+00 1.000000e+00 0.000000e+00
    outer loop
      vertex   -1.342231e+01 8.960000e+02 -1.687770e+02
      vertex   1.650000e+01 8.960000e+02 -1.672089e+02
      vertex   1.342231e+01 8.960000e+02 -1.687770e+02
    endloop
  endfacet
  facet normal -0.000000e+00 1.000000e+00 0.000000e+00
    outer loop
      vertex   -1.342231e+01 8.960000e+02 -1.687770e+02
      vertex   1.342231e+01 8.960000e+02 -1.687770e+02
      vertex   -1.019756e+01 8.960000e+02 -1.700149e+02
    endloop
  endfacet
  facet normal 0.000000e+00 1.000000e+00 0.000000e+00
    outer loop
      vertex   -1.019756e+01 8.960000e+02 -1.700149e+02
      vertex   1.342231e+01 8.960000e+02 -1.687770e+02
      vertex   1.019756e+01 8.960000e+02 -1.700149e+02
    endloop
  endfacet
  facet normal -0.000000e+00 1.000000e+00 0.000000e+00
    outer loop
      vertex   -1.019756e+01 8.960000e+02 -1.700149e+02
      vertex   1.019756e+01 8.960000e+02 -1.700149e+02
      vertex   -6.861086e+00 8.960000e+02 -1.709089e+02
    endloop
  endfacet
  facet normal 0.000000e+00 1.000000e+00 0.000000e+00
    outer loop
      vertex   -6.861086e+00 8.960000e+02 -1.709089e+02
      vertex   1.019756e+01 8.960000e+02 -1.700149e+02
      vertex   6.861086e+00 8.960000e+02 -1.709089e+02
    endloop
  endfacet
  facet normal -0.000000e+00 1.000000e+00 0.000000e+00
    outer loop
      vertex   -6.861086e+00 8.960000e+02 -1.709089e+02
      vertex   6.861086e+00 8.960000e+02 -1.709089e+02
      vertex   -3.449439e+00 8.960000e+02 -1.714492e+02
    endloop
  endfacet
  facet normal 0.000000e+00 1.000000e+00 0.000000e+00
    outer loop
      vertex   -3.449439e+00 8.960000e+02 -1.714492e+02
      vertex   6.861086e+00 8.960000e+02 -1.709089e+02
      vertex   3.449439e+00 8.960000e+02 -1.714492e+02
    endloop
  endfacet
  facet normal -0.000000e+00 1.000000e+00 0.000000e+00
    outer loop
      vertex   -3.449439e+00 8.960000e+02 -1.714492e+02
      vertex   3.449439e+00 8.960000e+02 -1.714492e+02
      vertex   1.050931e-14 8.960000e+02 -1.716300e+02
    endloop
  endfacet
  facet normal 0.000000e+00 1.000000e+00 0.000000e+00
    outer loop
      vertex   3.281922e+01 8.960000e+02 -1.351806e+02
      vertex   -3.281922e+01 8.960000e+02 -1.351806e+02
      vertex   3.227887e+01 8.960000e+02 -1.317689e+02
    endloop
  endfacet
  facet normal 0.000000e+00 1.000000e+00 0.000000e+00
    outer loop
      vertex   3.227887e+01 8.960000e+02 -1.317689e+02
      vertex   -3.281922e+01 8.960000e+02 -1.351806e+02
      vertex   -3.227887e+01 8.960000e+02 -1.317689e+02
    endloop
  endfacet
  facet normal 0.000000e+00 1.000000e+00 0.000000e+00
    outer loop
      vertex   3.227887e+01 8.960000e+02 -1.317689e+02
      vertex   -3.227887e+01 8.960000e+02 -1.317689e+02
      vertex   3.138487e+01 8.960000e+02 -1.284325e+02
    endloop
  endfacet
  facet normal 0.000000e+00 1.000000e+00 0.000000e+00
    outer loop
      vertex   3.138487e+01 8.960000e+02 -1.284325e+02
      vertex   -3.227887e+01 8.960000e+02 -1.317689e+02
      vertex   -3.138487e+01 8.960000e+02 -1.284325e+02
    endloop
  endfacet
  facet normal 0.000000e+00 1.000000e+00 0.000000e+00
    outer loop
      vertex   3.138487e+01 8.960000e+02 -1.284325e+02
      vertex   -3.138487e+01 8.960000e+02 -1.284325e+02
      vertex   3.014700e+01 8.960000e+02 -1.252077e+02
    endloop
  endfacet
  facet normal 0.000000e+00 1.000000e+00 0.000000e+00
    outer loop
      vertex   3.014700e+01 8.960000e+02 -1.252077e+02
      vertex   -3.138487e+01 8.960000e+02 -1.284325e+02
      vertex   -3.014700e+01 8.960000e+02 -1.252077e+02
    endloop
  endfacet
  facet normal 0.000000e+00 1.000000e+00 0.000000e+00
    outer loop
      vertex   3.014700e+01 8.960000e+02 -1.252077e+02
      vertex   -3.014700e+01 8.960000e+02 -1.252077e+02
      vertex   2.857884e+01 8.960000e+02 -1.221300e+02
    endloop
  endfacet
  facet normal 0.000000e+00 1.000000e+00 0.000000e+00
    outer loop
      vertex   2.857884e+01 8.960000e+02 -1.221300e+02
      vertex   -3.014700e+01 8.960000e+02 -1.252077e+02
      vertex   -2.857884e+01 8.960000e+02 -1.221300e+02
    endloop
  endfacet
  facet normal 0.000000e+00 1.000000e+00 0.000000e+00
    outer loop
      vertex   2.857884e+01 8.960000e+02 -1.221300e+02
      vertex   -2.857884e+01 8.960000e+02 -1.221300e+02
      vertex   2.669756e+01 8.960000e+02 -1.192331e+02
    endloop
  endfacet
  facet normal 0.000000e+00 1.000000e+00 0.000000e+00
    outer loop
      vertex   2.669756e+01 8.960000e+02 -1.192331e+02
      vertex   -2.857884e+01 8.960000e+02 -1.221300e+02
      vertex   -2.669756e+01 8.960000e+02 -1.192331e+02
    endloop
  endfacet
  facet normal 0.000000e+00 1.000000e+00 0.000000e+00
    outer loop
      vertex   2.669756e+01 8.960000e+02 -1.192331e+02
      vertex   -2.669756e+01 8.960000e+02 -1.192331e+02
      vertex   2.452378e+01 8.960000e+02 -1.165487e+02
    endloop
  endfacet
  facet normal 0.000000e+00 1.000000e+00 0.000000e+00
    outer loop
      vertex   2.452378e+01 8.960000e+02 -1.165487e+02
      vertex   -2.669756e+01 8.960000e+02 -1.192331e+02
      vertex   -2.452378e+01 8.960000e+02 -1.165487e+02
    endloop
  endfacet
  facet normal 0.000000e+00 1.000000e+00 0.000000e+00
    outer loop
      vertex   2.452378e+01 8.960000e+02 -1.165487e+02
      vertex   -2.452378e+01 8.960000e+02 -1.165487e+02
      vertex   2.208131e+01 8.960000e+02 -1.141062e+02
    endloop
  endfacet
  facet normal 0.000000e+00 1.000000e+00 0.000000e+00
    outer loop
      vertex   2.208131e+01 8.960000e+02 -1.141062e+02
      vertex   -2.452378e+01 8.960000e+02 -1.165487e+02
      vertex   -2.208131e+01 8.960000e+02 -1.141062e+02
    endloop
  endfacet
  facet normal 0.000000e+00 1.000000e+00 0.000000e+00
    outer loop
      vertex   2.208131e+01 8.960000e+02 -1.141062e+02
      vertex   -2.208131e+01 8.960000e+02 -1.141062e+02
      vertex   1.939691e+01 8.960000e+02 -1.119325e+02
    endloop
  endfacet
  facet normal 0.000000e+00 1.000000e+00 0.000000e+00
    outer loop
      vertex   1.939691e+01 8.960000e+02 -1.119325e+02
      vertex   -2.208131e+01 8.960000e+02 -1.141062e+02
      vertex   -1.939691e+01 8.960000e+02 -1.119325e+02
    endloop
  endfacet
  facet normal 0.000000e+00 1.000000e+00 0.000000e+00
    outer loop
      vertex   1.939691e+01 8.960000e+02 -1.119325e+02
      vertex   -1.939691e+01 8.960000e+02 -1.119325e+02
      vertex   1.650000e+01 8.960000e+02 -1.100512e+02
    endloop
  endfacet
  facet normal 0.000000e+00 1.000000e+00 0.000000e+00
    outer loop
      vertex   1.650000e+01 8.960000e+02 -1.100512e+02
      vertex   -1.939691e+01 8.960000e+02 -1.119325e+02
      vertex   -1.650000e+01 8.960000e+02 -1.100512e+02
    endloop
  endfacet
  facet normal 0.000000e+00 1.000000e+00 0.000000e+00
    outer loop
      vertex   1.650000e+01 8.960000e+02 -1.100512e+02
      vertex   -1.650000e+01 8.960000e+02 -1.100512e+02
      vertex   1.342231e+01 8.960000e+02 -1.084830e+02
    endloop
  endfacet
  facet normal 0.000000e+00 1.000000e+00 0.000000e+00
    outer loop
      vertex   1.342231e+01 8.960000e+02 -1.084830e+02
      vertex   -1.650000e+01 8.960000e+02 -1.100512e+02
      vertex   -1.342231e+01 8.960000e+02 -1.084830e+02
    endloop
  endfacet
  facet normal 0.000000e+00 1.000000e+00 0.000000e+00
    outer loop
      vertex   1.342231e+01 8.960000e+02 -1.084830e+02
      vertex   -1.342231e+01 8.960000e+02 -1.084830e+02
      vertex   1.019756e+01 8.960000e+02 -1.072452e+02
    endloop
  endfacet
  facet normal 0.000000e+00 1.000000e+00 0.000000e+00
    outer loop
      vertex   1.019756e+01 8.960000e+02 -1.072452e+02
      vertex   -1.342231e+01 8.960000e+02 -1.084830e+02
      vertex   -1.019756e+01 8.960000e+02 -1.072452e+02
    endloop
  endfacet
  facet normal 0.000000e+00 1.000000e+00 0.000000e+00
    outer loop
      vertex   1.019756e+01 8.960000e+02 -1.072452e+02
      vertex   -1.019756e+01 8.960000e+02 -1.072452e+02
      vertex   6.861086e+00 8.960000e+02 -1.063512e+02
    endloop
  endfacet
  facet normal 0.000000e+00 1.000000e+00 0.000000e+00
    outer loop
      vertex   6.861086e+00 8.960000e+02 -1.063512e+02
      vertex   -1.019756e+01 8.960000e+02 -1.072452e+02
      vertex   -6.861086e+00 8.960000e+02 -1.063512e+02
    endloop
  endfacet
  facet normal 0.000000e+00 1.000000e+00 0.000000e+00
    outer loop
      vertex   6.861086e+00 8.960000e+02 -1.063512e+02
      vertex   -6.861086e+00 8.960000e+02 -1.063512e+02
      vertex   3.449439e+00 8.960000e+02 -1.058108e+02
    endloop
  endfacet
  facet normal 0.000000e+00 1.000000e+00 0.000000e+00
    outer loop
      vertex   3.449439e+00 8.960000e+02 -1.058108e+02
      vertex   -6.861086e+00 8.960000e+02 -1.063512e+02
      vertex   -3.449439e+00 8.960000e+02 -1.058108e+02
    endloop
  endfacet
  facet normal 0.000000e+00 1.000000e+00 0.000000e+00
    outer loop
      vertex   3.449439e+00 8.960000e+02 -1.058108e+02
      vertex   -3.449439e+00 8.960000e+02 -1.058108e+02
      vertex   1.050931e-14 8.960000e+02 -1.056300e+02
    endloop
  endfacet
  facet normal 0.000000e+00 -1.000000e+00 0.000000e+00
    outer loop
      vertex   -3.281922e+01 6.730000e+02 -1.420795e+02
      vertex   3.281922e+01 6.730000e+02 -1.420795e+02
      vertex   -3.300000e+01 6.730000e+02 -1.386300e+02
    endloop
  endfacet
  facet normal 0.000000e+00 -1.000000e+00 0.000000e+00
    outer loop
      vertex   -3.300000e+01 6.730000e+02 -1.386300e+02
      vertex   3.281922e+01 6.730000e+02 -1.420795e+02
      vertex   3.300000e+01 6.730000e+02 -1.386300e+02
    endloop
  endfacet
  facet normal 0.000000e+00 -1.000000e+00 0.000000e+00
    outer loop
      vertex   -3.300000e+01 6.730000e+02 -1.386300e+02
      vertex   3.300000e+01 6.730000e+02 -1.386300e+02
      vertex   -3.281922e+01 6.730000e+02 -1.351806e+02
    endloop
  endfacet
  facet normal 0.000000e+00 -1.000000e+00 0.000000e+00
    outer loop
      vertex   -3.281922e+01 6.730000e+02 -1.351806e+02
      vertex   3.300000e+01 6.730000e+02 -1.386300e+02
      vertex   3.281922e+01 6.730000e+02 -1.351806e+02
    endloop
  endfacet
  facet normal 0.000000e+00 -1.000000e+00 0.000000e+00
    outer loop
      vertex   -3.281922e+01 6.730000e+02 -1.351806e+02
      vertex   3.281922e+01 6.730000e+02 -1.351806e+02
      vertex   -3.227887e+01 6.730000e+02 -1.317689e+02
    endloop
  endfacet
  facet normal 0.000000e+00 -1.000000e+00 0.000000e+00
    outer loop
      vertex   -3.227887e+01 6.730000e+02 -1.317689e+02
      vertex   3.281922e+01 6.730000e+02 -1.351806e+02
      vertex   3.227887e+01 6.730000e+02 -1.317689e+02
    endloop
  endfacet
  facet normal 0.000000e+00 -1.000000e+00 0.000000e+00
    outer loop
      vertex   -3.227887e+01 6.730000e+02 -1.317689e+02
      vertex   3.227887e+01 6.730000e+02 -1.317689e+02
      vertex   -3.138487e+01 6.730000e+02 -1.284325e+02
    endloop
  endfacet
  facet normal 0.000000e+00 -1.000000e+00 0.000000e+00
    outer loop
      vertex   -3.138487e+01 6.730000e+02 -1.284325e+02
      vertex   3.227887e+01 6.730000e+02 -1.317689e+02
      vertex   3.138487e+01 6.730000e+02 -1.284325e+02
    endloop
  endfacet
  facet normal 0.000000e+00 -1.000000e+00 0.000000e+00
    outer loop
      vertex   -3.138487e+01 6.730000e+02 -1.284325e+02
      vertex   3.138487e+01 6.730000e+02 -1.284325e+02
      vertex   -3.014700e+01 6.730000e+02 -1.252077e+02
    endloop
  endfacet
  facet normal 0.000000e+00 -1.000000e+00 0.000000e+00
    outer loop
      vertex   -3.014700e+01 6.730000e+02 -1.252077e+02
      vertex   3.138487e+01 6.730000e+02 -1.284325e+02
      vertex   3.014700e+01 6.730000e+02 -1.252077e+02
    endloop
  endfacet
  facet normal 0.000000e+00 -1.000000e+00 0.000000e+00
    outer loop
      vertex   -3.014700e+01 6.730000e+02 -1.252077e+02
      vertex   3.014700e+01 6.730000e+02 -1.252077e+02
      vertex   -2.857884e+01 6.730000e+02 -1.221300e+02
    endloop
  endfacet
  facet normal 0.000000e+00 -1.000000e+00 0.000000e+00
    outer loop
      vertex   -2.857884e+01 6.730000e+02 -1.221300e+02
      vertex   3.014700e+01 6.730000e+02 -1.252077e+02
      vertex   2.857884e+01 6.730000e+02 -1.221300e+02
    endloop
  endfacet
  facet normal 0.000000e+00 -1.000000e+00 0.000000e+00
    outer loop
      vertex   -2.857884e+01 6.730000e+02 -1.221300e+02
      vertex   2.857884e+01 6.730000e+02 -1.221300e+02
      vertex   -2.669756e+01 6.730000e+02 -1.192331e+02
    endloop
  endfacet
  facet normal 0.000000e+00 -1.000000e+00 0.000000e+00
    outer loop
      vertex   -2.669756e+01 6.730000e+02 -1.192331e+02
      vertex   2.857884e+01 6.730000e+02 -1.221300e+02
      vertex   2.669756e+01 6.730000e+02 -1.192331e+02
    endloop
  endfacet
  facet normal 0.000000e+00 -1.000000e+00 0.000000e+00
    outer loop
      vertex   -2.669756e+01 6.730000e+02 -1.192331e+02
      vertex   2.669756e+01 6.730000e+02 -1.192331e+02
      vertex   -2.452378e+01 6.730000e+02 -1.165487e+02
    endloop
  endfacet
  facet normal 0.000000e+00 -1.000000e+00 0.000000e+00
    outer loop
      vertex   -2.452378e+01 6.730000e+02 -1.165487e+02
      vertex   2.669756e+01 6.730000e+02 -1.192331e+02
      vertex   2.452378e+01 6.730000e+02 -1.165487e+02
    endloop
  endfacet
  facet normal 0.000000e+00 -1.000000e+00 0.000000e+00
    outer loop
      vertex   -2.452378e+01 6.730000e+02 -1.165487e+02
      vertex   2.452378e+01 6.730000e+02 -1.165487e+02
      vertex   -2.208131e+01 6.730000e+02 -1.141062e+02
    endloop
  endfacet
  facet normal 0.000000e+00 -1.000000e+00 0.000000e+00
    outer loop
      vertex   -2.208131e+01 6.730000e+02 -1.141062e+02
      vertex   2.452378e+01 6.730000e+02 -1.165487e+02
      vertex   2.208131e+01 6.730000e+02 -1.141062e+02
    endloop
  endfacet
  facet normal 0.000000e+00 -1.000000e+00 0.000000e+00
    outer loop
      vertex   -2.208131e+01 6.730000e+02 -1.141062e+02
      vertex   2.208131e+01 6.730000e+02 -1.141062e+02
      vertex   -1.939691e+01 6.730000e+02 -1.119325e+02
    endloop
  endfacet
  facet normal 0.000000e+00 -1.000000e+00 0.000000e+00
    outer loop
      vertex   -1.939691e+01 6.730000e+02 -1.119325e+02
      vertex   2.208131e+01 6.730000e+02 -1.141062e+02
      vertex   1.939691e+01 6.730000e+02 -1.119325e+02
    endloop
  endfacet
  facet normal 0.000000e+00 -1.000000e+00 0.000000e+00
    outer loop
      vertex   -1.939691e+01 6.730000e+02 -1.119325e+02
      vertex   1.939691e+01 6.730000e+02 -1.119325e+02
      vertex   -1.650000e+01 6.730000e+02 -1.100512e+02
    endloop
  endfacet
  facet normal 0.000000e+00 -1.000000e+00 0.000000e+00
    outer loop
      vertex   -1.650000e+01 6.730000e+02 -1.100512e+02
      vertex   1.939691e+01 6.730000e+02 -1.119325e+02
      vertex   1.650000e+01 6.730000e+02 -1.100512e+02
    endloop
  endfacet
  facet normal 0.000000e+00 -1.000000e+00 0.000000e+00
    outer loop
      vertex   -1.650000e+01 6.730000e+02 -1.100512e+02
      vertex   1.650000e+01 6.730000e+02 -1.100512e+02
      vertex   -1.342231e+01 6.730000e+02 -1.084830e+02
    endloop
  endfacet
  facet normal 0.000000e+00 -1.000000e+00 0.000000e+00
    outer loop
      vertex   -1.342231e+01 6.730000e+02 -1.084830e+02
      vertex   1.650000e+01 6.730000e+02 -1.100512e+02
      vertex   1.342231e+01 6.730000e+02 -1.084830e+02
    endloop
  endfacet
  facet normal 0.000000e+00 -1.000000e+00 0.000000e+00
    outer loop
      vertex   -1.342231e+01 6.730000e+02 -1.084830e+02
      vertex   1.342231e+01 6.730000e+02 -1.084830e+02
      vertex   -1.019756e+01 6.730000e+02 -1.072452e+02
    endloop
  endfacet
  facet normal 0.000000e+00 -1.000000e+00 0.000000e+00
    outer loop
      vertex   -1.019756e+01 6.730000e+02 -1.072452e+02
      vertex   1.342231e+01 6.730000e+02 -1.084830e+02
      vertex   1.019756e+01 6.730000e+02 -1.072452e+02
    endloop
  endfacet
  facet normal 0.000000e+00 -1.000000e+00 0.000000e+00
    outer loop
      vertex   -1.019756e+01 6.730000e+02 -1.072452e+02
      vertex   1.019756e+01 6.730000e+02 -1.072452e+02
      vertex   -6.861086e+00 6.730000e+02 -1.063512e+02
    endloop
  endfacet
  facet normal 0.000000e+00 -1.000000e+00 0.000000e+00
    outer loop
      vertex   -6.861086e+00 6.730000e+02 -1.063512e+02
      vertex   1.019756e+01 6.730000e+02 -1.072452e+02
      vertex   6.861086e+00 6.730000e+02 -1.063512e+02
    endloop
  endfacet
  facet normal 0.000000e+00 -1.000000e+00 0.000000e+00
    outer loop
      vertex   -6.861086e+00 6.730000e+02 -1.063512e+02
      vertex   6.861086e+00 6.730000e+02 -1.063512e+02
      vertex   -3.449439e+00 6.730000e+02 -1.058108e+02
    endloop
  endfacet
  facet normal 0.000000e+00 -1.000000e+00 0.000000e+00
    outer loop
      vertex   -3.449439e+00 6.730000e+02 -1.058108e+02
      vertex   6.861086e+00 6.730000e+02 -1.063512e+02
      vertex   3.449439e+00 6.730000e+02 -1.058108e+02
    endloop
  endfacet
  facet normal 0.000000e+00 -1.000000e+00 0.000000e+00
    outer loop
      vertex   -3.449439e+00 6.730000e+02 -1.058108e+02
      vertex   3.449439e+00 6.730000e+02 -1.058108e+02
      vertex   1.050931e-14 6.730000e+02 -1.056300e+02
    endloop
  endfacet
  facet normal 0.000000e+00 -1.000000e+00 0.000000e+00
    outer loop
      vertex   3.281922e+01 6.730000e+02 -1.420795e+02
      vertex   -3.281922e+01 6.730000e+02 -1.420795e+02
      vertex   3.227887e+01 6.730000e+02 -1.454911e+02
    endloop
  endfacet
  facet normal -0.000000e+00 -1.000000e+00 0.000000e+00
    outer loop
      vertex   3.227887e+01 6.730000e+02 -1.454911e+02
      vertex   -3.281922e+01 6.730000e+02 -1.420795e+02
      vertex   -3.227887e+01 6.730000e+02 -1.454911e+02
    endloop
  endfacet
  facet normal 0.000000e+00 -1.000000e+00 0.000000e+00
    outer loop
      vertex   3.227887e+01 6.730000e+02 -1.454911e+02
      vertex   -3.227887e+01 6.730000e+02 -1.454911e+02
      vertex   3.138487e+01 6.730000e+02 -1.488276e+02
    endloop
  endfacet
  facet normal -0.000000e+00 -1.000000e+00 0.000000e+00
    outer loop
      vertex   3.138487e+01 6.730000e+02 -1.488276e+02
      vertex   -3.227887e+01 6.730000e+02 -1.454911e+02
      vertex   -3.138487e+01 6.730000e+02 -1.488276e+02
    endloop
  endfacet
  facet normal 0.000000e+00 -1.000000e+00 0.000000e+00
    outer loop
      vertex   3.138487e+01 6.730000e+02 -1.488276e+02
      vertex   -3.138487e+01 6.730000e+02 -1.488276e+02
      vertex   3.014700e+01 6.730000e+02 -1.520523e+02
    endloop
  endfacet
  facet normal -0.000000e+00 -1.000000e+00 0.000000e+00
    outer loop
      vertex   3.014700e+01 6.730000e+02 -1.520523e+02
      vertex   -3.138487e+01 6.730000e+02 -1.488276e+02
      vertex   -3.014700e+01 6.730000e+02 -1.520523e+02
    endloop
  endfacet
  facet normal 0.000000e+00 -1.000000e+00 0.000000e+00
    outer loop
      vertex   3.014700e+01 6.730000e+02 -1.520523e+02
      vertex   -3.014700e+01 6.730000e+02 -1.520523e+02
      vertex   2.857884e+01 6.730000e+02 -1.551300e+02
    endloop
  endfacet
  facet normal -0.000000e+00 -1.000000e+00 0.000000e+00
    outer loop
      vertex   2.857884e+01 6.730000e+02 -1.551300e+02
      vertex   -3.014700e+01 6.730000e+02 -1.520523e+02
      vertex   -2.857884e+01 6.730000e+02 -1.551300e+02
    endloop
  endfacet
  facet normal 0.000000e+00 -1.000000e+00 0.000000e+00
    outer loop
      vertex   2.857884e+01 6.730000e+02 -1.551300e+02
      vertex   -2.857884e+01 6.730000e+02 -1.551300e+02
      vertex   2.669756e+01 6.730000e+02 -1.580269e+02
    endloop
  endfacet
  facet normal 0.000000e+00 -1.000000e+00 0.000000e+00
    outer loop
      vertex   2.669756e+01 6.730000e+02 -1.580269e+02
      vertex   -2.857884e+01 6.730000e+02 -1.551300e+02
      vertex   -2.669756e+01 6.730000e+02 -1.580269e+02
    endloop
  endfacet
  facet normal -0.000000e+00 -1.000000e+00 0.000000e+00
    outer loop
      vertex   2.669756e+01 6.730000e+02 -1.580269e+02
      vertex   -2.669756e+01 6.730000e+02 -1.580269e+02
      vertex   2.452378e+01 6.730000e+02 -1.607113e+02
    endloop
  endfacet
  facet normal -0.000000e+00 -1.000000e+00 0.000000e+00
    outer loop
      vertex   2.452378e+01 6.730000e+02 -1.607113e+02
      vertex   -2.669756e+01 6.730000e+02 -1.580269e+02
      vertex   -2.452378e+01 6.730000e+02 -1.607113e+02
    endloop
  endfacet
  facet normal 0.000000e+00 -1.000000e+00 0.000000e+00
    outer loop
      vertex   2.452378e+01 6.730000e+02 -1.607113e+02
      vertex   -2.452378e+01 6.730000e+02 -1.607113e+02
      vertex   2.208131e+01 6.730000e+02 -1.631538e+02
    endloop
  endfacet
  facet normal -0.000000e+00 -1.000000e+00 0.000000e+00
    outer loop
      vertex   2.208131e+01 6.730000e+02 -1.631538e+02
      vertex   -2.452378e+01 6.730000e+02 -1.607113e+02
      vertex   -2.208131e+01 6.730000e+02 -1.631538e+02
    endloop
  endfacet
  facet normal 0.000000e+00 -1.000000e+00 0.000000e+00
    outer loop
      vertex   2.208131e+01 6.730000e+02 -1.631538e+02
      vertex   -2.208131e+01 6.730000e+02 -1.631538e+02
      vertex   1.939691e+01 6.730000e+02 -1.653276e+02
    endloop
  endfacet
  facet normal 0.000000e+00 -1.000000e+00 0.000000e+00
    outer loop
      vertex   1.939691e+01 6.730000e+02 -1.653276e+02
      vertex   -2.208131e+01 6.730000e+02 -1.631538e+02
      vertex   -1.939691e+01 6.730000e+02 -1.653276e+02
    endloop
  endfacet
  facet normal -0.000000e+00 -1.000000e+00 0.000000e+00
    outer loop
      vertex   1.939691e+01 6.730000e+02 -1.653276e+02
      vertex   -1.939691e+01 6.730000e+02 -1.653276e+02
      vertex   1.650000e+01 6.730000e+02 -1.672089e+02
    endloop
  endfacet
  facet normal -0.000000e+00 -1.000000e+00 0.000000e+00
    outer loop
      vertex   1.650000e+01 6.730000e+02 -1.672089e+02
      vertex   -1.939691e+01 6.730000e+02 -1.653276e+02
      vertex   -1.650000e+01 6.730000e+02 -1.672089e+02
    endloop
  endfacet
  facet normal 0.000000e+00 -1.000000e+00 0.000000e+00
    outer loop
      vertex   1.650000e+01 6.730000e+02 -1.672089e+02
      vertex   -1.650000e+01 6.730000e+02 -1.672089e+02
      vertex   1.342231e+01 6.730000e+02 -1.687770e+02
    endloop
  endfacet
  facet normal 0.000000e+00 -1.000000e+00 0.000000e+00
    outer loop
      vertex   1.342231e+01 6.730000e+02 -1.687770e+02
      vertex   -1.650000e+01 6.730000e+02 -1.672089e+02
      vertex   -1.342231e+01 6.730000e+02 -1.687770e+02
    endloop
  endfacet
  facet normal -0.000000e+00 -1.000000e+00 0.000000e+00
    outer loop
      vertex   1.342231e+01 6.730000e+02 -1.687770e+02
      vertex   -1.342231e+01 6.730000e+02 -1.687770e+02
      vertex   1.019756e+01 6.730000e+02 -1.700149e+02
    endloop
  endfacet
  facet normal 0.000000e+00 -1.000000e+00 0.000000e+00
    outer loop
      vertex   1.019756e+01 6.730000e+02 -1.700149e+02
      vertex   -1.342231e+01 6.730000e+02 -1.687770e+02
      vertex   -1.019756e+01 6.730000e+02 -1.700149e+02
    endloop
  endfacet
  facet normal -0.000000e+00 -1.000000e+00 0.000000e+00
    outer loop
      vertex   1.019756e+01 6.730000e+02 -1.700149e+02
      vertex   -1.019756e+01 6.730000e+02 -1.700149e+02
      vertex   6.861086e+00 6.730000e+02 -1.709089e+02
    endloop
  endfacet
  facet normal -0.000000e+00 -1.000000e+00 0.000000e+00
    outer loop
      vertex   6.861086e+00 6.730000e+02 -1.709089e+02
      vertex   -1.019756e+01 6.730000e+02 -1.700149e+02
      vertex   -6.861086e+00 6.730000e+02 -1.709089e+02
    endloop
  endfacet
  facet normal 0.000000e+00 -1.000000e+00 0.000000e+00
    outer loop
      vertex   6.861086e+00 6.730000e+02 -1.709089e+02
      vertex   -6.861086e+00 6.730000e+02 -1.709089e+02
      vertex   3.449439e+00 6.730000e+02 -1.714492e+02
    endloop
  endfacet
  facet normal 0.000000e+00 -1.000000e+00 0.000000e+00
    outer loop
      vertex   3.449439e+00 6.730000e+02 -1.714492e+02
      vertex   -6.861086e+00 6.730000e+02 -1.709089e+02
      vertex   -3.449439e+00 6.730000e+02 -1.714492e+02
    endloop
  endfacet
  facet normal -0.000000e+00 -1.000000e+00 0.000000e+00
    outer loop
      vertex   3.449439e+00 6.730000e+02 -1.714492e+02
      vertex   -3.449439e+00 6.730000e+02 -1.714492e+02
      vertex   1.050931e-14 6.730000e+02 -1.716300e+02
    endloop
  endfacet
endsolid
