solid ASCII
  facet normal -9.986295e-01 -0.000000e+00 -5.233596e-02
    outer loop
      vertex   1.238665e+02 1.163000e+03 -1.562885e+02
      vertex   1.238665e+02 1.107250e+03 -1.562885e+02
      vertex   1.237049e+02 1.163000e+03 -1.532049e+02
    endloop
  endfacet
  facet normal -9.986295e-01 -0.000000e+00 -5.233596e-02
    outer loop
      vertex   1.237049e+02 1.163000e+03 -1.532049e+02
      vertex   1.238665e+02 1.107250e+03 -1.562885e+02
      vertex   1.237049e+02 1.107250e+03 -1.532049e+02
    endloop
  endfacet
  facet normal -9.986295e-01 0.000000e+00 5.233596e-02
    outer loop
      vertex   1.237049e+02 1.163000e+03 -1.532049e+02
      vertex   1.237049e+02 1.107250e+03 -1.532049e+02
      vertex   1.238665e+02 1.163000e+03 -1.501213e+02
    endloop
  endfacet
  facet normal -9.986295e-01 0.000000e+00 5.233596e-02
    outer loop
      vertex   1.238665e+02 1.163000e+03 -1.501213e+02
      vertex   1.237049e+02 1.107250e+03 -1.532049e+02
      vertex   1.238665e+02 1.107250e+03 -1.501213e+02
    endloop
  endfacet
  facet normal -9.876883e-01 0.000000e+00 1.564345e-01
    outer loop
      vertex   1.238665e+02 1.163000e+03 -1.501213e+02
      vertex   1.238665e+02 1.107250e+03 -1.501213e+02
      vertex   1.243496e+02 1.163000e+03 -1.470715e+02
    endloop
  endfacet
  facet normal -9.876883e-01 0.000000e+00 1.564345e-01
    outer loop
      vertex   1.243496e+02 1.163000e+03 -1.470715e+02
      vertex   1.238665e+02 1.107250e+03 -1.501213e+02
      vertex   1.243496e+02 1.107250e+03 -1.470715e+02
    endloop
  endfacet
  facet normal -9.659258e-01 0.000000e+00 2.588190e-01
    outer loop
      vertex   1.243496e+02 1.163000e+03 -1.470715e+02
      vertex   1.243496e+02 1.107250e+03 -1.470715e+02
      vertex   1.251487e+02 1.163000e+03 -1.440889e+02
    endloop
  endfacet
  facet normal -9.659258e-01 0.000000e+00 2.588190e-01
    outer loop
      vertex   1.251487e+02 1.163000e+03 -1.440889e+02
      vertex   1.243496e+02 1.107250e+03 -1.470715e+02
      vertex   1.251487e+02 1.107250e+03 -1.440889e+02
    endloop
  endfacet
  facet normal -9.335804e-01 0.000000e+00 3.583679e-01
    outer loop
      vertex   1.251487e+02 1.163000e+03 -1.440889e+02
      vertex   1.251487e+02 1.107250e+03 -1.440889e+02
      vertex   1.262553e+02 1.163000e+03 -1.412062e+02
    endloop
  endfacet
  facet normal -9.335804e-01 0.000000e+00 3.583679e-01
    outer loop
      vertex   1.262553e+02 1.163000e+03 -1.412062e+02
      vertex   1.251487e+02 1.107250e+03 -1.440889e+02
      vertex   1.262553e+02 1.107250e+03 -1.412062e+02
    endloop
  endfacet
  facet normal -8.910065e-01 0.000000e+00 4.539905e-01
    outer loop
      vertex   1.262553e+02 1.163000e+03 -1.412062e+02
      vertex   1.262553e+02 1.107250e+03 -1.412062e+02
      vertex   1.276572e+02 1.163000e+03 -1.384549e+02
    endloop
  endfacet
  facet normal -8.910065e-01 0.000000e+00 4.539905e-01
    outer loop
      vertex   1.276572e+02 1.163000e+03 -1.384549e+02
      vertex   1.262553e+02 1.107250e+03 -1.412062e+02
      vertex   1.276572e+02 1.107250e+03 -1.384549e+02
    endloop
  endfacet
  facet normal -8.386706e-01 0.000000e+00 5.446390e-01
    outer loop
      vertex   1.276572e+02 1.163000e+03 -1.384549e+02
      vertex   1.276572e+02 1.107250e+03 -1.384549e+02
      vertex   1.293389e+02 1.163000e+03 -1.358652e+02
    endloop
  endfacet
  facet normal -8.386706e-01 0.000000e+00 5.446390e-01
    outer loop
      vertex   1.293389e+02 1.163000e+03 -1.358652e+02
      vertex   1.276572e+02 1.107250e+03 -1.384549e+02
      vertex   1.293389e+02 1.107250e+03 -1.358652e+02
    endloop
  endfacet
  facet normal -7.771460e-01 0.000000e+00 6.293204e-01
    outer loop
      vertex   1.293389e+02 1.163000e+03 -1.358652e+02
      vertex   1.293389e+02 1.107250e+03 -1.358652e+02
      vertex   1.312821e+02 1.163000e+03 -1.334656e+02
    endloop
  endfacet
  facet normal -7.771460e-01 0.000000e+00 6.293204e-01
    outer loop
      vertex   1.312821e+02 1.163000e+03 -1.334656e+02
      vertex   1.293389e+02 1.107250e+03 -1.358652e+02
      vertex   1.312821e+02 1.107250e+03 -1.334656e+02
    endloop
  endfacet
  facet normal -7.071068e-01 0.000000e+00 7.071068e-01
    outer loop
      vertex   1.312821e+02 1.163000e+03 -1.334656e+02
      vertex   1.312821e+02 1.107250e+03 -1.334656e+02
      vertex   1.334656e+02 1.163000e+03 -1.312821e+02
    endloop
  endfacet
  facet normal -7.071068e-01 0.000000e+00 7.071068e-01
    outer loop
      vertex   1.334656e+02 1.163000e+03 -1.312821e+02
      vertex   1.312821e+02 1.107250e+03 -1.334656e+02
      vertex   1.334656e+02 1.107250e+03 -1.312821e+02
    endloop
  endfacet
  facet normal -6.293204e-01 0.000000e+00 7.771460e-01
    outer loop
      vertex   1.334656e+02 1.163000e+03 -1.312821e+02
      vertex   1.334656e+02 1.107250e+03 -1.312821e+02
      vertex   1.358652e+02 1.163000e+03 -1.293389e+02
    endloop
  endfacet
  facet normal -6.293204e-01 0.000000e+00 7.771460e-01
    outer loop
      vertex   1.358652e+02 1.163000e+03 -1.293389e+02
      vertex   1.334656e+02 1.107250e+03 -1.312821e+02
      vertex   1.358652e+02 1.107250e+03 -1.293389e+02
    endloop
  endfacet
  facet normal -5.446390e-01 0.000000e+00 8.386706e-01
    outer loop
      vertex   1.358652e+02 1.163000e+03 -1.293389e+02
      vertex   1.358652e+02 1.107250e+03 -1.293389e+02
      vertex   1.384549e+02 1.163000e+03 -1.276572e+02
    endloop
  endfacet
  facet normal -5.446390e-01 0.000000e+00 8.386706e-01
    outer loop
      vertex   1.384549e+02 1.163000e+03 -1.276572e+02
      vertex   1.358652e+02 1.107250e+03 -1.293389e+02
      vertex   1.384549e+02 1.107250e+03 -1.276572e+02
    endloop
  endfacet
  facet normal -4.539905e-01 0.000000e+00 8.910065e-01
    outer loop
      vertex   1.384549e+02 1.163000e+03 -1.276572e+02
      vertex   1.384549e+02 1.107250e+03 -1.276572e+02
      vertex   1.412062e+02 1.163000e+03 -1.262553e+02
    endloop
  endfacet
  facet normal -4.539905e-01 0.000000e+00 8.910065e-01
    outer loop
      vertex   1.412062e+02 1.163000e+03 -1.262553e+02
      vertex   1.384549e+02 1.107250e+03 -1.276572e+02
      vertex   1.412062e+02 1.107250e+03 -1.262553e+02
    endloop
  endfacet
  facet normal -3.583679e-01 0.000000e+00 9.335804e-01
    outer loop
      vertex   1.412062e+02 1.163000e+03 -1.262553e+02
      vertex   1.412062e+02 1.107250e+03 -1.262553e+02
      vertex   1.440889e+02 1.163000e+03 -1.251487e+02
    endloop
  endfacet
  facet normal -3.583679e-01 0.000000e+00 9.335804e-01
    outer loop
      vertex   1.440889e+02 1.163000e+03 -1.251487e+02
      vertex   1.412062e+02 1.107250e+03 -1.262553e+02
      vertex   1.440889e+02 1.107250e+03 -1.251487e+02
    endloop
  endfacet
  facet normal -2.588190e-01 0.000000e+00 9.659258e-01
    outer loop
      vertex   1.440889e+02 1.163000e+03 -1.251487e+02
      vertex   1.440889e+02 1.107250e+03 -1.251487e+02
      vertex   1.470715e+02 1.163000e+03 -1.243496e+02
    endloop
  endfacet
  facet normal -2.588190e-01 0.000000e+00 9.659258e-01
    outer loop
      vertex   1.470715e+02 1.163000e+03 -1.243496e+02
      vertex   1.440889e+02 1.107250e+03 -1.251487e+02
      vertex   1.470715e+02 1.107250e+03 -1.243496e+02
    endloop
  endfacet
  facet normal -1.564345e-01 0.000000e+00 9.876883e-01
    outer loop
      vertex   1.470715e+02 1.163000e+03 -1.243496e+02
      vertex   1.470715e+02 1.107250e+03 -1.243496e+02
      vertex   1.501213e+02 1.163000e+03 -1.238665e+02
    endloop
  endfacet
  facet normal -1.564345e-01 0.000000e+00 9.876883e-01
    outer loop
      vertex   1.501213e+02 1.163000e+03 -1.238665e+02
      vertex   1.470715e+02 1.107250e+03 -1.243496e+02
      vertex   1.501213e+02 1.107250e+03 -1.238665e+02
    endloop
  endfacet
  facet normal -5.233596e-02 0.000000e+00 9.986295e-01
    outer loop
      vertex   1.501213e+02 1.163000e+03 -1.238665e+02
      vertex   1.501213e+02 1.107250e+03 -1.238665e+02
      vertex   1.532049e+02 1.163000e+03 -1.237049e+02
    endloop
  endfacet
  facet normal -5.233596e-02 0.000000e+00 9.986295e-01
    outer loop
      vertex   1.532049e+02 1.163000e+03 -1.237049e+02
      vertex   1.501213e+02 1.107250e+03 -1.238665e+02
      vertex   1.532049e+02 1.107250e+03 -1.237049e+02
    endloop
  endfacet
  facet normal 5.233596e-02 0.000000e+00 9.986295e-01
    outer loop
      vertex   1.532049e+02 1.163000e+03 -1.237049e+02
      vertex   1.532049e+02 1.107250e+03 -1.237049e+02
      vertex   1.562885e+02 1.163000e+03 -1.238665e+02
    endloop
  endfacet
  facet normal 5.233596e-02 0.000000e+00 9.986295e-01
    outer loop
      vertex   1.562885e+02 1.163000e+03 -1.238665e+02
      vertex   1.532049e+02 1.107250e+03 -1.237049e+02
      vertex   1.562885e+02 1.107250e+03 -1.238665e+02
    endloop
  endfacet
  facet normal 1.564345e-01 0.000000e+00 9.876883e-01
    outer loop
      vertex   1.562885e+02 1.163000e+03 -1.238665e+02
      vertex   1.562885e+02 1.107250e+03 -1.238665e+02
      vertex   1.593383e+02 1.163000e+03 -1.243496e+02
    endloop
  endfacet
  facet normal 1.564345e-01 0.000000e+00 9.876883e-01
    outer loop
      vertex   1.593383e+02 1.163000e+03 -1.243496e+02
      vertex   1.562885e+02 1.107250e+03 -1.238665e+02
      vertex   1.593383e+02 1.107250e+03 -1.243496e+02
    endloop
  endfacet
  facet normal 2.588190e-01 0.000000e+00 9.659258e-01
    outer loop
      vertex   1.593383e+02 1.163000e+03 -1.243496e+02
      vertex   1.593383e+02 1.107250e+03 -1.243496e+02
      vertex   1.623209e+02 1.163000e+03 -1.251487e+02
    endloop
  endfacet
  facet normal 2.588190e-01 0.000000e+00 9.659258e-01
    outer loop
      vertex   1.623209e+02 1.163000e+03 -1.251487e+02
      vertex   1.593383e+02 1.107250e+03 -1.243496e+02
      vertex   1.623209e+02 1.107250e+03 -1.251487e+02
    endloop
  endfacet
  facet normal 3.583679e-01 0.000000e+00 9.335804e-01
    outer loop
      vertex   1.623209e+02 1.163000e+03 -1.251487e+02
      vertex   1.623209e+02 1.107250e+03 -1.251487e+02
      vertex   1.652036e+02 1.163000e+03 -1.262553e+02
    endloop
  endfacet
  facet normal 3.583679e-01 0.000000e+00 9.335804e-01
    outer loop
      vertex   1.652036e+02 1.163000e+03 -1.262553e+02
      vertex   1.623209e+02 1.107250e+03 -1.251487e+02
      vertex   1.652036e+02 1.107250e+03 -1.262553e+02
    endloop
  endfacet
  facet normal 4.539905e-01 0.000000e+00 8.910065e-01
    outer loop
      vertex   1.652036e+02 1.163000e+03 -1.262553e+02
      vertex   1.652036e+02 1.107250e+03 -1.262553e+02
      vertex   1.679549e+02 1.163000e+03 -1.276572e+02
    endloop
  endfacet
  facet normal 4.539905e-01 2.271204e-16 8.910065e-01
    outer loop
      vertex   1.679549e+02 1.163000e+03 -1.276572e+02
      vertex   1.652036e+02 1.107250e+03 -1.262553e+02
      vertex   1.679549e+02 1.107250e+03 -1.276572e+02
    endloop
  endfacet
  facet normal 5.446390e-01 2.137798e-16 8.386706e-01
    outer loop
      vertex   1.679549e+02 1.163000e+03 -1.276572e+02
      vertex   1.679549e+02 1.107250e+03 -1.276572e+02
      vertex   1.705446e+02 1.163000e+03 -1.293389e+02
    endloop
  endfacet
  facet normal 5.446390e-01 0.000000e+00 8.386706e-01
    outer loop
      vertex   1.705446e+02 1.163000e+03 -1.293389e+02
      vertex   1.679549e+02 1.107250e+03 -1.276572e+02
      vertex   1.705446e+02 1.107250e+03 -1.293389e+02
    endloop
  endfacet
  facet normal 6.293204e-01 0.000000e+00 7.771460e-01
    outer loop
      vertex   1.705446e+02 1.163000e+03 -1.293389e+02
      vertex   1.705446e+02 1.107250e+03 -1.293389e+02
      vertex   1.729443e+02 1.163000e+03 -1.312821e+02
    endloop
  endfacet
  facet normal 6.293204e-01 0.000000e+00 7.771460e-01
    outer loop
      vertex   1.729443e+02 1.163000e+03 -1.312821e+02
      vertex   1.705446e+02 1.107250e+03 -1.293389e+02
      vertex   1.729443e+02 1.107250e+03 -1.312821e+02
    endloop
  endfacet
  facet normal 7.071068e-01 0.000000e+00 7.071068e-01
    outer loop
      vertex   1.729443e+02 1.163000e+03 -1.312821e+02
      vertex   1.729443e+02 1.107250e+03 -1.312821e+02
      vertex   1.751277e+02 1.163000e+03 -1.334656e+02
    endloop
  endfacet
  facet normal 7.071068e-01 0.000000e+00 7.071068e-01
    outer loop
      vertex   1.751277e+02 1.163000e+03 -1.334656e+02
      vertex   1.729443e+02 1.107250e+03 -1.312821e+02
      vertex   1.751277e+02 1.107250e+03 -1.334656e+02
    endloop
  endfacet
  facet normal 7.771460e-01 0.000000e+00 6.293204e-01
    outer loop
      vertex   1.751277e+02 1.163000e+03 -1.334656e+02
      vertex   1.751277e+02 1.107250e+03 -1.334656e+02
      vertex   1.770709e+02 1.163000e+03 -1.358652e+02
    endloop
  endfacet
  facet normal 7.771460e-01 0.000000e+00 6.293204e-01
    outer loop
      vertex   1.770709e+02 1.163000e+03 -1.358652e+02
      vertex   1.751277e+02 1.107250e+03 -1.334656e+02
      vertex   1.770709e+02 1.107250e+03 -1.358652e+02
    endloop
  endfacet
  facet normal 8.386706e-01 0.000000e+00 5.446390e-01
    outer loop
      vertex   1.770709e+02 1.163000e+03 -1.358652e+02
      vertex   1.770709e+02 1.107250e+03 -1.358652e+02
      vertex   1.787527e+02 1.163000e+03 -1.384549e+02
    endloop
  endfacet
  facet normal 8.386706e-01 0.000000e+00 5.446390e-01
    outer loop
      vertex   1.787527e+02 1.163000e+03 -1.384549e+02
      vertex   1.770709e+02 1.107250e+03 -1.358652e+02
      vertex   1.787527e+02 1.107250e+03 -1.384549e+02
    endloop
  endfacet
  facet normal 8.910065e-01 0.000000e+00 4.539905e-01
    outer loop
      vertex   1.787527e+02 1.163000e+03 -1.384549e+02
      vertex   1.787527e+02 1.107250e+03 -1.384549e+02
      vertex   1.801545e+02 1.163000e+03 -1.412062e+02
    endloop
  endfacet
  facet normal 8.910065e-01 0.000000e+00 4.539905e-01
    outer loop
      vertex   1.801545e+02 1.163000e+03 -1.412062e+02
      vertex   1.787527e+02 1.107250e+03 -1.384549e+02
      vertex   1.801545e+02 1.107250e+03 -1.412062e+02
    endloop
  endfacet
  facet normal 9.335804e-01 0.000000e+00 3.583679e-01
    outer loop
      vertex   1.801545e+02 1.163000e+03 -1.412062e+02
      vertex   1.801545e+02 1.107250e+03 -1.412062e+02
      vertex   1.812611e+02 1.163000e+03 -1.440889e+02
    endloop
  endfacet
  facet normal 9.335804e-01 0.000000e+00 3.583679e-01
    outer loop
      vertex   1.812611e+02 1.163000e+03 -1.440889e+02
      vertex   1.801545e+02 1.107250e+03 -1.412062e+02
      vertex   1.812611e+02 1.107250e+03 -1.440889e+02
    endloop
  endfacet
  facet normal 9.659258e-01 0.000000e+00 2.588190e-01
    outer loop
      vertex   1.812611e+02 1.163000e+03 -1.440889e+02
      vertex   1.812611e+02 1.107250e+03 -1.440889e+02
      vertex   1.820603e+02 1.163000e+03 -1.470715e+02
    endloop
  endfacet
  facet normal 9.659258e-01 0.000000e+00 2.588190e-01
    outer loop
      vertex   1.820603e+02 1.163000e+03 -1.470715e+02
      vertex   1.812611e+02 1.107250e+03 -1.440889e+02
      vertex   1.820603e+02 1.107250e+03 -1.470715e+02
    endloop
  endfacet
  facet normal 9.876883e-01 0.000000e+00 1.564345e-01
    outer loop
      vertex   1.820603e+02 1.163000e+03 -1.470715e+02
      vertex   1.820603e+02 1.107250e+03 -1.470715e+02
      vertex   1.825433e+02 1.163000e+03 -1.501213e+02
    endloop
  endfacet
  facet normal 9.876883e-01 0.000000e+00 1.564345e-01
    outer loop
      vertex   1.825433e+02 1.163000e+03 -1.501213e+02
      vertex   1.820603e+02 1.107250e+03 -1.470715e+02
      vertex   1.825433e+02 1.107250e+03 -1.501213e+02
    endloop
  endfacet
  facet normal 9.986295e-01 0.000000e+00 5.233596e-02
    outer loop
      vertex   1.825433e+02 1.163000e+03 -1.501213e+02
      vertex   1.825433e+02 1.107250e+03 -1.501213e+02
      vertex   1.827049e+02 1.163000e+03 -1.532049e+02
    endloop
  endfacet
  facet normal 9.986295e-01 0.000000e+00 5.233596e-02
    outer loop
      vertex   1.827049e+02 1.163000e+03 -1.532049e+02
      vertex   1.825433e+02 1.107250e+03 -1.501213e+02
      vertex   1.827049e+02 1.107250e+03 -1.532049e+02
    endloop
  endfacet
  facet normal 9.986295e-01 0.000000e+00 -5.233596e-02
    outer loop
      vertex   1.827049e+02 1.163000e+03 -1.532049e+02
      vertex   1.827049e+02 1.107250e+03 -1.532049e+02
      vertex   1.825433e+02 1.163000e+03 -1.562885e+02
    endloop
  endfacet
  facet normal 9.986295e-01 0.000000e+00 -5.233596e-02
    outer loop
      vertex   1.825433e+02 1.163000e+03 -1.562885e+02
      vertex   1.827049e+02 1.107250e+03 -1.532049e+02
      vertex   1.825433e+02 1.107250e+03 -1.562885e+02
    endloop
  endfacet
  facet normal 9.876883e-01 0.000000e+00 -1.564345e-01
    outer loop
      vertex   1.825433e+02 1.163000e+03 -1.562885e+02
      vertex   1.825433e+02 1.107250e+03 -1.562885e+02
      vertex   1.820603e+02 1.163000e+03 -1.593383e+02
    endloop
  endfacet
  facet normal 9.876883e-01 0.000000e+00 -1.564345e-01
    outer loop
      vertex   1.820603e+02 1.163000e+03 -1.593383e+02
      vertex   1.825433e+02 1.107250e+03 -1.562885e+02
      vertex   1.820603e+02 1.107250e+03 -1.593383e+02
    endloop
  endfacet
  facet normal 9.659258e-01 0.000000e+00 -2.588190e-01
    outer loop
      vertex   1.820603e+02 1.163000e+03 -1.593383e+02
      vertex   1.820603e+02 1.107250e+03 -1.593383e+02
      vertex   1.812611e+02 1.163000e+03 -1.623209e+02
    endloop
  endfacet
  facet normal 9.659258e-01 0.000000e+00 -2.588190e-01
    outer loop
      vertex   1.812611e+02 1.163000e+03 -1.623209e+02
      vertex   1.820603e+02 1.107250e+03 -1.593383e+02
      vertex   1.812611e+02 1.107250e+03 -1.623209e+02
    endloop
  endfacet
  facet normal 9.335804e-01 0.000000e+00 -3.583679e-01
    outer loop
      vertex   1.812611e+02 1.163000e+03 -1.623209e+02
      vertex   1.812611e+02 1.107250e+03 -1.623209e+02
      vertex   1.801545e+02 1.163000e+03 -1.652036e+02
    endloop
  endfacet
  facet normal 9.335804e-01 0.000000e+00 -3.583679e-01
    outer loop
      vertex   1.801545e+02 1.163000e+03 -1.652036e+02
      vertex   1.812611e+02 1.107250e+03 -1.623209e+02
      vertex   1.801545e+02 1.107250e+03 -1.652036e+02
    endloop
  endfacet
  facet normal 8.910065e-01 0.000000e+00 -4.539905e-01
    outer loop
      vertex   1.801545e+02 1.163000e+03 -1.652036e+02
      vertex   1.801545e+02 1.107250e+03 -1.652036e+02
      vertex   1.787527e+02 1.163000e+03 -1.679549e+02
    endloop
  endfacet
  facet normal 8.910065e-01 0.000000e+00 -4.539905e-01
    outer loop
      vertex   1.787527e+02 1.163000e+03 -1.679549e+02
      vertex   1.801545e+02 1.107250e+03 -1.652036e+02
      vertex   1.787527e+02 1.107250e+03 -1.679549e+02
    endloop
  endfacet
  facet normal 8.386706e-01 0.000000e+00 -5.446390e-01
    outer loop
      vertex   1.787527e+02 1.163000e+03 -1.679549e+02
      vertex   1.787527e+02 1.107250e+03 -1.679549e+02
      vertex   1.770709e+02 1.163000e+03 -1.705446e+02
    endloop
  endfacet
  facet normal 8.386706e-01 0.000000e+00 -5.446390e-01
    outer loop
      vertex   1.770709e+02 1.163000e+03 -1.705446e+02
      vertex   1.787527e+02 1.107250e+03 -1.679549e+02
      vertex   1.770709e+02 1.107250e+03 -1.705446e+02
    endloop
  endfacet
  facet normal 7.771460e-01 0.000000e+00 -6.293204e-01
    outer loop
      vertex   1.770709e+02 1.163000e+03 -1.705446e+02
      vertex   1.770709e+02 1.107250e+03 -1.705446e+02
      vertex   1.751277e+02 1.163000e+03 -1.729443e+02
    endloop
  endfacet
  facet normal 7.771460e-01 0.000000e+00 -6.293204e-01
    outer loop
      vertex   1.751277e+02 1.163000e+03 -1.729443e+02
      vertex   1.770709e+02 1.107250e+03 -1.705446e+02
      vertex   1.751277e+02 1.107250e+03 -1.729443e+02
    endloop
  endfacet
  facet normal 7.071068e-01 0.000000e+00 -7.071068e-01
    outer loop
      vertex   1.751277e+02 1.163000e+03 -1.729443e+02
      vertex   1.751277e+02 1.107250e+03 -1.729443e+02
      vertex   1.729443e+02 1.163000e+03 -1.751277e+02
    endloop
  endfacet
  facet normal 7.071068e-01 0.000000e+00 -7.071068e-01
    outer loop
      vertex   1.729443e+02 1.163000e+03 -1.751277e+02
      vertex   1.751277e+02 1.107250e+03 -1.729443e+02
      vertex   1.729443e+02 1.107250e+03 -1.751277e+02
    endloop
  endfacet
  facet normal 6.293204e-01 0.000000e+00 -7.771460e-01
    outer loop
      vertex   1.729443e+02 1.163000e+03 -1.751277e+02
      vertex   1.729443e+02 1.107250e+03 -1.751277e+02
      vertex   1.705446e+02 1.163000e+03 -1.770709e+02
    endloop
  endfacet
  facet normal 6.293204e-01 0.000000e+00 -7.771460e-01
    outer loop
      vertex   1.705446e+02 1.163000e+03 -1.770709e+02
      vertex   1.729443e+02 1.107250e+03 -1.751277e+02
      vertex   1.705446e+02 1.107250e+03 -1.770709e+02
    endloop
  endfacet
  facet normal 5.446390e-01 0.000000e+00 -8.386706e-01
    outer loop
      vertex   1.705446e+02 1.163000e+03 -1.770709e+02
      vertex   1.705446e+02 1.107250e+03 -1.770709e+02
      vertex   1.679549e+02 1.163000e+03 -1.787527e+02
    endloop
  endfacet
  facet normal 5.446390e-01 0.000000e+00 -8.386706e-01
    outer loop
      vertex   1.679549e+02 1.163000e+03 -1.787527e+02
      vertex   1.705446e+02 1.107250e+03 -1.770709e+02
      vertex   1.679549e+02 1.107250e+03 -1.787527e+02
    endloop
  endfacet
  facet normal 4.539905e-01 0.000000e+00 -8.910065e-01
    outer loop
      vertex   1.679549e+02 1.163000e+03 -1.787527e+02
      vertex   1.679549e+02 1.107250e+03 -1.787527e+02
      vertex   1.652036e+02 1.163000e+03 -1.801545e+02
    endloop
  endfacet
  facet normal 4.539905e-01 0.000000e+00 -8.910065e-01
    outer loop
      vertex   1.652036e+02 1.163000e+03 -1.801545e+02
      vertex   1.679549e+02 1.107250e+03 -1.787527e+02
      vertex   1.652036e+02 1.107250e+03 -1.801545e+02
    endloop
  endfacet
  facet normal 3.583679e-01 0.000000e+00 -9.335804e-01
    outer loop
      vertex   1.652036e+02 1.163000e+03 -1.801545e+02
      vertex   1.652036e+02 1.107250e+03 -1.801545e+02
      vertex   1.623209e+02 1.163000e+03 -1.812611e+02
    endloop
  endfacet
  facet normal 3.583679e-01 0.000000e+00 -9.335804e-01
    outer loop
      vertex   1.623209e+02 1.163000e+03 -1.812611e+02
      vertex   1.652036e+02 1.107250e+03 -1.801545e+02
      vertex   1.623209e+02 1.107250e+03 -1.812611e+02
    endloop
  endfacet
  facet normal 2.588190e-01 0.000000e+00 -9.659258e-01
    outer loop
      vertex   1.623209e+02 1.163000e+03 -1.812611e+02
      vertex   1.623209e+02 1.107250e+03 -1.812611e+02
      vertex   1.593383e+02 1.163000e+03 -1.820603e+02
    endloop
  endfacet
  facet normal 2.588190e-01 0.000000e+00 -9.659258e-01
    outer loop
      vertex   1.593383e+02 1.163000e+03 -1.820603e+02
      vertex   1.623209e+02 1.107250e+03 -1.812611e+02
      vertex   1.593383e+02 1.107250e+03 -1.820603e+02
    endloop
  endfacet
  facet normal 1.564345e-01 0.000000e+00 -9.876883e-01
    outer loop
      vertex   1.593383e+02 1.163000e+03 -1.820603e+02
      vertex   1.593383e+02 1.107250e+03 -1.820603e+02
      vertex   1.562885e+02 1.163000e+03 -1.825433e+02
    endloop
  endfacet
  facet normal 1.564345e-01 0.000000e+00 -9.876883e-01
    outer loop
      vertex   1.562885e+02 1.163000e+03 -1.825433e+02
      vertex   1.593383e+02 1.107250e+03 -1.820603e+02
      vertex   1.562885e+02 1.107250e+03 -1.825433e+02
    endloop
  endfacet
  facet normal 5.233596e-02 0.000000e+00 -9.986295e-01
    outer loop
      vertex   1.562885e+02 1.163000e+03 -1.825433e+02
      vertex   1.562885e+02 1.107250e+03 -1.825433e+02
      vertex   1.532049e+02 1.163000e+03 -1.827049e+02
    endloop
  endfacet
  facet normal 5.233596e-02 0.000000e+00 -9.986295e-01
    outer loop
      vertex   1.532049e+02 1.163000e+03 -1.827049e+02
      vertex   1.562885e+02 1.107250e+03 -1.825433e+02
      vertex   1.532049e+02 1.107250e+03 -1.827049e+02
    endloop
  endfacet
  facet normal -5.233596e-02 -0.000000e+00 -9.986295e-01
    outer loop
      vertex   1.532049e+02 1.163000e+03 -1.827049e+02
      vertex   1.532049e+02 1.107250e+03 -1.827049e+02
      vertex   1.501213e+02 1.163000e+03 -1.825433e+02
    endloop
  endfacet
  facet normal -5.233596e-02 -0.000000e+00 -9.986295e-01
    outer loop
      vertex   1.501213e+02 1.163000e+03 -1.825433e+02
      vertex   1.532049e+02 1.107250e+03 -1.827049e+02
      vertex   1.501213e+02 1.107250e+03 -1.825433e+02
    endloop
  endfacet
  facet normal -1.564345e-01 -0.000000e+00 -9.876883e-01
    outer loop
      vertex   1.501213e+02 1.163000e+03 -1.825433e+02
      vertex   1.501213e+02 1.107250e+03 -1.825433e+02
      vertex   1.470715e+02 1.163000e+03 -1.820603e+02
    endloop
  endfacet
  facet normal -1.564345e-01 -0.000000e+00 -9.876883e-01
    outer loop
      vertex   1.470715e+02 1.163000e+03 -1.820603e+02
      vertex   1.501213e+02 1.107250e+03 -1.825433e+02
      vertex   1.470715e+02 1.107250e+03 -1.820603e+02
    endloop
  endfacet
  facet normal -2.588190e-01 -0.000000e+00 -9.659258e-01
    outer loop
      vertex   1.470715e+02 1.163000e+03 -1.820603e+02
      vertex   1.470715e+02 1.107250e+03 -1.820603e+02
      vertex   1.440889e+02 1.163000e+03 -1.812611e+02
    endloop
  endfacet
  facet normal -2.588190e-01 -0.000000e+00 -9.659258e-01
    outer loop
      vertex   1.440889e+02 1.163000e+03 -1.812611e+02
      vertex   1.470715e+02 1.107250e+03 -1.820603e+02
      vertex   1.440889e+02 1.107250e+03 -1.812611e+02
    endloop
  endfacet
  facet normal -3.583679e-01 -0.000000e+00 -9.335804e-01
    outer loop
      vertex   1.440889e+02 1.163000e+03 -1.812611e+02
      vertex   1.440889e+02 1.107250e+03 -1.812611e+02
      vertex   1.412062e+02 1.163000e+03 -1.801545e+02
    endloop
  endfacet
  facet normal -3.583679e-01 -0.000000e+00 -9.335804e-01
    outer loop
      vertex   1.412062e+02 1.163000e+03 -1.801545e+02
      vertex   1.440889e+02 1.107250e+03 -1.812611e+02
      vertex   1.412062e+02 1.107250e+03 -1.801545e+02
    endloop
  endfacet
  facet normal -4.539905e-01 -0.000000e+00 -8.910065e-01
    outer loop
      vertex   1.412062e+02 1.163000e+03 -1.801545e+02
      vertex   1.412062e+02 1.107250e+03 -1.801545e+02
      vertex   1.384549e+02 1.163000e+03 -1.787527e+02
    endloop
  endfacet
  facet normal -4.539905e-01 -0.000000e+00 -8.910065e-01
    outer loop
      vertex   1.384549e+02 1.163000e+03 -1.787527e+02
      vertex   1.412062e+02 1.107250e+03 -1.801545e+02
      vertex   1.384549e+02 1.107250e+03 -1.787527e+02
    endloop
  endfacet
  facet normal -5.446390e-01 -0.000000e+00 -8.386706e-01
    outer loop
      vertex   1.384549e+02 1.163000e+03 -1.787527e+02
      vertex   1.384549e+02 1.107250e+03 -1.787527e+02
      vertex   1.358652e+02 1.163000e+03 -1.770709e+02
    endloop
  endfacet
  facet normal -5.446390e-01 2.776605e-16 -8.386706e-01
    outer loop
      vertex   1.358652e+02 1.163000e+03 -1.770709e+02
      vertex   1.384549e+02 1.107250e+03 -1.787527e+02
      vertex   1.358652e+02 1.107250e+03 -1.770709e+02
    endloop
  endfacet
  facet normal -6.293204e-01 3.208316e-16 -7.771460e-01
    outer loop
      vertex   1.358652e+02 1.163000e+03 -1.770709e+02
      vertex   1.358652e+02 1.107250e+03 -1.770709e+02
      vertex   1.334656e+02 1.163000e+03 -1.751277e+02
    endloop
  endfacet
  facet normal -6.293204e-01 -0.000000e+00 -7.771460e-01
    outer loop
      vertex   1.334656e+02 1.163000e+03 -1.751277e+02
      vertex   1.358652e+02 1.107250e+03 -1.770709e+02
      vertex   1.334656e+02 1.107250e+03 -1.751277e+02
    endloop
  endfacet
  facet normal -7.071068e-01 -0.000000e+00 -7.071068e-01
    outer loop
      vertex   1.334656e+02 1.163000e+03 -1.751277e+02
      vertex   1.334656e+02 1.107250e+03 -1.751277e+02
      vertex   1.312821e+02 1.163000e+03 -1.729443e+02
    endloop
  endfacet
  facet normal -7.071068e-01 -0.000000e+00 -7.071068e-01
    outer loop
      vertex   1.312821e+02 1.163000e+03 -1.729443e+02
      vertex   1.334656e+02 1.107250e+03 -1.751277e+02
      vertex   1.312821e+02 1.107250e+03 -1.729443e+02
    endloop
  endfacet
  facet normal -7.771460e-01 -0.000000e+00 -6.293204e-01
    outer loop
      vertex   1.312821e+02 1.163000e+03 -1.729443e+02
      vertex   1.312821e+02 1.107250e+03 -1.729443e+02
      vertex   1.293389e+02 1.163000e+03 -1.705446e+02
    endloop
  endfacet
  facet normal -7.771460e-01 -0.000000e+00 -6.293204e-01
    outer loop
      vertex   1.293389e+02 1.163000e+03 -1.705446e+02
      vertex   1.312821e+02 1.107250e+03 -1.729443e+02
      vertex   1.293389e+02 1.107250e+03 -1.705446e+02
    endloop
  endfacet
  facet normal -8.386706e-01 -0.000000e+00 -5.446390e-01
    outer loop
      vertex   1.293389e+02 1.163000e+03 -1.705446e+02
      vertex   1.293389e+02 1.107250e+03 -1.705446e+02
      vertex   1.276572e+02 1.163000e+03 -1.679549e+02
    endloop
  endfacet
  facet normal -8.386706e-01 4.275597e-16 -5.446390e-01
    outer loop
      vertex   1.276572e+02 1.163000e+03 -1.679549e+02
      vertex   1.293389e+02 1.107250e+03 -1.705446e+02
      vertex   1.276572e+02 1.107250e+03 -1.679549e+02
    endloop
  endfacet
  facet normal -8.910065e-01 4.542409e-16 -4.539905e-01
    outer loop
      vertex   1.276572e+02 1.163000e+03 -1.679549e+02
      vertex   1.276572e+02 1.107250e+03 -1.679549e+02
      vertex   1.262553e+02 1.163000e+03 -1.652036e+02
    endloop
  endfacet
  facet normal -8.910065e-01 -0.000000e+00 -4.539905e-01
    outer loop
      vertex   1.262553e+02 1.163000e+03 -1.652036e+02
      vertex   1.276572e+02 1.107250e+03 -1.679549e+02
      vertex   1.262553e+02 1.107250e+03 -1.652036e+02
    endloop
  endfacet
  facet normal -9.335804e-01 -0.000000e+00 -3.583679e-01
    outer loop
      vertex   1.262553e+02 1.163000e+03 -1.652036e+02
      vertex   1.262553e+02 1.107250e+03 -1.652036e+02
      vertex   1.251487e+02 1.163000e+03 -1.623209e+02
    endloop
  endfacet
  facet normal -9.335804e-01 -0.000000e+00 -3.583679e-01
    outer loop
      vertex   1.251487e+02 1.163000e+03 -1.623209e+02
      vertex   1.262553e+02 1.107250e+03 -1.652036e+02
      vertex   1.251487e+02 1.107250e+03 -1.623209e+02
    endloop
  endfacet
  facet normal -9.659258e-01 -0.000000e+00 -2.588190e-01
    outer loop
      vertex   1.251487e+02 1.163000e+03 -1.623209e+02
      vertex   1.251487e+02 1.107250e+03 -1.623209e+02
      vertex   1.243496e+02 1.163000e+03 -1.593383e+02
    endloop
  endfacet
  facet normal -9.659258e-01 -0.000000e+00 -2.588190e-01
    outer loop
      vertex   1.243496e+02 1.163000e+03 -1.593383e+02
      vertex   1.251487e+02 1.107250e+03 -1.623209e+02
      vertex   1.243496e+02 1.107250e+03 -1.593383e+02
    endloop
  endfacet
  facet normal -9.876883e-01 -0.000000e+00 -1.564345e-01
    outer loop
      vertex   1.243496e+02 1.163000e+03 -1.593383e+02
      vertex   1.243496e+02 1.107250e+03 -1.593383e+02
      vertex   1.238665e+02 1.163000e+03 -1.562885e+02
    endloop
  endfacet
  facet normal -9.876883e-01 -0.000000e+00 -1.564345e-01
    outer loop
      vertex   1.238665e+02 1.163000e+03 -1.562885e+02
      vertex   1.243496e+02 1.107250e+03 -1.593383e+02
      vertex   1.238665e+02 1.107250e+03 -1.562885e+02
    endloop
  endfacet
  facet normal -9.986295e-01 0.000000e+00 5.233596e-02
    outer loop
      vertex   1.238665e+02 9.400000e+02 -1.501213e+02
      vertex   1.238665e+02 9.957500e+02 -1.501213e+02
      vertex   1.237049e+02 9.400000e+02 -1.532049e+02
    endloop
  endfacet
  facet normal -9.986295e-01 0.000000e+00 5.233596e-02
    outer loop
      vertex   1.237049e+02 9.400000e+02 -1.532049e+02
      vertex   1.238665e+02 9.957500e+02 -1.501213e+02
      vertex   1.237049e+02 9.957500e+02 -1.532049e+02
    endloop
  endfacet
  facet normal -9.986295e-01 0.000000e+00 -5.233596e-02
    outer loop
      vertex   1.237049e+02 9.400000e+02 -1.532049e+02
      vertex   1.237049e+02 9.957500e+02 -1.532049e+02
      vertex   1.238665e+02 9.400000e+02 -1.562885e+02
    endloop
  endfacet
  facet normal -9.986295e-01 0.000000e+00 -5.233596e-02
    outer loop
      vertex   1.238665e+02 9.400000e+02 -1.562885e+02
      vertex   1.237049e+02 9.957500e+02 -1.532049e+02
      vertex   1.238665e+02 9.957500e+02 -1.562885e+02
    endloop
  endfacet
  facet normal -9.876883e-01 0.000000e+00 -1.564345e-01
    outer loop
      vertex   1.238665e+02 9.400000e+02 -1.562885e+02
      vertex   1.238665e+02 9.957500e+02 -1.562885e+02
      vertex   1.243496e+02 9.400000e+02 -1.593383e+02
    endloop
  endfacet
  facet normal -9.876883e-01 0.000000e+00 -1.564345e-01
    outer loop
      vertex   1.243496e+02 9.400000e+02 -1.593383e+02
      vertex   1.238665e+02 9.957500e+02 -1.562885e+02
      vertex   1.243496e+02 9.957500e+02 -1.593383e+02
    endloop
  endfacet
  facet normal -9.659258e-01 0.000000e+00 -2.588190e-01
    outer loop
      vertex   1.243496e+02 9.400000e+02 -1.593383e+02
      vertex   1.243496e+02 9.957500e+02 -1.593383e+02
      vertex   1.251487e+02 9.400000e+02 -1.623209e+02
    endloop
  endfacet
  facet normal -9.659258e-01 0.000000e+00 -2.588190e-01
    outer loop
      vertex   1.251487e+02 9.400000e+02 -1.623209e+02
      vertex   1.243496e+02 9.957500e+02 -1.593383e+02
      vertex   1.251487e+02 9.957500e+02 -1.623209e+02
    endloop
  endfacet
  facet normal -9.335804e-01 0.000000e+00 -3.583679e-01
    outer loop
      vertex   1.251487e+02 9.400000e+02 -1.623209e+02
      vertex   1.251487e+02 9.957500e+02 -1.623209e+02
      vertex   1.262553e+02 9.400000e+02 -1.652036e+02
    endloop
  endfacet
  facet normal -9.335804e-01 0.000000e+00 -3.583679e-01
    outer loop
      vertex   1.262553e+02 9.400000e+02 -1.652036e+02
      vertex   1.251487e+02 9.957500e+02 -1.623209e+02
      vertex   1.262553e+02 9.957500e+02 -1.652036e+02
    endloop
  endfacet
  facet normal -8.910065e-01 0.000000e+00 -4.539905e-01
    outer loop
      vertex   1.262553e+02 9.400000e+02 -1.652036e+02
      vertex   1.262553e+02 9.957500e+02 -1.652036e+02
      vertex   1.276572e+02 9.400000e+02 -1.679549e+02
    endloop
  endfacet
  facet normal -8.910065e-01 -4.542409e-16 -4.539905e-01
    outer loop
      vertex   1.276572e+02 9.400000e+02 -1.679549e+02
      vertex   1.262553e+02 9.957500e+02 -1.652036e+02
      vertex   1.276572e+02 9.957500e+02 -1.679549e+02
    endloop
  endfacet
  facet normal -8.386706e-01 -4.275597e-16 -5.446390e-01
    outer loop
      vertex   1.276572e+02 9.400000e+02 -1.679549e+02
      vertex   1.276572e+02 9.957500e+02 -1.679549e+02
      vertex   1.293389e+02 9.400000e+02 -1.705446e+02
    endloop
  endfacet
  facet normal -8.386706e-01 0.000000e+00 -5.446390e-01
    outer loop
      vertex   1.293389e+02 9.400000e+02 -1.705446e+02
      vertex   1.276572e+02 9.957500e+02 -1.679549e+02
      vertex   1.293389e+02 9.957500e+02 -1.705446e+02
    endloop
  endfacet
  facet normal -7.771460e-01 0.000000e+00 -6.293204e-01
    outer loop
      vertex   1.293389e+02 9.400000e+02 -1.705446e+02
      vertex   1.293389e+02 9.957500e+02 -1.705446e+02
      vertex   1.312821e+02 9.400000e+02 -1.729443e+02
    endloop
  endfacet
  facet normal -7.771460e-01 0.000000e+00 -6.293204e-01
    outer loop
      vertex   1.312821e+02 9.400000e+02 -1.729443e+02
      vertex   1.293389e+02 9.957500e+02 -1.705446e+02
      vertex   1.312821e+02 9.957500e+02 -1.729443e+02
    endloop
  endfacet
  facet normal -7.071068e-01 0.000000e+00 -7.071068e-01
    outer loop
      vertex   1.312821e+02 9.400000e+02 -1.729443e+02
      vertex   1.312821e+02 9.957500e+02 -1.729443e+02
      vertex   1.334656e+02 9.400000e+02 -1.751277e+02
    endloop
  endfacet
  facet normal -7.071068e-01 0.000000e+00 -7.071068e-01
    outer loop
      vertex   1.334656e+02 9.400000e+02 -1.751277e+02
      vertex   1.312821e+02 9.957500e+02 -1.729443e+02
      vertex   1.334656e+02 9.957500e+02 -1.751277e+02
    endloop
  endfacet
  facet normal -6.293204e-01 0.000000e+00 -7.771460e-01
    outer loop
      vertex   1.334656e+02 9.400000e+02 -1.751277e+02
      vertex   1.334656e+02 9.957500e+02 -1.751277e+02
      vertex   1.358652e+02 9.400000e+02 -1.770709e+02
    endloop
  endfacet
  facet normal -6.293204e-01 -3.208316e-16 -7.771460e-01
    outer loop
      vertex   1.358652e+02 9.400000e+02 -1.770709e+02
      vertex   1.334656e+02 9.957500e+02 -1.751277e+02
      vertex   1.358652e+02 9.957500e+02 -1.770709e+02
    endloop
  endfacet
  facet normal -5.446390e-01 -2.776605e-16 -8.386706e-01
    outer loop
      vertex   1.358652e+02 9.400000e+02 -1.770709e+02
      vertex   1.358652e+02 9.957500e+02 -1.770709e+02
      vertex   1.384549e+02 9.400000e+02 -1.787527e+02
    endloop
  endfacet
  facet normal -5.446390e-01 0.000000e+00 -8.386706e-01
    outer loop
      vertex   1.384549e+02 9.400000e+02 -1.787527e+02
      vertex   1.358652e+02 9.957500e+02 -1.770709e+02
      vertex   1.384549e+02 9.957500e+02 -1.787527e+02
    endloop
  endfacet
  facet normal -4.539905e-01 0.000000e+00 -8.910065e-01
    outer loop
      vertex   1.384549e+02 9.400000e+02 -1.787527e+02
      vertex   1.384549e+02 9.957500e+02 -1.787527e+02
      vertex   1.412062e+02 9.400000e+02 -1.801545e+02
    endloop
  endfacet
  facet normal -4.539905e-01 0.000000e+00 -8.910065e-01
    outer loop
      vertex   1.412062e+02 9.400000e+02 -1.801545e+02
      vertex   1.384549e+02 9.957500e+02 -1.787527e+02
      vertex   1.412062e+02 9.957500e+02 -1.801545e+02
    endloop
  endfacet
  facet normal -3.583679e-01 0.000000e+00 -9.335804e-01
    outer loop
      vertex   1.412062e+02 9.400000e+02 -1.801545e+02
      vertex   1.412062e+02 9.957500e+02 -1.801545e+02
      vertex   1.440889e+02 9.400000e+02 -1.812611e+02
    endloop
  endfacet
  facet normal -3.583679e-01 0.000000e+00 -9.335804e-01
    outer loop
      vertex   1.440889e+02 9.400000e+02 -1.812611e+02
      vertex   1.412062e+02 9.957500e+02 -1.801545e+02
      vertex   1.440889e+02 9.957500e+02 -1.812611e+02
    endloop
  endfacet
  facet normal -2.588190e-01 0.000000e+00 -9.659258e-01
    outer loop
      vertex   1.440889e+02 9.400000e+02 -1.812611e+02
      vertex   1.440889e+02 9.957500e+02 -1.812611e+02
      vertex   1.470715e+02 9.400000e+02 -1.820603e+02
    endloop
  endfacet
  facet normal -2.588190e-01 0.000000e+00 -9.659258e-01
    outer loop
      vertex   1.470715e+02 9.400000e+02 -1.820603e+02
      vertex   1.440889e+02 9.957500e+02 -1.812611e+02
      vertex   1.470715e+02 9.957500e+02 -1.820603e+02
    endloop
  endfacet
  facet normal -1.564345e-01 0.000000e+00 -9.876883e-01
    outer loop
      vertex   1.470715e+02 9.400000e+02 -1.820603e+02
      vertex   1.470715e+02 9.957500e+02 -1.820603e+02
      vertex   1.501213e+02 9.400000e+02 -1.825433e+02
    endloop
  endfacet
  facet normal -1.564345e-01 0.000000e+00 -9.876883e-01
    outer loop
      vertex   1.501213e+02 9.400000e+02 -1.825433e+02
      vertex   1.470715e+02 9.957500e+02 -1.820603e+02
      vertex   1.501213e+02 9.957500e+02 -1.825433e+02
    endloop
  endfacet
  facet normal -5.233596e-02 0.000000e+00 -9.986295e-01
    outer loop
      vertex   1.501213e+02 9.400000e+02 -1.825433e+02
      vertex   1.501213e+02 9.957500e+02 -1.825433e+02
      vertex   1.532049e+02 9.400000e+02 -1.827049e+02
    endloop
  endfacet
  facet normal -5.233596e-02 0.000000e+00 -9.986295e-01
    outer loop
      vertex   1.532049e+02 9.400000e+02 -1.827049e+02
      vertex   1.501213e+02 9.957500e+02 -1.825433e+02
      vertex   1.532049e+02 9.957500e+02 -1.827049e+02
    endloop
  endfacet
  facet normal 5.233596e-02 0.000000e+00 -9.986295e-01
    outer loop
      vertex   1.532049e+02 9.400000e+02 -1.827049e+02
      vertex   1.532049e+02 9.957500e+02 -1.827049e+02
      vertex   1.562885e+02 9.400000e+02 -1.825433e+02
    endloop
  endfacet
  facet normal 5.233596e-02 0.000000e+00 -9.986295e-01
    outer loop
      vertex   1.562885e+02 9.400000e+02 -1.825433e+02
      vertex   1.532049e+02 9.957500e+02 -1.827049e+02
      vertex   1.562885e+02 9.957500e+02 -1.825433e+02
    endloop
  endfacet
  facet normal 1.564345e-01 0.000000e+00 -9.876883e-01
    outer loop
      vertex   1.562885e+02 9.400000e+02 -1.825433e+02
      vertex   1.562885e+02 9.957500e+02 -1.825433e+02
      vertex   1.593383e+02 9.400000e+02 -1.820603e+02
    endloop
  endfacet
  facet normal 1.564345e-01 0.000000e+00 -9.876883e-01
    outer loop
      vertex   1.593383e+02 9.400000e+02 -1.820603e+02
      vertex   1.562885e+02 9.957500e+02 -1.825433e+02
      vertex   1.593383e+02 9.957500e+02 -1.820603e+02
    endloop
  endfacet
  facet normal 2.588190e-01 0.000000e+00 -9.659258e-01
    outer loop
      vertex   1.593383e+02 9.400000e+02 -1.820603e+02
      vertex   1.593383e+02 9.957500e+02 -1.820603e+02
      vertex   1.623209e+02 9.400000e+02 -1.812611e+02
    endloop
  endfacet
  facet normal 2.588190e-01 0.000000e+00 -9.659258e-01
    outer loop
      vertex   1.623209e+02 9.400000e+02 -1.812611e+02
      vertex   1.593383e+02 9.957500e+02 -1.820603e+02
      vertex   1.623209e+02 9.957500e+02 -1.812611e+02
    endloop
  endfacet
  facet normal 3.583679e-01 0.000000e+00 -9.335804e-01
    outer loop
      vertex   1.623209e+02 9.400000e+02 -1.812611e+02
      vertex   1.623209e+02 9.957500e+02 -1.812611e+02
      vertex   1.652036e+02 9.400000e+02 -1.801545e+02
    endloop
  endfacet
  facet normal 3.583679e-01 0.000000e+00 -9.335804e-01
    outer loop
      vertex   1.652036e+02 9.400000e+02 -1.801545e+02
      vertex   1.623209e+02 9.957500e+02 -1.812611e+02
      vertex   1.652036e+02 9.957500e+02 -1.801545e+02
    endloop
  endfacet
  facet normal 4.539905e-01 0.000000e+00 -8.910065e-01
    outer loop
      vertex   1.652036e+02 9.400000e+02 -1.801545e+02
      vertex   1.652036e+02 9.957500e+02 -1.801545e+02
      vertex   1.679549e+02 9.400000e+02 -1.787527e+02
    endloop
  endfacet
  facet normal 4.539905e-01 0.000000e+00 -8.910065e-01
    outer loop
      vertex   1.679549e+02 9.400000e+02 -1.787527e+02
      vertex   1.652036e+02 9.957500e+02 -1.801545e+02
      vertex   1.679549e+02 9.957500e+02 -1.787527e+02
    endloop
  endfacet
  facet normal 5.446390e-01 0.000000e+00 -8.386706e-01
    outer loop
      vertex   1.679549e+02 9.400000e+02 -1.787527e+02
      vertex   1.679549e+02 9.957500e+02 -1.787527e+02
      vertex   1.705446e+02 9.400000e+02 -1.770709e+02
    endloop
  endfacet
  facet normal 5.446390e-01 0.000000e+00 -8.386706e-01
    outer loop
      vertex   1.705446e+02 9.400000e+02 -1.770709e+02
      vertex   1.679549e+02 9.957500e+02 -1.787527e+02
      vertex   1.705446e+02 9.957500e+02 -1.770709e+02
    endloop
  endfacet
  facet normal 6.293204e-01 0.000000e+00 -7.771460e-01
    outer loop
      vertex   1.705446e+02 9.400000e+02 -1.770709e+02
      vertex   1.705446e+02 9.957500e+02 -1.770709e+02
      vertex   1.729443e+02 9.400000e+02 -1.751277e+02
    endloop
  endfacet
  facet normal 6.293204e-01 0.000000e+00 -7.771460e-01
    outer loop
      vertex   1.729443e+02 9.400000e+02 -1.751277e+02
      vertex   1.705446e+02 9.957500e+02 -1.770709e+02
      vertex   1.729443e+02 9.957500e+02 -1.751277e+02
    endloop
  endfacet
  facet normal 7.071068e-01 0.000000e+00 -7.071068e-01
    outer loop
      vertex   1.729443e+02 9.400000e+02 -1.751277e+02
      vertex   1.729443e+02 9.957500e+02 -1.751277e+02
      vertex   1.751277e+02 9.400000e+02 -1.729443e+02
    endloop
  endfacet
  facet normal 7.071068e-01 0.000000e+00 -7.071068e-01
    outer loop
      vertex   1.751277e+02 9.400000e+02 -1.729443e+02
      vertex   1.729443e+02 9.957500e+02 -1.751277e+02
      vertex   1.751277e+02 9.957500e+02 -1.729443e+02
    endloop
  endfacet
  facet normal 7.771460e-01 0.000000e+00 -6.293204e-01
    outer loop
      vertex   1.751277e+02 9.400000e+02 -1.729443e+02
      vertex   1.751277e+02 9.957500e+02 -1.729443e+02
      vertex   1.770709e+02 9.400000e+02 -1.705446e+02
    endloop
  endfacet
  facet normal 7.771460e-01 0.000000e+00 -6.293204e-01
    outer loop
      vertex   1.770709e+02 9.400000e+02 -1.705446e+02
      vertex   1.751277e+02 9.957500e+02 -1.729443e+02
      vertex   1.770709e+02 9.957500e+02 -1.705446e+02
    endloop
  endfacet
  facet normal 8.386706e-01 0.000000e+00 -5.446390e-01
    outer loop
      vertex   1.770709e+02 9.400000e+02 -1.705446e+02
      vertex   1.770709e+02 9.957500e+02 -1.705446e+02
      vertex   1.787527e+02 9.400000e+02 -1.679549e+02
    endloop
  endfacet
  facet normal 8.386706e-01 0.000000e+00 -5.446390e-01
    outer loop
      vertex   1.787527e+02 9.400000e+02 -1.679549e+02
      vertex   1.770709e+02 9.957500e+02 -1.705446e+02
      vertex   1.787527e+02 9.957500e+02 -1.679549e+02
    endloop
  endfacet
  facet normal 8.910065e-01 0.000000e+00 -4.539905e-01
    outer loop
      vertex   1.787527e+02 9.400000e+02 -1.679549e+02
      vertex   1.787527e+02 9.957500e+02 -1.679549e+02
      vertex   1.801545e+02 9.400000e+02 -1.652036e+02
    endloop
  endfacet
  facet normal 8.910065e-01 0.000000e+00 -4.539905e-01
    outer loop
      vertex   1.801545e+02 9.400000e+02 -1.652036e+02
      vertex   1.787527e+02 9.957500e+02 -1.679549e+02
      vertex   1.801545e+02 9.957500e+02 -1.652036e+02
    endloop
  endfacet
  facet normal 9.335804e-01 0.000000e+00 -3.583679e-01
    outer loop
      vertex   1.801545e+02 9.400000e+02 -1.652036e+02
      vertex   1.801545e+02 9.957500e+02 -1.652036e+02
      vertex   1.812611e+02 9.400000e+02 -1.623209e+02
    endloop
  endfacet
  facet normal 9.335804e-01 0.000000e+00 -3.583679e-01
    outer loop
      vertex   1.812611e+02 9.400000e+02 -1.623209e+02
      vertex   1.801545e+02 9.957500e+02 -1.652036e+02
      vertex   1.812611e+02 9.957500e+02 -1.623209e+02
    endloop
  endfacet
  facet normal 9.659258e-01 0.000000e+00 -2.588190e-01
    outer loop
      vertex   1.812611e+02 9.400000e+02 -1.623209e+02
      vertex   1.812611e+02 9.957500e+02 -1.623209e+02
      vertex   1.820603e+02 9.400000e+02 -1.593383e+02
    endloop
  endfacet
  facet normal 9.659258e-01 0.000000e+00 -2.588190e-01
    outer loop
      vertex   1.820603e+02 9.400000e+02 -1.593383e+02
      vertex   1.812611e+02 9.957500e+02 -1.623209e+02
      vertex   1.820603e+02 9.957500e+02 -1.593383e+02
    endloop
  endfacet
  facet normal 9.876883e-01 0.000000e+00 -1.564345e-01
    outer loop
      vertex   1.820603e+02 9.400000e+02 -1.593383e+02
      vertex   1.820603e+02 9.957500e+02 -1.593383e+02
      vertex   1.825433e+02 9.400000e+02 -1.562885e+02
    endloop
  endfacet
  facet normal 9.876883e-01 0.000000e+00 -1.564345e-01
    outer loop
      vertex   1.825433e+02 9.400000e+02 -1.562885e+02
      vertex   1.820603e+02 9.957500e+02 -1.593383e+02
      vertex   1.825433e+02 9.957500e+02 -1.562885e+02
    endloop
  endfacet
  facet normal 9.986295e-01 0.000000e+00 -5.233596e-02
    outer loop
      vertex   1.825433e+02 9.400000e+02 -1.562885e+02
      vertex   1.825433e+02 9.957500e+02 -1.562885e+02
      vertex   1.827049e+02 9.400000e+02 -1.532049e+02
    endloop
  endfacet
  facet normal 9.986295e-01 0.000000e+00 -5.233596e-02
    outer loop
      vertex   1.827049e+02 9.400000e+02 -1.532049e+02
      vertex   1.825433e+02 9.957500e+02 -1.562885e+02
      vertex   1.827049e+02 9.957500e+02 -1.532049e+02
    endloop
  endfacet
  facet normal 9.986295e-01 -0.000000e+00 5.233596e-02
    outer loop
      vertex   1.827049e+02 9.400000e+02 -1.532049e+02
      vertex   1.827049e+02 9.957500e+02 -1.532049e+02
      vertex   1.825433e+02 9.400000e+02 -1.501213e+02
    endloop
  endfacet
  facet normal 9.986295e-01 -0.000000e+00 5.233596e-02
    outer loop
      vertex   1.825433e+02 9.400000e+02 -1.501213e+02
      vertex   1.827049e+02 9.957500e+02 -1.532049e+02
      vertex   1.825433e+02 9.957500e+02 -1.501213e+02
    endloop
  endfacet
  facet normal 9.876883e-01 -0.000000e+00 1.564345e-01
    outer loop
      vertex   1.825433e+02 9.400000e+02 -1.501213e+02
      vertex   1.825433e+02 9.957500e+02 -1.501213e+02
      vertex   1.820603e+02 9.400000e+02 -1.470715e+02
    endloop
  endfacet
  facet normal 9.876883e-01 -0.000000e+00 1.564345e-01
    outer loop
      vertex   1.820603e+02 9.400000e+02 -1.470715e+02
      vertex   1.825433e+02 9.957500e+02 -1.501213e+02
      vertex   1.820603e+02 9.957500e+02 -1.470715e+02
    endloop
  endfacet
  facet normal 9.659258e-01 -0.000000e+00 2.588190e-01
    outer loop
      vertex   1.820603e+02 9.400000e+02 -1.470715e+02
      vertex   1.820603e+02 9.957500e+02 -1.470715e+02
      vertex   1.812611e+02 9.400000e+02 -1.440889e+02
    endloop
  endfacet
  facet normal 9.659258e-01 -0.000000e+00 2.588190e-01
    outer loop
      vertex   1.812611e+02 9.400000e+02 -1.440889e+02
      vertex   1.820603e+02 9.957500e+02 -1.470715e+02
      vertex   1.812611e+02 9.957500e+02 -1.440889e+02
    endloop
  endfacet
  facet normal 9.335804e-01 -0.000000e+00 3.583679e-01
    outer loop
      vertex   1.812611e+02 9.400000e+02 -1.440889e+02
      vertex   1.812611e+02 9.957500e+02 -1.440889e+02
      vertex   1.801545e+02 9.400000e+02 -1.412062e+02
    endloop
  endfacet
  facet normal 9.335804e-01 -0.000000e+00 3.583679e-01
    outer loop
      vertex   1.801545e+02 9.400000e+02 -1.412062e+02
      vertex   1.812611e+02 9.957500e+02 -1.440889e+02
      vertex   1.801545e+02 9.957500e+02 -1.412062e+02
    endloop
  endfacet
  facet normal 8.910065e-01 -0.000000e+00 4.539905e-01
    outer loop
      vertex   1.801545e+02 9.400000e+02 -1.412062e+02
      vertex   1.801545e+02 9.957500e+02 -1.412062e+02
      vertex   1.787527e+02 9.400000e+02 -1.384549e+02
    endloop
  endfacet
  facet normal 8.910065e-01 -0.000000e+00 4.539905e-01
    outer loop
      vertex   1.787527e+02 9.400000e+02 -1.384549e+02
      vertex   1.801545e+02 9.957500e+02 -1.412062e+02
      vertex   1.787527e+02 9.957500e+02 -1.384549e+02
    endloop
  endfacet
  facet normal 8.386706e-01 -0.000000e+00 5.446390e-01
    outer loop
      vertex   1.787527e+02 9.400000e+02 -1.384549e+02
      vertex   1.787527e+02 9.957500e+02 -1.384549e+02
      vertex   1.770709e+02 9.400000e+02 -1.358652e+02
    endloop
  endfacet
  facet normal 8.386706e-01 -0.000000e+00 5.446390e-01
    outer loop
      vertex   1.770709e+02 9.400000e+02 -1.358652e+02
      vertex   1.787527e+02 9.957500e+02 -1.384549e+02
      vertex   1.770709e+02 9.957500e+02 -1.358652e+02
    endloop
  endfacet
  facet normal 7.771460e-01 -0.000000e+00 6.293204e-01
    outer loop
      vertex   1.770709e+02 9.400000e+02 -1.358652e+02
      vertex   1.770709e+02 9.957500e+02 -1.358652e+02
      vertex   1.751277e+02 9.400000e+02 -1.334656e+02
    endloop
  endfacet
  facet normal 7.771460e-01 -0.000000e+00 6.293204e-01
    outer loop
      vertex   1.751277e+02 9.400000e+02 -1.334656e+02
      vertex   1.770709e+02 9.957500e+02 -1.358652e+02
      vertex   1.751277e+02 9.957500e+02 -1.334656e+02
    endloop
  endfacet
  facet normal 7.071068e-01 -0.000000e+00 7.071068e-01
    outer loop
      vertex   1.751277e+02 9.400000e+02 -1.334656e+02
      vertex   1.751277e+02 9.957500e+02 -1.334656e+02
      vertex   1.729443e+02 9.400000e+02 -1.312821e+02
    endloop
  endfacet
  facet normal 7.071068e-01 -0.000000e+00 7.071068e-01
    outer loop
      vertex   1.729443e+02 9.400000e+02 -1.312821e+02
      vertex   1.751277e+02 9.957500e+02 -1.334656e+02
      vertex   1.729443e+02 9.957500e+02 -1.312821e+02
    endloop
  endfacet
  facet normal 6.293204e-01 -0.000000e+00 7.771460e-01
    outer loop
      vertex   1.729443e+02 9.400000e+02 -1.312821e+02
      vertex   1.729443e+02 9.957500e+02 -1.312821e+02
      vertex   1.705446e+02 9.400000e+02 -1.293389e+02
    endloop
  endfacet
  facet normal 6.293204e-01 -0.000000e+00 7.771460e-01
    outer loop
      vertex   1.705446e+02 9.400000e+02 -1.293389e+02
      vertex   1.729443e+02 9.957500e+02 -1.312821e+02
      vertex   1.705446e+02 9.957500e+02 -1.293389e+02
    endloop
  endfacet
  facet normal 5.446390e-01 -0.000000e+00 8.386706e-01
    outer loop
      vertex   1.705446e+02 9.400000e+02 -1.293389e+02
      vertex   1.705446e+02 9.957500e+02 -1.293389e+02
      vertex   1.679549e+02 9.400000e+02 -1.276572e+02
    endloop
  endfacet
  facet normal 5.446390e-01 -2.137798e-16 8.386706e-01
    outer loop
      vertex   1.679549e+02 9.400000e+02 -1.276572e+02
      vertex   1.705446e+02 9.957500e+02 -1.293389e+02
      vertex   1.679549e+02 9.957500e+02 -1.276572e+02
    endloop
  endfacet
  facet normal 4.539905e-01 -2.271204e-16 8.910065e-01
    outer loop
      vertex   1.679549e+02 9.400000e+02 -1.276572e+02
      vertex   1.679549e+02 9.957500e+02 -1.276572e+02
      vertex   1.652036e+02 9.400000e+02 -1.262553e+02
    endloop
  endfacet
  facet normal 4.539905e-01 -0.000000e+00 8.910065e-01
    outer loop
      vertex   1.652036e+02 9.400000e+02 -1.262553e+02
      vertex   1.679549e+02 9.957500e+02 -1.276572e+02
      vertex   1.652036e+02 9.957500e+02 -1.262553e+02
    endloop
  endfacet
  facet normal 3.583679e-01 -0.000000e+00 9.335804e-01
    outer loop
      vertex   1.652036e+02 9.400000e+02 -1.262553e+02
      vertex   1.652036e+02 9.957500e+02 -1.262553e+02
      vertex   1.623209e+02 9.400000e+02 -1.251487e+02
    endloop
  endfacet
  facet normal 3.583679e-01 -0.000000e+00 9.335804e-01
    outer loop
      vertex   1.623209e+02 9.400000e+02 -1.251487e+02
      vertex   1.652036e+02 9.957500e+02 -1.262553e+02
      vertex   1.623209e+02 9.957500e+02 -1.251487e+02
    endloop
  endfacet
  facet normal 2.588190e-01 -0.000000e+00 9.659258e-01
    outer loop
      vertex   1.623209e+02 9.400000e+02 -1.251487e+02
      vertex   1.623209e+02 9.957500e+02 -1.251487e+02
      vertex   1.593383e+02 9.400000e+02 -1.243496e+02
    endloop
  endfacet
  facet normal 2.588190e-01 -0.000000e+00 9.659258e-01
    outer loop
      vertex   1.593383e+02 9.400000e+02 -1.243496e+02
      vertex   1.623209e+02 9.957500e+02 -1.251487e+02
      vertex   1.593383e+02 9.957500e+02 -1.243496e+02
    endloop
  endfacet
  facet normal 1.564345e-01 -0.000000e+00 9.876883e-01
    outer loop
      vertex   1.593383e+02 9.400000e+02 -1.243496e+02
      vertex   1.593383e+02 9.957500e+02 -1.243496e+02
      vertex   1.562885e+02 9.400000e+02 -1.238665e+02
    endloop
  endfacet
  facet normal 1.564345e-01 -0.000000e+00 9.876883e-01
    outer loop
      vertex   1.562885e+02 9.400000e+02 -1.238665e+02
      vertex   1.593383e+02 9.957500e+02 -1.243496e+02
      vertex   1.562885e+02 9.957500e+02 -1.238665e+02
    endloop
  endfacet
  facet normal 5.233596e-02 -0.000000e+00 9.986295e-01
    outer loop
      vertex   1.562885e+02 9.400000e+02 -1.238665e+02
      vertex   1.562885e+02 9.957500e+02 -1.238665e+02
      vertex   1.532049e+02 9.400000e+02 -1.237049e+02
    endloop
  endfacet
  facet normal 5.233596e-02 -0.000000e+00 9.986295e-01
    outer loop
      vertex   1.532049e+02 9.400000e+02 -1.237049e+02
      vertex   1.562885e+02 9.957500e+02 -1.238665e+02
      vertex   1.532049e+02 9.957500e+02 -1.237049e+02
    endloop
  endfacet
  facet normal -5.233596e-02 0.000000e+00 9.986295e-01
    outer loop
      vertex   1.532049e+02 9.400000e+02 -1.237049e+02
      vertex   1.532049e+02 9.957500e+02 -1.237049e+02
      vertex   1.501213e+02 9.400000e+02 -1.238665e+02
    endloop
  endfacet
  facet normal -5.233596e-02 0.000000e+00 9.986295e-01
    outer loop
      vertex   1.501213e+02 9.400000e+02 -1.238665e+02
      vertex   1.532049e+02 9.957500e+02 -1.237049e+02
      vertex   1.501213e+02 9.957500e+02 -1.238665e+02
    endloop
  endfacet
  facet normal -1.564345e-01 0.000000e+00 9.876883e-01
    outer loop
      vertex   1.501213e+02 9.400000e+02 -1.238665e+02
      vertex   1.501213e+02 9.957500e+02 -1.238665e+02
      vertex   1.470715e+02 9.400000e+02 -1.243496e+02
    endloop
  endfacet
  facet normal -1.564345e-01 0.000000e+00 9.876883e-01
    outer loop
      vertex   1.470715e+02 9.400000e+02 -1.243496e+02
      vertex   1.501213e+02 9.957500e+02 -1.238665e+02
      vertex   1.470715e+02 9.957500e+02 -1.243496e+02
    endloop
  endfacet
  facet normal -2.588190e-01 0.000000e+00 9.659258e-01
    outer loop
      vertex   1.470715e+02 9.400000e+02 -1.243496e+02
      vertex   1.470715e+02 9.957500e+02 -1.243496e+02
      vertex   1.440889e+02 9.400000e+02 -1.251487e+02
    endloop
  endfacet
  facet normal -2.588190e-01 0.000000e+00 9.659258e-01
    outer loop
      vertex   1.440889e+02 9.400000e+02 -1.251487e+02
      vertex   1.470715e+02 9.957500e+02 -1.243496e+02
      vertex   1.440889e+02 9.957500e+02 -1.251487e+02
    endloop
  endfacet
  facet normal -3.583679e-01 0.000000e+00 9.335804e-01
    outer loop
      vertex   1.440889e+02 9.400000e+02 -1.251487e+02
      vertex   1.440889e+02 9.957500e+02 -1.251487e+02
      vertex   1.412062e+02 9.400000e+02 -1.262553e+02
    endloop
  endfacet
  facet normal -3.583679e-01 0.000000e+00 9.335804e-01
    outer loop
      vertex   1.412062e+02 9.400000e+02 -1.262553e+02
      vertex   1.440889e+02 9.957500e+02 -1.251487e+02
      vertex   1.412062e+02 9.957500e+02 -1.262553e+02
    endloop
  endfacet
  facet normal -4.539905e-01 0.000000e+00 8.910065e-01
    outer loop
      vertex   1.412062e+02 9.400000e+02 -1.262553e+02
      vertex   1.412062e+02 9.957500e+02 -1.262553e+02
      vertex   1.384549e+02 9.400000e+02 -1.276572e+02
    endloop
  endfacet
  facet normal -4.539905e-01 0.000000e+00 8.910065e-01
    outer loop
      vertex   1.384549e+02 9.400000e+02 -1.276572e+02
      vertex   1.412062e+02 9.957500e+02 -1.262553e+02
      vertex   1.384549e+02 9.957500e+02 -1.276572e+02
    endloop
  endfacet
  facet normal -5.446390e-01 0.000000e+00 8.386706e-01
    outer loop
      vertex   1.384549e+02 9.400000e+02 -1.276572e+02
      vertex   1.384549e+02 9.957500e+02 -1.276572e+02
      vertex   1.358652e+02 9.400000e+02 -1.293389e+02
    endloop
  endfacet
  facet normal -5.446390e-01 0.000000e+00 8.386706e-01
    outer loop
      vertex   1.358652e+02 9.400000e+02 -1.293389e+02
      vertex   1.384549e+02 9.957500e+02 -1.276572e+02
      vertex   1.358652e+02 9.957500e+02 -1.293389e+02
    endloop
  endfacet
  facet normal -6.293204e-01 0.000000e+00 7.771460e-01
    outer loop
      vertex   1.358652e+02 9.400000e+02 -1.293389e+02
      vertex   1.358652e+02 9.957500e+02 -1.293389e+02
      vertex   1.334656e+02 9.400000e+02 -1.312821e+02
    endloop
  endfacet
  facet normal -6.293204e-01 0.000000e+00 7.771460e-01
    outer loop
      vertex   1.334656e+02 9.400000e+02 -1.312821e+02
      vertex   1.358652e+02 9.957500e+02 -1.293389e+02
      vertex   1.334656e+02 9.957500e+02 -1.312821e+02
    endloop
  endfacet
  facet normal -7.071068e-01 0.000000e+00 7.071068e-01
    outer loop
      vertex   1.334656e+02 9.400000e+02 -1.312821e+02
      vertex   1.334656e+02 9.957500e+02 -1.312821e+02
      vertex   1.312821e+02 9.400000e+02 -1.334656e+02
    endloop
  endfacet
  facet normal -7.071068e-01 0.000000e+00 7.071068e-01
    outer loop
      vertex   1.312821e+02 9.400000e+02 -1.334656e+02
      vertex   1.334656e+02 9.957500e+02 -1.312821e+02
      vertex   1.312821e+02 9.957500e+02 -1.334656e+02
    endloop
  endfacet
  facet normal -7.771460e-01 0.000000e+00 6.293204e-01
    outer loop
      vertex   1.312821e+02 9.400000e+02 -1.334656e+02
      vertex   1.312821e+02 9.957500e+02 -1.334656e+02
      vertex   1.293389e+02 9.400000e+02 -1.358652e+02
    endloop
  endfacet
  facet normal -7.771460e-01 0.000000e+00 6.293204e-01
    outer loop
      vertex   1.293389e+02 9.400000e+02 -1.358652e+02
      vertex   1.312821e+02 9.957500e+02 -1.334656e+02
      vertex   1.293389e+02 9.957500e+02 -1.358652e+02
    endloop
  endfacet
  facet normal -8.386706e-01 0.000000e+00 5.446390e-01
    outer loop
      vertex   1.293389e+02 9.400000e+02 -1.358652e+02
      vertex   1.293389e+02 9.957500e+02 -1.358652e+02
      vertex   1.276572e+02 9.400000e+02 -1.384549e+02
    endloop
  endfacet
  facet normal -8.386706e-01 0.000000e+00 5.446390e-01
    outer loop
      vertex   1.276572e+02 9.400000e+02 -1.384549e+02
      vertex   1.293389e+02 9.957500e+02 -1.358652e+02
      vertex   1.276572e+02 9.957500e+02 -1.384549e+02
    endloop
  endfacet
  facet normal -8.910065e-01 0.000000e+00 4.539905e-01
    outer loop
      vertex   1.276572e+02 9.400000e+02 -1.384549e+02
      vertex   1.276572e+02 9.957500e+02 -1.384549e+02
      vertex   1.262553e+02 9.400000e+02 -1.412062e+02
    endloop
  endfacet
  facet normal -8.910065e-01 0.000000e+00 4.539905e-01
    outer loop
      vertex   1.262553e+02 9.400000e+02 -1.412062e+02
      vertex   1.276572e+02 9.957500e+02 -1.384549e+02
      vertex   1.262553e+02 9.957500e+02 -1.412062e+02
    endloop
  endfacet
  facet normal -9.335804e-01 0.000000e+00 3.583679e-01
    outer loop
      vertex   1.262553e+02 9.400000e+02 -1.412062e+02
      vertex   1.262553e+02 9.957500e+02 -1.412062e+02
      vertex   1.251487e+02 9.400000e+02 -1.440889e+02
    endloop
  endfacet
  facet normal -9.335804e-01 0.000000e+00 3.583679e-01
    outer loop
      vertex   1.251487e+02 9.400000e+02 -1.440889e+02
      vertex   1.262553e+02 9.957500e+02 -1.412062e+02
      vertex   1.251487e+02 9.957500e+02 -1.440889e+02
    endloop
  endfacet
  facet normal -9.659258e-01 0.000000e+00 2.588190e-01
    outer loop
      vertex   1.251487e+02 9.400000e+02 -1.440889e+02
      vertex   1.251487e+02 9.957500e+02 -1.440889e+02
      vertex   1.243496e+02 9.400000e+02 -1.470715e+02
    endloop
  endfacet
  facet normal -9.659258e-01 0.000000e+00 2.588190e-01
    outer loop
      vertex   1.243496e+02 9.400000e+02 -1.470715e+02
      vertex   1.251487e+02 9.957500e+02 -1.440889e+02
      vertex   1.243496e+02 9.957500e+02 -1.470715e+02
    endloop
  endfacet
  facet normal -9.876883e-01 0.000000e+00 1.564345e-01
    outer loop
      vertex   1.243496e+02 9.400000e+02 -1.470715e+02
      vertex   1.243496e+02 9.957500e+02 -1.470715e+02
      vertex   1.238665e+02 9.400000e+02 -1.501213e+02
    endloop
  endfacet
  facet normal -9.876883e-01 0.000000e+00 1.564345e-01
    outer loop
      vertex   1.238665e+02 9.400000e+02 -1.501213e+02
      vertex   1.243496e+02 9.957500e+02 -1.470715e+02
      vertex   1.238665e+02 9.957500e+02 -1.501213e+02
    endloop
  endfacet
  facet normal -9.986295e-01 0.000000e+00 5.233596e-02
    outer loop
      vertex   1.237049e+02 1.107250e+03 -1.532049e+02
      vertex   1.237049e+02 1.051500e+03 -1.532049e+02
      vertex   1.238665e+02 1.107250e+03 -1.501213e+02
    endloop
  endfacet
  facet normal -9.986295e-01 0.000000e+00 5.233596e-02
    outer loop
      vertex   1.238665e+02 1.107250e+03 -1.501213e+02
      vertex   1.237049e+02 1.051500e+03 -1.532049e+02
      vertex   1.238665e+02 1.051500e+03 -1.501213e+02
    endloop
  endfacet
  facet normal -9.876883e-01 0.000000e+00 1.564345e-01
    outer loop
      vertex   1.238665e+02 1.107250e+03 -1.501213e+02
      vertex   1.238665e+02 1.051500e+03 -1.501213e+02
      vertex   1.243496e+02 1.107250e+03 -1.470715e+02
    endloop
  endfacet
  facet normal -9.876883e-01 0.000000e+00 1.564345e-01
    outer loop
      vertex   1.243496e+02 1.107250e+03 -1.470715e+02
      vertex   1.238665e+02 1.051500e+03 -1.501213e+02
      vertex   1.243496e+02 1.051500e+03 -1.470715e+02
    endloop
  endfacet
  facet normal -9.659258e-01 0.000000e+00 2.588190e-01
    outer loop
      vertex   1.243496e+02 1.107250e+03 -1.470715e+02
      vertex   1.243496e+02 1.051500e+03 -1.470715e+02
      vertex   1.251487e+02 1.107250e+03 -1.440889e+02
    endloop
  endfacet
  facet normal -9.659258e-01 0.000000e+00 2.588190e-01
    outer loop
      vertex   1.251487e+02 1.107250e+03 -1.440889e+02
      vertex   1.243496e+02 1.051500e+03 -1.470715e+02
      vertex   1.251487e+02 1.051500e+03 -1.440889e+02
    endloop
  endfacet
  facet normal -9.335804e-01 0.000000e+00 3.583679e-01
    outer loop
      vertex   1.251487e+02 1.107250e+03 -1.440889e+02
      vertex   1.251487e+02 1.051500e+03 -1.440889e+02
      vertex   1.262553e+02 1.107250e+03 -1.412062e+02
    endloop
  endfacet
  facet normal -9.335804e-01 0.000000e+00 3.583679e-01
    outer loop
      vertex   1.262553e+02 1.107250e+03 -1.412062e+02
      vertex   1.251487e+02 1.051500e+03 -1.440889e+02
      vertex   1.262553e+02 1.051500e+03 -1.412062e+02
    endloop
  endfacet
  facet normal -8.910065e-01 0.000000e+00 4.539905e-01
    outer loop
      vertex   1.262553e+02 1.107250e+03 -1.412062e+02
      vertex   1.262553e+02 1.051500e+03 -1.412062e+02
      vertex   1.276572e+02 1.107250e+03 -1.384549e+02
    endloop
  endfacet
  facet normal -8.910065e-01 0.000000e+00 4.539905e-01
    outer loop
      vertex   1.276572e+02 1.107250e+03 -1.384549e+02
      vertex   1.262553e+02 1.051500e+03 -1.412062e+02
      vertex   1.276572e+02 1.051500e+03 -1.384549e+02
    endloop
  endfacet
  facet normal -8.386706e-01 0.000000e+00 5.446390e-01
    outer loop
      vertex   1.276572e+02 1.107250e+03 -1.384549e+02
      vertex   1.276572e+02 1.051500e+03 -1.384549e+02
      vertex   1.293389e+02 1.107250e+03 -1.358652e+02
    endloop
  endfacet
  facet normal -8.386706e-01 0.000000e+00 5.446390e-01
    outer loop
      vertex   1.293389e+02 1.107250e+03 -1.358652e+02
      vertex   1.276572e+02 1.051500e+03 -1.384549e+02
      vertex   1.293389e+02 1.051500e+03 -1.358652e+02
    endloop
  endfacet
  facet normal -7.771460e-01 0.000000e+00 6.293204e-01
    outer loop
      vertex   1.293389e+02 1.107250e+03 -1.358652e+02
      vertex   1.293389e+02 1.051500e+03 -1.358652e+02
      vertex   1.312821e+02 1.107250e+03 -1.334656e+02
    endloop
  endfacet
  facet normal -7.771460e-01 0.000000e+00 6.293204e-01
    outer loop
      vertex   1.312821e+02 1.107250e+03 -1.334656e+02
      vertex   1.293389e+02 1.051500e+03 -1.358652e+02
      vertex   1.312821e+02 1.051500e+03 -1.334656e+02
    endloop
  endfacet
  facet normal -7.071068e-01 0.000000e+00 7.071068e-01
    outer loop
      vertex   1.312821e+02 1.107250e+03 -1.334656e+02
      vertex   1.312821e+02 1.051500e+03 -1.334656e+02
      vertex   1.334656e+02 1.107250e+03 -1.312821e+02
    endloop
  endfacet
  facet normal -7.071068e-01 0.000000e+00 7.071068e-01
    outer loop
      vertex   1.334656e+02 1.107250e+03 -1.312821e+02
      vertex   1.312821e+02 1.051500e+03 -1.334656e+02
      vertex   1.334656e+02 1.051500e+03 -1.312821e+02
    endloop
  endfacet
  facet normal -6.293204e-01 0.000000e+00 7.771460e-01
    outer loop
      vertex   1.334656e+02 1.107250e+03 -1.312821e+02
      vertex   1.334656e+02 1.051500e+03 -1.312821e+02
      vertex   1.358652e+02 1.107250e+03 -1.293389e+02
    endloop
  endfacet
  facet normal -6.293204e-01 0.000000e+00 7.771460e-01
    outer loop
      vertex   1.358652e+02 1.107250e+03 -1.293389e+02
      vertex   1.334656e+02 1.051500e+03 -1.312821e+02
      vertex   1.358652e+02 1.051500e+03 -1.293389e+02
    endloop
  endfacet
  facet normal -5.446390e-01 0.000000e+00 8.386706e-01
    outer loop
      vertex   1.358652e+02 1.107250e+03 -1.293389e+02
      vertex   1.358652e+02 1.051500e+03 -1.293389e+02
      vertex   1.384549e+02 1.107250e+03 -1.276572e+02
    endloop
  endfacet
  facet normal -5.446390e-01 0.000000e+00 8.386706e-01
    outer loop
      vertex   1.384549e+02 1.107250e+03 -1.276572e+02
      vertex   1.358652e+02 1.051500e+03 -1.293389e+02
      vertex   1.384549e+02 1.051500e+03 -1.276572e+02
    endloop
  endfacet
  facet normal -4.539905e-01 0.000000e+00 8.910065e-01
    outer loop
      vertex   1.384549e+02 1.107250e+03 -1.276572e+02
      vertex   1.384549e+02 1.051500e+03 -1.276572e+02
      vertex   1.412062e+02 1.107250e+03 -1.262553e+02
    endloop
  endfacet
  facet normal -4.539905e-01 0.000000e+00 8.910065e-01
    outer loop
      vertex   1.412062e+02 1.107250e+03 -1.262553e+02
      vertex   1.384549e+02 1.051500e+03 -1.276572e+02
      vertex   1.412062e+02 1.051500e+03 -1.262553e+02
    endloop
  endfacet
  facet normal -3.583679e-01 0.000000e+00 9.335804e-01
    outer loop
      vertex   1.412062e+02 1.107250e+03 -1.262553e+02
      vertex   1.412062e+02 1.051500e+03 -1.262553e+02
      vertex   1.440889e+02 1.107250e+03 -1.251487e+02
    endloop
  endfacet
  facet normal -3.583679e-01 0.000000e+00 9.335804e-01
    outer loop
      vertex   1.440889e+02 1.107250e+03 -1.251487e+02
      vertex   1.412062e+02 1.051500e+03 -1.262553e+02
      vertex   1.440889e+02 1.051500e+03 -1.251487e+02
    endloop
  endfacet
  facet normal -2.588190e-01 0.000000e+00 9.659258e-01
    outer loop
      vertex   1.440889e+02 1.107250e+03 -1.251487e+02
      vertex   1.440889e+02 1.051500e+03 -1.251487e+02
      vertex   1.470715e+02 1.107250e+03 -1.243496e+02
    endloop
  endfacet
  facet normal -2.588190e-01 0.000000e+00 9.659258e-01
    outer loop
      vertex   1.470715e+02 1.107250e+03 -1.243496e+02
      vertex   1.440889e+02 1.051500e+03 -1.251487e+02
      vertex   1.470715e+02 1.051500e+03 -1.243496e+02
    endloop
  endfacet
  facet normal -1.564345e-01 0.000000e+00 9.876883e-01
    outer loop
      vertex   1.470715e+02 1.107250e+03 -1.243496e+02
      vertex   1.470715e+02 1.051500e+03 -1.243496e+02
      vertex   1.501213e+02 1.107250e+03 -1.238665e+02
    endloop
  endfacet
  facet normal -1.564345e-01 0.000000e+00 9.876883e-01
    outer loop
      vertex   1.501213e+02 1.107250e+03 -1.238665e+02
      vertex   1.470715e+02 1.051500e+03 -1.243496e+02
      vertex   1.501213e+02 1.051500e+03 -1.238665e+02
    endloop
  endfacet
  facet normal -5.233596e-02 0.000000e+00 9.986295e-01
    outer loop
      vertex   1.501213e+02 1.107250e+03 -1.238665e+02
      vertex   1.501213e+02 1.051500e+03 -1.238665e+02
      vertex   1.532049e+02 1.107250e+03 -1.237049e+02
    endloop
  endfacet
  facet normal -5.233596e-02 0.000000e+00 9.986295e-01
    outer loop
      vertex   1.532049e+02 1.107250e+03 -1.237049e+02
      vertex   1.501213e+02 1.051500e+03 -1.238665e+02
      vertex   1.532049e+02 1.051500e+03 -1.237049e+02
    endloop
  endfacet
  facet normal 5.233596e-02 0.000000e+00 9.986295e-01
    outer loop
      vertex   1.532049e+02 1.107250e+03 -1.237049e+02
      vertex   1.532049e+02 1.051500e+03 -1.237049e+02
      vertex   1.562885e+02 1.107250e+03 -1.238665e+02
    endloop
  endfacet
  facet normal 5.233596e-02 0.000000e+00 9.986295e-01
    outer loop
      vertex   1.562885e+02 1.107250e+03 -1.238665e+02
      vertex   1.532049e+02 1.051500e+03 -1.237049e+02
      vertex   1.562885e+02 1.051500e+03 -1.238665e+02
    endloop
  endfacet
  facet normal 1.564345e-01 0.000000e+00 9.876883e-01
    outer loop
      vertex   1.562885e+02 1.107250e+03 -1.238665e+02
      vertex   1.562885e+02 1.051500e+03 -1.238665e+02
      vertex   1.593383e+02 1.107250e+03 -1.243496e+02
    endloop
  endfacet
  facet normal 1.564345e-01 0.000000e+00 9.876883e-01
    outer loop
      vertex   1.593383e+02 1.107250e+03 -1.243496e+02
      vertex   1.562885e+02 1.051500e+03 -1.238665e+02
      vertex   1.593383e+02 1.051500e+03 -1.243496e+02
    endloop
  endfacet
  facet normal 2.588190e-01 0.000000e+00 9.659258e-01
    outer loop
      vertex   1.593383e+02 1.107250e+03 -1.243496e+02
      vertex   1.593383e+02 1.051500e+03 -1.243496e+02
      vertex   1.623209e+02 1.107250e+03 -1.251487e+02
    endloop
  endfacet
  facet normal 2.588190e-01 0.000000e+00 9.659258e-01
    outer loop
      vertex   1.623209e+02 1.107250e+03 -1.251487e+02
      vertex   1.593383e+02 1.051500e+03 -1.243496e+02
      vertex   1.623209e+02 1.051500e+03 -1.251487e+02
    endloop
  endfacet
  facet normal 3.583679e-01 0.000000e+00 9.335804e-01
    outer loop
      vertex   1.623209e+02 1.107250e+03 -1.251487e+02
      vertex   1.623209e+02 1.051500e+03 -1.251487e+02
      vertex   1.652036e+02 1.107250e+03 -1.262553e+02
    endloop
  endfacet
  facet normal 3.583679e-01 0.000000e+00 9.335804e-01
    outer loop
      vertex   1.652036e+02 1.107250e+03 -1.262553e+02
      vertex   1.623209e+02 1.051500e+03 -1.251487e+02
      vertex   1.652036e+02 1.051500e+03 -1.262553e+02
    endloop
  endfacet
  facet normal 4.539905e-01 0.000000e+00 8.910065e-01
    outer loop
      vertex   1.652036e+02 1.107250e+03 -1.262553e+02
      vertex   1.652036e+02 1.051500e+03 -1.262553e+02
      vertex   1.679549e+02 1.107250e+03 -1.276572e+02
    endloop
  endfacet
  facet normal 4.539905e-01 0.000000e+00 8.910065e-01
    outer loop
      vertex   1.679549e+02 1.107250e+03 -1.276572e+02
      vertex   1.652036e+02 1.051500e+03 -1.262553e+02
      vertex   1.679549e+02 1.051500e+03 -1.276572e+02
    endloop
  endfacet
  facet normal 5.446390e-01 0.000000e+00 8.386706e-01
    outer loop
      vertex   1.679549e+02 1.107250e+03 -1.276572e+02
      vertex   1.679549e+02 1.051500e+03 -1.276572e+02
      vertex   1.705446e+02 1.107250e+03 -1.293389e+02
    endloop
  endfacet
  facet normal 5.446390e-01 0.000000e+00 8.386706e-01
    outer loop
      vertex   1.705446e+02 1.107250e+03 -1.293389e+02
      vertex   1.679549e+02 1.051500e+03 -1.276572e+02
      vertex   1.705446e+02 1.051500e+03 -1.293389e+02
    endloop
  endfacet
  facet normal 6.293204e-01 0.000000e+00 7.771460e-01
    outer loop
      vertex   1.705446e+02 1.107250e+03 -1.293389e+02
      vertex   1.705446e+02 1.051500e+03 -1.293389e+02
      vertex   1.729443e+02 1.107250e+03 -1.312821e+02
    endloop
  endfacet
  facet normal 6.293204e-01 0.000000e+00 7.771460e-01
    outer loop
      vertex   1.729443e+02 1.107250e+03 -1.312821e+02
      vertex   1.705446e+02 1.051500e+03 -1.293389e+02
      vertex   1.729443e+02 1.051500e+03 -1.312821e+02
    endloop
  endfacet
  facet normal 7.071068e-01 0.000000e+00 7.071068e-01
    outer loop
      vertex   1.729443e+02 1.107250e+03 -1.312821e+02
      vertex   1.729443e+02 1.051500e+03 -1.312821e+02
      vertex   1.751277e+02 1.107250e+03 -1.334656e+02
    endloop
  endfacet
  facet normal 7.071068e-01 0.000000e+00 7.071068e-01
    outer loop
      vertex   1.751277e+02 1.107250e+03 -1.334656e+02
      vertex   1.729443e+02 1.051500e+03 -1.312821e+02
      vertex   1.751277e+02 1.051500e+03 -1.334656e+02
    endloop
  endfacet
  facet normal 7.771460e-01 0.000000e+00 6.293204e-01
    outer loop
      vertex   1.751277e+02 1.107250e+03 -1.334656e+02
      vertex   1.751277e+02 1.051500e+03 -1.334656e+02
      vertex   1.770709e+02 1.107250e+03 -1.358652e+02
    endloop
  endfacet
  facet normal 7.771460e-01 0.000000e+00 6.293204e-01
    outer loop
      vertex   1.770709e+02 1.107250e+03 -1.358652e+02
      vertex   1.751277e+02 1.051500e+03 -1.334656e+02
      vertex   1.770709e+02 1.051500e+03 -1.358652e+02
    endloop
  endfacet
  facet normal 8.386706e-01 0.000000e+00 5.446390e-01
    outer loop
      vertex   1.770709e+02 1.107250e+03 -1.358652e+02
      vertex   1.770709e+02 1.051500e+03 -1.358652e+02
      vertex   1.787527e+02 1.107250e+03 -1.384549e+02
    endloop
  endfacet
  facet normal 8.386706e-01 0.000000e+00 5.446390e-01
    outer loop
      vertex   1.787527e+02 1.107250e+03 -1.384549e+02
      vertex   1.770709e+02 1.051500e+03 -1.358652e+02
      vertex   1.787527e+02 1.051500e+03 -1.384549e+02
    endloop
  endfacet
  facet normal 8.910065e-01 0.000000e+00 4.539905e-01
    outer loop
      vertex   1.787527e+02 1.107250e+03 -1.384549e+02
      vertex   1.787527e+02 1.051500e+03 -1.384549e+02
      vertex   1.801545e+02 1.107250e+03 -1.412062e+02
    endloop
  endfacet
  facet normal 8.910065e-01 0.000000e+00 4.539905e-01
    outer loop
      vertex   1.801545e+02 1.107250e+03 -1.412062e+02
      vertex   1.787527e+02 1.051500e+03 -1.384549e+02
      vertex   1.801545e+02 1.051500e+03 -1.412062e+02
    endloop
  endfacet
  facet normal 9.335804e-01 0.000000e+00 3.583679e-01
    outer loop
      vertex   1.801545e+02 1.107250e+03 -1.412062e+02
      vertex   1.801545e+02 1.051500e+03 -1.412062e+02
      vertex   1.812611e+02 1.107250e+03 -1.440889e+02
    endloop
  endfacet
  facet normal 9.335804e-01 0.000000e+00 3.583679e-01
    outer loop
      vertex   1.812611e+02 1.107250e+03 -1.440889e+02
      vertex   1.801545e+02 1.051500e+03 -1.412062e+02
      vertex   1.812611e+02 1.051500e+03 -1.440889e+02
    endloop
  endfacet
  facet normal 9.659258e-01 0.000000e+00 2.588190e-01
    outer loop
      vertex   1.812611e+02 1.107250e+03 -1.440889e+02
      vertex   1.812611e+02 1.051500e+03 -1.440889e+02
      vertex   1.820603e+02 1.107250e+03 -1.470715e+02
    endloop
  endfacet
  facet normal 9.659258e-01 0.000000e+00 2.588190e-01
    outer loop
      vertex   1.820603e+02 1.107250e+03 -1.470715e+02
      vertex   1.812611e+02 1.051500e+03 -1.440889e+02
      vertex   1.820603e+02 1.051500e+03 -1.470715e+02
    endloop
  endfacet
  facet normal 9.876883e-01 0.000000e+00 1.564345e-01
    outer loop
      vertex   1.820603e+02 1.107250e+03 -1.470715e+02
      vertex   1.820603e+02 1.051500e+03 -1.470715e+02
      vertex   1.825433e+02 1.107250e+03 -1.501213e+02
    endloop
  endfacet
  facet normal 9.876883e-01 0.000000e+00 1.564345e-01
    outer loop
      vertex   1.825433e+02 1.107250e+03 -1.501213e+02
      vertex   1.820603e+02 1.051500e+03 -1.470715e+02
      vertex   1.825433e+02 1.051500e+03 -1.501213e+02
    endloop
  endfacet
  facet normal 9.986295e-01 0.000000e+00 5.233596e-02
    outer loop
      vertex   1.825433e+02 1.107250e+03 -1.501213e+02
      vertex   1.825433e+02 1.051500e+03 -1.501213e+02
      vertex   1.827049e+02 1.107250e+03 -1.532049e+02
    endloop
  endfacet
  facet normal 9.986295e-01 0.000000e+00 5.233596e-02
    outer loop
      vertex   1.827049e+02 1.107250e+03 -1.532049e+02
      vertex   1.825433e+02 1.051500e+03 -1.501213e+02
      vertex   1.827049e+02 1.051500e+03 -1.532049e+02
    endloop
  endfacet
  facet normal 9.986295e-01 0.000000e+00 -5.233596e-02
    outer loop
      vertex   1.827049e+02 1.107250e+03 -1.532049e+02
      vertex   1.827049e+02 1.051500e+03 -1.532049e+02
      vertex   1.825433e+02 1.107250e+03 -1.562885e+02
    endloop
  endfacet
  facet normal 9.986295e-01 0.000000e+00 -5.233596e-02
    outer loop
      vertex   1.825433e+02 1.107250e+03 -1.562885e+02
      vertex   1.827049e+02 1.051500e+03 -1.532049e+02
      vertex   1.825433e+02 1.051500e+03 -1.562885e+02
    endloop
  endfacet
  facet normal 9.876883e-01 0.000000e+00 -1.564345e-01
    outer loop
      vertex   1.825433e+02 1.107250e+03 -1.562885e+02
      vertex   1.825433e+02 1.051500e+03 -1.562885e+02
      vertex   1.820603e+02 1.107250e+03 -1.593383e+02
    endloop
  endfacet
  facet normal 9.876883e-01 0.000000e+00 -1.564345e-01
    outer loop
      vertex   1.820603e+02 1.107250e+03 -1.593383e+02
      vertex   1.825433e+02 1.051500e+03 -1.562885e+02
      vertex   1.820603e+02 1.051500e+03 -1.593383e+02
    endloop
  endfacet
  facet normal 9.659258e-01 0.000000e+00 -2.588190e-01
    outer loop
      vertex   1.820603e+02 1.107250e+03 -1.593383e+02
      vertex   1.820603e+02 1.051500e+03 -1.593383e+02
      vertex   1.812611e+02 1.107250e+03 -1.623209e+02
    endloop
  endfacet
  facet normal 9.659258e-01 0.000000e+00 -2.588190e-01
    outer loop
      vertex   1.812611e+02 1.107250e+03 -1.623209e+02
      vertex   1.820603e+02 1.051500e+03 -1.593383e+02
      vertex   1.812611e+02 1.051500e+03 -1.623209e+02
    endloop
  endfacet
  facet normal 9.335804e-01 0.000000e+00 -3.583679e-01
    outer loop
      vertex   1.812611e+02 1.107250e+03 -1.623209e+02
      vertex   1.812611e+02 1.051500e+03 -1.623209e+02
      vertex   1.801545e+02 1.107250e+03 -1.652036e+02
    endloop
  endfacet
  facet normal 9.335804e-01 0.000000e+00 -3.583679e-01
    outer loop
      vertex   1.801545e+02 1.107250e+03 -1.652036e+02
      vertex   1.812611e+02 1.051500e+03 -1.623209e+02
      vertex   1.801545e+02 1.051500e+03 -1.652036e+02
    endloop
  endfacet
  facet normal 8.910065e-01 0.000000e+00 -4.539905e-01
    outer loop
      vertex   1.801545e+02 1.107250e+03 -1.652036e+02
      vertex   1.801545e+02 1.051500e+03 -1.652036e+02
      vertex   1.787527e+02 1.107250e+03 -1.679549e+02
    endloop
  endfacet
  facet normal 8.910065e-01 0.000000e+00 -4.539905e-01
    outer loop
      vertex   1.787527e+02 1.107250e+03 -1.679549e+02
      vertex   1.801545e+02 1.051500e+03 -1.652036e+02
      vertex   1.787527e+02 1.051500e+03 -1.679549e+02
    endloop
  endfacet
  facet normal 8.386706e-01 0.000000e+00 -5.446390e-01
    outer loop
      vertex   1.787527e+02 1.107250e+03 -1.679549e+02
      vertex   1.787527e+02 1.051500e+03 -1.679549e+02
      vertex   1.770709e+02 1.107250e+03 -1.705446e+02
    endloop
  endfacet
  facet normal 8.386706e-01 0.000000e+00 -5.446390e-01
    outer loop
      vertex   1.770709e+02 1.107250e+03 -1.705446e+02
      vertex   1.787527e+02 1.051500e+03 -1.679549e+02
      vertex   1.770709e+02 1.051500e+03 -1.705446e+02
    endloop
  endfacet
  facet normal 7.771460e-01 0.000000e+00 -6.293204e-01
    outer loop
      vertex   1.770709e+02 1.107250e+03 -1.705446e+02
      vertex   1.770709e+02 1.051500e+03 -1.705446e+02
      vertex   1.751277e+02 1.107250e+03 -1.729443e+02
    endloop
  endfacet
  facet normal 7.771460e-01 0.000000e+00 -6.293204e-01
    outer loop
      vertex   1.751277e+02 1.107250e+03 -1.729443e+02
      vertex   1.770709e+02 1.051500e+03 -1.705446e+02
      vertex   1.751277e+02 1.051500e+03 -1.729443e+02
    endloop
  endfacet
  facet normal 7.071068e-01 0.000000e+00 -7.071068e-01
    outer loop
      vertex   1.751277e+02 1.107250e+03 -1.729443e+02
      vertex   1.751277e+02 1.051500e+03 -1.729443e+02
      vertex   1.729443e+02 1.107250e+03 -1.751277e+02
    endloop
  endfacet
  facet normal 7.071068e-01 0.000000e+00 -7.071068e-01
    outer loop
      vertex   1.729443e+02 1.107250e+03 -1.751277e+02
      vertex   1.751277e+02 1.051500e+03 -1.729443e+02
      vertex   1.729443e+02 1.051500e+03 -1.751277e+02
    endloop
  endfacet
  facet normal 6.293204e-01 0.000000e+00 -7.771460e-01
    outer loop
      vertex   1.729443e+02 1.107250e+03 -1.751277e+02
      vertex   1.729443e+02 1.051500e+03 -1.751277e+02
      vertex   1.705446e+02 1.107250e+03 -1.770709e+02
    endloop
  endfacet
  facet normal 6.293204e-01 0.000000e+00 -7.771460e-01
    outer loop
      vertex   1.705446e+02 1.107250e+03 -1.770709e+02
      vertex   1.729443e+02 1.051500e+03 -1.751277e+02
      vertex   1.705446e+02 1.051500e+03 -1.770709e+02
    endloop
  endfacet
  facet normal 5.446390e-01 0.000000e+00 -8.386706e-01
    outer loop
      vertex   1.705446e+02 1.107250e+03 -1.770709e+02
      vertex   1.705446e+02 1.051500e+03 -1.770709e+02
      vertex   1.679549e+02 1.107250e+03 -1.787527e+02
    endloop
  endfacet
  facet normal 5.446390e-01 0.000000e+00 -8.386706e-01
    outer loop
      vertex   1.679549e+02 1.107250e+03 -1.787527e+02
      vertex   1.705446e+02 1.051500e+03 -1.770709e+02
      vertex   1.679549e+02 1.051500e+03 -1.787527e+02
    endloop
  endfacet
  facet normal 4.539905e-01 0.000000e+00 -8.910065e-01
    outer loop
      vertex   1.679549e+02 1.107250e+03 -1.787527e+02
      vertex   1.679549e+02 1.051500e+03 -1.787527e+02
      vertex   1.652036e+02 1.107250e+03 -1.801545e+02
    endloop
  endfacet
  facet normal 4.539905e-01 0.000000e+00 -8.910065e-01
    outer loop
      vertex   1.652036e+02 1.107250e+03 -1.801545e+02
      vertex   1.679549e+02 1.051500e+03 -1.787527e+02
      vertex   1.652036e+02 1.051500e+03 -1.801545e+02
    endloop
  endfacet
  facet normal 3.583679e-01 0.000000e+00 -9.335804e-01
    outer loop
      vertex   1.652036e+02 1.107250e+03 -1.801545e+02
      vertex   1.652036e+02 1.051500e+03 -1.801545e+02
      vertex   1.623209e+02 1.107250e+03 -1.812611e+02
    endloop
  endfacet
  facet normal 3.583679e-01 0.000000e+00 -9.335804e-01
    outer loop
      vertex   1.623209e+02 1.107250e+03 -1.812611e+02
      vertex   1.652036e+02 1.051500e+03 -1.801545e+02
      vertex   1.623209e+02 1.051500e+03 -1.812611e+02
    endloop
  endfacet
  facet normal 2.588190e-01 0.000000e+00 -9.659258e-01
    outer loop
      vertex   1.623209e+02 1.107250e+03 -1.812611e+02
      vertex   1.623209e+02 1.051500e+03 -1.812611e+02
      vertex   1.593383e+02 1.107250e+03 -1.820603e+02
    endloop
  endfacet
  facet normal 2.588190e-01 0.000000e+00 -9.659258e-01
    outer loop
      vertex   1.593383e+02 1.107250e+03 -1.820603e+02
      vertex   1.623209e+02 1.051500e+03 -1.812611e+02
      vertex   1.593383e+02 1.051500e+03 -1.820603e+02
    endloop
  endfacet
  facet normal 1.564345e-01 0.000000e+00 -9.876883e-01
    outer loop
      vertex   1.593383e+02 1.107250e+03 -1.820603e+02
      vertex   1.593383e+02 1.051500e+03 -1.820603e+02
      vertex   1.562885e+02 1.107250e+03 -1.825433e+02
    endloop
  endfacet
  facet normal 1.564345e-01 0.000000e+00 -9.876883e-01
    outer loop
      vertex   1.562885e+02 1.107250e+03 -1.825433e+02
      vertex   1.593383e+02 1.051500e+03 -1.820603e+02
      vertex   1.562885e+02 1.051500e+03 -1.825433e+02
    endloop
  endfacet
  facet normal 5.233596e-02 0.000000e+00 -9.986295e-01
    outer loop
      vertex   1.562885e+02 1.107250e+03 -1.825433e+02
      vertex   1.562885e+02 1.051500e+03 -1.825433e+02
      vertex   1.532049e+02 1.107250e+03 -1.827049e+02
    endloop
  endfacet
  facet normal 5.233596e-02 0.000000e+00 -9.986295e-01
    outer loop
      vertex   1.532049e+02 1.107250e+03 -1.827049e+02
      vertex   1.562885e+02 1.051500e+03 -1.825433e+02
      vertex   1.532049e+02 1.051500e+03 -1.827049e+02
    endloop
  endfacet
  facet normal -5.233596e-02 -0.000000e+00 -9.986295e-01
    outer loop
      vertex   1.532049e+02 1.107250e+03 -1.827049e+02
      vertex   1.532049e+02 1.051500e+03 -1.827049e+02
      vertex   1.501213e+02 1.107250e+03 -1.825433e+02
    endloop
  endfacet
  facet normal -5.233596e-02 -0.000000e+00 -9.986295e-01
    outer loop
      vertex   1.501213e+02 1.107250e+03 -1.825433e+02
      vertex   1.532049e+02 1.051500e+03 -1.827049e+02
      vertex   1.501213e+02 1.051500e+03 -1.825433e+02
    endloop
  endfacet
  facet normal -1.564345e-01 -0.000000e+00 -9.876883e-01
    outer loop
      vertex   1.501213e+02 1.107250e+03 -1.825433e+02
      vertex   1.501213e+02 1.051500e+03 -1.825433e+02
      vertex   1.470715e+02 1.107250e+03 -1.820603e+02
    endloop
  endfacet
  facet normal -1.564345e-01 -0.000000e+00 -9.876883e-01
    outer loop
      vertex   1.470715e+02 1.107250e+03 -1.820603e+02
      vertex   1.501213e+02 1.051500e+03 -1.825433e+02
      vertex   1.470715e+02 1.051500e+03 -1.820603e+02
    endloop
  endfacet
  facet normal -2.588190e-01 -0.000000e+00 -9.659258e-01
    outer loop
      vertex   1.470715e+02 1.107250e+03 -1.820603e+02
      vertex   1.470715e+02 1.051500e+03 -1.820603e+02
      vertex   1.440889e+02 1.107250e+03 -1.812611e+02
    endloop
  endfacet
  facet normal -2.588190e-01 -0.000000e+00 -9.659258e-01
    outer loop
      vertex   1.440889e+02 1.107250e+03 -1.812611e+02
      vertex   1.470715e+02 1.051500e+03 -1.820603e+02
      vertex   1.440889e+02 1.051500e+03 -1.812611e+02
    endloop
  endfacet
  facet normal -3.583679e-01 -0.000000e+00 -9.335804e-01
    outer loop
      vertex   1.440889e+02 1.107250e+03 -1.812611e+02
      vertex   1.440889e+02 1.051500e+03 -1.812611e+02
      vertex   1.412062e+02 1.107250e+03 -1.801545e+02
    endloop
  endfacet
  facet normal -3.583679e-01 -0.000000e+00 -9.335804e-01
    outer loop
      vertex   1.412062e+02 1.107250e+03 -1.801545e+02
      vertex   1.440889e+02 1.051500e+03 -1.812611e+02
      vertex   1.412062e+02 1.051500e+03 -1.801545e+02
    endloop
  endfacet
  facet normal -4.539905e-01 -0.000000e+00 -8.910065e-01
    outer loop
      vertex   1.412062e+02 1.107250e+03 -1.801545e+02
      vertex   1.412062e+02 1.051500e+03 -1.801545e+02
      vertex   1.384549e+02 1.107250e+03 -1.787527e+02
    endloop
  endfacet
  facet normal -4.539905e-01 -0.000000e+00 -8.910065e-01
    outer loop
      vertex   1.384549e+02 1.107250e+03 -1.787527e+02
      vertex   1.412062e+02 1.051500e+03 -1.801545e+02
      vertex   1.384549e+02 1.051500e+03 -1.787527e+02
    endloop
  endfacet
  facet normal -5.446390e-01 -0.000000e+00 -8.386706e-01
    outer loop
      vertex   1.384549e+02 1.107250e+03 -1.787527e+02
      vertex   1.384549e+02 1.051500e+03 -1.787527e+02
      vertex   1.358652e+02 1.107250e+03 -1.770709e+02
    endloop
  endfacet
  facet normal -5.446390e-01 -0.000000e+00 -8.386706e-01
    outer loop
      vertex   1.358652e+02 1.107250e+03 -1.770709e+02
      vertex   1.384549e+02 1.051500e+03 -1.787527e+02
      vertex   1.358652e+02 1.051500e+03 -1.770709e+02
    endloop
  endfacet
  facet normal -6.293204e-01 -0.000000e+00 -7.771460e-01
    outer loop
      vertex   1.358652e+02 1.107250e+03 -1.770709e+02
      vertex   1.358652e+02 1.051500e+03 -1.770709e+02
      vertex   1.334656e+02 1.107250e+03 -1.751277e+02
    endloop
  endfacet
  facet normal -6.293204e-01 -0.000000e+00 -7.771460e-01
    outer loop
      vertex   1.334656e+02 1.107250e+03 -1.751277e+02
      vertex   1.358652e+02 1.051500e+03 -1.770709e+02
      vertex   1.334656e+02 1.051500e+03 -1.751277e+02
    endloop
  endfacet
  facet normal -7.071068e-01 -0.000000e+00 -7.071068e-01
    outer loop
      vertex   1.334656e+02 1.107250e+03 -1.751277e+02
      vertex   1.334656e+02 1.051500e+03 -1.751277e+02
      vertex   1.312821e+02 1.107250e+03 -1.729443e+02
    endloop
  endfacet
  facet normal -7.071068e-01 -0.000000e+00 -7.071068e-01
    outer loop
      vertex   1.312821e+02 1.107250e+03 -1.729443e+02
      vertex   1.334656e+02 1.051500e+03 -1.751277e+02
      vertex   1.312821e+02 1.051500e+03 -1.729443e+02
    endloop
  endfacet
  facet normal -7.771460e-01 -0.000000e+00 -6.293204e-01
    outer loop
      vertex   1.312821e+02 1.107250e+03 -1.729443e+02
      vertex   1.312821e+02 1.051500e+03 -1.729443e+02
      vertex   1.293389e+02 1.107250e+03 -1.705446e+02
    endloop
  endfacet
  facet normal -7.771460e-01 -0.000000e+00 -6.293204e-01
    outer loop
      vertex   1.293389e+02 1.107250e+03 -1.705446e+02
      vertex   1.312821e+02 1.051500e+03 -1.729443e+02
      vertex   1.293389e+02 1.051500e+03 -1.705446e+02
    endloop
  endfacet
  facet normal -8.386706e-01 -0.000000e+00 -5.446390e-01
    outer loop
      vertex   1.293389e+02 1.107250e+03 -1.705446e+02
      vertex   1.293389e+02 1.051500e+03 -1.705446e+02
      vertex   1.276572e+02 1.107250e+03 -1.679549e+02
    endloop
  endfacet
  facet normal -8.386706e-01 -0.000000e+00 -5.446390e-01
    outer loop
      vertex   1.276572e+02 1.107250e+03 -1.679549e+02
      vertex   1.293389e+02 1.051500e+03 -1.705446e+02
      vertex   1.276572e+02 1.051500e+03 -1.679549e+02
    endloop
  endfacet
  facet normal -8.910065e-01 -0.000000e+00 -4.539905e-01
    outer loop
      vertex   1.276572e+02 1.107250e+03 -1.679549e+02
      vertex   1.276572e+02 1.051500e+03 -1.679549e+02
      vertex   1.262553e+02 1.107250e+03 -1.652036e+02
    endloop
  endfacet
  facet normal -8.910065e-01 -0.000000e+00 -4.539905e-01
    outer loop
      vertex   1.262553e+02 1.107250e+03 -1.652036e+02
      vertex   1.276572e+02 1.051500e+03 -1.679549e+02
      vertex   1.262553e+02 1.051500e+03 -1.652036e+02
    endloop
  endfacet
  facet normal -9.335804e-01 -0.000000e+00 -3.583679e-01
    outer loop
      vertex   1.262553e+02 1.107250e+03 -1.652036e+02
      vertex   1.262553e+02 1.051500e+03 -1.652036e+02
      vertex   1.251487e+02 1.107250e+03 -1.623209e+02
    endloop
  endfacet
  facet normal -9.335804e-01 -0.000000e+00 -3.583679e-01
    outer loop
      vertex   1.251487e+02 1.107250e+03 -1.623209e+02
      vertex   1.262553e+02 1.051500e+03 -1.652036e+02
      vertex   1.251487e+02 1.051500e+03 -1.623209e+02
    endloop
  endfacet
  facet normal -9.659258e-01 -0.000000e+00 -2.588190e-01
    outer loop
      vertex   1.251487e+02 1.107250e+03 -1.623209e+02
      vertex   1.251487e+02 1.051500e+03 -1.623209e+02
      vertex   1.243496e+02 1.107250e+03 -1.593383e+02
    endloop
  endfacet
  facet normal -9.659258e-01 -0.000000e+00 -2.588190e-01
    outer loop
      vertex   1.243496e+02 1.107250e+03 -1.593383e+02
      vertex   1.251487e+02 1.051500e+03 -1.623209e+02
      vertex   1.243496e+02 1.051500e+03 -1.593383e+02
    endloop
  endfacet
  facet normal -9.876883e-01 -0.000000e+00 -1.564345e-01
    outer loop
      vertex   1.243496e+02 1.107250e+03 -1.593383e+02
      vertex   1.243496e+02 1.051500e+03 -1.593383e+02
      vertex   1.238665e+02 1.107250e+03 -1.562885e+02
    endloop
  endfacet
  facet normal -9.876883e-01 -0.000000e+00 -1.564345e-01
    outer loop
      vertex   1.238665e+02 1.107250e+03 -1.562885e+02
      vertex   1.243496e+02 1.051500e+03 -1.593383e+02
      vertex   1.238665e+02 1.051500e+03 -1.562885e+02
    endloop
  endfacet
  facet normal -9.986295e-01 -0.000000e+00 -5.233596e-02
    outer loop
      vertex   1.238665e+02 1.107250e+03 -1.562885e+02
      vertex   1.238665e+02 1.051500e+03 -1.562885e+02
      vertex   1.237049e+02 1.107250e+03 -1.532049e+02
    endloop
  endfacet
  facet normal -9.986295e-01 -0.000000e+00 -5.233596e-02
    outer loop
      vertex   1.237049e+02 1.107250e+03 -1.532049e+02
      vertex   1.238665e+02 1.051500e+03 -1.562885e+02
      vertex   1.237049e+02 1.051500e+03 -1.532049e+02
    endloop
  endfacet
  facet normal -9.986295e-01 0.000000e+00 5.233596e-02
    outer loop
      vertex   1.237049e+02 1.051500e+03 -1.532049e+02
      vertex   1.237049e+02 9.957500e+02 -1.532049e+02
      vertex   1.238665e+02 1.051500e+03 -1.501213e+02
    endloop
  endfacet
  facet normal -9.986295e-01 0.000000e+00 5.233596e-02
    outer loop
      vertex   1.238665e+02 1.051500e+03 -1.501213e+02
      vertex   1.237049e+02 9.957500e+02 -1.532049e+02
      vertex   1.238665e+02 9.957500e+02 -1.501213e+02
    endloop
  endfacet
  facet normal -9.876883e-01 0.000000e+00 1.564345e-01
    outer loop
      vertex   1.238665e+02 1.051500e+03 -1.501213e+02
      vertex   1.238665e+02 9.957500e+02 -1.501213e+02
      vertex   1.243496e+02 1.051500e+03 -1.470715e+02
    endloop
  endfacet
  facet normal -9.876883e-01 0.000000e+00 1.564345e-01
    outer loop
      vertex   1.243496e+02 1.051500e+03 -1.470715e+02
      vertex   1.238665e+02 9.957500e+02 -1.501213e+02
      vertex   1.243496e+02 9.957500e+02 -1.470715e+02
    endloop
  endfacet
  facet normal -9.659258e-01 0.000000e+00 2.588190e-01
    outer loop
      vertex   1.243496e+02 1.051500e+03 -1.470715e+02
      vertex   1.243496e+02 9.957500e+02 -1.470715e+02
      vertex   1.251487e+02 1.051500e+03 -1.440889e+02
    endloop
  endfacet
  facet normal -9.659258e-01 0.000000e+00 2.588190e-01
    outer loop
      vertex   1.251487e+02 1.051500e+03 -1.440889e+02
      vertex   1.243496e+02 9.957500e+02 -1.470715e+02
      vertex   1.251487e+02 9.957500e+02 -1.440889e+02
    endloop
  endfacet
  facet normal -9.335804e-01 0.000000e+00 3.583679e-01
    outer loop
      vertex   1.251487e+02 1.051500e+03 -1.440889e+02
      vertex   1.251487e+02 9.957500e+02 -1.440889e+02
      vertex   1.262553e+02 1.051500e+03 -1.412062e+02
    endloop
  endfacet
  facet normal -9.335804e-01 0.000000e+00 3.583679e-01
    outer loop
      vertex   1.262553e+02 1.051500e+03 -1.412062e+02
      vertex   1.251487e+02 9.957500e+02 -1.440889e+02
      vertex   1.262553e+02 9.957500e+02 -1.412062e+02
    endloop
  endfacet
  facet normal -8.910065e-01 0.000000e+00 4.539905e-01
    outer loop
      vertex   1.262553e+02 1.051500e+03 -1.412062e+02
      vertex   1.262553e+02 9.957500e+02 -1.412062e+02
      vertex   1.276572e+02 1.051500e+03 -1.384549e+02
    endloop
  endfacet
  facet normal -8.910065e-01 0.000000e+00 4.539905e-01
    outer loop
      vertex   1.276572e+02 1.051500e+03 -1.384549e+02
      vertex   1.262553e+02 9.957500e+02 -1.412062e+02
      vertex   1.276572e+02 9.957500e+02 -1.384549e+02
    endloop
  endfacet
  facet normal -8.386706e-01 0.000000e+00 5.446390e-01
    outer loop
      vertex   1.276572e+02 1.051500e+03 -1.384549e+02
      vertex   1.276572e+02 9.957500e+02 -1.384549e+02
      vertex   1.293389e+02 1.051500e+03 -1.358652e+02
    endloop
  endfacet
  facet normal -8.386706e-01 0.000000e+00 5.446390e-01
    outer loop
      vertex   1.293389e+02 1.051500e+03 -1.358652e+02
      vertex   1.276572e+02 9.957500e+02 -1.384549e+02
      vertex   1.293389e+02 9.957500e+02 -1.358652e+02
    endloop
  endfacet
  facet normal -7.771460e-01 0.000000e+00 6.293204e-01
    outer loop
      vertex   1.293389e+02 1.051500e+03 -1.358652e+02
      vertex   1.293389e+02 9.957500e+02 -1.358652e+02
      vertex   1.312821e+02 1.051500e+03 -1.334656e+02
    endloop
  endfacet
  facet normal -7.771460e-01 0.000000e+00 6.293204e-01
    outer loop
      vertex   1.312821e+02 1.051500e+03 -1.334656e+02
      vertex   1.293389e+02 9.957500e+02 -1.358652e+02
      vertex   1.312821e+02 9.957500e+02 -1.334656e+02
    endloop
  endfacet
  facet normal -7.071068e-01 0.000000e+00 7.071068e-01
    outer loop
      vertex   1.312821e+02 1.051500e+03 -1.334656e+02
      vertex   1.312821e+02 9.957500e+02 -1.334656e+02
      vertex   1.334656e+02 1.051500e+03 -1.312821e+02
    endloop
  endfacet
  facet normal -7.071068e-01 0.000000e+00 7.071068e-01
    outer loop
      vertex   1.334656e+02 1.051500e+03 -1.312821e+02
      vertex   1.312821e+02 9.957500e+02 -1.334656e+02
      vertex   1.334656e+02 9.957500e+02 -1.312821e+02
    endloop
  endfacet
  facet normal -6.293204e-01 0.000000e+00 7.771460e-01
    outer loop
      vertex   1.334656e+02 1.051500e+03 -1.312821e+02
      vertex   1.334656e+02 9.957500e+02 -1.312821e+02
      vertex   1.358652e+02 1.051500e+03 -1.293389e+02
    endloop
  endfacet
  facet normal -6.293204e-01 0.000000e+00 7.771460e-01
    outer loop
      vertex   1.358652e+02 1.051500e+03 -1.293389e+02
      vertex   1.334656e+02 9.957500e+02 -1.312821e+02
      vertex   1.358652e+02 9.957500e+02 -1.293389e+02
    endloop
  endfacet
  facet normal -5.446390e-01 0.000000e+00 8.386706e-01
    outer loop
      vertex   1.358652e+02 1.051500e+03 -1.293389e+02
      vertex   1.358652e+02 9.957500e+02 -1.293389e+02
      vertex   1.384549e+02 1.051500e+03 -1.276572e+02
    endloop
  endfacet
  facet normal -5.446390e-01 0.000000e+00 8.386706e-01
    outer loop
      vertex   1.384549e+02 1.051500e+03 -1.276572e+02
      vertex   1.358652e+02 9.957500e+02 -1.293389e+02
      vertex   1.384549e+02 9.957500e+02 -1.276572e+02
    endloop
  endfacet
  facet normal -4.539905e-01 0.000000e+00 8.910065e-01
    outer loop
      vertex   1.384549e+02 1.051500e+03 -1.276572e+02
      vertex   1.384549e+02 9.957500e+02 -1.276572e+02
      vertex   1.412062e+02 1.051500e+03 -1.262553e+02
    endloop
  endfacet
  facet normal -4.539905e-01 0.000000e+00 8.910065e-01
    outer loop
      vertex   1.412062e+02 1.051500e+03 -1.262553e+02
      vertex   1.384549e+02 9.957500e+02 -1.276572e+02
      vertex   1.412062e+02 9.957500e+02 -1.262553e+02
    endloop
  endfacet
  facet normal -3.583679e-01 0.000000e+00 9.335804e-01
    outer loop
      vertex   1.412062e+02 1.051500e+03 -1.262553e+02
      vertex   1.412062e+02 9.957500e+02 -1.262553e+02
      vertex   1.440889e+02 1.051500e+03 -1.251487e+02
    endloop
  endfacet
  facet normal -3.583679e-01 0.000000e+00 9.335804e-01
    outer loop
      vertex   1.440889e+02 1.051500e+03 -1.251487e+02
      vertex   1.412062e+02 9.957500e+02 -1.262553e+02
      vertex   1.440889e+02 9.957500e+02 -1.251487e+02
    endloop
  endfacet
  facet normal -2.588190e-01 0.000000e+00 9.659258e-01
    outer loop
      vertex   1.440889e+02 1.051500e+03 -1.251487e+02
      vertex   1.440889e+02 9.957500e+02 -1.251487e+02
      vertex   1.470715e+02 1.051500e+03 -1.243496e+02
    endloop
  endfacet
  facet normal -2.588190e-01 0.000000e+00 9.659258e-01
    outer loop
      vertex   1.470715e+02 1.051500e+03 -1.243496e+02
      vertex   1.440889e+02 9.957500e+02 -1.251487e+02
      vertex   1.470715e+02 9.957500e+02 -1.243496e+02
    endloop
  endfacet
  facet normal -1.564345e-01 0.000000e+00 9.876883e-01
    outer loop
      vertex   1.470715e+02 1.051500e+03 -1.243496e+02
      vertex   1.470715e+02 9.957500e+02 -1.243496e+02
      vertex   1.501213e+02 1.051500e+03 -1.238665e+02
    endloop
  endfacet
  facet normal -1.564345e-01 0.000000e+00 9.876883e-01
    outer loop
      vertex   1.501213e+02 1.051500e+03 -1.238665e+02
      vertex   1.470715e+02 9.957500e+02 -1.243496e+02
      vertex   1.501213e+02 9.957500e+02 -1.238665e+02
    endloop
  endfacet
  facet normal -5.233596e-02 0.000000e+00 9.986295e-01
    outer loop
      vertex   1.501213e+02 1.051500e+03 -1.238665e+02
      vertex   1.501213e+02 9.957500e+02 -1.238665e+02
      vertex   1.532049e+02 1.051500e+03 -1.237049e+02
    endloop
  endfacet
  facet normal -5.233596e-02 0.000000e+00 9.986295e-01
    outer loop
      vertex   1.532049e+02 1.051500e+03 -1.237049e+02
      vertex   1.501213e+02 9.957500e+02 -1.238665e+02
      vertex   1.532049e+02 9.957500e+02 -1.237049e+02
    endloop
  endfacet
  facet normal 5.233596e-02 0.000000e+00 9.986295e-01
    outer loop
      vertex   1.532049e+02 1.051500e+03 -1.237049e+02
      vertex   1.532049e+02 9.957500e+02 -1.237049e+02
      vertex   1.562885e+02 1.051500e+03 -1.238665e+02
    endloop
  endfacet
  facet normal 5.233596e-02 0.000000e+00 9.986295e-01
    outer loop
      vertex   1.562885e+02 1.051500e+03 -1.238665e+02
      vertex   1.532049e+02 9.957500e+02 -1.237049e+02
      vertex   1.562885e+02 9.957500e+02 -1.238665e+02
    endloop
  endfacet
  facet normal 1.564345e-01 0.000000e+00 9.876883e-01
    outer loop
      vertex   1.562885e+02 1.051500e+03 -1.238665e+02
      vertex   1.562885e+02 9.957500e+02 -1.238665e+02
      vertex   1.593383e+02 1.051500e+03 -1.243496e+02
    endloop
  endfacet
  facet normal 1.564345e-01 0.000000e+00 9.876883e-01
    outer loop
      vertex   1.593383e+02 1.051500e+03 -1.243496e+02
      vertex   1.562885e+02 9.957500e+02 -1.238665e+02
      vertex   1.593383e+02 9.957500e+02 -1.243496e+02
    endloop
  endfacet
  facet normal 2.588190e-01 0.000000e+00 9.659258e-01
    outer loop
      vertex   1.593383e+02 1.051500e+03 -1.243496e+02
      vertex   1.593383e+02 9.957500e+02 -1.243496e+02
      vertex   1.623209e+02 1.051500e+03 -1.251487e+02
    endloop
  endfacet
  facet normal 2.588190e-01 0.000000e+00 9.659258e-01
    outer loop
      vertex   1.623209e+02 1.051500e+03 -1.251487e+02
      vertex   1.593383e+02 9.957500e+02 -1.243496e+02
      vertex   1.623209e+02 9.957500e+02 -1.251487e+02
    endloop
  endfacet
  facet normal 3.583679e-01 0.000000e+00 9.335804e-01
    outer loop
      vertex   1.623209e+02 1.051500e+03 -1.251487e+02
      vertex   1.623209e+02 9.957500e+02 -1.251487e+02
      vertex   1.652036e+02 1.051500e+03 -1.262553e+02
    endloop
  endfacet
  facet normal 3.583679e-01 0.000000e+00 9.335804e-01
    outer loop
      vertex   1.652036e+02 1.051500e+03 -1.262553e+02
      vertex   1.623209e+02 9.957500e+02 -1.251487e+02
      vertex   1.652036e+02 9.957500e+02 -1.262553e+02
    endloop
  endfacet
  facet normal 4.539905e-01 0.000000e+00 8.910065e-01
    outer loop
      vertex   1.652036e+02 1.051500e+03 -1.262553e+02
      vertex   1.652036e+02 9.957500e+02 -1.262553e+02
      vertex   1.679549e+02 1.051500e+03 -1.276572e+02
    endloop
  endfacet
  facet normal 4.539905e-01 0.000000e+00 8.910065e-01
    outer loop
      vertex   1.679549e+02 1.051500e+03 -1.276572e+02
      vertex   1.652036e+02 9.957500e+02 -1.262553e+02
      vertex   1.679549e+02 9.957500e+02 -1.276572e+02
    endloop
  endfacet
  facet normal 5.446390e-01 0.000000e+00 8.386706e-01
    outer loop
      vertex   1.679549e+02 1.051500e+03 -1.276572e+02
      vertex   1.679549e+02 9.957500e+02 -1.276572e+02
      vertex   1.705446e+02 1.051500e+03 -1.293389e+02
    endloop
  endfacet
  facet normal 5.446390e-01 0.000000e+00 8.386706e-01
    outer loop
      vertex   1.705446e+02 1.051500e+03 -1.293389e+02
      vertex   1.679549e+02 9.957500e+02 -1.276572e+02
      vertex   1.705446e+02 9.957500e+02 -1.293389e+02
    endloop
  endfacet
  facet normal 6.293204e-01 0.000000e+00 7.771460e-01
    outer loop
      vertex   1.705446e+02 1.051500e+03 -1.293389e+02
      vertex   1.705446e+02 9.957500e+02 -1.293389e+02
      vertex   1.729443e+02 1.051500e+03 -1.312821e+02
    endloop
  endfacet
  facet normal 6.293204e-01 0.000000e+00 7.771460e-01
    outer loop
      vertex   1.729443e+02 1.051500e+03 -1.312821e+02
      vertex   1.705446e+02 9.957500e+02 -1.293389e+02
      vertex   1.729443e+02 9.957500e+02 -1.312821e+02
    endloop
  endfacet
  facet normal 7.071068e-01 0.000000e+00 7.071068e-01
    outer loop
      vertex   1.729443e+02 1.051500e+03 -1.312821e+02
      vertex   1.729443e+02 9.957500e+02 -1.312821e+02
      vertex   1.751277e+02 1.051500e+03 -1.334656e+02
    endloop
  endfacet
  facet normal 7.071068e-01 0.000000e+00 7.071068e-01
    outer loop
      vertex   1.751277e+02 1.051500e+03 -1.334656e+02
      vertex   1.729443e+02 9.957500e+02 -1.312821e+02
      vertex   1.751277e+02 9.957500e+02 -1.334656e+02
    endloop
  endfacet
  facet normal 7.771460e-01 0.000000e+00 6.293204e-01
    outer loop
      vertex   1.751277e+02 1.051500e+03 -1.334656e+02
      vertex   1.751277e+02 9.957500e+02 -1.334656e+02
      vertex   1.770709e+02 1.051500e+03 -1.358652e+02
    endloop
  endfacet
  facet normal 7.771460e-01 0.000000e+00 6.293204e-01
    outer loop
      vertex   1.770709e+02 1.051500e+03 -1.358652e+02
      vertex   1.751277e+02 9.957500e+02 -1.334656e+02
      vertex   1.770709e+02 9.957500e+02 -1.358652e+02
    endloop
  endfacet
  facet normal 8.386706e-01 0.000000e+00 5.446390e-01
    outer loop
      vertex   1.770709e+02 1.051500e+03 -1.358652e+02
      vertex   1.770709e+02 9.957500e+02 -1.358652e+02
      vertex   1.787527e+02 1.051500e+03 -1.384549e+02
    endloop
  endfacet
  facet normal 8.386706e-01 0.000000e+00 5.446390e-01
    outer loop
      vertex   1.787527e+02 1.051500e+03 -1.384549e+02
      vertex   1.770709e+02 9.957500e+02 -1.358652e+02
      vertex   1.787527e+02 9.957500e+02 -1.384549e+02
    endloop
  endfacet
  facet normal 8.910065e-01 0.000000e+00 4.539905e-01
    outer loop
      vertex   1.787527e+02 1.051500e+03 -1.384549e+02
      vertex   1.787527e+02 9.957500e+02 -1.384549e+02
      vertex   1.801545e+02 1.051500e+03 -1.412062e+02
    endloop
  endfacet
  facet normal 8.910065e-01 0.000000e+00 4.539905e-01
    outer loop
      vertex   1.801545e+02 1.051500e+03 -1.412062e+02
      vertex   1.787527e+02 9.957500e+02 -1.384549e+02
      vertex   1.801545e+02 9.957500e+02 -1.412062e+02
    endloop
  endfacet
  facet normal 9.335804e-01 0.000000e+00 3.583679e-01
    outer loop
      vertex   1.801545e+02 1.051500e+03 -1.412062e+02
      vertex   1.801545e+02 9.957500e+02 -1.412062e+02
      vertex   1.812611e+02 1.051500e+03 -1.440889e+02
    endloop
  endfacet
  facet normal 9.335804e-01 0.000000e+00 3.583679e-01
    outer loop
      vertex   1.812611e+02 1.051500e+03 -1.440889e+02
      vertex   1.801545e+02 9.957500e+02 -1.412062e+02
      vertex   1.812611e+02 9.957500e+02 -1.440889e+02
    endloop
  endfacet
  facet normal 9.659258e-01 0.000000e+00 2.588190e-01
    outer loop
      vertex   1.812611e+02 1.051500e+03 -1.440889e+02
      vertex   1.812611e+02 9.957500e+02 -1.440889e+02
      vertex   1.820603e+02 1.051500e+03 -1.470715e+02
    endloop
  endfacet
  facet normal 9.659258e-01 0.000000e+00 2.588190e-01
    outer loop
      vertex   1.820603e+02 1.051500e+03 -1.470715e+02
      vertex   1.812611e+02 9.957500e+02 -1.440889e+02
      vertex   1.820603e+02 9.957500e+02 -1.470715e+02
    endloop
  endfacet
  facet normal 9.876883e-01 0.000000e+00 1.564345e-01
    outer loop
      vertex   1.820603e+02 1.051500e+03 -1.470715e+02
      vertex   1.820603e+02 9.957500e+02 -1.470715e+02
      vertex   1.825433e+02 1.051500e+03 -1.501213e+02
    endloop
  endfacet
  facet normal 9.876883e-01 0.000000e+00 1.564345e-01
    outer loop
      vertex   1.825433e+02 1.051500e+03 -1.501213e+02
      vertex   1.820603e+02 9.957500e+02 -1.470715e+02
      vertex   1.825433e+02 9.957500e+02 -1.501213e+02
    endloop
  endfacet
  facet normal 9.986295e-01 0.000000e+00 5.233596e-02
    outer loop
      vertex   1.825433e+02 1.051500e+03 -1.501213e+02
      vertex   1.825433e+02 9.957500e+02 -1.501213e+02
      vertex   1.827049e+02 1.051500e+03 -1.532049e+02
    endloop
  endfacet
  facet normal 9.986295e-01 0.000000e+00 5.233596e-02
    outer loop
      vertex   1.827049e+02 1.051500e+03 -1.532049e+02
      vertex   1.825433e+02 9.957500e+02 -1.501213e+02
      vertex   1.827049e+02 9.957500e+02 -1.532049e+02
    endloop
  endfacet
  facet normal 9.986295e-01 0.000000e+00 -5.233596e-02
    outer loop
      vertex   1.827049e+02 1.051500e+03 -1.532049e+02
      vertex   1.827049e+02 9.957500e+02 -1.532049e+02
      vertex   1.825433e+02 1.051500e+03 -1.562885e+02
    endloop
  endfacet
  facet normal 9.986295e-01 0.000000e+00 -5.233596e-02
    outer loop
      vertex   1.825433e+02 1.051500e+03 -1.562885e+02
      vertex   1.827049e+02 9.957500e+02 -1.532049e+02
      vertex   1.825433e+02 9.957500e+02 -1.562885e+02
    endloop
  endfacet
  facet normal 9.876883e-01 0.000000e+00 -1.564345e-01
    outer loop
      vertex   1.825433e+02 1.051500e+03 -1.562885e+02
      vertex   1.825433e+02 9.957500e+02 -1.562885e+02
      vertex   1.820603e+02 1.051500e+03 -1.593383e+02
    endloop
  endfacet
  facet normal 9.876883e-01 0.000000e+00 -1.564345e-01
    outer loop
      vertex   1.820603e+02 1.051500e+03 -1.593383e+02
      vertex   1.825433e+02 9.957500e+02 -1.562885e+02
      vertex   1.820603e+02 9.957500e+02 -1.593383e+02
    endloop
  endfacet
  facet normal 9.659258e-01 0.000000e+00 -2.588190e-01
    outer loop
      vertex   1.820603e+02 1.051500e+03 -1.593383e+02
      vertex   1.820603e+02 9.957500e+02 -1.593383e+02
      vertex   1.812611e+02 1.051500e+03 -1.623209e+02
    endloop
  endfacet
  facet normal 9.659258e-01 0.000000e+00 -2.588190e-01
    outer loop
      vertex   1.812611e+02 1.051500e+03 -1.623209e+02
      vertex   1.820603e+02 9.957500e+02 -1.593383e+02
      vertex   1.812611e+02 9.957500e+02 -1.623209e+02
    endloop
  endfacet
  facet normal 9.335804e-01 0.000000e+00 -3.583679e-01
    outer loop
      vertex   1.812611e+02 1.051500e+03 -1.623209e+02
      vertex   1.812611e+02 9.957500e+02 -1.623209e+02
      vertex   1.801545e+02 1.051500e+03 -1.652036e+02
    endloop
  endfacet
  facet normal 9.335804e-01 0.000000e+00 -3.583679e-01
    outer loop
      vertex   1.801545e+02 1.051500e+03 -1.652036e+02
      vertex   1.812611e+02 9.957500e+02 -1.623209e+02
      vertex   1.801545e+02 9.957500e+02 -1.652036e+02
    endloop
  endfacet
  facet normal 8.910065e-01 0.000000e+00 -4.539905e-01
    outer loop
      vertex   1.801545e+02 1.051500e+03 -1.652036e+02
      vertex   1.801545e+02 9.957500e+02 -1.652036e+02
      vertex   1.787527e+02 1.051500e+03 -1.679549e+02
    endloop
  endfacet
  facet normal 8.910065e-01 0.000000e+00 -4.539905e-01
    outer loop
      vertex   1.787527e+02 1.051500e+03 -1.679549e+02
      vertex   1.801545e+02 9.957500e+02 -1.652036e+02
      vertex   1.787527e+02 9.957500e+02 -1.679549e+02
    endloop
  endfacet
  facet normal 8.386706e-01 0.000000e+00 -5.446390e-01
    outer loop
      vertex   1.787527e+02 1.051500e+03 -1.679549e+02
      vertex   1.787527e+02 9.957500e+02 -1.679549e+02
      vertex   1.770709e+02 1.051500e+03 -1.705446e+02
    endloop
  endfacet
  facet normal 8.386706e-01 0.000000e+00 -5.446390e-01
    outer loop
      vertex   1.770709e+02 1.051500e+03 -1.705446e+02
      vertex   1.787527e+02 9.957500e+02 -1.679549e+02
      vertex   1.770709e+02 9.957500e+02 -1.705446e+02
    endloop
  endfacet
  facet normal 7.771460e-01 0.000000e+00 -6.293204e-01
    outer loop
      vertex   1.770709e+02 1.051500e+03 -1.705446e+02
      vertex   1.770709e+02 9.957500e+02 -1.705446e+02
      vertex   1.751277e+02 1.051500e+03 -1.729443e+02
    endloop
  endfacet
  facet normal 7.771460e-01 0.000000e+00 -6.293204e-01
    outer loop
      vertex   1.751277e+02 1.051500e+03 -1.729443e+02
      vertex   1.770709e+02 9.957500e+02 -1.705446e+02
      vertex   1.751277e+02 9.957500e+02 -1.729443e+02
    endloop
  endfacet
  facet normal 7.071068e-01 0.000000e+00 -7.071068e-01
    outer loop
      vertex   1.751277e+02 1.051500e+03 -1.729443e+02
      vertex   1.751277e+02 9.957500e+02 -1.729443e+02
      vertex   1.729443e+02 1.051500e+03 -1.751277e+02
    endloop
  endfacet
  facet normal 7.071068e-01 0.000000e+00 -7.071068e-01
    outer loop
      vertex   1.729443e+02 1.051500e+03 -1.751277e+02
      vertex   1.751277e+02 9.957500e+02 -1.729443e+02
      vertex   1.729443e+02 9.957500e+02 -1.751277e+02
    endloop
  endfacet
  facet normal 6.293204e-01 0.000000e+00 -7.771460e-01
    outer loop
      vertex   1.729443e+02 1.051500e+03 -1.751277e+02
      vertex   1.729443e+02 9.957500e+02 -1.751277e+02
      vertex   1.705446e+02 1.051500e+03 -1.770709e+02
    endloop
  endfacet
  facet normal 6.293204e-01 0.000000e+00 -7.771460e-01
    outer loop
      vertex   1.705446e+02 1.051500e+03 -1.770709e+02
      vertex   1.729443e+02 9.957500e+02 -1.751277e+02
      vertex   1.705446e+02 9.957500e+02 -1.770709e+02
    endloop
  endfacet
  facet normal 5.446390e-01 0.000000e+00 -8.386706e-01
    outer loop
      vertex   1.705446e+02 1.051500e+03 -1.770709e+02
      vertex   1.705446e+02 9.957500e+02 -1.770709e+02
      vertex   1.679549e+02 1.051500e+03 -1.787527e+02
    endloop
  endfacet
  facet normal 5.446390e-01 0.000000e+00 -8.386706e-01
    outer loop
      vertex   1.679549e+02 1.051500e+03 -1.787527e+02
      vertex   1.705446e+02 9.957500e+02 -1.770709e+02
      vertex   1.679549e+02 9.957500e+02 -1.787527e+02
    endloop
  endfacet
  facet normal 4.539905e-01 0.000000e+00 -8.910065e-01
    outer loop
      vertex   1.679549e+02 1.051500e+03 -1.787527e+02
      vertex   1.679549e+02 9.957500e+02 -1.787527e+02
      vertex   1.652036e+02 1.051500e+03 -1.801545e+02
    endloop
  endfacet
  facet normal 4.539905e-01 0.000000e+00 -8.910065e-01
    outer loop
      vertex   1.652036e+02 1.051500e+03 -1.801545e+02
      vertex   1.679549e+02 9.957500e+02 -1.787527e+02
      vertex   1.652036e+02 9.957500e+02 -1.801545e+02
    endloop
  endfacet
  facet normal 3.583679e-01 0.000000e+00 -9.335804e-01
    outer loop
      vertex   1.652036e+02 1.051500e+03 -1.801545e+02
      vertex   1.652036e+02 9.957500e+02 -1.801545e+02
      vertex   1.623209e+02 1.051500e+03 -1.812611e+02
    endloop
  endfacet
  facet normal 3.583679e-01 0.000000e+00 -9.335804e-01
    outer loop
      vertex   1.623209e+02 1.051500e+03 -1.812611e+02
      vertex   1.652036e+02 9.957500e+02 -1.801545e+02
      vertex   1.623209e+02 9.957500e+02 -1.812611e+02
    endloop
  endfacet
  facet normal 2.588190e-01 0.000000e+00 -9.659258e-01
    outer loop
      vertex   1.623209e+02 1.051500e+03 -1.812611e+02
      vertex   1.623209e+02 9.957500e+02 -1.812611e+02
      vertex   1.593383e+02 1.051500e+03 -1.820603e+02
    endloop
  endfacet
  facet normal 2.588190e-01 0.000000e+00 -9.659258e-01
    outer loop
      vertex   1.593383e+02 1.051500e+03 -1.820603e+02
      vertex   1.623209e+02 9.957500e+02 -1.812611e+02
      vertex   1.593383e+02 9.957500e+02 -1.820603e+02
    endloop
  endfacet
  facet normal 1.564345e-01 0.000000e+00 -9.876883e-01
    outer loop
      vertex   1.593383e+02 1.051500e+03 -1.820603e+02
      vertex   1.593383e+02 9.957500e+02 -1.820603e+02
      vertex   1.562885e+02 1.051500e+03 -1.825433e+02
    endloop
  endfacet
  facet normal 1.564345e-01 0.000000e+00 -9.876883e-01
    outer loop
      vertex   1.562885e+02 1.051500e+03 -1.825433e+02
      vertex   1.593383e+02 9.957500e+02 -1.820603e+02
      vertex   1.562885e+02 9.957500e+02 -1.825433e+02
    endloop
  endfacet
  facet normal 5.233596e-02 0.000000e+00 -9.986295e-01
    outer loop
      vertex   1.562885e+02 1.051500e+03 -1.825433e+02
      vertex   1.562885e+02 9.957500e+02 -1.825433e+02
      vertex   1.532049e+02 1.051500e+03 -1.827049e+02
    endloop
  endfacet
  facet normal 5.233596e-02 0.000000e+00 -9.986295e-01
    outer loop
      vertex   1.532049e+02 1.051500e+03 -1.827049e+02
      vertex   1.562885e+02 9.957500e+02 -1.825433e+02
      vertex   1.532049e+02 9.957500e+02 -1.827049e+02
    endloop
  endfacet
  facet normal -5.233596e-02 -0.000000e+00 -9.986295e-01
    outer loop
      vertex   1.532049e+02 1.051500e+03 -1.827049e+02
      vertex   1.532049e+02 9.957500e+02 -1.827049e+02
      vertex   1.501213e+02 1.051500e+03 -1.825433e+02
    endloop
  endfacet
  facet normal -5.233596e-02 -0.000000e+00 -9.986295e-01
    outer loop
      vertex   1.501213e+02 1.051500e+03 -1.825433e+02
      vertex   1.532049e+02 9.957500e+02 -1.827049e+02
      vertex   1.501213e+02 9.957500e+02 -1.825433e+02
    endloop
  endfacet
  facet normal -1.564345e-01 -0.000000e+00 -9.876883e-01
    outer loop
      vertex   1.501213e+02 1.051500e+03 -1.825433e+02
      vertex   1.501213e+02 9.957500e+02 -1.825433e+02
      vertex   1.470715e+02 1.051500e+03 -1.820603e+02
    endloop
  endfacet
  facet normal -1.564345e-01 -0.000000e+00 -9.876883e-01
    outer loop
      vertex   1.470715e+02 1.051500e+03 -1.820603e+02
      vertex   1.501213e+02 9.957500e+02 -1.825433e+02
      vertex   1.470715e+02 9.957500e+02 -1.820603e+02
    endloop
  endfacet
  facet normal -2.588190e-01 -0.000000e+00 -9.659258e-01
    outer loop
      vertex   1.470715e+02 1.051500e+03 -1.820603e+02
      vertex   1.470715e+02 9.957500e+02 -1.820603e+02
      vertex   1.440889e+02 1.051500e+03 -1.812611e+02
    endloop
  endfacet
  facet normal -2.588190e-01 -0.000000e+00 -9.659258e-01
    outer loop
      vertex   1.440889e+02 1.051500e+03 -1.812611e+02
      vertex   1.470715e+02 9.957500e+02 -1.820603e+02
      vertex   1.440889e+02 9.957500e+02 -1.812611e+02
    endloop
  endfacet
  facet normal -3.583679e-01 -0.000000e+00 -9.335804e-01
    outer loop
      vertex   1.440889e+02 1.051500e+03 -1.812611e+02
      vertex   1.440889e+02 9.957500e+02 -1.812611e+02
      vertex   1.412062e+02 1.051500e+03 -1.801545e+02
    endloop
  endfacet
  facet normal -3.583679e-01 -0.000000e+00 -9.335804e-01
    outer loop
      vertex   1.412062e+02 1.051500e+03 -1.801545e+02
      vertex   1.440889e+02 9.957500e+02 -1.812611e+02
      vertex   1.412062e+02 9.957500e+02 -1.801545e+02
    endloop
  endfacet
  facet normal -4.539905e-01 -0.000000e+00 -8.910065e-01
    outer loop
      vertex   1.412062e+02 1.051500e+03 -1.801545e+02
      vertex   1.412062e+02 9.957500e+02 -1.801545e+02
      vertex   1.384549e+02 1.051500e+03 -1.787527e+02
    endloop
  endfacet
  facet normal -4.539905e-01 -0.000000e+00 -8.910065e-01
    outer loop
      vertex   1.384549e+02 1.051500e+03 -1.787527e+02
      vertex   1.412062e+02 9.957500e+02 -1.801545e+02
      vertex   1.384549e+02 9.957500e+02 -1.787527e+02
    endloop
  endfacet
  facet normal -5.446390e-01 -0.000000e+00 -8.386706e-01
    outer loop
      vertex   1.384549e+02 1.051500e+03 -1.787527e+02
      vertex   1.384549e+02 9.957500e+02 -1.787527e+02
      vertex   1.358652e+02 1.051500e+03 -1.770709e+02
    endloop
  endfacet
  facet normal -5.446390e-01 -0.000000e+00 -8.386706e-01
    outer loop
      vertex   1.358652e+02 1.051500e+03 -1.770709e+02
      vertex   1.384549e+02 9.957500e+02 -1.787527e+02
      vertex   1.358652e+02 9.957500e+02 -1.770709e+02
    endloop
  endfacet
  facet normal -6.293204e-01 -0.000000e+00 -7.771460e-01
    outer loop
      vertex   1.358652e+02 1.051500e+03 -1.770709e+02
      vertex   1.358652e+02 9.957500e+02 -1.770709e+02
      vertex   1.334656e+02 1.051500e+03 -1.751277e+02
    endloop
  endfacet
  facet normal -6.293204e-01 -0.000000e+00 -7.771460e-01
    outer loop
      vertex   1.334656e+02 1.051500e+03 -1.751277e+02
      vertex   1.358652e+02 9.957500e+02 -1.770709e+02
      vertex   1.334656e+02 9.957500e+02 -1.751277e+02
    endloop
  endfacet
  facet normal -7.071068e-01 -0.000000e+00 -7.071068e-01
    outer loop
      vertex   1.334656e+02 1.051500e+03 -1.751277e+02
      vertex   1.334656e+02 9.957500e+02 -1.751277e+02
      vertex   1.312821e+02 1.051500e+03 -1.729443e+02
    endloop
  endfacet
  facet normal -7.071068e-01 -0.000000e+00 -7.071068e-01
    outer loop
      vertex   1.312821e+02 1.051500e+03 -1.729443e+02
      vertex   1.334656e+02 9.957500e+02 -1.751277e+02
      vertex   1.312821e+02 9.957500e+02 -1.729443e+02
    endloop
  endfacet
  facet normal -7.771460e-01 -0.000000e+00 -6.293204e-01
    outer loop
      vertex   1.312821e+02 1.051500e+03 -1.729443e+02
      vertex   1.312821e+02 9.957500e+02 -1.729443e+02
      vertex   1.293389e+02 1.051500e+03 -1.705446e+02
    endloop
  endfacet
  facet normal -7.771460e-01 -0.000000e+00 -6.293204e-01
    outer loop
      vertex   1.293389e+02 1.051500e+03 -1.705446e+02
      vertex   1.312821e+02 9.957500e+02 -1.729443e+02
      vertex   1.293389e+02 9.957500e+02 -1.705446e+02
    endloop
  endfacet
  facet normal -8.386706e-01 -0.000000e+00 -5.446390e-01
    outer loop
      vertex   1.293389e+02 1.051500e+03 -1.705446e+02
      vertex   1.293389e+02 9.957500e+02 -1.705446e+02
      vertex   1.276572e+02 1.051500e+03 -1.679549e+02
    endloop
  endfacet
  facet normal -8.386706e-01 -0.000000e+00 -5.446390e-01
    outer loop
      vertex   1.276572e+02 1.051500e+03 -1.679549e+02
      vertex   1.293389e+02 9.957500e+02 -1.705446e+02
      vertex   1.276572e+02 9.957500e+02 -1.679549e+02
    endloop
  endfacet
  facet normal -8.910065e-01 -0.000000e+00 -4.539905e-01
    outer loop
      vertex   1.276572e+02 1.051500e+03 -1.679549e+02
      vertex   1.276572e+02 9.957500e+02 -1.679549e+02
      vertex   1.262553e+02 1.051500e+03 -1.652036e+02
    endloop
  endfacet
  facet normal -8.910065e-01 -0.000000e+00 -4.539905e-01
    outer loop
      vertex   1.262553e+02 1.051500e+03 -1.652036e+02
      vertex   1.276572e+02 9.957500e+02 -1.679549e+02
      vertex   1.262553e+02 9.957500e+02 -1.652036e+02
    endloop
  endfacet
  facet normal -9.335804e-01 -0.000000e+00 -3.583679e-01
    outer loop
      vertex   1.262553e+02 1.051500e+03 -1.652036e+02
      vertex   1.262553e+02 9.957500e+02 -1.652036e+02
      vertex   1.251487e+02 1.051500e+03 -1.623209e+02
    endloop
  endfacet
  facet normal -9.335804e-01 -0.000000e+00 -3.583679e-01
    outer loop
      vertex   1.251487e+02 1.051500e+03 -1.623209e+02
      vertex   1.262553e+02 9.957500e+02 -1.652036e+02
      vertex   1.251487e+02 9.957500e+02 -1.623209e+02
    endloop
  endfacet
  facet normal -9.659258e-01 -0.000000e+00 -2.588190e-01
    outer loop
      vertex   1.251487e+02 1.051500e+03 -1.623209e+02
      vertex   1.251487e+02 9.957500e+02 -1.623209e+02
      vertex   1.243496e+02 1.051500e+03 -1.593383e+02
    endloop
  endfacet
  facet normal -9.659258e-01 -0.000000e+00 -2.588190e-01
    outer loop
      vertex   1.243496e+02 1.051500e+03 -1.593383e+02
      vertex   1.251487e+02 9.957500e+02 -1.623209e+02
      vertex   1.243496e+02 9.957500e+02 -1.593383e+02
    endloop
  endfacet
  facet normal -9.876883e-01 -0.000000e+00 -1.564345e-01
    outer loop
      vertex   1.243496e+02 1.051500e+03 -1.593383e+02
      vertex   1.243496e+02 9.957500e+02 -1.593383e+02
      vertex   1.238665e+02 1.051500e+03 -1.562885e+02
    endloop
  endfacet
  facet normal -9.876883e-01 -0.000000e+00 -1.564345e-01
    outer loop
      vertex   1.238665e+02 1.051500e+03 -1.562885e+02
      vertex   1.243496e+02 9.957500e+02 -1.593383e+02
      vertex   1.238665e+02 9.957500e+02 -1.562885e+02
    endloop
  endfacet
  facet normal -9.986295e-01 -0.000000e+00 -5.233596e-02
    outer loop
      vertex   1.238665e+02 1.051500e+03 -1.562885e+02
      vertex   1.238665e+02 9.957500e+02 -1.562885e+02
      vertex   1.237049e+02 1.051500e+03 -1.532049e+02
    endloop
  endfacet
  facet normal -9.986295e-01 -0.000000e+00 -5.233596e-02
    outer loop
      vertex   1.237049e+02 1.051500e+03 -1.532049e+02
      vertex   1.238665e+02 9.957500e+02 -1.562885e+02
      vertex   1.237049e+02 9.957500e+02 -1.532049e+02
    endloop
  endfacet
  facet normal -0.000000e+00 1.000000e+00 0.000000e+00
    outer loop
      vertex   1.238665e+02 1.163000e+03 -1.501213e+02
      vertex   1.825433e+02 1.163000e+03 -1.501213e+02
      vertex   1.237049e+02 1.163000e+03 -1.532049e+02
    endloop
  endfacet
  facet normal 0.000000e+00 1.000000e+00 0.000000e+00
    outer loop
      vertex   1.237049e+02 1.163000e+03 -1.532049e+02
      vertex   1.825433e+02 1.163000e+03 -1.501213e+02
      vertex   1.827049e+02 1.163000e+03 -1.532049e+02
    endloop
  endfacet
  facet normal -0.000000e+00 1.000000e+00 0.000000e+00
    outer loop
      vertex   1.237049e+02 1.163000e+03 -1.532049e+02
      vertex   1.827049e+02 1.163000e+03 -1.532049e+02
      vertex   1.238665e+02 1.163000e+03 -1.562885e+02
    endloop
  endfacet
  facet normal 0.000000e+00 1.000000e+00 0.000000e+00
    outer loop
      vertex   1.238665e+02 1.163000e+03 -1.562885e+02
      vertex   1.827049e+02 1.163000e+03 -1.532049e+02
      vertex   1.825433e+02 1.163000e+03 -1.562885e+02
    endloop
  endfacet
  facet normal -0.000000e+00 1.000000e+00 0.000000e+00
    outer loop
      vertex   1.238665e+02 1.163000e+03 -1.562885e+02
      vertex   1.825433e+02 1.163000e+03 -1.562885e+02
      vertex   1.243496e+02 1.163000e+03 -1.593383e+02
    endloop
  endfacet
  facet normal 0.000000e+00 1.000000e+00 0.000000e+00
    outer loop
      vertex   1.243496e+02 1.163000e+03 -1.593383e+02
      vertex   1.825433e+02 1.163000e+03 -1.562885e+02
      vertex   1.820603e+02 1.163000e+03 -1.593383e+02
    endloop
  endfacet
  facet normal -0.000000e+00 1.000000e+00 0.000000e+00
    outer loop
      vertex   1.243496e+02 1.163000e+03 -1.593383e+02
      vertex   1.820603e+02 1.163000e+03 -1.593383e+02
      vertex   1.251487e+02 1.163000e+03 -1.623209e+02
    endloop
  endfacet
  facet normal 0.000000e+00 1.000000e+00 0.000000e+00
    outer loop
      vertex   1.251487e+02 1.163000e+03 -1.623209e+02
      vertex   1.820603e+02 1.163000e+03 -1.593383e+02
      vertex   1.812611e+02 1.163000e+03 -1.623209e+02
    endloop
  endfacet
  facet normal -0.000000e+00 1.000000e+00 0.000000e+00
    outer loop
      vertex   1.251487e+02 1.163000e+03 -1.623209e+02
      vertex   1.812611e+02 1.163000e+03 -1.623209e+02
      vertex   1.262553e+02 1.163000e+03 -1.652036e+02
    endloop
  endfacet
  facet normal 0.000000e+00 1.000000e+00 0.000000e+00
    outer loop
      vertex   1.262553e+02 1.163000e+03 -1.652036e+02
      vertex   1.812611e+02 1.163000e+03 -1.623209e+02
      vertex   1.801545e+02 1.163000e+03 -1.652036e+02
    endloop
  endfacet
  facet normal -0.000000e+00 1.000000e+00 0.000000e+00
    outer loop
      vertex   1.262553e+02 1.163000e+03 -1.652036e+02
      vertex   1.801545e+02 1.163000e+03 -1.652036e+02
      vertex   1.276572e+02 1.163000e+03 -1.679549e+02
    endloop
  endfacet
  facet normal 0.000000e+00 1.000000e+00 0.000000e+00
    outer loop
      vertex   1.276572e+02 1.163000e+03 -1.679549e+02
      vertex   1.801545e+02 1.163000e+03 -1.652036e+02
      vertex   1.787527e+02 1.163000e+03 -1.679549e+02
    endloop
  endfacet
  facet normal -0.000000e+00 1.000000e+00 0.000000e+00
    outer loop
      vertex   1.276572e+02 1.163000e+03 -1.679549e+02
      vertex   1.787527e+02 1.163000e+03 -1.679549e+02
      vertex   1.293389e+02 1.163000e+03 -1.705446e+02
    endloop
  endfacet
  facet normal 0.000000e+00 1.000000e+00 0.000000e+00
    outer loop
      vertex   1.293389e+02 1.163000e+03 -1.705446e+02
      vertex   1.787527e+02 1.163000e+03 -1.679549e+02
      vertex   1.770709e+02 1.163000e+03 -1.705446e+02
    endloop
  endfacet
  facet normal -0.000000e+00 1.000000e+00 0.000000e+00
    outer loop
      vertex   1.293389e+02 1.163000e+03 -1.705446e+02
      vertex   1.770709e+02 1.163000e+03 -1.705446e+02
      vertex   1.312821e+02 1.163000e+03 -1.729443e+02
    endloop
  endfacet
  facet normal 0.000000e+00 1.000000e+00 0.000000e+00
    outer loop
      vertex   1.312821e+02 1.163000e+03 -1.729443e+02
      vertex   1.770709e+02 1.163000e+03 -1.705446e+02
      vertex   1.751277e+02 1.163000e+03 -1.729443e+02
    endloop
  endfacet
  facet normal -0.000000e+00 1.000000e+00 0.000000e+00
    outer loop
      vertex   1.312821e+02 1.163000e+03 -1.729443e+02
      vertex   1.751277e+02 1.163000e+03 -1.729443e+02
      vertex   1.334656e+02 1.163000e+03 -1.751277e+02
    endloop
  endfacet
  facet normal 0.000000e+00 1.000000e+00 0.000000e+00
    outer loop
      vertex   1.334656e+02 1.163000e+03 -1.751277e+02
      vertex   1.751277e+02 1.163000e+03 -1.729443e+02
      vertex   1.729443e+02 1.163000e+03 -1.751277e+02
    endloop
  endfacet
  facet normal -0.000000e+00 1.000000e+00 0.000000e+00
    outer loop
      vertex   1.334656e+02 1.163000e+03 -1.751277e+02
      vertex   1.729443e+02 1.163000e+03 -1.751277e+02
      vertex   1.358652e+02 1.163000e+03 -1.770709e+02
    endloop
  endfacet
  facet normal 0.000000e+00 1.000000e+00 0.000000e+00
    outer loop
      vertex   1.358652e+02 1.163000e+03 -1.770709e+02
      vertex   1.729443e+02 1.163000e+03 -1.751277e+02
      vertex   1.705446e+02 1.163000e+03 -1.770709e+02
    endloop
  endfacet
  facet normal -0.000000e+00 1.000000e+00 0.000000e+00
    outer loop
      vertex   1.358652e+02 1.163000e+03 -1.770709e+02
      vertex   1.705446e+02 1.163000e+03 -1.770709e+02
      vertex   1.384549e+02 1.163000e+03 -1.787527e+02
    endloop
  endfacet
  facet normal 0.000000e+00 1.000000e+00 0.000000e+00
    outer loop
      vertex   1.384549e+02 1.163000e+03 -1.787527e+02
      vertex   1.705446e+02 1.163000e+03 -1.770709e+02
      vertex   1.679549e+02 1.163000e+03 -1.787527e+02
    endloop
  endfacet
  facet normal -0.000000e+00 1.000000e+00 0.000000e+00
    outer loop
      vertex   1.384549e+02 1.163000e+03 -1.787527e+02
      vertex   1.679549e+02 1.163000e+03 -1.787527e+02
      vertex   1.412062e+02 1.163000e+03 -1.801545e+02
    endloop
  endfacet
  facet normal 0.000000e+00 1.000000e+00 0.000000e+00
    outer loop
      vertex   1.412062e+02 1.163000e+03 -1.801545e+02
      vertex   1.679549e+02 1.163000e+03 -1.787527e+02
      vertex   1.652036e+02 1.163000e+03 -1.801545e+02
    endloop
  endfacet
  facet normal -0.000000e+00 1.000000e+00 0.000000e+00
    outer loop
      vertex   1.412062e+02 1.163000e+03 -1.801545e+02
      vertex   1.652036e+02 1.163000e+03 -1.801545e+02
      vertex   1.440889e+02 1.163000e+03 -1.812611e+02
    endloop
  endfacet
  facet normal 0.000000e+00 1.000000e+00 0.000000e+00
    outer loop
      vertex   1.440889e+02 1.163000e+03 -1.812611e+02
      vertex   1.652036e+02 1.163000e+03 -1.801545e+02
      vertex   1.623209e+02 1.163000e+03 -1.812611e+02
    endloop
  endfacet
  facet normal -0.000000e+00 1.000000e+00 0.000000e+00
    outer loop
      vertex   1.440889e+02 1.163000e+03 -1.812611e+02
      vertex   1.623209e+02 1.163000e+03 -1.812611e+02
      vertex   1.470715e+02 1.163000e+03 -1.820603e+02
    endloop
  endfacet
  facet normal 0.000000e+00 1.000000e+00 0.000000e+00
    outer loop
      vertex   1.470715e+02 1.163000e+03 -1.820603e+02
      vertex   1.623209e+02 1.163000e+03 -1.812611e+02
      vertex   1.593383e+02 1.163000e+03 -1.820603e+02
    endloop
  endfacet
  facet normal -0.000000e+00 1.000000e+00 0.000000e+00
    outer loop
      vertex   1.470715e+02 1.163000e+03 -1.820603e+02
      vertex   1.593383e+02 1.163000e+03 -1.820603e+02
      vertex   1.501213e+02 1.163000e+03 -1.825433e+02
    endloop
  endfacet
  facet normal 0.000000e+00 1.000000e+00 0.000000e+00
    outer loop
      vertex   1.501213e+02 1.163000e+03 -1.825433e+02
      vertex   1.593383e+02 1.163000e+03 -1.820603e+02
      vertex   1.562885e+02 1.163000e+03 -1.825433e+02
    endloop
  endfacet
  facet normal -0.000000e+00 1.000000e+00 0.000000e+00
    outer loop
      vertex   1.501213e+02 1.163000e+03 -1.825433e+02
      vertex   1.562885e+02 1.163000e+03 -1.825433e+02
      vertex   1.532049e+02 1.163000e+03 -1.827049e+02
    endloop
  endfacet
  facet normal 0.000000e+00 1.000000e+00 0.000000e+00
    outer loop
      vertex   1.825433e+02 1.163000e+03 -1.501213e+02
      vertex   1.238665e+02 1.163000e+03 -1.501213e+02
      vertex   1.820603e+02 1.163000e+03 -1.470715e+02
    endloop
  endfacet
  facet normal 0.000000e+00 1.000000e+00 0.000000e+00
    outer loop
      vertex   1.820603e+02 1.163000e+03 -1.470715e+02
      vertex   1.238665e+02 1.163000e+03 -1.501213e+02
      vertex   1.243496e+02 1.163000e+03 -1.470715e+02
    endloop
  endfacet
  facet normal 0.000000e+00 1.000000e+00 0.000000e+00
    outer loop
      vertex   1.820603e+02 1.163000e+03 -1.470715e+02
      vertex   1.243496e+02 1.163000e+03 -1.470715e+02
      vertex   1.812611e+02 1.163000e+03 -1.440889e+02
    endloop
  endfacet
  facet normal 0.000000e+00 1.000000e+00 0.000000e+00
    outer loop
      vertex   1.812611e+02 1.163000e+03 -1.440889e+02
      vertex   1.243496e+02 1.163000e+03 -1.470715e+02
      vertex   1.251487e+02 1.163000e+03 -1.440889e+02
    endloop
  endfacet
  facet normal 0.000000e+00 1.000000e+00 0.000000e+00
    outer loop
      vertex   1.812611e+02 1.163000e+03 -1.440889e+02
      vertex   1.251487e+02 1.163000e+03 -1.440889e+02
      vertex   1.801545e+02 1.163000e+03 -1.412062e+02
    endloop
  endfacet
  facet normal 0.000000e+00 1.000000e+00 0.000000e+00
    outer loop
      vertex   1.801545e+02 1.163000e+03 -1.412062e+02
      vertex   1.251487e+02 1.163000e+03 -1.440889e+02
      vertex   1.262553e+02 1.163000e+03 -1.412062e+02
    endloop
  endfacet
  facet normal 0.000000e+00 1.000000e+00 0.000000e+00
    outer loop
      vertex   1.801545e+02 1.163000e+03 -1.412062e+02
      vertex   1.262553e+02 1.163000e+03 -1.412062e+02
      vertex   1.787527e+02 1.163000e+03 -1.384549e+02
    endloop
  endfacet
  facet normal 0.000000e+00 1.000000e+00 0.000000e+00
    outer loop
      vertex   1.787527e+02 1.163000e+03 -1.384549e+02
      vertex   1.262553e+02 1.163000e+03 -1.412062e+02
      vertex   1.276572e+02 1.163000e+03 -1.384549e+02
    endloop
  endfacet
  facet normal 0.000000e+00 1.000000e+00 0.000000e+00
    outer loop
      vertex   1.787527e+02 1.163000e+03 -1.384549e+02
      vertex   1.276572e+02 1.163000e+03 -1.384549e+02
      vertex   1.770709e+02 1.163000e+03 -1.358652e+02
    endloop
  endfacet
  facet normal 0.000000e+00 1.000000e+00 0.000000e+00
    outer loop
      vertex   1.770709e+02 1.163000e+03 -1.358652e+02
      vertex   1.276572e+02 1.163000e+03 -1.384549e+02
      vertex   1.293389e+02 1.163000e+03 -1.358652e+02
    endloop
  endfacet
  facet normal 0.000000e+00 1.000000e+00 0.000000e+00
    outer loop
      vertex   1.770709e+02 1.163000e+03 -1.358652e+02
      vertex   1.293389e+02 1.163000e+03 -1.358652e+02
      vertex   1.751277e+02 1.163000e+03 -1.334656e+02
    endloop
  endfacet
  facet normal 0.000000e+00 1.000000e+00 0.000000e+00
    outer loop
      vertex   1.751277e+02 1.163000e+03 -1.334656e+02
      vertex   1.293389e+02 1.163000e+03 -1.358652e+02
      vertex   1.312821e+02 1.163000e+03 -1.334656e+02
    endloop
  endfacet
  facet normal 0.000000e+00 1.000000e+00 0.000000e+00
    outer loop
      vertex   1.751277e+02 1.163000e+03 -1.334656e+02
      vertex   1.312821e+02 1.163000e+03 -1.334656e+02
      vertex   1.729443e+02 1.163000e+03 -1.312821e+02
    endloop
  endfacet
  facet normal 0.000000e+00 1.000000e+00 0.000000e+00
    outer loop
      vertex   1.729443e+02 1.163000e+03 -1.312821e+02
      vertex   1.312821e+02 1.163000e+03 -1.334656e+02
      vertex   1.334656e+02 1.163000e+03 -1.312821e+02
    endloop
  endfacet
  facet normal 0.000000e+00 1.000000e+00 0.000000e+00
    outer loop
      vertex   1.729443e+02 1.163000e+03 -1.312821e+02
      vertex   1.334656e+02 1.163000e+03 -1.312821e+02
      vertex   1.705446e+02 1.163000e+03 -1.293389e+02
    endloop
  endfacet
  facet normal 0.000000e+00 1.000000e+00 0.000000e+00
    outer loop
      vertex   1.705446e+02 1.163000e+03 -1.293389e+02
      vertex   1.334656e+02 1.163000e+03 -1.312821e+02
      vertex   1.358652e+02 1.163000e+03 -1.293389e+02
    endloop
  endfacet
  facet normal 0.000000e+00 1.000000e+00 0.000000e+00
    outer loop
      vertex   1.705446e+02 1.163000e+03 -1.293389e+02
      vertex   1.358652e+02 1.163000e+03 -1.293389e+02
      vertex   1.679549e+02 1.163000e+03 -1.276572e+02
    endloop
  endfacet
  facet normal 0.000000e+00 1.000000e+00 0.000000e+00
    outer loop
      vertex   1.679549e+02 1.163000e+03 -1.276572e+02
      vertex   1.358652e+02 1.163000e+03 -1.293389e+02
      vertex   1.384549e+02 1.163000e+03 -1.276572e+02
    endloop
  endfacet
  facet normal 0.000000e+00 1.000000e+00 0.000000e+00
    outer loop
      vertex   1.679549e+02 1.163000e+03 -1.276572e+02
      vertex   1.384549e+02 1.163000e+03 -1.276572e+02
      vertex   1.652036e+02 1.163000e+03 -1.262553e+02
    endloop
  endfacet
  facet normal 0.000000e+00 1.000000e+00 0.000000e+00
    outer loop
      vertex   1.652036e+02 1.163000e+03 -1.262553e+02
      vertex   1.384549e+02 1.163000e+03 -1.276572e+02
      vertex   1.412062e+02 1.163000e+03 -1.262553e+02
    endloop
  endfacet
  facet normal 0.000000e+00 1.000000e+00 0.000000e+00
    outer loop
      vertex   1.652036e+02 1.163000e+03 -1.262553e+02
      vertex   1.412062e+02 1.163000e+03 -1.262553e+02
      vertex   1.623209e+02 1.163000e+03 -1.251487e+02
    endloop
  endfacet
  facet normal 0.000000e+00 1.000000e+00 0.000000e+00
    outer loop
      vertex   1.623209e+02 1.163000e+03 -1.251487e+02
      vertex   1.412062e+02 1.163000e+03 -1.262553e+02
      vertex   1.440889e+02 1.163000e+03 -1.251487e+02
    endloop
  endfacet
  facet normal 0.000000e+00 1.000000e+00 0.000000e+00
    outer loop
      vertex   1.623209e+02 1.163000e+03 -1.251487e+02
      vertex   1.440889e+02 1.163000e+03 -1.251487e+02
      vertex   1.593383e+02 1.163000e+03 -1.243496e+02
    endloop
  endfacet
  facet normal 0.000000e+00 1.000000e+00 0.000000e+00
    outer loop
      vertex   1.593383e+02 1.163000e+03 -1.243496e+02
      vertex   1.440889e+02 1.163000e+03 -1.251487e+02
      vertex   1.470715e+02 1.163000e+03 -1.243496e+02
    endloop
  endfacet
  facet normal 0.000000e+00 1.000000e+00 0.000000e+00
    outer loop
      vertex   1.593383e+02 1.163000e+03 -1.243496e+02
      vertex   1.470715e+02 1.163000e+03 -1.243496e+02
      vertex   1.562885e+02 1.163000e+03 -1.238665e+02
    endloop
  endfacet
  facet normal 0.000000e+00 1.000000e+00 0.000000e+00
    outer loop
      vertex   1.562885e+02 1.163000e+03 -1.238665e+02
      vertex   1.470715e+02 1.163000e+03 -1.243496e+02
      vertex   1.501213e+02 1.163000e+03 -1.238665e+02
    endloop
  endfacet
  facet normal 0.000000e+00 1.000000e+00 0.000000e+00
    outer loop
      vertex   1.562885e+02 1.163000e+03 -1.238665e+02
      vertex   1.501213e+02 1.163000e+03 -1.238665e+02
      vertex   1.532049e+02 1.163000e+03 -1.237049e+02
    endloop
  endfacet
  facet normal 0.000000e+00 -1.000000e+00 0.000000e+00
    outer loop
      vertex   1.238665e+02 9.400000e+02 -1.562885e+02
      vertex   1.825433e+02 9.400000e+02 -1.562885e+02
      vertex   1.237049e+02 9.400000e+02 -1.532049e+02
    endloop
  endfacet
  facet normal 0.000000e+00 -1.000000e+00 0.000000e+00
    outer loop
      vertex   1.237049e+02 9.400000e+02 -1.532049e+02
      vertex   1.825433e+02 9.400000e+02 -1.562885e+02
      vertex   1.827049e+02 9.400000e+02 -1.532049e+02
    endloop
  endfacet
  facet normal 0.000000e+00 -1.000000e+00 0.000000e+00
    outer loop
      vertex   1.237049e+02 9.400000e+02 -1.532049e+02
      vertex   1.827049e+02 9.400000e+02 -1.532049e+02
      vertex   1.238665e+02 9.400000e+02 -1.501213e+02
    endloop
  endfacet
  facet normal 0.000000e+00 -1.000000e+00 0.000000e+00
    outer loop
      vertex   1.238665e+02 9.400000e+02 -1.501213e+02
      vertex   1.827049e+02 9.400000e+02 -1.532049e+02
      vertex   1.825433e+02 9.400000e+02 -1.501213e+02
    endloop
  endfacet
  facet normal 0.000000e+00 -1.000000e+00 0.000000e+00
    outer loop
      vertex   1.238665e+02 9.400000e+02 -1.501213e+02
      vertex   1.825433e+02 9.400000e+02 -1.501213e+02
      vertex   1.243496e+02 9.400000e+02 -1.470715e+02
    endloop
  endfacet
  facet normal 0.000000e+00 -1.000000e+00 0.000000e+00
    outer loop
      vertex   1.243496e+02 9.400000e+02 -1.470715e+02
      vertex   1.825433e+02 9.400000e+02 -1.501213e+02
      vertex   1.820603e+02 9.400000e+02 -1.470715e+02
    endloop
  endfacet
  facet normal 0.000000e+00 -1.000000e+00 0.000000e+00
    outer loop
      vertex   1.243496e+02 9.400000e+02 -1.470715e+02
      vertex   1.820603e+02 9.400000e+02 -1.470715e+02
      vertex   1.251487e+02 9.400000e+02 -1.440889e+02
    endloop
  endfacet
  facet normal 0.000000e+00 -1.000000e+00 0.000000e+00
    outer loop
      vertex   1.251487e+02 9.400000e+02 -1.440889e+02
      vertex   1.820603e+02 9.400000e+02 -1.470715e+02
      vertex   1.812611e+02 9.400000e+02 -1.440889e+02
    endloop
  endfacet
  facet normal 0.000000e+00 -1.000000e+00 0.000000e+00
    outer loop
      vertex   1.251487e+02 9.400000e+02 -1.440889e+02
      vertex   1.812611e+02 9.400000e+02 -1.440889e+02
      vertex   1.262553e+02 9.400000e+02 -1.412062e+02
    endloop
  endfacet
  facet normal 0.000000e+00 -1.000000e+00 0.000000e+00
    outer loop
      vertex   1.262553e+02 9.400000e+02 -1.412062e+02
      vertex   1.812611e+02 9.400000e+02 -1.440889e+02
      vertex   1.801545e+02 9.400000e+02 -1.412062e+02
    endloop
  endfacet
  facet normal 0.000000e+00 -1.000000e+00 0.000000e+00
    outer loop
      vertex   1.262553e+02 9.400000e+02 -1.412062e+02
      vertex   1.801545e+02 9.400000e+02 -1.412062e+02
      vertex   1.276572e+02 9.400000e+02 -1.384549e+02
    endloop
  endfacet
  facet normal 0.000000e+00 -1.000000e+00 0.000000e+00
    outer loop
      vertex   1.276572e+02 9.400000e+02 -1.384549e+02
      vertex   1.801545e+02 9.400000e+02 -1.412062e+02
      vertex   1.787527e+02 9.400000e+02 -1.384549e+02
    endloop
  endfacet
  facet normal 0.000000e+00 -1.000000e+00 0.000000e+00
    outer loop
      vertex   1.276572e+02 9.400000e+02 -1.384549e+02
      vertex   1.787527e+02 9.400000e+02 -1.384549e+02
      vertex   1.293389e+02 9.400000e+02 -1.358652e+02
    endloop
  endfacet
  facet normal 0.000000e+00 -1.000000e+00 0.000000e+00
    outer loop
      vertex   1.293389e+02 9.400000e+02 -1.358652e+02
      vertex   1.787527e+02 9.400000e+02 -1.384549e+02
      vertex   1.770709e+02 9.400000e+02 -1.358652e+02
    endloop
  endfacet
  facet normal 0.000000e+00 -1.000000e+00 0.000000e+00
    outer loop
      vertex   1.293389e+02 9.400000e+02 -1.358652e+02
      vertex   1.770709e+02 9.400000e+02 -1.358652e+02
      vertex   1.312821e+02 9.400000e+02 -1.334656e+02
    endloop
  endfacet
  facet normal 0.000000e+00 -1.000000e+00 0.000000e+00
    outer loop
      vertex   1.312821e+02 9.400000e+02 -1.334656e+02
      vertex   1.770709e+02 9.400000e+02 -1.358652e+02
      vertex   1.751277e+02 9.400000e+02 -1.334656e+02
    endloop
  endfacet
  facet normal 0.000000e+00 -1.000000e+00 0.000000e+00
    outer loop
      vertex   1.312821e+02 9.400000e+02 -1.334656e+02
      vertex   1.751277e+02 9.400000e+02 -1.334656e+02
      vertex   1.334656e+02 9.400000e+02 -1.312821e+02
    endloop
  endfacet
  facet normal 0.000000e+00 -1.000000e+00 0.000000e+00
    outer loop
      vertex   1.334656e+02 9.400000e+02 -1.312821e+02
      vertex   1.751277e+02 9.400000e+02 -1.334656e+02
      vertex   1.729443e+02 9.400000e+02 -1.312821e+02
    endloop
  endfacet
  facet normal 0.000000e+00 -1.000000e+00 0.000000e+00
    outer loop
      vertex   1.334656e+02 9.400000e+02 -1.312821e+02
      vertex   1.729443e+02 9.400000e+02 -1.312821e+02
      vertex   1.358652e+02 9.400000e+02 -1.293389e+02
    endloop
  endfacet
  facet normal 0.000000e+00 -1.000000e+00 0.000000e+00
    outer loop
      vertex   1.358652e+02 9.400000e+02 -1.293389e+02
      vertex   1.729443e+02 9.400000e+02 -1.312821e+02
      vertex   1.705446e+02 9.400000e+02 -1.293389e+02
    endloop
  endfacet
  facet normal 0.000000e+00 -1.000000e+00 0.000000e+00
    outer loop
      vertex   1.358652e+02 9.400000e+02 -1.293389e+02
      vertex   1.705446e+02 9.400000e+02 -1.293389e+02
      vertex   1.384549e+02 9.400000e+02 -1.276572e+02
    endloop
  endfacet
  facet normal 0.000000e+00 -1.000000e+00 0.000000e+00
    outer loop
      vertex   1.384549e+02 9.400000e+02 -1.276572e+02
      vertex   1.705446e+02 9.400000e+02 -1.293389e+02
      vertex   1.679549e+02 9.400000e+02 -1.276572e+02
    endloop
  endfacet
  facet normal 0.000000e+00 -1.000000e+00 0.000000e+00
    outer loop
      vertex   1.384549e+02 9.400000e+02 -1.276572e+02
      vertex   1.679549e+02 9.400000e+02 -1.276572e+02
      vertex   1.412062e+02 9.400000e+02 -1.262553e+02
    endloop
  endfacet
  facet normal 0.000000e+00 -1.000000e+00 0.000000e+00
    outer loop
      vertex   1.412062e+02 9.400000e+02 -1.262553e+02
      vertex   1.679549e+02 9.400000e+02 -1.276572e+02
      vertex   1.652036e+02 9.400000e+02 -1.262553e+02
    endloop
  endfacet
  facet normal 0.000000e+00 -1.000000e+00 0.000000e+00
    outer loop
      vertex   1.412062e+02 9.400000e+02 -1.262553e+02
      vertex   1.652036e+02 9.400000e+02 -1.262553e+02
      vertex   1.440889e+02 9.400000e+02 -1.251487e+02
    endloop
  endfacet
  facet normal 0.000000e+00 -1.000000e+00 0.000000e+00
    outer loop
      vertex   1.440889e+02 9.400000e+02 -1.251487e+02
      vertex   1.652036e+02 9.400000e+02 -1.262553e+02
      vertex   1.623209e+02 9.400000e+02 -1.251487e+02
    endloop
  endfacet
  facet normal 0.000000e+00 -1.000000e+00 0.000000e+00
    outer loop
      vertex   1.440889e+02 9.400000e+02 -1.251487e+02
      vertex   1.623209e+02 9.400000e+02 -1.251487e+02
      vertex   1.470715e+02 9.400000e+02 -1.243496e+02
    endloop
  endfacet
  facet normal 0.000000e+00 -1.000000e+00 0.000000e+00
    outer loop
      vertex   1.470715e+02 9.400000e+02 -1.243496e+02
      vertex   1.623209e+02 9.400000e+02 -1.251487e+02
      vertex   1.593383e+02 9.400000e+02 -1.243496e+02
    endloop
  endfacet
  facet normal 0.000000e+00 -1.000000e+00 0.000000e+00
    outer loop
      vertex   1.470715e+02 9.400000e+02 -1.243496e+02
      vertex   1.593383e+02 9.400000e+02 -1.243496e+02
      vertex   1.501213e+02 9.400000e+02 -1.238665e+02
    endloop
  endfacet
  facet normal 0.000000e+00 -1.000000e+00 0.000000e+00
    outer loop
      vertex   1.501213e+02 9.400000e+02 -1.238665e+02
      vertex   1.593383e+02 9.400000e+02 -1.243496e+02
      vertex   1.562885e+02 9.400000e+02 -1.238665e+02
    endloop
  endfacet
  facet normal 0.000000e+00 -1.000000e+00 0.000000e+00
    outer loop
      vertex   1.501213e+02 9.400000e+02 -1.238665e+02
      vertex   1.562885e+02 9.400000e+02 -1.238665e+02
      vertex   1.532049e+02 9.400000e+02 -1.237049e+02
    endloop
  endfacet
  facet normal -0.000000e+00 -1.000000e+00 0.000000e+00
    outer loop
      vertex   1.825433e+02 9.400000e+02 -1.562885e+02
      vertex   1.238665e+02 9.400000e+02 -1.562885e+02
      vertex   1.820603e+02 9.400000e+02 -1.593383e+02
    endloop
  endfacet
  facet normal -0.000000e+00 -1.000000e+00 0.000000e+00
    outer loop
      vertex   1.820603e+02 9.400000e+02 -1.593383e+02
      vertex   1.238665e+02 9.400000e+02 -1.562885e+02
      vertex   1.243496e+02 9.400000e+02 -1.593383e+02
    endloop
  endfacet
  facet normal 0.000000e+00 -1.000000e+00 0.000000e+00
    outer loop
      vertex   1.820603e+02 9.400000e+02 -1.593383e+02
      vertex   1.243496e+02 9.400000e+02 -1.593383e+02
      vertex   1.812611e+02 9.400000e+02 -1.623209e+02
    endloop
  endfacet
  facet normal 0.000000e+00 -1.000000e+00 0.000000e+00
    outer loop
      vertex   1.812611e+02 9.400000e+02 -1.623209e+02
      vertex   1.243496e+02 9.400000e+02 -1.593383e+02
      vertex   1.251487e+02 9.400000e+02 -1.623209e+02
    endloop
  endfacet
  facet normal -0.000000e+00 -1.000000e+00 0.000000e+00
    outer loop
      vertex   1.812611e+02 9.400000e+02 -1.623209e+02
      vertex   1.251487e+02 9.400000e+02 -1.623209e+02
      vertex   1.801545e+02 9.400000e+02 -1.652036e+02
    endloop
  endfacet
  facet normal -0.000000e+00 -1.000000e+00 0.000000e+00
    outer loop
      vertex   1.801545e+02 9.400000e+02 -1.652036e+02
      vertex   1.251487e+02 9.400000e+02 -1.623209e+02
      vertex   1.262553e+02 9.400000e+02 -1.652036e+02
    endloop
  endfacet
  facet normal 0.000000e+00 -1.000000e+00 0.000000e+00
    outer loop
      vertex   1.801545e+02 9.400000e+02 -1.652036e+02
      vertex   1.262553e+02 9.400000e+02 -1.652036e+02
      vertex   1.787527e+02 9.400000e+02 -1.679549e+02
    endloop
  endfacet
  facet normal 0.000000e+00 -1.000000e+00 0.000000e+00
    outer loop
      vertex   1.787527e+02 9.400000e+02 -1.679549e+02
      vertex   1.262553e+02 9.400000e+02 -1.652036e+02
      vertex   1.276572e+02 9.400000e+02 -1.679549e+02
    endloop
  endfacet
  facet normal -0.000000e+00 -1.000000e+00 0.000000e+00
    outer loop
      vertex   1.787527e+02 9.400000e+02 -1.679549e+02
      vertex   1.276572e+02 9.400000e+02 -1.679549e+02
      vertex   1.770709e+02 9.400000e+02 -1.705446e+02
    endloop
  endfacet
  facet normal 0.000000e+00 -1.000000e+00 0.000000e+00
    outer loop
      vertex   1.770709e+02 9.400000e+02 -1.705446e+02
      vertex   1.276572e+02 9.400000e+02 -1.679549e+02
      vertex   1.293389e+02 9.400000e+02 -1.705446e+02
    endloop
  endfacet
  facet normal -0.000000e+00 -1.000000e+00 0.000000e+00
    outer loop
      vertex   1.770709e+02 9.400000e+02 -1.705446e+02
      vertex   1.293389e+02 9.400000e+02 -1.705446e+02
      vertex   1.751277e+02 9.400000e+02 -1.729443e+02
    endloop
  endfacet
  facet normal -0.000000e+00 -1.000000e+00 0.000000e+00
    outer loop
      vertex   1.751277e+02 9.400000e+02 -1.729443e+02
      vertex   1.293389e+02 9.400000e+02 -1.705446e+02
      vertex   1.312821e+02 9.400000e+02 -1.729443e+02
    endloop
  endfacet
  facet normal 0.000000e+00 -1.000000e+00 0.000000e+00
    outer loop
      vertex   1.751277e+02 9.400000e+02 -1.729443e+02
      vertex   1.312821e+02 9.400000e+02 -1.729443e+02
      vertex   1.729443e+02 9.400000e+02 -1.751277e+02
    endloop
  endfacet
  facet normal 0.000000e+00 -1.000000e+00 0.000000e+00
    outer loop
      vertex   1.729443e+02 9.400000e+02 -1.751277e+02
      vertex   1.312821e+02 9.400000e+02 -1.729443e+02
      vertex   1.334656e+02 9.400000e+02 -1.751277e+02
    endloop
  endfacet
  facet normal -0.000000e+00 -1.000000e+00 0.000000e+00
    outer loop
      vertex   1.729443e+02 9.400000e+02 -1.751277e+02
      vertex   1.334656e+02 9.400000e+02 -1.751277e+02
      vertex   1.705446e+02 9.400000e+02 -1.770709e+02
    endloop
  endfacet
  facet normal 0.000000e+00 -1.000000e+00 0.000000e+00
    outer loop
      vertex   1.705446e+02 9.400000e+02 -1.770709e+02
      vertex   1.334656e+02 9.400000e+02 -1.751277e+02
      vertex   1.358652e+02 9.400000e+02 -1.770709e+02
    endloop
  endfacet
  facet normal -0.000000e+00 -1.000000e+00 0.000000e+00
    outer loop
      vertex   1.705446e+02 9.400000e+02 -1.770709e+02
      vertex   1.358652e+02 9.400000e+02 -1.770709e+02
      vertex   1.679549e+02 9.400000e+02 -1.787527e+02
    endloop
  endfacet
  facet normal -0.000000e+00 -1.000000e+00 0.000000e+00
    outer loop
      vertex   1.679549e+02 9.400000e+02 -1.787527e+02
      vertex   1.358652e+02 9.400000e+02 -1.770709e+02
      vertex   1.384549e+02 9.400000e+02 -1.787527e+02
    endloop
  endfacet
  facet normal 0.000000e+00 -1.000000e+00 0.000000e+00
    outer loop
      vertex   1.679549e+02 9.400000e+02 -1.787527e+02
      vertex   1.384549e+02 9.400000e+02 -1.787527e+02
      vertex   1.652036e+02 9.400000e+02 -1.801545e+02
    endloop
  endfacet
  facet normal -0.000000e+00 -1.000000e+00 0.000000e+00
    outer loop
      vertex   1.652036e+02 9.400000e+02 -1.801545e+02
      vertex   1.384549e+02 9.400000e+02 -1.787527e+02
      vertex   1.412062e+02 9.400000e+02 -1.801545e+02
    endloop
  endfacet
  facet normal 0.000000e+00 -1.000000e+00 0.000000e+00
    outer loop
      vertex   1.652036e+02 9.400000e+02 -1.801545e+02
      vertex   1.412062e+02 9.400000e+02 -1.801545e+02
      vertex   1.623209e+02 9.400000e+02 -1.812611e+02
    endloop
  endfacet
  facet normal 0.000000e+00 -1.000000e+00 0.000000e+00
    outer loop
      vertex   1.623209e+02 9.400000e+02 -1.812611e+02
      vertex   1.412062e+02 9.400000e+02 -1.801545e+02
      vertex   1.440889e+02 9.400000e+02 -1.812611e+02
    endloop
  endfacet
  facet normal -0.000000e+00 -1.000000e+00 0.000000e+00
    outer loop
      vertex   1.623209e+02 9.400000e+02 -1.812611e+02
      vertex   1.440889e+02 9.400000e+02 -1.812611e+02
      vertex   1.593383e+02 9.400000e+02 -1.820603e+02
    endloop
  endfacet
  facet normal 0.000000e+00 -1.000000e+00 0.000000e+00
    outer loop
      vertex   1.593383e+02 9.400000e+02 -1.820603e+02
      vertex   1.440889e+02 9.400000e+02 -1.812611e+02
      vertex   1.470715e+02 9.400000e+02 -1.820603e+02
    endloop
  endfacet
  facet normal -0.000000e+00 -1.000000e+00 0.000000e+00
    outer loop
      vertex   1.593383e+02 9.400000e+02 -1.820603e+02
      vertex   1.470715e+02 9.400000e+02 -1.820603e+02
      vertex   1.562885e+02 9.400000e+02 -1.825433e+02
    endloop
  endfacet
  facet normal 0.000000e+00 -1.000000e+00 0.000000e+00
    outer loop
      vertex   1.562885e+02 9.400000e+02 -1.825433e+02
      vertex   1.470715e+02 9.400000e+02 -1.820603e+02
      vertex   1.501213e+02 9.400000e+02 -1.825433e+02
    endloop
  endfacet
  facet normal -0.000000e+00 -1.000000e+00 0.000000e+00
    outer loop
      vertex   1.562885e+02 9.400000e+02 -1.825433e+02
      vertex   1.501213e+02 9.400000e+02 -1.825433e+02
      vertex   1.532049e+02 9.400000e+02 -1.827049e+02
    endloop
  endfacet
endsolid
