solid ASCII
  facet normal 6.343389e-01 7.729444e-01 -1.307925e-02
    outer loop
      vertex   2.729954e+00 4.085667e+00 2.068842e+01
      vertex   3.482357e+00 3.482358e+00 2.152599e+01
      vertex   3.474573e+00 3.474574e+00 2.068842e+01
    endloop
  endfacet
  facet normal 6.343389e-01 7.729445e-01 -1.307916e-02
    outer loop
      vertex   2.729954e+00 4.085667e+00 2.068842e+01
      vertex   2.736071e+00 4.094820e+00 2.152599e+01
      vertex   3.482357e+00 3.482358e+00 2.152599e+01
    endloop
  endfacet
  facet normal -5.009707e-01 1.519677e-01 8.520177e-01
    outer loop
      vertex   -4.494257e+00 1.861583e+00 2.176907e+01
      vertex   -4.622055e+00 9.193856e-01 2.186198e+01
      vertex   -4.353881e+00 1.803438e+00 2.186198e+01
    endloop
  endfacet
  facet normal -5.009415e-01 1.519654e-01 8.520353e-01
    outer loop
      vertex   -4.494257e+00 1.861583e+00 2.176907e+01
      vertex   -4.771077e+00 9.490278e-01 2.176907e+01
      vertex   -4.622055e+00 9.193856e-01 2.186198e+01
    endloop
  endfacet
  facet normal -9.290926e-01 2.818387e-01 2.394867e-01
    outer loop
      vertex   -4.549918e+00 1.884639e+00 2.152599e+01
      vertex   -4.771077e+00 9.490278e-01 2.176907e+01
      vertex   -4.494257e+00 1.861583e+00 2.176907e+01
    endloop
  endfacet
  facet normal -9.290942e-01 2.818377e-01 2.394815e-01
    outer loop
      vertex   -4.549918e+00 1.884639e+00 2.152599e+01
      vertex   -4.830167e+00 9.607816e-01 2.152599e+01
      vertex   -4.771077e+00 9.490278e-01 2.176907e+01
    endloop
  endfacet
  facet normal -4.616712e-01 -2.467681e-01 8.520359e-01
    outer loop
      vertex   -4.494257e+00 -1.861581e+00 2.176907e+01
      vertex   -3.918389e+00 -2.618183e+00 2.186198e+01
      vertex   -4.353881e+00 -1.803435e+00 2.186198e+01
    endloop
  endfacet
  facet normal -4.616713e-01 -2.467682e-01 8.520358e-01
    outer loop
      vertex   -4.494257e+00 -1.861581e+00 2.176907e+01
      vertex   -4.044724e+00 -2.702597e+00 2.176907e+01
      vertex   -3.918389e+00 -2.618183e+00 2.186198e+01
    endloop
  endfacet
  facet normal -8.562572e-01 -4.576786e-01 2.394868e-01
    outer loop
      vertex   -4.549918e+00 -1.884637e+00 2.152600e+01
      vertex   -4.044724e+00 -2.702597e+00 2.176907e+01
      vertex   -4.494257e+00 -1.861581e+00 2.176907e+01
    endloop
  endfacet
  facet normal -8.562572e-01 -4.576787e-01 2.394864e-01
    outer loop
      vertex   -4.549918e+00 -1.884637e+00 2.152600e+01
      vertex   -4.094818e+00 -2.736069e+00 2.152600e+01
      vertex   -4.044724e+00 -2.702597e+00 2.176907e+01
    endloop
  endfacet
  facet normal 4.046585e-01 -3.320943e-01 8.520357e-01
    outer loop
      vertex   3.439756e+00 -3.439755e+00 2.176907e+01
      vertex   3.918389e+00 -2.618183e+00 2.186198e+01
      vertex   3.332317e+00 -3.332315e+00 2.186198e+01
    endloop
  endfacet
  facet normal 4.046584e-01 -3.320942e-01 8.520358e-01
    outer loop
      vertex   3.439756e+00 -3.439755e+00 2.176907e+01
      vertex   4.044724e+00 -2.702597e+00 2.176907e+01
      vertex   3.918389e+00 -2.618183e+00 2.186198e+01
    endloop
  endfacet
  facet normal 7.505159e-01 -6.159319e-01 2.394865e-01
    outer loop
      vertex   3.482357e+00 -3.482356e+00 2.152600e+01
      vertex   4.044724e+00 -2.702597e+00 2.176907e+01
      vertex   3.439756e+00 -3.439755e+00 2.176907e+01
    endloop
  endfacet
  facet normal 7.505159e-01 -6.159319e-01 2.394866e-01
    outer loop
      vertex   3.482357e+00 -3.482356e+00 2.152600e+01
      vertex   4.094818e+00 -2.736069e+00 2.152600e+01
      vertex   4.044724e+00 -2.702597e+00 2.176907e+01
    endloop
  endfacet
  facet normal 4.616713e-01 -2.467682e-01 8.520358e-01
    outer loop
      vertex   4.044724e+00 -2.702597e+00 2.176907e+01
      vertex   4.353881e+00 -1.803435e+00 2.186198e+01
      vertex   3.918389e+00 -2.618183e+00 2.186198e+01
    endloop
  endfacet
  facet normal 4.616712e-01 -2.467682e-01 8.520359e-01
    outer loop
      vertex   4.044724e+00 -2.702597e+00 2.176907e+01
      vertex   4.494257e+00 -1.861581e+00 2.176907e+01
      vertex   4.353881e+00 -1.803435e+00 2.186198e+01
    endloop
  endfacet
  facet normal 8.562573e-01 -4.576786e-01 2.394864e-01
    outer loop
      vertex   4.094818e+00 -2.736069e+00 2.152600e+01
      vertex   4.494257e+00 -1.861581e+00 2.176907e+01
      vertex   4.044724e+00 -2.702597e+00 2.176907e+01
    endloop
  endfacet
  facet normal 8.562572e-01 -4.576787e-01 2.394868e-01
    outer loop
      vertex   4.094818e+00 -2.736069e+00 2.152600e+01
      vertex   4.549918e+00 -1.884637e+00 2.152600e+01
      vertex   4.494257e+00 -1.861581e+00 2.176907e+01
    endloop
  endfacet
  facet normal 5.009425e-01 -1.519591e-01 8.520358e-01
    outer loop
      vertex   4.494257e+00 -1.861581e+00 2.176907e+01
      vertex   4.622055e+00 -9.193826e-01 2.186198e+01
      vertex   4.353881e+00 -1.803435e+00 2.186198e+01
    endloop
  endfacet
  facet normal 5.009430e-01 -1.519591e-01 8.520355e-01
    outer loop
      vertex   4.494257e+00 -1.861581e+00 2.176907e+01
      vertex   4.771077e+00 -9.490249e-01 2.176907e+01
      vertex   4.622055e+00 -9.193826e-01 2.186198e+01
    endloop
  endfacet
  facet normal 9.290931e-01 -2.818368e-01 2.394868e-01
    outer loop
      vertex   4.549918e+00 -1.884637e+00 2.152600e+01
      vertex   4.771077e+00 -9.490249e-01 2.176907e+01
      vertex   4.494257e+00 -1.861581e+00 2.176907e+01
    endloop
  endfacet
  facet normal 9.290948e-01 -2.818359e-01 2.394816e-01
    outer loop
      vertex   4.549918e+00 -1.884637e+00 2.152600e+01
      vertex   4.830167e+00 -9.607787e-01 2.152599e+01
      vertex   4.771077e+00 -9.490249e-01 2.176907e+01
    endloop
  endfacet
  facet normal 1.519677e-01 5.009714e-01 8.520173e-01
    outer loop
      vertex   1.861582e+00 4.494258e+00 2.176907e+01
      vertex   9.193839e-01 4.622056e+00 2.186198e+01
      vertex   1.803436e+00 4.353883e+00 2.186198e+01
    endloop
  endfacet
  facet normal 1.519676e-01 5.009703e-01 8.520180e-01
    outer loop
      vertex   1.861582e+00 4.494258e+00 2.176907e+01
      vertex   9.490262e-01 4.771079e+00 2.176907e+01
      vertex   9.193839e-01 4.622056e+00 2.186198e+01
    endloop
  endfacet
  facet normal 2.818371e-01 9.290931e-01 2.394868e-01
    outer loop
      vertex   1.884638e+00 4.549920e+00 2.152599e+01
      vertex   9.490262e-01 4.771079e+00 2.176907e+01
      vertex   1.861582e+00 4.494258e+00 2.176907e+01
    endloop
  endfacet
  facet normal 2.818374e-01 9.290926e-01 2.394882e-01
    outer loop
      vertex   1.884638e+00 4.549920e+00 2.152599e+01
      vertex   9.607801e-01 4.830169e+00 2.152599e+01
      vertex   9.490262e-01 4.771079e+00 2.176907e+01
    endloop
  endfacet
  facet normal -4.046811e-01 3.321128e-01 8.520178e-01
    outer loop
      vertex   -3.439756e+00 3.439757e+00 2.176907e+01
      vertex   -3.918389e+00 2.618186e+00 2.186198e+01
      vertex   -3.332317e+00 3.332318e+00 2.186198e+01
    endloop
  endfacet
  facet normal -4.046806e-01 3.321126e-01 8.520181e-01
    outer loop
      vertex   -3.439756e+00 3.439757e+00 2.176907e+01
      vertex   -4.044724e+00 2.702600e+00 2.176907e+01
      vertex   -3.918389e+00 2.618186e+00 2.186198e+01
    endloop
  endfacet
  facet normal -7.505158e-01 6.159320e-01 2.394865e-01
    outer loop
      vertex   -3.482357e+00 3.482358e+00 2.152599e+01
      vertex   -4.044724e+00 2.702600e+00 2.176907e+01
      vertex   -3.439756e+00 3.439757e+00 2.176907e+01
    endloop
  endfacet
  facet normal -7.505160e-01 6.159320e-01 2.394859e-01
    outer loop
      vertex   -3.482357e+00 3.482358e+00 2.152599e+01
      vertex   -4.094818e+00 2.736072e+00 2.152599e+01
      vertex   -4.044724e+00 2.702600e+00 2.176907e+01
    endloop
  endfacet
  facet normal -5.209649e-01 -5.131087e-02 8.520345e-01
    outer loop
      vertex   -4.864548e+00 1.463519e-06 2.176907e+01
      vertex   -4.622055e+00 -9.193826e-01 2.186198e+01
      vertex   -4.712607e+00 1.473015e-06 2.186198e+01
    endloop
  endfacet
  facet normal -5.209632e-01 -5.131033e-02 8.520355e-01
    outer loop
      vertex   -4.864548e+00 1.463519e-06 2.176907e+01
      vertex   -4.771077e+00 -9.490249e-01 2.176907e+01
      vertex   -4.622055e+00 -9.193826e-01 2.186198e+01
    endloop
  endfacet
  facet normal -9.662254e-01 -9.516477e-02 2.394833e-01
    outer loop
      vertex   -4.924796e+00 1.439075e-06 2.152599e+01
      vertex   -4.771077e+00 -9.490249e-01 2.176907e+01
      vertex   -4.864548e+00 1.463519e-06 2.176907e+01
    endloop
  endfacet
  facet normal -9.662257e-01 -9.516528e-02 2.394815e-01
    outer loop
      vertex   -4.924796e+00 1.439075e-06 2.152599e+01
      vertex   -4.830167e+00 -9.607787e-01 2.152599e+01
      vertex   -4.771077e+00 -9.490249e-01 2.176907e+01
    endloop
  endfacet
  facet normal -3.320942e-01 -4.046584e-01 8.520358e-01
    outer loop
      vertex   -3.439756e+00 -3.439755e+00 2.176907e+01
      vertex   -2.618184e+00 -3.918388e+00 2.186198e+01
      vertex   -3.332317e+00 -3.332315e+00 2.186198e+01
    endloop
  endfacet
  facet normal -3.320945e-01 -4.046590e-01 8.520354e-01
    outer loop
      vertex   -3.439756e+00 -3.439755e+00 2.176907e+01
      vertex   -2.702599e+00 -4.044723e+00 2.176907e+01
      vertex   -2.618184e+00 -3.918388e+00 2.186198e+01
    endloop
  endfacet
  facet normal -6.159317e-01 -7.505161e-01 2.394863e-01
    outer loop
      vertex   -3.482357e+00 -3.482356e+00 2.152600e+01
      vertex   -2.702599e+00 -4.044723e+00 2.176907e+01
      vertex   -3.439756e+00 -3.439755e+00 2.176907e+01
    endloop
  endfacet
  facet normal -6.159318e-01 -7.505157e-01 2.394875e-01
    outer loop
      vertex   -3.482357e+00 -3.482356e+00 2.152600e+01
      vertex   -2.736071e+00 -4.094817e+00 2.152600e+01
      vertex   -2.702599e+00 -4.044723e+00 2.176907e+01
    endloop
  endfacet
  facet normal -2.467686e-01 -4.616722e-01 8.520352e-01
    outer loop
      vertex   -2.702599e+00 -4.044723e+00 2.176907e+01
      vertex   -1.803436e+00 -4.353879e+00 2.186198e+01
      vertex   -2.618184e+00 -3.918388e+00 2.186198e+01
    endloop
  endfacet
  facet normal -2.467681e-01 -4.616707e-01 8.520362e-01
    outer loop
      vertex   -2.702599e+00 -4.044723e+00 2.176907e+01
      vertex   -1.861582e+00 -4.494255e+00 2.176907e+01
      vertex   -1.803436e+00 -4.353879e+00 2.186198e+01
    endloop
  endfacet
  facet normal -4.576789e-01 -8.562569e-01 2.394874e-01
    outer loop
      vertex   -2.736071e+00 -4.094817e+00 2.152600e+01
      vertex   -1.861582e+00 -4.494255e+00 2.176907e+01
      vertex   -2.702599e+00 -4.044723e+00 2.176907e+01
    endloop
  endfacet
  facet normal -4.576788e-01 -8.562571e-01 2.394868e-01
    outer loop
      vertex   -2.736071e+00 -4.094817e+00 2.152600e+01
      vertex   -1.884638e+00 -4.549917e+00 2.152600e+01
      vertex   -1.861582e+00 -4.494255e+00 2.176907e+01
    endloop
  endfacet
  facet normal 5.131054e-02 -5.209649e-01 8.520345e-01
    outer loop
      vertex   -1.258074e-09 -4.864546e+00 2.176907e+01
      vertex   9.193839e-01 -4.622054e+00 2.186198e+01
      vertex   4.008567e-10 -4.712605e+00 2.186198e+01
    endloop
  endfacet
  facet normal 5.131049e-02 -5.209647e-01 8.520346e-01
    outer loop
      vertex   -1.258074e-09 -4.864546e+00 2.176907e+01
      vertex   9.490262e-01 -4.771075e+00 2.176907e+01
      vertex   9.193839e-01 -4.622054e+00 2.186198e+01
    endloop
  endfacet
  facet normal 9.516462e-02 -9.662237e-01 2.394899e-01
    outer loop
      vertex   -1.819963e-09 -4.924794e+00 2.152600e+01
      vertex   9.490262e-01 -4.771075e+00 2.176907e+01
      vertex   -1.258074e-09 -4.864546e+00 2.176907e+01
    endloop
  endfacet
  facet normal 9.516512e-02 -9.662241e-01 2.394882e-01
    outer loop
      vertex   -1.819963e-09 -4.924794e+00 2.152600e+01
      vertex   9.607801e-01 -4.830166e+00 2.152600e+01
      vertex   9.490262e-01 -4.771075e+00 2.176907e+01
    endloop
  endfacet
  facet normal 4.616973e-01 2.467821e-01 8.520177e-01
    outer loop
      vertex   4.494257e+00 1.861583e+00 2.176907e+01
      vertex   3.918389e+00 2.618186e+00 2.186198e+01
      vertex   4.353881e+00 1.803438e+00 2.186198e+01
    endloop
  endfacet
  facet normal 4.616968e-01 2.467817e-01 8.520181e-01
    outer loop
      vertex   4.494257e+00 1.861583e+00 2.176907e+01
      vertex   4.044724e+00 2.702600e+00 2.176907e+01
      vertex   3.918389e+00 2.618186e+00 2.186198e+01
    endloop
  endfacet
  facet normal 8.562574e-01 4.576784e-01 2.394865e-01
    outer loop
      vertex   4.549918e+00 1.884639e+00 2.152599e+01
      vertex   4.044724e+00 2.702600e+00 2.176907e+01
      vertex   4.494257e+00 1.861583e+00 2.176907e+01
    endloop
  endfacet
  facet normal 8.562574e-01 4.576786e-01 2.394859e-01
    outer loop
      vertex   4.549918e+00 1.884639e+00 2.152599e+01
      vertex   4.094818e+00 2.736072e+00 2.152599e+01
      vertex   4.044724e+00 2.702600e+00 2.176907e+01
    endloop
  endfacet
  facet normal 4.046806e-01 3.321125e-01 8.520181e-01
    outer loop
      vertex   4.044724e+00 2.702600e+00 2.176907e+01
      vertex   3.332317e+00 3.332318e+00 2.186198e+01
      vertex   3.918389e+00 2.618186e+00 2.186198e+01
    endloop
  endfacet
  facet normal 4.046810e-01 3.321129e-01 8.520178e-01
    outer loop
      vertex   4.044724e+00 2.702600e+00 2.176907e+01
      vertex   3.439756e+00 3.439757e+00 2.176907e+01
      vertex   3.332317e+00 3.332318e+00 2.186198e+01
    endloop
  endfacet
  facet normal 7.505159e-01 6.159321e-01 2.394859e-01
    outer loop
      vertex   4.094818e+00 2.736072e+00 2.152599e+01
      vertex   3.439756e+00 3.439757e+00 2.176907e+01
      vertex   4.044724e+00 2.702600e+00 2.176907e+01
    endloop
  endfacet
  facet normal 7.505159e-01 6.159319e-01 2.394865e-01
    outer loop
      vertex   4.094818e+00 2.736072e+00 2.152599e+01
      vertex   3.482357e+00 3.482358e+00 2.152599e+01
      vertex   3.439756e+00 3.439757e+00 2.176907e+01
    endloop
  endfacet
  facet normal 3.321127e-01 4.046811e-01 8.520178e-01
    outer loop
      vertex   3.439756e+00 3.439757e+00 2.176907e+01
      vertex   2.618184e+00 3.918391e+00 2.186198e+01
      vertex   3.332317e+00 3.332318e+00 2.186198e+01
    endloop
  endfacet
  facet normal 3.321125e-01 4.046806e-01 8.520181e-01
    outer loop
      vertex   3.439756e+00 3.439757e+00 2.176907e+01
      vertex   2.702599e+00 4.044726e+00 2.176907e+01
      vertex   2.618184e+00 3.918391e+00 2.186198e+01
    endloop
  endfacet
  facet normal 6.159319e-01 7.505160e-01 2.394863e-01
    outer loop
      vertex   3.482357e+00 3.482358e+00 2.152599e+01
      vertex   2.702599e+00 4.044726e+00 2.176907e+01
      vertex   3.439756e+00 3.439757e+00 2.176907e+01
    endloop
  endfacet
  facet normal 6.159319e-01 7.505155e-01 2.394875e-01
    outer loop
      vertex   3.482357e+00 3.482358e+00 2.152599e+01
      vertex   2.736071e+00 4.094820e+00 2.152599e+01
      vertex   2.702599e+00 4.044726e+00 2.176907e+01
    endloop
  endfacet
  facet normal -5.131390e-02 5.209940e-01 8.520165e-01
    outer loop
      vertex   -1.258074e-09 4.864550e+00 2.176907e+01
      vertex   -9.193841e-01 4.622056e+00 2.186198e+01
      vertex   4.008567e-10 4.712609e+00 2.186198e+01
    endloop
  endfacet
  facet normal -5.131312e-02 5.209916e-01 8.520180e-01
    outer loop
      vertex   -1.258074e-09 4.864550e+00 2.176907e+01
      vertex   -9.490264e-01 4.771079e+00 2.176907e+01
      vertex   -9.193841e-01 4.622056e+00 2.186198e+01
    endloop
  endfacet
  facet normal -9.516460e-02 9.662237e-01 2.394899e-01
    outer loop
      vertex   -1.819963e-09 4.924798e+00 2.152599e+01
      vertex   -9.490264e-01 4.771079e+00 2.176907e+01
      vertex   -1.258074e-09 4.864550e+00 2.176907e+01
    endloop
  endfacet
  facet normal -9.516511e-02 9.662241e-01 2.394881e-01
    outer loop
      vertex   -1.819963e-09 4.924798e+00 2.152599e+01
      vertex   -9.607802e-01 4.830169e+00 2.152599e+01
      vertex   -9.490264e-01 4.771079e+00 2.176907e+01
    endloop
  endfacet
  facet normal -1.519674e-01 5.009703e-01 8.520180e-01
    outer loop
      vertex   -9.490264e-01 4.771079e+00 2.176907e+01
      vertex   -1.803436e+00 4.353883e+00 2.186198e+01
      vertex   -9.193841e-01 4.622056e+00 2.186198e+01
    endloop
  endfacet
  facet normal -1.519679e-01 5.009713e-01 8.520173e-01
    outer loop
      vertex   -9.490264e-01 4.771079e+00 2.176907e+01
      vertex   -1.861582e+00 4.494258e+00 2.176907e+01
      vertex   -1.803436e+00 4.353883e+00 2.186198e+01
    endloop
  endfacet
  facet normal -2.818371e-01 9.290927e-01 2.394882e-01
    outer loop
      vertex   -9.607802e-01 4.830169e+00 2.152599e+01
      vertex   -1.861582e+00 4.494258e+00 2.176907e+01
      vertex   -9.490264e-01 4.771079e+00 2.176907e+01
    endloop
  endfacet
  facet normal -2.818376e-01 9.290929e-01 2.394868e-01
    outer loop
      vertex   -9.607802e-01 4.830169e+00 2.152599e+01
      vertex   -1.884638e+00 4.549920e+00 2.152599e+01
      vertex   -1.861582e+00 4.494258e+00 2.176907e+01
    endloop
  endfacet
  facet normal -2.467826e-01 4.616976e-01 8.520174e-01
    outer loop
      vertex   -1.861582e+00 4.494258e+00 2.176907e+01
      vertex   -2.618184e+00 3.918391e+00 2.186198e+01
      vertex   -1.803436e+00 4.353883e+00 2.186198e+01
    endloop
  endfacet
  facet normal -2.467819e-01 4.616967e-01 8.520181e-01
    outer loop
      vertex   -1.861582e+00 4.494258e+00 2.176907e+01
      vertex   -2.702599e+00 4.044726e+00 2.176907e+01
      vertex   -2.618184e+00 3.918391e+00 2.186198e+01
    endloop
  endfacet
  facet normal -4.576787e-01 8.562571e-01 2.394868e-01
    outer loop
      vertex   -1.884638e+00 4.549920e+00 2.152599e+01
      vertex   -2.702599e+00 4.044726e+00 2.176907e+01
      vertex   -1.861582e+00 4.494258e+00 2.176907e+01
    endloop
  endfacet
  facet normal -4.576785e-01 8.562571e-01 2.394874e-01
    outer loop
      vertex   -1.884638e+00 4.549920e+00 2.152599e+01
      vertex   -2.736071e+00 4.094820e+00 2.152599e+01
      vertex   -2.702599e+00 4.044726e+00 2.176907e+01
    endloop
  endfacet
  facet normal -3.321124e-01 4.046807e-01 8.520181e-01
    outer loop
      vertex   -2.702599e+00 4.044726e+00 2.176907e+01
      vertex   -3.332317e+00 3.332318e+00 2.186198e+01
      vertex   -2.618184e+00 3.918391e+00 2.186198e+01
    endloop
  endfacet
  facet normal -3.321128e-01 4.046810e-01 8.520178e-01
    outer loop
      vertex   -2.702599e+00 4.044726e+00 2.176907e+01
      vertex   -3.439756e+00 3.439757e+00 2.176907e+01
      vertex   -3.332317e+00 3.332318e+00 2.186198e+01
    endloop
  endfacet
  facet normal -6.159317e-01 7.505157e-01 2.394875e-01
    outer loop
      vertex   -2.736071e+00 4.094820e+00 2.152599e+01
      vertex   -3.439756e+00 3.439757e+00 2.176907e+01
      vertex   -2.702599e+00 4.044726e+00 2.176907e+01
    endloop
  endfacet
  facet normal -6.159321e-01 7.505158e-01 2.394863e-01
    outer loop
      vertex   -2.736071e+00 4.094820e+00 2.152599e+01
      vertex   -3.482357e+00 3.482358e+00 2.152599e+01
      vertex   -3.439756e+00 3.439757e+00 2.176907e+01
    endloop
  endfacet
  facet normal -4.616968e-01 2.467819e-01 8.520181e-01
    outer loop
      vertex   -4.044724e+00 2.702600e+00 2.176907e+01
      vertex   -4.353881e+00 1.803438e+00 2.186198e+01
      vertex   -3.918389e+00 2.618186e+00 2.186198e+01
    endloop
  endfacet
  facet normal -4.616973e-01 2.467820e-01 8.520177e-01
    outer loop
      vertex   -4.044724e+00 2.702600e+00 2.176907e+01
      vertex   -4.494257e+00 1.861583e+00 2.176907e+01
      vertex   -4.353881e+00 1.803438e+00 2.186198e+01
    endloop
  endfacet
  facet normal -8.562575e-01 4.576785e-01 2.394859e-01
    outer loop
      vertex   -4.094818e+00 2.736072e+00 2.152599e+01
      vertex   -4.494257e+00 1.861583e+00 2.176907e+01
      vertex   -4.044724e+00 2.702600e+00 2.176907e+01
    endloop
  endfacet
  facet normal -8.562573e-01 4.576786e-01 2.394865e-01
    outer loop
      vertex   -4.094818e+00 2.736072e+00 2.152599e+01
      vertex   -4.549918e+00 1.884639e+00 2.152599e+01
      vertex   -4.494257e+00 1.861583e+00 2.176907e+01
    endloop
  endfacet
  facet normal -5.209632e-01 5.131070e-02 8.520356e-01
    outer loop
      vertex   -4.771077e+00 9.490278e-01 2.176907e+01
      vertex   -4.712607e+00 1.473015e-06 2.186198e+01
      vertex   -4.622055e+00 9.193856e-01 2.186198e+01
    endloop
  endfacet
  facet normal -5.209649e-01 5.131049e-02 8.520345e-01
    outer loop
      vertex   -4.771077e+00 9.490278e-01 2.176907e+01
      vertex   -4.864548e+00 1.463519e-06 2.176907e+01
      vertex   -4.712607e+00 1.473015e-06 2.186198e+01
    endloop
  endfacet
  facet normal -9.662258e-01 9.516480e-02 2.394815e-01
    outer loop
      vertex   -4.830167e+00 9.607816e-01 2.152599e+01
      vertex   -4.864548e+00 1.463519e-06 2.176907e+01
      vertex   -4.771077e+00 9.490278e-01 2.176907e+01
    endloop
  endfacet
  facet normal -9.662253e-01 9.516523e-02 2.394832e-01
    outer loop
      vertex   -4.830167e+00 9.607816e-01 2.152599e+01
      vertex   -4.924796e+00 1.439075e-06 2.152599e+01
      vertex   -4.864548e+00 1.463519e-06 2.176907e+01
    endloop
  endfacet
  facet normal -5.009430e-01 -1.519592e-01 8.520355e-01
    outer loop
      vertex   -4.771077e+00 -9.490249e-01 2.176907e+01
      vertex   -4.353881e+00 -1.803435e+00 2.186198e+01
      vertex   -4.622055e+00 -9.193826e-01 2.186198e+01
    endloop
  endfacet
  facet normal -5.009425e-01 -1.519590e-01 8.520358e-01
    outer loop
      vertex   -4.771077e+00 -9.490249e-01 2.176907e+01
      vertex   -4.494257e+00 -1.861581e+00 2.176907e+01
      vertex   -4.353881e+00 -1.803435e+00 2.186198e+01
    endloop
  endfacet
  facet normal -9.290944e-01 -2.818372e-01 2.394815e-01
    outer loop
      vertex   -4.830167e+00 -9.607787e-01 2.152599e+01
      vertex   -4.494257e+00 -1.861581e+00 2.176907e+01
      vertex   -4.771077e+00 -9.490249e-01 2.176907e+01
    endloop
  endfacet
  facet normal -9.290936e-01 -2.818355e-01 2.394868e-01
    outer loop
      vertex   -4.830167e+00 -9.607787e-01 2.152599e+01
      vertex   -4.549918e+00 -1.884637e+00 2.152600e+01
      vertex   -4.494257e+00 -1.861581e+00 2.176907e+01
    endloop
  endfacet
  facet normal -4.046584e-01 -3.320942e-01 8.520358e-01
    outer loop
      vertex   -4.044724e+00 -2.702597e+00 2.176907e+01
      vertex   -3.332317e+00 -3.332315e+00 2.186198e+01
      vertex   -3.918389e+00 -2.618183e+00 2.186198e+01
    endloop
  endfacet
  facet normal -4.046585e-01 -3.320943e-01 8.520357e-01
    outer loop
      vertex   -4.044724e+00 -2.702597e+00 2.176907e+01
      vertex   -3.439756e+00 -3.439755e+00 2.176907e+01
      vertex   -3.332317e+00 -3.332315e+00 2.186198e+01
    endloop
  endfacet
  facet normal -7.505159e-01 -6.159319e-01 2.394866e-01
    outer loop
      vertex   -4.094818e+00 -2.736069e+00 2.152600e+01
      vertex   -3.439756e+00 -3.439755e+00 2.176907e+01
      vertex   -4.044724e+00 -2.702597e+00 2.176907e+01
    endloop
  endfacet
  facet normal -7.505159e-01 -6.159319e-01 2.394865e-01
    outer loop
      vertex   -4.094818e+00 -2.736069e+00 2.152600e+01
      vertex   -3.482357e+00 -3.482356e+00 2.152600e+01
      vertex   -3.439756e+00 -3.439755e+00 2.176907e+01
    endloop
  endfacet
  facet normal -1.519591e-01 -5.009419e-01 8.520362e-01
    outer loop
      vertex   -1.861582e+00 -4.494255e+00 2.176907e+01
      vertex   -9.193841e-01 -4.622054e+00 2.186198e+01
      vertex   -1.803436e+00 -4.353879e+00 2.186198e+01
    endloop
  endfacet
  facet normal -1.519593e-01 -5.009444e-01 8.520347e-01
    outer loop
      vertex   -1.861582e+00 -4.494255e+00 2.176907e+01
      vertex   -9.490264e-01 -4.771075e+00 2.176907e+01
      vertex   -9.193841e-01 -4.622054e+00 2.186198e+01
    endloop
  endfacet
  facet normal -2.818364e-01 -9.290933e-01 2.394868e-01
    outer loop
      vertex   -1.884638e+00 -4.549917e+00 2.152600e+01
      vertex   -9.490264e-01 -4.771075e+00 2.176907e+01
      vertex   -1.861582e+00 -4.494255e+00 2.176907e+01
    endloop
  endfacet
  facet normal -2.818366e-01 -9.290929e-01 2.394882e-01
    outer loop
      vertex   -1.884638e+00 -4.549917e+00 2.152600e+01
      vertex   -9.607802e-01 -4.830166e+00 2.152600e+01
      vertex   -9.490264e-01 -4.771075e+00 2.176907e+01
    endloop
  endfacet
  facet normal -5.131051e-02 -5.209647e-01 8.520346e-01
    outer loop
      vertex   -9.490264e-01 -4.771075e+00 2.176907e+01
      vertex   4.008567e-10 -4.712605e+00 2.186198e+01
      vertex   -9.193841e-01 -4.622054e+00 2.186198e+01
    endloop
  endfacet
  facet normal -5.131049e-02 -5.209649e-01 8.520345e-01
    outer loop
      vertex   -9.490264e-01 -4.771075e+00 2.176907e+01
      vertex   -1.258074e-09 -4.864546e+00 2.176907e+01
      vertex   4.008567e-10 -4.712605e+00 2.186198e+01
    endloop
  endfacet
  facet normal -9.516464e-02 -9.662242e-01 2.394881e-01
    outer loop
      vertex   -9.607802e-01 -4.830166e+00 2.152600e+01
      vertex   -1.258074e-09 -4.864546e+00 2.176907e+01
      vertex   -9.490264e-01 -4.771075e+00 2.176907e+01
    endloop
  endfacet
  facet normal -9.516507e-02 -9.662237e-01 2.394899e-01
    outer loop
      vertex   -9.607802e-01 -4.830166e+00 2.152600e+01
      vertex   -1.819963e-09 -4.924794e+00 2.152600e+01
      vertex   -1.258074e-09 -4.864546e+00 2.176907e+01
    endloop
  endfacet
  facet normal 1.519598e-01 -5.009443e-01 8.520346e-01
    outer loop
      vertex   9.490262e-01 -4.771075e+00 2.176907e+01
      vertex   1.803436e+00 -4.353879e+00 2.186198e+01
      vertex   9.193839e-01 -4.622054e+00 2.186198e+01
    endloop
  endfacet
  facet normal 1.519585e-01 -5.009421e-01 8.520362e-01
    outer loop
      vertex   9.490262e-01 -4.771075e+00 2.176907e+01
      vertex   1.861582e+00 -4.494255e+00 2.176907e+01
      vertex   1.803436e+00 -4.353879e+00 2.186198e+01
    endloop
  endfacet
  facet normal 2.818362e-01 -9.290930e-01 2.394883e-01
    outer loop
      vertex   9.607801e-01 -4.830166e+00 2.152600e+01
      vertex   1.861582e+00 -4.494255e+00 2.176907e+01
      vertex   9.490262e-01 -4.771075e+00 2.176907e+01
    endloop
  endfacet
  facet normal 2.818367e-01 -9.290932e-01 2.394868e-01
    outer loop
      vertex   9.607801e-01 -4.830166e+00 2.152600e+01
      vertex   1.884638e+00 -4.549917e+00 2.152600e+01
      vertex   1.861582e+00 -4.494255e+00 2.176907e+01
    endloop
  endfacet
  facet normal 2.467678e-01 -4.616708e-01 8.520362e-01
    outer loop
      vertex   1.861582e+00 -4.494255e+00 2.176907e+01
      vertex   2.618184e+00 -3.918388e+00 2.186198e+01
      vertex   1.803436e+00 -4.353879e+00 2.186198e+01
    endloop
  endfacet
  facet normal 2.467689e-01 -4.616720e-01 8.520353e-01
    outer loop
      vertex   1.861582e+00 -4.494255e+00 2.176907e+01
      vertex   2.702599e+00 -4.044723e+00 2.176907e+01
      vertex   2.618184e+00 -3.918388e+00 2.186198e+01
    endloop
  endfacet
  facet normal 4.576789e-01 -8.562570e-01 2.394868e-01
    outer loop
      vertex   1.884638e+00 -4.549917e+00 2.152600e+01
      vertex   2.702599e+00 -4.044723e+00 2.176907e+01
      vertex   1.861582e+00 -4.494255e+00 2.176907e+01
    endloop
  endfacet
  facet normal 4.576787e-01 -8.562570e-01 2.394874e-01
    outer loop
      vertex   1.884638e+00 -4.549917e+00 2.152600e+01
      vertex   2.736071e+00 -4.094817e+00 2.152600e+01
      vertex   2.702599e+00 -4.044723e+00 2.176907e+01
    endloop
  endfacet
  facet normal 3.320946e-01 -4.046589e-01 8.520354e-01
    outer loop
      vertex   2.702599e+00 -4.044723e+00 2.176907e+01
      vertex   3.332317e+00 -3.332315e+00 2.186198e+01
      vertex   2.618184e+00 -3.918388e+00 2.186198e+01
    endloop
  endfacet
  facet normal 3.320941e-01 -4.046585e-01 8.520358e-01
    outer loop
      vertex   2.702599e+00 -4.044723e+00 2.176907e+01
      vertex   3.439756e+00 -3.439755e+00 2.176907e+01
      vertex   3.332317e+00 -3.332315e+00 2.186198e+01
    endloop
  endfacet
  facet normal 6.159315e-01 -7.505159e-01 2.394875e-01
    outer loop
      vertex   2.736071e+00 -4.094817e+00 2.152600e+01
      vertex   3.439756e+00 -3.439755e+00 2.176907e+01
      vertex   2.702599e+00 -4.044723e+00 2.176907e+01
    endloop
  endfacet
  facet normal 6.159319e-01 -7.505159e-01 2.394863e-01
    outer loop
      vertex   2.736071e+00 -4.094817e+00 2.152600e+01
      vertex   3.482357e+00 -3.482356e+00 2.152600e+01
      vertex   3.439756e+00 -3.439755e+00 2.176907e+01
    endloop
  endfacet
  facet normal 5.209632e-01 -5.131070e-02 8.520356e-01
    outer loop
      vertex   4.771077e+00 -9.490249e-01 2.176907e+01
      vertex   4.712607e+00 1.473015e-06 2.186198e+01
      vertex   4.622055e+00 -9.193826e-01 2.186198e+01
    endloop
  endfacet
  facet normal 5.209649e-01 -5.131050e-02 8.520345e-01
    outer loop
      vertex   4.771077e+00 -9.490249e-01 2.176907e+01
      vertex   4.864548e+00 1.463519e-06 2.176907e+01
      vertex   4.712607e+00 1.473015e-06 2.186198e+01
    endloop
  endfacet
  facet normal 9.662258e-01 -9.516481e-02 2.394815e-01
    outer loop
      vertex   4.830167e+00 -9.607787e-01 2.152599e+01
      vertex   4.864548e+00 1.463519e-06 2.176907e+01
      vertex   4.771077e+00 -9.490249e-01 2.176907e+01
    endloop
  endfacet
  facet normal 9.662253e-01 -9.516524e-02 2.394832e-01
    outer loop
      vertex   4.830167e+00 -9.607787e-01 2.152599e+01
      vertex   4.924796e+00 1.439075e-06 2.152599e+01
      vertex   4.864548e+00 1.463519e-06 2.176907e+01
    endloop
  endfacet
  facet normal 5.209649e-01 5.131087e-02 8.520345e-01
    outer loop
      vertex   4.864548e+00 1.463519e-06 2.176907e+01
      vertex   4.622055e+00 9.193856e-01 2.186198e+01
      vertex   4.712607e+00 1.473015e-06 2.186198e+01
    endloop
  endfacet
  facet normal 5.209632e-01 5.131033e-02 8.520355e-01
    outer loop
      vertex   4.864548e+00 1.463519e-06 2.176907e+01
      vertex   4.771077e+00 9.490278e-01 2.176907e+01
      vertex   4.622055e+00 9.193856e-01 2.186198e+01
    endloop
  endfacet
  facet normal 9.662254e-01 9.516476e-02 2.394832e-01
    outer loop
      vertex   4.924796e+00 1.439075e-06 2.152599e+01
      vertex   4.771077e+00 9.490278e-01 2.176907e+01
      vertex   4.864548e+00 1.463519e-06 2.176907e+01
    endloop
  endfacet
  facet normal 9.662257e-01 9.516527e-02 2.394815e-01
    outer loop
      vertex   4.924796e+00 1.439075e-06 2.152599e+01
      vertex   4.830167e+00 9.607816e-01 2.152599e+01
      vertex   4.771077e+00 9.490278e-01 2.176907e+01
    endloop
  endfacet
  facet normal 5.009430e-01 1.519592e-01 8.520355e-01
    outer loop
      vertex   4.771077e+00 9.490278e-01 2.176907e+01
      vertex   4.353881e+00 1.803438e+00 2.186198e+01
      vertex   4.622055e+00 9.193856e-01 2.186198e+01
    endloop
  endfacet
  facet normal 5.009684e-01 1.519736e-01 8.520180e-01
    outer loop
      vertex   4.771077e+00 9.490278e-01 2.176907e+01
      vertex   4.494257e+00 1.861583e+00 2.176907e+01
      vertex   4.353881e+00 1.803438e+00 2.186198e+01
    endloop
  endfacet
  facet normal 9.290938e-01 2.818391e-01 2.394815e-01
    outer loop
      vertex   4.830167e+00 9.607816e-01 2.152599e+01
      vertex   4.494257e+00 1.861583e+00 2.176907e+01
      vertex   4.771077e+00 9.490278e-01 2.176907e+01
    endloop
  endfacet
  facet normal 9.290930e-01 2.818374e-01 2.394866e-01
    outer loop
      vertex   4.830167e+00 9.607816e-01 2.152599e+01
      vertex   4.549918e+00 1.884639e+00 2.152599e+01
      vertex   4.494257e+00 1.861583e+00 2.176907e+01
    endloop
  endfacet
  facet normal 2.467821e-01 4.616966e-01 8.520181e-01
    outer loop
      vertex   2.702599e+00 4.044726e+00 2.176907e+01
      vertex   1.803436e+00 4.353883e+00 2.186198e+01
      vertex   2.618184e+00 3.918391e+00 2.186198e+01
    endloop
  endfacet
  facet normal 2.467824e-01 4.616977e-01 8.520174e-01
    outer loop
      vertex   2.702599e+00 4.044726e+00 2.176907e+01
      vertex   1.861582e+00 4.494258e+00 2.176907e+01
      vertex   1.803436e+00 4.353883e+00 2.186198e+01
    endloop
  endfacet
  facet normal 4.576786e-01 8.562570e-01 2.394874e-01
    outer loop
      vertex   2.736071e+00 4.094820e+00 2.152599e+01
      vertex   1.861582e+00 4.494258e+00 2.176907e+01
      vertex   2.702599e+00 4.044726e+00 2.176907e+01
    endloop
  endfacet
  facet normal 4.576786e-01 8.562572e-01 2.394868e-01
    outer loop
      vertex   2.736071e+00 4.094820e+00 2.152599e+01
      vertex   1.884638e+00 4.549920e+00 2.152599e+01
      vertex   1.861582e+00 4.494258e+00 2.176907e+01
    endloop
  endfacet
  facet normal 5.131367e-02 5.209915e-01 8.520180e-01
    outer loop
      vertex   9.490262e-01 4.771079e+00 2.176907e+01
      vertex   4.008567e-10 4.712609e+00 2.186198e+01
      vertex   9.193839e-01 4.622056e+00 2.186198e+01
    endloop
  endfacet
  facet normal 5.131337e-02 5.209940e-01 8.520165e-01
    outer loop
      vertex   9.490262e-01 4.771079e+00 2.176907e+01
      vertex   -1.258074e-09 4.864550e+00 2.176907e+01
      vertex   4.008567e-10 4.712609e+00 2.186198e+01
    endloop
  endfacet
  facet normal 9.516466e-02 9.662242e-01 2.394882e-01
    outer loop
      vertex   9.607801e-01 4.830169e+00 2.152599e+01
      vertex   -1.258074e-09 4.864550e+00 2.176907e+01
      vertex   9.490262e-01 4.771079e+00 2.176907e+01
    endloop
  endfacet
  facet normal 9.516508e-02 9.662237e-01 2.394899e-01
    outer loop
      vertex   9.607801e-01 4.830169e+00 2.152599e+01
      vertex   -1.819963e-09 4.924798e+00 2.152599e+01
      vertex   -1.258074e-09 4.864550e+00 2.176907e+01
    endloop
  endfacet
  facet normal 3.872404e-07 1.604002e-07 1.000000e+00
    outer loop
      vertex   -1.539216e+00 -3.715994e+00 2.181971e+01
      vertex   3.715995e+00 -1.539214e+00 2.181971e+01
      vertex   1.539216e+00 3.715996e+00 2.181971e+01
    endloop
  endfacet
  facet normal -1.604002e-07 3.872404e-07 1.000000e+00
    outer loop
      vertex   1.539216e+00 3.715996e+00 2.181971e+01
      vertex   -3.715995e+00 1.539217e+00 2.181971e+01
      vertex   -1.539216e+00 -3.715994e+00 2.181971e+01
    endloop
  endfacet
  facet normal 0.000000e+00 -0.000000e+00 1.000000e+00
    outer loop
      vertex   3.715995e+00 -1.539214e+00 2.181971e+01
      vertex   3.715995e+00 1.539217e+00 2.181971e+01
      vertex   1.539216e+00 3.715996e+00 2.181971e+01
    endloop
  endfacet
  facet normal -0.000000e+00 1.095281e-06 1.000000e+00
    outer loop
      vertex   -1.539216e+00 -3.715994e+00 2.181971e+01
      vertex   1.539216e+00 -3.715994e+00 2.181971e+01
      vertex   3.715995e+00 -1.539214e+00 2.181971e+01
    endloop
  endfacet
  facet normal -1.095281e-06 0.000000e+00 1.000000e+00
    outer loop
      vertex   -3.715995e+00 1.539217e+00 2.181971e+01
      vertex   -3.715995e+00 -1.539214e+00 2.181971e+01
      vertex   -1.539216e+00 -3.715994e+00 2.181971e+01
    endloop
  endfacet
  facet normal 0.000000e+00 0.000000e+00 1.000000e+00
    outer loop
      vertex   1.539216e+00 3.715996e+00 2.181971e+01
      vertex   -1.539216e+00 3.715996e+00 2.181971e+01
      vertex   -3.715995e+00 1.539217e+00 2.181971e+01
    endloop
  endfacet
  facet normal 0.000000e+00 0.000000e+00 1.000000e+00
    outer loop
      vertex   3.715995e+00 1.539217e+00 2.181971e+01
      vertex   2.844100e+00 2.844101e+00 2.181971e+01
      vertex   1.539216e+00 3.715996e+00 2.181971e+01
    endloop
  endfacet
  facet normal 0.000000e+00 0.000000e+00 1.000000e+00
    outer loop
      vertex   3.715995e+00 -1.539214e+00 2.181971e+01
      vertex   4.022164e+00 1.469470e-06 2.181971e+01
      vertex   3.715995e+00 1.539217e+00 2.181971e+01
    endloop
  endfacet
  facet normal -2.205528e-06 3.300809e-06 1.000000e+00
    outer loop
      vertex   1.539216e+00 -3.715994e+00 2.181971e+01
      vertex   2.844100e+00 -2.844099e+00 2.181971e+01
      vertex   3.715995e+00 -1.539214e+00 2.181971e+01
    endloop
  endfacet
  facet normal -0.000000e+00 0.000000e+00 1.000000e+00
    outer loop
      vertex   -1.539216e+00 -3.715994e+00 2.181971e+01
      vertex   7.444895e-09 -4.022163e+00 2.181971e+01
      vertex   1.539216e+00 -3.715994e+00 2.181971e+01
    endloop
  endfacet
  facet normal 2.205528e-06 3.300809e-06 1.000000e+00
    outer loop
      vertex   -3.715995e+00 -1.539214e+00 2.181971e+01
      vertex   -2.844100e+00 -2.844099e+00 2.181971e+01
      vertex   -1.539216e+00 -3.715994e+00 2.181971e+01
    endloop
  endfacet
  facet normal 0.000000e+00 0.000000e+00 1.000000e+00
    outer loop
      vertex   -3.715995e+00 1.539217e+00 2.181971e+01
      vertex   -4.022164e+00 1.469470e-06 2.181971e+01
      vertex   -3.715995e+00 -1.539214e+00 2.181971e+01
    endloop
  endfacet
  facet normal 0.000000e+00 0.000000e+00 1.000000e+00
    outer loop
      vertex   -1.539216e+00 3.715996e+00 2.181971e+01
      vertex   -2.844100e+00 2.844101e+00 2.181971e+01
      vertex   -3.715995e+00 1.539217e+00 2.181971e+01
    endloop
  endfacet
  facet normal 0.000000e+00 0.000000e+00 1.000000e+00
    outer loop
      vertex   1.539216e+00 3.715996e+00 2.181971e+01
      vertex   7.444895e-09 4.022166e+00 2.181971e+01
      vertex   -1.539216e+00 3.715996e+00 2.181971e+01
    endloop
  endfacet
  facet normal 0.000000e+00 0.000000e+00 1.000000e+00
    outer loop
      vertex   2.844100e+00 2.844101e+00 2.181971e+01
      vertex   2.234595e+00 3.344309e+00 2.181971e+01
      vertex   1.539216e+00 3.715996e+00 2.181971e+01
    endloop
  endfacet
  facet normal 0.000000e+00 0.000000e+00 1.000000e+00
    outer loop
      vertex   3.715995e+00 1.539217e+00 2.181971e+01
      vertex   3.344308e+00 2.234597e+00 2.181971e+01
      vertex   2.844100e+00 2.844101e+00 2.181971e+01
    endloop
  endfacet
  facet normal 0.000000e+00 0.000000e+00 1.000000e+00
    outer loop
      vertex   4.022164e+00 1.469470e-06 2.181971e+01
      vertex   3.944879e+00 7.846869e-01 2.181971e+01
      vertex   3.715995e+00 1.539217e+00 2.181971e+01
    endloop
  endfacet
  facet normal 0.000000e+00 0.000000e+00 1.000000e+00
    outer loop
      vertex   3.715995e+00 -1.539214e+00 2.181971e+01
      vertex   3.944879e+00 -7.846838e-01 2.181971e+01
      vertex   4.022164e+00 1.469470e-06 2.181971e+01
    endloop
  endfacet
  facet normal -1.198113e-05 9.832653e-06 1.000000e+00
    outer loop
      vertex   2.844100e+00 -2.844099e+00 2.181971e+01
      vertex   3.344308e+00 -2.234594e+00 2.181971e+01
      vertex   3.715995e+00 -1.539214e+00 2.181971e+01
    endloop
  endfacet
  facet normal 0.000000e+00 0.000000e+00 1.000000e+00
    outer loop
      vertex   1.539216e+00 -3.715994e+00 2.181971e+01
      vertex   2.234595e+00 -3.344306e+00 2.181971e+01
      vertex   2.844100e+00 -2.844099e+00 2.181971e+01
    endloop
  endfacet
  facet normal 0.000000e+00 0.000000e+00 1.000000e+00
    outer loop
      vertex   7.444895e-09 -4.022163e+00 2.181971e+01
      vertex   7.846852e-01 -3.944878e+00 2.181971e+01
      vertex   1.539216e+00 -3.715994e+00 2.181971e+01
    endloop
  endfacet
  facet normal 0.000000e+00 0.000000e+00 1.000000e+00
    outer loop
      vertex   -1.539216e+00 -3.715994e+00 2.181971e+01
      vertex   -7.846853e-01 -3.944878e+00 2.181971e+01
      vertex   7.444895e-09 -4.022163e+00 2.181971e+01
    endloop
  endfacet
  facet normal 0.000000e+00 0.000000e+00 1.000000e+00
    outer loop
      vertex   -2.844100e+00 -2.844099e+00 2.181971e+01
      vertex   -2.234595e+00 -3.344306e+00 2.181971e+01
      vertex   -1.539216e+00 -3.715994e+00 2.181971e+01
    endloop
  endfacet
  facet normal 1.198113e-05 9.832653e-06 1.000000e+00
    outer loop
      vertex   -3.715995e+00 -1.539214e+00 2.181971e+01
      vertex   -3.344308e+00 -2.234594e+00 2.181971e+01
      vertex   -2.844100e+00 -2.844099e+00 2.181971e+01
    endloop
  endfacet
  facet normal 0.000000e+00 0.000000e+00 1.000000e+00
    outer loop
      vertex   -4.022164e+00 1.469470e-06 2.181971e+01
      vertex   -3.944879e+00 -7.846838e-01 2.181971e+01
      vertex   -3.715995e+00 -1.539214e+00 2.181971e+01
    endloop
  endfacet
  facet normal 0.000000e+00 0.000000e+00 1.000000e+00
    outer loop
      vertex   -3.715995e+00 1.539217e+00 2.181971e+01
      vertex   -3.944879e+00 7.846869e-01 2.181971e+01
      vertex   -4.022164e+00 1.469470e-06 2.181971e+01
    endloop
  endfacet
  facet normal 0.000000e+00 0.000000e+00 1.000000e+00
    outer loop
      vertex   -2.844100e+00 2.844101e+00 2.181971e+01
      vertex   -3.344308e+00 2.234597e+00 2.181971e+01
      vertex   -3.715995e+00 1.539217e+00 2.181971e+01
    endloop
  endfacet
  facet normal 0.000000e+00 0.000000e+00 1.000000e+00
    outer loop
      vertex   -1.539216e+00 3.715996e+00 2.181971e+01
      vertex   -2.234595e+00 3.344309e+00 2.181971e+01
      vertex   -2.844100e+00 2.844101e+00 2.181971e+01
    endloop
  endfacet
  facet normal 0.000000e+00 0.000000e+00 1.000000e+00
    outer loop
      vertex   7.444895e-09 4.022166e+00 2.181971e+01
      vertex   -7.846853e-01 3.944881e+00 2.181971e+01
      vertex   -1.539216e+00 3.715996e+00 2.181971e+01
    endloop
  endfacet
  facet normal 0.000000e+00 0.000000e+00 1.000000e+00
    outer loop
      vertex   1.539216e+00 3.715996e+00 2.181971e+01
      vertex   7.846852e-01 3.944881e+00 2.181971e+01
      vertex   7.444895e-09 4.022166e+00 2.181971e+01
    endloop
  endfacet
  facet normal -9.568585e-01 2.902600e-01 -1.307890e-02
    outer loop
      vertex   -4.819371e+00 9.586338e-01 2.068842e+01
      vertex   -4.549918e+00 1.884639e+00 2.152599e+01
      vertex   -4.539748e+00 1.880427e+00 2.068842e+01
    endloop
  endfacet
  facet normal -9.568585e-01 2.902599e-01 -1.307884e-02
    outer loop
      vertex   -4.819371e+00 9.586338e-01 2.068842e+01
      vertex   -4.830167e+00 9.607816e-01 2.152599e+01
      vertex   -4.549918e+00 1.884639e+00 2.152599e+01
    endloop
  endfacet
  facet normal -9.568584e-01 -2.902600e-01 -1.307871e-02
    outer loop
      vertex   -4.539748e+00 -1.880424e+00 2.068843e+01
      vertex   -4.830167e+00 -9.607787e-01 2.152599e+01
      vertex   -4.819371e+00 -9.586312e-01 2.068842e+01
    endloop
  endfacet
  facet normal -9.568585e-01 -2.902598e-01 -1.307896e-02
    outer loop
      vertex   -4.539748e+00 -1.880424e+00 2.068843e+01
      vertex   -4.549918e+00 -1.884637e+00 2.152600e+01
      vertex   -4.830167e+00 -9.607787e-01 2.152599e+01
    endloop
  endfacet
  facet normal 4.713565e-01 8.818458e-01 -1.307909e-02
    outer loop
      vertex   1.880425e+00 4.539749e+00 2.068842e+01
      vertex   2.736071e+00 4.094820e+00 2.152599e+01
      vertex   2.729954e+00 4.085667e+00 2.068842e+01
    endloop
  endfacet
  facet normal 4.713560e-01 8.818460e-01 -1.307855e-02
    outer loop
      vertex   1.880425e+00 4.539749e+00 2.068842e+01
      vertex   1.884638e+00 4.549920e+00 2.152599e+01
      vertex   2.736071e+00 4.094820e+00 2.152599e+01
    endloop
  endfacet
  facet normal -9.950996e-01 -9.800903e-02 -1.307883e-02
    outer loop
      vertex   -4.819371e+00 -9.586312e-01 2.068842e+01
      vertex   -4.924796e+00 1.439075e-06 2.152599e+01
      vertex   -4.913788e+00 1.355014e-06 2.068842e+01
    endloop
  endfacet
  facet normal -9.950996e-01 -9.800911e-02 -1.307874e-02
    outer loop
      vertex   -4.819371e+00 -9.586312e-01 2.068842e+01
      vertex   -4.830167e+00 -9.607787e-01 2.152599e+01
      vertex   -4.924796e+00 1.439075e-06 2.152599e+01
    endloop
  endfacet
  facet normal 9.950996e-01 -9.800903e-02 -1.307874e-02
    outer loop
      vertex   4.913788e+00 1.355014e-06 2.068842e+01
      vertex   4.830167e+00 -9.607787e-01 2.152599e+01
      vertex   4.819371e+00 -9.586312e-01 2.068842e+01
    endloop
  endfacet
  facet normal 9.950996e-01 -9.800911e-02 -1.307883e-02
    outer loop
      vertex   4.913788e+00 1.355014e-06 2.068842e+01
      vertex   4.924796e+00 1.439075e-06 2.152599e+01
      vertex   4.830167e+00 -9.607787e-01 2.152599e+01
    endloop
  endfacet
  facet normal 6.343386e-01 -7.729447e-01 -1.307940e-02
    outer loop
      vertex   3.474573e+00 -3.474571e+00 2.068843e+01
      vertex   2.736071e+00 -4.094817e+00 2.152600e+01
      vertex   2.729954e+00 -4.085663e+00 2.068843e+01
    endloop
  endfacet
  facet normal 6.343387e-01 -7.729446e-01 -1.307921e-02
    outer loop
      vertex   3.474573e+00 -3.474571e+00 2.068843e+01
      vertex   3.482357e+00 -3.482356e+00 2.152600e+01
      vertex   2.736071e+00 -4.094817e+00 2.152600e+01
    endloop
  endfacet
  facet normal -8.818460e-01 -4.713561e-01 -1.307891e-02
    outer loop
      vertex   -4.085665e+00 -2.729953e+00 2.068843e+01
      vertex   -4.549918e+00 -1.884637e+00 2.152600e+01
      vertex   -4.539748e+00 -1.880424e+00 2.068843e+01
    endloop
  endfacet
  facet normal -8.818460e-01 -4.713562e-01 -1.307888e-02
    outer loop
      vertex   -4.085665e+00 -2.729953e+00 2.068843e+01
      vertex   -4.094818e+00 -2.736069e+00 2.152600e+01
      vertex   -4.549918e+00 -1.884637e+00 2.152600e+01
    endloop
  endfacet
  facet normal -7.729444e-01 -6.343389e-01 -1.307890e-02
    outer loop
      vertex   -3.474573e+00 -3.474571e+00 2.068843e+01
      vertex   -4.094818e+00 -2.736069e+00 2.152600e+01
      vertex   -4.085665e+00 -2.729953e+00 2.068843e+01
    endloop
  endfacet
  facet normal -7.729446e-01 -6.343387e-01 -1.307921e-02
    outer loop
      vertex   -3.474573e+00 -3.474571e+00 2.068843e+01
      vertex   -3.482357e+00 -3.482356e+00 2.152600e+01
      vertex   -4.094818e+00 -2.736069e+00 2.152600e+01
    endloop
  endfacet
  facet normal -6.343389e-01 7.729444e-01 -1.307916e-02
    outer loop
      vertex   -3.474573e+00 3.474574e+00 2.068842e+01
      vertex   -2.736071e+00 4.094820e+00 2.152599e+01
      vertex   -2.729954e+00 4.085667e+00 2.068842e+01
    endloop
  endfacet
  facet normal -6.343389e-01 7.729445e-01 -1.307925e-02
    outer loop
      vertex   -3.474573e+00 3.474574e+00 2.068842e+01
      vertex   -3.482357e+00 3.482358e+00 2.152599e+01
      vertex   -2.736071e+00 4.094820e+00 2.152599e+01
    endloop
  endfacet
  facet normal 7.729444e-01 -6.343389e-01 -1.307921e-02
    outer loop
      vertex   4.085665e+00 -2.729953e+00 2.068843e+01
      vertex   3.482357e+00 -3.482356e+00 2.152600e+01
      vertex   3.474573e+00 -3.474571e+00 2.068843e+01
    endloop
  endfacet
  facet normal 7.729446e-01 -6.343387e-01 -1.307890e-02
    outer loop
      vertex   4.085665e+00 -2.729953e+00 2.068843e+01
      vertex   4.094818e+00 -2.736069e+00 2.152600e+01
      vertex   3.482357e+00 -3.482356e+00 2.152600e+01
    endloop
  endfacet
  facet normal -6.018350e-03 -6.110500e-02 9.981132e-01
    outer loop
      vertex   9.193839e-01 4.622056e+00 2.186198e+01
      vertex   7.444895e-09 4.022166e+00 2.181971e+01
      vertex   7.846852e-01 3.944881e+00 2.181971e+01
    endloop
  endfacet
  facet normal -6.018371e-03 -6.110497e-02 9.981132e-01
    outer loop
      vertex   9.193839e-01 4.622056e+00 2.186198e+01
      vertex   4.008567e-10 4.712609e+00 2.186198e+01
      vertex   7.444895e-09 4.022166e+00 2.181971e+01
    endloop
  endfacet
  facet normal -2.902606e-01 -9.568583e-01 -1.307925e-02
    outer loop
      vertex   -9.586326e-01 -4.819370e+00 2.068843e+01
      vertex   -1.884638e+00 -4.549917e+00 2.152600e+01
      vertex   -1.880425e+00 -4.539746e+00 2.068843e+01
    endloop
  endfacet
  facet normal -2.902593e-01 -9.568587e-01 -1.307766e-02
    outer loop
      vertex   -9.586326e-01 -4.819370e+00 2.068843e+01
      vertex   -9.607802e-01 -4.830166e+00 2.152600e+01
      vertex   -1.884638e+00 -4.549917e+00 2.152600e+01
    endloop
  endfacet
  facet normal 9.800874e-02 -9.950996e-01 -1.307806e-02
    outer loop
      vertex   9.586325e-01 -4.819370e+00 2.068843e+01
      vertex   -1.819963e-09 -4.924794e+00 2.152600e+01
      vertex   -1.842005e-09 -4.913787e+00 2.068843e+01
    endloop
  endfacet
  facet normal 9.800912e-02 -9.950996e-01 -1.307762e-02
    outer loop
      vertex   9.586325e-01 -4.819370e+00 2.068843e+01
      vertex   9.607801e-01 -4.830166e+00 2.152600e+01
      vertex   -1.819963e-09 -4.924794e+00 2.152600e+01
    endloop
  endfacet
  facet normal -6.343386e-01 -7.729447e-01 -1.307921e-02
    outer loop
      vertex   -2.729954e+00 -4.085663e+00 2.068843e+01
      vertex   -3.482357e+00 -3.482356e+00 2.152600e+01
      vertex   -3.474573e+00 -3.474571e+00 2.068843e+01
    endloop
  endfacet
  facet normal -6.343387e-01 -7.729446e-01 -1.307940e-02
    outer loop
      vertex   -2.729954e+00 -4.085663e+00 2.068843e+01
      vertex   -2.736071e+00 -4.094817e+00 2.152600e+01
      vertex   -3.482357e+00 -3.482356e+00 2.152600e+01
    endloop
  endfacet
  facet normal 7.729444e-01 6.343389e-01 -1.307893e-02
    outer loop
      vertex   3.474573e+00 3.474574e+00 2.068842e+01
      vertex   4.094818e+00 2.736072e+00 2.152599e+01
      vertex   4.085665e+00 2.729956e+00 2.068842e+01
    endloop
  endfacet
  facet normal 7.729446e-01 6.343387e-01 -1.307925e-02
    outer loop
      vertex   3.474573e+00 3.474574e+00 2.068842e+01
      vertex   3.482357e+00 3.482358e+00 2.152599e+01
      vertex   4.094818e+00 2.736072e+00 2.152599e+01
    endloop
  endfacet
  facet normal -4.713565e-01 8.818458e-01 -1.307855e-02
    outer loop
      vertex   -2.729954e+00 4.085667e+00 2.068842e+01
      vertex   -1.884638e+00 4.549920e+00 2.152599e+01
      vertex   -1.880425e+00 4.539749e+00 2.068842e+01
    endloop
  endfacet
  facet normal -4.713560e-01 8.818460e-01 -1.307909e-02
    outer loop
      vertex   -2.729954e+00 4.085667e+00 2.068842e+01
      vertex   -2.736071e+00 4.094820e+00 2.152599e+01
      vertex   -1.884638e+00 4.549920e+00 2.152599e+01
    endloop
  endfacet
  facet normal -7.729444e-01 6.343389e-01 -1.307925e-02
    outer loop
      vertex   -4.085665e+00 2.729956e+00 2.068842e+01
      vertex   -3.482357e+00 3.482358e+00 2.152599e+01
      vertex   -3.474573e+00 3.474574e+00 2.068842e+01
    endloop
  endfacet
  facet normal -7.729446e-01 6.343387e-01 -1.307893e-02
    outer loop
      vertex   -4.085665e+00 2.729956e+00 2.068842e+01
      vertex   -4.094818e+00 2.736072e+00 2.152599e+01
      vertex   -3.482357e+00 3.482358e+00 2.152599e+01
    endloop
  endfacet
  facet normal 8.818460e-01 -4.713561e-01 -1.307888e-02
    outer loop
      vertex   4.539748e+00 -1.880424e+00 2.068843e+01
      vertex   4.094818e+00 -2.736069e+00 2.152600e+01
      vertex   4.085665e+00 -2.729953e+00 2.068843e+01
    endloop
  endfacet
  facet normal 8.818460e-01 -4.713562e-01 -1.307891e-02
    outer loop
      vertex   4.539748e+00 -1.880424e+00 2.068843e+01
      vertex   4.549918e+00 -1.884637e+00 2.152600e+01
      vertex   4.094818e+00 -2.736069e+00 2.152600e+01
    endloop
  endfacet
  facet normal 2.902606e-01 -9.568583e-01 -1.307766e-02
    outer loop
      vertex   1.880425e+00 -4.539746e+00 2.068843e+01
      vertex   9.607801e-01 -4.830166e+00 2.152600e+01
      vertex   9.586325e-01 -4.819370e+00 2.068843e+01
    endloop
  endfacet
  facet normal 2.902592e-01 -9.568587e-01 -1.307925e-02
    outer loop
      vertex   1.880425e+00 -4.539746e+00 2.068843e+01
      vertex   1.884638e+00 -4.549917e+00 2.152600e+01
      vertex   9.607801e-01 -4.830166e+00 2.152600e+01
    endloop
  endfacet
  facet normal -4.713565e-01 -8.818458e-01 -1.307936e-02
    outer loop
      vertex   -1.880425e+00 -4.539746e+00 2.068843e+01
      vertex   -2.736071e+00 -4.094817e+00 2.152600e+01
      vertex   -2.729954e+00 -4.085663e+00 2.068843e+01
    endloop
  endfacet
  facet normal -4.713563e-01 -8.818459e-01 -1.307914e-02
    outer loop
      vertex   -1.880425e+00 -4.539746e+00 2.068843e+01
      vertex   -1.884638e+00 -4.549917e+00 2.152600e+01
      vertex   -2.736071e+00 -4.094817e+00 2.152600e+01
    endloop
  endfacet
  facet normal 9.950996e-01 9.800904e-02 -1.307885e-02
    outer loop
      vertex   4.819371e+00 9.586338e-01 2.068842e+01
      vertex   4.924796e+00 1.439075e-06 2.152599e+01
      vertex   4.913788e+00 1.355014e-06 2.068842e+01
    endloop
  endfacet
  facet normal 9.950996e-01 9.800910e-02 -1.307878e-02
    outer loop
      vertex   4.819371e+00 9.586338e-01 2.068842e+01
      vertex   4.830167e+00 9.607816e-01 2.152599e+01
      vertex   4.924796e+00 1.439075e-06 2.152599e+01
    endloop
  endfacet
  facet normal -9.800872e-02 9.950996e-01 -1.307987e-02
    outer loop
      vertex   -9.586326e-01 4.819372e+00 2.068842e+01
      vertex   -1.819963e-09 4.924798e+00 2.152599e+01
      vertex   -1.842005e-09 4.913789e+00 2.068842e+01
    endloop
  endfacet
  facet normal -9.800910e-02 9.950996e-01 -1.307943e-02
    outer loop
      vertex   -9.586326e-01 4.819372e+00 2.068842e+01
      vertex   -9.607802e-01 4.830169e+00 2.152599e+01
      vertex   -1.819963e-09 4.924798e+00 2.152599e+01
    endloop
  endfacet
  facet normal 2.902594e-01 9.568586e-01 -1.307861e-02
    outer loop
      vertex   9.586325e-01 4.819372e+00 2.068842e+01
      vertex   1.884638e+00 4.549920e+00 2.152599e+01
      vertex   1.880425e+00 4.539749e+00 2.068842e+01
    endloop
  endfacet
  facet normal 2.902601e-01 9.568584e-01 -1.307940e-02
    outer loop
      vertex   9.586325e-01 4.819372e+00 2.068842e+01
      vertex   9.607801e-01 4.830169e+00 2.152599e+01
      vertex   1.884638e+00 4.549920e+00 2.152599e+01
    endloop
  endfacet
  facet normal 9.568585e-01 2.902600e-01 -1.307884e-02
    outer loop
      vertex   4.539748e+00 1.880427e+00 2.068842e+01
      vertex   4.830167e+00 9.607816e-01 2.152599e+01
      vertex   4.819371e+00 9.586338e-01 2.068842e+01
    endloop
  endfacet
  facet normal 9.568585e-01 2.902599e-01 -1.307890e-02
    outer loop
      vertex   4.539748e+00 1.880427e+00 2.068842e+01
      vertex   4.549918e+00 1.884639e+00 2.152599e+01
      vertex   4.830167e+00 9.607816e-01 2.152599e+01
    endloop
  endfacet
  facet normal 9.568584e-01 -2.902600e-01 -1.307896e-02
    outer loop
      vertex   4.819371e+00 -9.586312e-01 2.068842e+01
      vertex   4.549918e+00 -1.884637e+00 2.152600e+01
      vertex   4.539748e+00 -1.880424e+00 2.068843e+01
    endloop
  endfacet
  facet normal 9.568585e-01 -2.902598e-01 -1.307871e-02
    outer loop
      vertex   4.819371e+00 -9.586312e-01 2.068842e+01
      vertex   4.830167e+00 -9.607787e-01 2.152599e+01
      vertex   4.549918e+00 -1.884637e+00 2.152600e+01
    endloop
  endfacet
  facet normal -9.950996e-01 9.800904e-02 -1.307878e-02
    outer loop
      vertex   -4.913788e+00 1.355014e-06 2.068842e+01
      vertex   -4.830167e+00 9.607816e-01 2.152599e+01
      vertex   -4.819371e+00 9.586338e-01 2.068842e+01
    endloop
  endfacet
  facet normal -9.950996e-01 9.800910e-02 -1.307885e-02
    outer loop
      vertex   -4.913788e+00 1.355014e-06 2.068842e+01
      vertex   -4.924796e+00 1.439075e-06 2.152599e+01
      vertex   -4.830167e+00 9.607816e-01 2.152599e+01
    endloop
  endfacet
  facet normal 8.818460e-01 4.713561e-01 -1.307878e-02
    outer loop
      vertex   4.085665e+00 2.729956e+00 2.068842e+01
      vertex   4.549918e+00 1.884639e+00 2.152599e+01
      vertex   4.539748e+00 1.880427e+00 2.068842e+01
    endloop
  endfacet
  facet normal 8.818460e-01 4.713560e-01 -1.307892e-02
    outer loop
      vertex   4.085665e+00 2.729956e+00 2.068842e+01
      vertex   4.094818e+00 2.736072e+00 2.152599e+01
      vertex   4.549918e+00 1.884639e+00 2.152599e+01
    endloop
  endfacet
  facet normal 4.713565e-01 -8.818458e-01 -1.307914e-02
    outer loop
      vertex   2.729954e+00 -4.085663e+00 2.068843e+01
      vertex   1.884638e+00 -4.549917e+00 2.152600e+01
      vertex   1.880425e+00 -4.539746e+00 2.068843e+01
    endloop
  endfacet
  facet normal 4.713563e-01 -8.818459e-01 -1.307936e-02
    outer loop
      vertex   2.729954e+00 -4.085663e+00 2.068843e+01
      vertex   2.736071e+00 -4.094817e+00 2.152600e+01
      vertex   1.884638e+00 -4.549917e+00 2.152600e+01
    endloop
  endfacet
  facet normal -8.818460e-01 4.713561e-01 -1.307892e-02
    outer loop
      vertex   -4.539748e+00 1.880427e+00 2.068842e+01
      vertex   -4.094818e+00 2.736072e+00 2.152599e+01
      vertex   -4.085665e+00 2.729956e+00 2.068842e+01
    endloop
  endfacet
  facet normal -8.818460e-01 4.713560e-01 -1.307878e-02
    outer loop
      vertex   -4.539748e+00 1.880427e+00 2.068842e+01
      vertex   -4.549918e+00 1.884639e+00 2.152599e+01
      vertex   -4.094818e+00 2.736072e+00 2.152599e+01
    endloop
  endfacet
  facet normal -2.902595e-01 9.568586e-01 -1.307940e-02
    outer loop
      vertex   -1.880425e+00 4.539749e+00 2.068842e+01
      vertex   -9.607802e-01 4.830169e+00 2.152599e+01
      vertex   -9.586326e-01 4.819372e+00 2.068842e+01
    endloop
  endfacet
  facet normal -2.902601e-01 9.568584e-01 -1.307861e-02
    outer loop
      vertex   -1.880425e+00 4.539749e+00 2.068842e+01
      vertex   -1.884638e+00 4.549920e+00 2.152599e+01
      vertex   -9.607802e-01 4.830169e+00 2.152599e+01
    endloop
  endfacet
  facet normal -9.800872e-02 -9.950996e-01 -1.307762e-02
    outer loop
      vertex   -1.842005e-09 -4.913787e+00 2.068843e+01
      vertex   -9.607802e-01 -4.830166e+00 2.152600e+01
      vertex   -9.586326e-01 -4.819370e+00 2.068843e+01
    endloop
  endfacet
  facet normal -9.800910e-02 -9.950996e-01 -1.307806e-02
    outer loop
      vertex   -1.842005e-09 -4.913787e+00 2.068843e+01
      vertex   -1.819963e-09 -4.924794e+00 2.152600e+01
      vertex   -9.607802e-01 -4.830166e+00 2.152600e+01
    endloop
  endfacet
  facet normal -0.000000e+00 0.000000e+00 -1.000000e+00
    outer loop
      vertex   2.640504e+00 -6.106615e-07 1.128688e+00
      vertex   7.184535e-09 -2.640505e+00 1.128688e+00
      vertex   -2.640504e+00 -6.106615e-07 1.128688e+00
    endloop
  endfacet
  facet normal 0.000000e+00 -4.514641e-07 -1.000000e+00
    outer loop
      vertex   -2.640504e+00 -6.106615e-07 1.128688e+00
      vertex   7.184535e-09 2.640504e+00 1.128687e+00
      vertex   2.640504e+00 -6.106615e-07 1.128688e+00
    endloop
  endfacet
  facet normal 0.000000e+00 0.000000e+00 -1.000000e+00
    outer loop
      vertex   7.184535e-09 -2.640505e+00 1.128688e+00
      vertex   -1.867118e+00 -1.867119e+00 1.128688e+00
      vertex   -2.640504e+00 -6.106615e-07 1.128688e+00
    endloop
  endfacet
  facet normal 0.000000e+00 0.000000e+00 -1.000000e+00
    outer loop
      vertex   2.640504e+00 -6.106615e-07 1.128688e+00
      vertex   1.867118e+00 -1.867119e+00 1.128688e+00
      vertex   7.184535e-09 -2.640505e+00 1.128688e+00
    endloop
  endfacet
  facet normal 7.706976e-07 3.192335e-07 -1.000000e+00
    outer loop
      vertex   7.184535e-09 2.640504e+00 1.128687e+00
      vertex   1.867118e+00 1.867118e+00 1.128688e+00
      vertex   2.640504e+00 -6.106615e-07 1.128688e+00
    endloop
  endfacet
  facet normal -7.706976e-07 3.192335e-07 -1.000000e+00
    outer loop
      vertex   -2.640504e+00 -6.106615e-07 1.128688e+00
      vertex   -1.867118e+00 1.867118e+00 1.128688e+00
      vertex   7.184535e-09 2.640504e+00 1.128687e+00
    endloop
  endfacet
  facet normal 0.000000e+00 0.000000e+00 -1.000000e+00
    outer loop
      vertex   -1.867118e+00 -1.867119e+00 1.128688e+00
      vertex   -2.439508e+00 -1.010478e+00 1.128688e+00
      vertex   -2.640504e+00 -6.106615e-07 1.128688e+00
    endloop
  endfacet
  facet normal 0.000000e+00 0.000000e+00 -1.000000e+00
    outer loop
      vertex   7.184535e-09 -2.640505e+00 1.128688e+00
      vertex   -1.010477e+00 -2.439509e+00 1.128688e+00
      vertex   -1.867118e+00 -1.867119e+00 1.128688e+00
    endloop
  endfacet
  facet normal 0.000000e+00 0.000000e+00 -1.000000e+00
    outer loop
      vertex   1.867118e+00 -1.867119e+00 1.128688e+00
      vertex   1.010477e+00 -2.439509e+00 1.128688e+00
      vertex   7.184535e-09 -2.640505e+00 1.128688e+00
    endloop
  endfacet
  facet normal 0.000000e+00 0.000000e+00 -1.000000e+00
    outer loop
      vertex   2.640504e+00 -6.106615e-07 1.128688e+00
      vertex   2.439508e+00 -1.010478e+00 1.128688e+00
      vertex   1.867118e+00 -1.867119e+00 1.128688e+00
    endloop
  endfacet
  facet normal 0.000000e+00 0.000000e+00 -1.000000e+00
    outer loop
      vertex   1.867118e+00 1.867118e+00 1.128688e+00
      vertex   2.439508e+00 1.010476e+00 1.128688e+00
      vertex   2.640504e+00 -6.106615e-07 1.128688e+00
    endloop
  endfacet
  facet normal 1.679796e-06 2.513992e-06 -1.000000e+00
    outer loop
      vertex   7.184535e-09 2.640504e+00 1.128687e+00
      vertex   1.010477e+00 2.439507e+00 1.128688e+00
      vertex   1.867118e+00 1.867118e+00 1.128688e+00
    endloop
  endfacet
  facet normal -1.679796e-06 2.513992e-06 -1.000000e+00
    outer loop
      vertex   -1.867118e+00 1.867118e+00 1.128688e+00
      vertex   -1.010477e+00 2.439507e+00 1.128688e+00
      vertex   7.184535e-09 2.640504e+00 1.128687e+00
    endloop
  endfacet
  facet normal 0.000000e+00 0.000000e+00 -1.000000e+00
    outer loop
      vertex   -2.640504e+00 -6.106615e-07 1.128688e+00
      vertex   -2.439508e+00 1.010476e+00 1.128688e+00
      vertex   -1.867118e+00 1.867118e+00 1.128688e+00
    endloop
  endfacet
  facet normal 0.000000e+00 0.000000e+00 -1.000000e+00
    outer loop
      vertex   -2.439508e+00 -1.010478e+00 1.128688e+00
      vertex   -2.589768e+00 -5.151374e-01 1.128688e+00
      vertex   -2.640504e+00 -6.106615e-07 1.128688e+00
    endloop
  endfacet
  facet normal 0.000000e+00 0.000000e+00 -1.000000e+00
    outer loop
      vertex   -1.867118e+00 -1.867119e+00 1.128688e+00
      vertex   -2.195499e+00 -1.466986e+00 1.128688e+00
      vertex   -2.439508e+00 -1.010478e+00 1.128688e+00
    endloop
  endfacet
  facet normal 0.000000e+00 0.000000e+00 -1.000000e+00
    outer loop
      vertex   -1.010477e+00 -2.439509e+00 1.128688e+00
      vertex   -1.466986e+00 -2.195500e+00 1.128688e+00
      vertex   -1.867118e+00 -1.867119e+00 1.128688e+00
    endloop
  endfacet
  facet normal 0.000000e+00 0.000000e+00 -1.000000e+00
    outer loop
      vertex   7.184535e-09 -2.640505e+00 1.128688e+00
      vertex   -5.151369e-01 -2.589768e+00 1.128688e+00
      vertex   -1.010477e+00 -2.439509e+00 1.128688e+00
    endloop
  endfacet
  facet normal 0.000000e+00 0.000000e+00 -1.000000e+00
    outer loop
      vertex   1.010477e+00 -2.439509e+00 1.128688e+00
      vertex   5.151367e-01 -2.589768e+00 1.128688e+00
      vertex   7.184535e-09 -2.640505e+00 1.128688e+00
    endloop
  endfacet
  facet normal 0.000000e+00 0.000000e+00 -1.000000e+00
    outer loop
      vertex   1.867118e+00 -1.867119e+00 1.128688e+00
      vertex   1.466986e+00 -2.195500e+00 1.128688e+00
      vertex   1.010477e+00 -2.439509e+00 1.128688e+00
    endloop
  endfacet
  facet normal 0.000000e+00 0.000000e+00 -1.000000e+00
    outer loop
      vertex   2.439508e+00 -1.010478e+00 1.128688e+00
      vertex   2.195499e+00 -1.466986e+00 1.128688e+00
      vertex   1.867118e+00 -1.867119e+00 1.128688e+00
    endloop
  endfacet
  facet normal 0.000000e+00 0.000000e+00 -1.000000e+00
    outer loop
      vertex   2.640504e+00 -6.106615e-07 1.128688e+00
      vertex   2.589768e+00 -5.151374e-01 1.128688e+00
      vertex   2.439508e+00 -1.010478e+00 1.128688e+00
    endloop
  endfacet
  facet normal 0.000000e+00 0.000000e+00 -1.000000e+00
    outer loop
      vertex   2.439508e+00 1.010476e+00 1.128688e+00
      vertex   2.589768e+00 5.151363e-01 1.128688e+00
      vertex   2.640504e+00 -6.106615e-07 1.128688e+00
    endloop
  endfacet
  facet normal 0.000000e+00 0.000000e+00 -1.000000e+00
    outer loop
      vertex   1.867118e+00 1.867118e+00 1.128688e+00
      vertex   2.195499e+00 1.466985e+00 1.128688e+00
      vertex   2.439508e+00 1.010476e+00 1.128688e+00
    endloop
  endfacet
  facet normal 0.000000e+00 0.000000e+00 -1.000000e+00
    outer loop
      vertex   1.010477e+00 2.439507e+00 1.128688e+00
      vertex   1.466986e+00 2.195498e+00 1.128688e+00
      vertex   1.867118e+00 1.867118e+00 1.128688e+00
    endloop
  endfacet
  facet normal -1.157070e-06 -1.174790e-05 -1.000000e+00
    outer loop
      vertex   7.184535e-09 2.640504e+00 1.128687e+00
      vertex   5.151367e-01 2.589767e+00 1.128687e+00
      vertex   1.010477e+00 2.439507e+00 1.128688e+00
    endloop
  endfacet
  facet normal 1.157069e-06 -1.174790e-05 -1.000000e+00
    outer loop
      vertex   -1.010477e+00 2.439507e+00 1.128688e+00
      vertex   -5.151369e-01 2.589767e+00 1.128687e+00
      vertex   7.184535e-09 2.640504e+00 1.128687e+00
    endloop
  endfacet
  facet normal 0.000000e+00 0.000000e+00 -1.000000e+00
    outer loop
      vertex   -1.867118e+00 1.867118e+00 1.128688e+00
      vertex   -1.466986e+00 2.195498e+00 1.128688e+00
      vertex   -1.010477e+00 2.439507e+00 1.128688e+00
    endloop
  endfacet
  facet normal 0.000000e+00 0.000000e+00 -1.000000e+00
    outer loop
      vertex   -2.439508e+00 1.010476e+00 1.128688e+00
      vertex   -2.195499e+00 1.466985e+00 1.128688e+00
      vertex   -1.867118e+00 1.867118e+00 1.128688e+00
    endloop
  endfacet
  facet normal 0.000000e+00 0.000000e+00 -1.000000e+00
    outer loop
      vertex   -2.640504e+00 -6.106615e-07 1.128688e+00
      vertex   -2.589768e+00 5.151363e-01 1.128688e+00
      vertex   -2.439508e+00 1.010476e+00 1.128688e+00
    endloop
  endfacet
  facet normal -2.580190e-01 -1.379142e-01 -9.562457e-01
    outer loop
      vertex   3.978435e+00 1.647921e+00 6.215096e-01
      vertex   3.074726e+00 2.054465e+00 8.067191e-01
      vertex   3.580496e+00 2.392411e+00 6.215096e-01
    endloop
  endfacet
  facet normal -2.580189e-01 -1.379139e-01 -9.562458e-01
    outer loop
      vertex   3.978435e+00 1.647921e+00 6.215096e-01
      vertex   3.416452e+00 1.415140e+00 8.067191e-01
      vertex   3.074726e+00 2.054465e+00 8.067191e-01
    endloop
  endfacet
  facet normal 2.911561e-01 -2.867614e-02 -9.562457e-01
    outer loop
      vertex   -4.223484e+00 8.401024e-01 6.215096e-01
      vertex   -3.697941e+00 -6.445561e-07 8.067191e-01
      vertex   -4.306226e+00 -6.640540e-07 6.215096e-01
    endloop
  endfacet
  facet normal 2.911557e-01 -2.867638e-02 -9.562458e-01
    outer loop
      vertex   -4.223484e+00 8.401024e-01 6.215096e-01
      vertex   -3.626886e+00 7.214318e-01 8.067191e-01
      vertex   -3.697941e+00 -6.445561e-07 8.067191e-01
    endloop
  endfacet
  facet normal -1.856022e-01 2.261570e-01 -9.562452e-01
    outer loop
      vertex   2.392411e+00 -3.580497e+00 6.215107e-01
      vertex   2.614840e+00 -2.614840e+00 8.067214e-01
      vertex   3.044962e+00 -3.044962e+00 6.215107e-01
    endloop
  endfacet
  facet normal -1.856022e-01 2.261570e-01 -9.562452e-01
    outer loop
      vertex   2.392411e+00 -3.580497e+00 6.215107e-01
      vertex   2.054466e+00 -3.074726e+00 8.067214e-01
      vertex   2.614840e+00 -2.614840e+00 8.067214e-01
    endloop
  endfacet
  facet normal -2.911558e-01 -2.867611e-02 -9.562458e-01
    outer loop
      vertex   4.306226e+00 -6.640540e-07 6.215096e-01
      vertex   3.626886e+00 7.214318e-01 8.067191e-01
      vertex   4.223484e+00 8.401024e-01 6.215096e-01
    endloop
  endfacet
  facet normal -2.911561e-01 -2.867641e-02 -9.562457e-01
    outer loop
      vertex   4.306226e+00 -6.640540e-07 6.215096e-01
      vertex   3.697941e+00 -6.445561e-07 8.067191e-01
      vertex   3.626886e+00 7.214318e-01 8.067191e-01
    endloop
  endfacet
  facet normal 2.261549e-01 -1.856022e-01 -9.562457e-01
    outer loop
      vertex   -3.044962e+00 3.044961e+00 6.215084e-01
      vertex   -3.074726e+00 2.054465e+00 8.067191e-01
      vertex   -3.580496e+00 2.392411e+00 6.215096e-01
    endloop
  endfacet
  facet normal 2.261571e-01 -1.856021e-01 -9.562452e-01
    outer loop
      vertex   -3.044962e+00 3.044961e+00 6.215084e-01
      vertex   -2.614840e+00 2.614839e+00 8.067191e-01
      vertex   -3.074726e+00 2.054465e+00 8.067191e-01
    endloop
  endfacet
  facet normal -2.867628e-02 2.911575e-01 -9.562453e-01
    outer loop
      vertex   3.501337e-09 -4.306226e+00 6.215107e-01
      vertex   7.214324e-01 -3.626887e+00 8.067214e-01
      vertex   8.401030e-01 -4.223484e+00 6.215107e-01
    endloop
  endfacet
  facet normal -2.867645e-02 2.911576e-01 -9.562452e-01
    outer loop
      vertex   3.501337e-09 -4.306226e+00 6.215107e-01
      vertex   4.846361e-09 -3.697941e+00 8.067214e-01
      vertex   7.214324e-01 -3.626887e+00 8.067214e-01
    endloop
  endfacet
  facet normal 8.492729e-02 2.799685e-01 -9.562453e-01
    outer loop
      vertex   -1.647922e+00 -3.978436e+00 6.215107e-01
      vertex   -7.214326e-01 -3.626887e+00 8.067214e-01
      vertex   -8.401031e-01 -4.223484e+00 6.215107e-01
    endloop
  endfacet
  facet normal 8.492731e-02 2.799684e-01 -9.562453e-01
    outer loop
      vertex   -1.647922e+00 -3.978436e+00 6.215107e-01
      vertex   -1.415141e+00 -3.416453e+00 8.067214e-01
      vertex   -7.214326e-01 -3.626887e+00 8.067214e-01
    endloop
  endfacet
  facet normal -2.261561e-01 -1.856032e-01 -9.562452e-01
    outer loop
      vertex   3.580496e+00 2.392411e+00 6.215096e-01
      vertex   2.614840e+00 2.614839e+00 8.067191e-01
      vertex   3.044962e+00 3.044961e+00 6.215084e-01
    endloop
  endfacet
  facet normal -2.261557e-01 -1.856010e-01 -9.562457e-01
    outer loop
      vertex   3.580496e+00 2.392411e+00 6.215096e-01
      vertex   3.074726e+00 2.054465e+00 8.067191e-01
      vertex   2.614840e+00 2.614839e+00 8.067191e-01
    endloop
  endfacet
  facet normal -1.379152e-01 2.580205e-01 -9.562452e-01
    outer loop
      vertex   1.647922e+00 -3.978436e+00 6.215107e-01
      vertex   2.054466e+00 -3.074726e+00 8.067214e-01
      vertex   2.392411e+00 -3.580497e+00 6.215107e-01
    endloop
  endfacet
  facet normal -1.379147e-01 2.580203e-01 -9.562453e-01
    outer loop
      vertex   1.647922e+00 -3.978436e+00 6.215107e-01
      vertex   1.415141e+00 -3.416453e+00 8.067214e-01
      vertex   2.054466e+00 -3.074726e+00 8.067214e-01
    endloop
  endfacet
  facet normal -8.492728e-02 2.799685e-01 -9.562453e-01
    outer loop
      vertex   8.401030e-01 -4.223484e+00 6.215107e-01
      vertex   1.415141e+00 -3.416453e+00 8.067214e-01
      vertex   1.647922e+00 -3.978436e+00 6.215107e-01
    endloop
  endfacet
  facet normal -8.492729e-02 2.799685e-01 -9.562453e-01
    outer loop
      vertex   8.401030e-01 -4.223484e+00 6.215107e-01
      vertex   7.214324e-01 -3.626887e+00 8.067214e-01
      vertex   1.415141e+00 -3.416453e+00 8.067214e-01
    endloop
  endfacet
  facet normal -1.856022e-01 -2.261569e-01 -9.562452e-01
    outer loop
      vertex   3.044962e+00 3.044961e+00 6.215084e-01
      vertex   2.054466e+00 3.074725e+00 8.067191e-01
      vertex   2.392411e+00 3.580496e+00 6.215084e-01
    endloop
  endfacet
  facet normal -1.856022e-01 -2.261570e-01 -9.562452e-01
    outer loop
      vertex   3.044962e+00 3.044961e+00 6.215084e-01
      vertex   2.614840e+00 2.614839e+00 8.067191e-01
      vertex   2.054466e+00 3.074725e+00 8.067191e-01
    endloop
  endfacet
  facet normal 1.856022e-01 2.261571e-01 -9.562452e-01
    outer loop
      vertex   -3.044962e+00 -3.044962e+00 6.215107e-01
      vertex   -2.054466e+00 -3.074726e+00 8.067214e-01
      vertex   -2.392411e+00 -3.580497e+00 6.215107e-01
    endloop
  endfacet
  facet normal 1.856022e-01 2.261570e-01 -9.562452e-01
    outer loop
      vertex   -3.044962e+00 -3.044962e+00 6.215107e-01
      vertex   -2.614840e+00 -2.614840e+00 8.067214e-01
      vertex   -2.054466e+00 -3.074726e+00 8.067214e-01
    endloop
  endfacet
  facet normal 1.856023e-01 -2.261570e-01 -9.562452e-01
    outer loop
      vertex   -2.392411e+00 3.580496e+00 6.215084e-01
      vertex   -2.614840e+00 2.614839e+00 8.067191e-01
      vertex   -3.044962e+00 3.044961e+00 6.215084e-01
    endloop
  endfacet
  facet normal 1.856022e-01 -2.261570e-01 -9.562452e-01
    outer loop
      vertex   -2.392411e+00 3.580496e+00 6.215084e-01
      vertex   -2.054466e+00 3.074725e+00 8.067191e-01
      vertex   -2.614840e+00 2.614839e+00 8.067191e-01
    endloop
  endfacet
  facet normal -2.799667e-01 -8.492700e-02 -9.562458e-01
    outer loop
      vertex   4.223484e+00 8.401024e-01 6.215096e-01
      vertex   3.416452e+00 1.415140e+00 8.067191e-01
      vertex   3.978435e+00 1.647921e+00 6.215096e-01
    endloop
  endfacet
  facet normal -2.799668e-01 -8.492704e-02 -9.562458e-01
    outer loop
      vertex   4.223484e+00 8.401024e-01 6.215096e-01
      vertex   3.626886e+00 7.214318e-01 8.067191e-01
      vertex   3.416452e+00 1.415140e+00 8.067191e-01
    endloop
  endfacet
  facet normal -1.379149e-01 -2.580204e-01 -9.562452e-01
    outer loop
      vertex   2.392411e+00 3.580496e+00 6.215084e-01
      vertex   1.415141e+00 3.416452e+00 8.067191e-01
      vertex   1.647922e+00 3.978434e+00 6.215084e-01
    endloop
  endfacet
  facet normal -1.379149e-01 -2.580206e-01 -9.562452e-01
    outer loop
      vertex   2.392411e+00 3.580496e+00 6.215084e-01
      vertex   2.054466e+00 3.074725e+00 8.067191e-01
      vertex   1.415141e+00 3.416452e+00 8.067191e-01
    endloop
  endfacet
  facet normal -2.911561e-01 2.867614e-02 -9.562457e-01
    outer loop
      vertex   4.223484e+00 -8.401037e-01 6.215096e-01
      vertex   3.697941e+00 -6.445561e-07 8.067191e-01
      vertex   4.306226e+00 -6.640540e-07 6.215096e-01
    endloop
  endfacet
  facet normal -2.911557e-01 2.867638e-02 -9.562458e-01
    outer loop
      vertex   4.223484e+00 -8.401037e-01 6.215096e-01
      vertex   3.626886e+00 -7.214331e-01 8.067191e-01
      vertex   3.697941e+00 -6.445561e-07 8.067191e-01
    endloop
  endfacet
  facet normal -8.492738e-02 -2.799685e-01 -9.562453e-01
    outer loop
      vertex   1.647922e+00 3.978434e+00 6.215084e-01
      vertex   7.214324e-01 3.626885e+00 8.067191e-01
      vertex   8.401030e-01 4.223483e+00 6.215084e-01
    endloop
  endfacet
  facet normal -8.492733e-02 -2.799686e-01 -9.562452e-01
    outer loop
      vertex   1.647922e+00 3.978434e+00 6.215084e-01
      vertex   1.415141e+00 3.416452e+00 8.067191e-01
      vertex   7.214324e-01 3.626885e+00 8.067191e-01
    endloop
  endfacet
  facet normal 1.379150e-01 2.580202e-01 -9.562453e-01
    outer loop
      vertex   -2.392411e+00 -3.580497e+00 6.215107e-01
      vertex   -1.415141e+00 -3.416453e+00 8.067214e-01
      vertex   -1.647922e+00 -3.978436e+00 6.215107e-01
    endloop
  endfacet
  facet normal 1.379149e-01 2.580207e-01 -9.562452e-01
    outer loop
      vertex   -2.392411e+00 -3.580497e+00 6.215107e-01
      vertex   -2.054466e+00 -3.074726e+00 8.067214e-01
      vertex   -1.415141e+00 -3.416453e+00 8.067214e-01
    endloop
  endfacet
  facet normal 2.867630e-02 2.911576e-01 -9.562452e-01
    outer loop
      vertex   -8.401031e-01 -4.223484e+00 6.215107e-01
      vertex   4.846361e-09 -3.697941e+00 8.067214e-01
      vertex   3.501337e-09 -4.306226e+00 6.215107e-01
    endloop
  endfacet
  facet normal 2.867642e-02 2.911575e-01 -9.562453e-01
    outer loop
      vertex   -8.401031e-01 -4.223484e+00 6.215107e-01
      vertex   -7.214326e-01 -3.626887e+00 8.067214e-01
      vertex   4.846361e-09 -3.697941e+00 8.067214e-01
    endloop
  endfacet
  facet normal 2.580190e-01 1.379144e-01 -9.562457e-01
    outer loop
      vertex   -3.978435e+00 -1.647922e+00 6.215096e-01
      vertex   -3.074726e+00 -2.054467e+00 8.067191e-01
      vertex   -3.580496e+00 -2.392412e+00 6.215096e-01
    endloop
  endfacet
  facet normal 2.580188e-01 1.379139e-01 -9.562458e-01
    outer loop
      vertex   -3.978435e+00 -1.647922e+00 6.215096e-01
      vertex   -3.416452e+00 -1.415142e+00 8.067191e-01
      vertex   -3.074726e+00 -2.054467e+00 8.067191e-01
    endloop
  endfacet
  facet normal -2.261565e-01 1.856000e-01 -9.562457e-01
    outer loop
      vertex   3.044962e+00 -3.044962e+00 6.215107e-01
      vertex   3.074726e+00 -2.054467e+00 8.067191e-01
      vertex   3.580496e+00 -2.392412e+00 6.215096e-01
    endloop
  endfacet
  facet normal -2.261593e-01 1.855999e-01 -9.562451e-01
    outer loop
      vertex   3.044962e+00 -3.044962e+00 6.215107e-01
      vertex   2.614840e+00 -2.614840e+00 8.067214e-01
      vertex   3.074726e+00 -2.054467e+00 8.067191e-01
    endloop
  endfacet
  facet normal -2.799668e-01 8.492695e-02 -9.562458e-01
    outer loop
      vertex   3.978435e+00 -1.647922e+00 6.215096e-01
      vertex   3.626886e+00 -7.214331e-01 8.067191e-01
      vertex   4.223484e+00 -8.401037e-01 6.215096e-01
    endloop
  endfacet
  facet normal -2.799667e-01 8.492698e-02 -9.562458e-01
    outer loop
      vertex   3.978435e+00 -1.647922e+00 6.215096e-01
      vertex   3.416452e+00 -1.415142e+00 8.067191e-01
      vertex   3.626886e+00 -7.214331e-01 8.067191e-01
    endloop
  endfacet
  facet normal 2.911558e-01 2.867611e-02 -9.562458e-01
    outer loop
      vertex   -4.306226e+00 -6.640540e-07 6.215096e-01
      vertex   -3.626886e+00 -7.214331e-01 8.067191e-01
      vertex   -4.223484e+00 -8.401037e-01 6.215096e-01
    endloop
  endfacet
  facet normal 2.911561e-01 2.867641e-02 -9.562457e-01
    outer loop
      vertex   -4.306226e+00 -6.640540e-07 6.215096e-01
      vertex   -3.697941e+00 -6.445561e-07 8.067191e-01
      vertex   -3.626886e+00 -7.214331e-01 8.067191e-01
    endloop
  endfacet
  facet normal 2.799667e-01 8.492694e-02 -9.562458e-01
    outer loop
      vertex   -4.223484e+00 -8.401037e-01 6.215096e-01
      vertex   -3.416452e+00 -1.415142e+00 8.067191e-01
      vertex   -3.978435e+00 -1.647922e+00 6.215096e-01
    endloop
  endfacet
  facet normal 2.799668e-01 8.492699e-02 -9.562458e-01
    outer loop
      vertex   -4.223484e+00 -8.401037e-01 6.215096e-01
      vertex   -3.626886e+00 -7.214331e-01 8.067191e-01
      vertex   -3.416452e+00 -1.415142e+00 8.067191e-01
    endloop
  endfacet
  facet normal 8.492741e-02 -2.799685e-01 -9.562452e-01
    outer loop
      vertex   -8.401031e-01 4.223483e+00 6.215084e-01
      vertex   -1.415141e+00 3.416452e+00 8.067191e-01
      vertex   -1.647922e+00 3.978434e+00 6.215084e-01
    endloop
  endfacet
  facet normal 8.492731e-02 -2.799685e-01 -9.562453e-01
    outer loop
      vertex   -8.401031e-01 4.223483e+00 6.215084e-01
      vertex   -7.214326e-01 3.626885e+00 8.067191e-01
      vertex   -1.415141e+00 3.416452e+00 8.067191e-01
    endloop
  endfacet
  facet normal 1.379150e-01 -2.580205e-01 -9.562452e-01
    outer loop
      vertex   -1.647922e+00 3.978434e+00 6.215084e-01
      vertex   -2.054466e+00 3.074725e+00 8.067191e-01
      vertex   -2.392411e+00 3.580496e+00 6.215084e-01
    endloop
  endfacet
  facet normal 1.379148e-01 -2.580204e-01 -9.562452e-01
    outer loop
      vertex   -1.647922e+00 3.978434e+00 6.215084e-01
      vertex   -1.415141e+00 3.416452e+00 8.067191e-01
      vertex   -2.054466e+00 3.074725e+00 8.067191e-01
    endloop
  endfacet
  facet normal 2.261580e-01 1.856012e-01 -9.562451e-01
    outer loop
      vertex   -3.580496e+00 -2.392412e+00 6.215096e-01
      vertex   -2.614840e+00 -2.614840e+00 8.067214e-01
      vertex   -3.044962e+00 -3.044962e+00 6.215107e-01
    endloop
  endfacet
  facet normal 2.261575e-01 1.855985e-01 -9.562458e-01
    outer loop
      vertex   -3.580496e+00 -2.392412e+00 6.215096e-01
      vertex   -3.074726e+00 -2.054467e+00 8.067191e-01
      vertex   -2.614840e+00 -2.614840e+00 8.067214e-01
    endloop
  endfacet
  facet normal -2.580187e-01 1.379142e-01 -9.562458e-01
    outer loop
      vertex   3.580496e+00 -2.392412e+00 6.215096e-01
      vertex   3.416452e+00 -1.415142e+00 8.067191e-01
      vertex   3.978435e+00 -1.647922e+00 6.215096e-01
    endloop
  endfacet
  facet normal -2.580192e-01 1.379141e-01 -9.562457e-01
    outer loop
      vertex   3.580496e+00 -2.392412e+00 6.215096e-01
      vertex   3.074726e+00 -2.054467e+00 8.067191e-01
      vertex   3.416452e+00 -1.415142e+00 8.067191e-01
    endloop
  endfacet
  facet normal -2.867631e-02 -2.911578e-01 -9.562452e-01
    outer loop
      vertex   8.401030e-01 4.223483e+00 6.215084e-01
      vertex   4.846361e-09 3.697940e+00 8.067191e-01
      vertex   3.501337e-09 4.306225e+00 6.215084e-01
    endloop
  endfacet
  facet normal -2.867655e-02 -2.911574e-01 -9.562453e-01
    outer loop
      vertex   8.401030e-01 4.223483e+00 6.215084e-01
      vertex   7.214324e-01 3.626885e+00 8.067191e-01
      vertex   4.846361e-09 3.697940e+00 8.067191e-01
    endloop
  endfacet
  facet normal 2.799668e-01 -8.492701e-02 -9.562458e-01
    outer loop
      vertex   -3.978435e+00 1.647921e+00 6.215096e-01
      vertex   -3.626886e+00 7.214318e-01 8.067191e-01
      vertex   -4.223484e+00 8.401024e-01 6.215096e-01
    endloop
  endfacet
  facet normal 2.799667e-01 -8.492702e-02 -9.562458e-01
    outer loop
      vertex   -3.978435e+00 1.647921e+00 6.215096e-01
      vertex   -3.416452e+00 1.415140e+00 8.067191e-01
      vertex   -3.626886e+00 7.214318e-01 8.067191e-01
    endloop
  endfacet
  facet normal 2.580188e-01 -1.379141e-01 -9.562458e-01
    outer loop
      vertex   -3.580496e+00 2.392411e+00 6.215096e-01
      vertex   -3.416452e+00 1.415140e+00 8.067191e-01
      vertex   -3.978435e+00 1.647921e+00 6.215096e-01
    endloop
  endfacet
  facet normal 2.580191e-01 -1.379140e-01 -9.562457e-01
    outer loop
      vertex   -3.580496e+00 2.392411e+00 6.215096e-01
      vertex   -3.074726e+00 2.054465e+00 8.067191e-01
      vertex   -3.416452e+00 1.415140e+00 8.067191e-01
    endloop
  endfacet
  facet normal 2.867628e-02 -2.911575e-01 -9.562453e-01
    outer loop
      vertex   3.501337e-09 4.306225e+00 6.215084e-01
      vertex   -7.214326e-01 3.626885e+00 8.067191e-01
      vertex   -8.401031e-01 4.223483e+00 6.215084e-01
    endloop
  endfacet
  facet normal 2.867657e-02 -2.911578e-01 -9.562452e-01
    outer loop
      vertex   3.501337e-09 4.306225e+00 6.215084e-01
      vertex   4.846361e-09 3.697940e+00 8.067191e-01
      vertex   -7.214326e-01 3.626885e+00 8.067191e-01
    endloop
  endfacet
  facet normal 2.867649e-02 -2.911569e-01 -9.562454e-01
    outer loop
      vertex   4.846361e-09 3.697940e+00 8.067191e-01
      vertex   -5.151369e-01 2.589767e+00 1.128687e+00
      vertex   -7.214326e-01 3.626885e+00 8.067191e-01
    endloop
  endfacet
  facet normal 2.867651e-02 -2.911569e-01 -9.562454e-01
    outer loop
      vertex   4.846361e-09 3.697940e+00 8.067191e-01
      vertex   7.184535e-09 2.640504e+00 1.128687e+00
      vertex   -5.151369e-01 2.589767e+00 1.128687e+00
    endloop
  endfacet
  facet normal 7.868988e-02 7.989459e-01 -5.962326e-01
    outer loop
      vertex   2.571088e-09 4.530777e+00 7.208633e-01
      vertex   9.188327e-01 4.619283e+00 9.607267e-01
      vertex   8.839108e-01 4.443719e+00 7.208633e-01
    endloop
  endfacet
  facet normal 7.868963e-02 7.989465e-01 -5.962319e-01
    outer loop
      vertex   2.571088e-09 4.530777e+00 7.208633e-01
      vertex   9.523751e-10 4.709781e+00 9.607267e-01
      vertex   9.188327e-01 4.619283e+00 9.607267e-01
    endloop
  endfacet
  facet normal 3.981999e-02 4.043023e-01 -9.137582e-01
    outer loop
      vertex   3.501337e-09 4.306225e+00 6.215084e-01
      vertex   8.839108e-01 4.443719e+00 7.208633e-01
      vertex   8.401030e-01 4.223483e+00 6.215084e-01
    endloop
  endfacet
  facet normal 3.982040e-02 4.043003e-01 -9.137590e-01
    outer loop
      vertex   3.501337e-09 4.306225e+00 6.215084e-01
      vertex   2.571088e-09 4.530777e+00 7.208633e-01
      vertex   8.839108e-01 4.443719e+00 7.208633e-01
    endloop
  endfacet
  facet normal 3.784429e-01 7.080172e-01 -5.962320e-01
    outer loop
      vertex   1.733854e+00 4.185892e+00 7.208633e-01
      vertex   2.616615e+00 3.916039e+00 9.607267e-01
      vertex   2.517165e+00 3.767204e+00 7.208633e-01
    endloop
  endfacet
  facet normal 3.784429e-01 7.080172e-01 -5.962320e-01
    outer loop
      vertex   1.733854e+00 4.185892e+00 7.208633e-01
      vertex   1.802355e+00 4.351270e+00 9.607267e-01
      vertex   2.616615e+00 3.916039e+00 9.607267e-01
    endloop
  endfacet
  facet normal 1.915085e-01 3.582869e-01 -9.137587e-01
    outer loop
      vertex   1.647922e+00 3.978434e+00 6.215084e-01
      vertex   2.517165e+00 3.767204e+00 7.208633e-01
      vertex   2.392411e+00 3.580496e+00 6.215084e-01
    endloop
  endfacet
  facet normal 1.915087e-01 3.582878e-01 -9.137583e-01
    outer loop
      vertex   1.647922e+00 3.978434e+00 6.215084e-01
      vertex   1.733854e+00 4.185892e+00 7.208633e-01
      vertex   2.517165e+00 3.767204e+00 7.208633e-01
    endloop
  endfacet
  facet normal 7.682421e-01 2.330437e-01 -5.962338e-01
    outer loop
      vertex   4.185893e+00 1.733853e+00 7.208645e-01
      vertex   4.619284e+00 9.188321e-01 9.607267e-01
      vertex   4.443720e+00 8.839103e-01 7.208645e-01
    endloop
  endfacet
  facet normal 7.682415e-01 2.330431e-01 -5.962348e-01
    outer loop
      vertex   4.185893e+00 1.733853e+00 7.208645e-01
      vertex   4.351271e+00 1.802355e+00 9.607267e-01
      vertex   4.619284e+00 9.188321e-01 9.607267e-01
    endloop
  endfacet
  facet normal 3.887651e-01 1.179306e-01 -9.137582e-01
    outer loop
      vertex   3.978435e+00 1.647921e+00 6.215096e-01
      vertex   4.443720e+00 8.839103e-01 7.208645e-01
      vertex   4.223484e+00 8.401024e-01 6.215096e-01
    endloop
  endfacet
  facet normal 3.887651e-01 1.179306e-01 -9.137582e-01
    outer loop
      vertex   3.978435e+00 1.647921e+00 6.215096e-01
      vertex   4.185893e+00 1.733853e+00 7.208645e-01
      vertex   4.443720e+00 8.839103e-01 7.208645e-01
    endloop
  endfacet
  facet normal 7.989455e-01 7.868982e-02 -5.962331e-01
    outer loop
      vertex   4.443720e+00 8.839103e-01 7.208645e-01
      vertex   4.709781e+00 -6.307165e-07 9.607267e-01
      vertex   4.530778e+00 -6.543086e-07 7.208645e-01
    endloop
  endfacet
  facet normal 7.989450e-01 7.868949e-02 -5.962338e-01
    outer loop
      vertex   4.443720e+00 8.839103e-01 7.208645e-01
      vertex   4.619284e+00 9.188321e-01 9.607267e-01
      vertex   4.709781e+00 -6.307165e-07 9.607267e-01
    endloop
  endfacet
  facet normal 4.043003e-01 3.981979e-02 -9.137591e-01
    outer loop
      vertex   4.223484e+00 8.401024e-01 6.215096e-01
      vertex   4.530778e+00 -6.543086e-07 7.208645e-01
      vertex   4.306226e+00 -6.640540e-07 6.215096e-01
    endloop
  endfacet
  facet normal 4.043022e-01 3.982057e-02 -9.137582e-01
    outer loop
      vertex   4.223484e+00 8.401024e-01 6.215096e-01
      vertex   4.443720e+00 8.839103e-01 7.208645e-01
      vertex   4.530778e+00 -6.543086e-07 7.208645e-01
    endloop
  endfacet
  facet normal 7.989450e-01 -7.868978e-02 -5.962338e-01
    outer loop
      vertex   4.530778e+00 -6.543086e-07 7.208645e-01
      vertex   4.619284e+00 -9.188334e-01 9.607267e-01
      vertex   4.443720e+00 -8.839116e-01 7.208645e-01
    endloop
  endfacet
  facet normal 7.989456e-01 -7.868954e-02 -5.962331e-01
    outer loop
      vertex   4.530778e+00 -6.543086e-07 7.208645e-01
      vertex   4.709781e+00 -6.307165e-07 9.607267e-01
      vertex   4.619284e+00 -9.188334e-01 9.607267e-01
    endloop
  endfacet
  facet normal 4.043023e-01 -3.981999e-02 -9.137582e-01
    outer loop
      vertex   4.306226e+00 -6.640540e-07 6.215096e-01
      vertex   4.443720e+00 -8.839116e-01 7.208645e-01
      vertex   4.223484e+00 -8.401037e-01 6.215096e-01
    endloop
  endfacet
  facet normal 4.043003e-01 -3.982039e-02 -9.137590e-01
    outer loop
      vertex   4.306226e+00 -6.640540e-07 6.215096e-01
      vertex   4.530778e+00 -6.543086e-07 7.208645e-01
      vertex   4.443720e+00 -8.839116e-01 7.208645e-01
    endloop
  endfacet
  facet normal 5.092984e-01 -6.205822e-01 -5.962322e-01
    outer loop
      vertex   3.203744e+00 -3.203744e+00 7.208657e-01
      vertex   2.616615e+00 -3.916040e+00 9.607291e-01
      vertex   2.517165e+00 -3.767205e+00 7.208657e-01
    endloop
  endfacet
  facet normal 5.092988e-01 -6.205824e-01 -5.962317e-01
    outer loop
      vertex   3.203744e+00 -3.203744e+00 7.208657e-01
      vertex   3.330318e+00 -3.330319e+00 9.607291e-01
      vertex   2.616615e+00 -3.916040e+00 9.607291e-01
    endloop
  endfacet
  facet normal 2.577269e-01 -3.140413e-01 -9.137587e-01
    outer loop
      vertex   3.044962e+00 -3.044962e+00 6.215107e-01
      vertex   2.517165e+00 -3.767205e+00 7.208657e-01
      vertex   2.392411e+00 -3.580497e+00 6.215107e-01
    endloop
  endfacet
  facet normal 2.577268e-01 -3.140412e-01 -9.137587e-01
    outer loop
      vertex   3.044962e+00 -3.044962e+00 6.215107e-01
      vertex   3.203744e+00 -3.203744e+00 7.208657e-01
      vertex   2.517165e+00 -3.767205e+00 7.208657e-01
    endloop
  endfacet
  facet normal 3.784429e-01 -7.080167e-01 -5.962326e-01
    outer loop
      vertex   2.517165e+00 -3.767205e+00 7.208657e-01
      vertex   1.802355e+00 -4.351271e+00 9.607291e-01
      vertex   1.733854e+00 -4.185894e+00 7.208657e-01
    endloop
  endfacet
  facet normal 3.784433e-01 -7.080170e-01 -5.962320e-01
    outer loop
      vertex   2.517165e+00 -3.767205e+00 7.208657e-01
      vertex   2.616615e+00 -3.916040e+00 9.607291e-01
      vertex   1.802355e+00 -4.351271e+00 9.607291e-01
    endloop
  endfacet
  facet normal 1.915094e-01 -3.582879e-01 -9.137581e-01
    outer loop
      vertex   2.392411e+00 -3.580497e+00 6.215107e-01
      vertex   1.733854e+00 -4.185894e+00 7.208657e-01
      vertex   1.647922e+00 -3.978436e+00 6.215107e-01
    endloop
  endfacet
  facet normal 1.915084e-01 -3.582870e-01 -9.137587e-01
    outer loop
      vertex   2.392411e+00 -3.580497e+00 6.215107e-01
      vertex   2.517165e+00 -3.767205e+00 7.208657e-01
      vertex   1.733854e+00 -4.185894e+00 7.208657e-01
    endloop
  endfacet
  facet normal 2.330434e-01 -7.682426e-01 -5.962332e-01
    outer loop
      vertex   1.733854e+00 -4.185894e+00 7.208657e-01
      vertex   9.188327e-01 -4.619285e+00 9.607291e-01
      vertex   8.839108e-01 -4.443720e+00 7.208657e-01
    endloop
  endfacet
  facet normal 2.330438e-01 -7.682431e-01 -5.962325e-01
    outer loop
      vertex   1.733854e+00 -4.185894e+00 7.208657e-01
      vertex   1.802355e+00 -4.351271e+00 9.607291e-01
      vertex   9.188327e-01 -4.619285e+00 9.607291e-01
    endloop
  endfacet
  facet normal 1.179303e-01 -3.887652e-01 -9.137582e-01
    outer loop
      vertex   1.647922e+00 -3.978436e+00 6.215107e-01
      vertex   8.839108e-01 -4.443720e+00 7.208657e-01
      vertex   8.401030e-01 -4.223484e+00 6.215107e-01
    endloop
  endfacet
  facet normal 1.179304e-01 -3.887654e-01 -9.137581e-01
    outer loop
      vertex   1.647922e+00 -3.978436e+00 6.215107e-01
      vertex   1.733854e+00 -4.185894e+00 7.208657e-01
      vertex   8.839108e-01 -4.443720e+00 7.208657e-01
    endloop
  endfacet
  facet normal -7.868981e-02 -7.989455e-01 -5.962332e-01
    outer loop
      vertex   2.571088e-09 -4.530779e+00 7.208657e-01
      vertex   -9.188328e-01 -4.619285e+00 9.607291e-01
      vertex   -8.839110e-01 -4.443720e+00 7.208657e-01
    endloop
  endfacet
  facet normal -7.868937e-02 -7.989465e-01 -5.962319e-01
    outer loop
      vertex   2.571088e-09 -4.530779e+00 7.208657e-01
      vertex   9.523751e-10 -4.709782e+00 9.607291e-01
      vertex   -9.188328e-01 -4.619285e+00 9.607291e-01
    endloop
  endfacet
  facet normal -3.981998e-02 -4.043023e-01 -9.137582e-01
    outer loop
      vertex   3.501337e-09 -4.306226e+00 6.215107e-01
      vertex   -8.839110e-01 -4.443720e+00 7.208657e-01
      vertex   -8.401031e-01 -4.223484e+00 6.215107e-01
    endloop
  endfacet
  facet normal -3.982039e-02 -4.043003e-01 -9.137590e-01
    outer loop
      vertex   3.501337e-09 -4.306226e+00 6.215107e-01
      vertex   2.571088e-09 -4.530779e+00 7.208657e-01
      vertex   -8.839110e-01 -4.443720e+00 7.208657e-01
    endloop
  endfacet
  facet normal -2.330436e-01 -7.682431e-01 -5.962325e-01
    outer loop
      vertex   -8.839110e-01 -4.443720e+00 7.208657e-01
      vertex   -1.802355e+00 -4.351271e+00 9.607291e-01
      vertex   -1.733854e+00 -4.185894e+00 7.208657e-01
    endloop
  endfacet
  facet normal -2.330437e-01 -7.682426e-01 -5.962331e-01
    outer loop
      vertex   -8.839110e-01 -4.443720e+00 7.208657e-01
      vertex   -9.188328e-01 -4.619285e+00 9.607291e-01
      vertex   -1.802355e+00 -4.351271e+00 9.607291e-01
    endloop
  endfacet
  facet normal -1.179304e-01 -3.887654e-01 -9.137581e-01
    outer loop
      vertex   -8.401031e-01 -4.223484e+00 6.215107e-01
      vertex   -1.733854e+00 -4.185894e+00 7.208657e-01
      vertex   -1.647922e+00 -3.978436e+00 6.215107e-01
    endloop
  endfacet
  facet normal -1.179304e-01 -3.887651e-01 -9.137582e-01
    outer loop
      vertex   -8.401031e-01 -4.223484e+00 6.215107e-01
      vertex   -8.839110e-01 -4.443720e+00 7.208657e-01
      vertex   -1.733854e+00 -4.185894e+00 7.208657e-01
    endloop
  endfacet
  facet normal -6.205835e-01 -5.093007e-01 -5.962289e-01
    outer loop
      vertex   -3.203744e+00 -3.203744e+00 7.208657e-01
      vertex   -3.916039e+00 -2.616615e+00 9.607291e-01
      vertex   -3.767204e+00 -2.517166e+00 7.208645e-01
    endloop
  endfacet
  facet normal -6.205827e-01 -5.092986e-01 -5.962316e-01
    outer loop
      vertex   -3.203744e+00 -3.203744e+00 7.208657e-01
      vertex   -3.330318e+00 -3.330319e+00 9.607291e-01
      vertex   -3.916039e+00 -2.616615e+00 9.607291e-01
    endloop
  endfacet
  facet normal -3.140402e-01 -2.577276e-01 -9.137588e-01
    outer loop
      vertex   -3.044962e+00 -3.044962e+00 6.215107e-01
      vertex   -3.767204e+00 -2.517166e+00 7.208645e-01
      vertex   -3.580496e+00 -2.392412e+00 6.215096e-01
    endloop
  endfacet
  facet normal -3.140403e-01 -2.577278e-01 -9.137588e-01
    outer loop
      vertex   -3.044962e+00 -3.044962e+00 6.215107e-01
      vertex   -3.203744e+00 -3.203744e+00 7.208657e-01
      vertex   -3.767204e+00 -2.517166e+00 7.208645e-01
    endloop
  endfacet
  facet normal -7.682421e-01 -2.330437e-01 -5.962338e-01
    outer loop
      vertex   -4.185893e+00 -1.733854e+00 7.208645e-01
      vertex   -4.619284e+00 -9.188334e-01 9.607267e-01
      vertex   -4.443720e+00 -8.839116e-01 7.208645e-01
    endloop
  endfacet
  facet normal -7.682415e-01 -2.330431e-01 -5.962347e-01
    outer loop
      vertex   -4.185893e+00 -1.733854e+00 7.208645e-01
      vertex   -4.351271e+00 -1.802356e+00 9.607267e-01
      vertex   -4.619284e+00 -9.188334e-01 9.607267e-01
    endloop
  endfacet
  facet normal -3.887651e-01 -1.179306e-01 -9.137582e-01
    outer loop
      vertex   -3.978435e+00 -1.647922e+00 6.215096e-01
      vertex   -4.443720e+00 -8.839116e-01 7.208645e-01
      vertex   -4.223484e+00 -8.401037e-01 6.215096e-01
    endloop
  endfacet
  facet normal -3.887653e-01 -1.179307e-01 -9.137581e-01
    outer loop
      vertex   -3.978435e+00 -1.647922e+00 6.215096e-01
      vertex   -4.185893e+00 -1.733854e+00 7.208645e-01
      vertex   -4.443720e+00 -8.839116e-01 7.208645e-01
    endloop
  endfacet
  facet normal -7.989450e-01 7.868977e-02 -5.962338e-01
    outer loop
      vertex   -4.530778e+00 -6.543086e-07 7.208645e-01
      vertex   -4.619284e+00 9.188321e-01 9.607267e-01
      vertex   -4.443720e+00 8.839103e-01 7.208645e-01
    endloop
  endfacet
  facet normal -7.989456e-01 7.868954e-02 -5.962331e-01
    outer loop
      vertex   -4.530778e+00 -6.543086e-07 7.208645e-01
      vertex   -4.709781e+00 -6.307165e-07 9.607267e-01
      vertex   -4.619284e+00 9.188321e-01 9.607267e-01
    endloop
  endfacet
  facet normal -4.043023e-01 3.981999e-02 -9.137582e-01
    outer loop
      vertex   -4.306226e+00 -6.640540e-07 6.215096e-01
      vertex   -4.443720e+00 8.839103e-01 7.208645e-01
      vertex   -4.223484e+00 8.401024e-01 6.215096e-01
    endloop
  endfacet
  facet normal -4.043003e-01 3.982039e-02 -9.137590e-01
    outer loop
      vertex   -4.306226e+00 -6.640540e-07 6.215096e-01
      vertex   -4.530778e+00 -6.543086e-07 7.208645e-01
      vertex   -4.443720e+00 8.839103e-01 7.208645e-01
    endloop
  endfacet
  facet normal -7.080168e-01 3.784424e-01 -5.962328e-01
    outer loop
      vertex   -4.185893e+00 1.733853e+00 7.208645e-01
      vertex   -3.916039e+00 2.616614e+00 9.607267e-01
      vertex   -3.767204e+00 2.517165e+00 7.208645e-01
    endloop
  endfacet
  facet normal -7.080151e-01 3.784425e-01 -5.962347e-01
    outer loop
      vertex   -4.185893e+00 1.733853e+00 7.208645e-01
      vertex   -4.351271e+00 1.802355e+00 9.607267e-01
      vertex   -3.916039e+00 2.616614e+00 9.607267e-01
    endloop
  endfacet
  facet normal -3.582866e-01 1.915084e-01 -9.137588e-01
    outer loop
      vertex   -3.978435e+00 1.647921e+00 6.215096e-01
      vertex   -3.767204e+00 2.517165e+00 7.208645e-01
      vertex   -3.580496e+00 2.392411e+00 6.215096e-01
    endloop
  endfacet
  facet normal -3.582880e-01 1.915087e-01 -9.137583e-01
    outer loop
      vertex   -3.978435e+00 1.647921e+00 6.215096e-01
      vertex   -4.185893e+00 1.733853e+00 7.208645e-01
      vertex   -3.767204e+00 2.517165e+00 7.208645e-01
    endloop
  endfacet
  facet normal -5.092985e-01 6.205821e-01 -5.962322e-01
    outer loop
      vertex   -3.203744e+00 3.203743e+00 7.208633e-01
      vertex   -2.616615e+00 3.916039e+00 9.607267e-01
      vertex   -2.517165e+00 3.767204e+00 7.208633e-01
    endloop
  endfacet
  facet normal -5.092986e-01 6.205821e-01 -5.962322e-01
    outer loop
      vertex   -3.203744e+00 3.203743e+00 7.208633e-01
      vertex   -3.330318e+00 3.330318e+00 9.607267e-01
      vertex   -2.616615e+00 3.916039e+00 9.607267e-01
    endloop
  endfacet
  facet normal -2.577270e-01 3.140412e-01 -9.137587e-01
    outer loop
      vertex   -3.044962e+00 3.044961e+00 6.215084e-01
      vertex   -2.517165e+00 3.767204e+00 7.208633e-01
      vertex   -2.392411e+00 3.580496e+00 6.215084e-01
    endloop
  endfacet
  facet normal -2.577269e-01 3.140412e-01 -9.137587e-01
    outer loop
      vertex   -3.044962e+00 3.044961e+00 6.215084e-01
      vertex   -3.203744e+00 3.203743e+00 7.208633e-01
      vertex   -2.517165e+00 3.767204e+00 7.208633e-01
    endloop
  endfacet
  facet normal -3.784429e-01 7.080172e-01 -5.962320e-01
    outer loop
      vertex   -2.517165e+00 3.767204e+00 7.208633e-01
      vertex   -1.802355e+00 4.351270e+00 9.607267e-01
      vertex   -1.733854e+00 4.185892e+00 7.208633e-01
    endloop
  endfacet
  facet normal -3.784429e-01 7.080172e-01 -5.962320e-01
    outer loop
      vertex   -2.517165e+00 3.767204e+00 7.208633e-01
      vertex   -2.616615e+00 3.916039e+00 9.607267e-01
      vertex   -1.802355e+00 4.351270e+00 9.607267e-01
    endloop
  endfacet
  facet normal -1.915090e-01 3.582877e-01 -9.137583e-01
    outer loop
      vertex   -2.392411e+00 3.580496e+00 6.215084e-01
      vertex   -1.733854e+00 4.185892e+00 7.208633e-01
      vertex   -1.647922e+00 3.978434e+00 6.215084e-01
    endloop
  endfacet
  facet normal -1.915083e-01 3.582870e-01 -9.137587e-01
    outer loop
      vertex   -2.392411e+00 3.580496e+00 6.215084e-01
      vertex   -2.517165e+00 3.767204e+00 7.208633e-01
      vertex   -1.733854e+00 4.185892e+00 7.208633e-01
    endloop
  endfacet
  facet normal -2.330436e-01 7.682431e-01 -5.962325e-01
    outer loop
      vertex   -1.733854e+00 4.185892e+00 7.208633e-01
      vertex   -9.188328e-01 4.619283e+00 9.607267e-01
      vertex   -8.839110e-01 4.443719e+00 7.208633e-01
    endloop
  endfacet
  facet normal -2.330439e-01 7.682435e-01 -5.962319e-01
    outer loop
      vertex   -1.733854e+00 4.185892e+00 7.208633e-01
      vertex   -1.802355e+00 4.351270e+00 9.607267e-01
      vertex   -9.188328e-01 4.619283e+00 9.607267e-01
    endloop
  endfacet
  facet normal -1.179304e-01 3.887651e-01 -9.137582e-01
    outer loop
      vertex   -1.647922e+00 3.978434e+00 6.215084e-01
      vertex   -8.839110e-01 4.443719e+00 7.208633e-01
      vertex   -8.401031e-01 4.223483e+00 6.215084e-01
    endloop
  endfacet
  facet normal -1.179303e-01 3.887649e-01 -9.137583e-01
    outer loop
      vertex   -1.647922e+00 3.978434e+00 6.215084e-01
      vertex   -1.733854e+00 4.185892e+00 7.208633e-01
      vertex   -8.839110e-01 4.443719e+00 7.208633e-01
    endloop
  endfacet
  facet normal -7.868991e-02 7.989465e-01 -5.962319e-01
    outer loop
      vertex   -8.839110e-01 4.443719e+00 7.208633e-01
      vertex   9.523751e-10 4.709781e+00 9.607267e-01
      vertex   2.571088e-09 4.530777e+00 7.208633e-01
    endloop
  endfacet
  facet normal -7.868958e-02 7.989460e-01 -5.962325e-01
    outer loop
      vertex   -8.839110e-01 4.443719e+00 7.208633e-01
      vertex   -9.188328e-01 4.619283e+00 9.607267e-01
      vertex   9.523751e-10 4.709781e+00 9.607267e-01
    endloop
  endfacet
  facet normal -3.981979e-02 4.043004e-01 -9.137591e-01
    outer loop
      vertex   -8.401031e-01 4.223483e+00 6.215084e-01
      vertex   2.571088e-09 4.530777e+00 7.208633e-01
      vertex   3.501337e-09 4.306225e+00 6.215084e-01
    endloop
  endfacet
  facet normal -3.982057e-02 4.043022e-01 -9.137582e-01
    outer loop
      vertex   -8.401031e-01 4.223483e+00 6.215084e-01
      vertex   -8.839110e-01 4.443719e+00 7.208633e-01
      vertex   2.571088e-09 4.530777e+00 7.208633e-01
    endloop
  endfacet
  facet normal 5.092986e-01 6.205821e-01 -5.962322e-01
    outer loop
      vertex   2.517165e+00 3.767204e+00 7.208633e-01
      vertex   3.330318e+00 3.330318e+00 9.607267e-01
      vertex   3.203744e+00 3.203743e+00 7.208633e-01
    endloop
  endfacet
  facet normal 5.092986e-01 6.205821e-01 -5.962322e-01
    outer loop
      vertex   2.517165e+00 3.767204e+00 7.208633e-01
      vertex   2.616615e+00 3.916039e+00 9.607267e-01
      vertex   3.330318e+00 3.330318e+00 9.607267e-01
    endloop
  endfacet
  facet normal 2.577269e-01 3.140411e-01 -9.137587e-01
    outer loop
      vertex   2.392411e+00 3.580496e+00 6.215084e-01
      vertex   3.203744e+00 3.203743e+00 7.208633e-01
      vertex   3.044962e+00 3.044961e+00 6.215084e-01
    endloop
  endfacet
  facet normal 2.577270e-01 3.140412e-01 -9.137587e-01
    outer loop
      vertex   2.392411e+00 3.580496e+00 6.215084e-01
      vertex   2.517165e+00 3.767204e+00 7.208633e-01
      vertex   3.203744e+00 3.203743e+00 7.208633e-01
    endloop
  endfacet
  facet normal 6.205821e-01 5.092974e-01 -5.962332e-01
    outer loop
      vertex   3.203744e+00 3.203743e+00 7.208633e-01
      vertex   3.916039e+00 2.616614e+00 9.607267e-01
      vertex   3.767204e+00 2.517165e+00 7.208645e-01
    endloop
  endfacet
  facet normal 6.205825e-01 5.092984e-01 -5.962320e-01
    outer loop
      vertex   3.203744e+00 3.203743e+00 7.208633e-01
      vertex   3.330318e+00 3.330318e+00 9.607267e-01
      vertex   3.916039e+00 2.616614e+00 9.607267e-01
    endloop
  endfacet
  facet normal 3.140418e-01 2.577257e-01 -9.137588e-01
    outer loop
      vertex   3.044962e+00 3.044961e+00 6.215084e-01
      vertex   3.767204e+00 2.517165e+00 7.208645e-01
      vertex   3.580496e+00 2.392411e+00 6.215096e-01
    endloop
  endfacet
  facet normal 3.140420e-01 2.577260e-01 -9.137587e-01
    outer loop
      vertex   3.044962e+00 3.044961e+00 6.215084e-01
      vertex   3.203744e+00 3.203743e+00 7.208633e-01
      vertex   3.767204e+00 2.517165e+00 7.208645e-01
    endloop
  endfacet
  facet normal 7.080155e-01 3.784417e-01 -5.962348e-01
    outer loop
      vertex   3.767204e+00 2.517165e+00 7.208645e-01
      vertex   4.351271e+00 1.802355e+00 9.607267e-01
      vertex   4.185893e+00 1.733853e+00 7.208645e-01
    endloop
  endfacet
  facet normal 7.080164e-01 3.784431e-01 -5.962328e-01
    outer loop
      vertex   3.767204e+00 2.517165e+00 7.208645e-01
      vertex   3.916039e+00 2.616614e+00 9.607267e-01
      vertex   4.351271e+00 1.802355e+00 9.607267e-01
    endloop
  endfacet
  facet normal 3.582878e-01 1.915091e-01 -9.137582e-01
    outer loop
      vertex   3.580496e+00 2.392411e+00 6.215096e-01
      vertex   4.185893e+00 1.733853e+00 7.208645e-01
      vertex   3.978435e+00 1.647921e+00 6.215096e-01
    endloop
  endfacet
  facet normal 3.582868e-01 1.915081e-01 -9.137588e-01
    outer loop
      vertex   3.580496e+00 2.392411e+00 6.215096e-01
      vertex   3.767204e+00 2.517165e+00 7.208645e-01
      vertex   4.185893e+00 1.733853e+00 7.208645e-01
    endloop
  endfacet
  facet normal 7.868993e-02 -7.989465e-01 -5.962319e-01
    outer loop
      vertex   8.839108e-01 -4.443720e+00 7.208657e-01
      vertex   9.523751e-10 -4.709782e+00 9.607291e-01
      vertex   2.571088e-09 -4.530779e+00 7.208657e-01
    endloop
  endfacet
  facet normal 7.868928e-02 -7.989455e-01 -5.962332e-01
    outer loop
      vertex   8.839108e-01 -4.443720e+00 7.208657e-01
      vertex   9.188327e-01 -4.619285e+00 9.607291e-01
      vertex   9.523751e-10 -4.709782e+00 9.607291e-01
    endloop
  endfacet
  facet normal 3.981980e-02 -4.043004e-01 -9.137591e-01
    outer loop
      vertex   8.401030e-01 -4.223484e+00 6.215107e-01
      vertex   2.571088e-09 -4.530779e+00 7.208657e-01
      vertex   3.501337e-09 -4.306226e+00 6.215107e-01
    endloop
  endfacet
  facet normal 3.982058e-02 -4.043022e-01 -9.137582e-01
    outer loop
      vertex   8.401030e-01 -4.223484e+00 6.215107e-01
      vertex   8.839108e-01 -4.443720e+00 7.208657e-01
      vertex   2.571088e-09 -4.530779e+00 7.208657e-01
    endloop
  endfacet
  facet normal -3.784431e-01 -7.080171e-01 -5.962320e-01
    outer loop
      vertex   -1.733854e+00 -4.185894e+00 7.208657e-01
      vertex   -2.616615e+00 -3.916040e+00 9.607291e-01
      vertex   -2.517165e+00 -3.767205e+00 7.208657e-01
    endloop
  endfacet
  facet normal -3.784431e-01 -7.080166e-01 -5.962326e-01
    outer loop
      vertex   -1.733854e+00 -4.185894e+00 7.208657e-01
      vertex   -1.802355e+00 -4.351271e+00 9.607291e-01
      vertex   -2.616615e+00 -3.916040e+00 9.607291e-01
    endloop
  endfacet
  facet normal -1.915088e-01 -3.582868e-01 -9.137587e-01
    outer loop
      vertex   -1.647922e+00 -3.978436e+00 6.215107e-01
      vertex   -2.517165e+00 -3.767205e+00 7.208657e-01
      vertex   -2.392411e+00 -3.580497e+00 6.215107e-01
    endloop
  endfacet
  facet normal -1.915090e-01 -3.582881e-01 -9.137582e-01
    outer loop
      vertex   -1.647922e+00 -3.978436e+00 6.215107e-01
      vertex   -1.733854e+00 -4.185894e+00 7.208657e-01
      vertex   -2.517165e+00 -3.767205e+00 7.208657e-01
    endloop
  endfacet
  facet normal -5.092986e-01 -6.205826e-01 -5.962317e-01
    outer loop
      vertex   -2.517165e+00 -3.767205e+00 7.208657e-01
      vertex   -3.330318e+00 -3.330319e+00 9.607291e-01
      vertex   -3.203744e+00 -3.203744e+00 7.208657e-01
    endloop
  endfacet
  facet normal -5.092986e-01 -6.205821e-01 -5.962322e-01
    outer loop
      vertex   -2.517165e+00 -3.767205e+00 7.208657e-01
      vertex   -2.616615e+00 -3.916040e+00 9.607291e-01
      vertex   -3.330318e+00 -3.330319e+00 9.607291e-01
    endloop
  endfacet
  facet normal -2.577269e-01 -3.140412e-01 -9.137587e-01
    outer loop
      vertex   -2.392411e+00 -3.580497e+00 6.215107e-01
      vertex   -3.203744e+00 -3.203744e+00 7.208657e-01
      vertex   -3.044962e+00 -3.044962e+00 6.215107e-01
    endloop
  endfacet
  facet normal -2.577269e-01 -3.140413e-01 -9.137587e-01
    outer loop
      vertex   -2.392411e+00 -3.580497e+00 6.215107e-01
      vertex   -2.517165e+00 -3.767205e+00 7.208657e-01
      vertex   -3.203744e+00 -3.203744e+00 7.208657e-01
    endloop
  endfacet
  facet normal -7.989455e-01 -7.868983e-02 -5.962331e-01
    outer loop
      vertex   -4.443720e+00 -8.839116e-01 7.208645e-01
      vertex   -4.709781e+00 -6.307165e-07 9.607267e-01
      vertex   -4.530778e+00 -6.543086e-07 7.208645e-01
    endloop
  endfacet
  facet normal -7.989450e-01 -7.868948e-02 -5.962338e-01
    outer loop
      vertex   -4.443720e+00 -8.839116e-01 7.208645e-01
      vertex   -4.619284e+00 -9.188334e-01 9.607267e-01
      vertex   -4.709781e+00 -6.307165e-07 9.607267e-01
    endloop
  endfacet
  facet normal -4.043004e-01 -3.981979e-02 -9.137591e-01
    outer loop
      vertex   -4.223484e+00 -8.401037e-01 6.215096e-01
      vertex   -4.530778e+00 -6.543086e-07 7.208645e-01
      vertex   -4.306226e+00 -6.640540e-07 6.215096e-01
    endloop
  endfacet
  facet normal -4.043022e-01 -3.982058e-02 -9.137582e-01
    outer loop
      vertex   -4.223484e+00 -8.401037e-01 6.215096e-01
      vertex   -4.443720e+00 -8.839116e-01 7.208645e-01
      vertex   -4.530778e+00 -6.543086e-07 7.208645e-01
    endloop
  endfacet
  facet normal -6.205828e-01 5.092980e-01 -5.962319e-01
    outer loop
      vertex   -3.767204e+00 2.517165e+00 7.208645e-01
      vertex   -3.330318e+00 3.330318e+00 9.607267e-01
      vertex   -3.203744e+00 3.203743e+00 7.208633e-01
    endloop
  endfacet
  facet normal -6.205818e-01 5.092978e-01 -5.962331e-01
    outer loop
      vertex   -3.767204e+00 2.517165e+00 7.208645e-01
      vertex   -3.916039e+00 2.616614e+00 9.607267e-01
      vertex   -3.330318e+00 3.330318e+00 9.607267e-01
    endloop
  endfacet
  facet normal -3.140421e-01 2.577259e-01 -9.137587e-01
    outer loop
      vertex   -3.580496e+00 2.392411e+00 6.215096e-01
      vertex   -3.203744e+00 3.203743e+00 7.208633e-01
      vertex   -3.044962e+00 3.044961e+00 6.215084e-01
    endloop
  endfacet
  facet normal -3.140418e-01 2.577258e-01 -9.137588e-01
    outer loop
      vertex   -3.580496e+00 2.392411e+00 6.215096e-01
      vertex   -3.767204e+00 2.517165e+00 7.208645e-01
      vertex   -3.203744e+00 3.203743e+00 7.208633e-01
    endloop
  endfacet
  facet normal 2.330436e-01 7.682436e-01 -5.962319e-01
    outer loop
      vertex   8.839108e-01 4.443719e+00 7.208633e-01
      vertex   1.802355e+00 4.351270e+00 9.607267e-01
      vertex   1.733854e+00 4.185892e+00 7.208633e-01
    endloop
  endfacet
  facet normal 2.330438e-01 7.682430e-01 -5.962326e-01
    outer loop
      vertex   8.839108e-01 4.443719e+00 7.208633e-01
      vertex   9.188327e-01 4.619283e+00 9.607267e-01
      vertex   1.802355e+00 4.351270e+00 9.607267e-01
    endloop
  endfacet
  facet normal 1.179304e-01 3.887649e-01 -9.137583e-01
    outer loop
      vertex   8.401030e-01 4.223483e+00 6.215084e-01
      vertex   1.733854e+00 4.185892e+00 7.208633e-01
      vertex   1.647922e+00 3.978434e+00 6.215084e-01
    endloop
  endfacet
  facet normal 1.179304e-01 3.887652e-01 -9.137582e-01
    outer loop
      vertex   8.401030e-01 4.223483e+00 6.215084e-01
      vertex   8.839108e-01 4.443719e+00 7.208633e-01
      vertex   1.733854e+00 4.185892e+00 7.208633e-01
    endloop
  endfacet
  facet normal 7.682414e-01 -2.330435e-01 -5.962347e-01
    outer loop
      vertex   4.443720e+00 -8.839116e-01 7.208645e-01
      vertex   4.351271e+00 -1.802356e+00 9.607267e-01
      vertex   4.185893e+00 -1.733854e+00 7.208645e-01
    endloop
  endfacet
  facet normal 7.682422e-01 -2.330433e-01 -5.962338e-01
    outer loop
      vertex   4.443720e+00 -8.839116e-01 7.208645e-01
      vertex   4.619284e+00 -9.188334e-01 9.607267e-01
      vertex   4.351271e+00 -1.802356e+00 9.607267e-01
    endloop
  endfacet
  facet normal 3.887653e-01 -1.179306e-01 -9.137581e-01
    outer loop
      vertex   4.223484e+00 -8.401037e-01 6.215096e-01
      vertex   4.185893e+00 -1.733854e+00 7.208645e-01
      vertex   3.978435e+00 -1.647922e+00 6.215096e-01
    endloop
  endfacet
  facet normal 3.887651e-01 -1.179306e-01 -9.137582e-01
    outer loop
      vertex   4.223484e+00 -8.401037e-01 6.215096e-01
      vertex   4.443720e+00 -8.839116e-01 7.208645e-01
      vertex   4.185893e+00 -1.733854e+00 7.208645e-01
    endloop
  endfacet
  facet normal 7.080195e-01 -3.784440e-01 -5.962287e-01
    outer loop
      vertex   4.185893e+00 -1.733854e+00 7.208645e-01
      vertex   3.916039e+00 -2.616615e+00 9.607291e-01
      vertex   3.767204e+00 -2.517166e+00 7.208645e-01
    endloop
  endfacet
  facet normal 7.080145e-01 -3.784441e-01 -5.962345e-01
    outer loop
      vertex   4.185893e+00 -1.733854e+00 7.208645e-01
      vertex   4.351271e+00 -1.802356e+00 9.607267e-01
      vertex   3.916039e+00 -2.616615e+00 9.607291e-01
    endloop
  endfacet
  facet normal 3.582863e-01 -1.915085e-01 -9.137589e-01
    outer loop
      vertex   3.978435e+00 -1.647922e+00 6.215096e-01
      vertex   3.767204e+00 -2.517166e+00 7.208645e-01
      vertex   3.580496e+00 -2.392412e+00 6.215096e-01
    endloop
  endfacet
  facet normal 3.582881e-01 -1.915089e-01 -9.137582e-01
    outer loop
      vertex   3.978435e+00 -1.647922e+00 6.215096e-01
      vertex   4.185893e+00 -1.733854e+00 7.208645e-01
      vertex   3.767204e+00 -2.517166e+00 7.208645e-01
    endloop
  endfacet
  facet normal 6.205820e-01 -5.092994e-01 -5.962316e-01
    outer loop
      vertex   3.767204e+00 -2.517166e+00 7.208645e-01
      vertex   3.330318e+00 -3.330319e+00 9.607291e-01
      vertex   3.203744e+00 -3.203744e+00 7.208657e-01
    endloop
  endfacet
  facet normal 6.205842e-01 -5.092998e-01 -5.962289e-01
    outer loop
      vertex   3.767204e+00 -2.517166e+00 7.208645e-01
      vertex   3.916039e+00 -2.616615e+00 9.607291e-01
      vertex   3.330318e+00 -3.330319e+00 9.607291e-01
    endloop
  endfacet
  facet normal 3.140404e-01 -2.577277e-01 -9.137588e-01
    outer loop
      vertex   3.580496e+00 -2.392412e+00 6.215096e-01
      vertex   3.203744e+00 -3.203744e+00 7.208657e-01
      vertex   3.044962e+00 -3.044962e+00 6.215107e-01
    endloop
  endfacet
  facet normal 3.140402e-01 -2.577277e-01 -9.137588e-01
    outer loop
      vertex   3.580496e+00 -2.392412e+00 6.215096e-01
      vertex   3.767204e+00 -2.517166e+00 7.208645e-01
      vertex   3.203744e+00 -3.203744e+00 7.208657e-01
    endloop
  endfacet
  facet normal -7.080155e-01 -3.784419e-01 -5.962346e-01
    outer loop
      vertex   -3.767204e+00 -2.517166e+00 7.208645e-01
      vertex   -4.351271e+00 -1.802356e+00 9.607267e-01
      vertex   -4.185893e+00 -1.733854e+00 7.208645e-01
    endloop
  endfacet
  facet normal -7.080182e-01 -3.784461e-01 -5.962288e-01
    outer loop
      vertex   -3.767204e+00 -2.517166e+00 7.208645e-01
      vertex   -3.916039e+00 -2.616615e+00 9.607291e-01
      vertex   -4.351271e+00 -1.802356e+00 9.607267e-01
    endloop
  endfacet
  facet normal -3.582879e-01 -1.915094e-01 -9.137581e-01
    outer loop
      vertex   -3.580496e+00 -2.392412e+00 6.215096e-01
      vertex   -4.185893e+00 -1.733854e+00 7.208645e-01
      vertex   -3.978435e+00 -1.647922e+00 6.215096e-01
    endloop
  endfacet
  facet normal -3.582866e-01 -1.915080e-01 -9.137589e-01
    outer loop
      vertex   -3.580496e+00 -2.392412e+00 6.215096e-01
      vertex   -3.767204e+00 -2.517166e+00 7.208645e-01
      vertex   -4.185893e+00 -1.733854e+00 7.208645e-01
    endloop
  endfacet
  facet normal -7.682413e-01 2.330435e-01 -5.962348e-01
    outer loop
      vertex   -4.443720e+00 8.839103e-01 7.208645e-01
      vertex   -4.351271e+00 1.802355e+00 9.607267e-01
      vertex   -4.185893e+00 1.733853e+00 7.208645e-01
    endloop
  endfacet
  facet normal -7.682422e-01 2.330433e-01 -5.962338e-01
    outer loop
      vertex   -4.443720e+00 8.839103e-01 7.208645e-01
      vertex   -4.619284e+00 9.188321e-01 9.607267e-01
      vertex   -4.351271e+00 1.802355e+00 9.607267e-01
    endloop
  endfacet
  facet normal -3.887651e-01 1.179306e-01 -9.137582e-01
    outer loop
      vertex   -4.223484e+00 8.401024e-01 6.215096e-01
      vertex   -4.185893e+00 1.733853e+00 7.208645e-01
      vertex   -3.978435e+00 1.647921e+00 6.215096e-01
    endloop
  endfacet
  facet normal -3.887651e-01 1.179306e-01 -9.137582e-01
    outer loop
      vertex   -4.223484e+00 8.401024e-01 6.215096e-01
      vertex   -4.443720e+00 8.839103e-01 7.208645e-01
      vertex   -4.185893e+00 1.733853e+00 7.208645e-01
    endloop
  endfacet
  facet normal 2.580209e-01 -1.379149e-01 -9.562451e-01
    outer loop
      vertex   -3.074726e+00 2.054465e+00 8.067191e-01
      vertex   -2.439508e+00 1.010476e+00 1.128688e+00
      vertex   -3.416452e+00 1.415140e+00 8.067191e-01
    endloop
  endfacet
  facet normal 2.580206e-01 -1.379151e-01 -9.562451e-01
    outer loop
      vertex   -3.074726e+00 2.054465e+00 8.067191e-01
      vertex   -2.195499e+00 1.466985e+00 1.128688e+00
      vertex   -2.439508e+00 1.010476e+00 1.128688e+00
    endloop
  endfacet
  facet normal 4.329539e-01 8.099970e-01 -3.955448e-01
    outer loop
      vertex   2.702959e+00 4.045264e+00 1.319866e+00
      vertex   1.802355e+00 4.351270e+00 9.607267e-01
      vertex   1.861831e+00 4.494857e+00 1.319865e+00
    endloop
  endfacet
  facet normal 4.329533e-01 8.099989e-01 -3.955416e-01
    outer loop
      vertex   2.702959e+00 4.045264e+00 1.319866e+00
      vertex   2.616615e+00 3.916039e+00 9.607267e-01
      vertex   1.802355e+00 4.351270e+00 9.607267e-01
    endloop
  endfacet
  facet normal 2.799688e-01 -8.492766e-02 -9.562451e-01
    outer loop
      vertex   -3.416452e+00 1.415140e+00 8.067191e-01
      vertex   -2.589768e+00 5.151363e-01 1.128688e+00
      vertex   -3.626886e+00 7.214318e-01 8.067191e-01
    endloop
  endfacet
  facet normal 2.799690e-01 -8.492747e-02 -9.562451e-01
    outer loop
      vertex   -3.416452e+00 1.415140e+00 8.067191e-01
      vertex   -2.439508e+00 1.010476e+00 1.128688e+00
      vertex   -2.589768e+00 5.151363e-01 1.128688e+00
    endloop
  endfacet
  facet normal 9.002352e-02 9.140250e-01 -3.955427e-01
    outer loop
      vertex   9.491531e-01 4.771714e+00 1.319865e+00
      vertex   9.523751e-10 4.709781e+00 9.607267e-01
      vertex   -1.145200e-09 4.865197e+00 1.319865e+00
    endloop
  endfacet
  facet normal 9.002388e-02 9.140246e-01 -3.955435e-01
    outer loop
      vertex   9.491531e-01 4.771714e+00 1.319865e+00
      vertex   9.188327e-01 4.619283e+00 9.607267e-01
      vertex   9.523751e-10 4.709781e+00 9.607267e-01
    endloop
  endfacet
  facet normal 8.789006e-01 -2.666109e-01 -3.955407e-01
    outer loop
      vertex   4.494857e+00 -1.861831e+00 1.319867e+00
      vertex   4.619284e+00 -9.188334e-01 9.607267e-01
      vertex   4.771714e+00 -9.491537e-01 1.319867e+00
    endloop
  endfacet
  facet normal 8.789003e-01 -2.666110e-01 -3.955412e-01
    outer loop
      vertex   4.494857e+00 -1.861831e+00 1.319867e+00
      vertex   4.351271e+00 -1.802356e+00 9.607267e-01
      vertex   4.619284e+00 -9.188334e-01 9.607267e-01
    endloop
  endfacet
  facet normal -5.826567e-01 7.099699e-01 -3.955426e-01
    outer loop
      vertex   -2.702959e+00 4.045264e+00 1.319866e+00
      vertex   -3.330318e+00 3.330318e+00 9.607267e-01
      vertex   -3.440215e+00 3.440214e+00 1.319866e+00
    endloop
  endfacet
  facet normal -5.826573e-01 7.099699e-01 -3.955417e-01
    outer loop
      vertex   -2.702959e+00 4.045264e+00 1.319866e+00
      vertex   -2.616615e+00 3.916039e+00 9.607267e-01
      vertex   -3.330318e+00 3.330318e+00 9.607267e-01
    endloop
  endfacet
  facet normal -2.867650e-02 -2.911569e-01 -9.562454e-01
    outer loop
      vertex   7.214324e-01 3.626885e+00 8.067191e-01
      vertex   7.184535e-09 2.640504e+00 1.128687e+00
      vertex   4.846361e-09 3.697940e+00 8.067191e-01
    endloop
  endfacet
  facet normal -2.867653e-02 -2.911569e-01 -9.562454e-01
    outer loop
      vertex   7.214324e-01 3.626885e+00 8.067191e-01
      vertex   5.151367e-01 2.589767e+00 1.128687e+00
      vertex   7.184535e-09 2.640504e+00 1.128687e+00
    endloop
  endfacet
  facet normal 8.099990e-01 -4.329536e-01 -3.955413e-01
    outer loop
      vertex   4.045264e+00 -2.702960e+00 1.319867e+00
      vertex   4.351271e+00 -1.802356e+00 9.607267e-01
      vertex   4.494857e+00 -1.861831e+00 1.319867e+00
    endloop
  endfacet
  facet normal 8.099968e-01 -4.329543e-01 -3.955448e-01
    outer loop
      vertex   4.045264e+00 -2.702960e+00 1.319867e+00
      vertex   3.916039e+00 -2.616615e+00 9.607291e-01
      vertex   4.351271e+00 -1.802356e+00 9.607267e-01
    endloop
  endfacet
  facet normal -4.329545e-01 8.099982e-01 -3.955417e-01
    outer loop
      vertex   -1.861831e+00 4.494857e+00 1.319865e+00
      vertex   -2.616615e+00 3.916039e+00 9.607267e-01
      vertex   -2.702959e+00 4.045264e+00 1.319866e+00
    endloop
  endfacet
  facet normal -4.329526e-01 8.099977e-01 -3.955449e-01
    outer loop
      vertex   -1.861831e+00 4.494857e+00 1.319865e+00
      vertex   -1.802355e+00 4.351270e+00 9.607267e-01
      vertex   -2.616615e+00 3.916039e+00 9.607267e-01
    endloop
  endfacet
  facet normal 8.788998e-01 2.666106e-01 -3.955424e-01
    outer loop
      vertex   4.771714e+00 9.491525e-01 1.319866e+00
      vertex   4.351271e+00 1.802355e+00 9.607267e-01
      vertex   4.494857e+00 1.861830e+00 1.319866e+00
    endloop
  endfacet
  facet normal 8.789000e-01 2.666110e-01 -3.955418e-01
    outer loop
      vertex   4.771714e+00 9.491525e-01 1.319866e+00
      vertex   4.619284e+00 9.188321e-01 9.607267e-01
      vertex   4.351271e+00 1.802355e+00 9.607267e-01
    endloop
  endfacet
  facet normal 5.826562e-01 -7.099694e-01 -3.955442e-01
    outer loop
      vertex   2.702959e+00 -4.045265e+00 1.319867e+00
      vertex   3.330318e+00 -3.330319e+00 9.607291e-01
      vertex   3.440215e+00 -3.440216e+00 1.319867e+00
    endloop
  endfacet
  facet normal 5.826568e-01 -7.099694e-01 -3.955433e-01
    outer loop
      vertex   2.702959e+00 -4.045265e+00 1.319867e+00
      vertex   2.616615e+00 -3.916040e+00 9.607291e-01
      vertex   3.330318e+00 -3.330319e+00 9.607291e-01
    endloop
  endfacet
  facet normal -2.666101e-01 8.788988e-01 -3.955451e-01
    outer loop
      vertex   -9.491532e-01 4.771714e+00 1.319865e+00
      vertex   -1.802355e+00 4.351270e+00 9.607267e-01
      vertex   -1.861831e+00 4.494857e+00 1.319865e+00
    endloop
  endfacet
  facet normal -2.666110e-01 8.788992e-01 -3.955436e-01
    outer loop
      vertex   -9.491532e-01 4.771714e+00 1.319865e+00
      vertex   -9.188328e-01 4.619283e+00 9.607267e-01
      vertex   -1.802355e+00 4.351270e+00 9.607267e-01
    endloop
  endfacet
  facet normal 9.140253e-01 9.002413e-02 -3.955418e-01
    outer loop
      vertex   4.865198e+00 -5.950418e-07 1.319866e+00
      vertex   4.619284e+00 9.188321e-01 9.607267e-01
      vertex   4.771714e+00 9.491525e-01 1.319866e+00
    endloop
  endfacet
  facet normal 9.140252e-01 9.002393e-02 -3.955422e-01
    outer loop
      vertex   4.865198e+00 -5.950418e-07 1.319866e+00
      vertex   4.709781e+00 -6.307165e-07 9.607267e-01
      vertex   4.619284e+00 9.188321e-01 9.607267e-01
    endloop
  endfacet
  facet normal -8.789004e-01 -2.666108e-01 -3.955412e-01
    outer loop
      vertex   -4.771714e+00 -9.491536e-01 1.319867e+00
      vertex   -4.351271e+00 -1.802356e+00 9.607267e-01
      vertex   -4.494857e+00 -1.861831e+00 1.319867e+00
    endloop
  endfacet
  facet normal -8.789005e-01 -2.666111e-01 -3.955406e-01
    outer loop
      vertex   -4.771714e+00 -9.491536e-01 1.319867e+00
      vertex   -4.619284e+00 -9.188334e-01 9.607267e-01
      vertex   -4.351271e+00 -1.802356e+00 9.607267e-01
    endloop
  endfacet
  facet normal -9.002387e-02 9.140246e-01 -3.955435e-01
    outer loop
      vertex   -9.491532e-01 4.771714e+00 1.319865e+00
      vertex   9.523751e-10 4.709781e+00 9.607267e-01
      vertex   -9.188328e-01 4.619283e+00 9.607267e-01
    endloop
  endfacet
  facet normal -9.002351e-02 9.140250e-01 -3.955427e-01
    outer loop
      vertex   -9.491532e-01 4.771714e+00 1.319865e+00
      vertex   -1.145200e-09 4.865197e+00 1.319865e+00
      vertex   9.523751e-10 4.709781e+00 9.607267e-01
    endloop
  endfacet
  facet normal 9.140251e-01 -9.002460e-02 -3.955422e-01
    outer loop
      vertex   4.771714e+00 -9.491537e-01 1.319867e+00
      vertex   4.709781e+00 -6.307165e-07 9.607267e-01
      vertex   4.865198e+00 -5.950418e-07 1.319866e+00
    endloop
  endfacet
  facet normal 9.140258e-01 -9.002399e-02 -3.955407e-01
    outer loop
      vertex   4.771714e+00 -9.491537e-01 1.319867e+00
      vertex   4.619284e+00 -9.188334e-01 9.607267e-01
      vertex   4.709781e+00 -6.307165e-07 9.607267e-01
    endloop
  endfacet
  facet normal -8.099985e-01 4.329533e-01 -3.955425e-01
    outer loop
      vertex   -4.045264e+00 2.702959e+00 1.319866e+00
      vertex   -4.351271e+00 1.802355e+00 9.607267e-01
      vertex   -4.494857e+00 1.861830e+00 1.319866e+00
    endloop
  endfacet
  facet normal -8.099980e-01 4.329535e-01 -3.955434e-01
    outer loop
      vertex   -4.045264e+00 2.702959e+00 1.319866e+00
      vertex   -3.916039e+00 2.616614e+00 9.607267e-01
      vertex   -4.351271e+00 1.802355e+00 9.607267e-01
    endloop
  endfacet
  facet normal 5.826569e-01 7.099702e-01 -3.955417e-01
    outer loop
      vertex   3.440215e+00 3.440214e+00 1.319866e+00
      vertex   2.616615e+00 3.916039e+00 9.607267e-01
      vertex   2.702959e+00 4.045264e+00 1.319866e+00
    endloop
  endfacet
  facet normal 5.826570e-01 7.099696e-01 -3.955426e-01
    outer loop
      vertex   3.440215e+00 3.440214e+00 1.319866e+00
      vertex   3.330318e+00 3.330318e+00 9.607267e-01
      vertex   2.616615e+00 3.916039e+00 9.607267e-01
    endloop
  endfacet
  facet normal -2.580208e-01 1.379150e-01 -9.562451e-01
    outer loop
      vertex   3.074726e+00 -2.054467e+00 8.067191e-01
      vertex   2.439508e+00 -1.010478e+00 1.128688e+00
      vertex   3.416452e+00 -1.415142e+00 8.067191e-01
    endloop
  endfacet
  facet normal -2.580206e-01 1.379152e-01 -9.562451e-01
    outer loop
      vertex   3.074726e+00 -2.054467e+00 8.067191e-01
      vertex   2.195499e+00 -1.466986e+00 1.128688e+00
      vertex   2.439508e+00 -1.010478e+00 1.128688e+00
    endloop
  endfacet
  facet normal 7.099697e-01 5.826569e-01 -3.955426e-01
    outer loop
      vertex   4.045264e+00 2.702959e+00 1.319866e+00
      vertex   3.330318e+00 3.330318e+00 9.607267e-01
      vertex   3.440215e+00 3.440214e+00 1.319866e+00
    endloop
  endfacet
  facet normal 7.099697e-01 5.826565e-01 -3.955432e-01
    outer loop
      vertex   4.045264e+00 2.702959e+00 1.319866e+00
      vertex   3.916039e+00 2.616614e+00 9.607267e-01
      vertex   3.330318e+00 3.330318e+00 9.607267e-01
    endloop
  endfacet
  facet normal 4.329531e-01 -8.099982e-01 -3.955433e-01
    outer loop
      vertex   1.861831e+00 -4.494858e+00 1.319869e+00
      vertex   2.616615e+00 -3.916040e+00 9.607291e-01
      vertex   2.702959e+00 -4.045265e+00 1.319867e+00
    endloop
  endfacet
  facet normal 4.329535e-01 -8.099983e-01 -3.955426e-01
    outer loop
      vertex   1.861831e+00 -4.494858e+00 1.319869e+00
      vertex   1.802355e+00 -4.351271e+00 9.607291e-01
      vertex   2.616615e+00 -3.916040e+00 9.607291e-01
    endloop
  endfacet
  facet normal 8.099982e-01 4.329532e-01 -3.955434e-01
    outer loop
      vertex   4.494857e+00 1.861830e+00 1.319866e+00
      vertex   3.916039e+00 2.616614e+00 9.607267e-01
      vertex   4.045264e+00 2.702959e+00 1.319866e+00
    endloop
  endfacet
  facet normal 8.099983e-01 4.329537e-01 -3.955425e-01
    outer loop
      vertex   4.494857e+00 1.861830e+00 1.319866e+00
      vertex   4.351271e+00 1.802355e+00 9.607267e-01
      vertex   3.916039e+00 2.616614e+00 9.607267e-01
    endloop
  endfacet
  facet normal 2.666104e-01 -8.788998e-01 -3.955428e-01
    outer loop
      vertex   9.491531e-01 -4.771715e+00 1.319869e+00
      vertex   1.802355e+00 -4.351271e+00 9.607291e-01
      vertex   1.861831e+00 -4.494858e+00 1.319869e+00
    endloop
  endfacet
  facet normal 2.666112e-01 -8.789002e-01 -3.955412e-01
    outer loop
      vertex   9.491531e-01 -4.771715e+00 1.319869e+00
      vertex   9.188327e-01 -4.619285e+00 9.607291e-01
      vertex   1.802355e+00 -4.351271e+00 9.607291e-01
    endloop
  endfacet
  facet normal 9.002444e-02 -9.140256e-01 -3.955412e-01
    outer loop
      vertex   -1.145200e-09 -4.865199e+00 1.319869e+00
      vertex   9.188327e-01 -4.619285e+00 9.607291e-01
      vertex   9.491531e-01 -4.771715e+00 1.319869e+00
    endloop
  endfacet
  facet normal 9.002361e-02 -9.140249e-01 -3.955428e-01
    outer loop
      vertex   -1.145200e-09 -4.865199e+00 1.319869e+00
      vertex   9.523751e-10 -4.709782e+00 9.607291e-01
      vertex   9.188327e-01 -4.619285e+00 9.607291e-01
    endloop
  endfacet
  facet normal -9.002436e-02 -9.140249e-01 -3.955428e-01
    outer loop
      vertex   -9.491532e-01 -4.771715e+00 1.319869e+00
      vertex   9.523751e-10 -4.709782e+00 9.607291e-01
      vertex   -1.145200e-09 -4.865199e+00 1.319869e+00
    endloop
  endfacet
  facet normal -9.002368e-02 -9.140257e-01 -3.955411e-01
    outer loop
      vertex   -9.491532e-01 -4.771715e+00 1.319869e+00
      vertex   -9.188328e-01 -4.619285e+00 9.607291e-01
      vertex   9.523751e-10 -4.709782e+00 9.607291e-01
    endloop
  endfacet
  facet normal -4.329533e-01 -8.099985e-01 -3.955426e-01
    outer loop
      vertex   -2.702959e+00 -4.045265e+00 1.319867e+00
      vertex   -1.802355e+00 -4.351271e+00 9.607291e-01
      vertex   -1.861831e+00 -4.494858e+00 1.319869e+00
    endloop
  endfacet
  facet normal -4.329534e-01 -8.099980e-01 -3.955433e-01
    outer loop
      vertex   -2.702959e+00 -4.045265e+00 1.319867e+00
      vertex   -2.616615e+00 -3.916040e+00 9.607291e-01
      vertex   -1.802355e+00 -4.351271e+00 9.607291e-01
    endloop
  endfacet
  facet normal -2.666106e-01 -8.789004e-01 -3.955412e-01
    outer loop
      vertex   -1.861831e+00 -4.494858e+00 1.319869e+00
      vertex   -9.188328e-01 -4.619285e+00 9.607291e-01
      vertex   -9.491532e-01 -4.771715e+00 1.319869e+00
    endloop
  endfacet
  facet normal -2.666111e-01 -8.788996e-01 -3.955428e-01
    outer loop
      vertex   -1.861831e+00 -4.494858e+00 1.319869e+00
      vertex   -1.802355e+00 -4.351271e+00 9.607291e-01
      vertex   -9.188328e-01 -4.619285e+00 9.607291e-01
    endloop
  endfacet
  facet normal -5.826565e-01 -7.099697e-01 -3.955433e-01
    outer loop
      vertex   -3.440215e+00 -3.440216e+00 1.319867e+00
      vertex   -2.616615e+00 -3.916040e+00 9.607291e-01
      vertex   -2.702959e+00 -4.045265e+00 1.319867e+00
    endloop
  endfacet
  facet normal -5.826566e-01 -7.099691e-01 -3.955442e-01
    outer loop
      vertex   -3.440215e+00 -3.440216e+00 1.319867e+00
      vertex   -3.330318e+00 -3.330319e+00 9.607291e-01
      vertex   -2.616615e+00 -3.916040e+00 9.607291e-01
    endloop
  endfacet
  facet normal -7.099692e-01 -5.826565e-01 -3.955441e-01
    outer loop
      vertex   -4.045264e+00 -2.702960e+00 1.319867e+00
      vertex   -3.330318e+00 -3.330319e+00 9.607291e-01
      vertex   -3.440215e+00 -3.440216e+00 1.319867e+00
    endloop
  endfacet
  facet normal -7.099692e-01 -5.826561e-01 -3.955447e-01
    outer loop
      vertex   -4.045264e+00 -2.702960e+00 1.319867e+00
      vertex   -3.916039e+00 -2.616615e+00 9.607291e-01
      vertex   -3.330318e+00 -3.330319e+00 9.607291e-01
    endloop
  endfacet
  facet normal -9.140258e-01 -9.002467e-02 -3.955407e-01
    outer loop
      vertex   -4.865198e+00 -5.950418e-07 1.319866e+00
      vertex   -4.619284e+00 -9.188334e-01 9.607267e-01
      vertex   -4.771714e+00 -9.491536e-01 1.319867e+00
    endloop
  endfacet
  facet normal -9.140252e-01 -9.002393e-02 -3.955422e-01
    outer loop
      vertex   -4.865198e+00 -5.950418e-07 1.319866e+00
      vertex   -4.709781e+00 -6.307165e-07 9.607267e-01
      vertex   -4.619284e+00 -9.188334e-01 9.607267e-01
    endloop
  endfacet
  facet normal 2.261578e-01 1.855987e-01 -9.562457e-01
    outer loop
      vertex   -3.074726e+00 -2.054467e+00 8.067191e-01
      vertex   -1.867118e+00 -1.867119e+00 1.128688e+00
      vertex   -2.614840e+00 -2.614840e+00 8.067214e-01
    endloop
  endfacet
  facet normal 2.261570e-01 1.856023e-01 -9.562451e-01
    outer loop
      vertex   -3.074726e+00 -2.054467e+00 8.067191e-01
      vertex   -2.195499e+00 -1.466986e+00 1.128688e+00
      vertex   -1.867118e+00 -1.867119e+00 1.128688e+00
    endloop
  endfacet
  facet normal -7.099695e-01 5.826567e-01 -3.955432e-01
    outer loop
      vertex   -3.440215e+00 3.440214e+00 1.319866e+00
      vertex   -3.916039e+00 2.616614e+00 9.607267e-01
      vertex   -4.045264e+00 2.702959e+00 1.319866e+00
    endloop
  endfacet
  facet normal -7.099699e-01 5.826567e-01 -3.955426e-01
    outer loop
      vertex   -3.440215e+00 3.440214e+00 1.319866e+00
      vertex   -3.330318e+00 3.330318e+00 9.607267e-01
      vertex   -3.916039e+00 2.616614e+00 9.607267e-01
    endloop
  endfacet
  facet normal -9.140252e-01 9.002410e-02 -3.955422e-01
    outer loop
      vertex   -4.771714e+00 9.491526e-01 1.319866e+00
      vertex   -4.709781e+00 -6.307165e-07 9.607267e-01
      vertex   -4.865198e+00 -5.950418e-07 1.319866e+00
    endloop
  endfacet
  facet normal -9.140254e-01 9.002395e-02 -3.955418e-01
    outer loop
      vertex   -4.771714e+00 9.491526e-01 1.319866e+00
      vertex   -4.619284e+00 9.188321e-01 9.607267e-01
      vertex   -4.709781e+00 -6.307165e-07 9.607267e-01
    endloop
  endfacet
  facet normal 9.725592e-02 9.874569e-01 -1.243794e-01
    outer loop
      vertex   -1.145200e-09 4.865197e+00 1.319865e+00
      vertex   9.586325e-01 4.819370e+00 1.705621e+00
      vertex   9.491531e-01 4.771714e+00 1.319865e+00
    endloop
  endfacet
  facet normal 9.725658e-02 9.874566e-01 -1.243811e-01
    outer loop
      vertex   -1.145200e-09 4.865197e+00 1.319865e+00
      vertex   -1.842005e-09 4.913788e+00 1.705621e+00
      vertex   9.586325e-01 4.819370e+00 1.705621e+00
    endloop
  endfacet
  facet normal 4.677371e-01 8.750723e-01 -1.243803e-01
    outer loop
      vertex   1.861831e+00 4.494857e+00 1.319865e+00
      vertex   2.729954e+00 4.085665e+00 1.705623e+00
      vertex   2.702959e+00 4.045264e+00 1.319866e+00
    endloop
  endfacet
  facet normal 4.677365e-01 8.750729e-01 -1.243783e-01
    outer loop
      vertex   1.861831e+00 4.494857e+00 1.319865e+00
      vertex   1.880425e+00 4.539748e+00 1.705621e+00
      vertex   2.729954e+00 4.085665e+00 1.705623e+00
    endloop
  endfacet
  facet normal 9.495095e-01 2.880298e-01 -1.243803e-01
    outer loop
      vertex   4.494857e+00 1.861830e+00 1.319866e+00
      vertex   4.819371e+00 9.586320e-01 1.705623e+00
      vertex   4.771714e+00 9.491525e-01 1.319866e+00
    endloop
  endfacet
  facet normal 9.495096e-01 2.880308e-01 -1.243779e-01
    outer loop
      vertex   4.494857e+00 1.861830e+00 1.319866e+00
      vertex   4.539748e+00 1.880425e+00 1.705623e+00
      vertex   4.819371e+00 9.586320e-01 1.705623e+00
    endloop
  endfacet
  facet normal 9.874568e-01 9.725653e-02 -1.243796e-01
    outer loop
      vertex   4.771714e+00 9.491525e-01 1.319866e+00
      vertex   4.913788e+00 -5.563171e-07 1.705623e+00
      vertex   4.865198e+00 -5.950418e-07 1.319866e+00
    endloop
  endfacet
  facet normal 9.874567e-01 9.725627e-02 -1.243802e-01
    outer loop
      vertex   4.771714e+00 9.491525e-01 1.319866e+00
      vertex   4.819371e+00 9.586320e-01 1.705623e+00
      vertex   4.913788e+00 -5.563171e-07 1.705623e+00
    endloop
  endfacet
  facet normal 9.874567e-01 -9.725668e-02 -1.243802e-01
    outer loop
      vertex   4.865198e+00 -5.950418e-07 1.319866e+00
      vertex   4.819371e+00 -9.586331e-01 1.705624e+00
      vertex   4.771714e+00 -9.491537e-01 1.319867e+00
    endloop
  endfacet
  facet normal 9.874568e-01 -9.725644e-02 -1.243796e-01
    outer loop
      vertex   4.865198e+00 -5.950418e-07 1.319866e+00
      vertex   4.913788e+00 -5.563171e-07 1.705623e+00
      vertex   4.819371e+00 -9.586331e-01 1.705624e+00
    endloop
  endfacet
  facet normal 6.294667e-01 -7.670081e-01 -1.243796e-01
    outer loop
      vertex   3.440215e+00 -3.440216e+00 1.319867e+00
      vertex   2.729954e+00 -4.085666e+00 1.705624e+00
      vertex   2.702959e+00 -4.045265e+00 1.319867e+00
    endloop
  endfacet
  facet normal 6.294670e-01 -7.670080e-01 -1.243788e-01
    outer loop
      vertex   3.440215e+00 -3.440216e+00 1.319867e+00
      vertex   3.474573e+00 -3.474573e+00 1.705624e+00
      vertex   2.729954e+00 -4.085666e+00 1.705624e+00
    endloop
  endfacet
  facet normal 4.677366e-01 -8.750728e-01 -1.243787e-01
    outer loop
      vertex   2.702959e+00 -4.045265e+00 1.319867e+00
      vertex   1.880425e+00 -4.539748e+00 1.705624e+00
      vertex   1.861831e+00 -4.494858e+00 1.319869e+00
    endloop
  endfacet
  facet normal 4.677362e-01 -8.750729e-01 -1.243797e-01
    outer loop
      vertex   2.702959e+00 -4.045265e+00 1.319867e+00
      vertex   2.729954e+00 -4.085666e+00 1.705624e+00
      vertex   1.880425e+00 -4.539748e+00 1.705624e+00
    endloop
  endfacet
  facet normal 2.880296e-01 -9.495097e-01 -1.243798e-01
    outer loop
      vertex   1.861831e+00 -4.494858e+00 1.319869e+00
      vertex   9.586325e-01 -4.819371e+00 1.705624e+00
      vertex   9.491531e-01 -4.771715e+00 1.319869e+00
    endloop
  endfacet
  facet normal 2.880302e-01 -9.495097e-01 -1.243785e-01
    outer loop
      vertex   1.861831e+00 -4.494858e+00 1.319869e+00
      vertex   1.880425e+00 -4.539748e+00 1.705624e+00
      vertex   9.586325e-01 -4.819371e+00 1.705624e+00
    endloop
  endfacet
  facet normal -9.725683e-02 -9.874567e-01 -1.243798e-01
    outer loop
      vertex   -1.145200e-09 -4.865199e+00 1.319869e+00
      vertex   -9.586326e-01 -4.819371e+00 1.705624e+00
      vertex   -9.491532e-01 -4.771715e+00 1.319869e+00
    endloop
  endfacet
  facet normal -9.725659e-02 -9.874568e-01 -1.243792e-01
    outer loop
      vertex   -1.145200e-09 -4.865199e+00 1.319869e+00
      vertex   -1.842005e-09 -4.913788e+00 1.705624e+00
      vertex   -9.586326e-01 -4.819371e+00 1.705624e+00
    endloop
  endfacet
  facet normal -2.880296e-01 -9.495098e-01 -1.243785e-01
    outer loop
      vertex   -9.491532e-01 -4.771715e+00 1.319869e+00
      vertex   -1.880425e+00 -4.539748e+00 1.705624e+00
      vertex   -1.861831e+00 -4.494858e+00 1.319869e+00
    endloop
  endfacet
  facet normal -2.880301e-01 -9.495095e-01 -1.243799e-01
    outer loop
      vertex   -9.491532e-01 -4.771715e+00 1.319869e+00
      vertex   -9.586326e-01 -4.819371e+00 1.705624e+00
      vertex   -1.880425e+00 -4.539748e+00 1.705624e+00
    endloop
  endfacet
  facet normal -7.670080e-01 -6.294669e-01 -1.243790e-01
    outer loop
      vertex   -3.440215e+00 -3.440216e+00 1.319867e+00
      vertex   -4.085665e+00 -2.729955e+00 1.705624e+00
      vertex   -4.045264e+00 -2.702960e+00 1.319867e+00
    endloop
  endfacet
  facet normal -7.670080e-01 -6.294670e-01 -1.243790e-01
    outer loop
      vertex   -3.440215e+00 -3.440216e+00 1.319867e+00
      vertex   -3.474573e+00 -3.474573e+00 1.705624e+00
      vertex   -4.085665e+00 -2.729955e+00 1.705624e+00
    endloop
  endfacet
  facet normal -9.495096e-01 -2.880298e-01 -1.243802e-01
    outer loop
      vertex   -4.494857e+00 -1.861831e+00 1.319867e+00
      vertex   -4.819371e+00 -9.586331e-01 1.705624e+00
      vertex   -4.771714e+00 -9.491536e-01 1.319867e+00
    endloop
  endfacet
  facet normal -9.495096e-01 -2.880308e-01 -1.243779e-01
    outer loop
      vertex   -4.494857e+00 -1.861831e+00 1.319867e+00
      vertex   -4.539748e+00 -1.880426e+00 1.705624e+00
      vertex   -4.819371e+00 -9.586331e-01 1.705624e+00
    endloop
  endfacet
  facet normal -9.874567e-01 9.725651e-02 -1.243802e-01
    outer loop
      vertex   -4.865198e+00 -5.950418e-07 1.319866e+00
      vertex   -4.819371e+00 9.586320e-01 1.705623e+00
      vertex   -4.771714e+00 9.491526e-01 1.319866e+00
    endloop
  endfacet
  facet normal -9.874568e-01 9.725628e-02 -1.243796e-01
    outer loop
      vertex   -4.865198e+00 -5.950418e-07 1.319866e+00
      vertex   -4.913788e+00 -5.563171e-07 1.705623e+00
      vertex   -4.819371e+00 9.586320e-01 1.705623e+00
    endloop
  endfacet
  facet normal -8.750729e-01 4.677363e-01 -1.243790e-01
    outer loop
      vertex   -4.494857e+00 1.861830e+00 1.319866e+00
      vertex   -4.085665e+00 2.729954e+00 1.705623e+00
      vertex   -4.045264e+00 2.702959e+00 1.319866e+00
    endloop
  endfacet
  facet normal -8.750732e-01 4.677360e-01 -1.243780e-01
    outer loop
      vertex   -4.494857e+00 1.861830e+00 1.319866e+00
      vertex   -4.539748e+00 1.880425e+00 1.705623e+00
      vertex   -4.085665e+00 2.729954e+00 1.705623e+00
    endloop
  endfacet
  facet normal -6.294666e-01 7.670080e-01 -1.243802e-01
    outer loop
      vertex   -3.440215e+00 3.440214e+00 1.319866e+00
      vertex   -2.729954e+00 4.085665e+00 1.705623e+00
      vertex   -2.702959e+00 4.045264e+00 1.319866e+00
    endloop
  endfacet
  facet normal -6.294672e-01 7.670078e-01 -1.243788e-01
    outer loop
      vertex   -3.440215e+00 3.440214e+00 1.319866e+00
      vertex   -3.474573e+00 3.474572e+00 1.705623e+00
      vertex   -2.729954e+00 4.085665e+00 1.705623e+00
    endloop
  endfacet
  facet normal -4.677372e-01 8.750725e-01 -1.243783e-01
    outer loop
      vertex   -2.702959e+00 4.045264e+00 1.319866e+00
      vertex   -1.880425e+00 4.539748e+00 1.705621e+00
      vertex   -1.861831e+00 4.494857e+00 1.319865e+00
    endloop
  endfacet
  facet normal -4.677363e-01 8.750727e-01 -1.243803e-01
    outer loop
      vertex   -2.702959e+00 4.045264e+00 1.319866e+00
      vertex   -2.729954e+00 4.085665e+00 1.705623e+00
      vertex   -1.880425e+00 4.539748e+00 1.705621e+00
    endloop
  endfacet
  facet normal -2.880296e-01 9.495097e-01 -1.243795e-01
    outer loop
      vertex   -1.861831e+00 4.494857e+00 1.319865e+00
      vertex   -9.586326e-01 4.819370e+00 1.705621e+00
      vertex   -9.491532e-01 4.771714e+00 1.319865e+00
    endloop
  endfacet
  facet normal -2.880302e-01 9.495097e-01 -1.243781e-01
    outer loop
      vertex   -1.861831e+00 4.494857e+00 1.319865e+00
      vertex   -1.880425e+00 4.539748e+00 1.705621e+00
      vertex   -9.586326e-01 4.819370e+00 1.705621e+00
    endloop
  endfacet
  facet normal -9.725589e-02 9.874566e-01 -1.243811e-01
    outer loop
      vertex   -9.491532e-01 4.771714e+00 1.319865e+00
      vertex   -1.842005e-09 4.913788e+00 1.705621e+00
      vertex   -1.145200e-09 4.865197e+00 1.319865e+00
    endloop
  endfacet
  facet normal -9.725658e-02 9.874568e-01 -1.243794e-01
    outer loop
      vertex   -9.491532e-01 4.771714e+00 1.319865e+00
      vertex   -9.586326e-01 4.819370e+00 1.705621e+00
      vertex   -1.842005e-09 4.913788e+00 1.705621e+00
    endloop
  endfacet
  facet normal 1.379150e-01 -2.580207e-01 -9.562451e-01
    outer loop
      vertex   -1.415141e+00 3.416452e+00 8.067191e-01
      vertex   -1.466986e+00 2.195498e+00 1.128688e+00
      vertex   -2.054466e+00 3.074725e+00 8.067191e-01
    endloop
  endfacet
  facet normal 1.379149e-01 -2.580207e-01 -9.562451e-01
    outer loop
      vertex   -1.415141e+00 3.416452e+00 8.067191e-01
      vertex   -1.010477e+00 2.439507e+00 1.128688e+00
      vertex   -1.466986e+00 2.195498e+00 1.128688e+00
    endloop
  endfacet
  facet normal 6.294667e-01 7.670082e-01 -1.243788e-01
    outer loop
      vertex   2.702959e+00 4.045264e+00 1.319866e+00
      vertex   3.474573e+00 3.474572e+00 1.705623e+00
      vertex   3.440215e+00 3.440214e+00 1.319866e+00
    endloop
  endfacet
  facet normal 6.294671e-01 7.670077e-01 -1.243802e-01
    outer loop
      vertex   2.702959e+00 4.045264e+00 1.319866e+00
      vertex   2.729954e+00 4.085665e+00 1.705623e+00
      vertex   3.474573e+00 3.474572e+00 1.705623e+00
    endloop
  endfacet
  facet normal 7.670080e-01 6.294669e-01 -1.243790e-01
    outer loop
      vertex   3.440215e+00 3.440214e+00 1.319866e+00
      vertex   4.085665e+00 2.729954e+00 1.705623e+00
      vertex   4.045264e+00 2.702959e+00 1.319866e+00
    endloop
  endfacet
  facet normal 7.670080e-01 6.294670e-01 -1.243790e-01
    outer loop
      vertex   3.440215e+00 3.440214e+00 1.319866e+00
      vertex   3.474573e+00 3.474572e+00 1.705623e+00
      vertex   4.085665e+00 2.729954e+00 1.705623e+00
    endloop
  endfacet
  facet normal 8.750730e-01 4.677364e-01 -1.243780e-01
    outer loop
      vertex   4.045264e+00 2.702959e+00 1.319866e+00
      vertex   4.539748e+00 1.880425e+00 1.705623e+00
      vertex   4.494857e+00 1.861830e+00 1.319866e+00
    endloop
  endfacet
  facet normal 8.750731e-01 4.677360e-01 -1.243790e-01
    outer loop
      vertex   4.045264e+00 2.702959e+00 1.319866e+00
      vertex   4.085665e+00 2.729954e+00 1.705623e+00
      vertex   4.539748e+00 1.880425e+00 1.705623e+00
    endloop
  endfacet
  facet normal 9.725684e-02 -9.874568e-01 -1.243792e-01
    outer loop
      vertex   9.491531e-01 -4.771715e+00 1.319869e+00
      vertex   -1.842005e-09 -4.913788e+00 1.705624e+00
      vertex   -1.145200e-09 -4.865199e+00 1.319869e+00
    endloop
  endfacet
  facet normal 9.725659e-02 -9.874567e-01 -1.243798e-01
    outer loop
      vertex   9.491531e-01 -4.771715e+00 1.319869e+00
      vertex   9.586325e-01 -4.819371e+00 1.705624e+00
      vertex   -1.842005e-09 -4.913788e+00 1.705624e+00
    endloop
  endfacet
  facet normal -4.677366e-01 -8.750727e-01 -1.243797e-01
    outer loop
      vertex   -1.861831e+00 -4.494858e+00 1.319869e+00
      vertex   -2.729954e+00 -4.085666e+00 1.705624e+00
      vertex   -2.702959e+00 -4.045265e+00 1.319867e+00
    endloop
  endfacet
  facet normal -4.677363e-01 -8.750730e-01 -1.243787e-01
    outer loop
      vertex   -1.861831e+00 -4.494858e+00 1.319869e+00
      vertex   -1.880425e+00 -4.539748e+00 1.705624e+00
      vertex   -2.729954e+00 -4.085666e+00 1.705624e+00
    endloop
  endfacet
  facet normal -6.294667e-01 -7.670082e-01 -1.243788e-01
    outer loop
      vertex   -2.702959e+00 -4.045265e+00 1.319867e+00
      vertex   -3.474573e+00 -3.474573e+00 1.705624e+00
      vertex   -3.440215e+00 -3.440216e+00 1.319867e+00
    endloop
  endfacet
  facet normal -6.294669e-01 -7.670079e-01 -1.243796e-01
    outer loop
      vertex   -2.702959e+00 -4.045265e+00 1.319867e+00
      vertex   -2.729954e+00 -4.085666e+00 1.705624e+00
      vertex   -3.474573e+00 -3.474573e+00 1.705624e+00
    endloop
  endfacet
  facet normal -9.874568e-01 -9.725669e-02 -1.243796e-01
    outer loop
      vertex   -4.771714e+00 -9.491536e-01 1.319867e+00
      vertex   -4.913788e+00 -5.563171e-07 1.705623e+00
      vertex   -4.865198e+00 -5.950418e-07 1.319866e+00
    endloop
  endfacet
  facet normal -9.874567e-01 -9.725643e-02 -1.243802e-01
    outer loop
      vertex   -4.771714e+00 -9.491536e-01 1.319867e+00
      vertex   -4.819371e+00 -9.586331e-01 1.705624e+00
      vertex   -4.913788e+00 -5.563171e-07 1.705623e+00
    endloop
  endfacet
  facet normal -7.670080e-01 6.294669e-01 -1.243790e-01
    outer loop
      vertex   -4.045264e+00 2.702959e+00 1.319866e+00
      vertex   -3.474573e+00 3.474572e+00 1.705623e+00
      vertex   -3.440215e+00 3.440214e+00 1.319866e+00
    endloop
  endfacet
  facet normal -7.670080e-01 6.294670e-01 -1.243790e-01
    outer loop
      vertex   -4.045264e+00 2.702959e+00 1.319866e+00
      vertex   -4.085665e+00 2.729954e+00 1.705623e+00
      vertex   -3.474573e+00 3.474572e+00 1.705623e+00
    endloop
  endfacet
  facet normal 2.880296e-01 9.495099e-01 -1.243781e-01
    outer loop
      vertex   9.491531e-01 4.771714e+00 1.319865e+00
      vertex   1.880425e+00 4.539748e+00 1.705621e+00
      vertex   1.861831e+00 4.494857e+00 1.319865e+00
    endloop
  endfacet
  facet normal 2.880301e-01 9.495096e-01 -1.243794e-01
    outer loop
      vertex   9.491531e-01 4.771714e+00 1.319865e+00
      vertex   9.586325e-01 4.819370e+00 1.705621e+00
      vertex   1.880425e+00 4.539748e+00 1.705621e+00
    endloop
  endfacet
  facet normal 9.495098e-01 -2.880299e-01 -1.243779e-01
    outer loop
      vertex   4.771714e+00 -9.491537e-01 1.319867e+00
      vertex   4.539748e+00 -1.880426e+00 1.705624e+00
      vertex   4.494857e+00 -1.861831e+00 1.319867e+00
    endloop
  endfacet
  facet normal 9.495093e-01 -2.880307e-01 -1.243801e-01
    outer loop
      vertex   4.771714e+00 -9.491537e-01 1.319867e+00
      vertex   4.819371e+00 -9.586331e-01 1.705624e+00
      vertex   4.539748e+00 -1.880426e+00 1.705624e+00
    endloop
  endfacet
  facet normal 8.750729e-01 -4.677363e-01 -1.243790e-01
    outer loop
      vertex   4.494857e+00 -1.861831e+00 1.319867e+00
      vertex   4.085665e+00 -2.729955e+00 1.705624e+00
      vertex   4.045264e+00 -2.702960e+00 1.319867e+00
    endloop
  endfacet
  facet normal 8.750732e-01 -4.677360e-01 -1.243780e-01
    outer loop
      vertex   4.494857e+00 -1.861831e+00 1.319867e+00
      vertex   4.539748e+00 -1.880426e+00 1.705624e+00
      vertex   4.085665e+00 -2.729955e+00 1.705624e+00
    endloop
  endfacet
  facet normal 7.670080e-01 -6.294669e-01 -1.243790e-01
    outer loop
      vertex   4.045264e+00 -2.702960e+00 1.319867e+00
      vertex   3.474573e+00 -3.474573e+00 1.705624e+00
      vertex   3.440215e+00 -3.440216e+00 1.319867e+00
    endloop
  endfacet
  facet normal 7.670080e-01 -6.294670e-01 -1.243790e-01
    outer loop
      vertex   4.045264e+00 -2.702960e+00 1.319867e+00
      vertex   4.085665e+00 -2.729955e+00 1.705624e+00
      vertex   3.474573e+00 -3.474573e+00 1.705624e+00
    endloop
  endfacet
  facet normal -8.750730e-01 -4.677364e-01 -1.243780e-01
    outer loop
      vertex   -4.045264e+00 -2.702960e+00 1.319867e+00
      vertex   -4.539748e+00 -1.880426e+00 1.705624e+00
      vertex   -4.494857e+00 -1.861831e+00 1.319867e+00
    endloop
  endfacet
  facet normal -8.750731e-01 -4.677360e-01 -1.243790e-01
    outer loop
      vertex   -4.045264e+00 -2.702960e+00 1.319867e+00
      vertex   -4.085665e+00 -2.729955e+00 1.705624e+00
      vertex   -4.539748e+00 -1.880426e+00 1.705624e+00
    endloop
  endfacet
  facet normal -9.495098e-01 2.880299e-01 -1.243779e-01
    outer loop
      vertex   -4.771714e+00 9.491526e-01 1.319866e+00
      vertex   -4.539748e+00 1.880425e+00 1.705623e+00
      vertex   -4.494857e+00 1.861830e+00 1.319866e+00
    endloop
  endfacet
  facet normal -9.495093e-01 2.880307e-01 -1.243801e-01
    outer loop
      vertex   -4.771714e+00 9.491526e-01 1.319866e+00
      vertex   -4.819371e+00 9.586320e-01 1.705623e+00
      vertex   -4.539748e+00 1.880425e+00 1.705623e+00
    endloop
  endfacet
  facet normal 8.492743e-02 -2.799689e-01 -9.562451e-01
    outer loop
      vertex   -7.214326e-01 3.626885e+00 8.067191e-01
      vertex   -1.010477e+00 2.439507e+00 1.128688e+00
      vertex   -1.415141e+00 3.416452e+00 8.067191e-01
    endloop
  endfacet
  facet normal 8.492511e-02 -2.799684e-01 -9.562455e-01
    outer loop
      vertex   -7.214326e-01 3.626885e+00 8.067191e-01
      vertex   -5.151369e-01 2.589767e+00 1.128687e+00
      vertex   -1.010477e+00 2.439507e+00 1.128688e+00
    endloop
  endfacet
  facet normal 5.875677e-02 -1.782365e-02 9.981132e-01
    outer loop
      vertex   -4.353881e+00 1.803438e+00 2.186198e+01
      vertex   -3.944879e+00 7.846869e-01 2.181971e+01
      vertex   -3.715995e+00 1.539217e+00 2.181971e+01
    endloop
  endfacet
  facet normal 5.875676e-02 -1.782365e-02 9.981132e-01
    outer loop
      vertex   -4.353881e+00 1.803438e+00 2.186198e+01
      vertex   -4.622055e+00 9.193856e-01 2.186198e+01
      vertex   -3.944879e+00 7.846869e-01 2.181971e+01
    endloop
  endfacet
  facet normal 5.414938e-02 2.894684e-02 9.981132e-01
    outer loop
      vertex   -4.353881e+00 -1.803435e+00 2.186198e+01
      vertex   -3.344308e+00 -2.234594e+00 2.181971e+01
      vertex   -3.715995e+00 -1.539214e+00 2.181971e+01
    endloop
  endfacet
  facet normal 5.414750e-02 2.894241e-02 9.981134e-01
    outer loop
      vertex   -4.353881e+00 -1.803435e+00 2.186198e+01
      vertex   -3.918389e+00 -2.618183e+00 2.186198e+01
      vertex   -3.344308e+00 -2.234594e+00 2.181971e+01
    endloop
  endfacet
  facet normal -4.746067e-02 3.894993e-02 9.981134e-01
    outer loop
      vertex   3.332317e+00 -3.332315e+00 2.186198e+01
      vertex   3.344308e+00 -2.234594e+00 2.181971e+01
      vertex   2.844100e+00 -2.844099e+00 2.181971e+01
    endloop
  endfacet
  facet normal -4.746068e-02 3.894993e-02 9.981134e-01
    outer loop
      vertex   3.332317e+00 -3.332315e+00 2.186198e+01
      vertex   3.918389e+00 -2.618183e+00 2.186198e+01
      vertex   3.344308e+00 -2.234594e+00 2.181971e+01
    endloop
  endfacet
  facet normal -5.414582e-02 2.894494e-02 9.981134e-01
    outer loop
      vertex   3.918389e+00 -2.618183e+00 2.186198e+01
      vertex   3.715995e+00 -1.539214e+00 2.181971e+01
      vertex   3.344308e+00 -2.234594e+00 2.181971e+01
    endloop
  endfacet
  facet normal -5.415054e-02 2.894404e-02 9.981132e-01
    outer loop
      vertex   3.918389e+00 -2.618183e+00 2.186198e+01
      vertex   4.353881e+00 -1.803435e+00 2.186198e+01
      vertex   3.715995e+00 -1.539214e+00 2.181971e+01
    endloop
  endfacet
  facet normal -5.875676e-02 1.782364e-02 9.981132e-01
    outer loop
      vertex   4.353881e+00 -1.803435e+00 2.186198e+01
      vertex   3.944879e+00 -7.846838e-01 2.181971e+01
      vertex   3.715995e+00 -1.539214e+00 2.181971e+01
    endloop
  endfacet
  facet normal -5.875675e-02 1.782365e-02 9.981132e-01
    outer loop
      vertex   4.353881e+00 -1.803435e+00 2.186198e+01
      vertex   4.622055e+00 -9.193826e-01 2.186198e+01
      vertex   3.944879e+00 -7.846838e-01 2.181971e+01
    endloop
  endfacet
  facet normal -1.782367e-02 -5.875671e-02 9.981132e-01
    outer loop
      vertex   1.803436e+00 4.353883e+00 2.186198e+01
      vertex   7.846852e-01 3.944881e+00 2.181971e+01
      vertex   1.539216e+00 3.715996e+00 2.181971e+01
    endloop
  endfacet
  facet normal -1.782364e-02 -5.875678e-02 9.981132e-01
    outer loop
      vertex   1.803436e+00 4.353883e+00 2.186198e+01
      vertex   9.193839e-01 4.622056e+00 2.186198e+01
      vertex   7.846852e-01 3.944881e+00 2.181971e+01
    endloop
  endfacet
  facet normal 4.746332e-02 -3.895214e-02 9.981132e-01
    outer loop
      vertex   -3.332317e+00 3.332318e+00 2.186198e+01
      vertex   -3.344308e+00 2.234597e+00 2.181971e+01
      vertex   -2.844100e+00 2.844101e+00 2.181971e+01
    endloop
  endfacet
  facet normal 4.746337e-02 -3.895214e-02 9.981132e-01
    outer loop
      vertex   -3.332317e+00 3.332318e+00 2.186198e+01
      vertex   -3.918389e+00 2.618186e+00 2.186198e+01
      vertex   -3.344308e+00 2.234597e+00 2.181971e+01
    endloop
  endfacet
  facet normal 6.110497e-02 6.018347e-03 9.981132e-01
    outer loop
      vertex   -4.712607e+00 1.473015e-06 2.186198e+01
      vertex   -3.944879e+00 -7.846838e-01 2.181971e+01
      vertex   -4.022164e+00 1.469470e-06 2.181971e+01
    endloop
  endfacet
  facet normal 6.110498e-02 6.018351e-03 9.981132e-01
    outer loop
      vertex   -4.712607e+00 1.473015e-06 2.186198e+01
      vertex   -4.622055e+00 -9.193826e-01 2.186198e+01
      vertex   -3.944879e+00 -7.846838e-01 2.181971e+01
    endloop
  endfacet
  facet normal 3.894993e-02 4.746068e-02 9.981134e-01
    outer loop
      vertex   -3.332317e+00 -3.332315e+00 2.186198e+01
      vertex   -2.234595e+00 -3.344306e+00 2.181971e+01
      vertex   -2.844100e+00 -2.844099e+00 2.181971e+01
    endloop
  endfacet
  facet normal 3.894993e-02 4.746067e-02 9.981134e-01
    outer loop
      vertex   -3.332317e+00 -3.332315e+00 2.186198e+01
      vertex   -2.618184e+00 -3.918388e+00 2.186198e+01
      vertex   -2.234595e+00 -3.344306e+00 2.181971e+01
    endloop
  endfacet
  facet normal 2.894241e-02 5.414748e-02 9.981134e-01
    outer loop
      vertex   -2.618184e+00 -3.918388e+00 2.186198e+01
      vertex   -1.539216e+00 -3.715994e+00 2.181971e+01
      vertex   -2.234595e+00 -3.344306e+00 2.181971e+01
    endloop
  endfacet
  facet normal 2.894241e-02 5.414752e-02 9.981134e-01
    outer loop
      vertex   -2.618184e+00 -3.918388e+00 2.186198e+01
      vertex   -1.803436e+00 -4.353879e+00 2.186198e+01
      vertex   -1.539216e+00 -3.715994e+00 2.181971e+01
    endloop
  endfacet
  facet normal -6.017965e-03 6.110156e-02 9.981134e-01
    outer loop
      vertex   4.008567e-10 -4.712605e+00 2.186198e+01
      vertex   7.846852e-01 -3.944878e+00 2.181971e+01
      vertex   7.444895e-09 -4.022163e+00 2.181971e+01
    endloop
  endfacet
  facet normal -6.017978e-03 6.110158e-02 9.981134e-01
    outer loop
      vertex   4.008567e-10 -4.712605e+00 2.186198e+01
      vertex   9.193839e-01 -4.622054e+00 2.186198e+01
      vertex   7.846852e-01 -3.944878e+00 2.181971e+01
    endloop
  endfacet
  facet normal -5.415055e-02 -2.894404e-02 9.981132e-01
    outer loop
      vertex   4.353881e+00 1.803438e+00 2.186198e+01
      vertex   3.344308e+00 2.234597e+00 2.181971e+01
      vertex   3.715995e+00 1.539217e+00 2.181971e+01
    endloop
  endfacet
  facet normal -5.415056e-02 -2.894405e-02 9.981132e-01
    outer loop
      vertex   4.353881e+00 1.803438e+00 2.186198e+01
      vertex   3.918389e+00 2.618186e+00 2.186198e+01
      vertex   3.344308e+00 2.234597e+00 2.181971e+01
    endloop
  endfacet
  facet normal -4.746335e-02 -3.895216e-02 9.981132e-01
    outer loop
      vertex   3.918389e+00 2.618186e+00 2.186198e+01
      vertex   2.844100e+00 2.844101e+00 2.181971e+01
      vertex   3.344308e+00 2.234597e+00 2.181971e+01
    endloop
  endfacet
  facet normal -4.746335e-02 -3.895212e-02 9.981132e-01
    outer loop
      vertex   3.918389e+00 2.618186e+00 2.186198e+01
      vertex   3.332317e+00 3.332318e+00 2.186198e+01
      vertex   2.844100e+00 2.844101e+00 2.181971e+01
    endloop
  endfacet
  facet normal -3.895213e-02 -4.746334e-02 9.981132e-01
    outer loop
      vertex   3.332317e+00 3.332318e+00 2.186198e+01
      vertex   2.234595e+00 3.344309e+00 2.181971e+01
      vertex   2.844100e+00 2.844101e+00 2.181971e+01
    endloop
  endfacet
  facet normal -3.895213e-02 -4.746338e-02 9.981132e-01
    outer loop
      vertex   3.332317e+00 3.332318e+00 2.186198e+01
      vertex   2.618184e+00 3.918391e+00 2.186198e+01
      vertex   2.234595e+00 3.344309e+00 2.181971e+01
    endloop
  endfacet
  facet normal 9.800874e-02 9.950996e-01 -1.307943e-02
    outer loop
      vertex   -1.842005e-09 4.913789e+00 2.068842e+01
      vertex   9.607801e-01 4.830169e+00 2.152599e+01
      vertex   9.586325e-01 4.819372e+00 2.068842e+01
    endloop
  endfacet
  facet normal 9.800912e-02 9.950996e-01 -1.307987e-02
    outer loop
      vertex   -1.842005e-09 4.913789e+00 2.068842e+01
      vertex   -1.819963e-09 4.924798e+00 2.152599e+01
      vertex   9.607801e-01 4.830169e+00 2.152599e+01
    endloop
  endfacet
  facet normal 1.782369e-02 -5.875677e-02 9.981132e-01
    outer loop
      vertex   -9.193841e-01 4.622056e+00 2.186198e+01
      vertex   -1.539216e+00 3.715996e+00 2.181971e+01
      vertex   -7.846853e-01 3.944881e+00 2.181971e+01
    endloop
  endfacet
  facet normal 1.782362e-02 -5.875673e-02 9.981132e-01
    outer loop
      vertex   -9.193841e-01 4.622056e+00 2.186198e+01
      vertex   -1.803436e+00 4.353883e+00 2.186198e+01
      vertex   -1.539216e+00 3.715996e+00 2.181971e+01
    endloop
  endfacet
  facet normal 2.894401e-02 -5.415052e-02 9.981132e-01
    outer loop
      vertex   -1.803436e+00 4.353883e+00 2.186198e+01
      vertex   -2.234595e+00 3.344309e+00 2.181971e+01
      vertex   -1.539216e+00 3.715996e+00 2.181971e+01
    endloop
  endfacet
  facet normal 2.894409e-02 -5.415055e-02 9.981132e-01
    outer loop
      vertex   -1.803436e+00 4.353883e+00 2.186198e+01
      vertex   -2.618184e+00 3.918391e+00 2.186198e+01
      vertex   -2.234595e+00 3.344309e+00 2.181971e+01
    endloop
  endfacet
  facet normal 3.895215e-02 -4.746337e-02 9.981132e-01
    outer loop
      vertex   -2.618184e+00 3.918391e+00 2.186198e+01
      vertex   -2.844100e+00 2.844101e+00 2.181971e+01
      vertex   -2.234595e+00 3.344309e+00 2.181971e+01
    endloop
  endfacet
  facet normal 3.895211e-02 -4.746336e-02 9.981132e-01
    outer loop
      vertex   -2.618184e+00 3.918391e+00 2.186198e+01
      vertex   -3.332317e+00 3.332318e+00 2.186198e+01
      vertex   -2.844100e+00 2.844101e+00 2.181971e+01
    endloop
  endfacet
  facet normal 5.415057e-02 -2.894404e-02 9.981132e-01
    outer loop
      vertex   -3.918389e+00 2.618186e+00 2.186198e+01
      vertex   -3.715995e+00 1.539217e+00 2.181971e+01
      vertex   -3.344308e+00 2.234597e+00 2.181971e+01
    endloop
  endfacet
  facet normal 5.415055e-02 -2.894405e-02 9.981132e-01
    outer loop
      vertex   -3.918389e+00 2.618186e+00 2.186198e+01
      vertex   -4.353881e+00 1.803438e+00 2.186198e+01
      vertex   -3.715995e+00 1.539217e+00 2.181971e+01
    endloop
  endfacet
  facet normal 6.110498e-02 -6.018346e-03 9.981132e-01
    outer loop
      vertex   -4.622055e+00 9.193856e-01 2.186198e+01
      vertex   -4.022164e+00 1.469470e-06 2.181971e+01
      vertex   -3.944879e+00 7.846869e-01 2.181971e+01
    endloop
  endfacet
  facet normal 6.110497e-02 -6.018351e-03 9.981132e-01
    outer loop
      vertex   -4.622055e+00 9.193856e-01 2.186198e+01
      vertex   -4.712607e+00 1.473015e-06 2.186198e+01
      vertex   -4.022164e+00 1.469470e-06 2.181971e+01
    endloop
  endfacet
  facet normal 5.875676e-02 1.782364e-02 9.981132e-01
    outer loop
      vertex   -4.622055e+00 -9.193826e-01 2.186198e+01
      vertex   -3.715995e+00 -1.539214e+00 2.181971e+01
      vertex   -3.944879e+00 -7.846838e-01 2.181971e+01
    endloop
  endfacet
  facet normal 5.875676e-02 1.782365e-02 9.981132e-01
    outer loop
      vertex   -4.622055e+00 -9.193826e-01 2.186198e+01
      vertex   -4.353881e+00 -1.803435e+00 2.186198e+01
      vertex   -3.715995e+00 -1.539214e+00 2.181971e+01
    endloop
  endfacet
  facet normal 4.746068e-02 3.894994e-02 9.981134e-01
    outer loop
      vertex   -3.918389e+00 -2.618183e+00 2.186198e+01
      vertex   -2.844100e+00 -2.844099e+00 2.181971e+01
      vertex   -3.344308e+00 -2.234594e+00 2.181971e+01
    endloop
  endfacet
  facet normal 4.746068e-02 3.894993e-02 9.981134e-01
    outer loop
      vertex   -3.918389e+00 -2.618183e+00 2.186198e+01
      vertex   -3.332317e+00 -3.332315e+00 2.186198e+01
      vertex   -2.844100e+00 -2.844099e+00 2.181971e+01
    endloop
  endfacet
  facet normal 1.782268e-02 5.875345e-02 9.981134e-01
    outer loop
      vertex   -1.803436e+00 -4.353879e+00 2.186198e+01
      vertex   -7.846853e-01 -3.944878e+00 2.181971e+01
      vertex   -1.539216e+00 -3.715994e+00 2.181971e+01
    endloop
  endfacet
  facet normal 1.782268e-02 5.875347e-02 9.981134e-01
    outer loop
      vertex   -1.803436e+00 -4.353879e+00 2.186198e+01
      vertex   -9.193841e-01 -4.622054e+00 2.186198e+01
      vertex   -7.846853e-01 -3.944878e+00 2.181971e+01
    endloop
  endfacet
  facet normal 6.017966e-03 6.110158e-02 9.981134e-01
    outer loop
      vertex   -9.193841e-01 -4.622054e+00 2.186198e+01
      vertex   7.444895e-09 -4.022163e+00 2.181971e+01
      vertex   -7.846853e-01 -3.944878e+00 2.181971e+01
    endloop
  endfacet
  facet normal 6.017975e-03 6.110156e-02 9.981134e-01
    outer loop
      vertex   -9.193841e-01 -4.622054e+00 2.186198e+01
      vertex   4.008567e-10 -4.712605e+00 2.186198e+01
      vertex   7.444895e-09 -4.022163e+00 2.181971e+01
    endloop
  endfacet
  facet normal -1.782269e-02 5.875347e-02 9.981134e-01
    outer loop
      vertex   9.193839e-01 -4.622054e+00 2.186198e+01
      vertex   1.539216e+00 -3.715994e+00 2.181971e+01
      vertex   7.846852e-01 -3.944878e+00 2.181971e+01
    endloop
  endfacet
  facet normal -1.782267e-02 5.875346e-02 9.981134e-01
    outer loop
      vertex   9.193839e-01 -4.622054e+00 2.186198e+01
      vertex   1.803436e+00 -4.353879e+00 2.186198e+01
      vertex   1.539216e+00 -3.715994e+00 2.181971e+01
    endloop
  endfacet
  facet normal -2.894243e-02 5.414751e-02 9.981134e-01
    outer loop
      vertex   1.803436e+00 -4.353879e+00 2.186198e+01
      vertex   2.234595e+00 -3.344306e+00 2.181971e+01
      vertex   1.539216e+00 -3.715994e+00 2.181971e+01
    endloop
  endfacet
  facet normal -2.894240e-02 5.414749e-02 9.981134e-01
    outer loop
      vertex   1.803436e+00 -4.353879e+00 2.186198e+01
      vertex   2.618184e+00 -3.918388e+00 2.186198e+01
      vertex   2.234595e+00 -3.344306e+00 2.181971e+01
    endloop
  endfacet
  facet normal -3.894992e-02 4.746068e-02 9.981134e-01
    outer loop
      vertex   2.618184e+00 -3.918388e+00 2.186198e+01
      vertex   2.844100e+00 -2.844099e+00 2.181971e+01
      vertex   2.234595e+00 -3.344306e+00 2.181971e+01
    endloop
  endfacet
  facet normal -3.894993e-02 4.746068e-02 9.981134e-01
    outer loop
      vertex   2.618184e+00 -3.918388e+00 2.186198e+01
      vertex   3.332317e+00 -3.332315e+00 2.186198e+01
      vertex   2.844100e+00 -2.844099e+00 2.181971e+01
    endloop
  endfacet
  facet normal -6.110498e-02 6.018347e-03 9.981132e-01
    outer loop
      vertex   4.622055e+00 -9.193826e-01 2.186198e+01
      vertex   4.022164e+00 1.469470e-06 2.181971e+01
      vertex   3.944879e+00 -7.846838e-01 2.181971e+01
    endloop
  endfacet
  facet normal -6.110497e-02 6.018351e-03 9.981132e-01
    outer loop
      vertex   4.622055e+00 -9.193826e-01 2.186198e+01
      vertex   4.712607e+00 1.473015e-06 2.186198e+01
      vertex   4.022164e+00 1.469470e-06 2.181971e+01
    endloop
  endfacet
  facet normal -6.110497e-02 -6.018346e-03 9.981132e-01
    outer loop
      vertex   4.712607e+00 1.473015e-06 2.186198e+01
      vertex   3.944879e+00 7.846869e-01 2.181971e+01
      vertex   4.022164e+00 1.469470e-06 2.181971e+01
    endloop
  endfacet
  facet normal -6.110498e-02 -6.018351e-03 9.981132e-01
    outer loop
      vertex   4.712607e+00 1.473015e-06 2.186198e+01
      vertex   4.622055e+00 9.193856e-01 2.186198e+01
      vertex   3.944879e+00 7.846869e-01 2.181971e+01
    endloop
  endfacet
  facet normal -5.875676e-02 -1.782364e-02 9.981132e-01
    outer loop
      vertex   4.622055e+00 9.193856e-01 2.186198e+01
      vertex   3.715995e+00 1.539217e+00 2.181971e+01
      vertex   3.944879e+00 7.846869e-01 2.181971e+01
    endloop
  endfacet
  facet normal -5.875676e-02 -1.782365e-02 9.981132e-01
    outer loop
      vertex   4.622055e+00 9.193856e-01 2.186198e+01
      vertex   4.353881e+00 1.803438e+00 2.186198e+01
      vertex   3.715995e+00 1.539217e+00 2.181971e+01
    endloop
  endfacet
  facet normal -2.894405e-02 -5.415058e-02 9.981132e-01
    outer loop
      vertex   2.618184e+00 3.918391e+00 2.186198e+01
      vertex   1.539216e+00 3.715996e+00 2.181971e+01
      vertex   2.234595e+00 3.344309e+00 2.181971e+01
    endloop
  endfacet
  facet normal -2.894406e-02 -5.415050e-02 9.981132e-01
    outer loop
      vertex   2.618184e+00 3.918391e+00 2.186198e+01
      vertex   1.803436e+00 4.353883e+00 2.186198e+01
      vertex   1.539216e+00 3.715996e+00 2.181971e+01
    endloop
  endfacet
  facet normal 6.018346e-03 -6.110497e-02 9.981132e-01
    outer loop
      vertex   4.008567e-10 4.712609e+00 2.186198e+01
      vertex   -7.846853e-01 3.944881e+00 2.181971e+01
      vertex   7.444895e-09 4.022166e+00 2.181971e+01
    endloop
  endfacet
  facet normal 6.018373e-03 -6.110500e-02 9.981132e-01
    outer loop
      vertex   4.008567e-10 4.712609e+00 2.186198e+01
      vertex   -9.193841e-01 4.622056e+00 2.186198e+01
      vertex   -7.846853e-01 3.944881e+00 2.181971e+01
    endloop
  endfacet
  facet normal -8.819214e-01 4.713965e-01 -5.180530e-08
    outer loop
      vertex   -4.539748e+00 1.880425e+00 1.705623e+00
      vertex   -4.085665e+00 2.729956e+00 2.068842e+01
      vertex   -4.085665e+00 2.729954e+00 1.705623e+00
    endloop
  endfacet
  facet normal -8.819214e-01 4.713965e-01 -5.180530e-08
    outer loop
      vertex   -4.539748e+00 1.880425e+00 1.705623e+00
      vertex   -4.539748e+00 1.880427e+00 2.068842e+01
      vertex   -4.085665e+00 2.729956e+00 2.068842e+01
    endloop
  endfacet
  facet normal 9.801773e-02 9.951847e-01 -9.374428e-08
    outer loop
      vertex   -1.842005e-09 4.913788e+00 1.705621e+00
      vertex   9.586325e-01 4.819372e+00 2.068842e+01
      vertex   9.586325e-01 4.819370e+00 1.705621e+00
    endloop
  endfacet
  facet normal 9.801712e-02 9.951847e-01 -6.249619e-08
    outer loop
      vertex   -1.842005e-09 4.913788e+00 1.705621e+00
      vertex   -1.842005e-09 4.913789e+00 2.068842e+01
      vertex   9.586325e-01 4.819372e+00 2.068842e+01
    endloop
  endfacet
  facet normal 7.730106e-01 6.343932e-01 -6.971824e-08
    outer loop
      vertex   3.474573e+00 3.474572e+00 1.705623e+00
      vertex   4.085665e+00 2.729956e+00 2.068842e+01
      vertex   4.085665e+00 2.729954e+00 1.705623e+00
    endloop
  endfacet
  facet normal 7.730106e-01 6.343932e-01 -6.971824e-08
    outer loop
      vertex   3.474573e+00 3.474572e+00 1.705623e+00
      vertex   3.474573e+00 3.474574e+00 2.068842e+01
      vertex   4.085665e+00 2.729956e+00 2.068842e+01
    endloop
  endfacet
  facet normal 2.799689e-01 8.492765e-02 -9.562451e-01
    outer loop
      vertex   -3.626886e+00 -7.214331e-01 8.067191e-01
      vertex   -2.439508e+00 -1.010478e+00 1.128688e+00
      vertex   -3.416452e+00 -1.415142e+00 8.067191e-01
    endloop
  endfacet
  facet normal 2.799689e-01 8.492733e-02 -9.562451e-01
    outer loop
      vertex   -3.626886e+00 -7.214331e-01 8.067191e-01
      vertex   -2.589768e+00 -5.151374e-01 1.128688e+00
      vertex   -2.439508e+00 -1.010478e+00 1.128688e+00
    endloop
  endfacet
  facet normal -4.713968e-01 -8.819212e-01 1.107668e-07
    outer loop
      vertex   -1.880425e+00 -4.539748e+00 1.705624e+00
      vertex   -2.729954e+00 -4.085663e+00 2.068843e+01
      vertex   -2.729954e+00 -4.085666e+00 1.705624e+00
    endloop
  endfacet
  facet normal -4.713968e-01 -8.819212e-01 1.107668e-07
    outer loop
      vertex   -1.880425e+00 -4.539748e+00 1.705624e+00
      vertex   -1.880425e+00 -4.539746e+00 2.068843e+01
      vertex   -2.729954e+00 -4.085663e+00 2.068843e+01
    endloop
  endfacet
  facet normal 2.902843e-01 9.569405e-01 -9.014175e-08
    outer loop
      vertex   9.586325e-01 4.819370e+00 1.705621e+00
      vertex   1.880425e+00 4.539749e+00 2.068842e+01
      vertex   1.880425e+00 4.539748e+00 1.705621e+00
    endloop
  endfacet
  facet normal 2.902843e-01 9.569405e-01 -9.014175e-08
    outer loop
      vertex   9.586325e-01 4.819370e+00 1.705621e+00
      vertex   9.586325e-01 4.819372e+00 2.068842e+01
      vertex   1.880425e+00 4.539749e+00 2.068842e+01
    endloop
  endfacet
  facet normal 8.819214e-01 4.713965e-01 -5.180530e-08
    outer loop
      vertex   4.085665e+00 2.729954e+00 1.705623e+00
      vertex   4.539748e+00 1.880427e+00 2.068842e+01
      vertex   4.539748e+00 1.880425e+00 1.705623e+00
    endloop
  endfacet
  facet normal 8.819214e-01 4.713965e-01 -5.180530e-08
    outer loop
      vertex   4.085665e+00 2.729954e+00 1.705623e+00
      vertex   4.085665e+00 2.729956e+00 2.068842e+01
      vertex   4.539748e+00 1.880427e+00 2.068842e+01
    endloop
  endfacet
  facet normal -6.343934e-01 7.730104e-01 -7.281594e-08
    outer loop
      vertex   -3.474573e+00 3.474572e+00 1.705623e+00
      vertex   -2.729954e+00 4.085667e+00 2.068842e+01
      vertex   -2.729954e+00 4.085665e+00 1.705623e+00
    endloop
  endfacet
  facet normal -6.343932e-01 7.730105e-01 -8.495194e-08
    outer loop
      vertex   -3.474573e+00 3.474572e+00 1.705623e+00
      vertex   -3.474573e+00 3.474574e+00 2.068842e+01
      vertex   -2.729954e+00 4.085667e+00 2.068842e+01
    endloop
  endfacet
  facet normal -6.343932e-01 -7.730105e-01 7.281594e-08
    outer loop
      vertex   -2.729954e+00 -4.085666e+00 1.705624e+00
      vertex   -3.474573e+00 -3.474571e+00 2.068843e+01
      vertex   -3.474573e+00 -3.474573e+00 1.705624e+00
    endloop
  endfacet
  facet normal -6.343928e-01 -7.730108e-01 9.708795e-08
    outer loop
      vertex   -2.729954e+00 -4.085666e+00 1.705624e+00
      vertex   -2.729954e+00 -4.085663e+00 2.068843e+01
      vertex   -3.474573e+00 -3.474571e+00 2.068843e+01
    endloop
  endfacet
  facet normal 2.911578e-01 2.867658e-02 -9.562451e-01
    outer loop
      vertex   -3.697941e+00 -6.445561e-07 8.067191e-01
      vertex   -2.589768e+00 -5.151374e-01 1.128688e+00
      vertex   -3.626886e+00 -7.214331e-01 8.067191e-01
    endloop
  endfacet
  facet normal 2.911578e-01 2.867661e-02 -9.562451e-01
    outer loop
      vertex   -3.697941e+00 -6.445561e-07 8.067191e-01
      vertex   -2.640504e+00 -6.106615e-07 1.128688e+00
      vertex   -2.589768e+00 -5.151374e-01 1.128688e+00
    endloop
  endfacet
  facet normal 4.713968e-01 8.819212e-01 -8.307511e-08
    outer loop
      vertex   1.880425e+00 4.539748e+00 1.705621e+00
      vertex   2.729954e+00 4.085667e+00 2.068842e+01
      vertex   2.729954e+00 4.085665e+00 1.705623e+00
    endloop
  endfacet
  facet normal 4.713968e-01 8.819212e-01 -8.307510e-08
    outer loop
      vertex   1.880425e+00 4.539748e+00 1.705621e+00
      vertex   1.880425e+00 4.539749e+00 2.068842e+01
      vertex   2.729954e+00 4.085667e+00 2.068842e+01
    endloop
  endfacet
  facet normal -8.789000e-01 2.666107e-01 -3.955419e-01
    outer loop
      vertex   -4.494857e+00 1.861830e+00 1.319866e+00
      vertex   -4.619284e+00 9.188321e-01 9.607267e-01
      vertex   -4.771714e+00 9.491526e-01 1.319866e+00
    endloop
  endfacet
  facet normal -8.788998e-01 2.666109e-01 -3.955424e-01
    outer loop
      vertex   -4.494857e+00 1.861830e+00 1.319866e+00
      vertex   -4.351271e+00 1.802355e+00 9.607267e-01
      vertex   -4.619284e+00 9.188321e-01 9.607267e-01
    endloop
  endfacet
  facet normal 9.569403e-01 2.902849e-01 -2.734422e-08
    outer loop
      vertex   4.539748e+00 1.880425e+00 1.705623e+00
      vertex   4.819371e+00 9.586338e-01 2.068842e+01
      vertex   4.819371e+00 9.586320e-01 1.705623e+00
    endloop
  endfacet
  facet normal 9.569403e-01 2.902848e-01 -3.190158e-08
    outer loop
      vertex   4.539748e+00 1.880425e+00 1.705623e+00
      vertex   4.539748e+00 1.880427e+00 2.068842e+01
      vertex   4.819371e+00 9.586338e-01 2.068842e+01
    endloop
  endfacet
  facet normal -2.902843e-01 9.569405e-01 -9.014175e-08
    outer loop
      vertex   -1.880425e+00 4.539748e+00 1.705621e+00
      vertex   -9.586326e-01 4.819372e+00 2.068842e+01
      vertex   -9.586326e-01 4.819370e+00 1.705621e+00
    endloop
  endfacet
  facet normal -2.902843e-01 9.569405e-01 -9.014175e-08
    outer loop
      vertex   -1.880425e+00 4.539748e+00 1.705621e+00
      vertex   -1.880425e+00 4.539749e+00 2.068842e+01
      vertex   -9.586326e-01 4.819372e+00 2.068842e+01
    endloop
  endfacet
  facet normal 9.951847e-01 -9.801742e-02 9.617742e-09
    outer loop
      vertex   4.913788e+00 -5.563171e-07 1.705623e+00
      vertex   4.819371e+00 -9.586312e-01 2.068842e+01
      vertex   4.819371e+00 -9.586331e-01 1.705624e+00
    endloop
  endfacet
  facet normal 9.951847e-01 -9.801742e-02 9.869128e-09
    outer loop
      vertex   4.913788e+00 -5.563171e-07 1.705623e+00
      vertex   4.913788e+00 1.355014e-06 2.068842e+01
      vertex   4.819371e+00 -9.586312e-01 2.068842e+01
    endloop
  endfacet
  facet normal 7.730106e-01 -6.343932e-01 5.975848e-08
    outer loop
      vertex   4.085665e+00 -2.729955e+00 1.705624e+00
      vertex   3.474573e+00 -3.474571e+00 2.068843e+01
      vertex   3.474573e+00 -3.474573e+00 1.705624e+00
    endloop
  endfacet
  facet normal 7.730106e-01 -6.343932e-01 5.975848e-08
    outer loop
      vertex   4.085665e+00 -2.729955e+00 1.705624e+00
      vertex   4.085665e+00 -2.729953e+00 2.068843e+01
      vertex   3.474573e+00 -3.474571e+00 2.068843e+01
    endloop
  endfacet
  facet normal -9.951847e-01 -9.801742e-02 9.869129e-09
    outer loop
      vertex   -4.819371e+00 -9.586331e-01 1.705624e+00
      vertex   -4.913788e+00 1.355014e-06 2.068842e+01
      vertex   -4.913788e+00 -5.563171e-07 1.705623e+00
    endloop
  endfacet
  facet normal -9.951847e-01 -9.801742e-02 9.617742e-09
    outer loop
      vertex   -4.819371e+00 -9.586331e-01 1.705624e+00
      vertex   -4.819371e+00 -9.586312e-01 2.068842e+01
      vertex   -4.913788e+00 1.355014e-06 2.068842e+01
    endloop
  endfacet
  facet normal -2.799688e-01 8.492761e-02 -9.562451e-01
    outer loop
      vertex   3.416452e+00 -1.415142e+00 8.067191e-01
      vertex   2.589768e+00 -5.151374e-01 1.128688e+00
      vertex   3.626886e+00 -7.214331e-01 8.067191e-01
    endloop
  endfacet
  facet normal -2.799690e-01 8.492739e-02 -9.562451e-01
    outer loop
      vertex   3.416452e+00 -1.415142e+00 8.067191e-01
      vertex   2.439508e+00 -1.010478e+00 1.128688e+00
      vertex   2.589768e+00 -5.151374e-01 1.128688e+00
    endloop
  endfacet
  facet normal 4.713968e-01 -8.819212e-01 1.107668e-07
    outer loop
      vertex   2.729954e+00 -4.085666e+00 1.705624e+00
      vertex   1.880425e+00 -4.539746e+00 2.068843e+01
      vertex   1.880425e+00 -4.539748e+00 1.705624e+00
    endloop
  endfacet
  facet normal 4.713968e-01 -8.819212e-01 1.107668e-07
    outer loop
      vertex   2.729954e+00 -4.085666e+00 1.705624e+00
      vertex   2.729954e+00 -4.085663e+00 2.068843e+01
      vertex   1.880425e+00 -4.539746e+00 2.068843e+01
    endloop
  endfacet
  facet normal -2.261589e-01 1.855996e-01 -9.562452e-01
    outer loop
      vertex   2.614840e+00 -2.614840e+00 8.067214e-01
      vertex   2.195499e+00 -1.466986e+00 1.128688e+00
      vertex   3.074726e+00 -2.054467e+00 8.067191e-01
    endloop
  endfacet
  facet normal -2.261554e-01 1.856010e-01 -9.562458e-01
    outer loop
      vertex   2.614840e+00 -2.614840e+00 8.067214e-01
      vertex   1.867118e+00 -1.867119e+00 1.128688e+00
      vertex   2.195499e+00 -1.466986e+00 1.128688e+00
    endloop
  endfacet
  facet normal -9.801772e-02 -9.951847e-01 6.249618e-08
    outer loop
      vertex   -1.842005e-09 -4.913788e+00 1.705624e+00
      vertex   -9.586326e-01 -4.819370e+00 2.068843e+01
      vertex   -9.586326e-01 -4.819371e+00 1.705624e+00
    endloop
  endfacet
  facet normal -9.801710e-02 -9.951847e-01 9.374427e-08
    outer loop
      vertex   -1.842005e-09 -4.913788e+00 1.705624e+00
      vertex   -1.842005e-09 -4.913787e+00 2.068843e+01
      vertex   -9.586326e-01 -4.819370e+00 2.068843e+01
    endloop
  endfacet
  facet normal -9.569403e-01 -2.902849e-01 2.848356e-08
    outer loop
      vertex   -4.539748e+00 -1.880426e+00 1.705624e+00
      vertex   -4.819371e+00 -9.586312e-01 2.068842e+01
      vertex   -4.819371e+00 -9.586331e-01 1.705624e+00
    endloop
  endfacet
  facet normal -9.569403e-01 -2.902848e-01 2.734421e-08
    outer loop
      vertex   -4.539748e+00 -1.880426e+00 1.705624e+00
      vertex   -4.539748e+00 -1.880424e+00 2.068843e+01
      vertex   -4.819371e+00 -9.586312e-01 2.068842e+01
    endloop
  endfacet
  facet normal -7.730106e-01 6.343932e-01 -6.971824e-08
    outer loop
      vertex   -4.085665e+00 2.729954e+00 1.705623e+00
      vertex   -3.474573e+00 3.474574e+00 2.068842e+01
      vertex   -3.474573e+00 3.474572e+00 1.705623e+00
    endloop
  endfacet
  facet normal -7.730106e-01 6.343932e-01 -6.971824e-08
    outer loop
      vertex   -4.085665e+00 2.729954e+00 1.705623e+00
      vertex   -4.085665e+00 2.729956e+00 2.068842e+01
      vertex   -3.474573e+00 3.474574e+00 2.068842e+01
    endloop
  endfacet
  facet normal -7.730106e-01 -6.343932e-01 5.975848e-08
    outer loop
      vertex   -3.474573e+00 -3.474573e+00 1.705624e+00
      vertex   -4.085665e+00 -2.729953e+00 2.068843e+01
      vertex   -4.085665e+00 -2.729955e+00 1.705624e+00
    endloop
  endfacet
  facet normal -7.730106e-01 -6.343932e-01 5.975848e-08
    outer loop
      vertex   -3.474573e+00 -3.474573e+00 1.705624e+00
      vertex   -3.474573e+00 -3.474571e+00 2.068843e+01
      vertex   -4.085665e+00 -2.729953e+00 2.068843e+01
    endloop
  endfacet
  facet normal 9.569403e-01 -2.902849e-01 2.734421e-08
    outer loop
      vertex   4.819371e+00 -9.586331e-01 1.705624e+00
      vertex   4.539748e+00 -1.880424e+00 2.068843e+01
      vertex   4.539748e+00 -1.880426e+00 1.705624e+00
    endloop
  endfacet
  facet normal 9.569403e-01 -2.902848e-01 2.848356e-08
    outer loop
      vertex   4.819371e+00 -9.586331e-01 1.705624e+00
      vertex   4.819371e+00 -9.586312e-01 2.068842e+01
      vertex   4.539748e+00 -1.880424e+00 2.068843e+01
    endloop
  endfacet
  facet normal -8.819214e-01 -4.713965e-01 4.440454e-08
    outer loop
      vertex   -4.085665e+00 -2.729955e+00 1.705624e+00
      vertex   -4.539748e+00 -1.880424e+00 2.068843e+01
      vertex   -4.539748e+00 -1.880426e+00 1.705624e+00
    endloop
  endfacet
  facet normal -8.819214e-01 -4.713965e-01 4.440454e-08
    outer loop
      vertex   -4.085665e+00 -2.729955e+00 1.705624e+00
      vertex   -4.085665e+00 -2.729953e+00 2.068843e+01
      vertex   -4.539748e+00 -1.880424e+00 2.068843e+01
    endloop
  endfacet
  facet normal 9.801773e-02 -9.951847e-01 9.374426e-08
    outer loop
      vertex   9.586325e-01 -4.819371e+00 1.705624e+00
      vertex   -1.842005e-09 -4.913787e+00 2.068843e+01
      vertex   -1.842005e-09 -4.913788e+00 1.705624e+00
    endloop
  endfacet
  facet normal 9.801712e-02 -9.951847e-01 6.249618e-08
    outer loop
      vertex   9.586325e-01 -4.819371e+00 1.705624e+00
      vertex   9.586325e-01 -4.819370e+00 2.068843e+01
      vertex   -1.842005e-09 -4.913787e+00 2.068843e+01
    endloop
  endfacet
  facet normal 8.819214e-01 -4.713965e-01 4.440454e-08
    outer loop
      vertex   4.539748e+00 -1.880426e+00 1.705624e+00
      vertex   4.085665e+00 -2.729953e+00 2.068843e+01
      vertex   4.085665e+00 -2.729955e+00 1.705624e+00
    endloop
  endfacet
  facet normal 8.819214e-01 -4.713965e-01 4.440454e-08
    outer loop
      vertex   4.539748e+00 -1.880426e+00 1.705624e+00
      vertex   4.539748e+00 -1.880424e+00 2.068843e+01
      vertex   4.085665e+00 -2.729953e+00 2.068843e+01
    endloop
  endfacet
  facet normal -9.951847e-01 9.801741e-02 -9.233031e-09
    outer loop
      vertex   -4.913788e+00 -5.563171e-07 1.705623e+00
      vertex   -4.819371e+00 9.586338e-01 2.068842e+01
      vertex   -4.819371e+00 9.586320e-01 1.705623e+00
    endloop
  endfacet
  facet normal -9.951847e-01 9.801743e-02 -9.869129e-09
    outer loop
      vertex   -4.913788e+00 -5.563171e-07 1.705623e+00
      vertex   -4.913788e+00 1.355014e-06 2.068842e+01
      vertex   -4.819371e+00 9.586338e-01 2.068842e+01
    endloop
  endfacet
  facet normal 6.343932e-01 -7.730105e-01 9.708791e-08
    outer loop
      vertex   3.474573e+00 -3.474573e+00 1.705624e+00
      vertex   2.729954e+00 -4.085663e+00 2.068843e+01
      vertex   2.729954e+00 -4.085666e+00 1.705624e+00
    endloop
  endfacet
  facet normal 6.343928e-01 -7.730108e-01 7.281596e-08
    outer loop
      vertex   3.474573e+00 -3.474573e+00 1.705624e+00
      vertex   3.474573e+00 -3.474571e+00 2.068843e+01
      vertex   2.729954e+00 -4.085663e+00 2.068843e+01
    endloop
  endfacet
  facet normal -9.569403e-01 2.902849e-01 -3.190159e-08
    outer loop
      vertex   -4.819371e+00 9.586320e-01 1.705623e+00
      vertex   -4.539748e+00 1.880427e+00 2.068842e+01
      vertex   -4.539748e+00 1.880425e+00 1.705623e+00
    endloop
  endfacet
  facet normal -9.569403e-01 2.902848e-01 -2.734421e-08
    outer loop
      vertex   -4.819371e+00 9.586320e-01 1.705623e+00
      vertex   -4.819371e+00 9.586338e-01 2.068842e+01
      vertex   -4.539748e+00 1.880427e+00 2.068842e+01
    endloop
  endfacet
  facet normal -8.099976e-01 -4.329529e-01 -3.955448e-01
    outer loop
      vertex   -4.494857e+00 -1.861831e+00 1.319867e+00
      vertex   -3.916039e+00 -2.616615e+00 9.607291e-01
      vertex   -4.045264e+00 -2.702960e+00 1.319867e+00
    endloop
  endfacet
  facet normal -8.099982e-01 -4.329550e-01 -3.955412e-01
    outer loop
      vertex   -4.494857e+00 -1.861831e+00 1.319867e+00
      vertex   -4.351271e+00 -1.802356e+00 9.607267e-01
      vertex   -3.916039e+00 -2.616615e+00 9.607291e-01
    endloop
  endfacet
  facet normal 2.580207e-01 1.379149e-01 -9.562451e-01
    outer loop
      vertex   -3.416452e+00 -1.415142e+00 8.067191e-01
      vertex   -2.195499e+00 -1.466986e+00 1.128688e+00
      vertex   -3.074726e+00 -2.054467e+00 8.067191e-01
    endloop
  endfacet
  facet normal 2.580207e-01 1.379152e-01 -9.562451e-01
    outer loop
      vertex   -3.416452e+00 -1.415142e+00 8.067191e-01
      vertex   -2.439508e+00 -1.010478e+00 1.128688e+00
      vertex   -2.195499e+00 -1.466986e+00 1.128688e+00
    endloop
  endfacet
  facet normal 6.343934e-01 7.730104e-01 -8.495192e-08
    outer loop
      vertex   2.729954e+00 4.085665e+00 1.705623e+00
      vertex   3.474573e+00 3.474574e+00 2.068842e+01
      vertex   3.474573e+00 3.474572e+00 1.705623e+00
    endloop
  endfacet
  facet normal 6.343932e-01 7.730105e-01 -7.281595e-08
    outer loop
      vertex   2.729954e+00 4.085665e+00 1.705623e+00
      vertex   2.729954e+00 4.085667e+00 2.068842e+01
      vertex   3.474573e+00 3.474574e+00 2.068842e+01
    endloop
  endfacet
  facet normal 2.867628e-02 2.911560e-01 -9.562457e-01
    outer loop
      vertex   -7.214326e-01 -3.626887e+00 8.067214e-01
      vertex   7.184535e-09 -2.640505e+00 1.128688e+00
      vertex   4.846361e-09 -3.697941e+00 8.067214e-01
    endloop
  endfacet
  facet normal 2.867657e-02 2.911558e-01 -9.562458e-01
    outer loop
      vertex   -7.214326e-01 -3.626887e+00 8.067214e-01
      vertex   -5.151369e-01 -2.589768e+00 1.128688e+00
      vertex   7.184535e-09 -2.640505e+00 1.128688e+00
    endloop
  endfacet
  facet normal 1.379140e-01 2.580190e-01 -9.562457e-01
    outer loop
      vertex   -2.054466e+00 -3.074726e+00 8.067214e-01
      vertex   -1.010477e+00 -2.439509e+00 1.128688e+00
      vertex   -1.415141e+00 -3.416453e+00 8.067214e-01
    endloop
  endfacet
  facet normal 1.379141e-01 2.580189e-01 -9.562458e-01
    outer loop
      vertex   -2.054466e+00 -3.074726e+00 8.067214e-01
      vertex   -1.466986e+00 -2.195500e+00 1.128688e+00
      vertex   -1.010477e+00 -2.439509e+00 1.128688e+00
    endloop
  endfacet
  facet normal -8.492714e-02 -2.799680e-01 -9.562454e-01
    outer loop
      vertex   1.415141e+00 3.416452e+00 8.067191e-01
      vertex   5.151367e-01 2.589767e+00 1.128687e+00
      vertex   7.214324e-01 3.626885e+00 8.067191e-01
    endloop
  endfacet
  facet normal -8.492546e-02 -2.799697e-01 -9.562451e-01
    outer loop
      vertex   1.415141e+00 3.416452e+00 8.067191e-01
      vertex   1.010477e+00 2.439507e+00 1.128688e+00
      vertex   5.151367e-01 2.589767e+00 1.128687e+00
    endloop
  endfacet
  facet normal -2.911578e-01 2.867659e-02 -9.562451e-01
    outer loop
      vertex   3.626886e+00 -7.214331e-01 8.067191e-01
      vertex   2.640504e+00 -6.106615e-07 1.128688e+00
      vertex   3.697941e+00 -6.445561e-07 8.067191e-01
    endloop
  endfacet
  facet normal -2.911578e-01 2.867661e-02 -9.562451e-01
    outer loop
      vertex   3.626886e+00 -7.214331e-01 8.067191e-01
      vertex   2.589768e+00 -5.151374e-01 1.128688e+00
      vertex   2.640504e+00 -6.106615e-07 1.128688e+00
    endloop
  endfacet
  facet normal -9.801772e-02 9.951847e-01 -6.249618e-08
    outer loop
      vertex   -9.586326e-01 4.819370e+00 1.705621e+00
      vertex   -1.842005e-09 4.913789e+00 2.068842e+01
      vertex   -1.842005e-09 4.913788e+00 1.705621e+00
    endloop
  endfacet
  facet normal -9.801710e-02 9.951847e-01 -9.374428e-08
    outer loop
      vertex   -9.586326e-01 4.819370e+00 1.705621e+00
      vertex   -9.586326e-01 4.819372e+00 2.068842e+01
      vertex   -1.842005e-09 4.913789e+00 2.068842e+01
    endloop
  endfacet
  facet normal -1.379150e-01 -2.580207e-01 -9.562451e-01
    outer loop
      vertex   2.054466e+00 3.074725e+00 8.067191e-01
      vertex   1.010477e+00 2.439507e+00 1.128688e+00
      vertex   1.415141e+00 3.416452e+00 8.067191e-01
    endloop
  endfacet
  facet normal -1.379149e-01 -2.580207e-01 -9.562451e-01
    outer loop
      vertex   2.054466e+00 3.074725e+00 8.067191e-01
      vertex   1.466986e+00 2.195498e+00 1.128688e+00
      vertex   1.010477e+00 2.439507e+00 1.128688e+00
    endloop
  endfacet
  facet normal 2.902843e-01 -9.569405e-01 6.009449e-08
    outer loop
      vertex   1.880425e+00 -4.539748e+00 1.705624e+00
      vertex   9.586325e-01 -4.819370e+00 2.068843e+01
      vertex   9.586325e-01 -4.819371e+00 1.705624e+00
    endloop
  endfacet
  facet normal 2.902854e-01 -9.569401e-01 1.201889e-07
    outer loop
      vertex   1.880425e+00 -4.539748e+00 1.705624e+00
      vertex   1.880425e+00 -4.539746e+00 2.068843e+01
      vertex   9.586325e-01 -4.819370e+00 2.068843e+01
    endloop
  endfacet
  facet normal -2.799689e-01 -8.492769e-02 -9.562451e-01
    outer loop
      vertex   3.626886e+00 7.214318e-01 8.067191e-01
      vertex   2.439508e+00 1.010476e+00 1.128688e+00
      vertex   3.416452e+00 1.415140e+00 8.067191e-01
    endloop
  endfacet
  facet normal -2.799689e-01 -8.492742e-02 -9.562451e-01
    outer loop
      vertex   3.626886e+00 7.214318e-01 8.067191e-01
      vertex   2.589768e+00 5.151363e-01 1.128688e+00
      vertex   2.439508e+00 1.010476e+00 1.128688e+00
    endloop
  endfacet
  facet normal 1.856022e-01 -2.261570e-01 -9.562452e-01
    outer loop
      vertex   -2.054466e+00 3.074725e+00 8.067191e-01
      vertex   -1.867118e+00 1.867118e+00 1.128688e+00
      vertex   -2.614840e+00 2.614839e+00 8.067191e-01
    endloop
  endfacet
  facet normal 1.856024e-01 -2.261570e-01 -9.562451e-01
    outer loop
      vertex   -2.054466e+00 3.074725e+00 8.067191e-01
      vertex   -1.466986e+00 2.195498e+00 1.128688e+00
      vertex   -1.867118e+00 1.867118e+00 1.128688e+00
    endloop
  endfacet
  facet normal 1.856010e-01 2.261555e-01 -9.562458e-01
    outer loop
      vertex   -2.614840e+00 -2.614840e+00 8.067214e-01
      vertex   -1.466986e+00 -2.195500e+00 1.128688e+00
      vertex   -2.054466e+00 -3.074726e+00 8.067214e-01
    endloop
  endfacet
  facet normal 1.856010e-01 2.261555e-01 -9.562458e-01
    outer loop
      vertex   -2.614840e+00 -2.614840e+00 8.067214e-01
      vertex   -1.867118e+00 -1.867119e+00 1.128688e+00
      vertex   -1.466986e+00 -2.195500e+00 1.128688e+00
    endloop
  endfacet
  facet normal -1.856023e-01 -2.261571e-01 -9.562451e-01
    outer loop
      vertex   2.614840e+00 2.614839e+00 8.067191e-01
      vertex   1.466986e+00 2.195498e+00 1.128688e+00
      vertex   2.054466e+00 3.074725e+00 8.067191e-01
    endloop
  endfacet
  facet normal -1.856024e-01 -2.261569e-01 -9.562452e-01
    outer loop
      vertex   2.614840e+00 2.614839e+00 8.067191e-01
      vertex   1.867118e+00 1.867118e+00 1.128688e+00
      vertex   1.466986e+00 2.195498e+00 1.128688e+00
    endloop
  endfacet
  facet normal -2.902843e-01 -9.569405e-01 1.201890e-07
    outer loop
      vertex   -9.586326e-01 -4.819371e+00 1.705624e+00
      vertex   -1.880425e+00 -4.539746e+00 2.068843e+01
      vertex   -1.880425e+00 -4.539748e+00 1.705624e+00
    endloop
  endfacet
  facet normal -2.902854e-01 -9.569401e-01 6.009447e-08
    outer loop
      vertex   -9.586326e-01 -4.819371e+00 1.705624e+00
      vertex   -9.586326e-01 -4.819370e+00 2.068843e+01
      vertex   -1.880425e+00 -4.539746e+00 2.068843e+01
    endloop
  endfacet
  facet normal -8.492685e-02 2.799670e-01 -9.562457e-01
    outer loop
      vertex   7.214324e-01 -3.626887e+00 8.067214e-01
      vertex   1.010477e+00 -2.439509e+00 1.128688e+00
      vertex   1.415141e+00 -3.416453e+00 8.067214e-01
    endloop
  endfacet
  facet normal -8.492669e-02 2.799670e-01 -9.562458e-01
    outer loop
      vertex   7.214324e-01 -3.626887e+00 8.067214e-01
      vertex   5.151367e-01 -2.589768e+00 1.128688e+00
      vertex   1.010477e+00 -2.439509e+00 1.128688e+00
    endloop
  endfacet
  facet normal -1.379140e-01 2.580190e-01 -9.562458e-01
    outer loop
      vertex   1.415141e+00 -3.416453e+00 8.067214e-01
      vertex   1.466986e+00 -2.195500e+00 1.128688e+00
      vertex   2.054466e+00 -3.074726e+00 8.067214e-01
    endloop
  endfacet
  facet normal -1.379142e-01 2.580190e-01 -9.562457e-01
    outer loop
      vertex   1.415141e+00 -3.416453e+00 8.067214e-01
      vertex   1.010477e+00 -2.439509e+00 1.128688e+00
      vertex   1.466986e+00 -2.195500e+00 1.128688e+00
    endloop
  endfacet
  facet normal -2.261571e-01 -1.856021e-01 -9.562452e-01
    outer loop
      vertex   3.074726e+00 2.054465e+00 8.067191e-01
      vertex   1.867118e+00 1.867118e+00 1.128688e+00
      vertex   2.614840e+00 2.614839e+00 8.067191e-01
    endloop
  endfacet
  facet normal -2.261570e-01 -1.856023e-01 -9.562451e-01
    outer loop
      vertex   3.074726e+00 2.054465e+00 8.067191e-01
      vertex   2.195499e+00 1.466985e+00 1.128688e+00
      vertex   1.867118e+00 1.867118e+00 1.128688e+00
    endloop
  endfacet
  facet normal 9.951847e-01 9.801741e-02 -9.869128e-09
    outer loop
      vertex   4.819371e+00 9.586320e-01 1.705623e+00
      vertex   4.913788e+00 1.355014e-06 2.068842e+01
      vertex   4.913788e+00 -5.563171e-07 1.705623e+00
    endloop
  endfacet
  facet normal 9.951847e-01 9.801743e-02 -9.233032e-09
    outer loop
      vertex   4.819371e+00 9.586320e-01 1.705623e+00
      vertex   4.819371e+00 9.586338e-01 2.068842e+01
      vertex   4.913788e+00 1.355014e-06 2.068842e+01
    endloop
  endfacet
  facet normal 8.492685e-02 2.799670e-01 -9.562457e-01
    outer loop
      vertex   -1.415141e+00 -3.416453e+00 8.067214e-01
      vertex   -5.151369e-01 -2.589768e+00 1.128688e+00
      vertex   -7.214326e-01 -3.626887e+00 8.067214e-01
    endloop
  endfacet
  facet normal 8.492675e-02 2.799671e-01 -9.562457e-01
    outer loop
      vertex   -1.415141e+00 -3.416453e+00 8.067214e-01
      vertex   -1.010477e+00 -2.439509e+00 1.128688e+00
      vertex   -5.151369e-01 -2.589768e+00 1.128688e+00
    endloop
  endfacet
  facet normal -2.867627e-02 2.911559e-01 -9.562457e-01
    outer loop
      vertex   4.846361e-09 -3.697941e+00 8.067214e-01
      vertex   5.151367e-01 -2.589768e+00 1.128688e+00
      vertex   7.214324e-01 -3.626887e+00 8.067214e-01
    endloop
  endfacet
  facet normal -2.867661e-02 2.911560e-01 -9.562457e-01
    outer loop
      vertex   4.846361e-09 -3.697941e+00 8.067214e-01
      vertex   7.184535e-09 -2.640505e+00 1.128688e+00
      vertex   5.151367e-01 -2.589768e+00 1.128688e+00
    endloop
  endfacet
  facet normal 2.261571e-01 -1.856022e-01 -9.562451e-01
    outer loop
      vertex   -2.614840e+00 2.614839e+00 8.067191e-01
      vertex   -2.195499e+00 1.466985e+00 1.128688e+00
      vertex   -3.074726e+00 2.054465e+00 8.067191e-01
    endloop
  endfacet
  facet normal 2.261570e-01 -1.856023e-01 -9.562452e-01
    outer loop
      vertex   -2.614840e+00 2.614839e+00 8.067191e-01
      vertex   -1.867118e+00 1.867118e+00 1.128688e+00
      vertex   -2.195499e+00 1.466985e+00 1.128688e+00
    endloop
  endfacet
  facet normal 7.099690e-01 -5.826563e-01 -3.955447e-01
    outer loop
      vertex   3.440215e+00 -3.440216e+00 1.319867e+00
      vertex   3.916039e+00 -2.616615e+00 9.607291e-01
      vertex   4.045264e+00 -2.702960e+00 1.319867e+00
    endloop
  endfacet
  facet normal 7.099694e-01 -5.826563e-01 -3.955441e-01
    outer loop
      vertex   3.440215e+00 -3.440216e+00 1.319867e+00
      vertex   3.330318e+00 -3.330319e+00 9.607291e-01
      vertex   3.916039e+00 -2.616615e+00 9.607291e-01
    endloop
  endfacet
  facet normal -4.713968e-01 8.819212e-01 -8.307510e-08
    outer loop
      vertex   -2.729954e+00 4.085665e+00 1.705623e+00
      vertex   -1.880425e+00 4.539749e+00 2.068842e+01
      vertex   -1.880425e+00 4.539748e+00 1.705621e+00
    endloop
  endfacet
  facet normal -4.713968e-01 8.819212e-01 -8.307511e-08
    outer loop
      vertex   -2.729954e+00 4.085665e+00 1.705623e+00
      vertex   -2.729954e+00 4.085667e+00 2.068842e+01
      vertex   -1.880425e+00 4.539749e+00 2.068842e+01
    endloop
  endfacet
  facet normal -2.911578e-01 -2.867658e-02 -9.562451e-01
    outer loop
      vertex   3.697941e+00 -6.445561e-07 8.067191e-01
      vertex   2.589768e+00 5.151363e-01 1.128688e+00
      vertex   3.626886e+00 7.214318e-01 8.067191e-01
    endloop
  endfacet
  facet normal -2.911578e-01 -2.867661e-02 -9.562451e-01
    outer loop
      vertex   3.697941e+00 -6.445561e-07 8.067191e-01
      vertex   2.640504e+00 -6.106615e-07 1.128688e+00
      vertex   2.589768e+00 5.151363e-01 1.128688e+00
    endloop
  endfacet
  facet normal -1.856010e-01 2.261555e-01 -9.562458e-01
    outer loop
      vertex   2.054466e+00 -3.074726e+00 8.067214e-01
      vertex   1.867118e+00 -1.867119e+00 1.128688e+00
      vertex   2.614840e+00 -2.614840e+00 8.067214e-01
    endloop
  endfacet
  facet normal -1.856011e-01 2.261555e-01 -9.562458e-01
    outer loop
      vertex   2.054466e+00 -3.074726e+00 8.067214e-01
      vertex   1.466986e+00 -2.195500e+00 1.128688e+00
      vertex   1.867118e+00 -1.867119e+00 1.128688e+00
    endloop
  endfacet
  facet normal 2.666103e-01 8.788994e-01 -3.955436e-01
    outer loop
      vertex   1.861831e+00 4.494857e+00 1.319865e+00
      vertex   9.188327e-01 4.619283e+00 9.607267e-01
      vertex   9.491531e-01 4.771714e+00 1.319865e+00
    endloop
  endfacet
  facet normal 2.666108e-01 8.788986e-01 -3.955451e-01
    outer loop
      vertex   1.861831e+00 4.494857e+00 1.319865e+00
      vertex   1.802355e+00 4.351270e+00 9.607267e-01
      vertex   9.188327e-01 4.619283e+00 9.607267e-01
    endloop
  endfacet
  facet normal 2.911578e-01 -2.867658e-02 -9.562451e-01
    outer loop
      vertex   -3.626886e+00 7.214318e-01 8.067191e-01
      vertex   -2.640504e+00 -6.106615e-07 1.128688e+00
      vertex   -3.697941e+00 -6.445561e-07 8.067191e-01
    endloop
  endfacet
  facet normal 2.911578e-01 -2.867661e-02 -9.562451e-01
    outer loop
      vertex   -3.626886e+00 7.214318e-01 8.067191e-01
      vertex   -2.589768e+00 5.151363e-01 1.128688e+00
      vertex   -2.640504e+00 -6.106615e-07 1.128688e+00
    endloop
  endfacet
  facet normal -2.580208e-01 -1.379149e-01 -9.562451e-01
    outer loop
      vertex   3.416452e+00 1.415140e+00 8.067191e-01
      vertex   2.195499e+00 1.466985e+00 1.128688e+00
      vertex   3.074726e+00 2.054465e+00 8.067191e-01
    endloop
  endfacet
  facet normal -2.580208e-01 -1.379152e-01 -9.562451e-01
    outer loop
      vertex   3.416452e+00 1.415140e+00 8.067191e-01
      vertex   2.439508e+00 1.010476e+00 1.128688e+00
      vertex   2.195499e+00 1.466985e+00 1.128688e+00
    endloop
  endfacet
endsolid
