solid ASCII
  facet normal 0.000000e+00 0.000000e+00 1.000000e+00
    outer loop
      vertex   -3.384348e+00 6.731905e-01 3.147794e+01
      vertex   -3.884219e+00 1.608898e+00 3.147794e+01
      vertex   -4.123465e+00 8.202100e-01 3.147794e+01
    endloop
  endfacet
  facet normal 0.000000e+00 -0.000000e+00 1.000000e+00
    outer loop
      vertex   -3.384348e+00 6.731905e-01 3.147794e+01
      vertex   -3.187986e+00 1.320509e+00 3.147794e+01
      vertex   -3.884219e+00 1.608898e+00 3.147794e+01
    endloop
  endfacet
  facet normal 0.000000e+00 0.000000e+00 1.000000e+00
    outer loop
      vertex   -2.869112e+00 -1.917078e+00 3.147794e+01
      vertex   -3.884219e+00 -1.608895e+00 3.147794e+01
      vertex   -3.495705e+00 -2.335754e+00 3.147794e+01
    endloop
  endfacet
  facet normal 0.000000e+00 0.000000e+00 1.000000e+00
    outer loop
      vertex   -2.869112e+00 -1.917078e+00 3.147794e+01
      vertex   -3.187986e+00 -1.320505e+00 3.147794e+01
      vertex   -3.884219e+00 -1.608895e+00 3.147794e+01
    endloop
  endfacet
  facet normal 0.000000e+00 0.000000e+00 1.000000e+00
    outer loop
      vertex   2.869112e+00 -1.917078e+00 3.147794e+01
      vertex   2.972853e+00 -2.972851e+00 3.147794e+01
      vertex   3.495705e+00 -2.335754e+00 3.147794e+01
    endloop
  endfacet
  facet normal 0.000000e+00 0.000000e+00 1.000000e+00
    outer loop
      vertex   2.869112e+00 -1.917078e+00 3.147794e+01
      vertex   2.439979e+00 -2.439977e+00 3.147794e+01
      vertex   2.972853e+00 -2.972851e+00 3.147794e+01
    endloop
  endfacet
  facet normal 0.000000e+00 0.000000e+00 1.000000e+00
    outer loop
      vertex   3.187986e+00 -1.320505e+00 3.147794e+01
      vertex   3.495705e+00 -2.335754e+00 3.147794e+01
      vertex   3.884219e+00 -1.608895e+00 3.147794e+01
    endloop
  endfacet
  facet normal 0.000000e+00 0.000000e+00 1.000000e+00
    outer loop
      vertex   3.187986e+00 -1.320505e+00 3.147794e+01
      vertex   2.869112e+00 -1.917078e+00 3.147794e+01
      vertex   3.495705e+00 -2.335754e+00 3.147794e+01
    endloop
  endfacet
  facet normal 0.000000e+00 0.000000e+00 1.000000e+00
    outer loop
      vertex   3.384348e+00 -6.731869e-01 3.147794e+01
      vertex   3.884219e+00 -1.608895e+00 3.147794e+01
      vertex   4.123465e+00 -8.202065e-01 3.147794e+01
    endloop
  endfacet
  facet normal 0.000000e+00 0.000000e+00 1.000000e+00
    outer loop
      vertex   3.384348e+00 -6.731869e-01 3.147794e+01
      vertex   3.187986e+00 -1.320505e+00 3.147794e+01
      vertex   3.884219e+00 -1.608895e+00 3.147794e+01
    endloop
  endfacet
  facet normal 0.000000e+00 0.000000e+00 1.000000e+00
    outer loop
      vertex   6.731887e-01 3.384350e+00 3.147794e+01
      vertex   1.608896e+00 3.884221e+00 3.147794e+01
      vertex   8.202083e-01 4.123467e+00 3.147794e+01
    endloop
  endfacet
  facet normal -0.000000e+00 0.000000e+00 1.000000e+00
    outer loop
      vertex   6.731887e-01 3.384350e+00 3.147794e+01
      vertex   1.320507e+00 3.187988e+00 3.147794e+01
      vertex   1.608896e+00 3.884221e+00 3.147794e+01
    endloop
  endfacet
  facet normal 0.000000e+00 0.000000e+00 1.000000e+00
    outer loop
      vertex   -2.869112e+00 1.917081e+00 3.147794e+01
      vertex   -2.972853e+00 2.972854e+00 3.147794e+01
      vertex   -3.495705e+00 2.335757e+00 3.147794e+01
    endloop
  endfacet
  facet normal 0.000000e+00 -0.000000e+00 1.000000e+00
    outer loop
      vertex   -2.869112e+00 1.917081e+00 3.147794e+01
      vertex   -2.439979e+00 2.439981e+00 3.147794e+01
      vertex   -2.972853e+00 2.972854e+00 3.147794e+01
    endloop
  endfacet
  facet normal 0.000000e+00 0.000000e+00 1.000000e+00
    outer loop
      vertex   -3.384348e+00 -6.731869e-01 3.147794e+01
      vertex   -4.204248e+00 1.803479e-06 3.147794e+01
      vertex   -4.123465e+00 -8.202065e-01 3.147794e+01
    endloop
  endfacet
  facet normal 0.000000e+00 0.000000e+00 1.000000e+00
    outer loop
      vertex   -3.384348e+00 -6.731869e-01 3.147794e+01
      vertex   -3.450651e+00 1.781928e-06 3.147794e+01
      vertex   -4.204248e+00 1.803479e-06 3.147794e+01
    endloop
  endfacet
  facet normal 0.000000e+00 0.000000e+00 1.000000e+00
    outer loop
      vertex   -1.917080e+00 -2.869110e+00 3.147794e+01
      vertex   -2.972853e+00 -2.972851e+00 3.147794e+01
      vertex   -2.335756e+00 -3.495703e+00 3.147794e+01
    endloop
  endfacet
  facet normal 0.000000e+00 0.000000e+00 1.000000e+00
    outer loop
      vertex   -1.917080e+00 -2.869110e+00 3.147794e+01
      vertex   -2.439979e+00 -2.439977e+00 3.147794e+01
      vertex   -2.972853e+00 -2.972851e+00 3.147794e+01
    endloop
  endfacet
  facet normal 0.000000e+00 0.000000e+00 1.000000e+00
    outer loop
      vertex   -1.320507e+00 -3.187985e+00 3.147794e+01
      vertex   -2.335756e+00 -3.495703e+00 3.147794e+01
      vertex   -1.608896e+00 -3.884217e+00 3.147794e+01
    endloop
  endfacet
  facet normal 0.000000e+00 0.000000e+00 1.000000e+00
    outer loop
      vertex   -1.320507e+00 -3.187985e+00 3.147794e+01
      vertex   -1.917080e+00 -2.869110e+00 3.147794e+01
      vertex   -2.335756e+00 -3.495703e+00 3.147794e+01
    endloop
  endfacet
  facet normal 0.000000e+00 0.000000e+00 1.000000e+00
    outer loop
      vertex   6.731887e-01 -3.384347e+00 3.147794e+01
      vertex   -4.827377e-09 -4.204247e+00 3.147794e+01
      vertex   8.202083e-01 -4.123463e+00 3.147794e+01
    endloop
  endfacet
  facet normal 0.000000e+00 0.000000e+00 1.000000e+00
    outer loop
      vertex   6.731887e-01 -3.384347e+00 3.147794e+01
      vertex   -4.827377e-09 -3.450650e+00 3.147794e+01
      vertex   -4.827377e-09 -4.204247e+00 3.147794e+01
    endloop
  endfacet
  facet normal -0.000000e+00 0.000000e+00 1.000000e+00
    outer loop
      vertex   2.869112e+00 1.917081e+00 3.147794e+01
      vertex   3.884219e+00 1.608898e+00 3.147794e+01
      vertex   3.495705e+00 2.335757e+00 3.147794e+01
    endloop
  endfacet
  facet normal 0.000000e+00 0.000000e+00 1.000000e+00
    outer loop
      vertex   2.869112e+00 1.917081e+00 3.147794e+01
      vertex   3.187986e+00 1.320509e+00 3.147794e+01
      vertex   3.884219e+00 1.608898e+00 3.147794e+01
    endloop
  endfacet
  facet normal -0.000000e+00 0.000000e+00 1.000000e+00
    outer loop
      vertex   2.439979e+00 2.439981e+00 3.147794e+01
      vertex   3.495705e+00 2.335757e+00 3.147794e+01
      vertex   2.972853e+00 2.972854e+00 3.147794e+01
    endloop
  endfacet
  facet normal 0.000000e+00 0.000000e+00 1.000000e+00
    outer loop
      vertex   2.439979e+00 2.439981e+00 3.147794e+01
      vertex   2.869112e+00 1.917081e+00 3.147794e+01
      vertex   3.495705e+00 2.335757e+00 3.147794e+01
    endloop
  endfacet
  facet normal 0.000000e+00 0.000000e+00 1.000000e+00
    outer loop
      vertex   1.917080e+00 2.869113e+00 3.147794e+01
      vertex   2.972853e+00 2.972854e+00 3.147794e+01
      vertex   2.335756e+00 3.495706e+00 3.147794e+01
    endloop
  endfacet
  facet normal -0.000000e+00 0.000000e+00 1.000000e+00
    outer loop
      vertex   1.917080e+00 2.869113e+00 3.147794e+01
      vertex   2.439979e+00 2.439981e+00 3.147794e+01
      vertex   2.972853e+00 2.972854e+00 3.147794e+01
    endloop
  endfacet
  facet normal 0.000000e+00 0.000000e+00 1.000000e+00
    outer loop
      vertex   -4.827377e-09 3.450653e+00 3.147794e+01
      vertex   8.202083e-01 4.123467e+00 3.147794e+01
      vertex   -4.827377e-09 4.204250e+00 3.147794e+01
    endloop
  endfacet
  facet normal -0.000000e+00 0.000000e+00 1.000000e+00
    outer loop
      vertex   -4.827377e-09 3.450653e+00 3.147794e+01
      vertex   6.731887e-01 3.384350e+00 3.147794e+01
      vertex   8.202083e-01 4.123467e+00 3.147794e+01
    endloop
  endfacet
  facet normal 0.000000e+00 0.000000e+00 1.000000e+00
    outer loop
      vertex   1.320507e+00 3.187988e+00 3.147794e+01
      vertex   2.335756e+00 3.495706e+00 3.147794e+01
      vertex   1.608896e+00 3.884221e+00 3.147794e+01
    endloop
  endfacet
  facet normal -0.000000e+00 0.000000e+00 1.000000e+00
    outer loop
      vertex   1.320507e+00 3.187988e+00 3.147794e+01
      vertex   1.917080e+00 2.869113e+00 3.147794e+01
      vertex   2.335756e+00 3.495706e+00 3.147794e+01
    endloop
  endfacet
  facet normal -0.000000e+00 0.000000e+00 1.000000e+00
    outer loop
      vertex   3.187986e+00 1.320509e+00 3.147794e+01
      vertex   4.123465e+00 8.202100e-01 3.147794e+01
      vertex   3.884219e+00 1.608898e+00 3.147794e+01
    endloop
  endfacet
  facet normal 0.000000e+00 0.000000e+00 1.000000e+00
    outer loop
      vertex   3.187986e+00 1.320509e+00 3.147794e+01
      vertex   3.384348e+00 6.731905e-01 3.147794e+01
      vertex   4.123465e+00 8.202100e-01 3.147794e+01
    endloop
  endfacet
  facet normal -0.000000e+00 0.000000e+00 1.000000e+00
    outer loop
      vertex   3.384348e+00 6.731905e-01 3.147794e+01
      vertex   4.204248e+00 1.803479e-06 3.147794e+01
      vertex   4.123465e+00 8.202100e-01 3.147794e+01
    endloop
  endfacet
  facet normal 0.000000e+00 0.000000e+00 1.000000e+00
    outer loop
      vertex   3.384348e+00 6.731905e-01 3.147794e+01
      vertex   3.450651e+00 1.781928e-06 3.147794e+01
      vertex   4.204248e+00 1.803479e-06 3.147794e+01
    endloop
  endfacet
  facet normal -0.000000e+00 0.000000e+00 1.000000e+00
    outer loop
      vertex   3.450651e+00 1.781928e-06 3.147794e+01
      vertex   4.123465e+00 -8.202065e-01 3.147794e+01
      vertex   4.204248e+00 1.803479e-06 3.147794e+01
    endloop
  endfacet
  facet normal 0.000000e+00 0.000000e+00 1.000000e+00
    outer loop
      vertex   3.450651e+00 1.781928e-06 3.147794e+01
      vertex   3.384348e+00 -6.731869e-01 3.147794e+01
      vertex   4.123465e+00 -8.202065e-01 3.147794e+01
    endloop
  endfacet
  facet normal 0.000000e+00 0.000000e+00 1.000000e+00
    outer loop
      vertex   2.439979e+00 -2.439977e+00 3.147794e+01
      vertex   2.335756e+00 -3.495703e+00 3.147794e+01
      vertex   2.972853e+00 -2.972851e+00 3.147794e+01
    endloop
  endfacet
  facet normal 0.000000e+00 0.000000e+00 1.000000e+00
    outer loop
      vertex   2.439979e+00 -2.439977e+00 3.147794e+01
      vertex   1.917080e+00 -2.869110e+00 3.147794e+01
      vertex   2.335756e+00 -3.495703e+00 3.147794e+01
    endloop
  endfacet
  facet normal 0.000000e+00 0.000000e+00 1.000000e+00
    outer loop
      vertex   1.917080e+00 -2.869110e+00 3.147794e+01
      vertex   1.608896e+00 -3.884217e+00 3.147794e+01
      vertex   2.335756e+00 -3.495703e+00 3.147794e+01
    endloop
  endfacet
  facet normal 0.000000e+00 0.000000e+00 1.000000e+00
    outer loop
      vertex   1.917080e+00 -2.869110e+00 3.147794e+01
      vertex   1.320507e+00 -3.187985e+00 3.147794e+01
      vertex   1.608896e+00 -3.884217e+00 3.147794e+01
    endloop
  endfacet
  facet normal 0.000000e+00 0.000000e+00 1.000000e+00
    outer loop
      vertex   1.320507e+00 -3.187985e+00 3.147794e+01
      vertex   8.202083e-01 -4.123463e+00 3.147794e+01
      vertex   1.608896e+00 -3.884217e+00 3.147794e+01
    endloop
  endfacet
  facet normal 0.000000e+00 0.000000e+00 1.000000e+00
    outer loop
      vertex   1.320507e+00 -3.187985e+00 3.147794e+01
      vertex   6.731887e-01 -3.384347e+00 3.147794e+01
      vertex   8.202083e-01 -4.123463e+00 3.147794e+01
    endloop
  endfacet
  facet normal 0.000000e+00 0.000000e+00 1.000000e+00
    outer loop
      vertex   -4.827377e-09 -3.450650e+00 3.147794e+01
      vertex   -8.202083e-01 -4.123463e+00 3.147794e+01
      vertex   -4.827377e-09 -4.204247e+00 3.147794e+01
    endloop
  endfacet
  facet normal 0.000000e+00 0.000000e+00 1.000000e+00
    outer loop
      vertex   -4.827377e-09 -3.450650e+00 3.147794e+01
      vertex   -6.731887e-01 -3.384347e+00 3.147794e+01
      vertex   -8.202083e-01 -4.123463e+00 3.147794e+01
    endloop
  endfacet
  facet normal 0.000000e+00 0.000000e+00 1.000000e+00
    outer loop
      vertex   -6.731887e-01 -3.384347e+00 3.147794e+01
      vertex   -1.608896e+00 -3.884217e+00 3.147794e+01
      vertex   -8.202083e-01 -4.123463e+00 3.147794e+01
    endloop
  endfacet
  facet normal 0.000000e+00 0.000000e+00 1.000000e+00
    outer loop
      vertex   -6.731887e-01 -3.384347e+00 3.147794e+01
      vertex   -1.320507e+00 -3.187985e+00 3.147794e+01
      vertex   -1.608896e+00 -3.884217e+00 3.147794e+01
    endloop
  endfacet
  facet normal 0.000000e+00 0.000000e+00 1.000000e+00
    outer loop
      vertex   -2.439979e+00 -2.439977e+00 3.147794e+01
      vertex   -3.495705e+00 -2.335754e+00 3.147794e+01
      vertex   -2.972853e+00 -2.972851e+00 3.147794e+01
    endloop
  endfacet
  facet normal 0.000000e+00 0.000000e+00 1.000000e+00
    outer loop
      vertex   -2.439979e+00 -2.439977e+00 3.147794e+01
      vertex   -2.869112e+00 -1.917078e+00 3.147794e+01
      vertex   -3.495705e+00 -2.335754e+00 3.147794e+01
    endloop
  endfacet
  facet normal 0.000000e+00 0.000000e+00 1.000000e+00
    outer loop
      vertex   -3.187986e+00 -1.320505e+00 3.147794e+01
      vertex   -4.123465e+00 -8.202065e-01 3.147794e+01
      vertex   -3.884219e+00 -1.608895e+00 3.147794e+01
    endloop
  endfacet
  facet normal 0.000000e+00 0.000000e+00 1.000000e+00
    outer loop
      vertex   -3.187986e+00 -1.320505e+00 3.147794e+01
      vertex   -3.384348e+00 -6.731869e-01 3.147794e+01
      vertex   -4.123465e+00 -8.202065e-01 3.147794e+01
    endloop
  endfacet
  facet normal 0.000000e+00 0.000000e+00 1.000000e+00
    outer loop
      vertex   -3.450651e+00 1.781928e-06 3.147794e+01
      vertex   -4.123465e+00 8.202100e-01 3.147794e+01
      vertex   -4.204248e+00 1.803479e-06 3.147794e+01
    endloop
  endfacet
  facet normal 0.000000e+00 -0.000000e+00 1.000000e+00
    outer loop
      vertex   -3.450651e+00 1.781928e-06 3.147794e+01
      vertex   -3.384348e+00 6.731905e-01 3.147794e+01
      vertex   -4.123465e+00 8.202100e-01 3.147794e+01
    endloop
  endfacet
  facet normal 0.000000e+00 0.000000e+00 1.000000e+00
    outer loop
      vertex   -3.187986e+00 1.320509e+00 3.147794e+01
      vertex   -3.495705e+00 2.335757e+00 3.147794e+01
      vertex   -3.884219e+00 1.608898e+00 3.147794e+01
    endloop
  endfacet
  facet normal 0.000000e+00 -0.000000e+00 1.000000e+00
    outer loop
      vertex   -3.187986e+00 1.320509e+00 3.147794e+01
      vertex   -2.869112e+00 1.917081e+00 3.147794e+01
      vertex   -3.495705e+00 2.335757e+00 3.147794e+01
    endloop
  endfacet
  facet normal 0.000000e+00 -0.000000e+00 1.000000e+00
    outer loop
      vertex   -2.439979e+00 2.439981e+00 3.147794e+01
      vertex   -2.335756e+00 3.495706e+00 3.147794e+01
      vertex   -2.972853e+00 2.972854e+00 3.147794e+01
    endloop
  endfacet
  facet normal 0.000000e+00 0.000000e+00 1.000000e+00
    outer loop
      vertex   -2.439979e+00 2.439981e+00 3.147794e+01
      vertex   -1.917080e+00 2.869113e+00 3.147794e+01
      vertex   -2.335756e+00 3.495706e+00 3.147794e+01
    endloop
  endfacet
  facet normal 0.000000e+00 -0.000000e+00 1.000000e+00
    outer loop
      vertex   -1.917080e+00 2.869113e+00 3.147794e+01
      vertex   -1.608896e+00 3.884221e+00 3.147794e+01
      vertex   -2.335756e+00 3.495706e+00 3.147794e+01
    endloop
  endfacet
  facet normal 0.000000e+00 0.000000e+00 1.000000e+00
    outer loop
      vertex   -1.917080e+00 2.869113e+00 3.147794e+01
      vertex   -1.320507e+00 3.187988e+00 3.147794e+01
      vertex   -1.608896e+00 3.884221e+00 3.147794e+01
    endloop
  endfacet
  facet normal 0.000000e+00 -0.000000e+00 1.000000e+00
    outer loop
      vertex   -1.320507e+00 3.187988e+00 3.147794e+01
      vertex   -8.202083e-01 4.123467e+00 3.147794e+01
      vertex   -1.608896e+00 3.884221e+00 3.147794e+01
    endloop
  endfacet
  facet normal 0.000000e+00 0.000000e+00 1.000000e+00
    outer loop
      vertex   -1.320507e+00 3.187988e+00 3.147794e+01
      vertex   -6.731887e-01 3.384350e+00 3.147794e+01
      vertex   -8.202083e-01 4.123467e+00 3.147794e+01
    endloop
  endfacet
  facet normal 0.000000e+00 -0.000000e+00 1.000000e+00
    outer loop
      vertex   -6.731887e-01 3.384350e+00 3.147794e+01
      vertex   -4.827377e-09 4.204250e+00 3.147794e+01
      vertex   -8.202083e-01 4.123467e+00 3.147794e+01
    endloop
  endfacet
  facet normal 0.000000e+00 0.000000e+00 1.000000e+00
    outer loop
      vertex   -6.731887e-01 3.384350e+00 3.147794e+01
      vertex   -4.827377e-09 3.450653e+00 3.147794e+01
      vertex   -4.827377e-09 4.204250e+00 3.147794e+01
    endloop
  endfacet
  facet normal 0.000000e+00 0.000000e+00 -1.000000e+00
    outer loop
      vertex   1.731552e+00 -2.591451e+00 4.689574e-02
      vertex   2.591450e+00 -1.731553e+00 4.689574e-02
      vertex   2.203847e+00 -2.203849e+00 4.689574e-02
    endloop
  endfacet
  facet normal 0.000000e+00 0.000000e+00 -1.000000e+00
    outer loop
      vertex   1.731552e+00 -2.591451e+00 4.689574e-02
      vertex   2.073381e+00 -2.036091e+00 4.689574e-02
      vertex   2.591450e+00 -1.731553e+00 4.689574e-02
    endloop
  endfacet
  facet normal 0.000000e+00 0.000000e+00 -1.000000e+00
    outer loop
      vertex   1.192714e+00 -2.879466e+00 4.689574e-02
      vertex   2.073381e+00 -2.036091e+00 4.689574e-02
      vertex   1.731552e+00 -2.591451e+00 4.689574e-02
    endloop
  endfacet
  facet normal 0.000000e+00 0.000000e+00 -1.000000e+00
    outer loop
      vertex   1.192714e+00 -2.879466e+00 4.689574e-02
      vertex   1.445927e+00 -2.262383e+00 4.689574e-02
      vertex   2.073381e+00 -2.036091e+00 4.689574e-02
    endloop
  endfacet
  facet normal 0.000000e+00 0.000000e+00 -1.000000e+00
    outer loop
      vertex   6.080401e-01 -3.056825e+00 4.689574e-02
      vertex   1.445927e+00 -2.262383e+00 4.689574e-02
      vertex   1.192714e+00 -2.879466e+00 4.689574e-02
    endloop
  endfacet
  facet normal 0.000000e+00 0.000000e+00 -1.000000e+00
    outer loop
      vertex   6.080401e-01 -3.056825e+00 4.689574e-02
      vertex   7.424452e-01 -2.401732e+00 4.689574e-02
      vertex   1.445927e+00 -2.262383e+00 4.689574e-02
    endloop
  endfacet
  facet normal 0.000000e+00 0.000000e+00 -1.000000e+00
    outer loop
      vertex   1.065445e-08 -3.116712e+00 4.689574e-02
      vertex   7.424452e-01 -2.401732e+00 4.689574e-02
      vertex   6.080401e-01 -3.056825e+00 4.689574e-02
    endloop
  endfacet
  facet normal 0.000000e+00 0.000000e+00 -1.000000e+00
    outer loop
      vertex   1.065445e-08 -3.116712e+00 4.689574e-02
      vertex   1.253289e-08 -2.448785e+00 4.689574e-02
      vertex   7.424452e-01 -2.401732e+00 4.689574e-02
    endloop
  endfacet
  facet normal 0.000000e+00 0.000000e+00 -1.000000e+00
    outer loop
      vertex   -6.080401e-01 -3.056825e+00 4.689574e-02
      vertex   1.253289e-08 -2.448785e+00 4.689574e-02
      vertex   1.065445e-08 -3.116712e+00 4.689574e-02
    endloop
  endfacet
  facet normal 0.000000e+00 0.000000e+00 -1.000000e+00
    outer loop
      vertex   -6.080401e-01 -3.056825e+00 4.689574e-02
      vertex   -7.424452e-01 -2.401732e+00 4.689574e-02
      vertex   1.253289e-08 -2.448785e+00 4.689574e-02
    endloop
  endfacet
  facet normal 0.000000e+00 0.000000e+00 -1.000000e+00
    outer loop
      vertex   -1.192714e+00 -2.879466e+00 4.689574e-02
      vertex   -7.424452e-01 -2.401732e+00 4.689574e-02
      vertex   -6.080401e-01 -3.056825e+00 4.689574e-02
    endloop
  endfacet
  facet normal 0.000000e+00 0.000000e+00 -1.000000e+00
    outer loop
      vertex   -1.192714e+00 -2.879466e+00 4.689574e-02
      vertex   -1.445927e+00 -2.262383e+00 4.689574e-02
      vertex   -7.424452e-01 -2.401732e+00 4.689574e-02
    endloop
  endfacet
  facet normal 0.000000e+00 0.000000e+00 -1.000000e+00
    outer loop
      vertex   -1.731552e+00 -2.591451e+00 4.689574e-02
      vertex   -1.445927e+00 -2.262383e+00 4.689574e-02
      vertex   -1.192714e+00 -2.879466e+00 4.689574e-02
    endloop
  endfacet
  facet normal 0.000000e+00 0.000000e+00 -1.000000e+00
    outer loop
      vertex   -1.731552e+00 -2.591451e+00 4.689574e-02
      vertex   -2.073381e+00 -2.036091e+00 4.689574e-02
      vertex   -1.445927e+00 -2.262383e+00 4.689574e-02
    endloop
  endfacet
  facet normal 0.000000e+00 0.000000e+00 -1.000000e+00
    outer loop
      vertex   -2.203847e+00 -2.203849e+00 4.689574e-02
      vertex   -2.073381e+00 -2.036091e+00 4.689574e-02
      vertex   -1.731552e+00 -2.591451e+00 4.689574e-02
    endloop
  endfacet
  facet normal 0.000000e+00 0.000000e+00 -1.000000e+00
    outer loop
      vertex   -2.203847e+00 -2.203849e+00 4.689574e-02
      vertex   -2.591450e+00 -1.731553e+00 4.689574e-02
      vertex   -2.073381e+00 -2.036091e+00 4.689574e-02
    endloop
  endfacet
  facet normal 0.000000e+00 0.000000e+00 -1.000000e+00
    outer loop
      vertex   2.073381e+00 -2.036091e+00 4.689574e-02
      vertex   2.879465e+00 -1.192715e+00 4.689574e-02
      vertex   2.591450e+00 -1.731553e+00 4.689574e-02
    endloop
  endfacet
  facet normal 3.390603e-06 -3.240679e-06 -1.000000e+00
    outer loop
      vertex   2.073381e+00 -2.036091e+00 4.689574e-02
      vertex   2.327384e+00 -1.402484e+00 4.689455e-02
      vertex   2.879465e+00 -1.192715e+00 4.689574e-02
    endloop
  endfacet
  facet normal 7.932290e-07 -2.199433e-06 -1.000000e+00
    outer loop
      vertex   1.445927e+00 -2.262383e+00 4.689574e-02
      vertex   2.327384e+00 -1.402484e+00 4.689455e-02
      vertex   2.073381e+00 -2.036091e+00 4.689574e-02
    endloop
  endfacet
  facet normal 4.050240e-07 -1.801496e-06 -1.000000e+00
    outer loop
      vertex   1.445927e+00 -2.262383e+00 4.689574e-02
      vertex   1.634082e+00 -1.558357e+00 4.689455e-02
      vertex   2.327384e+00 -1.402484e+00 4.689455e-02
    endloop
  endfacet
  facet normal 3.541572e-07 -1.787902e-06 -1.000000e+00
    outer loop
      vertex   7.424452e-01 -2.401732e+00 4.689574e-02
      vertex   1.634082e+00 -1.558357e+00 4.689455e-02
      vertex   1.445927e+00 -2.262383e+00 4.689574e-02
    endloop
  endfacet
  facet normal -1.530407e-06 2.045050e-07 -1.000000e+00
    outer loop
      vertex   7.424452e-01 -2.401732e+00 4.689574e-02
      vertex   8.423173e-01 -1.654342e+00 4.689574e-02
      vertex   1.634082e+00 -1.558357e+00 4.689455e-02
    endloop
  endfacet
  facet normal 0.000000e+00 0.000000e+00 -1.000000e+00
    outer loop
      vertex   1.253289e-08 -2.448785e+00 4.689574e-02
      vertex   8.423173e-01 -1.654342e+00 4.689574e-02
      vertex   7.424452e-01 -2.401732e+00 4.689574e-02
    endloop
  endfacet
  facet normal 0.000000e+00 0.000000e+00 -1.000000e+00
    outer loop
      vertex   1.253289e-08 -2.448785e+00 4.689574e-02
      vertex   1.178092e-07 -1.686753e+00 4.689574e-02
      vertex   8.423173e-01 -1.654342e+00 4.689574e-02
    endloop
  endfacet
  facet normal 0.000000e+00 0.000000e+00 -1.000000e+00
    outer loop
      vertex   -7.424452e-01 -2.401732e+00 4.689574e-02
      vertex   1.178092e-07 -1.686753e+00 4.689574e-02
      vertex   1.253289e-08 -2.448785e+00 4.689574e-02
    endloop
  endfacet
  facet normal 0.000000e+00 0.000000e+00 -1.000000e+00
    outer loop
      vertex   -7.424452e-01 -2.401732e+00 4.689574e-02
      vertex   -8.423173e-01 -1.654342e+00 4.689574e-02
      vertex   1.178092e-07 -1.686753e+00 4.689574e-02
    endloop
  endfacet
  facet normal 0.000000e+00 0.000000e+00 -1.000000e+00
    outer loop
      vertex   -1.445927e+00 -2.262383e+00 4.689574e-02
      vertex   -8.423173e-01 -1.654342e+00 4.689574e-02
      vertex   -7.424452e-01 -2.401732e+00 4.689574e-02
    endloop
  endfacet
  facet normal 0.000000e+00 0.000000e+00 -1.000000e+00
    outer loop
      vertex   -1.445927e+00 -2.262383e+00 4.689574e-02
      vertex   -1.634082e+00 -1.558357e+00 4.689574e-02
      vertex   -8.423173e-01 -1.654342e+00 4.689574e-02
    endloop
  endfacet
  facet normal 0.000000e+00 0.000000e+00 -1.000000e+00
    outer loop
      vertex   -2.073381e+00 -2.036091e+00 4.689574e-02
      vertex   -1.634082e+00 -1.558357e+00 4.689574e-02
      vertex   -1.445927e+00 -2.262383e+00 4.689574e-02
    endloop
  endfacet
  facet normal 0.000000e+00 0.000000e+00 -1.000000e+00
    outer loop
      vertex   -2.073381e+00 -2.036091e+00 4.689574e-02
      vertex   -2.327383e+00 -1.402484e+00 4.689574e-02
      vertex   -1.634082e+00 -1.558357e+00 4.689574e-02
    endloop
  endfacet
  facet normal 0.000000e+00 0.000000e+00 -1.000000e+00
    outer loop
      vertex   -2.591450e+00 -1.731553e+00 4.689574e-02
      vertex   -2.327383e+00 -1.402484e+00 4.689574e-02
      vertex   -2.073381e+00 -2.036091e+00 4.689574e-02
    endloop
  endfacet
  facet normal 0.000000e+00 0.000000e+00 -1.000000e+00
    outer loop
      vertex   -2.591450e+00 -1.731553e+00 4.689574e-02
      vertex   -2.879465e+00 -1.192715e+00 4.689574e-02
      vertex   -2.327383e+00 -1.402484e+00 4.689574e-02
    endloop
  endfacet
  facet normal 2.440570e-06 -7.403374e-07 -1.000000e+00
    outer loop
      vertex   2.327384e+00 -1.402484e+00 4.689455e-02
      vertex   3.056823e+00 -6.080414e-01 4.689574e-02
      vertex   2.879465e+00 -1.192715e+00 4.689574e-02
    endloop
  endfacet
  facet normal -3.379412e-07 1.810830e-06 -1.000000e+00
    outer loop
      vertex   2.327384e+00 -1.402484e+00 4.689455e-02
      vertex   2.483797e+00 -7.149808e-01 4.689574e-02
      vertex   3.056823e+00 -6.080414e-01 4.689574e-02
    endloop
  endfacet
  facet normal -4.108519e-07 1.827418e-06 -1.000000e+00
    outer loop
      vertex   1.634082e+00 -1.558357e+00 4.689455e-02
      vertex   2.483797e+00 -7.149808e-01 4.689574e-02
      vertex   2.327384e+00 -1.402484e+00 4.689455e-02
    endloop
  endfacet
  facet normal -1.717974e-07 1.586566e-06 -1.000000e+00
    outer loop
      vertex   1.634082e+00 -1.558357e+00 4.689455e-02
      vertex   1.749948e+00 -7.944439e-01 4.689574e-02
      vertex   2.483797e+00 -7.149808e-01 4.689574e-02
    endloop
  endfacet
  facet normal -1.726542e-06 1.822380e-06 -1.000000e+00
    outer loop
      vertex   8.423173e-01 -1.654342e+00 4.689574e-02
      vertex   1.749948e+00 -7.944439e-01 4.689574e-02
      vertex   1.634082e+00 -1.558357e+00 4.689455e-02
    endloop
  endfacet
  facet normal 0.000000e+00 0.000000e+00 -1.000000e+00
    outer loop
      vertex   8.423173e-01 -1.654342e+00 4.689574e-02
      vertex   9.038181e-01 -8.433770e-01 4.689574e-02
      vertex   1.749948e+00 -7.944439e-01 4.689574e-02
    endloop
  endfacet
  facet normal 0.000000e+00 0.000000e+00 -1.000000e+00
    outer loop
      vertex   1.178092e-07 -1.686753e+00 4.689574e-02
      vertex   9.038181e-01 -8.433770e-01 4.689574e-02
      vertex   8.423173e-01 -1.654342e+00 4.689574e-02
    endloop
  endfacet
  facet normal 0.000000e+00 0.000000e+00 -1.000000e+00
    outer loop
      vertex   1.178092e-07 -1.686753e+00 4.689574e-02
      vertex   4.762498e-08 -8.598997e-01 4.689574e-02
      vertex   9.038181e-01 -8.433770e-01 4.689574e-02
    endloop
  endfacet
  facet normal 0.000000e+00 0.000000e+00 -1.000000e+00
    outer loop
      vertex   -8.423173e-01 -1.654342e+00 4.689574e-02
      vertex   4.762498e-08 -8.598997e-01 4.689574e-02
      vertex   1.178092e-07 -1.686753e+00 4.689574e-02
    endloop
  endfacet
  facet normal 0.000000e+00 0.000000e+00 -1.000000e+00
    outer loop
      vertex   -8.423173e-01 -1.654342e+00 4.689574e-02
      vertex   -9.038180e-01 -8.433770e-01 4.689574e-02
      vertex   4.762498e-08 -8.598997e-01 4.689574e-02
    endloop
  endfacet
  facet normal 0.000000e+00 0.000000e+00 -1.000000e+00
    outer loop
      vertex   -1.634082e+00 -1.558357e+00 4.689574e-02
      vertex   -9.038180e-01 -8.433770e-01 4.689574e-02
      vertex   -8.423173e-01 -1.654342e+00 4.689574e-02
    endloop
  endfacet
  facet normal 0.000000e+00 0.000000e+00 -1.000000e+00
    outer loop
      vertex   -1.634082e+00 -1.558357e+00 4.689574e-02
      vertex   -1.749947e+00 -7.944439e-01 4.689574e-02
      vertex   -9.038180e-01 -8.433770e-01 4.689574e-02
    endloop
  endfacet
  facet normal 0.000000e+00 0.000000e+00 -1.000000e+00
    outer loop
      vertex   -2.327383e+00 -1.402484e+00 4.689574e-02
      vertex   -1.749947e+00 -7.944439e-01 4.689574e-02
      vertex   -1.634082e+00 -1.558357e+00 4.689574e-02
    endloop
  endfacet
  facet normal 0.000000e+00 0.000000e+00 -1.000000e+00
    outer loop
      vertex   -2.327383e+00 -1.402484e+00 4.689574e-02
      vertex   -2.483797e+00 -7.149807e-01 4.689574e-02
      vertex   -1.749947e+00 -7.944439e-01 4.689574e-02
    endloop
  endfacet
  facet normal 0.000000e+00 0.000000e+00 -1.000000e+00
    outer loop
      vertex   -2.879465e+00 -1.192715e+00 4.689574e-02
      vertex   -2.483797e+00 -7.149807e-01 4.689574e-02
      vertex   -2.327383e+00 -1.402484e+00 4.689574e-02
    endloop
  endfacet
  facet normal 0.000000e+00 0.000000e+00 -1.000000e+00
    outer loop
      vertex   -2.879465e+00 -1.192715e+00 4.689574e-02
      vertex   -3.056823e+00 -6.080414e-01 4.689574e-02
      vertex   -2.483797e+00 -7.149807e-01 4.689574e-02
    endloop
  endfacet
  facet normal 0.000000e+00 0.000000e+00 -1.000000e+00
    outer loop
      vertex   2.483797e+00 -7.149808e-01 4.689574e-02
      vertex   3.116710e+00 -1.347158e-06 4.689574e-02
      vertex   3.056823e+00 -6.080414e-01 4.689574e-02
    endloop
  endfacet
  facet normal 0.000000e+00 0.000000e+00 -1.000000e+00
    outer loop
      vertex   2.483797e+00 -7.149808e-01 4.689574e-02
      vertex   2.536612e+00 -1.344060e-06 4.689574e-02
      vertex   3.116710e+00 -1.347158e-06 4.689574e-02
    endloop
  endfacet
  facet normal 0.000000e+00 0.000000e+00 -1.000000e+00
    outer loop
      vertex   1.749948e+00 -7.944439e-01 4.689574e-02
      vertex   2.536612e+00 -1.344060e-06 4.689574e-02
      vertex   2.483797e+00 -7.149808e-01 4.689574e-02
    endloop
  endfacet
  facet normal 0.000000e+00 0.000000e+00 -1.000000e+00
    outer loop
      vertex   1.749948e+00 -7.944439e-01 4.689574e-02
      vertex   1.789070e+00 -1.344060e-06 4.689574e-02
      vertex   2.536612e+00 -1.344060e-06 4.689574e-02
    endloop
  endfacet
  facet normal 0.000000e+00 0.000000e+00 -1.000000e+00
    outer loop
      vertex   9.038181e-01 -8.433770e-01 4.689574e-02
      vertex   1.789070e+00 -1.344060e-06 4.689574e-02
      vertex   1.749948e+00 -7.944439e-01 4.689574e-02
    endloop
  endfacet
  facet normal 0.000000e+00 0.000000e+00 -1.000000e+00
    outer loop
      vertex   9.038181e-01 -8.433770e-01 4.689574e-02
      vertex   9.245844e-01 -1.344060e-06 4.689574e-02
      vertex   1.789070e+00 -1.344060e-06 4.689574e-02
    endloop
  endfacet
  facet normal 0.000000e+00 0.000000e+00 -1.000000e+00
    outer loop
      vertex   4.762498e-08 -8.598997e-01 4.689574e-02
      vertex   9.245844e-01 -1.344060e-06 4.689574e-02
      vertex   9.038181e-01 -8.433770e-01 4.689574e-02
    endloop
  endfacet
  facet normal 0.000000e+00 0.000000e+00 -1.000000e+00
    outer loop
      vertex   4.762498e-08 -8.598997e-01 4.689574e-02
      vertex   -2.255920e-08 -1.344060e-06 4.689574e-02
      vertex   9.245844e-01 -1.344060e-06 4.689574e-02
    endloop
  endfacet
  facet normal 0.000000e+00 0.000000e+00 -1.000000e+00
    outer loop
      vertex   -9.038180e-01 -8.433770e-01 4.689574e-02
      vertex   -2.255920e-08 -1.344060e-06 4.689574e-02
      vertex   4.762498e-08 -8.598997e-01 4.689574e-02
    endloop
  endfacet
  facet normal 0.000000e+00 0.000000e+00 -1.000000e+00
    outer loop
      vertex   -9.038180e-01 -8.433770e-01 4.689574e-02
      vertex   -9.245844e-01 -1.344060e-06 4.689574e-02
      vertex   -2.255920e-08 -1.344060e-06 4.689574e-02
    endloop
  endfacet
  facet normal 0.000000e+00 0.000000e+00 -1.000000e+00
    outer loop
      vertex   -1.749947e+00 -7.944439e-01 4.689574e-02
      vertex   -9.245844e-01 -1.344060e-06 4.689574e-02
      vertex   -9.038180e-01 -8.433770e-01 4.689574e-02
    endloop
  endfacet
  facet normal 0.000000e+00 0.000000e+00 -1.000000e+00
    outer loop
      vertex   -1.749947e+00 -7.944439e-01 4.689574e-02
      vertex   -1.789070e+00 -1.344060e-06 4.689574e-02
      vertex   -9.245844e-01 -1.344060e-06 4.689574e-02
    endloop
  endfacet
  facet normal 0.000000e+00 0.000000e+00 -1.000000e+00
    outer loop
      vertex   -2.483797e+00 -7.149807e-01 4.689574e-02
      vertex   -1.789070e+00 -1.344060e-06 4.689574e-02
      vertex   -1.749947e+00 -7.944439e-01 4.689574e-02
    endloop
  endfacet
  facet normal 0.000000e+00 0.000000e+00 -1.000000e+00
    outer loop
      vertex   -2.483797e+00 -7.149807e-01 4.689574e-02
      vertex   -2.536612e+00 -1.344060e-06 4.689574e-02
      vertex   -1.789070e+00 -1.344060e-06 4.689574e-02
    endloop
  endfacet
  facet normal 0.000000e+00 0.000000e+00 -1.000000e+00
    outer loop
      vertex   -3.056823e+00 -6.080414e-01 4.689574e-02
      vertex   -2.536612e+00 -1.344060e-06 4.689574e-02
      vertex   -2.483797e+00 -7.149807e-01 4.689574e-02
    endloop
  endfacet
  facet normal 0.000000e+00 0.000000e+00 -1.000000e+00
    outer loop
      vertex   -3.056823e+00 -6.080414e-01 4.689574e-02
      vertex   -3.116710e+00 -1.347158e-06 4.689574e-02
      vertex   -2.536612e+00 -1.344060e-06 4.689574e-02
    endloop
  endfacet
  facet normal 0.000000e+00 0.000000e+00 -1.000000e+00
    outer loop
      vertex   2.536612e+00 -1.344060e-06 4.689574e-02
      vertex   3.056823e+00 6.080387e-01 4.689574e-02
      vertex   3.116710e+00 -1.347158e-06 4.689574e-02
    endloop
  endfacet
  facet normal 0.000000e+00 0.000000e+00 -1.000000e+00
    outer loop
      vertex   2.536612e+00 -1.344060e-06 4.689574e-02
      vertex   2.483797e+00 7.149781e-01 4.689574e-02
      vertex   3.056823e+00 6.080387e-01 4.689574e-02
    endloop
  endfacet
  facet normal 0.000000e+00 0.000000e+00 -1.000000e+00
    outer loop
      vertex   1.789070e+00 -1.344060e-06 4.689574e-02
      vertex   2.483797e+00 7.149781e-01 4.689574e-02
      vertex   2.536612e+00 -1.344060e-06 4.689574e-02
    endloop
  endfacet
  facet normal 0.000000e+00 0.000000e+00 -1.000000e+00
    outer loop
      vertex   1.789070e+00 -1.344060e-06 4.689574e-02
      vertex   1.749948e+00 7.944414e-01 4.689574e-02
      vertex   2.483797e+00 7.149781e-01 4.689574e-02
    endloop
  endfacet
  facet normal 0.000000e+00 0.000000e+00 -1.000000e+00
    outer loop
      vertex   9.245844e-01 -1.344060e-06 4.689574e-02
      vertex   1.749948e+00 7.944414e-01 4.689574e-02
      vertex   1.789070e+00 -1.344060e-06 4.689574e-02
    endloop
  endfacet
  facet normal 0.000000e+00 0.000000e+00 -1.000000e+00
    outer loop
      vertex   9.245844e-01 -1.344060e-06 4.689574e-02
      vertex   9.038181e-01 8.433744e-01 4.689574e-02
      vertex   1.749948e+00 7.944414e-01 4.689574e-02
    endloop
  endfacet
  facet normal 0.000000e+00 0.000000e+00 -1.000000e+00
    outer loop
      vertex   -2.255920e-08 -1.344060e-06 4.689574e-02
      vertex   9.038181e-01 8.433744e-01 4.689574e-02
      vertex   9.245844e-01 -1.344060e-06 4.689574e-02
    endloop
  endfacet
  facet normal 0.000000e+00 0.000000e+00 -1.000000e+00
    outer loop
      vertex   -2.255920e-08 -1.344060e-06 4.689574e-02
      vertex   4.762498e-08 8.598971e-01 4.689574e-02
      vertex   9.038181e-01 8.433744e-01 4.689574e-02
    endloop
  endfacet
  facet normal 0.000000e+00 0.000000e+00 -1.000000e+00
    outer loop
      vertex   -9.245844e-01 -1.344060e-06 4.689574e-02
      vertex   4.762498e-08 8.598971e-01 4.689574e-02
      vertex   -2.255920e-08 -1.344060e-06 4.689574e-02
    endloop
  endfacet
  facet normal 0.000000e+00 0.000000e+00 -1.000000e+00
    outer loop
      vertex   -9.245844e-01 -1.344060e-06 4.689574e-02
      vertex   -9.038180e-01 8.433744e-01 4.689574e-02
      vertex   4.762498e-08 8.598971e-01 4.689574e-02
    endloop
  endfacet
  facet normal 0.000000e+00 0.000000e+00 -1.000000e+00
    outer loop
      vertex   -1.789070e+00 -1.344060e-06 4.689574e-02
      vertex   -9.038180e-01 8.433744e-01 4.689574e-02
      vertex   -9.245844e-01 -1.344060e-06 4.689574e-02
    endloop
  endfacet
  facet normal -2.999858e-06 3.148811e-06 -1.000000e+00
    outer loop
      vertex   -1.789070e+00 -1.344060e-06 4.689574e-02
      vertex   -1.749947e+00 7.944414e-01 4.689813e-02
      vertex   -9.038180e-01 8.433744e-01 4.689574e-02
    endloop
  endfacet
  facet normal 0.000000e+00 3.001079e-06 -1.000000e+00
    outer loop
      vertex   -2.536612e+00 -1.344060e-06 4.689574e-02
      vertex   -1.749947e+00 7.944414e-01 4.689813e-02
      vertex   -1.789070e+00 -1.344060e-06 4.689574e-02
    endloop
  endfacet
  facet normal -3.639938e-07 3.361510e-06 -1.000000e+00
    outer loop
      vertex   -2.536612e+00 -1.344060e-06 4.689574e-02
      vertex   -2.483797e+00 7.149781e-01 4.689813e-02
      vertex   -1.749947e+00 7.944414e-01 4.689813e-02
    endloop
  endfacet
  facet normal -1.781154e-14 3.334622e-06 -1.000000e+00
    outer loop
      vertex   -3.116710e+00 -1.347158e-06 4.689574e-02
      vertex   -2.483797e+00 7.149781e-01 4.689813e-02
      vertex   -2.536612e+00 -1.344060e-06 4.689574e-02
    endloop
  endfacet
  facet normal 4.238600e-06 -4.174667e-07 -1.000000e+00
    outer loop
      vertex   -3.116710e+00 -1.347158e-06 4.689574e-02
      vertex   -3.056823e+00 6.080387e-01 4.689574e-02
      vertex   -2.483797e+00 7.149781e-01 4.689813e-02
    endloop
  endfacet
  facet normal 0.000000e+00 0.000000e+00 -1.000000e+00
    outer loop
      vertex   2.483797e+00 7.149781e-01 4.689574e-02
      vertex   2.879465e+00 1.192712e+00 4.689574e-02
      vertex   3.056823e+00 6.080387e-01 4.689574e-02
    endloop
  endfacet
  facet normal 1.642418e-06 -1.360279e-06 -1.000000e+00
    outer loop
      vertex   2.483797e+00 7.149781e-01 4.689574e-02
      vertex   2.327384e+00 1.402481e+00 4.689455e-02
      vertex   2.879465e+00 1.192712e+00 4.689574e-02
    endloop
  endfacet
  facet normal -1.924986e-07 -1.777740e-06 -1.000000e+00
    outer loop
      vertex   1.749948e+00 7.944414e-01 4.689574e-02
      vertex   2.327384e+00 1.402481e+00 4.689455e-02
      vertex   2.483797e+00 7.149781e-01 4.689574e-02
    endloop
  endfacet
  facet normal -3.632302e-07 -1.615602e-06 -1.000000e+00
    outer loop
      vertex   1.749948e+00 7.944414e-01 4.689574e-02
      vertex   1.634082e+00 1.558354e+00 4.689455e-02
      vertex   2.327384e+00 1.402481e+00 4.689455e-02
    endloop
  endfacet
  facet normal -9.104540e-08 -1.574319e-06 -1.000000e+00
    outer loop
      vertex   9.038181e-01 8.433744e-01 4.689574e-02
      vertex   1.634082e+00 1.558354e+00 4.689455e-02
      vertex   1.749948e+00 7.944414e-01 4.689574e-02
    endloop
  endfacet
  facet normal -1.519585e-06 -1.152400e-07 -1.000000e+00
    outer loop
      vertex   9.038181e-01 8.433744e-01 4.689574e-02
      vertex   8.423173e-01 1.654340e+00 4.689574e-02
      vertex   1.634082e+00 1.558354e+00 4.689455e-02
    endloop
  endfacet
  facet normal 0.000000e+00 0.000000e+00 -1.000000e+00
    outer loop
      vertex   4.762498e-08 8.598971e-01 4.689574e-02
      vertex   8.423173e-01 1.654340e+00 4.689574e-02
      vertex   9.038181e-01 8.433744e-01 4.689574e-02
    endloop
  endfacet
  facet normal 0.000000e+00 0.000000e+00 -1.000000e+00
    outer loop
      vertex   4.762498e-08 8.598971e-01 4.689574e-02
      vertex   1.178092e-07 1.686750e+00 4.689574e-02
      vertex   8.423173e-01 1.654340e+00 4.689574e-02
    endloop
  endfacet
  facet normal 0.000000e+00 0.000000e+00 -1.000000e+00
    outer loop
      vertex   -9.038180e-01 8.433744e-01 4.689574e-02
      vertex   1.178092e-07 1.686750e+00 4.689574e-02
      vertex   4.762498e-08 8.598971e-01 4.689574e-02
    endloop
  endfacet
  facet normal 0.000000e+00 0.000000e+00 -1.000000e+00
    outer loop
      vertex   -9.038180e-01 8.433744e-01 4.689574e-02
      vertex   -8.423173e-01 1.654340e+00 4.689574e-02
      vertex   1.178092e-07 1.686750e+00 4.689574e-02
    endloop
  endfacet
  facet normal -2.830169e-06 2.146300e-07 -1.000000e+00
    outer loop
      vertex   -1.749947e+00 7.944414e-01 4.689813e-02
      vertex   -8.423173e-01 1.654340e+00 4.689574e-02
      vertex   -9.038180e-01 8.433744e-01 4.689574e-02
    endloop
  endfacet
  facet normal 3.854500e-07 -3.179482e-06 -1.000000e+00
    outer loop
      vertex   -1.749947e+00 7.944414e-01 4.689813e-02
      vertex   -1.634082e+00 1.558354e+00 4.689574e-02
      vertex   -8.423173e-01 1.654340e+00 4.689574e-02
    endloop
  endfacet
  facet normal 3.435959e-07 -3.173134e-06 -1.000000e+00
    outer loop
      vertex   -2.483797e+00 7.149781e-01 4.689813e-02
      vertex   -1.634082e+00 1.558354e+00 4.689574e-02
      vertex   -1.749947e+00 7.944414e-01 4.689813e-02
    endloop
  endfacet
  facet normal 8.217050e-07 -3.654837e-06 -1.000000e+00
    outer loop
      vertex   -2.483797e+00 7.149781e-01 4.689813e-02
      vertex   -2.327383e+00 1.402481e+00 4.689574e-02
      vertex   -1.634082e+00 1.558354e+00 4.689574e-02
    endloop
  endfacet
  facet normal 5.021062e-06 -4.610231e-06 -1.000000e+00
    outer loop
      vertex   -3.056823e+00 6.080387e-01 4.689574e-02
      vertex   -2.327383e+00 1.402481e+00 4.689574e-02
      vertex   -2.483797e+00 7.149781e-01 4.689813e-02
    endloop
  endfacet
  facet normal 0.000000e+00 0.000000e+00 -1.000000e+00
    outer loop
      vertex   -3.056823e+00 6.080387e-01 4.689574e-02
      vertex   -2.879465e+00 1.192712e+00 4.689574e-02
      vertex   -2.327383e+00 1.402481e+00 4.689574e-02
    endloop
  endfacet
  facet normal 2.709566e-06 1.448293e-06 -1.000000e+00
    outer loop
      vertex   2.327384e+00 1.402481e+00 4.689455e-02
      vertex   2.591450e+00 1.731550e+00 4.689574e-02
      vertex   2.879465e+00 1.192712e+00 4.689574e-02
    endloop
  endfacet
  facet normal 3.010453e-06 1.206842e-06 -1.000000e+00
    outer loop
      vertex   2.327384e+00 1.402481e+00 4.689455e-02
      vertex   2.073381e+00 2.036088e+00 4.689455e-02
      vertex   2.591450e+00 1.731550e+00 4.689574e-02
    endloop
  endfacet
  facet normal 0.000000e+00 0.000000e+00 -1.000000e+00
    outer loop
      vertex   1.634082e+00 1.558354e+00 4.689455e-02
      vertex   2.073381e+00 2.036088e+00 4.689455e-02
      vertex   2.327384e+00 1.402481e+00 4.689455e-02
    endloop
  endfacet
  facet normal 0.000000e+00 0.000000e+00 -1.000000e+00
    outer loop
      vertex   1.634082e+00 1.558354e+00 4.689455e-02
      vertex   1.445927e+00 2.262380e+00 4.689455e-02
      vertex   2.073381e+00 2.036088e+00 4.689455e-02
    endloop
  endfacet
  facet normal -1.556029e-06 -4.158576e-07 -1.000000e+00
    outer loop
      vertex   8.423173e-01 1.654340e+00 4.689574e-02
      vertex   1.445927e+00 2.262380e+00 4.689455e-02
      vertex   1.634082e+00 1.558354e+00 4.689455e-02
    endloop
  endfacet
  facet normal 2.507653e-06 -4.449933e-06 -1.000000e+00
    outer loop
      vertex   8.423173e-01 1.654340e+00 4.689574e-02
      vertex   7.424452e-01 2.401730e+00 4.689217e-02
      vertex   1.445927e+00 2.262380e+00 4.689455e-02
    endloop
  endfacet
  facet normal -1.850686e-07 -4.809756e-06 -1.000000e+00
    outer loop
      vertex   1.178092e-07 1.686750e+00 4.689574e-02
      vertex   7.424452e-01 2.401730e+00 4.689217e-02
      vertex   8.423173e-01 1.654340e+00 4.689574e-02
    endloop
  endfacet
  facet normal -3.310404e-06 -1.564361e-06 -1.000000e+00
    outer loop
      vertex   1.178092e-07 1.686750e+00 4.689574e-02
      vertex   1.253289e-08 2.448782e+00 4.689455e-02
      vertex   7.424452e-01 2.401730e+00 4.689217e-02
    endloop
  endfacet
  facet normal 6.019307e-08 -1.564361e-06 -1.000000e+00
    outer loop
      vertex   -8.423173e-01 1.654340e+00 4.689574e-02
      vertex   1.253289e-08 2.448782e+00 4.689455e-02
      vertex   1.178092e-07 1.686750e+00 4.689574e-02
    endloop
  endfacet
  facet normal 3.544532e-06 -5.258674e-06 -1.000000e+00
    outer loop
      vertex   -8.423173e-01 1.654340e+00 4.689574e-02
      vertex   -7.424452e-01 2.401730e+00 4.689217e-02
      vertex   1.253289e-08 2.448782e+00 4.689455e-02
    endloop
  endfacet
  facet normal 5.896429e-07 -4.863818e-06 -1.000000e+00
    outer loop
      vertex   -1.634082e+00 1.558354e+00 4.689574e-02
      vertex   -7.424452e-01 2.401730e+00 4.689217e-02
      vertex   -8.423173e-01 1.654340e+00 4.689574e-02
    endloop
  endfacet
  facet normal -3.224410e-06 -8.315110e-07 -1.000000e+00
    outer loop
      vertex   -1.634082e+00 1.558354e+00 4.689574e-02
      vertex   -1.445927e+00 2.262380e+00 4.689455e-02
      vertex   -7.424452e-01 2.401730e+00 4.689217e-02
    endloop
  endfacet
  facet normal 4.050246e-07 -1.801496e-06 -1.000000e+00
    outer loop
      vertex   -2.327383e+00 1.402481e+00 4.689574e-02
      vertex   -1.445927e+00 2.262380e+00 4.689455e-02
      vertex   -1.634082e+00 1.558354e+00 4.689574e-02
    endloop
  endfacet
  facet normal 7.932279e-07 -2.199432e-06 -1.000000e+00
    outer loop
      vertex   -2.327383e+00 1.402481e+00 4.689574e-02
      vertex   -2.073381e+00 2.036088e+00 4.689455e-02
      vertex   -1.445927e+00 2.262380e+00 4.689455e-02
    endloop
  endfacet
  facet normal 8.433279e-07 -2.219516e-06 -1.000000e+00
    outer loop
      vertex   -2.879465e+00 1.192712e+00 4.689574e-02
      vertex   -2.073381e+00 2.036088e+00 4.689455e-02
      vertex   -2.327383e+00 1.402481e+00 4.689574e-02
    endloop
  endfacet
  facet normal -3.355266e-06 1.793427e-06 -1.000000e+00
    outer loop
      vertex   -2.879465e+00 1.192712e+00 4.689574e-02
      vertex   -2.591450e+00 1.731550e+00 4.689574e-02
      vertex   -2.073381e+00 2.036088e+00 4.689455e-02
    endloop
  endfacet
  facet normal 4.445763e-06 3.648542e-06 -1.000000e+00
    outer loop
      vertex   2.073381e+00 2.036088e+00 4.689455e-02
      vertex   2.203847e+00 2.203846e+00 4.689574e-02
      vertex   2.591450e+00 1.731550e+00 4.689574e-02
    endloop
  endfacet
  facet normal 3.559764e-06 4.337588e-06 -1.000000e+00
    outer loop
      vertex   2.073381e+00 2.036088e+00 4.689455e-02
      vertex   1.731552e+00 2.591448e+00 4.689574e-02
      vertex   2.203847e+00 2.203846e+00 4.689574e-02
    endloop
  endfacet
  facet normal 9.950252e-07 2.758967e-06 -1.000000e+00
    outer loop
      vertex   1.445927e+00 2.262380e+00 4.689455e-02
      vertex   1.731552e+00 2.591448e+00 4.689574e-02
      vertex   2.073381e+00 2.036088e+00 4.689455e-02
    endloop
  endfacet
  facet normal 1.322685e-06 2.474566e-06 -1.000000e+00
    outer loop
      vertex   1.445927e+00 2.262380e+00 4.689455e-02
      vertex   1.192714e+00 2.879464e+00 4.689574e-02
      vertex   1.731552e+00 2.591448e+00 4.689574e-02
    endloop
  endfacet
  facet normal 4.105490e-06 3.616460e-06 -1.000000e+00
    outer loop
      vertex   7.424452e-01 2.401730e+00 4.689217e-02
      vertex   1.192714e+00 2.879464e+00 4.689574e-02
      vertex   1.445927e+00 2.262380e+00 4.689455e-02
    endloop
  endfacet
  facet normal 1.765933e-06 5.821512e-06 -1.000000e+00
    outer loop
      vertex   7.424452e-01 2.401730e+00 4.689217e-02
      vertex   6.080401e-01 3.056822e+00 4.689574e-02
      vertex   1.192714e+00 2.879464e+00 4.689574e-02
    endloop
  endfacet
  facet normal -2.903030e-06 4.863582e-06 -1.000000e+00
    outer loop
      vertex   1.253289e-08 2.448782e+00 4.689455e-02
      vertex   6.080401e-01 3.056822e+00 4.689574e-02
      vertex   7.424452e-01 2.401730e+00 4.689217e-02
    endloop
  endfacet
  facet normal 1.757838e-07 1.784767e-06 -1.000000e+00
    outer loop
      vertex   1.253289e-08 2.448782e+00 4.689455e-02
      vertex   1.065445e-08 3.116709e+00 4.689574e-02
      vertex   6.080401e-01 3.056822e+00 4.689574e-02
    endloop
  endfacet
  facet normal 3.098151e-06 1.784767e-06 -1.000000e+00
    outer loop
      vertex   -7.424452e-01 2.401730e+00 4.689217e-02
      vertex   1.065445e-08 3.116709e+00 4.689574e-02
      vertex   1.253289e-08 2.448782e+00 4.689455e-02
    endloop
  endfacet
  facet normal -5.487718e-07 5.571787e-06 -1.000000e+00
    outer loop
      vertex   -7.424452e-01 2.401730e+00 4.689217e-02
      vertex   -6.080401e-01 3.056822e+00 4.689574e-02
      vertex   1.065445e-08 3.116709e+00 4.689574e-02
    endloop
  endfacet
  facet normal -4.659892e-06 6.415264e-06 -1.000000e+00
    outer loop
      vertex   -1.445927e+00 2.262380e+00 4.689455e-02
      vertex   -6.080401e-01 3.056822e+00 4.689574e-02
      vertex   -7.424452e-01 2.401730e+00 4.689217e-02
    endloop
  endfacet
  facet normal -6.693227e-07 2.206466e-06 -1.000000e+00
    outer loop
      vertex   -1.445927e+00 2.262380e+00 4.689455e-02
      vertex   -1.192714e+00 2.879464e+00 4.689574e-02
      vertex   -6.080401e-01 3.056822e+00 4.689574e-02
    endloop
  endfacet
  facet normal -8.177271e-07 2.267362e-06 -1.000000e+00
    outer loop
      vertex   -2.073381e+00 2.036088e+00 4.689455e-02
      vertex   -1.192714e+00 2.879464e+00 4.689574e-02
      vertex   -1.445927e+00 2.262380e+00 4.689455e-02
    endloop
  endfacet
  facet normal -1.709888e-06 3.198972e-06 -1.000000e+00
    outer loop
      vertex   -2.073381e+00 2.036088e+00 4.689455e-02
      vertex   -1.731552e+00 2.591448e+00 4.689574e-02
      vertex   -1.192714e+00 2.879464e+00 4.689574e-02
    endloop
  endfacet
  facet normal -5.582757e-06 5.582758e-06 -1.000000e+00
    outer loop
      vertex   -2.591450e+00 1.731550e+00 4.689574e-02
      vertex   -1.731552e+00 2.591448e+00 4.689574e-02
      vertex   -2.073381e+00 2.036088e+00 4.689455e-02
    endloop
  endfacet
  facet normal 0.000000e+00 0.000000e+00 -1.000000e+00
    outer loop
      vertex   -2.591450e+00 1.731550e+00 4.689574e-02
      vertex   -2.203847e+00 2.203846e+00 4.689574e-02
      vertex   -1.731552e+00 2.591448e+00 4.689574e-02
    endloop
  endfacet
  facet normal -2.580201e-01 -1.379147e-01 -9.562453e-01
    outer loop
      vertex   4.695932e+00 1.945117e+00 -5.517519e-01
      vertex   3.629242e+00 2.424981e+00 -3.331393e-01
      vertex   4.226227e+00 2.823873e+00 -5.517519e-01
    endloop
  endfacet
  facet normal -2.580202e-01 -1.379148e-01 -9.562453e-01
    outer loop
      vertex   4.695932e+00 1.945117e+00 -5.517519e-01
      vertex   4.032598e+00 1.670355e+00 -3.331393e-01
      vertex   3.629242e+00 2.424981e+00 -3.331393e-01
    endloop
  endfacet
  facet normal 2.911573e-01 -2.867636e-02 -9.562453e-01
    outer loop
      vertex   -4.985175e+00 9.916115e-01 -5.517519e-01
      vertex   -4.364853e+00 -1.387166e-06 -3.331393e-01
      vertex   -5.082840e+00 -1.410180e-06 -5.517519e-01
    endloop
  endfacet
  facet normal 2.911573e-01 -2.867638e-02 -9.562453e-01
    outer loop
      vertex   -4.985175e+00 9.916115e-01 -5.517519e-01
      vertex   -4.280984e+00 8.515391e-01 -3.331393e-01
      vertex   -4.364853e+00 -1.387166e-06 -3.331393e-01
    endloop
  endfacet
  facet normal -1.856016e-01 2.261562e-01 -9.562455e-01
    outer loop
      vertex   2.823875e+00 -4.226228e+00 -5.517483e-01
      vertex   3.086417e+00 -3.086419e+00 -3.331363e-01
      vertex   3.594111e+00 -3.594112e+00 -5.517483e-01
    endloop
  endfacet
  facet normal -1.856013e-01 2.261562e-01 -9.562455e-01
    outer loop
      vertex   2.823875e+00 -4.226228e+00 -5.517483e-01
      vertex   2.424982e+00 -3.629244e+00 -3.331363e-01
      vertex   3.086417e+00 -3.086419e+00 -3.331363e-01
    endloop
  endfacet
  facet normal -2.911573e-01 -2.867636e-02 -9.562453e-01
    outer loop
      vertex   5.082840e+00 -1.410180e-06 -5.517519e-01
      vertex   4.280984e+00 8.515391e-01 -3.331393e-01
      vertex   4.985175e+00 9.916115e-01 -5.517519e-01
    endloop
  endfacet
  facet normal -2.911573e-01 -2.867639e-02 -9.562453e-01
    outer loop
      vertex   5.082840e+00 -1.410180e-06 -5.517519e-01
      vertex   4.364853e+00 -1.387166e-06 -3.331393e-01
      vertex   4.280984e+00 8.515391e-01 -3.331393e-01
    endloop
  endfacet
  facet normal 2.261566e-01 -1.856020e-01 -9.562453e-01
    outer loop
      vertex   -3.594111e+00 3.594109e+00 -5.517519e-01
      vertex   -3.629242e+00 2.424981e+00 -3.331393e-01
      vertex   -4.226227e+00 2.823873e+00 -5.517519e-01
    endloop
  endfacet
  facet normal 2.261569e-01 -1.856020e-01 -9.562452e-01
    outer loop
      vertex   -3.594111e+00 3.594109e+00 -5.517519e-01
      vertex   -3.086417e+00 3.086416e+00 -3.331393e-01
      vertex   -3.629242e+00 2.424981e+00 -3.331393e-01
    endloop
  endfacet
  facet normal -2.867617e-02 2.911563e-01 -9.562456e-01
    outer loop
      vertex   6.306997e-09 -5.082841e+00 -5.517483e-01
      vertex   8.515405e-01 -4.280984e+00 -3.331363e-01
      vertex   9.916129e-01 -4.985176e+00 -5.517483e-01
    endloop
  endfacet
  facet normal -2.867652e-02 2.911566e-01 -9.562455e-01
    outer loop
      vertex   6.306997e-09 -5.082841e+00 -5.517483e-01
      vertex   7.894592e-09 -4.364854e+00 -3.331363e-01
      vertex   8.515405e-01 -4.280984e+00 -3.331363e-01
    endloop
  endfacet
  facet normal 8.492714e-02 2.799673e-01 -9.562456e-01
    outer loop
      vertex   -1.945119e+00 -4.695933e+00 -5.517483e-01
      vertex   -8.515405e-01 -4.280984e+00 -3.331363e-01
      vertex   -9.916129e-01 -4.985176e+00 -5.517483e-01
    endloop
  endfacet
  facet normal 8.492694e-02 2.799677e-01 -9.562455e-01
    outer loop
      vertex   -1.945119e+00 -4.695933e+00 -5.517483e-01
      vertex   -1.670357e+00 -4.032600e+00 -3.331363e-01
      vertex   -8.515405e-01 -4.280984e+00 -3.331363e-01
    endloop
  endfacet
  facet normal -2.261568e-01 -1.856021e-01 -9.562452e-01
    outer loop
      vertex   4.226227e+00 2.823873e+00 -5.517519e-01
      vertex   3.086417e+00 3.086416e+00 -3.331393e-01
      vertex   3.594111e+00 3.594109e+00 -5.517519e-01
    endloop
  endfacet
  facet normal -2.261567e-01 -1.856018e-01 -9.562453e-01
    outer loop
      vertex   4.226227e+00 2.823873e+00 -5.517519e-01
      vertex   3.629242e+00 2.424981e+00 -3.331393e-01
      vertex   3.086417e+00 3.086416e+00 -3.331393e-01
    endloop
  endfacet
  facet normal -1.379144e-01 2.580195e-01 -9.562455e-01
    outer loop
      vertex   1.945119e+00 -4.695933e+00 -5.517483e-01
      vertex   2.424982e+00 -3.629244e+00 -3.331363e-01
      vertex   2.823875e+00 -4.226228e+00 -5.517483e-01
    endloop
  endfacet
  facet normal -1.379145e-01 2.580195e-01 -9.562455e-01
    outer loop
      vertex   1.945119e+00 -4.695933e+00 -5.517483e-01
      vertex   1.670357e+00 -4.032600e+00 -3.331363e-01
      vertex   2.424982e+00 -3.629244e+00 -3.331363e-01
    endloop
  endfacet
  facet normal -8.492724e-02 2.799676e-01 -9.562455e-01
    outer loop
      vertex   9.916129e-01 -4.985176e+00 -5.517483e-01
      vertex   1.670357e+00 -4.032600e+00 -3.331363e-01
      vertex   1.945119e+00 -4.695933e+00 -5.517483e-01
    endloop
  endfacet
  facet normal -8.492682e-02 2.799673e-01 -9.562456e-01
    outer loop
      vertex   9.916129e-01 -4.985176e+00 -5.517483e-01
      vertex   8.515405e-01 -4.280984e+00 -3.331363e-01
      vertex   1.670357e+00 -4.032600e+00 -3.331363e-01
    endloop
  endfacet
  facet normal -1.856020e-01 -2.261567e-01 -9.562453e-01
    outer loop
      vertex   3.594111e+00 3.594109e+00 -5.517519e-01
      vertex   2.424982e+00 3.629241e+00 -3.331393e-01
      vertex   2.823875e+00 4.226225e+00 -5.517519e-01
    endloop
  endfacet
  facet normal -1.856020e-01 -2.261569e-01 -9.562452e-01
    outer loop
      vertex   3.594111e+00 3.594109e+00 -5.517519e-01
      vertex   3.086417e+00 3.086416e+00 -3.331393e-01
      vertex   2.424982e+00 3.629241e+00 -3.331393e-01
    endloop
  endfacet
  facet normal 1.856015e-01 2.261561e-01 -9.562455e-01
    outer loop
      vertex   -3.594111e+00 -3.594112e+00 -5.517483e-01
      vertex   -2.424982e+00 -3.629244e+00 -3.331363e-01
      vertex   -2.823875e+00 -4.226228e+00 -5.517483e-01
    endloop
  endfacet
  facet normal 1.856015e-01 2.261564e-01 -9.562455e-01
    outer loop
      vertex   -3.594111e+00 -3.594112e+00 -5.517483e-01
      vertex   -3.086417e+00 -3.086419e+00 -3.331363e-01
      vertex   -2.424982e+00 -3.629244e+00 -3.331363e-01
    endloop
  endfacet
  facet normal 1.856021e-01 -2.261568e-01 -9.562452e-01
    outer loop
      vertex   -2.823875e+00 4.226225e+00 -5.517519e-01
      vertex   -3.086417e+00 3.086416e+00 -3.331393e-01
      vertex   -3.594111e+00 3.594109e+00 -5.517519e-01
    endloop
  endfacet
  facet normal 1.856019e-01 -2.261568e-01 -9.562453e-01
    outer loop
      vertex   -2.823875e+00 4.226225e+00 -5.517519e-01
      vertex   -2.424982e+00 3.629241e+00 -3.331393e-01
      vertex   -3.086417e+00 3.086416e+00 -3.331393e-01
    endloop
  endfacet
  facet normal -2.799683e-01 -8.492737e-02 -9.562453e-01
    outer loop
      vertex   4.985175e+00 9.916115e-01 -5.517519e-01
      vertex   4.032598e+00 1.670355e+00 -3.331393e-01
      vertex   4.695932e+00 1.945117e+00 -5.517519e-01
    endloop
  endfacet
  facet normal -2.799683e-01 -8.492741e-02 -9.562453e-01
    outer loop
      vertex   4.985175e+00 9.916115e-01 -5.517519e-01
      vertex   4.280984e+00 8.515391e-01 -3.331393e-01
      vertex   4.032598e+00 1.670355e+00 -3.331393e-01
    endloop
  endfacet
  facet normal -1.379148e-01 -2.580201e-01 -9.562453e-01
    outer loop
      vertex   2.823875e+00 4.226225e+00 -5.517519e-01
      vertex   1.670357e+00 4.032597e+00 -3.331393e-01
      vertex   1.945119e+00 4.695930e+00 -5.517519e-01
    endloop
  endfacet
  facet normal -1.379147e-01 -2.580204e-01 -9.562453e-01
    outer loop
      vertex   2.823875e+00 4.226225e+00 -5.517519e-01
      vertex   2.424982e+00 3.629241e+00 -3.331393e-01
      vertex   1.670357e+00 4.032597e+00 -3.331393e-01
    endloop
  endfacet
  facet normal -2.911573e-01 2.867636e-02 -9.562453e-01
    outer loop
      vertex   4.985175e+00 -9.916143e-01 -5.517519e-01
      vertex   4.364853e+00 -1.387166e-06 -3.331393e-01
      vertex   5.082840e+00 -1.410180e-06 -5.517519e-01
    endloop
  endfacet
  facet normal -2.911573e-01 2.867638e-02 -9.562453e-01
    outer loop
      vertex   4.985175e+00 -9.916143e-01 -5.517519e-01
      vertex   4.280984e+00 -8.515419e-01 -3.331393e-01
      vertex   4.364853e+00 -1.387166e-06 -3.331393e-01
    endloop
  endfacet
  facet normal -8.492741e-02 -2.799682e-01 -9.562453e-01
    outer loop
      vertex   1.945119e+00 4.695930e+00 -5.517519e-01
      vertex   8.515405e-01 4.280982e+00 -3.331393e-01
      vertex   9.916129e-01 4.985173e+00 -5.517519e-01
    endloop
  endfacet
  facet normal -8.492739e-02 -2.799682e-01 -9.562453e-01
    outer loop
      vertex   1.945119e+00 4.695930e+00 -5.517519e-01
      vertex   1.670357e+00 4.032597e+00 -3.331393e-01
      vertex   8.515405e-01 4.280982e+00 -3.331393e-01
    endloop
  endfacet
  facet normal 1.379145e-01 2.580196e-01 -9.562455e-01
    outer loop
      vertex   -2.823875e+00 -4.226228e+00 -5.517483e-01
      vertex   -1.670357e+00 -4.032600e+00 -3.331363e-01
      vertex   -1.945119e+00 -4.695933e+00 -5.517483e-01
    endloop
  endfacet
  facet normal 1.379145e-01 2.580195e-01 -9.562455e-01
    outer loop
      vertex   -2.823875e+00 -4.226228e+00 -5.517483e-01
      vertex   -2.424982e+00 -3.629244e+00 -3.331363e-01
      vertex   -1.670357e+00 -4.032600e+00 -3.331363e-01
    endloop
  endfacet
  facet normal 2.867620e-02 2.911566e-01 -9.562455e-01
    outer loop
      vertex   -9.916129e-01 -4.985176e+00 -5.517483e-01
      vertex   7.894592e-09 -4.364854e+00 -3.331363e-01
      vertex   6.306997e-09 -5.082841e+00 -5.517483e-01
    endloop
  endfacet
  facet normal 2.867648e-02 2.911562e-01 -9.562456e-01
    outer loop
      vertex   -9.916129e-01 -4.985176e+00 -5.517483e-01
      vertex   -8.515405e-01 -4.280984e+00 -3.331363e-01
      vertex   7.894592e-09 -4.364854e+00 -3.331363e-01
    endloop
  endfacet
  facet normal 2.580194e-01 1.379144e-01 -9.562456e-01
    outer loop
      vertex   -4.695932e+00 -1.945120e+00 -5.517483e-01
      vertex   -3.629242e+00 -2.424984e+00 -3.331363e-01
      vertex   -4.226227e+00 -2.823876e+00 -5.517483e-01
    endloop
  endfacet
  facet normal 2.580176e-01 1.379097e-01 -9.562468e-01
    outer loop
      vertex   -4.695932e+00 -1.945120e+00 -5.517483e-01
      vertex   -4.032598e+00 -1.670358e+00 -3.331393e-01
      vertex   -3.629242e+00 -2.424984e+00 -3.331363e-01
    endloop
  endfacet
  facet normal -2.261560e-01 1.856014e-01 -9.562456e-01
    outer loop
      vertex   3.594111e+00 -3.594112e+00 -5.517483e-01
      vertex   3.629242e+00 -2.424984e+00 -3.331363e-01
      vertex   4.226227e+00 -2.823876e+00 -5.517483e-01
    endloop
  endfacet
  facet normal -2.261564e-01 1.856014e-01 -9.562455e-01
    outer loop
      vertex   3.594111e+00 -3.594112e+00 -5.517483e-01
      vertex   3.086417e+00 -3.086419e+00 -3.331363e-01
      vertex   3.629242e+00 -2.424984e+00 -3.331363e-01
    endloop
  endfacet
  facet normal -2.799690e-01 8.492399e-02 -9.562454e-01
    outer loop
      vertex   4.695932e+00 -1.945120e+00 -5.517483e-01
      vertex   4.280984e+00 -8.515419e-01 -3.331393e-01
      vertex   4.985175e+00 -9.916143e-01 -5.517519e-01
    endloop
  endfacet
  facet normal -2.799641e-01 8.492612e-02 -9.562467e-01
    outer loop
      vertex   4.695932e+00 -1.945120e+00 -5.517483e-01
      vertex   4.032598e+00 -1.670358e+00 -3.331393e-01
      vertex   4.280984e+00 -8.515419e-01 -3.331393e-01
    endloop
  endfacet
  facet normal 2.911573e-01 2.867636e-02 -9.562453e-01
    outer loop
      vertex   -5.082840e+00 -1.410180e-06 -5.517519e-01
      vertex   -4.280984e+00 -8.515419e-01 -3.331393e-01
      vertex   -4.985175e+00 -9.916143e-01 -5.517519e-01
    endloop
  endfacet
  facet normal 2.911573e-01 2.867639e-02 -9.562453e-01
    outer loop
      vertex   -5.082840e+00 -1.410180e-06 -5.517519e-01
      vertex   -4.364853e+00 -1.387166e-06 -3.331393e-01
      vertex   -4.280984e+00 -8.515419e-01 -3.331393e-01
    endloop
  endfacet
  facet normal 2.799654e-01 8.492289e-02 -9.562466e-01
    outer loop
      vertex   -4.985175e+00 -9.916143e-01 -5.517519e-01
      vertex   -4.032598e+00 -1.670358e+00 -3.331393e-01
      vertex   -4.695932e+00 -1.945120e+00 -5.517483e-01
    endloop
  endfacet
  facet normal 2.799683e-01 8.492741e-02 -9.562453e-01
    outer loop
      vertex   -4.985175e+00 -9.916143e-01 -5.517519e-01
      vertex   -4.280984e+00 -8.515419e-01 -3.331393e-01
      vertex   -4.032598e+00 -1.670358e+00 -3.331393e-01
    endloop
  endfacet
  facet normal 8.492742e-02 -2.799682e-01 -9.562453e-01
    outer loop
      vertex   -9.916129e-01 4.985173e+00 -5.517519e-01
      vertex   -1.670357e+00 4.032597e+00 -3.331393e-01
      vertex   -1.945119e+00 4.695930e+00 -5.517519e-01
    endloop
  endfacet
  facet normal 8.492738e-02 -2.799682e-01 -9.562453e-01
    outer loop
      vertex   -9.916129e-01 4.985173e+00 -5.517519e-01
      vertex   -8.515405e-01 4.280982e+00 -3.331393e-01
      vertex   -1.670357e+00 4.032597e+00 -3.331393e-01
    endloop
  endfacet
  facet normal 1.379148e-01 -2.580203e-01 -9.562453e-01
    outer loop
      vertex   -1.945119e+00 4.695930e+00 -5.517519e-01
      vertex   -2.424982e+00 3.629241e+00 -3.331393e-01
      vertex   -2.823875e+00 4.226225e+00 -5.517519e-01
    endloop
  endfacet
  facet normal 1.379146e-01 -2.580202e-01 -9.562453e-01
    outer loop
      vertex   -1.945119e+00 4.695930e+00 -5.517519e-01
      vertex   -1.670357e+00 4.032597e+00 -3.331393e-01
      vertex   -2.424982e+00 3.629241e+00 -3.331393e-01
    endloop
  endfacet
  facet normal 2.261562e-01 1.856016e-01 -9.562455e-01
    outer loop
      vertex   -4.226227e+00 -2.823876e+00 -5.517483e-01
      vertex   -3.086417e+00 -3.086419e+00 -3.331363e-01
      vertex   -3.594111e+00 -3.594112e+00 -5.517483e-01
    endloop
  endfacet
  facet normal 2.261561e-01 1.856012e-01 -9.562456e-01
    outer loop
      vertex   -4.226227e+00 -2.823876e+00 -5.517483e-01
      vertex   -3.629242e+00 -2.424984e+00 -3.331363e-01
      vertex   -3.086417e+00 -3.086419e+00 -3.331363e-01
    endloop
  endfacet
  facet normal -2.580163e-01 1.379127e-01 -9.562467e-01
    outer loop
      vertex   4.226227e+00 -2.823876e+00 -5.517483e-01
      vertex   4.032598e+00 -1.670358e+00 -3.331393e-01
      vertex   4.695932e+00 -1.945120e+00 -5.517483e-01
    endloop
  endfacet
  facet normal -2.580212e-01 1.379116e-01 -9.562455e-01
    outer loop
      vertex   4.226227e+00 -2.823876e+00 -5.517483e-01
      vertex   3.629242e+00 -2.424984e+00 -3.331363e-01
      vertex   4.032598e+00 -1.670358e+00 -3.331393e-01
    endloop
  endfacet
  facet normal -2.867628e-02 -2.911573e-01 -9.562453e-01
    outer loop
      vertex   9.916129e-01 4.985173e+00 -5.517519e-01
      vertex   7.894592e-09 4.364851e+00 -3.331393e-01
      vertex   6.306997e-09 5.082838e+00 -5.517519e-01
    endloop
  endfacet
  facet normal -2.867637e-02 -2.911572e-01 -9.562453e-01
    outer loop
      vertex   9.916129e-01 4.985173e+00 -5.517519e-01
      vertex   8.515405e-01 4.280982e+00 -3.331393e-01
      vertex   7.894592e-09 4.364851e+00 -3.331393e-01
    endloop
  endfacet
  facet normal 2.799683e-01 -8.492738e-02 -9.562453e-01
    outer loop
      vertex   -4.695932e+00 1.945117e+00 -5.517519e-01
      vertex   -4.280984e+00 8.515391e-01 -3.331393e-01
      vertex   -4.985175e+00 9.916115e-01 -5.517519e-01
    endloop
  endfacet
  facet normal 2.799683e-01 -8.492740e-02 -9.562453e-01
    outer loop
      vertex   -4.695932e+00 1.945117e+00 -5.517519e-01
      vertex   -4.032598e+00 1.670355e+00 -3.331393e-01
      vertex   -4.280984e+00 8.515391e-01 -3.331393e-01
    endloop
  endfacet
  facet normal 2.580202e-01 -1.379148e-01 -9.562453e-01
    outer loop
      vertex   -4.226227e+00 2.823873e+00 -5.517519e-01
      vertex   -4.032598e+00 1.670355e+00 -3.331393e-01
      vertex   -4.695932e+00 1.945117e+00 -5.517519e-01
    endloop
  endfacet
  facet normal 2.580201e-01 -1.379148e-01 -9.562453e-01
    outer loop
      vertex   -4.226227e+00 2.823873e+00 -5.517519e-01
      vertex   -3.629242e+00 2.424981e+00 -3.331393e-01
      vertex   -4.032598e+00 1.670355e+00 -3.331393e-01
    endloop
  endfacet
  facet normal 2.867626e-02 -2.911572e-01 -9.562453e-01
    outer loop
      vertex   6.306997e-09 5.082838e+00 -5.517519e-01
      vertex   -8.515405e-01 4.280982e+00 -3.331393e-01
      vertex   -9.916129e-01 4.985173e+00 -5.517519e-01
    endloop
  endfacet
  facet normal 2.867639e-02 -2.911573e-01 -9.562453e-01
    outer loop
      vertex   6.306997e-09 5.082838e+00 -5.517519e-01
      vertex   7.894592e-09 4.364851e+00 -3.331393e-01
      vertex   -8.515405e-01 4.280982e+00 -3.331393e-01
    endloop
  endfacet
  facet normal 2.867645e-02 -2.911580e-01 -9.562451e-01
    outer loop
      vertex   7.894592e-09 4.364851e+00 -3.331393e-01
      vertex   -6.080401e-01 3.056822e+00 4.689574e-02
      vertex   -8.515405e-01 4.280982e+00 -3.331393e-01
    endloop
  endfacet
  facet normal 2.867650e-02 -2.911581e-01 -9.562451e-01
    outer loop
      vertex   7.894592e-09 4.364851e+00 -3.331393e-01
      vertex   1.065445e-08 3.116709e+00 4.689574e-02
      vertex   -6.080401e-01 3.056822e+00 4.689574e-02
    endloop
  endfacet
  facet normal 7.868998e-02 7.989464e-01 -5.962319e-01
    outer loop
      vertex   5.208982e-09 5.347888e+00 -4.344791e-01
      vertex   1.084541e+00 5.452356e+00 -1.513565e-01
      vertex   1.043321e+00 5.245129e+00 -4.344791e-01
    endloop
  endfacet
  facet normal 7.869050e-02 7.989452e-01 -5.962335e-01
    outer loop
      vertex   5.208982e-09 5.347888e+00 -4.344791e-01
      vertex   3.298336e-09 5.559173e+00 -1.513594e-01
      vertex   1.084541e+00 5.452356e+00 -1.513565e-01
    endloop
  endfacet
  facet normal 3.981977e-02 4.043000e-01 -9.137592e-01
    outer loop
      vertex   6.306997e-09 5.082838e+00 -5.517519e-01
      vertex   1.043321e+00 5.245129e+00 -4.344791e-01
      vertex   9.916129e-01 4.985173e+00 -5.517519e-01
    endloop
  endfacet
  facet normal 3.982019e-02 4.042980e-01 -9.137601e-01
    outer loop
      vertex   6.306997e-09 5.082838e+00 -5.517519e-01
      vertex   5.208982e-09 5.347888e+00 -4.344791e-01
      vertex   1.043321e+00 5.245129e+00 -4.344791e-01
    endloop
  endfacet
  facet normal 3.784435e-01 7.080170e-01 -5.962319e-01
    outer loop
      vertex   2.046548e+00 4.940804e+00 -4.344785e-01
      vertex   3.088512e+00 4.622283e+00 -1.513565e-01
      vertex   2.971128e+00 4.446605e+00 -4.344785e-01
    endloop
  endfacet
  facet normal 3.784435e-01 7.080168e-01 -5.962321e-01
    outer loop
      vertex   2.046548e+00 4.940804e+00 -4.344785e-01
      vertex   2.127404e+00 5.136007e+00 -1.513565e-01
      vertex   3.088512e+00 4.622283e+00 -1.513565e-01
    endloop
  endfacet
  facet normal 1.915086e-01 3.582871e-01 -9.137586e-01
    outer loop
      vertex   1.945119e+00 4.695930e+00 -5.517519e-01
      vertex   2.971128e+00 4.446605e+00 -4.344785e-01
      vertex   2.823875e+00 4.226225e+00 -5.517519e-01
    endloop
  endfacet
  facet normal 1.915086e-01 3.582868e-01 -9.137587e-01
    outer loop
      vertex   1.945119e+00 4.695930e+00 -5.517519e-01
      vertex   2.046548e+00 4.940804e+00 -4.344785e-01
      vertex   2.971128e+00 4.446605e+00 -4.344785e-01
    endloop
  endfacet
  facet normal 7.682435e-01 2.330439e-01 -5.962319e-01
    outer loop
      vertex   4.940805e+00 2.046547e+00 -4.344785e-01
      vertex   5.452357e+00 1.084540e+00 -1.513559e-01
      vertex   5.245130e+00 1.043320e+00 -4.344785e-01
    endloop
  endfacet
  facet normal 7.682437e-01 2.330440e-01 -5.962315e-01
    outer loop
      vertex   4.940805e+00 2.046547e+00 -4.344785e-01
      vertex   5.136008e+00 2.127403e+00 -1.513565e-01
      vertex   5.452357e+00 1.084540e+00 -1.513559e-01
    endloop
  endfacet
  facet normal 3.887649e-01 1.179305e-01 -9.137583e-01
    outer loop
      vertex   4.695932e+00 1.945117e+00 -5.517519e-01
      vertex   5.245130e+00 1.043320e+00 -4.344785e-01
      vertex   4.985175e+00 9.916115e-01 -5.517519e-01
    endloop
  endfacet
  facet normal 3.887648e-01 1.179304e-01 -9.137584e-01
    outer loop
      vertex   4.695932e+00 1.945117e+00 -5.517519e-01
      vertex   4.940805e+00 2.046547e+00 -4.344785e-01
      vertex   5.245130e+00 1.043320e+00 -4.344785e-01
    endloop
  endfacet
  facet normal 7.989483e-01 7.869016e-02 -5.962294e-01
    outer loop
      vertex   5.245130e+00 1.043320e+00 -4.344785e-01
      vertex   5.559174e+00 -1.370830e-06 -1.513559e-01
      vertex   5.347889e+00 -1.398677e-06 -4.344785e-01
    endloop
  endfacet
  facet normal 7.989466e-01 7.868900e-02 -5.962319e-01
    outer loop
      vertex   5.245130e+00 1.043320e+00 -4.344785e-01
      vertex   5.452357e+00 1.084540e+00 -1.513559e-01
      vertex   5.559174e+00 -1.370830e-06 -1.513559e-01
    endloop
  endfacet
  facet normal 4.043004e-01 3.981993e-02 -9.137590e-01
    outer loop
      vertex   4.985175e+00 9.916115e-01 -5.517519e-01
      vertex   5.347889e+00 -1.398677e-06 -4.344785e-01
      vertex   5.082840e+00 -1.410180e-06 -5.517519e-01
    endloop
  endfacet
  facet normal 4.043020e-01 3.982059e-02 -9.137583e-01
    outer loop
      vertex   4.985175e+00 9.916115e-01 -5.517519e-01
      vertex   5.245130e+00 1.043320e+00 -4.344785e-01
      vertex   5.347889e+00 -1.398677e-06 -4.344785e-01
    endloop
  endfacet
  facet normal 7.989464e-01 -7.868998e-02 -5.962319e-01
    outer loop
      vertex   5.347889e+00 -1.398677e-06 -4.344785e-01
      vertex   5.452357e+00 -1.084543e+00 -1.513559e-01
      vertex   5.245130e+00 -1.043323e+00 -4.344785e-01
    endloop
  endfacet
  facet normal 7.989483e-01 -7.868916e-02 -5.962295e-01
    outer loop
      vertex   5.347889e+00 -1.398677e-06 -4.344785e-01
      vertex   5.559174e+00 -1.370830e-06 -1.513559e-01
      vertex   5.452357e+00 -1.084543e+00 -1.513559e-01
    endloop
  endfacet
  facet normal 4.043021e-01 -3.982009e-02 -9.137583e-01
    outer loop
      vertex   5.082840e+00 -1.410180e-06 -5.517519e-01
      vertex   5.245130e+00 -1.043323e+00 -4.344785e-01
      vertex   4.985175e+00 -9.916143e-01 -5.517519e-01
    endloop
  endfacet
  facet normal 4.043004e-01 -3.982043e-02 -9.137590e-01
    outer loop
      vertex   5.082840e+00 -1.410180e-06 -5.517519e-01
      vertex   5.347889e+00 -1.398677e-06 -4.344785e-01
      vertex   5.245130e+00 -1.043323e+00 -4.344785e-01
    endloop
  endfacet
  facet normal 5.092976e-01 -6.205810e-01 -5.962342e-01
    outer loop
      vertex   3.781528e+00 -3.781530e+00 -4.344761e-01
      vertex   3.088512e+00 -4.622286e+00 -1.513559e-01
      vertex   2.971128e+00 -4.446608e+00 -4.344761e-01
    endloop
  endfacet
  facet normal 5.092973e-01 -6.205809e-01 -5.962345e-01
    outer loop
      vertex   3.781528e+00 -3.781530e+00 -4.344761e-01
      vertex   3.930930e+00 -3.930932e+00 -1.513559e-01
      vertex   3.088512e+00 -4.622286e+00 -1.513559e-01
    endloop
  endfacet
  facet normal 2.577248e-01 -3.140387e-01 -9.137602e-01
    outer loop
      vertex   3.594111e+00 -3.594112e+00 -5.517483e-01
      vertex   2.971128e+00 -4.446608e+00 -4.344761e-01
      vertex   2.823875e+00 -4.226228e+00 -5.517483e-01
    endloop
  endfacet
  facet normal 2.577248e-01 -3.140386e-01 -9.137602e-01
    outer loop
      vertex   3.594111e+00 -3.594112e+00 -5.517483e-01
      vertex   3.781528e+00 -3.781530e+00 -4.344761e-01
      vertex   2.971128e+00 -4.446608e+00 -4.344761e-01
    endloop
  endfacet
  facet normal 3.784426e-01 -7.080161e-01 -5.962335e-01
    outer loop
      vertex   2.971128e+00 -4.446608e+00 -4.344761e-01
      vertex   2.127404e+00 -5.136009e+00 -1.513559e-01
      vertex   2.046548e+00 -4.940806e+00 -4.344761e-01
    endloop
  endfacet
  facet normal 3.784420e-01 -7.080158e-01 -5.962343e-01
    outer loop
      vertex   2.971128e+00 -4.446608e+00 -4.344761e-01
      vertex   3.088512e+00 -4.622286e+00 -1.513559e-01
      vertex   2.127404e+00 -5.136009e+00 -1.513559e-01
    endloop
  endfacet
  facet normal 1.915072e-01 -3.582844e-01 -9.137600e-01
    outer loop
      vertex   2.823875e+00 -4.226228e+00 -5.517483e-01
      vertex   2.046548e+00 -4.940806e+00 -4.344761e-01
      vertex   1.945119e+00 -4.695933e+00 -5.517483e-01
    endloop
  endfacet
  facet normal 1.915069e-01 -3.582841e-01 -9.137601e-01
    outer loop
      vertex   2.823875e+00 -4.226228e+00 -5.517483e-01
      vertex   2.971128e+00 -4.446608e+00 -4.344761e-01
      vertex   2.046548e+00 -4.940806e+00 -4.344761e-01
    endloop
  endfacet
  facet normal 2.330432e-01 -7.682445e-01 -5.962309e-01
    outer loop
      vertex   2.046548e+00 -4.940806e+00 -4.344761e-01
      vertex   1.084541e+00 -5.452358e+00 -1.513523e-01
      vertex   1.043321e+00 -5.245131e+00 -4.344749e-01
    endloop
  endfacet
  facet normal 2.330417e-01 -7.682430e-01 -5.962334e-01
    outer loop
      vertex   2.046548e+00 -4.940806e+00 -4.344761e-01
      vertex   2.127404e+00 -5.136009e+00 -1.513559e-01
      vertex   1.084541e+00 -5.452358e+00 -1.513523e-01
    endloop
  endfacet
  facet normal 1.179306e-01 -3.887653e-01 -9.137581e-01
    outer loop
      vertex   1.945119e+00 -4.695933e+00 -5.517483e-01
      vertex   1.043321e+00 -5.245131e+00 -4.344749e-01
      vertex   9.916129e-01 -4.985176e+00 -5.517483e-01
    endloop
  endfacet
  facet normal 1.179282e-01 -3.887617e-01 -9.137600e-01
    outer loop
      vertex   1.945119e+00 -4.695933e+00 -5.517483e-01
      vertex   2.046548e+00 -4.940806e+00 -4.344761e-01
      vertex   1.043321e+00 -5.245131e+00 -4.344749e-01
    endloop
  endfacet
  facet normal -7.868961e-02 -7.989473e-01 -5.962308e-01
    outer loop
      vertex   5.208982e-09 -5.347890e+00 -4.344749e-01
      vertex   -1.084541e+00 -5.452358e+00 -1.513523e-01
      vertex   -1.043321e+00 -5.245131e+00 -4.344749e-01
    endloop
  endfacet
  facet normal -7.869113e-02 -7.989438e-01 -5.962353e-01
    outer loop
      vertex   5.208982e-09 -5.347890e+00 -4.344749e-01
      vertex   3.298336e-09 -5.559176e+00 -1.513559e-01
      vertex   -1.084541e+00 -5.452358e+00 -1.513523e-01
    endloop
  endfacet
  facet normal -3.982001e-02 -4.043025e-01 -9.137581e-01
    outer loop
      vertex   6.306997e-09 -5.082841e+00 -5.517483e-01
      vertex   -1.043321e+00 -5.245131e+00 -4.344749e-01
      vertex   -9.916129e-01 -4.985176e+00 -5.517483e-01
    endloop
  endfacet
  facet normal -3.982028e-02 -4.043012e-01 -9.137587e-01
    outer loop
      vertex   6.306997e-09 -5.082841e+00 -5.517483e-01
      vertex   5.208982e-09 -5.347890e+00 -4.344749e-01
      vertex   -1.043321e+00 -5.245131e+00 -4.344749e-01
    endloop
  endfacet
  facet normal -2.330427e-01 -7.682427e-01 -5.962334e-01
    outer loop
      vertex   -1.043321e+00 -5.245131e+00 -4.344749e-01
      vertex   -2.127404e+00 -5.136009e+00 -1.513559e-01
      vertex   -2.046548e+00 -4.940806e+00 -4.344761e-01
    endloop
  endfacet
  facet normal -2.330422e-01 -7.682448e-01 -5.962309e-01
    outer loop
      vertex   -1.043321e+00 -5.245131e+00 -4.344749e-01
      vertex   -1.084541e+00 -5.452358e+00 -1.513523e-01
      vertex   -2.127404e+00 -5.136009e+00 -1.513559e-01
    endloop
  endfacet
  facet normal -1.179294e-01 -3.887612e-01 -9.137600e-01
    outer loop
      vertex   -9.916129e-01 -4.985176e+00 -5.517483e-01
      vertex   -2.046548e+00 -4.940806e+00 -4.344761e-01
      vertex   -1.945119e+00 -4.695933e+00 -5.517483e-01
    endloop
  endfacet
  facet normal -1.179294e-01 -3.887655e-01 -9.137582e-01
    outer loop
      vertex   -9.916129e-01 -4.985176e+00 -5.517483e-01
      vertex   -1.043321e+00 -5.245131e+00 -4.344749e-01
      vertex   -2.046548e+00 -4.940806e+00 -4.344761e-01
    endloop
  endfacet
  facet normal -6.205808e-01 -5.092974e-01 -5.962346e-01
    outer loop
      vertex   -3.781528e+00 -3.781530e+00 -4.344761e-01
      vertex   -4.622285e+00 -3.088514e+00 -1.513559e-01
      vertex   -4.446607e+00 -2.971129e+00 -4.344761e-01
    endloop
  endfacet
  facet normal -6.205808e-01 -5.092974e-01 -5.962345e-01
    outer loop
      vertex   -3.781528e+00 -3.781530e+00 -4.344761e-01
      vertex   -3.930930e+00 -3.930932e+00 -1.513559e-01
      vertex   -4.622285e+00 -3.088514e+00 -1.513559e-01
    endloop
  endfacet
  facet normal -3.140388e-01 -2.577250e-01 -9.137601e-01
    outer loop
      vertex   -3.594111e+00 -3.594112e+00 -5.517483e-01
      vertex   -4.446607e+00 -2.971129e+00 -4.344761e-01
      vertex   -4.226227e+00 -2.823876e+00 -5.517483e-01
    endloop
  endfacet
  facet normal -3.140387e-01 -2.577249e-01 -9.137601e-01
    outer loop
      vertex   -3.594111e+00 -3.594112e+00 -5.517483e-01
      vertex   -3.781528e+00 -3.781530e+00 -4.344761e-01
      vertex   -4.446607e+00 -2.971129e+00 -4.344761e-01
    endloop
  endfacet
  facet normal -7.682432e-01 -2.330452e-01 -5.962318e-01
    outer loop
      vertex   -4.940805e+00 -2.046550e+00 -4.344761e-01
      vertex   -5.452357e+00 -1.084543e+00 -1.513559e-01
      vertex   -5.245130e+00 -1.043323e+00 -4.344785e-01
    endloop
  endfacet
  facet normal -7.682418e-01 -2.330438e-01 -5.962341e-01
    outer loop
      vertex   -4.940805e+00 -2.046550e+00 -4.344761e-01
      vertex   -5.136008e+00 -2.127406e+00 -1.513559e-01
      vertex   -5.452357e+00 -1.084543e+00 -1.513559e-01
    endloop
  endfacet
  facet normal -3.887642e-01 -1.179336e-01 -9.137582e-01
    outer loop
      vertex   -4.695932e+00 -1.945120e+00 -5.517483e-01
      vertex   -5.245130e+00 -1.043323e+00 -4.344785e-01
      vertex   -4.985175e+00 -9.916143e-01 -5.517519e-01
    endloop
  endfacet
  facet normal -3.887609e-01 -1.179314e-01 -9.137599e-01
    outer loop
      vertex   -4.695932e+00 -1.945120e+00 -5.517483e-01
      vertex   -4.940805e+00 -2.046550e+00 -4.344761e-01
      vertex   -5.245130e+00 -1.043323e+00 -4.344785e-01
    endloop
  endfacet
  facet normal -7.989464e-01 7.868998e-02 -5.962319e-01
    outer loop
      vertex   -5.347889e+00 -1.398677e-06 -4.344785e-01
      vertex   -5.452357e+00 1.084540e+00 -1.513559e-01
      vertex   -5.245130e+00 1.043320e+00 -4.344785e-01
    endloop
  endfacet
  facet normal -7.989483e-01 7.868917e-02 -5.962295e-01
    outer loop
      vertex   -5.347889e+00 -1.398677e-06 -4.344785e-01
      vertex   -5.559174e+00 -1.370830e-06 -1.513559e-01
      vertex   -5.452357e+00 1.084540e+00 -1.513559e-01
    endloop
  endfacet
  facet normal -4.043021e-01 3.982010e-02 -9.137583e-01
    outer loop
      vertex   -5.082840e+00 -1.410180e-06 -5.517519e-01
      vertex   -5.245130e+00 1.043320e+00 -4.344785e-01
      vertex   -4.985175e+00 9.916115e-01 -5.517519e-01
    endloop
  endfacet
  facet normal -4.043004e-01 3.982043e-02 -9.137590e-01
    outer loop
      vertex   -5.082840e+00 -1.410180e-06 -5.517519e-01
      vertex   -5.347889e+00 -1.398677e-06 -4.344785e-01
      vertex   -5.245130e+00 1.043320e+00 -4.344785e-01
    endloop
  endfacet
  facet normal -7.080171e-01 3.784429e-01 -5.962321e-01
    outer loop
      vertex   -4.940805e+00 2.046547e+00 -4.344785e-01
      vertex   -4.622285e+00 3.088511e+00 -1.513565e-01
      vertex   -4.446607e+00 2.971126e+00 -4.344785e-01
    endloop
  endfacet
  facet normal -7.080175e-01 3.784429e-01 -5.962316e-01
    outer loop
      vertex   -4.940805e+00 2.046547e+00 -4.344785e-01
      vertex   -5.136008e+00 2.127403e+00 -1.513565e-01
      vertex   -4.622285e+00 3.088511e+00 -1.513565e-01
    endloop
  endfacet
  facet normal -3.582871e-01 1.915086e-01 -9.137586e-01
    outer loop
      vertex   -4.695932e+00 1.945117e+00 -5.517519e-01
      vertex   -4.446607e+00 2.971126e+00 -4.344785e-01
      vertex   -4.226227e+00 2.823873e+00 -5.517519e-01
    endloop
  endfacet
  facet normal -3.582877e-01 1.915087e-01 -9.137584e-01
    outer loop
      vertex   -4.695932e+00 1.945117e+00 -5.517519e-01
      vertex   -4.940805e+00 2.046547e+00 -4.344785e-01
      vertex   -4.446607e+00 2.971126e+00 -4.344785e-01
    endloop
  endfacet
  facet normal -5.092986e-01 6.205825e-01 -5.962318e-01
    outer loop
      vertex   -3.781528e+00 3.781527e+00 -4.344785e-01
      vertex   -3.088512e+00 4.622283e+00 -1.513565e-01
      vertex   -2.971128e+00 4.446605e+00 -4.344785e-01
    endloop
  endfacet
  facet normal -5.092990e-01 6.205827e-01 -5.962313e-01
    outer loop
      vertex   -3.781528e+00 3.781527e+00 -4.344785e-01
      vertex   -3.930930e+00 3.930929e+00 -1.513565e-01
      vertex   -3.088512e+00 4.622283e+00 -1.513565e-01
    endloop
  endfacet
  facet normal -2.577270e-01 3.140413e-01 -9.137586e-01
    outer loop
      vertex   -3.594111e+00 3.594109e+00 -5.517519e-01
      vertex   -2.971128e+00 4.446605e+00 -4.344785e-01
      vertex   -2.823875e+00 4.226225e+00 -5.517519e-01
    endloop
  endfacet
  facet normal -2.577267e-01 3.140411e-01 -9.137588e-01
    outer loop
      vertex   -3.594111e+00 3.594109e+00 -5.517519e-01
      vertex   -3.781528e+00 3.781527e+00 -4.344785e-01
      vertex   -2.971128e+00 4.446605e+00 -4.344785e-01
    endloop
  endfacet
  facet normal -3.784434e-01 7.080169e-01 -5.962321e-01
    outer loop
      vertex   -2.971128e+00 4.446605e+00 -4.344785e-01
      vertex   -2.127404e+00 5.136007e+00 -1.513565e-01
      vertex   -2.046548e+00 4.940804e+00 -4.344785e-01
    endloop
  endfacet
  facet normal -3.784436e-01 7.080170e-01 -5.962319e-01
    outer loop
      vertex   -2.971128e+00 4.446605e+00 -4.344785e-01
      vertex   -3.088512e+00 4.622283e+00 -1.513565e-01
      vertex   -2.127404e+00 5.136007e+00 -1.513565e-01
    endloop
  endfacet
  facet normal -1.915085e-01 3.582869e-01 -9.137587e-01
    outer loop
      vertex   -2.823875e+00 4.226225e+00 -5.517519e-01
      vertex   -2.046548e+00 4.940804e+00 -4.344785e-01
      vertex   -1.945119e+00 4.695930e+00 -5.517519e-01
    endloop
  endfacet
  facet normal -1.915087e-01 3.582870e-01 -9.137586e-01
    outer loop
      vertex   -2.823875e+00 4.226225e+00 -5.517519e-01
      vertex   -2.971128e+00 4.446605e+00 -4.344785e-01
      vertex   -2.046548e+00 4.940804e+00 -4.344785e-01
    endloop
  endfacet
  facet normal -2.330440e-01 7.682435e-01 -5.962318e-01
    outer loop
      vertex   -2.046548e+00 4.940804e+00 -4.344785e-01
      vertex   -1.084541e+00 5.452356e+00 -1.513565e-01
      vertex   -1.043321e+00 5.245129e+00 -4.344791e-01
    endloop
  endfacet
  facet normal -2.330439e-01 7.682434e-01 -5.962321e-01
    outer loop
      vertex   -2.046548e+00 4.940804e+00 -4.344785e-01
      vertex   -2.127404e+00 5.136007e+00 -1.513565e-01
      vertex   -1.084541e+00 5.452356e+00 -1.513565e-01
    endloop
  endfacet
  facet normal -1.179299e-01 3.887629e-01 -9.137592e-01
    outer loop
      vertex   -1.945119e+00 4.695930e+00 -5.517519e-01
      vertex   -1.043321e+00 5.245129e+00 -4.344791e-01
      vertex   -9.916129e-01 4.985173e+00 -5.517519e-01
    endloop
  endfacet
  facet normal -1.179305e-01 3.887637e-01 -9.137588e-01
    outer loop
      vertex   -1.945119e+00 4.695930e+00 -5.517519e-01
      vertex   -2.046548e+00 4.940804e+00 -4.344785e-01
      vertex   -1.043321e+00 5.245129e+00 -4.344791e-01
    endloop
  endfacet
  facet normal -7.868987e-02 7.989453e-01 -5.962335e-01
    outer loop
      vertex   -1.043321e+00 5.245129e+00 -4.344791e-01
      vertex   3.298336e-09 5.559173e+00 -1.513594e-01
      vertex   5.208982e-09 5.347888e+00 -4.344791e-01
    endloop
  endfacet
  facet normal -7.869061e-02 7.989463e-01 -5.962319e-01
    outer loop
      vertex   -1.043321e+00 5.245129e+00 -4.344791e-01
      vertex   -1.084541e+00 5.452356e+00 -1.513565e-01
      vertex   3.298336e-09 5.559173e+00 -1.513594e-01
    endloop
  endfacet
  facet normal -3.981957e-02 4.042980e-01 -9.137601e-01
    outer loop
      vertex   -9.916129e-01 4.985173e+00 -5.517519e-01
      vertex   5.208982e-09 5.347888e+00 -4.344791e-01
      vertex   6.306997e-09 5.082838e+00 -5.517519e-01
    endloop
  endfacet
  facet normal -3.982038e-02 4.042999e-01 -9.137592e-01
    outer loop
      vertex   -9.916129e-01 4.985173e+00 -5.517519e-01
      vertex   -1.043321e+00 5.245129e+00 -4.344791e-01
      vertex   5.208982e-09 5.347888e+00 -4.344791e-01
    endloop
  endfacet
  facet normal 5.092988e-01 6.205828e-01 -5.962313e-01
    outer loop
      vertex   2.971128e+00 4.446605e+00 -4.344785e-01
      vertex   3.930930e+00 3.930929e+00 -1.513565e-01
      vertex   3.781528e+00 3.781527e+00 -4.344785e-01
    endloop
  endfacet
  facet normal 5.092987e-01 6.205824e-01 -5.962318e-01
    outer loop
      vertex   2.971128e+00 4.446605e+00 -4.344785e-01
      vertex   3.088512e+00 4.622283e+00 -1.513565e-01
      vertex   3.930930e+00 3.930929e+00 -1.513565e-01
    endloop
  endfacet
  facet normal 2.577268e-01 3.140411e-01 -9.137588e-01
    outer loop
      vertex   2.823875e+00 4.226225e+00 -5.517519e-01
      vertex   3.781528e+00 3.781527e+00 -4.344785e-01
      vertex   3.594111e+00 3.594109e+00 -5.517519e-01
    endloop
  endfacet
  facet normal 2.577269e-01 3.140414e-01 -9.137586e-01
    outer loop
      vertex   2.823875e+00 4.226225e+00 -5.517519e-01
      vertex   2.971128e+00 4.446605e+00 -4.344785e-01
      vertex   3.781528e+00 3.781527e+00 -4.344785e-01
    endloop
  endfacet
  facet normal 6.205821e-01 5.092986e-01 -5.962321e-01
    outer loop
      vertex   3.781528e+00 3.781527e+00 -4.344785e-01
      vertex   4.622285e+00 3.088511e+00 -1.513565e-01
      vertex   4.446607e+00 2.971126e+00 -4.344785e-01
    endloop
  endfacet
  facet normal 6.205824e-01 5.092991e-01 -5.962314e-01
    outer loop
      vertex   3.781528e+00 3.781527e+00 -4.344785e-01
      vertex   3.930930e+00 3.930929e+00 -1.513565e-01
      vertex   4.622285e+00 3.088511e+00 -1.513565e-01
    endloop
  endfacet
  facet normal 3.140413e-01 2.577271e-01 -9.137586e-01
    outer loop
      vertex   3.594111e+00 3.594109e+00 -5.517519e-01
      vertex   4.446607e+00 2.971126e+00 -4.344785e-01
      vertex   4.226227e+00 2.823873e+00 -5.517519e-01
    endloop
  endfacet
  facet normal 3.140411e-01 2.577269e-01 -9.137587e-01
    outer loop
      vertex   3.594111e+00 3.594109e+00 -5.517519e-01
      vertex   3.781528e+00 3.781527e+00 -4.344785e-01
      vertex   4.446607e+00 2.971126e+00 -4.344785e-01
    endloop
  endfacet
  facet normal 7.080174e-01 3.784431e-01 -5.962316e-01
    outer loop
      vertex   4.446607e+00 2.971126e+00 -4.344785e-01
      vertex   5.136008e+00 2.127403e+00 -1.513565e-01
      vertex   4.940805e+00 2.046547e+00 -4.344785e-01
    endloop
  endfacet
  facet normal 7.080172e-01 3.784428e-01 -5.962321e-01
    outer loop
      vertex   4.446607e+00 2.971126e+00 -4.344785e-01
      vertex   4.622285e+00 3.088511e+00 -1.513565e-01
      vertex   5.136008e+00 2.127403e+00 -1.513565e-01
    endloop
  endfacet
  facet normal 3.582876e-01 1.915089e-01 -9.137584e-01
    outer loop
      vertex   4.226227e+00 2.823873e+00 -5.517519e-01
      vertex   4.940805e+00 2.046547e+00 -4.344785e-01
      vertex   4.695932e+00 1.945117e+00 -5.517519e-01
    endloop
  endfacet
  facet normal 3.582872e-01 1.915084e-01 -9.137586e-01
    outer loop
      vertex   4.226227e+00 2.823873e+00 -5.517519e-01
      vertex   4.446607e+00 2.971126e+00 -4.344785e-01
      vertex   4.940805e+00 2.046547e+00 -4.344785e-01
    endloop
  endfacet
  facet normal 7.868928e-02 -7.989439e-01 -5.962354e-01
    outer loop
      vertex   1.043321e+00 -5.245131e+00 -4.344749e-01
      vertex   3.298336e-09 -5.559176e+00 -1.513559e-01
      vertex   5.208982e-09 -5.347890e+00 -4.344749e-01
    endloop
  endfacet
  facet normal 7.869145e-02 -7.989470e-01 -5.962309e-01
    outer loop
      vertex   1.043321e+00 -5.245131e+00 -4.344749e-01
      vertex   1.084541e+00 -5.452358e+00 -1.513523e-01
      vertex   3.298336e-09 -5.559176e+00 -1.513559e-01
    endloop
  endfacet
  facet normal 3.981989e-02 -4.043012e-01 -9.137587e-01
    outer loop
      vertex   9.916129e-01 -4.985176e+00 -5.517483e-01
      vertex   5.208982e-09 -5.347890e+00 -4.344749e-01
      vertex   6.306997e-09 -5.082841e+00 -5.517483e-01
    endloop
  endfacet
  facet normal 3.982040e-02 -4.043024e-01 -9.137581e-01
    outer loop
      vertex   9.916129e-01 -4.985176e+00 -5.517483e-01
      vertex   1.043321e+00 -5.245131e+00 -4.344749e-01
      vertex   5.208982e-09 -5.347890e+00 -4.344749e-01
    endloop
  endfacet
  facet normal -3.784423e-01 -7.080156e-01 -5.962343e-01
    outer loop
      vertex   -2.046548e+00 -4.940806e+00 -4.344761e-01
      vertex   -3.088512e+00 -4.622286e+00 -1.513559e-01
      vertex   -2.971128e+00 -4.446608e+00 -4.344761e-01
    endloop
  endfacet
  facet normal -3.784423e-01 -7.080162e-01 -5.962336e-01
    outer loop
      vertex   -2.046548e+00 -4.940806e+00 -4.344761e-01
      vertex   -2.127404e+00 -5.136009e+00 -1.513559e-01
      vertex   -3.088512e+00 -4.622286e+00 -1.513559e-01
    endloop
  endfacet
  facet normal -1.915070e-01 -3.582840e-01 -9.137602e-01
    outer loop
      vertex   -1.945119e+00 -4.695933e+00 -5.517483e-01
      vertex   -2.971128e+00 -4.446608e+00 -4.344761e-01
      vertex   -2.823875e+00 -4.226228e+00 -5.517483e-01
    endloop
  endfacet
  facet normal -1.915071e-01 -3.582845e-01 -9.137600e-01
    outer loop
      vertex   -1.945119e+00 -4.695933e+00 -5.517483e-01
      vertex   -2.046548e+00 -4.940806e+00 -4.344761e-01
      vertex   -2.971128e+00 -4.446608e+00 -4.344761e-01
    endloop
  endfacet
  facet normal -5.092974e-01 -6.205808e-01 -5.962345e-01
    outer loop
      vertex   -2.971128e+00 -4.446608e+00 -4.344761e-01
      vertex   -3.930930e+00 -3.930932e+00 -1.513559e-01
      vertex   -3.781528e+00 -3.781530e+00 -4.344761e-01
    endloop
  endfacet
  facet normal -5.092974e-01 -6.205811e-01 -5.962342e-01
    outer loop
      vertex   -2.971128e+00 -4.446608e+00 -4.344761e-01
      vertex   -3.088512e+00 -4.622286e+00 -1.513559e-01
      vertex   -3.930930e+00 -3.930932e+00 -1.513559e-01
    endloop
  endfacet
  facet normal -2.577248e-01 -3.140386e-01 -9.137602e-01
    outer loop
      vertex   -2.823875e+00 -4.226228e+00 -5.517483e-01
      vertex   -3.781528e+00 -3.781530e+00 -4.344761e-01
      vertex   -3.594111e+00 -3.594112e+00 -5.517483e-01
    endloop
  endfacet
  facet normal -2.577248e-01 -3.140387e-01 -9.137602e-01
    outer loop
      vertex   -2.823875e+00 -4.226228e+00 -5.517483e-01
      vertex   -2.971128e+00 -4.446608e+00 -4.344761e-01
      vertex   -3.781528e+00 -3.781530e+00 -4.344761e-01
    endloop
  endfacet
  facet normal -7.989483e-01 -7.869016e-02 -5.962294e-01
    outer loop
      vertex   -5.245130e+00 -1.043323e+00 -4.344785e-01
      vertex   -5.559174e+00 -1.370830e-06 -1.513559e-01
      vertex   -5.347889e+00 -1.398677e-06 -4.344785e-01
    endloop
  endfacet
  facet normal -7.989466e-01 -7.868899e-02 -5.962319e-01
    outer loop
      vertex   -5.245130e+00 -1.043323e+00 -4.344785e-01
      vertex   -5.452357e+00 -1.084543e+00 -1.513559e-01
      vertex   -5.559174e+00 -1.370830e-06 -1.513559e-01
    endloop
  endfacet
  facet normal -4.043004e-01 -3.981993e-02 -9.137590e-01
    outer loop
      vertex   -4.985175e+00 -9.916143e-01 -5.517519e-01
      vertex   -5.347889e+00 -1.398677e-06 -4.344785e-01
      vertex   -5.082840e+00 -1.410180e-06 -5.517519e-01
    endloop
  endfacet
  facet normal -4.043020e-01 -3.982058e-02 -9.137583e-01
    outer loop
      vertex   -4.985175e+00 -9.916143e-01 -5.517519e-01
      vertex   -5.245130e+00 -1.043323e+00 -4.344785e-01
      vertex   -5.347889e+00 -1.398677e-06 -4.344785e-01
    endloop
  endfacet
  facet normal -6.205825e-01 5.092989e-01 -5.962314e-01
    outer loop
      vertex   -4.446607e+00 2.971126e+00 -4.344785e-01
      vertex   -3.930930e+00 3.930929e+00 -1.513565e-01
      vertex   -3.781528e+00 3.781527e+00 -4.344785e-01
    endloop
  endfacet
  facet normal -6.205820e-01 5.092988e-01 -5.962321e-01
    outer loop
      vertex   -4.446607e+00 2.971126e+00 -4.344785e-01
      vertex   -4.622285e+00 3.088511e+00 -1.513565e-01
      vertex   -3.930930e+00 3.930929e+00 -1.513565e-01
    endloop
  endfacet
  facet normal -3.140411e-01 2.577269e-01 -9.137587e-01
    outer loop
      vertex   -4.226227e+00 2.823873e+00 -5.517519e-01
      vertex   -3.781528e+00 3.781527e+00 -4.344785e-01
      vertex   -3.594111e+00 3.594109e+00 -5.517519e-01
    endloop
  endfacet
  facet normal -3.140413e-01 2.577270e-01 -9.137586e-01
    outer loop
      vertex   -4.226227e+00 2.823873e+00 -5.517519e-01
      vertex   -4.446607e+00 2.971126e+00 -4.344785e-01
      vertex   -3.781528e+00 3.781527e+00 -4.344785e-01
    endloop
  endfacet
  facet normal 2.330439e-01 7.682433e-01 -5.962321e-01
    outer loop
      vertex   1.043321e+00 5.245129e+00 -4.344791e-01
      vertex   2.127404e+00 5.136007e+00 -1.513565e-01
      vertex   2.046548e+00 4.940804e+00 -4.344785e-01
    endloop
  endfacet
  facet normal 2.330439e-01 7.682435e-01 -5.962319e-01
    outer loop
      vertex   1.043321e+00 5.245129e+00 -4.344791e-01
      vertex   1.084541e+00 5.452356e+00 -1.513565e-01
      vertex   2.127404e+00 5.136007e+00 -1.513565e-01
    endloop
  endfacet
  facet normal 1.179302e-01 3.887638e-01 -9.137588e-01
    outer loop
      vertex   9.916129e-01 4.985173e+00 -5.517519e-01
      vertex   2.046548e+00 4.940804e+00 -4.344785e-01
      vertex   1.945119e+00 4.695930e+00 -5.517519e-01
    endloop
  endfacet
  facet normal 1.179302e-01 3.887629e-01 -9.137592e-01
    outer loop
      vertex   9.916129e-01 4.985173e+00 -5.517519e-01
      vertex   1.043321e+00 5.245129e+00 -4.344791e-01
      vertex   2.046548e+00 4.940804e+00 -4.344785e-01
    endloop
  endfacet
  facet normal 7.682415e-01 -2.330447e-01 -5.962341e-01
    outer loop
      vertex   5.245130e+00 -1.043323e+00 -4.344785e-01
      vertex   5.136008e+00 -2.127406e+00 -1.513559e-01
      vertex   4.940805e+00 -2.046550e+00 -4.344761e-01
    endloop
  endfacet
  facet normal 7.682434e-01 -2.330443e-01 -5.962318e-01
    outer loop
      vertex   5.245130e+00 -1.043323e+00 -4.344785e-01
      vertex   5.452357e+00 -1.084543e+00 -1.513559e-01
      vertex   5.136008e+00 -2.127406e+00 -1.513559e-01
    endloop
  endfacet
  facet normal 3.887604e-01 -1.179325e-01 -9.137600e-01
    outer loop
      vertex   4.985175e+00 -9.916143e-01 -5.517519e-01
      vertex   4.940805e+00 -2.046550e+00 -4.344761e-01
      vertex   4.695932e+00 -1.945120e+00 -5.517483e-01
    endloop
  endfacet
  facet normal 3.887645e-01 -1.179325e-01 -9.137582e-01
    outer loop
      vertex   4.985175e+00 -9.916143e-01 -5.517519e-01
      vertex   5.245130e+00 -1.043323e+00 -4.344785e-01
      vertex   4.940805e+00 -2.046550e+00 -4.344761e-01
    endloop
  endfacet
  facet normal 7.080155e-01 -3.784421e-01 -5.962345e-01
    outer loop
      vertex   4.940805e+00 -2.046550e+00 -4.344761e-01
      vertex   4.622285e+00 -3.088514e+00 -1.513559e-01
      vertex   4.446607e+00 -2.971129e+00 -4.344761e-01
    endloop
  endfacet
  facet normal 7.080158e-01 -3.784421e-01 -5.962342e-01
    outer loop
      vertex   4.940805e+00 -2.046550e+00 -4.344761e-01
      vertex   5.136008e+00 -2.127406e+00 -1.513559e-01
      vertex   4.622285e+00 -3.088514e+00 -1.513559e-01
    endloop
  endfacet
  facet normal 3.582842e-01 -1.915070e-01 -9.137601e-01
    outer loop
      vertex   4.695932e+00 -1.945120e+00 -5.517483e-01
      vertex   4.446607e+00 -2.971129e+00 -4.344761e-01
      vertex   4.226227e+00 -2.823876e+00 -5.517483e-01
    endloop
  endfacet
  facet normal 3.582848e-01 -1.915072e-01 -9.137598e-01
    outer loop
      vertex   4.695932e+00 -1.945120e+00 -5.517483e-01
      vertex   4.940805e+00 -2.046550e+00 -4.344761e-01
      vertex   4.446607e+00 -2.971129e+00 -4.344761e-01
    endloop
  endfacet
  facet normal 6.205808e-01 -5.092974e-01 -5.962345e-01
    outer loop
      vertex   4.446607e+00 -2.971129e+00 -4.344761e-01
      vertex   3.930930e+00 -3.930932e+00 -1.513559e-01
      vertex   3.781528e+00 -3.781530e+00 -4.344761e-01
    endloop
  endfacet
  facet normal 6.205808e-01 -5.092974e-01 -5.962346e-01
    outer loop
      vertex   4.446607e+00 -2.971129e+00 -4.344761e-01
      vertex   4.622285e+00 -3.088514e+00 -1.513559e-01
      vertex   3.930930e+00 -3.930932e+00 -1.513559e-01
    endloop
  endfacet
  facet normal 3.140386e-01 -2.577249e-01 -9.137602e-01
    outer loop
      vertex   4.226227e+00 -2.823876e+00 -5.517483e-01
      vertex   3.781528e+00 -3.781530e+00 -4.344761e-01
      vertex   3.594111e+00 -3.594112e+00 -5.517483e-01
    endloop
  endfacet
  facet normal 3.140388e-01 -2.577250e-01 -9.137601e-01
    outer loop
      vertex   4.226227e+00 -2.823876e+00 -5.517483e-01
      vertex   4.446607e+00 -2.971129e+00 -4.344761e-01
      vertex   3.781528e+00 -3.781530e+00 -4.344761e-01
    endloop
  endfacet
  facet normal -7.080158e-01 -3.784422e-01 -5.962342e-01
    outer loop
      vertex   -4.446607e+00 -2.971129e+00 -4.344761e-01
      vertex   -5.136008e+00 -2.127406e+00 -1.513559e-01
      vertex   -4.940805e+00 -2.046550e+00 -4.344761e-01
    endloop
  endfacet
  facet normal -7.080156e-01 -3.784420e-01 -5.962345e-01
    outer loop
      vertex   -4.446607e+00 -2.971129e+00 -4.344761e-01
      vertex   -4.622285e+00 -3.088514e+00 -1.513559e-01
      vertex   -5.136008e+00 -2.127406e+00 -1.513559e-01
    endloop
  endfacet
  facet normal -3.582847e-01 -1.915073e-01 -9.137598e-01
    outer loop
      vertex   -4.226227e+00 -2.823876e+00 -5.517483e-01
      vertex   -4.940805e+00 -2.046550e+00 -4.344761e-01
      vertex   -4.695932e+00 -1.945120e+00 -5.517483e-01
    endloop
  endfacet
  facet normal -3.582843e-01 -1.915069e-01 -9.137601e-01
    outer loop
      vertex   -4.226227e+00 -2.823876e+00 -5.517483e-01
      vertex   -4.446607e+00 -2.971129e+00 -4.344761e-01
      vertex   -4.940805e+00 -2.046550e+00 -4.344761e-01
    endloop
  endfacet
  facet normal -7.682438e-01 2.330439e-01 -5.962315e-01
    outer loop
      vertex   -5.245130e+00 1.043320e+00 -4.344785e-01
      vertex   -5.136008e+00 2.127403e+00 -1.513565e-01
      vertex   -4.940805e+00 2.046547e+00 -4.344785e-01
    endloop
  endfacet
  facet normal -7.682435e-01 2.330440e-01 -5.962318e-01
    outer loop
      vertex   -5.245130e+00 1.043320e+00 -4.344785e-01
      vertex   -5.452357e+00 1.084540e+00 -1.513559e-01
      vertex   -5.136008e+00 2.127403e+00 -1.513565e-01
    endloop
  endfacet
  facet normal -3.887648e-01 1.179304e-01 -9.137584e-01
    outer loop
      vertex   -4.985175e+00 9.916115e-01 -5.517519e-01
      vertex   -4.940805e+00 2.046547e+00 -4.344785e-01
      vertex   -4.695932e+00 1.945117e+00 -5.517519e-01
    endloop
  endfacet
  facet normal -3.887649e-01 1.179304e-01 -9.137583e-01
    outer loop
      vertex   -4.985175e+00 9.916115e-01 -5.517519e-01
      vertex   -5.245130e+00 1.043320e+00 -4.344785e-01
      vertex   -4.940805e+00 2.046547e+00 -4.344785e-01
    endloop
  endfacet
  facet normal 2.580208e-01 -1.379151e-01 -9.562451e-01
    outer loop
      vertex   -3.629242e+00 2.424981e+00 -3.331393e-01
      vertex   -2.879465e+00 1.192712e+00 4.689574e-02
      vertex   -4.032598e+00 1.670355e+00 -3.331393e-01
    endloop
  endfacet
  facet normal 2.580209e-01 -1.379151e-01 -9.562451e-01
    outer loop
      vertex   -3.629242e+00 2.424981e+00 -3.331393e-01
      vertex   -2.591450e+00 1.731550e+00 4.689574e-02
      vertex   -2.879465e+00 1.192712e+00 4.689574e-02
    endloop
  endfacet
  facet normal 4.329537e-01 8.099985e-01 -3.955421e-01
    outer loop
      vertex   3.190429e+00 4.774813e+00 2.725530e-01
      vertex   2.127404e+00 5.136007e+00 -1.513565e-01
      vertex   2.197606e+00 5.305488e+00 2.725518e-01
    endloop
  endfacet
  facet normal 4.329538e-01 8.099982e-01 -3.955426e-01
    outer loop
      vertex   3.190429e+00 4.774813e+00 2.725530e-01
      vertex   3.088512e+00 4.622283e+00 -1.513565e-01
      vertex   2.127404e+00 5.136007e+00 -1.513565e-01
    endloop
  endfacet
  facet normal 2.799689e-01 -8.492759e-02 -9.562451e-01
    outer loop
      vertex   -4.032598e+00 1.670355e+00 -3.331393e-01
      vertex   -3.056823e+00 6.080387e-01 4.689574e-02
      vertex   -4.280984e+00 8.515391e-01 -3.331393e-01
    endloop
  endfacet
  facet normal 2.799690e-01 -8.492749e-02 -9.562451e-01
    outer loop
      vertex   -4.032598e+00 1.670355e+00 -3.331393e-01
      vertex   -2.879465e+00 1.192712e+00 4.689574e-02
      vertex   -3.056823e+00 6.080387e-01 4.689574e-02
    endloop
  endfacet
  facet normal 9.002389e-02 9.140258e-01 -3.955408e-01
    outer loop
      vertex   1.120330e+00 5.632276e+00 2.725518e-01
      vertex   3.298336e-09 5.559173e+00 -1.513594e-01
      vertex   8.224710e-10 5.742619e+00 2.725518e-01
    endloop
  endfacet
  facet normal 9.002430e-02 9.140253e-01 -3.955418e-01
    outer loop
      vertex   1.120330e+00 5.632276e+00 2.725518e-01
      vertex   1.084541e+00 5.452356e+00 -1.513565e-01
      vertex   3.298336e-09 5.559173e+00 -1.513594e-01
    endloop
  endfacet
  facet normal 8.789001e-01 -2.666112e-01 -3.955415e-01
    outer loop
      vertex   5.305490e+00 -2.197607e+00 2.725542e-01
      vertex   5.452357e+00 -1.084543e+00 -1.513559e-01
      vertex   5.632278e+00 -1.120331e+00 2.725542e-01
    endloop
  endfacet
  facet normal 8.788995e-01 -2.666115e-01 -3.955425e-01
    outer loop
      vertex   5.305490e+00 -2.197607e+00 2.725542e-01
      vertex   5.136008e+00 -2.127406e+00 -1.513559e-01
      vertex   5.452357e+00 -1.084543e+00 -1.513559e-01
    endloop
  endfacet
  facet normal -5.826567e-01 7.099696e-01 -3.955431e-01
    outer loop
      vertex   -3.190429e+00 4.774813e+00 2.725530e-01
      vertex   -3.930930e+00 3.930929e+00 -1.513565e-01
      vertex   -4.060646e+00 4.060645e+00 2.725530e-01
    endloop
  endfacet
  facet normal -5.826570e-01 7.099697e-01 -3.955426e-01
    outer loop
      vertex   -3.190429e+00 4.774813e+00 2.725530e-01
      vertex   -3.088512e+00 4.622283e+00 -1.513565e-01
      vertex   -3.930930e+00 3.930929e+00 -1.513565e-01
    endloop
  endfacet
  facet normal -2.867646e-02 -2.911581e-01 -9.562451e-01
    outer loop
      vertex   8.515405e-01 4.280982e+00 -3.331393e-01
      vertex   1.065445e-08 3.116709e+00 4.689574e-02
      vertex   7.894592e-09 4.364851e+00 -3.331393e-01
    endloop
  endfacet
  facet normal -2.867650e-02 -2.911580e-01 -9.562451e-01
    outer loop
      vertex   8.515405e-01 4.280982e+00 -3.331393e-01
      vertex   6.080401e-01 3.056822e+00 4.689574e-02
      vertex   1.065445e-08 3.116709e+00 4.689574e-02
    endloop
  endfacet
  facet normal 8.099984e-01 -4.329535e-01 -3.955425e-01
    outer loop
      vertex   4.774815e+00 -3.190430e+00 2.725542e-01
      vertex   5.136008e+00 -2.127406e+00 -1.513559e-01
      vertex   5.305490e+00 -2.197607e+00 2.725542e-01
    endloop
  endfacet
  facet normal 8.099991e-01 -4.329532e-01 -3.955414e-01
    outer loop
      vertex   4.774815e+00 -3.190430e+00 2.725542e-01
      vertex   4.622285e+00 -3.088514e+00 -1.513559e-01
      vertex   5.136008e+00 -2.127406e+00 -1.513559e-01
    endloop
  endfacet
  facet normal -4.329536e-01 8.099983e-01 -3.955426e-01
    outer loop
      vertex   -2.197606e+00 5.305488e+00 2.725518e-01
      vertex   -3.088512e+00 4.622283e+00 -1.513565e-01
      vertex   -3.190429e+00 4.774813e+00 2.725530e-01
    endloop
  endfacet
  facet normal -4.329539e-01 8.099984e-01 -3.955421e-01
    outer loop
      vertex   -2.197606e+00 5.305488e+00 2.725518e-01
      vertex   -2.127404e+00 5.136007e+00 -1.513565e-01
      vertex   -3.088512e+00 4.622283e+00 -1.513565e-01
    endloop
  endfacet
  facet normal 8.788996e-01 2.666106e-01 -3.955431e-01
    outer loop
      vertex   5.632278e+00 1.120328e+00 2.725542e-01
      vertex   5.136008e+00 2.127403e+00 -1.513565e-01
      vertex   5.305490e+00 2.197605e+00 2.725530e-01
    endloop
  endfacet
  facet normal 8.789000e-01 2.666114e-01 -3.955416e-01
    outer loop
      vertex   5.632278e+00 1.120328e+00 2.725542e-01
      vertex   5.452357e+00 1.084540e+00 -1.513559e-01
      vertex   5.136008e+00 2.127403e+00 -1.513565e-01
    endloop
  endfacet
  facet normal 5.826569e-01 -7.099702e-01 -3.955418e-01
    outer loop
      vertex   3.190429e+00 -4.774815e+00 2.725542e-01
      vertex   3.930930e+00 -3.930932e+00 -1.513559e-01
      vertex   4.060646e+00 -4.060647e+00 2.725542e-01
    endloop
  endfacet
  facet normal 5.826572e-01 -7.099702e-01 -3.955413e-01
    outer loop
      vertex   3.190429e+00 -4.774815e+00 2.725542e-01
      vertex   3.088512e+00 -4.622286e+00 -1.513559e-01
      vertex   3.930930e+00 -3.930932e+00 -1.513559e-01
    endloop
  endfacet
  facet normal -2.666111e-01 8.788999e-01 -3.955419e-01
    outer loop
      vertex   -1.120330e+00 5.632276e+00 2.725518e-01
      vertex   -2.127404e+00 5.136007e+00 -1.513565e-01
      vertex   -2.197606e+00 5.305488e+00 2.725518e-01
    endloop
  endfacet
  facet normal -2.666111e-01 8.789000e-01 -3.955418e-01
    outer loop
      vertex   -1.120330e+00 5.632276e+00 2.725518e-01
      vertex   -1.084541e+00 5.452356e+00 -1.513565e-01
      vertex   -2.127404e+00 5.136007e+00 -1.513565e-01
    endloop
  endfacet
  facet normal 9.140256e-01 9.002338e-02 -3.955415e-01
    outer loop
      vertex   5.742620e+00 -1.328721e-06 2.725542e-01
      vertex   5.452357e+00 1.084540e+00 -1.513559e-01
      vertex   5.632278e+00 1.120328e+00 2.725542e-01
    endloop
  endfacet
  facet normal 9.140254e-01 9.002323e-02 -3.955418e-01
    outer loop
      vertex   5.742620e+00 -1.328721e-06 2.725542e-01
      vertex   5.559174e+00 -1.370830e-06 -1.513559e-01
      vertex   5.452357e+00 1.084540e+00 -1.513559e-01
    endloop
  endfacet
  facet normal -8.788997e-01 -2.666110e-01 -3.955425e-01
    outer loop
      vertex   -5.632278e+00 -1.120331e+00 2.725542e-01
      vertex   -5.136008e+00 -2.127406e+00 -1.513559e-01
      vertex   -5.305490e+00 -2.197607e+00 2.725542e-01
    endloop
  endfacet
  facet normal -8.789000e-01 -2.666116e-01 -3.955415e-01
    outer loop
      vertex   -5.632278e+00 -1.120331e+00 2.725542e-01
      vertex   -5.452357e+00 -1.084543e+00 -1.513559e-01
      vertex   -5.136008e+00 -2.127406e+00 -1.513559e-01
    endloop
  endfacet
  facet normal -9.002430e-02 9.140253e-01 -3.955418e-01
    outer loop
      vertex   -1.120330e+00 5.632276e+00 2.725518e-01
      vertex   3.298336e-09 5.559173e+00 -1.513594e-01
      vertex   -1.084541e+00 5.452356e+00 -1.513565e-01
    endloop
  endfacet
  facet normal -9.002389e-02 9.140258e-01 -3.955408e-01
    outer loop
      vertex   -1.120330e+00 5.632276e+00 2.725518e-01
      vertex   8.224710e-10 5.742619e+00 2.725518e-01
      vertex   3.298336e-09 5.559173e+00 -1.513594e-01
    endloop
  endfacet
  facet normal 9.140254e-01 -9.002336e-02 -3.955418e-01
    outer loop
      vertex   5.632278e+00 -1.120331e+00 2.725542e-01
      vertex   5.559174e+00 -1.370830e-06 -1.513559e-01
      vertex   5.742620e+00 -1.328721e-06 2.725542e-01
    endloop
  endfacet
  facet normal 9.140256e-01 -9.002323e-02 -3.955415e-01
    outer loop
      vertex   5.632278e+00 -1.120331e+00 2.725542e-01
      vertex   5.452357e+00 -1.084543e+00 -1.513559e-01
      vertex   5.559174e+00 -1.370830e-06 -1.513559e-01
    endloop
  endfacet
  facet normal -8.099982e-01 4.329533e-01 -3.955431e-01
    outer loop
      vertex   -4.774815e+00 3.190428e+00 2.725530e-01
      vertex   -5.136008e+00 2.127403e+00 -1.513565e-01
      vertex   -5.305490e+00 2.197605e+00 2.725530e-01
    endloop
  endfacet
  facet normal -8.099989e-01 4.329531e-01 -3.955418e-01
    outer loop
      vertex   -4.774815e+00 3.190428e+00 2.725530e-01
      vertex   -4.622285e+00 3.088511e+00 -1.513565e-01
      vertex   -5.136008e+00 2.127403e+00 -1.513565e-01
    endloop
  endfacet
  facet normal 5.826568e-01 7.099698e-01 -3.955426e-01
    outer loop
      vertex   4.060646e+00 4.060645e+00 2.725530e-01
      vertex   3.088512e+00 4.622283e+00 -1.513565e-01
      vertex   3.190429e+00 4.774813e+00 2.725530e-01
    endloop
  endfacet
  facet normal 5.826568e-01 7.099695e-01 -3.955431e-01
    outer loop
      vertex   4.060646e+00 4.060645e+00 2.725530e-01
      vertex   3.930930e+00 3.930929e+00 -1.513565e-01
      vertex   3.088512e+00 4.622283e+00 -1.513565e-01
    endloop
  endfacet
  facet normal -2.580221e-01 1.379121e-01 -9.562452e-01
    outer loop
      vertex   3.629242e+00 -2.424984e+00 -3.331363e-01
      vertex   2.879465e+00 -1.192715e+00 4.689574e-02
      vertex   4.032598e+00 -1.670358e+00 -3.331393e-01
    endloop
  endfacet
  facet normal -2.580191e-01 1.379141e-01 -9.562457e-01
    outer loop
      vertex   3.629242e+00 -2.424984e+00 -3.331363e-01
      vertex   2.591450e+00 -1.731553e+00 4.689574e-02
      vertex   2.879465e+00 -1.192715e+00 4.689574e-02
    endloop
  endfacet
  facet normal 7.099696e-01 5.826567e-01 -3.955431e-01
    outer loop
      vertex   4.774815e+00 3.190428e+00 2.725530e-01
      vertex   3.930930e+00 3.930929e+00 -1.513565e-01
      vertex   4.060646e+00 4.060645e+00 2.725530e-01
    endloop
  endfacet
  facet normal 7.099697e-01 5.826575e-01 -3.955418e-01
    outer loop
      vertex   4.774815e+00 3.190428e+00 2.725530e-01
      vertex   4.622285e+00 3.088511e+00 -1.513565e-01
      vertex   3.930930e+00 3.930929e+00 -1.513565e-01
    endloop
  endfacet
  facet normal 4.329535e-01 -8.099991e-01 -3.955411e-01
    outer loop
      vertex   2.197606e+00 -5.305491e+00 2.725554e-01
      vertex   3.088512e+00 -4.622286e+00 -1.513559e-01
      vertex   3.190429e+00 -4.774815e+00 2.725542e-01
    endloop
  endfacet
  facet normal 4.329532e-01 -8.099990e-01 -3.955417e-01
    outer loop
      vertex   2.197606e+00 -5.305491e+00 2.725554e-01
      vertex   2.127404e+00 -5.136009e+00 -1.513559e-01
      vertex   3.088512e+00 -4.622286e+00 -1.513559e-01
    endloop
  endfacet
  facet normal 8.099987e-01 4.329536e-01 -3.955418e-01
    outer loop
      vertex   5.305490e+00 2.197605e+00 2.725530e-01
      vertex   4.622285e+00 3.088511e+00 -1.513565e-01
      vertex   4.774815e+00 3.190428e+00 2.725530e-01
    endloop
  endfacet
  facet normal 8.099985e-01 4.329528e-01 -3.955431e-01
    outer loop
      vertex   5.305490e+00 2.197605e+00 2.725530e-01
      vertex   5.136008e+00 2.127403e+00 -1.513565e-01
      vertex   4.622285e+00 3.088511e+00 -1.513565e-01
    endloop
  endfacet
  facet normal 2.666107e-01 -8.789002e-01 -3.955417e-01
    outer loop
      vertex   1.120330e+00 -5.632278e+00 2.725554e-01
      vertex   2.127404e+00 -5.136009e+00 -1.513559e-01
      vertex   2.197606e+00 -5.305491e+00 2.725554e-01
    endloop
  endfacet
  facet normal 2.666097e-01 -8.788997e-01 -3.955434e-01
    outer loop
      vertex   1.120330e+00 -5.632278e+00 2.725554e-01
      vertex   1.084541e+00 -5.452358e+00 -1.513523e-01
      vertex   2.127404e+00 -5.136009e+00 -1.513559e-01
    endloop
  endfacet
  facet normal 9.002379e-02 -9.140247e-01 -3.955434e-01
    outer loop
      vertex   8.224710e-10 -5.742621e+00 2.725554e-01
      vertex   1.084541e+00 -5.452358e+00 -1.513523e-01
      vertex   1.120330e+00 -5.632278e+00 2.725554e-01
    endloop
  endfacet
  facet normal 9.002505e-02 -9.140257e-01 -3.955408e-01
    outer loop
      vertex   8.224710e-10 -5.742621e+00 2.725554e-01
      vertex   3.298336e-09 -5.559176e+00 -1.513559e-01
      vertex   1.084541e+00 -5.452358e+00 -1.513523e-01
    endloop
  endfacet
  facet normal -9.002389e-02 -9.140258e-01 -3.955408e-01
    outer loop
      vertex   -1.120330e+00 -5.632278e+00 2.725554e-01
      vertex   3.298336e-09 -5.559176e+00 -1.513559e-01
      vertex   8.224710e-10 -5.742621e+00 2.725554e-01
    endloop
  endfacet
  facet normal -9.002494e-02 -9.140246e-01 -3.955434e-01
    outer loop
      vertex   -1.120330e+00 -5.632278e+00 2.725554e-01
      vertex   -1.084541e+00 -5.452358e+00 -1.513523e-01
      vertex   3.298336e-09 -5.559176e+00 -1.513559e-01
    endloop
  endfacet
  facet normal -4.329534e-01 -8.099988e-01 -3.955417e-01
    outer loop
      vertex   -3.190429e+00 -4.774815e+00 2.725542e-01
      vertex   -2.127404e+00 -5.136009e+00 -1.513559e-01
      vertex   -2.197606e+00 -5.305491e+00 2.725554e-01
    endloop
  endfacet
  facet normal -4.329533e-01 -8.099992e-01 -3.955411e-01
    outer loop
      vertex   -3.190429e+00 -4.774815e+00 2.725542e-01
      vertex   -3.088512e+00 -4.622286e+00 -1.513559e-01
      vertex   -2.127404e+00 -5.136009e+00 -1.513559e-01
    endloop
  endfacet
  facet normal -2.666105e-01 -8.788995e-01 -3.955434e-01
    outer loop
      vertex   -2.197606e+00 -5.305491e+00 2.725554e-01
      vertex   -1.084541e+00 -5.452358e+00 -1.513523e-01
      vertex   -1.120330e+00 -5.632278e+00 2.725554e-01
    endloop
  endfacet
  facet normal -2.666099e-01 -8.789004e-01 -3.955416e-01
    outer loop
      vertex   -2.197606e+00 -5.305491e+00 2.725554e-01
      vertex   -2.127404e+00 -5.136009e+00 -1.513559e-01
      vertex   -1.084541e+00 -5.452358e+00 -1.513523e-01
    endloop
  endfacet
  facet normal -5.826570e-01 -7.099704e-01 -3.955413e-01
    outer loop
      vertex   -4.060646e+00 -4.060647e+00 2.725542e-01
      vertex   -3.088512e+00 -4.622286e+00 -1.513559e-01
      vertex   -3.190429e+00 -4.774815e+00 2.725542e-01
    endloop
  endfacet
  facet normal -5.826570e-01 -7.099700e-01 -3.955418e-01
    outer loop
      vertex   -4.060646e+00 -4.060647e+00 2.725542e-01
      vertex   -3.930930e+00 -3.930932e+00 -1.513559e-01
      vertex   -3.088512e+00 -4.622286e+00 -1.513559e-01
    endloop
  endfacet
  facet normal -7.099700e-01 -5.826570e-01 -3.955419e-01
    outer loop
      vertex   -4.774815e+00 -3.190430e+00 2.725542e-01
      vertex   -3.930930e+00 -3.930932e+00 -1.513559e-01
      vertex   -4.060646e+00 -4.060647e+00 2.725542e-01
    endloop
  endfacet
  facet normal -7.099701e-01 -5.826573e-01 -3.955413e-01
    outer loop
      vertex   -4.774815e+00 -3.190430e+00 2.725542e-01
      vertex   -4.622285e+00 -3.088514e+00 -1.513559e-01
      vertex   -3.930930e+00 -3.930932e+00 -1.513559e-01
    endloop
  endfacet
  facet normal -9.140256e-01 -9.002337e-02 -3.955415e-01
    outer loop
      vertex   -5.742620e+00 -1.328721e-06 2.725542e-01
      vertex   -5.452357e+00 -1.084543e+00 -1.513559e-01
      vertex   -5.632278e+00 -1.120331e+00 2.725542e-01
    endloop
  endfacet
  facet normal -9.140254e-01 -9.002321e-02 -3.955418e-01
    outer loop
      vertex   -5.742620e+00 -1.328721e-06 2.725542e-01
      vertex   -5.559174e+00 -1.370830e-06 -1.513559e-01
      vertex   -5.452357e+00 -1.084543e+00 -1.513559e-01
    endloop
  endfacet
  facet normal 2.261557e-01 1.856009e-01 -9.562458e-01
    outer loop
      vertex   -3.629242e+00 -2.424984e+00 -3.331363e-01
      vertex   -2.203847e+00 -2.203849e+00 4.689574e-02
      vertex   -3.086417e+00 -3.086419e+00 -3.331363e-01
    endloop
  endfacet
  facet normal 2.261556e-01 1.856011e-01 -9.562457e-01
    outer loop
      vertex   -3.629242e+00 -2.424984e+00 -3.331363e-01
      vertex   -2.591450e+00 -1.731553e+00 4.689574e-02
      vertex   -2.203847e+00 -2.203849e+00 4.689574e-02
    endloop
  endfacet
  facet normal -7.099701e-01 5.826570e-01 -3.955418e-01
    outer loop
      vertex   -4.060646e+00 4.060645e+00 2.725530e-01
      vertex   -4.622285e+00 3.088511e+00 -1.513565e-01
      vertex   -4.774815e+00 3.190428e+00 2.725530e-01
    endloop
  endfacet
  facet normal -7.099693e-01 5.826571e-01 -3.955431e-01
    outer loop
      vertex   -4.060646e+00 4.060645e+00 2.725530e-01
      vertex   -3.930930e+00 3.930929e+00 -1.513565e-01
      vertex   -4.622285e+00 3.088511e+00 -1.513565e-01
    endloop
  endfacet
  facet normal -9.140254e-01 9.002336e-02 -3.955418e-01
    outer loop
      vertex   -5.632278e+00 1.120328e+00 2.725542e-01
      vertex   -5.559174e+00 -1.370830e-06 -1.513559e-01
      vertex   -5.742620e+00 -1.328721e-06 2.725542e-01
    endloop
  endfacet
  facet normal -9.140256e-01 9.002324e-02 -3.955415e-01
    outer loop
      vertex   -5.632278e+00 1.120328e+00 2.725542e-01
      vertex   -5.452357e+00 1.084540e+00 -1.513559e-01
      vertex   -5.559174e+00 -1.370830e-06 -1.513559e-01
    endloop
  endfacet
  facet normal 9.725624e-02 9.874568e-01 -1.243795e-01
    outer loop
      vertex   8.224710e-10 5.742619e+00 2.725518e-01
      vertex   1.131519e+00 5.688527e+00 7.278788e-01
      vertex   1.120330e+00 5.632276e+00 2.725518e-01
    endloop
  endfacet
  facet normal 9.725628e-02 9.874568e-01 -1.243796e-01
    outer loop
      vertex   8.224710e-10 5.742619e+00 2.725518e-01
      vertex   0.000000e+00 5.799972e+00 7.278788e-01
      vertex   1.131519e+00 5.688527e+00 7.278788e-01
    endloop
  endfacet
  facet normal 4.677363e-01 8.750728e-01 -1.243797e-01
    outer loop
      vertex   2.197606e+00 5.305488e+00 2.725518e-01
      vertex   3.222293e+00 4.822500e+00 7.278788e-01
      vertex   3.190429e+00 4.774813e+00 2.725530e-01
    endloop
  endfacet
  facet normal 4.677364e-01 8.750728e-01 -1.243799e-01
    outer loop
      vertex   2.197606e+00 5.305488e+00 2.725518e-01
      vertex   2.219554e+00 5.358475e+00 7.278788e-01
      vertex   3.222293e+00 4.822500e+00 7.278788e-01
    endloop
  endfacet
  facet normal 9.495097e-01 2.880302e-01 -1.243786e-01
    outer loop
      vertex   5.305490e+00 2.197605e+00 2.725530e-01
      vertex   5.688528e+00 1.131517e+00 7.278800e-01
      vertex   5.632278e+00 1.120328e+00 2.725542e-01
    endloop
  endfacet
  facet normal 9.495097e-01 2.880298e-01 -1.243793e-01
    outer loop
      vertex   5.305490e+00 2.197605e+00 2.725530e-01
      vertex   5.358477e+00 2.219553e+00 7.278788e-01
      vertex   5.688528e+00 1.131517e+00 7.278800e-01
    endloop
  endfacet
  facet normal 9.874568e-01 9.725571e-02 -1.243799e-01
    outer loop
      vertex   5.632278e+00 1.120328e+00 2.725542e-01
      vertex   5.799973e+00 -1.283013e-06 7.278800e-01
      vertex   5.742620e+00 -1.328721e-06 2.725542e-01
    endloop
  endfacet
  facet normal 9.874569e-01 9.725631e-02 -1.243785e-01
    outer loop
      vertex   5.632278e+00 1.120328e+00 2.725542e-01
      vertex   5.688528e+00 1.131517e+00 7.278800e-01
      vertex   5.799973e+00 -1.283013e-06 7.278800e-01
    endloop
  endfacet
  facet normal 9.874570e-01 -9.725571e-02 -1.243785e-01
    outer loop
      vertex   5.742620e+00 -1.328721e-06 2.725542e-01
      vertex   5.688528e+00 -1.131520e+00 7.278800e-01
      vertex   5.632278e+00 -1.120331e+00 2.725542e-01
    endloop
  endfacet
  facet normal 9.874568e-01 -9.725629e-02 -1.243799e-01
    outer loop
      vertex   5.742620e+00 -1.328721e-06 2.725542e-01
      vertex   5.799973e+00 -1.283013e-06 7.278800e-01
      vertex   5.688528e+00 -1.131520e+00 7.278800e-01
    endloop
  endfacet
  facet normal 6.294667e-01 -7.670081e-01 -1.243794e-01
    outer loop
      vertex   4.060646e+00 -4.060647e+00 2.725542e-01
      vertex   3.222293e+00 -4.822502e+00 7.278812e-01
      vertex   3.190429e+00 -4.774815e+00 2.725542e-01
    endloop
  endfacet
  facet normal 6.294667e-01 -7.670081e-01 -1.243793e-01
    outer loop
      vertex   4.060646e+00 -4.060647e+00 2.725542e-01
      vertex   4.101200e+00 -4.101202e+00 7.278812e-01
      vertex   3.222293e+00 -4.822502e+00 7.278812e-01
    endloop
  endfacet
  facet normal 4.677366e-01 -8.750730e-01 -1.243777e-01
    outer loop
      vertex   3.190429e+00 -4.774815e+00 2.725542e-01
      vertex   2.219554e+00 -5.358477e+00 7.278824e-01
      vertex   2.197606e+00 -5.305491e+00 2.725554e-01
    endloop
  endfacet
  facet normal 4.677359e-01 -8.750731e-01 -1.243794e-01
    outer loop
      vertex   3.190429e+00 -4.774815e+00 2.725542e-01
      vertex   3.222293e+00 -4.822502e+00 7.278812e-01
      vertex   2.219554e+00 -5.358477e+00 7.278824e-01
    endloop
  endfacet
  facet normal 2.880298e-01 -9.495097e-01 -1.243796e-01
    outer loop
      vertex   2.197606e+00 -5.305491e+00 2.725554e-01
      vertex   1.131519e+00 -5.688529e+00 7.278824e-01
      vertex   1.120330e+00 -5.632278e+00 2.725554e-01
    endloop
  endfacet
  facet normal 2.880306e-01 -9.495097e-01 -1.243776e-01
    outer loop
      vertex   2.197606e+00 -5.305491e+00 2.725554e-01
      vertex   2.219554e+00 -5.358477e+00 7.278824e-01
      vertex   1.131519e+00 -5.688529e+00 7.278824e-01
    endloop
  endfacet
  facet normal -9.725624e-02 -9.874568e-01 -1.243795e-01
    outer loop
      vertex   8.224710e-10 -5.742621e+00 2.725554e-01
      vertex   -1.131519e+00 -5.688529e+00 7.278824e-01
      vertex   -1.120330e+00 -5.632278e+00 2.725554e-01
    endloop
  endfacet
  facet normal -9.725628e-02 -9.874568e-01 -1.243796e-01
    outer loop
      vertex   8.224710e-10 -5.742621e+00 2.725554e-01
      vertex   0.000000e+00 -5.799974e+00 7.278824e-01
      vertex   -1.131519e+00 -5.688529e+00 7.278824e-01
    endloop
  endfacet
  facet normal -2.880298e-01 -9.495099e-01 -1.243776e-01
    outer loop
      vertex   -1.120330e+00 -5.632278e+00 2.725554e-01
      vertex   -2.219554e+00 -5.358477e+00 7.278824e-01
      vertex   -2.197606e+00 -5.305491e+00 2.725554e-01
    endloop
  endfacet
  facet normal -2.880305e-01 -9.495094e-01 -1.243796e-01
    outer loop
      vertex   -1.120330e+00 -5.632278e+00 2.725554e-01
      vertex   -1.131519e+00 -5.688529e+00 7.278824e-01
      vertex   -2.219554e+00 -5.358477e+00 7.278824e-01
    endloop
  endfacet
  facet normal -7.670080e-01 -6.294668e-01 -1.243798e-01
    outer loop
      vertex   -4.060646e+00 -4.060647e+00 2.725542e-01
      vertex   -4.822502e+00 -3.222294e+00 7.278812e-01
      vertex   -4.774815e+00 -3.190430e+00 2.725542e-01
    endloop
  endfacet
  facet normal -7.670079e-01 -6.294670e-01 -1.243791e-01
    outer loop
      vertex   -4.060646e+00 -4.060647e+00 2.725542e-01
      vertex   -4.101200e+00 -4.101202e+00 7.278812e-01
      vertex   -4.822502e+00 -3.222294e+00 7.278812e-01
    endloop
  endfacet
  facet normal -9.495096e-01 -2.880303e-01 -1.243785e-01
    outer loop
      vertex   -5.305490e+00 -2.197607e+00 2.725542e-01
      vertex   -5.688528e+00 -1.131520e+00 7.278800e-01
      vertex   -5.632278e+00 -1.120331e+00 2.725542e-01
    endloop
  endfacet
  facet normal -9.495096e-01 -2.880302e-01 -1.243787e-01
    outer loop
      vertex   -5.305490e+00 -2.197607e+00 2.725542e-01
      vertex   -5.358477e+00 -2.219555e+00 7.278812e-01
      vertex   -5.688528e+00 -1.131520e+00 7.278800e-01
    endloop
  endfacet
  facet normal -9.874570e-01 9.725572e-02 -1.243785e-01
    outer loop
      vertex   -5.742620e+00 -1.328721e-06 2.725542e-01
      vertex   -5.688528e+00 1.131517e+00 7.278800e-01
      vertex   -5.632278e+00 1.120328e+00 2.725542e-01
    endloop
  endfacet
  facet normal -9.874568e-01 9.725629e-02 -1.243799e-01
    outer loop
      vertex   -5.742620e+00 -1.328721e-06 2.725542e-01
      vertex   -5.799973e+00 -1.283013e-06 7.278800e-01
      vertex   -5.688528e+00 1.131517e+00 7.278800e-01
    endloop
  endfacet
  facet normal -8.750727e-01 4.677364e-01 -1.243797e-01
    outer loop
      vertex   -5.305490e+00 2.197605e+00 2.725530e-01
      vertex   -4.822502e+00 3.222291e+00 7.278788e-01
      vertex   -4.774815e+00 3.190428e+00 2.725530e-01
    endloop
  endfacet
  facet normal -8.750728e-01 4.677364e-01 -1.243794e-01
    outer loop
      vertex   -5.305490e+00 2.197605e+00 2.725530e-01
      vertex   -5.358477e+00 2.219553e+00 7.278788e-01
      vertex   -4.822502e+00 3.222291e+00 7.278788e-01
    endloop
  endfacet
  facet normal -6.294668e-01 7.670080e-01 -1.243797e-01
    outer loop
      vertex   -4.060646e+00 4.060645e+00 2.725530e-01
      vertex   -3.222293e+00 4.822500e+00 7.278788e-01
      vertex   -3.190429e+00 4.774813e+00 2.725530e-01
    endloop
  endfacet
  facet normal -6.294672e-01 7.670078e-01 -1.243786e-01
    outer loop
      vertex   -4.060646e+00 4.060645e+00 2.725530e-01
      vertex   -4.101200e+00 4.101199e+00 7.278788e-01
      vertex   -3.222293e+00 4.822500e+00 7.278788e-01
    endloop
  endfacet
  facet normal -4.677363e-01 8.750728e-01 -1.243799e-01
    outer loop
      vertex   -3.190429e+00 4.774813e+00 2.725530e-01
      vertex   -2.219554e+00 5.358475e+00 7.278788e-01
      vertex   -2.197606e+00 5.305488e+00 2.725518e-01
    endloop
  endfacet
  facet normal -4.677364e-01 8.750728e-01 -1.243797e-01
    outer loop
      vertex   -3.190429e+00 4.774813e+00 2.725530e-01
      vertex   -3.222293e+00 4.822500e+00 7.278788e-01
      vertex   -2.219554e+00 5.358475e+00 7.278788e-01
    endloop
  endfacet
  facet normal -2.880302e-01 9.495095e-01 -1.243796e-01
    outer loop
      vertex   -2.197606e+00 5.305488e+00 2.725518e-01
      vertex   -1.131519e+00 5.688527e+00 7.278788e-01
      vertex   -1.120330e+00 5.632276e+00 2.725518e-01
    endloop
  endfacet
  facet normal -2.880300e-01 9.495095e-01 -1.243800e-01
    outer loop
      vertex   -2.197606e+00 5.305488e+00 2.725518e-01
      vertex   -2.219554e+00 5.358475e+00 7.278788e-01
      vertex   -1.131519e+00 5.688527e+00 7.278788e-01
    endloop
  endfacet
  facet normal -9.725623e-02 9.874568e-01 -1.243796e-01
    outer loop
      vertex   -1.120330e+00 5.632276e+00 2.725518e-01
      vertex   0.000000e+00 5.799972e+00 7.278788e-01
      vertex   8.224710e-10 5.742619e+00 2.725518e-01
    endloop
  endfacet
  facet normal -9.725628e-02 9.874568e-01 -1.243795e-01
    outer loop
      vertex   -1.120330e+00 5.632276e+00 2.725518e-01
      vertex   -1.131519e+00 5.688527e+00 7.278788e-01
      vertex   0.000000e+00 5.799972e+00 7.278788e-01
    endloop
  endfacet
  facet normal 1.379150e-01 -2.580209e-01 -9.562451e-01
    outer loop
      vertex   -1.670357e+00 4.032597e+00 -3.331393e-01
      vertex   -1.731552e+00 2.591448e+00 4.689574e-02
      vertex   -2.424982e+00 3.629241e+00 -3.331393e-01
    endloop
  endfacet
  facet normal 1.379152e-01 -2.580209e-01 -9.562451e-01
    outer loop
      vertex   -1.670357e+00 4.032597e+00 -3.331393e-01
      vertex   -1.192714e+00 2.879464e+00 4.689574e-02
      vertex   -1.731552e+00 2.591448e+00 4.689574e-02
    endloop
  endfacet
  facet normal 6.294669e-01 7.670081e-01 -1.243786e-01
    outer loop
      vertex   3.190429e+00 4.774813e+00 2.725530e-01
      vertex   4.101200e+00 4.101199e+00 7.278788e-01
      vertex   4.060646e+00 4.060645e+00 2.725530e-01
    endloop
  endfacet
  facet normal 6.294671e-01 7.670077e-01 -1.243797e-01
    outer loop
      vertex   3.190429e+00 4.774813e+00 2.725530e-01
      vertex   3.222293e+00 4.822500e+00 7.278788e-01
      vertex   4.101200e+00 4.101199e+00 7.278788e-01
    endloop
  endfacet
  facet normal 7.670080e-01 6.294668e-01 -1.243797e-01
    outer loop
      vertex   4.060646e+00 4.060645e+00 2.725530e-01
      vertex   4.822502e+00 3.222291e+00 7.278788e-01
      vertex   4.774815e+00 3.190428e+00 2.725530e-01
    endloop
  endfacet
  facet normal 7.670078e-01 6.294672e-01 -1.243786e-01
    outer loop
      vertex   4.060646e+00 4.060645e+00 2.725530e-01
      vertex   4.101200e+00 4.101199e+00 7.278788e-01
      vertex   4.822502e+00 3.222291e+00 7.278788e-01
    endloop
  endfacet
  facet normal 8.750728e-01 4.677365e-01 -1.243794e-01
    outer loop
      vertex   4.774815e+00 3.190428e+00 2.725530e-01
      vertex   5.358477e+00 2.219553e+00 7.278788e-01
      vertex   5.305490e+00 2.197605e+00 2.725530e-01
    endloop
  endfacet
  facet normal 8.750728e-01 4.677363e-01 -1.243797e-01
    outer loop
      vertex   4.774815e+00 3.190428e+00 2.725530e-01
      vertex   4.822502e+00 3.222291e+00 7.278788e-01
      vertex   5.358477e+00 2.219553e+00 7.278788e-01
    endloop
  endfacet
  facet normal 9.725624e-02 -9.874568e-01 -1.243796e-01
    outer loop
      vertex   1.120330e+00 -5.632278e+00 2.725554e-01
      vertex   0.000000e+00 -5.799974e+00 7.278824e-01
      vertex   8.224710e-10 -5.742621e+00 2.725554e-01
    endloop
  endfacet
  facet normal 9.725628e-02 -9.874568e-01 -1.243795e-01
    outer loop
      vertex   1.120330e+00 -5.632278e+00 2.725554e-01
      vertex   1.131519e+00 -5.688529e+00 7.278824e-01
      vertex   0.000000e+00 -5.799974e+00 7.278824e-01
    endloop
  endfacet
  facet normal -4.677365e-01 -8.750728e-01 -1.243794e-01
    outer loop
      vertex   -2.197606e+00 -5.305491e+00 2.725554e-01
      vertex   -3.222293e+00 -4.822502e+00 7.278812e-01
      vertex   -3.190429e+00 -4.774815e+00 2.725542e-01
    endloop
  endfacet
  facet normal -4.677360e-01 -8.750733e-01 -1.243777e-01
    outer loop
      vertex   -2.197606e+00 -5.305491e+00 2.725554e-01
      vertex   -2.219554e+00 -5.358477e+00 7.278824e-01
      vertex   -3.222293e+00 -4.822502e+00 7.278812e-01
    endloop
  endfacet
  facet normal -6.294667e-01 -7.670082e-01 -1.243793e-01
    outer loop
      vertex   -3.190429e+00 -4.774815e+00 2.725542e-01
      vertex   -4.101200e+00 -4.101202e+00 7.278812e-01
      vertex   -4.060646e+00 -4.060647e+00 2.725542e-01
    endloop
  endfacet
  facet normal -6.294667e-01 -7.670081e-01 -1.243794e-01
    outer loop
      vertex   -3.190429e+00 -4.774815e+00 2.725542e-01
      vertex   -3.222293e+00 -4.822502e+00 7.278812e-01
      vertex   -4.101200e+00 -4.101202e+00 7.278812e-01
    endloop
  endfacet
  facet normal -9.874568e-01 -9.725570e-02 -1.243799e-01
    outer loop
      vertex   -5.632278e+00 -1.120331e+00 2.725542e-01
      vertex   -5.799973e+00 -1.283013e-06 7.278800e-01
      vertex   -5.742620e+00 -1.328721e-06 2.725542e-01
    endloop
  endfacet
  facet normal -9.874569e-01 -9.725630e-02 -1.243785e-01
    outer loop
      vertex   -5.632278e+00 -1.120331e+00 2.725542e-01
      vertex   -5.688528e+00 -1.131520e+00 7.278800e-01
      vertex   -5.799973e+00 -1.283013e-06 7.278800e-01
    endloop
  endfacet
  facet normal -7.670081e-01 6.294669e-01 -1.243786e-01
    outer loop
      vertex   -4.774815e+00 3.190428e+00 2.725530e-01
      vertex   -4.101200e+00 4.101199e+00 7.278788e-01
      vertex   -4.060646e+00 4.060645e+00 2.725530e-01
    endloop
  endfacet
  facet normal -7.670077e-01 6.294671e-01 -1.243797e-01
    outer loop
      vertex   -4.774815e+00 3.190428e+00 2.725530e-01
      vertex   -4.822502e+00 3.222291e+00 7.278788e-01
      vertex   -4.101200e+00 4.101199e+00 7.278788e-01
    endloop
  endfacet
  facet normal 2.880302e-01 9.495095e-01 -1.243800e-01
    outer loop
      vertex   1.120330e+00 5.632276e+00 2.725518e-01
      vertex   2.219554e+00 5.358475e+00 7.278788e-01
      vertex   2.197606e+00 5.305488e+00 2.725518e-01
    endloop
  endfacet
  facet normal 2.880300e-01 9.495096e-01 -1.243796e-01
    outer loop
      vertex   1.120330e+00 5.632276e+00 2.725518e-01
      vertex   1.131519e+00 5.688527e+00 7.278788e-01
      vertex   2.219554e+00 5.358475e+00 7.278788e-01
    endloop
  endfacet
  facet normal 9.495096e-01 -2.880303e-01 -1.243787e-01
    outer loop
      vertex   5.632278e+00 -1.120331e+00 2.725542e-01
      vertex   5.358477e+00 -2.219555e+00 7.278812e-01
      vertex   5.305490e+00 -2.197607e+00 2.725542e-01
    endloop
  endfacet
  facet normal 9.495097e-01 -2.880302e-01 -1.243785e-01
    outer loop
      vertex   5.632278e+00 -1.120331e+00 2.725542e-01
      vertex   5.688528e+00 -1.131520e+00 7.278800e-01
      vertex   5.358477e+00 -2.219555e+00 7.278812e-01
    endloop
  endfacet
  facet normal 8.750728e-01 -4.677364e-01 -1.243797e-01
    outer loop
      vertex   5.305490e+00 -2.197607e+00 2.725542e-01
      vertex   4.822502e+00 -3.222294e+00 7.278812e-01
      vertex   4.774815e+00 -3.190430e+00 2.725542e-01
    endloop
  endfacet
  facet normal 8.750731e-01 -4.677361e-01 -1.243787e-01
    outer loop
      vertex   5.305490e+00 -2.197607e+00 2.725542e-01
      vertex   5.358477e+00 -2.219555e+00 7.278812e-01
      vertex   4.822502e+00 -3.222294e+00 7.278812e-01
    endloop
  endfacet
  facet normal 7.670080e-01 -6.294668e-01 -1.243791e-01
    outer loop
      vertex   4.774815e+00 -3.190430e+00 2.725542e-01
      vertex   4.101200e+00 -4.101202e+00 7.278812e-01
      vertex   4.060646e+00 -4.060647e+00 2.725542e-01
    endloop
  endfacet
  facet normal 7.670078e-01 -6.294670e-01 -1.243798e-01
    outer loop
      vertex   4.774815e+00 -3.190430e+00 2.725542e-01
      vertex   4.822502e+00 -3.222294e+00 7.278812e-01
      vertex   4.101200e+00 -4.101202e+00 7.278812e-01
    endloop
  endfacet
  facet normal -8.750729e-01 -4.677365e-01 -1.243787e-01
    outer loop
      vertex   -4.774815e+00 -3.190430e+00 2.725542e-01
      vertex   -5.358477e+00 -2.219555e+00 7.278812e-01
      vertex   -5.305490e+00 -2.197607e+00 2.725542e-01
    endloop
  endfacet
  facet normal -8.750729e-01 -4.677361e-01 -1.243797e-01
    outer loop
      vertex   -4.774815e+00 -3.190430e+00 2.725542e-01
      vertex   -4.822502e+00 -3.222294e+00 7.278812e-01
      vertex   -5.358477e+00 -2.219555e+00 7.278812e-01
    endloop
  endfacet
  facet normal -9.495096e-01 2.880302e-01 -1.243793e-01
    outer loop
      vertex   -5.632278e+00 1.120328e+00 2.725542e-01
      vertex   -5.358477e+00 2.219553e+00 7.278788e-01
      vertex   -5.305490e+00 2.197605e+00 2.725530e-01
    endloop
  endfacet
  facet normal -9.495098e-01 2.880299e-01 -1.243785e-01
    outer loop
      vertex   -5.632278e+00 1.120328e+00 2.725542e-01
      vertex   -5.688528e+00 1.131517e+00 7.278800e-01
      vertex   -5.358477e+00 2.219553e+00 7.278788e-01
    endloop
  endfacet
  facet normal 8.492765e-02 -2.799690e-01 -9.562451e-01
    outer loop
      vertex   -8.515405e-01 4.280982e+00 -3.331393e-01
      vertex   -1.192714e+00 2.879464e+00 4.689574e-02
      vertex   -1.670357e+00 4.032597e+00 -3.331393e-01
    endloop
  endfacet
  facet normal 8.492750e-02 -2.799690e-01 -9.562451e-01
    outer loop
      vertex   -8.515405e-01 4.280982e+00 -3.331393e-01
      vertex   -6.080401e-01 3.056822e+00 4.689574e-02
      vertex   -1.192714e+00 2.879464e+00 4.689574e-02
    endloop
  endfacet
  facet normal -9.124504e-01 2.767887e-01 3.013673e-01
    outer loop
      vertex   -5.524788e+00 1.098950e+00 2.453399e+01
      vertex   -4.831870e+00 2.001428e+00 2.580306e+01
      vertex   -5.204237e+00 2.155667e+00 2.453399e+01
    endloop
  endfacet
  facet normal -9.124504e-01 2.767884e-01 3.013675e-01
    outer loop
      vertex   -5.524788e+00 1.098950e+00 2.453399e+01
      vertex   -5.129486e+00 1.020319e+00 2.580306e+01
      vertex   -4.831870e+00 2.001428e+00 2.580306e+01
    endloop
  endfacet
  facet normal -9.502706e-01 2.882608e-01 1.178621e-01
    outer loop
      vertex   -5.688528e+00 1.131520e+00 2.313417e+01
      vertex   -5.204237e+00 2.155667e+00 2.453399e+01
      vertex   -5.358477e+00 2.219555e+00 2.313417e+01
    endloop
  endfacet
  facet normal -9.502705e-01 2.882613e-01 1.178618e-01
    outer loop
      vertex   -5.688528e+00 1.131520e+00 2.313417e+01
      vertex   -5.524788e+00 1.098950e+00 2.453399e+01
      vertex   -5.204237e+00 2.155667e+00 2.453399e+01
    endloop
  endfacet
  facet normal -8.409189e-01 -4.494806e-01 3.013680e-01
    outer loop
      vertex   -4.683689e+00 -3.129540e+00 2.453399e+01
      vertex   -4.831870e+00 -2.001425e+00 2.580306e+01
      vertex   -5.204237e+00 -2.155665e+00 2.453399e+01
    endloop
  endfacet
  facet normal -8.409192e-01 -4.494802e-01 3.013676e-01
    outer loop
      vertex   -4.683689e+00 -3.129540e+00 2.453399e+01
      vertex   -4.348569e+00 -2.905619e+00 2.580306e+01
      vertex   -4.831870e+00 -2.001425e+00 2.580306e+01
    endloop
  endfacet
  facet normal -8.757743e-01 -4.681111e-01 1.178620e-01
    outer loop
      vertex   -4.822502e+00 -3.222292e+00 2.313417e+01
      vertex   -5.204237e+00 -2.155665e+00 2.453399e+01
      vertex   -5.358477e+00 -2.219553e+00 2.313417e+01
    endloop
  endfacet
  facet normal -8.757742e-01 -4.681112e-01 1.178621e-01
    outer loop
      vertex   -4.822502e+00 -3.222292e+00 2.313417e+01
      vertex   -4.683689e+00 -3.129540e+00 2.453399e+01
      vertex   -5.204237e+00 -2.155665e+00 2.453399e+01
    endloop
  endfacet
  facet normal 7.370718e-01 -6.048988e-01 3.013678e-01
    outer loop
      vertex   4.683689e+00 -3.129540e+00 2.453399e+01
      vertex   3.698153e+00 -3.698153e+00 2.580306e+01
      vertex   3.983151e+00 -3.983150e+00 2.453399e+01
    endloop
  endfacet
  facet normal 7.370717e-01 -6.048991e-01 3.013676e-01
    outer loop
      vertex   4.683689e+00 -3.129540e+00 2.453399e+01
      vertex   4.348569e+00 -2.905619e+00 2.580306e+01
      vertex   3.698153e+00 -3.698153e+00 2.580306e+01
    endloop
  endfacet
  facet normal 7.676226e-01 -6.299715e-01 1.178619e-01
    outer loop
      vertex   4.822502e+00 -3.222292e+00 2.313417e+01
      vertex   3.983151e+00 -3.983150e+00 2.453399e+01
      vertex   4.101200e+00 -4.101200e+00 2.313417e+01
    endloop
  endfacet
  facet normal 7.676228e-01 -6.299713e-01 1.178621e-01
    outer loop
      vertex   4.822502e+00 -3.222292e+00 2.313417e+01
      vertex   4.683689e+00 -3.129540e+00 2.453399e+01
      vertex   3.983151e+00 -3.983150e+00 2.453399e+01
    endloop
  endfacet
  facet normal 8.409190e-01 -4.494807e-01 3.013676e-01
    outer loop
      vertex   5.204237e+00 -2.155665e+00 2.453399e+01
      vertex   4.348569e+00 -2.905619e+00 2.580306e+01
      vertex   4.683689e+00 -3.129540e+00 2.453399e+01
    endloop
  endfacet
  facet normal 8.409191e-01 -4.494802e-01 3.013680e-01
    outer loop
      vertex   5.204237e+00 -2.155665e+00 2.453399e+01
      vertex   4.831870e+00 -2.001425e+00 2.580306e+01
      vertex   4.348569e+00 -2.905619e+00 2.580306e+01
    endloop
  endfacet
  facet normal 8.757743e-01 -4.681111e-01 1.178621e-01
    outer loop
      vertex   5.358477e+00 -2.219553e+00 2.313417e+01
      vertex   4.683689e+00 -3.129540e+00 2.453399e+01
      vertex   4.822502e+00 -3.222292e+00 2.313417e+01
    endloop
  endfacet
  facet normal 8.757742e-01 -4.681112e-01 1.178620e-01
    outer loop
      vertex   5.358477e+00 -2.219553e+00 2.313417e+01
      vertex   5.204237e+00 -2.155665e+00 2.453399e+01
      vertex   4.683689e+00 -3.129540e+00 2.453399e+01
    endloop
  endfacet
  facet normal 9.124504e-01 -2.767880e-01 3.013679e-01
    outer loop
      vertex   5.524788e+00 -1.098948e+00 2.453399e+01
      vertex   4.831870e+00 -2.001425e+00 2.580306e+01
      vertex   5.204237e+00 -2.155665e+00 2.453399e+01
    endloop
  endfacet
  facet normal 9.124504e-01 -2.767885e-01 3.013675e-01
    outer loop
      vertex   5.524788e+00 -1.098948e+00 2.453399e+01
      vertex   5.129486e+00 -1.020317e+00 2.580306e+01
      vertex   4.831870e+00 -2.001425e+00 2.580306e+01
    endloop
  endfacet
  facet normal 9.502706e-01 -2.882608e-01 1.178620e-01
    outer loop
      vertex   5.688528e+00 -1.131518e+00 2.313417e+01
      vertex   5.204237e+00 -2.155665e+00 2.453399e+01
      vertex   5.358477e+00 -2.219553e+00 2.313417e+01
    endloop
  endfacet
  facet normal 9.502706e-01 -2.882610e-01 1.178618e-01
    outer loop
      vertex   5.688528e+00 -1.131518e+00 2.313417e+01
      vertex   5.524788e+00 -1.098948e+00 2.453399e+01
      vertex   5.204237e+00 -2.155665e+00 2.453399e+01
    endloop
  endfacet
  facet normal 2.767888e-01 9.124505e-01 3.013671e-01
    outer loop
      vertex   1.098949e+00 5.524789e+00 2.453399e+01
      vertex   2.001426e+00 4.831871e+00 2.580306e+01
      vertex   2.155665e+00 5.204238e+00 2.453399e+01
    endloop
  endfacet
  facet normal 2.767888e-01 9.124505e-01 3.013671e-01
    outer loop
      vertex   1.098949e+00 5.524789e+00 2.453399e+01
      vertex   1.020318e+00 5.129487e+00 2.580306e+01
      vertex   2.001426e+00 4.831871e+00 2.580306e+01
    endloop
  endfacet
  facet normal 2.882614e-01 9.502705e-01 1.178620e-01
    outer loop
      vertex   1.131519e+00 5.688529e+00 2.313416e+01
      vertex   2.155665e+00 5.204238e+00 2.453399e+01
      vertex   2.219554e+00 5.358477e+00 2.313416e+01
    endloop
  endfacet
  facet normal 2.882613e-01 9.502705e-01 1.178620e-01
    outer loop
      vertex   1.131519e+00 5.688529e+00 2.313416e+01
      vertex   1.098949e+00 5.524789e+00 2.453399e+01
      vertex   2.155665e+00 5.204238e+00 2.453399e+01
    endloop
  endfacet
  facet normal -7.370719e-01 6.048989e-01 3.013675e-01
    outer loop
      vertex   -4.683689e+00 3.129543e+00 2.453399e+01
      vertex   -3.698153e+00 3.698155e+00 2.580306e+01
      vertex   -3.983151e+00 3.983152e+00 2.453399e+01
    endloop
  endfacet
  facet normal -7.370718e-01 6.048991e-01 3.013672e-01
    outer loop
      vertex   -4.683689e+00 3.129543e+00 2.453399e+01
      vertex   -4.348569e+00 2.905622e+00 2.580306e+01
      vertex   -3.698153e+00 3.698155e+00 2.580306e+01
    endloop
  endfacet
  facet normal -7.676226e-01 6.299716e-01 1.178616e-01
    outer loop
      vertex   -4.822502e+00 3.222293e+00 2.313417e+01
      vertex   -3.983151e+00 3.983152e+00 2.453399e+01
      vertex   -4.101200e+00 4.101201e+00 2.313417e+01
    endloop
  endfacet
  facet normal -7.676228e-01 6.299713e-01 1.178618e-01
    outer loop
      vertex   -4.822502e+00 3.222293e+00 2.313417e+01
      vertex   -4.683689e+00 3.129543e+00 2.453399e+01
      vertex   -3.983151e+00 3.983152e+00 2.453399e+01
    endloop
  endfacet
  facet normal -9.489166e-01 -9.346035e-02 3.013675e-01
    outer loop
      vertex   -5.524788e+00 -1.098948e+00 2.453399e+01
      vertex   -5.229979e+00 1.238296e-06 2.580306e+01
      vertex   -5.633026e+00 1.112868e-06 2.453399e+01
    endloop
  endfacet
  facet normal -9.489166e-01 -9.346037e-02 3.013675e-01
    outer loop
      vertex   -5.524788e+00 -1.098948e+00 2.453399e+01
      vertex   -5.129486e+00 -1.020317e+00 2.580306e+01
      vertex   -5.229979e+00 1.238296e-06 2.580306e+01
    endloop
  endfacet
  facet normal -9.882483e-01 -9.733425e-02 1.178618e-01
    outer loop
      vertex   -5.688528e+00 -1.131518e+00 2.313417e+01
      vertex   -5.633026e+00 1.112868e-06 2.453399e+01
      vertex   -5.799973e+00 9.730202e-07 2.313417e+01
    endloop
  endfacet
  facet normal -9.882483e-01 -9.733419e-02 1.178618e-01
    outer loop
      vertex   -5.688528e+00 -1.131518e+00 2.313417e+01
      vertex   -5.524788e+00 -1.098948e+00 2.453399e+01
      vertex   -5.633026e+00 1.112868e-06 2.453399e+01
    endloop
  endfacet
  facet normal -6.048990e-01 -7.370717e-01 3.013678e-01
    outer loop
      vertex   -3.129542e+00 -4.683689e+00 2.453399e+01
      vertex   -3.698153e+00 -3.698153e+00 2.580306e+01
      vertex   -3.983151e+00 -3.983150e+00 2.453399e+01
    endloop
  endfacet
  facet normal -6.048988e-01 -7.370718e-01 3.013679e-01
    outer loop
      vertex   -3.129542e+00 -4.683689e+00 2.453399e+01
      vertex   -2.905621e+00 -4.348567e+00 2.580306e+01
      vertex   -3.698153e+00 -3.698153e+00 2.580306e+01
    endloop
  endfacet
  facet normal -6.299712e-01 -7.676229e-01 1.178620e-01
    outer loop
      vertex   -3.222293e+00 -4.822500e+00 2.313417e+01
      vertex   -3.983151e+00 -3.983150e+00 2.453399e+01
      vertex   -4.101200e+00 -4.101200e+00 2.313417e+01
    endloop
  endfacet
  facet normal -6.299715e-01 -7.676226e-01 1.178617e-01
    outer loop
      vertex   -3.222293e+00 -4.822500e+00 2.313417e+01
      vertex   -3.129542e+00 -4.683689e+00 2.453399e+01
      vertex   -3.983151e+00 -3.983150e+00 2.453399e+01
    endloop
  endfacet
  facet normal -4.494803e-01 -8.409190e-01 3.013679e-01
    outer loop
      vertex   -2.155665e+00 -5.204236e+00 2.453399e+01
      vertex   -2.905621e+00 -4.348567e+00 2.580306e+01
      vertex   -3.129542e+00 -4.683689e+00 2.453399e+01
    endloop
  endfacet
  facet normal -4.494805e-01 -8.409190e-01 3.013678e-01
    outer loop
      vertex   -2.155665e+00 -5.204236e+00 2.453399e+01
      vertex   -2.001426e+00 -4.831869e+00 2.580306e+01
      vertex   -2.905621e+00 -4.348567e+00 2.580306e+01
    endloop
  endfacet
  facet normal -4.681115e-01 -8.757741e-01 1.178616e-01
    outer loop
      vertex   -2.219554e+00 -5.358475e+00 2.313417e+01
      vertex   -3.129542e+00 -4.683689e+00 2.453399e+01
      vertex   -3.222293e+00 -4.822500e+00 2.313417e+01
    endloop
  endfacet
  facet normal -4.681109e-01 -8.757744e-01 1.178622e-01
    outer loop
      vertex   -2.219554e+00 -5.358475e+00 2.313417e+01
      vertex   -2.155665e+00 -5.204236e+00 2.453399e+01
      vertex   -3.129542e+00 -4.683689e+00 2.453399e+01
    endloop
  endfacet
  facet normal 9.346033e-02 -9.489165e-01 3.013680e-01
    outer loop
      vertex   1.098949e+00 -5.524787e+00 2.453399e+01
      vertex   -1.724345e-09 -5.229977e+00 2.580306e+01
      vertex   -5.483139e-10 -5.633025e+00 2.453399e+01
    endloop
  endfacet
  facet normal 9.346035e-02 -9.489165e-01 3.013680e-01
    outer loop
      vertex   1.098949e+00 -5.524787e+00 2.453399e+01
      vertex   1.020318e+00 -5.129485e+00 2.580306e+01
      vertex   -1.724345e-09 -5.229977e+00 2.580306e+01
    endloop
  endfacet
  facet normal 9.733423e-02 -9.882483e-01 1.178618e-01
    outer loop
      vertex   1.131519e+00 -5.688527e+00 2.313417e+01
      vertex   -5.483139e-10 -5.633025e+00 2.453399e+01
      vertex   0.000000e+00 -5.799972e+00 2.313417e+01
    endloop
  endfacet
  facet normal 9.733418e-02 -9.882483e-01 1.178618e-01
    outer loop
      vertex   1.131519e+00 -5.688527e+00 2.313417e+01
      vertex   1.098949e+00 -5.524787e+00 2.453399e+01
      vertex   -5.483139e-10 -5.633025e+00 2.453399e+01
    endloop
  endfacet
  facet normal 8.409191e-01 4.494806e-01 3.013673e-01
    outer loop
      vertex   4.683689e+00 3.129543e+00 2.453399e+01
      vertex   4.831870e+00 2.001428e+00 2.580306e+01
      vertex   5.204237e+00 2.155667e+00 2.453399e+01
    endloop
  endfacet
  facet normal 8.409192e-01 4.494805e-01 3.013672e-01
    outer loop
      vertex   4.683689e+00 3.129543e+00 2.453399e+01
      vertex   4.348569e+00 2.905622e+00 2.580306e+01
      vertex   4.831870e+00 2.001428e+00 2.580306e+01
    endloop
  endfacet
  facet normal 8.757741e-01 4.681113e-01 1.178621e-01
    outer loop
      vertex   4.822502e+00 3.222293e+00 2.313417e+01
      vertex   5.204237e+00 2.155667e+00 2.453399e+01
      vertex   5.358477e+00 2.219555e+00 2.313417e+01
    endloop
  endfacet
  facet normal 8.757743e-01 4.681110e-01 1.178619e-01
    outer loop
      vertex   4.822502e+00 3.222293e+00 2.313417e+01
      vertex   4.683689e+00 3.129543e+00 2.453399e+01
      vertex   5.204237e+00 2.155667e+00 2.453399e+01
    endloop
  endfacet
  facet normal 7.370720e-01 6.048989e-01 3.013672e-01
    outer loop
      vertex   3.983151e+00 3.983152e+00 2.453399e+01
      vertex   4.348569e+00 2.905622e+00 2.580306e+01
      vertex   4.683689e+00 3.129543e+00 2.453399e+01
    endloop
  endfacet
  facet normal 7.370717e-01 6.048991e-01 3.013675e-01
    outer loop
      vertex   3.983151e+00 3.983152e+00 2.453399e+01
      vertex   3.698153e+00 3.698155e+00 2.580306e+01
      vertex   4.348569e+00 2.905622e+00 2.580306e+01
    endloop
  endfacet
  facet normal 7.676226e-01 6.299715e-01 1.178618e-01
    outer loop
      vertex   4.101200e+00 4.101201e+00 2.313417e+01
      vertex   4.683689e+00 3.129543e+00 2.453399e+01
      vertex   4.822502e+00 3.222293e+00 2.313417e+01
    endloop
  endfacet
  facet normal 7.676228e-01 6.299713e-01 1.178616e-01
    outer loop
      vertex   4.101200e+00 4.101201e+00 2.313417e+01
      vertex   3.983151e+00 3.983152e+00 2.453399e+01
      vertex   4.683689e+00 3.129543e+00 2.453399e+01
    endloop
  endfacet
  facet normal 6.048989e-01 7.370719e-01 3.013674e-01
    outer loop
      vertex   3.129542e+00 4.683691e+00 2.453399e+01
      vertex   3.698153e+00 3.698155e+00 2.580306e+01
      vertex   3.983151e+00 3.983152e+00 2.453399e+01
    endloop
  endfacet
  facet normal 6.048989e-01 7.370719e-01 3.013674e-01
    outer loop
      vertex   3.129542e+00 4.683691e+00 2.453399e+01
      vertex   2.905621e+00 4.348570e+00 2.580306e+01
      vertex   3.698153e+00 3.698155e+00 2.580306e+01
    endloop
  endfacet
  facet normal 6.299717e-01 7.676225e-01 1.178615e-01
    outer loop
      vertex   3.222293e+00 4.822502e+00 2.313417e+01
      vertex   3.983151e+00 3.983152e+00 2.453399e+01
      vertex   4.101200e+00 4.101201e+00 2.313417e+01
    endloop
  endfacet
  facet normal 6.299713e-01 7.676228e-01 1.178619e-01
    outer loop
      vertex   3.222293e+00 4.822502e+00 2.313417e+01
      vertex   3.129542e+00 4.683691e+00 2.453399e+01
      vertex   3.983151e+00 3.983152e+00 2.453399e+01
    endloop
  endfacet
  facet normal -9.346082e-02 9.489162e-01 3.013686e-01
    outer loop
      vertex   -1.098949e+00 5.524789e+00 2.453399e+01
      vertex   -1.724345e-09 5.229980e+00 2.580306e+01
      vertex   -5.483139e-10 5.633027e+00 2.453399e+01
    endloop
  endfacet
  facet normal -9.345884e-02 9.489169e-01 3.013671e-01
    outer loop
      vertex   -1.098949e+00 5.524789e+00 2.453399e+01
      vertex   -1.020318e+00 5.129487e+00 2.580306e+01
      vertex   -1.724345e-09 5.229980e+00 2.580306e+01
    endloop
  endfacet
  facet normal -9.733424e-02 9.882483e-01 1.178616e-01
    outer loop
      vertex   -1.131519e+00 5.688529e+00 2.313416e+01
      vertex   -5.483139e-10 5.633027e+00 2.453399e+01
      vertex   0.000000e+00 5.799974e+00 2.313416e+01
    endloop
  endfacet
  facet normal -9.733471e-02 9.882482e-01 1.178620e-01
    outer loop
      vertex   -1.131519e+00 5.688529e+00 2.313416e+01
      vertex   -1.098949e+00 5.524789e+00 2.453399e+01
      vertex   -5.483139e-10 5.633027e+00 2.453399e+01
    endloop
  endfacet
  facet normal -2.767888e-01 9.124505e-01 3.013671e-01
    outer loop
      vertex   -2.155665e+00 5.204238e+00 2.453399e+01
      vertex   -1.020318e+00 5.129487e+00 2.580306e+01
      vertex   -1.098949e+00 5.524789e+00 2.453399e+01
    endloop
  endfacet
  facet normal -2.767888e-01 9.124504e-01 3.013671e-01
    outer loop
      vertex   -2.155665e+00 5.204238e+00 2.453399e+01
      vertex   -2.001426e+00 4.831871e+00 2.580306e+01
      vertex   -1.020318e+00 5.129487e+00 2.580306e+01
    endloop
  endfacet
  facet normal -2.882614e-01 9.502704e-01 1.178620e-01
    outer loop
      vertex   -2.219554e+00 5.358477e+00 2.313416e+01
      vertex   -1.098949e+00 5.524789e+00 2.453399e+01
      vertex   -1.131519e+00 5.688529e+00 2.313416e+01
    endloop
  endfacet
  facet normal -2.882613e-01 9.502705e-01 1.178620e-01
    outer loop
      vertex   -2.219554e+00 5.358477e+00 2.313416e+01
      vertex   -2.155665e+00 5.204238e+00 2.453399e+01
      vertex   -1.098949e+00 5.524789e+00 2.453399e+01
    endloop
  endfacet
  facet normal -4.494800e-01 8.409195e-01 3.013672e-01
    outer loop
      vertex   -3.129542e+00 4.683691e+00 2.453399e+01
      vertex   -2.001426e+00 4.831871e+00 2.580306e+01
      vertex   -2.155665e+00 5.204238e+00 2.453399e+01
    endloop
  endfacet
  facet normal -4.494803e-01 8.409192e-01 3.013674e-01
    outer loop
      vertex   -3.129542e+00 4.683691e+00 2.453399e+01
      vertex   -2.905621e+00 4.348570e+00 2.580306e+01
      vertex   -2.001426e+00 4.831871e+00 2.580306e+01
    endloop
  endfacet
  facet normal -4.681107e-01 8.757745e-01 1.178620e-01
    outer loop
      vertex   -3.222293e+00 4.822502e+00 2.313417e+01
      vertex   -2.155665e+00 5.204238e+00 2.453399e+01
      vertex   -2.219554e+00 5.358477e+00 2.313416e+01
    endloop
  endfacet
  facet normal -4.681105e-01 8.757746e-01 1.178618e-01
    outer loop
      vertex   -3.222293e+00 4.822502e+00 2.313417e+01
      vertex   -3.129542e+00 4.683691e+00 2.453399e+01
      vertex   -2.155665e+00 5.204238e+00 2.453399e+01
    endloop
  endfacet
  facet normal -6.048989e-01 7.370719e-01 3.013674e-01
    outer loop
      vertex   -3.983151e+00 3.983152e+00 2.453399e+01
      vertex   -2.905621e+00 4.348570e+00 2.580306e+01
      vertex   -3.129542e+00 4.683691e+00 2.453399e+01
    endloop
  endfacet
  facet normal -6.048989e-01 7.370719e-01 3.013674e-01
    outer loop
      vertex   -3.983151e+00 3.983152e+00 2.453399e+01
      vertex   -3.698153e+00 3.698155e+00 2.580306e+01
      vertex   -2.905621e+00 4.348570e+00 2.580306e+01
    endloop
  endfacet
  facet normal -6.299717e-01 7.676225e-01 1.178619e-01
    outer loop
      vertex   -4.101200e+00 4.101201e+00 2.313417e+01
      vertex   -3.129542e+00 4.683691e+00 2.453399e+01
      vertex   -3.222293e+00 4.822502e+00 2.313417e+01
    endloop
  endfacet
  facet normal -6.299714e-01 7.676228e-01 1.178615e-01
    outer loop
      vertex   -4.101200e+00 4.101201e+00 2.313417e+01
      vertex   -3.983151e+00 3.983152e+00 2.453399e+01
      vertex   -3.129542e+00 4.683691e+00 2.453399e+01
    endloop
  endfacet
  facet normal -8.409192e-01 4.494806e-01 3.013672e-01
    outer loop
      vertex   -5.204237e+00 2.155667e+00 2.453399e+01
      vertex   -4.348569e+00 2.905622e+00 2.580306e+01
      vertex   -4.683689e+00 3.129543e+00 2.453399e+01
    endloop
  endfacet
  facet normal -8.409192e-01 4.494804e-01 3.013673e-01
    outer loop
      vertex   -5.204237e+00 2.155667e+00 2.453399e+01
      vertex   -4.831870e+00 2.001428e+00 2.580306e+01
      vertex   -4.348569e+00 2.905622e+00 2.580306e+01
    endloop
  endfacet
  facet normal -8.757742e-01 4.681113e-01 1.178619e-01
    outer loop
      vertex   -5.358477e+00 2.219555e+00 2.313417e+01
      vertex   -4.683689e+00 3.129543e+00 2.453399e+01
      vertex   -4.822502e+00 3.222293e+00 2.313417e+01
    endloop
  endfacet
  facet normal -8.757743e-01 4.681110e-01 1.178621e-01
    outer loop
      vertex   -5.358477e+00 2.219555e+00 2.313417e+01
      vertex   -5.204237e+00 2.155667e+00 2.453399e+01
      vertex   -4.683689e+00 3.129543e+00 2.453399e+01
    endloop
  endfacet
  facet normal -9.489166e-01 9.346035e-02 3.013675e-01
    outer loop
      vertex   -5.633026e+00 1.112868e-06 2.453399e+01
      vertex   -5.129486e+00 1.020319e+00 2.580306e+01
      vertex   -5.524788e+00 1.098950e+00 2.453399e+01
    endloop
  endfacet
  facet normal -9.489166e-01 9.346038e-02 3.013675e-01
    outer loop
      vertex   -5.633026e+00 1.112868e-06 2.453399e+01
      vertex   -5.229979e+00 1.238296e-06 2.580306e+01
      vertex   -5.129486e+00 1.020319e+00 2.580306e+01
    endloop
  endfacet
  facet normal -9.882483e-01 9.733424e-02 1.178618e-01
    outer loop
      vertex   -5.799973e+00 9.730202e-07 2.313417e+01
      vertex   -5.524788e+00 1.098950e+00 2.453399e+01
      vertex   -5.688528e+00 1.131520e+00 2.313417e+01
    endloop
  endfacet
  facet normal -9.882483e-01 9.733418e-02 1.178618e-01
    outer loop
      vertex   -5.799973e+00 9.730202e-07 2.313417e+01
      vertex   -5.633026e+00 1.112868e-06 2.453399e+01
      vertex   -5.524788e+00 1.098950e+00 2.453399e+01
    endloop
  endfacet
  facet normal -9.124506e-01 -2.767880e-01 3.013675e-01
    outer loop
      vertex   -5.204237e+00 -2.155665e+00 2.453399e+01
      vertex   -5.129486e+00 -1.020317e+00 2.580306e+01
      vertex   -5.524788e+00 -1.098948e+00 2.453399e+01
    endloop
  endfacet
  facet normal -9.124503e-01 -2.767885e-01 3.013679e-01
    outer loop
      vertex   -5.204237e+00 -2.155665e+00 2.453399e+01
      vertex   -4.831870e+00 -2.001425e+00 2.580306e+01
      vertex   -5.129486e+00 -1.020317e+00 2.580306e+01
    endloop
  endfacet
  facet normal -9.502706e-01 -2.882609e-01 1.178618e-01
    outer loop
      vertex   -5.358477e+00 -2.219553e+00 2.313417e+01
      vertex   -5.524788e+00 -1.098948e+00 2.453399e+01
      vertex   -5.688528e+00 -1.131518e+00 2.313417e+01
    endloop
  endfacet
  facet normal -9.502706e-01 -2.882610e-01 1.178620e-01
    outer loop
      vertex   -5.358477e+00 -2.219553e+00 2.313417e+01
      vertex   -5.204237e+00 -2.155665e+00 2.453399e+01
      vertex   -5.524788e+00 -1.098948e+00 2.453399e+01
    endloop
  endfacet
  facet normal -7.370719e-01 -6.048988e-01 3.013676e-01
    outer loop
      vertex   -3.983151e+00 -3.983150e+00 2.453399e+01
      vertex   -4.348569e+00 -2.905619e+00 2.580306e+01
      vertex   -4.683689e+00 -3.129540e+00 2.453399e+01
    endloop
  endfacet
  facet normal -7.370716e-01 -6.048990e-01 3.013679e-01
    outer loop
      vertex   -3.983151e+00 -3.983150e+00 2.453399e+01
      vertex   -3.698153e+00 -3.698153e+00 2.580306e+01
      vertex   -4.348569e+00 -2.905619e+00 2.580306e+01
    endloop
  endfacet
  facet normal -7.676226e-01 -6.299715e-01 1.178621e-01
    outer loop
      vertex   -4.101200e+00 -4.101200e+00 2.313417e+01
      vertex   -4.683689e+00 -3.129540e+00 2.453399e+01
      vertex   -4.822502e+00 -3.222292e+00 2.313417e+01
    endloop
  endfacet
  facet normal -7.676228e-01 -6.299713e-01 1.178619e-01
    outer loop
      vertex   -4.101200e+00 -4.101200e+00 2.313417e+01
      vertex   -3.983151e+00 -3.983150e+00 2.453399e+01
      vertex   -4.683689e+00 -3.129540e+00 2.453399e+01
    endloop
  endfacet
  facet normal -2.767887e-01 -9.124502e-01 3.013679e-01
    outer loop
      vertex   -1.098949e+00 -5.524787e+00 2.453399e+01
      vertex   -2.001426e+00 -4.831869e+00 2.580306e+01
      vertex   -2.155665e+00 -5.204236e+00 2.453399e+01
    endloop
  endfacet
  facet normal -2.767885e-01 -9.124503e-01 3.013680e-01
    outer loop
      vertex   -1.098949e+00 -5.524787e+00 2.453399e+01
      vertex   -1.020318e+00 -5.129485e+00 2.580306e+01
      vertex   -2.001426e+00 -4.831869e+00 2.580306e+01
    endloop
  endfacet
  facet normal -2.882609e-01 -9.502706e-01 1.178622e-01
    outer loop
      vertex   -1.131519e+00 -5.688527e+00 2.313417e+01
      vertex   -2.155665e+00 -5.204236e+00 2.453399e+01
      vertex   -2.219554e+00 -5.358475e+00 2.313417e+01
    endloop
  endfacet
  facet normal -2.882613e-01 -9.502705e-01 1.178618e-01
    outer loop
      vertex   -1.131519e+00 -5.688527e+00 2.313417e+01
      vertex   -1.098949e+00 -5.524787e+00 2.453399e+01
      vertex   -2.155665e+00 -5.204236e+00 2.453399e+01
    endloop
  endfacet
  facet normal -9.346033e-02 -9.489165e-01 3.013680e-01
    outer loop
      vertex   -5.483139e-10 -5.633025e+00 2.453399e+01
      vertex   -1.020318e+00 -5.129485e+00 2.580306e+01
      vertex   -1.098949e+00 -5.524787e+00 2.453399e+01
    endloop
  endfacet
  facet normal -9.346036e-02 -9.489165e-01 3.013680e-01
    outer loop
      vertex   -5.483139e-10 -5.633025e+00 2.453399e+01
      vertex   -1.724345e-09 -5.229977e+00 2.580306e+01
      vertex   -1.020318e+00 -5.129485e+00 2.580306e+01
    endloop
  endfacet
  facet normal -9.733423e-02 -9.882483e-01 1.178618e-01
    outer loop
      vertex   0.000000e+00 -5.799972e+00 2.313417e+01
      vertex   -1.098949e+00 -5.524787e+00 2.453399e+01
      vertex   -1.131519e+00 -5.688527e+00 2.313417e+01
    endloop
  endfacet
  facet normal -9.733418e-02 -9.882483e-01 1.178618e-01
    outer loop
      vertex   0.000000e+00 -5.799972e+00 2.313417e+01
      vertex   -5.483139e-10 -5.633025e+00 2.453399e+01
      vertex   -1.098949e+00 -5.524787e+00 2.453399e+01
    endloop
  endfacet
  facet normal 2.767887e-01 -9.124502e-01 3.013680e-01
    outer loop
      vertex   2.155665e+00 -5.204236e+00 2.453399e+01
      vertex   1.020318e+00 -5.129485e+00 2.580306e+01
      vertex   1.098949e+00 -5.524787e+00 2.453399e+01
    endloop
  endfacet
  facet normal 2.767885e-01 -9.124503e-01 3.013678e-01
    outer loop
      vertex   2.155665e+00 -5.204236e+00 2.453399e+01
      vertex   2.001426e+00 -4.831869e+00 2.580306e+01
      vertex   1.020318e+00 -5.129485e+00 2.580306e+01
    endloop
  endfacet
  facet normal 2.882609e-01 -9.502706e-01 1.178618e-01
    outer loop
      vertex   2.219554e+00 -5.358475e+00 2.313417e+01
      vertex   1.098949e+00 -5.524787e+00 2.453399e+01
      vertex   1.131519e+00 -5.688527e+00 2.313417e+01
    endloop
  endfacet
  facet normal 2.882613e-01 -9.502704e-01 1.178622e-01
    outer loop
      vertex   2.219554e+00 -5.358475e+00 2.313417e+01
      vertex   2.155665e+00 -5.204236e+00 2.453399e+01
      vertex   1.098949e+00 -5.524787e+00 2.453399e+01
    endloop
  endfacet
  facet normal 4.494803e-01 -8.409191e-01 3.013678e-01
    outer loop
      vertex   3.129542e+00 -4.683689e+00 2.453399e+01
      vertex   2.001426e+00 -4.831869e+00 2.580306e+01
      vertex   2.155665e+00 -5.204236e+00 2.453399e+01
    endloop
  endfacet
  facet normal 4.494804e-01 -8.409190e-01 3.013679e-01
    outer loop
      vertex   3.129542e+00 -4.683689e+00 2.453399e+01
      vertex   2.905621e+00 -4.348567e+00 2.580306e+01
      vertex   2.001426e+00 -4.831869e+00 2.580306e+01
    endloop
  endfacet
  facet normal 4.681115e-01 -8.757740e-01 1.178622e-01
    outer loop
      vertex   3.222293e+00 -4.822500e+00 2.313417e+01
      vertex   2.155665e+00 -5.204236e+00 2.453399e+01
      vertex   2.219554e+00 -5.358475e+00 2.313417e+01
    endloop
  endfacet
  facet normal 4.681109e-01 -8.757744e-01 1.178616e-01
    outer loop
      vertex   3.222293e+00 -4.822500e+00 2.313417e+01
      vertex   3.129542e+00 -4.683689e+00 2.453399e+01
      vertex   2.155665e+00 -5.204236e+00 2.453399e+01
    endloop
  endfacet
  facet normal 6.048990e-01 -7.370716e-01 3.013679e-01
    outer loop
      vertex   3.983151e+00 -3.983150e+00 2.453399e+01
      vertex   2.905621e+00 -4.348567e+00 2.580306e+01
      vertex   3.129542e+00 -4.683689e+00 2.453399e+01
    endloop
  endfacet
  facet normal 6.048988e-01 -7.370718e-01 3.013678e-01
    outer loop
      vertex   3.983151e+00 -3.983150e+00 2.453399e+01
      vertex   3.698153e+00 -3.698153e+00 2.580306e+01
      vertex   2.905621e+00 -4.348567e+00 2.580306e+01
    endloop
  endfacet
  facet normal 6.299712e-01 -7.676229e-01 1.178617e-01
    outer loop
      vertex   4.101200e+00 -4.101200e+00 2.313417e+01
      vertex   3.129542e+00 -4.683689e+00 2.453399e+01
      vertex   3.222293e+00 -4.822500e+00 2.313417e+01
    endloop
  endfacet
  facet normal 6.299715e-01 -7.676226e-01 1.178620e-01
    outer loop
      vertex   4.101200e+00 -4.101200e+00 2.313417e+01
      vertex   3.983151e+00 -3.983150e+00 2.453399e+01
      vertex   3.129542e+00 -4.683689e+00 2.453399e+01
    endloop
  endfacet
  facet normal 9.489166e-01 -9.346035e-02 3.013675e-01
    outer loop
      vertex   5.633026e+00 1.112868e-06 2.453399e+01
      vertex   5.129486e+00 -1.020317e+00 2.580306e+01
      vertex   5.524788e+00 -1.098948e+00 2.453399e+01
    endloop
  endfacet
  facet normal 9.489166e-01 -9.346038e-02 3.013675e-01
    outer loop
      vertex   5.633026e+00 1.112868e-06 2.453399e+01
      vertex   5.229979e+00 1.238296e-06 2.580306e+01
      vertex   5.129486e+00 -1.020317e+00 2.580306e+01
    endloop
  endfacet
  facet normal 9.882483e-01 -9.733425e-02 1.178618e-01
    outer loop
      vertex   5.799973e+00 9.730202e-07 2.313417e+01
      vertex   5.524788e+00 -1.098948e+00 2.453399e+01
      vertex   5.688528e+00 -1.131518e+00 2.313417e+01
    endloop
  endfacet
  facet normal 9.882483e-01 -9.733419e-02 1.178618e-01
    outer loop
      vertex   5.799973e+00 9.730202e-07 2.313417e+01
      vertex   5.633026e+00 1.112868e-06 2.453399e+01
      vertex   5.524788e+00 -1.098948e+00 2.453399e+01
    endloop
  endfacet
  facet normal 9.489166e-01 9.346035e-02 3.013675e-01
    outer loop
      vertex   5.524788e+00 1.098950e+00 2.453399e+01
      vertex   5.229979e+00 1.238296e-06 2.580306e+01
      vertex   5.633026e+00 1.112868e-06 2.453399e+01
    endloop
  endfacet
  facet normal 9.489166e-01 9.346037e-02 3.013675e-01
    outer loop
      vertex   5.524788e+00 1.098950e+00 2.453399e+01
      vertex   5.129486e+00 1.020319e+00 2.580306e+01
      vertex   5.229979e+00 1.238296e-06 2.580306e+01
    endloop
  endfacet
  facet normal 9.882483e-01 9.733424e-02 1.178618e-01
    outer loop
      vertex   5.688528e+00 1.131520e+00 2.313417e+01
      vertex   5.633026e+00 1.112868e-06 2.453399e+01
      vertex   5.799973e+00 9.730202e-07 2.313417e+01
    endloop
  endfacet
  facet normal 9.882483e-01 9.733418e-02 1.178618e-01
    outer loop
      vertex   5.688528e+00 1.131520e+00 2.313417e+01
      vertex   5.524788e+00 1.098950e+00 2.453399e+01
      vertex   5.633026e+00 1.112868e-06 2.453399e+01
    endloop
  endfacet
  facet normal 9.124504e-01 2.767887e-01 3.013675e-01
    outer loop
      vertex   5.204237e+00 2.155667e+00 2.453399e+01
      vertex   5.129486e+00 1.020319e+00 2.580306e+01
      vertex   5.524788e+00 1.098950e+00 2.453399e+01
    endloop
  endfacet
  facet normal 9.124505e-01 2.767885e-01 3.013673e-01
    outer loop
      vertex   5.204237e+00 2.155667e+00 2.453399e+01
      vertex   4.831870e+00 2.001428e+00 2.580306e+01
      vertex   5.129486e+00 1.020319e+00 2.580306e+01
    endloop
  endfacet
  facet normal 9.502706e-01 2.882608e-01 1.178618e-01
    outer loop
      vertex   5.358477e+00 2.219555e+00 2.313417e+01
      vertex   5.524788e+00 1.098950e+00 2.453399e+01
      vertex   5.688528e+00 1.131520e+00 2.313417e+01
    endloop
  endfacet
  facet normal 9.502705e-01 2.882613e-01 1.178621e-01
    outer loop
      vertex   5.358477e+00 2.219555e+00 2.313417e+01
      vertex   5.204237e+00 2.155667e+00 2.453399e+01
      vertex   5.524788e+00 1.098950e+00 2.453399e+01
    endloop
  endfacet
  facet normal 4.494800e-01 8.409194e-01 3.013674e-01
    outer loop
      vertex   2.155665e+00 5.204238e+00 2.453399e+01
      vertex   2.905621e+00 4.348570e+00 2.580306e+01
      vertex   3.129542e+00 4.683691e+00 2.453399e+01
    endloop
  endfacet
  facet normal 4.494804e-01 8.409193e-01 3.013671e-01
    outer loop
      vertex   2.155665e+00 5.204238e+00 2.453399e+01
      vertex   2.001426e+00 4.831871e+00 2.580306e+01
      vertex   2.905621e+00 4.348570e+00 2.580306e+01
    endloop
  endfacet
  facet normal 4.681107e-01 8.757745e-01 1.178618e-01
    outer loop
      vertex   2.219554e+00 5.358477e+00 2.313416e+01
      vertex   3.129542e+00 4.683691e+00 2.453399e+01
      vertex   3.222293e+00 4.822502e+00 2.313417e+01
    endloop
  endfacet
  facet normal 4.681105e-01 8.757746e-01 1.178620e-01
    outer loop
      vertex   2.219554e+00 5.358477e+00 2.313416e+01
      vertex   2.155665e+00 5.204238e+00 2.453399e+01
      vertex   3.129542e+00 4.683691e+00 2.453399e+01
    endloop
  endfacet
  facet normal 9.346087e-02 9.489167e-01 3.013671e-01
    outer loop
      vertex   -5.483139e-10 5.633027e+00 2.453399e+01
      vertex   1.020318e+00 5.129487e+00 2.580306e+01
      vertex   1.098949e+00 5.524789e+00 2.453399e+01
    endloop
  endfacet
  facet normal 9.345879e-02 9.489164e-01 3.013687e-01
    outer loop
      vertex   -5.483139e-10 5.633027e+00 2.453399e+01
      vertex   -1.724345e-09 5.229980e+00 2.580306e+01
      vertex   1.020318e+00 5.129487e+00 2.580306e+01
    endloop
  endfacet
  facet normal 9.733423e-02 9.882482e-01 1.178620e-01
    outer loop
      vertex   0.000000e+00 5.799974e+00 2.313416e+01
      vertex   1.098949e+00 5.524789e+00 2.453399e+01
      vertex   1.131519e+00 5.688529e+00 2.313416e+01
    endloop
  endfacet
  facet normal 9.733472e-02 9.882482e-01 1.178616e-01
    outer loop
      vertex   0.000000e+00 5.799974e+00 2.313416e+01
      vertex   -5.483139e-10 5.633027e+00 2.453399e+01
      vertex   1.098949e+00 5.524789e+00 2.453399e+01
    endloop
  endfacet
  facet normal 4.713968e-01 8.819213e-01 0.000000e+00
    outer loop
      vertex   1.608896e+00 3.884221e+00 2.901261e+01
      vertex   2.335756e+00 3.495706e+00 3.147794e+01
      vertex   2.335756e+00 3.495706e+00 2.901261e+01
    endloop
  endfacet
  facet normal 4.713968e-01 8.819213e-01 -0.000000e+00
    outer loop
      vertex   1.608896e+00 3.884221e+00 2.901261e+01
      vertex   1.608896e+00 3.884221e+00 3.147794e+01
      vertex   2.335756e+00 3.495706e+00 3.147794e+01
    endloop
  endfacet
  facet normal -9.502707e-01 2.882604e-01 1.178624e-01
    outer loop
      vertex   -4.243304e+00 8.440471e-01 2.798810e+01
      vertex   -3.884219e+00 1.608898e+00 2.901261e+01
      vertex   -3.997105e+00 1.655657e+00 2.798810e+01
    endloop
  endfacet
  facet normal -9.502705e-01 2.882614e-01 1.178617e-01
    outer loop
      vertex   -4.243304e+00 8.440471e-01 2.798810e+01
      vertex   -4.123465e+00 8.202098e-01 2.901261e+01
      vertex   -3.884219e+00 1.608898e+00 2.901261e+01
    endloop
  endfacet
  facet normal -9.124501e-01 2.767894e-01 3.013675e-01
    outer loop
      vertex   -4.532619e+00 9.015954e-01 2.705928e+01
      vertex   -3.997105e+00 1.655657e+00 2.798810e+01
      vertex   -4.269634e+00 1.768542e+00 2.705928e+01
    endloop
  endfacet
  facet normal -9.124502e-01 2.767878e-01 3.013688e-01
    outer loop
      vertex   -4.532619e+00 9.015954e-01 2.705928e+01
      vertex   -4.243304e+00 8.440471e-01 2.798810e+01
      vertex   -3.997105e+00 1.655657e+00 2.798810e+01
    endloop
  endfacet
  facet normal -8.757742e-01 -4.681110e-01 1.178625e-01
    outer loop
      vertex   -3.597299e+00 -2.403637e+00 2.798810e+01
      vertex   -3.884219e+00 -1.608895e+00 2.901261e+01
      vertex   -3.997105e+00 -1.655654e+00 2.798810e+01
    endloop
  endfacet
  facet normal -8.757741e-01 -4.681112e-01 1.178626e-01
    outer loop
      vertex   -3.597299e+00 -2.403637e+00 2.798810e+01
      vertex   -3.495705e+00 -2.335754e+00 2.901261e+01
      vertex   -3.884219e+00 -1.608895e+00 2.901261e+01
    endloop
  endfacet
  facet normal -8.409185e-01 -4.494805e-01 3.013690e-01
    outer loop
      vertex   -3.842569e+00 -2.567522e+00 2.705929e+01
      vertex   -3.997105e+00 -1.655654e+00 2.798810e+01
      vertex   -4.269634e+00 -1.768539e+00 2.705929e+01
    endloop
  endfacet
  facet normal -8.409198e-01 -4.494792e-01 3.013674e-01
    outer loop
      vertex   -3.842569e+00 -2.567522e+00 2.705929e+01
      vertex   -3.597299e+00 -2.403637e+00 2.798810e+01
      vertex   -3.997105e+00 -1.655654e+00 2.798810e+01
    endloop
  endfacet
  facet normal 7.676229e-01 -6.299709e-01 1.178628e-01
    outer loop
      vertex   3.597299e+00 -2.403637e+00 2.798810e+01
      vertex   2.972853e+00 -2.972851e+00 2.901261e+01
      vertex   3.059252e+00 -3.059250e+00 2.798810e+01
    endloop
  endfacet
  facet normal 7.676228e-01 -6.299711e-01 1.178627e-01
    outer loop
      vertex   3.597299e+00 -2.403637e+00 2.798810e+01
      vertex   3.495705e+00 -2.335754e+00 2.901261e+01
      vertex   2.972853e+00 -2.972851e+00 2.901261e+01
    endloop
  endfacet
  facet normal 7.370720e-01 -6.048988e-01 3.013672e-01
    outer loop
      vertex   3.842569e+00 -2.567522e+00 2.705929e+01
      vertex   3.059252e+00 -3.059250e+00 2.798810e+01
      vertex   3.267837e+00 -3.267835e+00 2.705929e+01
    endloop
  endfacet
  facet normal 7.370722e-01 -6.048986e-01 3.013675e-01
    outer loop
      vertex   3.842569e+00 -2.567522e+00 2.705929e+01
      vertex   3.597299e+00 -2.403637e+00 2.798810e+01
      vertex   3.059252e+00 -3.059250e+00 2.798810e+01
    endloop
  endfacet
  facet normal 8.757742e-01 -4.681110e-01 1.178626e-01
    outer loop
      vertex   3.997105e+00 -1.655654e+00 2.798810e+01
      vertex   3.495705e+00 -2.335754e+00 2.901261e+01
      vertex   3.597299e+00 -2.403637e+00 2.798810e+01
    endloop
  endfacet
  facet normal 8.757742e-01 -4.681112e-01 1.178625e-01
    outer loop
      vertex   3.997105e+00 -1.655654e+00 2.798810e+01
      vertex   3.884219e+00 -1.608895e+00 2.901261e+01
      vertex   3.495705e+00 -2.335754e+00 2.901261e+01
    endloop
  endfacet
  facet normal 8.409190e-01 -4.494808e-01 3.013675e-01
    outer loop
      vertex   4.269634e+00 -1.768539e+00 2.705929e+01
      vertex   3.597299e+00 -2.403637e+00 2.798810e+01
      vertex   3.842569e+00 -2.567522e+00 2.705929e+01
    endloop
  endfacet
  facet normal 8.409194e-01 -4.494789e-01 3.013690e-01
    outer loop
      vertex   4.269634e+00 -1.768539e+00 2.705929e+01
      vertex   3.997105e+00 -1.655654e+00 2.798810e+01
      vertex   3.597299e+00 -2.403637e+00 2.798810e+01
    endloop
  endfacet
  facet normal 9.502707e-01 -2.882604e-01 1.178625e-01
    outer loop
      vertex   4.243304e+00 -8.440442e-01 2.798810e+01
      vertex   3.884219e+00 -1.608895e+00 2.901261e+01
      vertex   3.997105e+00 -1.655654e+00 2.798810e+01
    endloop
  endfacet
  facet normal 9.502705e-01 -2.882614e-01 1.178617e-01
    outer loop
      vertex   4.243304e+00 -8.440442e-01 2.798810e+01
      vertex   4.123465e+00 -8.202068e-01 2.901261e+01
      vertex   3.884219e+00 -1.608895e+00 2.901261e+01
    endloop
  endfacet
  facet normal 9.124502e-01 -2.767878e-01 3.013689e-01
    outer loop
      vertex   4.532619e+00 -9.015928e-01 2.705928e+01
      vertex   3.997105e+00 -1.655654e+00 2.798810e+01
      vertex   4.269634e+00 -1.768539e+00 2.705929e+01
    endloop
  endfacet
  facet normal 9.124502e-01 -2.767877e-01 3.013689e-01
    outer loop
      vertex   4.532619e+00 -9.015928e-01 2.705928e+01
      vertex   4.243304e+00 -8.440442e-01 2.798810e+01
      vertex   3.997105e+00 -1.655654e+00 2.798810e+01
    endloop
  endfacet
  facet normal 2.882605e-01 9.502707e-01 1.178619e-01
    outer loop
      vertex   8.440456e-01 4.243305e+00 2.798810e+01
      vertex   1.608896e+00 3.884221e+00 2.901261e+01
      vertex   1.655655e+00 3.997107e+00 2.798810e+01
    endloop
  endfacet
  facet normal 2.882614e-01 9.502705e-01 1.178611e-01
    outer loop
      vertex   8.440456e-01 4.243305e+00 2.798810e+01
      vertex   8.202083e-01 4.123467e+00 2.901261e+01
      vertex   1.608896e+00 3.884221e+00 2.901261e+01
    endloop
  endfacet
  facet normal 2.767881e-01 9.124504e-01 3.013680e-01
    outer loop
      vertex   9.015942e-01 4.532621e+00 2.705928e+01
      vertex   1.655655e+00 3.997107e+00 2.798810e+01
      vertex   1.768541e+00 4.269636e+00 2.705928e+01
    endloop
  endfacet
  facet normal 2.767878e-01 9.124504e-01 3.013682e-01
    outer loop
      vertex   9.015942e-01 4.532621e+00 2.705928e+01
      vertex   8.440456e-01 4.243305e+00 2.798810e+01
      vertex   1.655655e+00 3.997107e+00 2.798810e+01
    endloop
  endfacet
  facet normal -7.676230e-01 6.299711e-01 1.178619e-01
    outer loop
      vertex   -3.597299e+00 2.403640e+00 2.798810e+01
      vertex   -2.972853e+00 2.972854e+00 2.901261e+01
      vertex   -3.059252e+00 3.059253e+00 2.798810e+01
    endloop
  endfacet
  facet normal -7.676228e-01 6.299713e-01 1.178617e-01
    outer loop
      vertex   -3.597299e+00 2.403640e+00 2.798810e+01
      vertex   -3.495705e+00 2.335757e+00 2.901261e+01
      vertex   -2.972853e+00 2.972854e+00 2.901261e+01
    endloop
  endfacet
  facet normal -7.370719e-01 6.048987e-01 3.013679e-01
    outer loop
      vertex   -3.842569e+00 2.567524e+00 2.705928e+01
      vertex   -3.059252e+00 3.059253e+00 2.798810e+01
      vertex   -3.267837e+00 3.267838e+00 2.705928e+01
    endloop
  endfacet
  facet normal -7.370719e-01 6.048985e-01 3.013681e-01
    outer loop
      vertex   -3.842569e+00 2.567524e+00 2.705928e+01
      vertex   -3.597299e+00 2.403640e+00 2.798810e+01
      vertex   -3.059252e+00 3.059253e+00 2.798810e+01
    endloop
  endfacet
  facet normal -9.882484e-01 -9.733358e-02 1.178612e-01
    outer loop
      vertex   -4.243304e+00 -8.440441e-01 2.798810e+01
      vertex   -4.204248e+00 1.555251e-06 2.901261e+01
      vertex   -4.326434e+00 1.452703e-06 2.798810e+01
    endloop
  endfacet
  facet normal -9.882483e-01 -9.733420e-02 1.178617e-01
    outer loop
      vertex   -4.243304e+00 -8.440441e-01 2.798810e+01
      vertex   -4.123465e+00 -8.202068e-01 2.901261e+01
      vertex   -4.204248e+00 1.555251e-06 2.901261e+01
    endloop
  endfacet
  facet normal -9.489160e-01 -9.346072e-02 3.013695e-01
    outer loop
      vertex   -4.532619e+00 -9.015928e-01 2.705928e+01
      vertex   -4.326434e+00 1.452703e-06 2.798810e+01
      vertex   -4.621419e+00 1.361100e-06 2.705928e+01
    endloop
  endfacet
  facet normal -9.489164e-01 -9.345973e-02 3.013686e-01
    outer loop
      vertex   -4.532619e+00 -9.015928e-01 2.705928e+01
      vertex   -4.243304e+00 -8.440441e-01 2.798810e+01
      vertex   -4.326434e+00 1.452703e-06 2.798810e+01
    endloop
  endfacet
  facet normal -6.299709e-01 -7.676229e-01 1.178629e-01
    outer loop
      vertex   -2.403639e+00 -3.597297e+00 2.798810e+01
      vertex   -2.972853e+00 -2.972851e+00 2.901261e+01
      vertex   -3.059252e+00 -3.059250e+00 2.798810e+01
    endloop
  endfacet
  facet normal -6.299713e-01 -7.676227e-01 1.178626e-01
    outer loop
      vertex   -2.403639e+00 -3.597297e+00 2.798810e+01
      vertex   -2.335756e+00 -3.495703e+00 2.901261e+01
      vertex   -2.972853e+00 -2.972851e+00 2.901261e+01
    endloop
  endfacet
  facet normal -6.048991e-01 -7.370718e-01 3.013672e-01
    outer loop
      vertex   -2.567523e+00 -3.842568e+00 2.705929e+01
      vertex   -3.059252e+00 -3.059250e+00 2.798810e+01
      vertex   -3.267837e+00 -3.267835e+00 2.705929e+01
    endloop
  endfacet
  facet normal -6.048985e-01 -7.370721e-01 3.013677e-01
    outer loop
      vertex   -2.567523e+00 -3.842568e+00 2.705929e+01
      vertex   -2.403639e+00 -3.597297e+00 2.798810e+01
      vertex   -3.059252e+00 -3.059250e+00 2.798810e+01
    endloop
  endfacet
  facet normal -4.681116e-01 -8.757739e-01 1.178625e-01
    outer loop
      vertex   -1.655655e+00 -3.997104e+00 2.798810e+01
      vertex   -2.335756e+00 -3.495703e+00 2.901261e+01
      vertex   -2.403639e+00 -3.597297e+00 2.798810e+01
    endloop
  endfacet
  facet normal -4.681108e-01 -8.757743e-01 1.178632e-01
    outer loop
      vertex   -1.655655e+00 -3.997104e+00 2.798810e+01
      vertex   -1.608896e+00 -3.884217e+00 2.901261e+01
      vertex   -2.335756e+00 -3.495703e+00 2.901261e+01
    endloop
  endfacet
  facet normal -4.494803e-01 -8.409191e-01 3.013678e-01
    outer loop
      vertex   -1.768541e+00 -4.269633e+00 2.705929e+01
      vertex   -2.403639e+00 -3.597297e+00 2.798810e+01
      vertex   -2.567523e+00 -3.842568e+00 2.705929e+01
    endloop
  endfacet
  facet normal -4.494811e-01 -8.409189e-01 3.013671e-01
    outer loop
      vertex   -1.768541e+00 -4.269633e+00 2.705929e+01
      vertex   -1.655655e+00 -3.997104e+00 2.798810e+01
      vertex   -2.403639e+00 -3.597297e+00 2.798810e+01
    endloop
  endfacet
  facet normal 9.733459e-02 -9.882481e-01 1.178628e-01
    outer loop
      vertex   8.440456e-01 -4.243302e+00 2.798810e+01
      vertex   -4.827377e-09 -4.204247e+00 2.901261e+01
      vertex   -4.660669e-09 -4.326434e+00 2.798810e+01
    endloop
  endfacet
  facet normal 9.733419e-02 -9.882482e-01 1.178625e-01
    outer loop
      vertex   8.440456e-01 -4.243302e+00 2.798810e+01
      vertex   8.202083e-01 -4.123463e+00 2.901261e+01
      vertex   -4.827377e-09 -4.204247e+00 2.901261e+01
    endloop
  endfacet
  facet normal 9.346016e-02 -9.489167e-01 3.013675e-01
    outer loop
      vertex   9.015942e-01 -4.532618e+00 2.705929e+01
      vertex   -4.660669e-09 -4.326434e+00 2.798810e+01
      vertex   -3.565356e-09 -4.621418e+00 2.705929e+01
    endloop
  endfacet
  facet normal 9.346074e-02 -9.489164e-01 3.013680e-01
    outer loop
      vertex   9.015942e-01 -4.532618e+00 2.705929e+01
      vertex   8.440456e-01 -4.243302e+00 2.798810e+01
      vertex   -4.660669e-09 -4.326434e+00 2.798810e+01
    endloop
  endfacet
  facet normal 8.757738e-01 4.681119e-01 1.178623e-01
    outer loop
      vertex   3.597299e+00 2.403640e+00 2.798810e+01
      vertex   3.884219e+00 1.608898e+00 2.901261e+01
      vertex   3.997105e+00 1.655657e+00 2.798810e+01
    endloop
  endfacet
  facet normal 8.757742e-01 4.681112e-01 1.178617e-01
    outer loop
      vertex   3.597299e+00 2.403640e+00 2.798810e+01
      vertex   3.495705e+00 2.335757e+00 2.901261e+01
      vertex   3.884219e+00 1.608898e+00 2.901261e+01
    endloop
  endfacet
  facet normal 8.409189e-01 4.494808e-01 3.013675e-01
    outer loop
      vertex   3.842569e+00 2.567524e+00 2.705928e+01
      vertex   3.997105e+00 1.655657e+00 2.798810e+01
      vertex   4.269634e+00 1.768542e+00 2.705928e+01
    endloop
  endfacet
  facet normal 8.409184e-01 4.494813e-01 3.013681e-01
    outer loop
      vertex   3.842569e+00 2.567524e+00 2.705928e+01
      vertex   3.597299e+00 2.403640e+00 2.798810e+01
      vertex   3.997105e+00 1.655657e+00 2.798810e+01
    endloop
  endfacet
  facet normal 7.676230e-01 6.299711e-01 1.178617e-01
    outer loop
      vertex   3.059252e+00 3.059253e+00 2.798810e+01
      vertex   3.495705e+00 2.335757e+00 2.901261e+01
      vertex   3.597299e+00 2.403640e+00 2.798810e+01
    endloop
  endfacet
  facet normal 7.676228e-01 6.299713e-01 1.178619e-01
    outer loop
      vertex   3.059252e+00 3.059253e+00 2.798810e+01
      vertex   2.972853e+00 2.972854e+00 2.901261e+01
      vertex   3.495705e+00 2.335757e+00 2.901261e+01
    endloop
  endfacet
  facet normal 7.370718e-01 6.048987e-01 3.013681e-01
    outer loop
      vertex   3.267837e+00 3.267838e+00 2.705928e+01
      vertex   3.597299e+00 2.403640e+00 2.798810e+01
      vertex   3.842569e+00 2.567524e+00 2.705928e+01
    endloop
  endfacet
  facet normal 7.370720e-01 6.048986e-01 3.013679e-01
    outer loop
      vertex   3.267837e+00 3.267838e+00 2.705928e+01
      vertex   3.059252e+00 3.059253e+00 2.798810e+01
      vertex   3.597299e+00 2.403640e+00 2.798810e+01
    endloop
  endfacet
  facet normal 6.299710e-01 7.676230e-01 1.178619e-01
    outer loop
      vertex   2.403639e+00 3.597300e+00 2.798810e+01
      vertex   2.972853e+00 2.972854e+00 2.901261e+01
      vertex   3.059252e+00 3.059253e+00 2.798810e+01
    endloop
  endfacet
  facet normal 6.299716e-01 7.676227e-01 1.178613e-01
    outer loop
      vertex   2.403639e+00 3.597300e+00 2.798810e+01
      vertex   2.335756e+00 3.495706e+00 2.901261e+01
      vertex   2.972853e+00 2.972854e+00 2.901261e+01
    endloop
  endfacet
  facet normal 6.048987e-01 7.370718e-01 3.013679e-01
    outer loop
      vertex   2.567523e+00 3.842570e+00 2.705928e+01
      vertex   3.059252e+00 3.059253e+00 2.798810e+01
      vertex   3.267837e+00 3.267838e+00 2.705928e+01
    endloop
  endfacet
  facet normal 6.048984e-01 7.370720e-01 3.013682e-01
    outer loop
      vertex   2.567523e+00 3.842570e+00 2.705928e+01
      vertex   2.403639e+00 3.597300e+00 2.798810e+01
      vertex   3.059252e+00 3.059253e+00 2.798810e+01
    endloop
  endfacet
  facet normal 9.733427e-02 9.882483e-01 1.178611e-01
    outer loop
      vertex   -4.660669e-09 4.326436e+00 2.798810e+01
      vertex   8.202083e-01 4.123467e+00 2.901261e+01
      vertex   8.440456e-01 4.243305e+00 2.798810e+01
    endloop
  endfacet
  facet normal 9.733421e-02 9.882483e-01 1.178612e-01
    outer loop
      vertex   -4.660669e-09 4.326436e+00 2.798810e+01
      vertex   -4.827377e-09 4.204250e+00 2.901261e+01
      vertex   8.202083e-01 4.123467e+00 2.901261e+01
    endloop
  endfacet
  facet normal 9.346045e-02 9.489164e-01 3.013682e-01
    outer loop
      vertex   -3.565356e-09 4.621420e+00 2.705928e+01
      vertex   8.440456e-01 4.243305e+00 2.798810e+01
      vertex   9.015942e-01 4.532621e+00 2.705928e+01
    endloop
  endfacet
  facet normal 9.346040e-02 9.489164e-01 3.013682e-01
    outer loop
      vertex   -3.565356e-09 4.621420e+00 2.705928e+01
      vertex   -4.660669e-09 4.326436e+00 2.798810e+01
      vertex   8.440456e-01 4.243305e+00 2.798810e+01
    endloop
  endfacet
  facet normal 4.681119e-01 8.757739e-01 1.178612e-01
    outer loop
      vertex   1.655655e+00 3.997107e+00 2.798810e+01
      vertex   2.335756e+00 3.495706e+00 2.901261e+01
      vertex   2.403639e+00 3.597300e+00 2.798810e+01
    endloop
  endfacet
  facet normal 4.681111e-01 8.757743e-01 1.178619e-01
    outer loop
      vertex   1.655655e+00 3.997107e+00 2.798810e+01
      vertex   1.608896e+00 3.884221e+00 2.901261e+01
      vertex   2.335756e+00 3.495706e+00 2.901261e+01
    endloop
  endfacet
  facet normal 4.494810e-01 8.409186e-01 3.013683e-01
    outer loop
      vertex   1.768541e+00 4.269636e+00 2.705928e+01
      vertex   2.403639e+00 3.597300e+00 2.798810e+01
      vertex   2.567523e+00 3.842570e+00 2.705928e+01
    endloop
  endfacet
  facet normal 4.494813e-01 8.409185e-01 3.013680e-01
    outer loop
      vertex   1.768541e+00 4.269636e+00 2.705928e+01
      vertex   1.655655e+00 3.997107e+00 2.798810e+01
      vertex   2.403639e+00 3.597300e+00 2.798810e+01
    endloop
  endfacet
  facet normal 9.502708e-01 2.882605e-01 1.178617e-01
    outer loop
      vertex   3.997105e+00 1.655657e+00 2.798810e+01
      vertex   4.123465e+00 8.202098e-01 2.901261e+01
      vertex   4.243304e+00 8.440471e-01 2.798810e+01
    endloop
  endfacet
  facet normal 9.502704e-01 2.882614e-01 1.178624e-01
    outer loop
      vertex   3.997105e+00 1.655657e+00 2.798810e+01
      vertex   3.884219e+00 1.608898e+00 2.901261e+01
      vertex   4.123465e+00 8.202098e-01 2.901261e+01
    endloop
  endfacet
  facet normal 9.124497e-01 2.767893e-01 3.013688e-01
    outer loop
      vertex   4.269634e+00 1.768542e+00 2.705928e+01
      vertex   4.243304e+00 8.440471e-01 2.798810e+01
      vertex   4.532619e+00 9.015954e-01 2.705928e+01
    endloop
  endfacet
  facet normal 9.124506e-01 2.767879e-01 3.013674e-01
    outer loop
      vertex   4.269634e+00 1.768542e+00 2.705928e+01
      vertex   3.997105e+00 1.655657e+00 2.798810e+01
      vertex   4.243304e+00 8.440471e-01 2.798810e+01
    endloop
  endfacet
  facet normal 9.882484e-01 9.733357e-02 1.178612e-01
    outer loop
      vertex   4.243304e+00 8.440471e-01 2.798810e+01
      vertex   4.204248e+00 1.555251e-06 2.901261e+01
      vertex   4.326434e+00 1.452703e-06 2.798810e+01
    endloop
  endfacet
  facet normal 9.882483e-01 9.733420e-02 1.178617e-01
    outer loop
      vertex   4.243304e+00 8.440471e-01 2.798810e+01
      vertex   4.123465e+00 8.202098e-01 2.901261e+01
      vertex   4.204248e+00 1.555251e-06 2.901261e+01
    endloop
  endfacet
  facet normal 9.489160e-01 9.346042e-02 3.013695e-01
    outer loop
      vertex   4.532619e+00 9.015954e-01 2.705928e+01
      vertex   4.326434e+00 1.452703e-06 2.798810e+01
      vertex   4.621419e+00 1.361100e-06 2.705928e+01
    endloop
  endfacet
  facet normal 9.489163e-01 9.345971e-02 3.013688e-01
    outer loop
      vertex   4.532619e+00 9.015954e-01 2.705928e+01
      vertex   4.243304e+00 8.440471e-01 2.798810e+01
      vertex   4.326434e+00 1.452703e-06 2.798810e+01
    endloop
  endfacet
  facet normal 9.882483e-01 -9.733357e-02 1.178617e-01
    outer loop
      vertex   4.326434e+00 1.452703e-06 2.798810e+01
      vertex   4.123465e+00 -8.202068e-01 2.901261e+01
      vertex   4.243304e+00 -8.440442e-01 2.798810e+01
    endloop
  endfacet
  facet normal 9.882483e-01 -9.733420e-02 1.178612e-01
    outer loop
      vertex   4.326434e+00 1.452703e-06 2.798810e+01
      vertex   4.204248e+00 1.555251e-06 2.901261e+01
      vertex   4.123465e+00 -8.202068e-01 2.901261e+01
    endloop
  endfacet
  facet normal 9.489162e-01 -9.346042e-02 3.013689e-01
    outer loop
      vertex   4.621419e+00 1.361100e-06 2.705928e+01
      vertex   4.243304e+00 -8.440442e-01 2.798810e+01
      vertex   4.532619e+00 -9.015928e-01 2.705928e+01
    endloop
  endfacet
  facet normal 9.489161e-01 -9.345969e-02 3.013695e-01
    outer loop
      vertex   4.621419e+00 1.361100e-06 2.705928e+01
      vertex   4.326434e+00 1.452703e-06 2.798810e+01
      vertex   4.243304e+00 -8.440442e-01 2.798810e+01
    endloop
  endfacet
  facet normal 6.299709e-01 -7.676230e-01 1.178626e-01
    outer loop
      vertex   3.059252e+00 -3.059250e+00 2.798810e+01
      vertex   2.335756e+00 -3.495703e+00 2.901261e+01
      vertex   2.403639e+00 -3.597297e+00 2.798810e+01
    endloop
  endfacet
  facet normal 6.299712e-01 -7.676227e-01 1.178629e-01
    outer loop
      vertex   3.059252e+00 -3.059250e+00 2.798810e+01
      vertex   2.972853e+00 -2.972851e+00 2.901261e+01
      vertex   2.335756e+00 -3.495703e+00 2.901261e+01
    endloop
  endfacet
  facet normal 6.048990e-01 -7.370717e-01 3.013677e-01
    outer loop
      vertex   3.267837e+00 -3.267835e+00 2.705929e+01
      vertex   2.403639e+00 -3.597297e+00 2.798810e+01
      vertex   2.567523e+00 -3.842568e+00 2.705929e+01
    endloop
  endfacet
  facet normal 6.048986e-01 -7.370722e-01 3.013672e-01
    outer loop
      vertex   3.267837e+00 -3.267835e+00 2.705929e+01
      vertex   3.059252e+00 -3.059250e+00 2.798810e+01
      vertex   2.403639e+00 -3.597297e+00 2.798810e+01
    endloop
  endfacet
  facet normal 4.681115e-01 -8.757739e-01 1.178632e-01
    outer loop
      vertex   2.403639e+00 -3.597297e+00 2.798810e+01
      vertex   1.608896e+00 -3.884217e+00 2.901261e+01
      vertex   1.655655e+00 -3.997104e+00 2.798810e+01
    endloop
  endfacet
  facet normal 4.681108e-01 -8.757743e-01 1.178625e-01
    outer loop
      vertex   2.403639e+00 -3.597297e+00 2.798810e+01
      vertex   2.335756e+00 -3.495703e+00 2.901261e+01
      vertex   1.608896e+00 -3.884217e+00 2.901261e+01
    endloop
  endfacet
  facet normal 4.494804e-01 -8.409193e-01 3.013671e-01
    outer loop
      vertex   2.567523e+00 -3.842568e+00 2.705929e+01
      vertex   1.655655e+00 -3.997104e+00 2.798810e+01
      vertex   1.768541e+00 -4.269633e+00 2.705929e+01
    endloop
  endfacet
  facet normal 4.494810e-01 -8.409187e-01 3.013678e-01
    outer loop
      vertex   2.567523e+00 -3.842568e+00 2.705929e+01
      vertex   2.403639e+00 -3.597297e+00 2.798810e+01
      vertex   1.655655e+00 -3.997104e+00 2.798810e+01
    endloop
  endfacet
  facet normal 2.882604e-01 -9.502707e-01 1.178625e-01
    outer loop
      vertex   1.655655e+00 -3.997104e+00 2.798810e+01
      vertex   8.202083e-01 -4.123463e+00 2.901261e+01
      vertex   8.440456e-01 -4.243302e+00 2.798810e+01
    endloop
  endfacet
  facet normal 2.882614e-01 -9.502703e-01 1.178633e-01
    outer loop
      vertex   1.655655e+00 -3.997104e+00 2.798810e+01
      vertex   1.608896e+00 -3.884217e+00 2.901261e+01
      vertex   8.202083e-01 -4.123463e+00 2.901261e+01
    endloop
  endfacet
  facet normal 2.767889e-01 -9.124501e-01 3.013680e-01
    outer loop
      vertex   1.768541e+00 -4.269633e+00 2.705929e+01
      vertex   8.440456e-01 -4.243302e+00 2.798810e+01
      vertex   9.015942e-01 -4.532618e+00 2.705929e+01
    endloop
  endfacet
  facet normal 2.767879e-01 -9.124507e-01 3.013670e-01
    outer loop
      vertex   1.768541e+00 -4.269633e+00 2.705929e+01
      vertex   1.655655e+00 -3.997104e+00 2.798810e+01
      vertex   8.440456e-01 -4.243302e+00 2.798810e+01
    endloop
  endfacet
  facet normal -9.733460e-02 -9.882481e-01 1.178625e-01
    outer loop
      vertex   -4.660669e-09 -4.326434e+00 2.798810e+01
      vertex   -8.202083e-01 -4.123463e+00 2.901261e+01
      vertex   -8.440456e-01 -4.243302e+00 2.798810e+01
    endloop
  endfacet
  facet normal -9.733419e-02 -9.882481e-01 1.178628e-01
    outer loop
      vertex   -4.660669e-09 -4.326434e+00 2.798810e+01
      vertex   -4.827377e-09 -4.204247e+00 2.901261e+01
      vertex   -8.202083e-01 -4.123463e+00 2.901261e+01
    endloop
  endfacet
  facet normal -9.346014e-02 -9.489165e-01 3.013680e-01
    outer loop
      vertex   -3.565356e-09 -4.621418e+00 2.705929e+01
      vertex   -8.440456e-01 -4.243302e+00 2.798810e+01
      vertex   -9.015942e-01 -4.532618e+00 2.705929e+01
    endloop
  endfacet
  facet normal -9.346075e-02 -9.489166e-01 3.013675e-01
    outer loop
      vertex   -3.565356e-09 -4.621418e+00 2.705929e+01
      vertex   -4.660669e-09 -4.326434e+00 2.798810e+01
      vertex   -8.440456e-01 -4.243302e+00 2.798810e+01
    endloop
  endfacet
  facet normal -2.882604e-01 -9.502706e-01 1.178633e-01
    outer loop
      vertex   -8.440456e-01 -4.243302e+00 2.798810e+01
      vertex   -1.608896e+00 -3.884217e+00 2.901261e+01
      vertex   -1.655655e+00 -3.997104e+00 2.798810e+01
    endloop
  endfacet
  facet normal -2.882614e-01 -9.502704e-01 1.178625e-01
    outer loop
      vertex   -8.440456e-01 -4.243302e+00 2.798810e+01
      vertex   -8.202083e-01 -4.123463e+00 2.901261e+01
      vertex   -1.608896e+00 -3.884217e+00 2.901261e+01
    endloop
  endfacet
  facet normal -2.767890e-01 -9.124504e-01 3.013671e-01
    outer loop
      vertex   -9.015942e-01 -4.532618e+00 2.705929e+01
      vertex   -1.655655e+00 -3.997104e+00 2.798810e+01
      vertex   -1.768541e+00 -4.269633e+00 2.705929e+01
    endloop
  endfacet
  facet normal -2.767878e-01 -9.124504e-01 3.013680e-01
    outer loop
      vertex   -9.015942e-01 -4.532618e+00 2.705929e+01
      vertex   -8.440456e-01 -4.243302e+00 2.798810e+01
      vertex   -1.655655e+00 -3.997104e+00 2.798810e+01
    endloop
  endfacet
  facet normal -7.676230e-01 -6.299709e-01 1.178627e-01
    outer loop
      vertex   -3.059252e+00 -3.059250e+00 2.798810e+01
      vertex   -3.495705e+00 -2.335754e+00 2.901261e+01
      vertex   -3.597299e+00 -2.403637e+00 2.798810e+01
    endloop
  endfacet
  facet normal -7.676228e-01 -6.299711e-01 1.178629e-01
    outer loop
      vertex   -3.059252e+00 -3.059250e+00 2.798810e+01
      vertex   -2.972853e+00 -2.972851e+00 2.901261e+01
      vertex   -3.495705e+00 -2.335754e+00 2.901261e+01
    endloop
  endfacet
  facet normal -7.370720e-01 -6.048988e-01 3.013675e-01
    outer loop
      vertex   -3.267837e+00 -3.267835e+00 2.705929e+01
      vertex   -3.597299e+00 -2.403637e+00 2.798810e+01
      vertex   -3.842569e+00 -2.567522e+00 2.705929e+01
    endloop
  endfacet
  facet normal -7.370722e-01 -6.048986e-01 3.013672e-01
    outer loop
      vertex   -3.267837e+00 -3.267835e+00 2.705929e+01
      vertex   -3.059252e+00 -3.059250e+00 2.798810e+01
      vertex   -3.597299e+00 -2.403637e+00 2.798810e+01
    endloop
  endfacet
  facet normal -9.502708e-01 -2.882604e-01 1.178617e-01
    outer loop
      vertex   -3.997105e+00 -1.655654e+00 2.798810e+01
      vertex   -4.123465e+00 -8.202068e-01 2.901261e+01
      vertex   -4.243304e+00 -8.440441e-01 2.798810e+01
    endloop
  endfacet
  facet normal -9.502704e-01 -2.882614e-01 1.178625e-01
    outer loop
      vertex   -3.997105e+00 -1.655654e+00 2.798810e+01
      vertex   -3.884219e+00 -1.608895e+00 2.901261e+01
      vertex   -4.123465e+00 -8.202068e-01 2.901261e+01
    endloop
  endfacet
  facet normal -9.124503e-01 -2.767875e-01 3.013687e-01
    outer loop
      vertex   -4.269634e+00 -1.768539e+00 2.705929e+01
      vertex   -4.243304e+00 -8.440441e-01 2.798810e+01
      vertex   -4.532619e+00 -9.015928e-01 2.705928e+01
    endloop
  endfacet
  facet normal -9.124502e-01 -2.767877e-01 3.013689e-01
    outer loop
      vertex   -4.269634e+00 -1.768539e+00 2.705929e+01
      vertex   -3.997105e+00 -1.655654e+00 2.798810e+01
      vertex   -4.243304e+00 -8.440441e-01 2.798810e+01
    endloop
  endfacet
  facet normal -9.882483e-01 9.733357e-02 1.178617e-01
    outer loop
      vertex   -4.326434e+00 1.452703e-06 2.798810e+01
      vertex   -4.123465e+00 8.202098e-01 2.901261e+01
      vertex   -4.243304e+00 8.440471e-01 2.798810e+01
    endloop
  endfacet
  facet normal -9.882483e-01 9.733421e-02 1.178612e-01
    outer loop
      vertex   -4.326434e+00 1.452703e-06 2.798810e+01
      vertex   -4.204248e+00 1.555251e-06 2.901261e+01
      vertex   -4.123465e+00 8.202098e-01 2.901261e+01
    endloop
  endfacet
  facet normal -9.489162e-01 9.346044e-02 3.013689e-01
    outer loop
      vertex   -4.621419e+00 1.361100e-06 2.705928e+01
      vertex   -4.243304e+00 8.440471e-01 2.798810e+01
      vertex   -4.532619e+00 9.015954e-01 2.705928e+01
    endloop
  endfacet
  facet normal -9.489161e-01 9.345969e-02 3.013695e-01
    outer loop
      vertex   -4.621419e+00 1.361100e-06 2.705928e+01
      vertex   -4.326434e+00 1.452703e-06 2.798810e+01
      vertex   -4.243304e+00 8.440471e-01 2.798810e+01
    endloop
  endfacet
  facet normal -8.757738e-01 4.681120e-01 1.178617e-01
    outer loop
      vertex   -3.997105e+00 1.655657e+00 2.798810e+01
      vertex   -3.495705e+00 2.335757e+00 2.901261e+01
      vertex   -3.597299e+00 2.403640e+00 2.798810e+01
    endloop
  endfacet
  facet normal -8.757742e-01 4.681112e-01 1.178624e-01
    outer loop
      vertex   -3.997105e+00 1.655657e+00 2.798810e+01
      vertex   -3.884219e+00 1.608898e+00 2.901261e+01
      vertex   -3.495705e+00 2.335757e+00 2.901261e+01
    endloop
  endfacet
  facet normal -8.409188e-01 4.494807e-01 3.013681e-01
    outer loop
      vertex   -4.269634e+00 1.768542e+00 2.705928e+01
      vertex   -3.597299e+00 2.403640e+00 2.798810e+01
      vertex   -3.842569e+00 2.567524e+00 2.705928e+01
    endloop
  endfacet
  facet normal -8.409186e-01 4.494814e-01 3.013675e-01
    outer loop
      vertex   -4.269634e+00 1.768542e+00 2.705928e+01
      vertex   -3.997105e+00 1.655657e+00 2.798810e+01
      vertex   -3.597299e+00 2.403640e+00 2.798810e+01
    endloop
  endfacet
  facet normal -6.299710e-01 7.676231e-01 1.178613e-01
    outer loop
      vertex   -3.059252e+00 3.059253e+00 2.798810e+01
      vertex   -2.335756e+00 3.495706e+00 2.901261e+01
      vertex   -2.403639e+00 3.597300e+00 2.798810e+01
    endloop
  endfacet
  facet normal -6.299715e-01 7.676226e-01 1.178619e-01
    outer loop
      vertex   -3.059252e+00 3.059253e+00 2.798810e+01
      vertex   -2.972853e+00 2.972854e+00 2.901261e+01
      vertex   -2.335756e+00 3.495706e+00 2.901261e+01
    endloop
  endfacet
  facet normal -6.048987e-01 7.370718e-01 3.013682e-01
    outer loop
      vertex   -3.267837e+00 3.267838e+00 2.705928e+01
      vertex   -2.403639e+00 3.597300e+00 2.798810e+01
      vertex   -2.567523e+00 3.842570e+00 2.705928e+01
    endloop
  endfacet
  facet normal -6.048985e-01 7.370720e-01 3.013679e-01
    outer loop
      vertex   -3.267837e+00 3.267838e+00 2.705928e+01
      vertex   -3.059252e+00 3.059253e+00 2.798810e+01
      vertex   -2.403639e+00 3.597300e+00 2.798810e+01
    endloop
  endfacet
  facet normal -4.681119e-01 8.757739e-01 1.178619e-01
    outer loop
      vertex   -2.403639e+00 3.597300e+00 2.798810e+01
      vertex   -1.608896e+00 3.884221e+00 2.901261e+01
      vertex   -1.655655e+00 3.997107e+00 2.798810e+01
    endloop
  endfacet
  facet normal -4.681112e-01 8.757743e-01 1.178612e-01
    outer loop
      vertex   -2.403639e+00 3.597300e+00 2.798810e+01
      vertex   -2.335756e+00 3.495706e+00 2.901261e+01
      vertex   -1.608896e+00 3.884221e+00 2.901261e+01
    endloop
  endfacet
  facet normal -4.494810e-01 8.409186e-01 3.013680e-01
    outer loop
      vertex   -2.567523e+00 3.842570e+00 2.705928e+01
      vertex   -1.655655e+00 3.997107e+00 2.798810e+01
      vertex   -1.768541e+00 4.269636e+00 2.705928e+01
    endloop
  endfacet
  facet normal -4.494812e-01 8.409184e-01 3.013683e-01
    outer loop
      vertex   -2.567523e+00 3.842570e+00 2.705928e+01
      vertex   -2.403639e+00 3.597300e+00 2.798810e+01
      vertex   -1.655655e+00 3.997107e+00 2.798810e+01
    endloop
  endfacet
  facet normal -2.882605e-01 9.502708e-01 1.178611e-01
    outer loop
      vertex   -1.655655e+00 3.997107e+00 2.798810e+01
      vertex   -8.202083e-01 4.123467e+00 2.901261e+01
      vertex   -8.440456e-01 4.243305e+00 2.798810e+01
    endloop
  endfacet
  facet normal -2.882614e-01 9.502705e-01 1.178619e-01
    outer loop
      vertex   -1.655655e+00 3.997107e+00 2.798810e+01
      vertex   -1.608896e+00 3.884221e+00 2.901261e+01
      vertex   -8.202083e-01 4.123467e+00 2.901261e+01
    endloop
  endfacet
  facet normal -2.767881e-01 9.124503e-01 3.013682e-01
    outer loop
      vertex   -1.768541e+00 4.269636e+00 2.705928e+01
      vertex   -8.440456e-01 4.243305e+00 2.798810e+01
      vertex   -9.015942e-01 4.532621e+00 2.705928e+01
    endloop
  endfacet
  facet normal -2.767878e-01 9.124504e-01 3.013680e-01
    outer loop
      vertex   -1.768541e+00 4.269636e+00 2.705928e+01
      vertex   -1.655655e+00 3.997107e+00 2.798810e+01
      vertex   -8.440456e-01 4.243305e+00 2.798810e+01
    endloop
  endfacet
  facet normal -9.733427e-02 9.882483e-01 1.178612e-01
    outer loop
      vertex   -8.440456e-01 4.243305e+00 2.798810e+01
      vertex   -4.827377e-09 4.204250e+00 2.901261e+01
      vertex   -4.660669e-09 4.326436e+00 2.798810e+01
    endloop
  endfacet
  facet normal -9.733421e-02 9.882484e-01 1.178611e-01
    outer loop
      vertex   -8.440456e-01 4.243305e+00 2.798810e+01
      vertex   -8.202083e-01 4.123467e+00 2.901261e+01
      vertex   -4.827377e-09 4.204250e+00 2.901261e+01
    endloop
  endfacet
  facet normal -9.346045e-02 9.489164e-01 3.013682e-01
    outer loop
      vertex   -9.015942e-01 4.532621e+00 2.705928e+01
      vertex   -4.660669e-09 4.326436e+00 2.798810e+01
      vertex   -3.565356e-09 4.621420e+00 2.705928e+01
    endloop
  endfacet
  facet normal -9.346040e-02 9.489164e-01 3.013682e-01
    outer loop
      vertex   -9.015942e-01 4.532621e+00 2.705928e+01
      vertex   -8.440456e-01 4.243305e+00 2.798810e+01
      vertex   -4.660669e-09 4.326436e+00 2.798810e+01
    endloop
  endfacet
  facet normal -8.819212e-01 4.713969e-01 -4.388993e-08
    outer loop
      vertex   -5.358477e+00 2.219553e+00 7.278788e-01
      vertex   -4.822502e+00 3.222293e+00 2.313417e+01
      vertex   -4.822502e+00 3.222291e+00 7.278788e-01
    endloop
  endfacet
  facet normal -8.819212e-01 4.713969e-01 -4.702494e-08
    outer loop
      vertex   -5.358477e+00 2.219553e+00 7.278788e-01
      vertex   -5.358477e+00 2.219555e+00 2.313417e+01
      vertex   -4.822502e+00 3.222293e+00 2.313417e+01
    endloop
  endfacet
  facet normal 9.801742e-02 9.951847e-01 -1.058946e-07
    outer loop
      vertex   0.000000e+00 5.799972e+00 7.278788e-01
      vertex   1.131519e+00 5.688529e+00 2.313416e+01
      vertex   1.131519e+00 5.688527e+00 7.278788e-01
    endloop
  endfacet
  facet normal 9.801742e-02 9.951847e-01 -1.058946e-07
    outer loop
      vertex   0.000000e+00 5.799972e+00 7.278788e-01
      vertex   0.000000e+00 5.799974e+00 2.313416e+01
      vertex   1.131519e+00 5.688529e+00 2.313416e+01
    endloop
  endfacet
  facet normal 7.730104e-01 6.343934e-01 -5.906591e-08
    outer loop
      vertex   4.101200e+00 4.101199e+00 7.278788e-01
      vertex   4.822502e+00 3.222293e+00 2.313417e+01
      vertex   4.822502e+00 3.222291e+00 7.278788e-01
    endloop
  endfacet
  facet normal 7.730105e-01 6.343933e-01 -6.750388e-08
    outer loop
      vertex   4.101200e+00 4.101199e+00 7.278788e-01
      vertex   4.101200e+00 4.101201e+00 2.313417e+01
      vertex   4.822502e+00 3.222293e+00 2.313417e+01
    endloop
  endfacet
  facet normal 2.799689e-01 8.492760e-02 -9.562451e-01
    outer loop
      vertex   -4.280984e+00 -8.515419e-01 -3.331393e-01
      vertex   -2.879465e+00 -1.192715e+00 4.689574e-02
      vertex   -4.032598e+00 -1.670358e+00 -3.331393e-01
    endloop
  endfacet
  facet normal 2.799689e-01 8.492746e-02 -9.562451e-01
    outer loop
      vertex   -4.280984e+00 -8.515419e-01 -3.331393e-01
      vertex   -3.056823e+00 -6.080414e-01 4.689574e-02
      vertex   -2.879465e+00 -1.192715e+00 4.689574e-02
    endloop
  endfacet
  facet normal -4.713965e-01 -8.819214e-01 9.384261e-08
    outer loop
      vertex   -2.219554e+00 -5.358477e+00 7.278824e-01
      vertex   -3.222293e+00 -4.822500e+00 2.313417e+01
      vertex   -3.222293e+00 -4.822502e+00 7.278812e-01
    endloop
  endfacet
  facet normal -4.713969e-01 -8.819212e-01 7.038194e-08
    outer loop
      vertex   -2.219554e+00 -5.358477e+00 7.278824e-01
      vertex   -2.219554e+00 -5.358475e+00 2.313417e+01
      vertex   -3.222293e+00 -4.822500e+00 2.313417e+01
    endloop
  endfacet
  facet normal 2.902842e-01 9.569405e-01 -7.636888e-08
    outer loop
      vertex   1.131519e+00 5.688527e+00 7.278788e-01
      vertex   2.219554e+00 5.358477e+00 2.313416e+01
      vertex   2.219554e+00 5.358475e+00 7.278788e-01
    endloop
  endfacet
  facet normal 2.902847e-01 9.569403e-01 -1.018252e-07
    outer loop
      vertex   1.131519e+00 5.688527e+00 7.278788e-01
      vertex   1.131519e+00 5.688529e+00 2.313416e+01
      vertex   2.219554e+00 5.358477e+00 2.313416e+01
    endloop
  endfacet
  facet normal 8.819212e-01 4.713969e-01 -4.702493e-08
    outer loop
      vertex   4.822502e+00 3.222291e+00 7.278788e-01
      vertex   5.358477e+00 2.219555e+00 2.313417e+01
      vertex   5.358477e+00 2.219553e+00 7.278788e-01
    endloop
  endfacet
  facet normal 8.819212e-01 4.713969e-01 -4.388994e-08
    outer loop
      vertex   4.822502e+00 3.222291e+00 7.278788e-01
      vertex   4.822502e+00 3.222293e+00 2.313417e+01
      vertex   5.358477e+00 2.219555e+00 2.313417e+01
    endloop
  endfacet
  facet normal -6.343934e-01 7.730104e-01 -8.225371e-08
    outer loop
      vertex   -4.101200e+00 4.101199e+00 7.278788e-01
      vertex   -3.222293e+00 4.822502e+00 2.313417e+01
      vertex   -3.222293e+00 4.822500e+00 7.278788e-01
    endloop
  endfacet
  facet normal -6.343934e-01 7.730104e-01 -8.225371e-08
    outer loop
      vertex   -4.101200e+00 4.101199e+00 7.278788e-01
      vertex   -4.101200e+00 4.101201e+00 2.313417e+01
      vertex   -3.222293e+00 4.822502e+00 2.313417e+01
    endloop
  endfacet
  facet normal -6.343929e-01 -7.730108e-01 8.225376e-08
    outer loop
      vertex   -3.222293e+00 -4.822502e+00 7.278812e-01
      vertex   -4.101200e+00 -4.101200e+00 2.313417e+01
      vertex   -4.101200e+00 -4.101202e+00 7.278812e-01
    endloop
  endfacet
  facet normal -6.343929e-01 -7.730108e-01 8.225376e-08
    outer loop
      vertex   -3.222293e+00 -4.822502e+00 7.278812e-01
      vertex   -3.222293e+00 -4.822500e+00 2.313417e+01
      vertex   -4.101200e+00 -4.101200e+00 2.313417e+01
    endloop
  endfacet
  facet normal 2.911579e-01 2.867644e-02 -9.562451e-01
    outer loop
      vertex   -4.364853e+00 -1.387166e-06 -3.331393e-01
      vertex   -3.056823e+00 -6.080414e-01 4.689574e-02
      vertex   -4.280984e+00 -8.515419e-01 -3.331393e-01
    endloop
  endfacet
  facet normal 2.911580e-01 2.867663e-02 -9.562451e-01
    outer loop
      vertex   -4.364853e+00 -1.387166e-06 -3.331393e-01
      vertex   -3.116710e+00 -1.347158e-06 4.689574e-02
      vertex   -3.056823e+00 -6.080414e-01 4.689574e-02
    endloop
  endfacet
  facet normal 4.713969e-01 8.819212e-01 -9.384258e-08
    outer loop
      vertex   2.219554e+00 5.358475e+00 7.278788e-01
      vertex   3.222293e+00 4.822502e+00 2.313417e+01
      vertex   3.222293e+00 4.822500e+00 7.278788e-01
    endloop
  endfacet
  facet normal 4.713965e-01 8.819214e-01 -7.038196e-08
    outer loop
      vertex   2.219554e+00 5.358475e+00 7.278788e-01
      vertex   2.219554e+00 5.358477e+00 2.313416e+01
      vertex   3.222293e+00 4.822502e+00 2.313417e+01
    endloop
  endfacet
  facet normal -8.789002e-01 2.666108e-01 -3.955416e-01
    outer loop
      vertex   -5.305490e+00 2.197605e+00 2.725530e-01
      vertex   -5.452357e+00 1.084540e+00 -1.513559e-01
      vertex   -5.632278e+00 1.120328e+00 2.725542e-01
    endloop
  endfacet
  facet normal -8.788994e-01 2.666112e-01 -3.955431e-01
    outer loop
      vertex   -5.305490e+00 2.197605e+00 2.725530e-01
      vertex   -5.136008e+00 2.127403e+00 -1.513565e-01
      vertex   -5.452357e+00 1.084540e+00 -1.513559e-01
    endloop
  endfacet
  facet normal 9.569405e-01 2.902841e-01 -2.992300e-08
    outer loop
      vertex   5.358477e+00 2.219553e+00 7.278788e-01
      vertex   5.688528e+00 1.131520e+00 2.313417e+01
      vertex   5.688528e+00 1.131517e+00 7.278800e-01
    endloop
  endfacet
  facet normal 9.569405e-01 2.902841e-01 -2.895774e-08
    outer loop
      vertex   5.358477e+00 2.219553e+00 7.278788e-01
      vertex   5.358477e+00 2.219555e+00 2.313417e+01
      vertex   5.688528e+00 1.131520e+00 2.313417e+01
    endloop
  endfacet
  facet normal -2.902842e-01 9.569405e-01 -1.018252e-07
    outer loop
      vertex   -2.219554e+00 5.358475e+00 7.278788e-01
      vertex   -1.131519e+00 5.688529e+00 2.313416e+01
      vertex   -1.131519e+00 5.688527e+00 7.278788e-01
    endloop
  endfacet
  facet normal -2.902847e-01 9.569403e-01 -7.636887e-08
    outer loop
      vertex   -2.219554e+00 5.358475e+00 7.278788e-01
      vertex   -2.219554e+00 5.358477e+00 2.313416e+01
      vertex   -1.131519e+00 5.688529e+00 2.313416e+01
    endloop
  endfacet
  facet normal 9.951847e-01 -9.801742e-02 1.010381e-08
    outer loop
      vertex   5.799973e+00 -1.283013e-06 7.278800e-01
      vertex   5.688528e+00 -1.131518e+00 2.313417e+01
      vertex   5.688528e+00 -1.131520e+00 7.278800e-01
    endloop
  endfacet
  facet normal 9.951847e-01 -9.801743e-02 9.869130e-09
    outer loop
      vertex   5.799973e+00 -1.283013e-06 7.278800e-01
      vertex   5.799973e+00 9.730202e-07 2.313417e+01
      vertex   5.688528e+00 -1.131518e+00 2.313417e+01
    endloop
  endfacet
  facet normal 7.730105e-01 -6.343933e-01 6.750389e-08
    outer loop
      vertex   4.822502e+00 -3.222294e+00 7.278812e-01
      vertex   4.101200e+00 -4.101200e+00 2.313417e+01
      vertex   4.101200e+00 -4.101202e+00 7.278812e-01
    endloop
  endfacet
  facet normal 7.730105e-01 -6.343933e-01 6.750389e-08
    outer loop
      vertex   4.822502e+00 -3.222294e+00 7.278812e-01
      vertex   4.822502e+00 -3.222292e+00 2.313417e+01
      vertex   4.101200e+00 -4.101200e+00 2.313417e+01
    endloop
  endfacet
  facet normal -9.951847e-01 -9.801742e-02 9.869130e-09
    outer loop
      vertex   -5.688528e+00 -1.131520e+00 7.278800e-01
      vertex   -5.799973e+00 9.730202e-07 2.313417e+01
      vertex   -5.799973e+00 -1.283013e-06 7.278800e-01
    endloop
  endfacet
  facet normal -9.951847e-01 -9.801743e-02 1.010381e-08
    outer loop
      vertex   -5.688528e+00 -1.131520e+00 7.278800e-01
      vertex   -5.688528e+00 -1.131518e+00 2.313417e+01
      vertex   -5.799973e+00 9.730202e-07 2.313417e+01
    endloop
  endfacet
  facet normal -2.799689e-01 8.492758e-02 -9.562451e-01
    outer loop
      vertex   4.032598e+00 -1.670358e+00 -3.331393e-01
      vertex   3.056823e+00 -6.080414e-01 4.689574e-02
      vertex   4.280984e+00 -8.515419e-01 -3.331393e-01
    endloop
  endfacet
  facet normal -2.799690e-01 8.492748e-02 -9.562451e-01
    outer loop
      vertex   4.032598e+00 -1.670358e+00 -3.331393e-01
      vertex   2.879465e+00 -1.192715e+00 4.689574e-02
      vertex   3.056823e+00 -6.080414e-01 4.689574e-02
    endloop
  endfacet
  facet normal 4.713965e-01 -8.819214e-01 7.038196e-08
    outer loop
      vertex   3.222293e+00 -4.822502e+00 7.278812e-01
      vertex   2.219554e+00 -5.358475e+00 2.313417e+01
      vertex   2.219554e+00 -5.358477e+00 7.278824e-01
    endloop
  endfacet
  facet normal 4.713969e-01 -8.819212e-01 9.384259e-08
    outer loop
      vertex   3.222293e+00 -4.822502e+00 7.278812e-01
      vertex   3.222293e+00 -4.822500e+00 2.313417e+01
      vertex   2.219554e+00 -5.358475e+00 2.313417e+01
    endloop
  endfacet
  facet normal -2.261557e-01 1.856009e-01 -9.562457e-01
    outer loop
      vertex   3.086417e+00 -3.086419e+00 -3.331363e-01
      vertex   2.591450e+00 -1.731553e+00 4.689574e-02
      vertex   3.629242e+00 -2.424984e+00 -3.331363e-01
    endloop
  endfacet
  facet normal -2.261555e-01 1.856010e-01 -9.562458e-01
    outer loop
      vertex   3.086417e+00 -3.086419e+00 -3.331363e-01
      vertex   2.203847e+00 -2.203849e+00 4.689574e-02
      vertex   2.591450e+00 -1.731553e+00 4.689574e-02
    endloop
  endfacet
  facet normal -9.801742e-02 -9.951847e-01 1.058946e-07
    outer loop
      vertex   0.000000e+00 -5.799974e+00 7.278824e-01
      vertex   -1.131519e+00 -5.688527e+00 2.313417e+01
      vertex   -1.131519e+00 -5.688529e+00 7.278824e-01
    endloop
  endfacet
  facet normal -9.801742e-02 -9.951847e-01 1.058946e-07
    outer loop
      vertex   0.000000e+00 -5.799974e+00 7.278824e-01
      vertex   0.000000e+00 -5.799972e+00 2.313417e+01
      vertex   -1.131519e+00 -5.688527e+00 2.313417e+01
    endloop
  endfacet
  facet normal -9.569405e-01 -2.902842e-01 2.992301e-08
    outer loop
      vertex   -5.358477e+00 -2.219555e+00 7.278812e-01
      vertex   -5.688528e+00 -1.131518e+00 2.313417e+01
      vertex   -5.688528e+00 -1.131520e+00 7.278800e-01
    endloop
  endfacet
  facet normal -9.569405e-01 -2.902841e-01 2.702723e-08
    outer loop
      vertex   -5.358477e+00 -2.219555e+00 7.278812e-01
      vertex   -5.358477e+00 -2.219553e+00 2.313417e+01
      vertex   -5.688528e+00 -1.131518e+00 2.313417e+01
    endloop
  endfacet
  facet normal -7.730104e-01 6.343934e-01 -6.750389e-08
    outer loop
      vertex   -4.822502e+00 3.222291e+00 7.278788e-01
      vertex   -4.101200e+00 4.101201e+00 2.313417e+01
      vertex   -4.101200e+00 4.101199e+00 7.278788e-01
    endloop
  endfacet
  facet normal -7.730105e-01 6.343933e-01 -5.906589e-08
    outer loop
      vertex   -4.822502e+00 3.222291e+00 7.278788e-01
      vertex   -4.822502e+00 3.222293e+00 2.313417e+01
      vertex   -4.101200e+00 4.101201e+00 2.313417e+01
    endloop
  endfacet
  facet normal -7.730105e-01 -6.343933e-01 6.750389e-08
    outer loop
      vertex   -4.101200e+00 -4.101202e+00 7.278812e-01
      vertex   -4.822502e+00 -3.222292e+00 2.313417e+01
      vertex   -4.822502e+00 -3.222294e+00 7.278812e-01
    endloop
  endfacet
  facet normal -7.730105e-01 -6.343933e-01 6.750389e-08
    outer loop
      vertex   -4.101200e+00 -4.101202e+00 7.278812e-01
      vertex   -4.101200e+00 -4.101200e+00 2.313417e+01
      vertex   -4.822502e+00 -3.222292e+00 2.313417e+01
    endloop
  endfacet
  facet normal 9.569405e-01 -2.902842e-01 2.702724e-08
    outer loop
      vertex   5.688528e+00 -1.131520e+00 7.278800e-01
      vertex   5.358477e+00 -2.219553e+00 2.313417e+01
      vertex   5.358477e+00 -2.219555e+00 7.278812e-01
    endloop
  endfacet
  facet normal 9.569405e-01 -2.902841e-01 2.992301e-08
    outer loop
      vertex   5.688528e+00 -1.131520e+00 7.278800e-01
      vertex   5.688528e+00 -1.131518e+00 2.313417e+01
      vertex   5.358477e+00 -2.219553e+00 2.313417e+01
    endloop
  endfacet
  facet normal -8.819213e-01 -4.713966e-01 4.388991e-08
    outer loop
      vertex   -4.822502e+00 -3.222294e+00 7.278812e-01
      vertex   -5.358477e+00 -2.219553e+00 2.313417e+01
      vertex   -5.358477e+00 -2.219555e+00 7.278812e-01
    endloop
  endfacet
  facet normal -8.819213e-01 -4.713967e-01 5.015991e-08
    outer loop
      vertex   -4.822502e+00 -3.222294e+00 7.278812e-01
      vertex   -4.822502e+00 -3.222292e+00 2.313417e+01
      vertex   -5.358477e+00 -2.219553e+00 2.313417e+01
    endloop
  endfacet
  facet normal 9.801742e-02 -9.951847e-01 1.058946e-07
    outer loop
      vertex   1.131519e+00 -5.688529e+00 7.278824e-01
      vertex   0.000000e+00 -5.799972e+00 2.313417e+01
      vertex   0.000000e+00 -5.799974e+00 7.278824e-01
    endloop
  endfacet
  facet normal 9.801742e-02 -9.951847e-01 1.058946e-07
    outer loop
      vertex   1.131519e+00 -5.688529e+00 7.278824e-01
      vertex   1.131519e+00 -5.688527e+00 2.313417e+01
      vertex   0.000000e+00 -5.799972e+00 2.313417e+01
    endloop
  endfacet
  facet normal 8.819213e-01 -4.713966e-01 5.015990e-08
    outer loop
      vertex   5.358477e+00 -2.219555e+00 7.278812e-01
      vertex   4.822502e+00 -3.222292e+00 2.313417e+01
      vertex   4.822502e+00 -3.222294e+00 7.278812e-01
    endloop
  endfacet
  facet normal 8.819213e-01 -4.713967e-01 4.388992e-08
    outer loop
      vertex   5.358477e+00 -2.219555e+00 7.278812e-01
      vertex   5.358477e+00 -2.219553e+00 2.313417e+01
      vertex   4.822502e+00 -3.222292e+00 2.313417e+01
    endloop
  endfacet
  facet normal -9.951847e-01 9.801743e-02 -1.010381e-08
    outer loop
      vertex   -5.799973e+00 -1.283013e-06 7.278800e-01
      vertex   -5.688528e+00 1.131520e+00 2.313417e+01
      vertex   -5.688528e+00 1.131517e+00 7.278800e-01
    endloop
  endfacet
  facet normal -9.951847e-01 9.801742e-02 -9.869130e-09
    outer loop
      vertex   -5.799973e+00 -1.283013e-06 7.278800e-01
      vertex   -5.799973e+00 9.730202e-07 2.313417e+01
      vertex   -5.688528e+00 1.131520e+00 2.313417e+01
    endloop
  endfacet
  facet normal 6.343929e-01 -7.730108e-01 8.225376e-08
    outer loop
      vertex   4.101200e+00 -4.101202e+00 7.278812e-01
      vertex   3.222293e+00 -4.822500e+00 2.313417e+01
      vertex   3.222293e+00 -4.822502e+00 7.278812e-01
    endloop
  endfacet
  facet normal 6.343929e-01 -7.730108e-01 8.225376e-08
    outer loop
      vertex   4.101200e+00 -4.101202e+00 7.278812e-01
      vertex   4.101200e+00 -4.101200e+00 2.313417e+01
      vertex   3.222293e+00 -4.822500e+00 2.313417e+01
    endloop
  endfacet
  facet normal -9.569405e-01 2.902841e-01 -2.895774e-08
    outer loop
      vertex   -5.688528e+00 1.131517e+00 7.278800e-01
      vertex   -5.358477e+00 2.219555e+00 2.313417e+01
      vertex   -5.358477e+00 2.219553e+00 7.278788e-01
    endloop
  endfacet
  facet normal -9.569405e-01 2.902841e-01 -2.992300e-08
    outer loop
      vertex   -5.688528e+00 1.131517e+00 7.278800e-01
      vertex   -5.688528e+00 1.131520e+00 2.313417e+01
      vertex   -5.358477e+00 2.219555e+00 2.313417e+01
    endloop
  endfacet
  facet normal -8.099988e-01 -4.329537e-01 -3.955414e-01
    outer loop
      vertex   -5.305490e+00 -2.197607e+00 2.725542e-01
      vertex   -4.622285e+00 -3.088514e+00 -1.513559e-01
      vertex   -4.774815e+00 -3.190430e+00 2.725542e-01
    endloop
  endfacet
  facet normal -8.099987e-01 -4.329530e-01 -3.955425e-01
    outer loop
      vertex   -5.305490e+00 -2.197607e+00 2.725542e-01
      vertex   -5.136008e+00 -2.127406e+00 -1.513559e-01
      vertex   -4.622285e+00 -3.088514e+00 -1.513559e-01
    endloop
  endfacet
  facet normal 2.580208e-01 1.379114e-01 -9.562456e-01
    outer loop
      vertex   -4.032598e+00 -1.670358e+00 -3.331393e-01
      vertex   -2.591450e+00 -1.731553e+00 4.689574e-02
      vertex   -3.629242e+00 -2.424984e+00 -3.331363e-01
    endloop
  endfacet
  facet normal 2.580208e-01 1.379150e-01 -9.562451e-01
    outer loop
      vertex   -4.032598e+00 -1.670358e+00 -3.331393e-01
      vertex   -2.879465e+00 -1.192715e+00 4.689574e-02
      vertex   -2.591450e+00 -1.731553e+00 4.689574e-02
    endloop
  endfacet
  facet normal 6.343934e-01 7.730104e-01 -8.225371e-08
    outer loop
      vertex   3.222293e+00 4.822500e+00 7.278788e-01
      vertex   4.101200e+00 4.101201e+00 2.313417e+01
      vertex   4.101200e+00 4.101199e+00 7.278788e-01
    endloop
  endfacet
  facet normal 6.343934e-01 7.730104e-01 -8.225371e-08
    outer loop
      vertex   3.222293e+00 4.822500e+00 7.278788e-01
      vertex   3.222293e+00 4.822502e+00 2.313417e+01
      vertex   4.101200e+00 4.101201e+00 2.313417e+01
    endloop
  endfacet
  facet normal 2.867645e-02 2.911560e-01 -9.562457e-01
    outer loop
      vertex   -8.515405e-01 -4.280984e+00 -3.331363e-01
      vertex   1.065445e-08 -3.116712e+00 4.689574e-02
      vertex   7.894592e-09 -4.364854e+00 -3.331363e-01
    endloop
  endfacet
  facet normal 2.867643e-02 2.911560e-01 -9.562457e-01
    outer loop
      vertex   -8.515405e-01 -4.280984e+00 -3.331363e-01
      vertex   -6.080401e-01 -3.056825e+00 4.689574e-02
      vertex   1.065445e-08 -3.116712e+00 4.689574e-02
    endloop
  endfacet
  facet normal 1.379141e-01 2.580189e-01 -9.562457e-01
    outer loop
      vertex   -2.424982e+00 -3.629244e+00 -3.331363e-01
      vertex   -1.192714e+00 -2.879466e+00 4.689574e-02
      vertex   -1.670357e+00 -4.032600e+00 -3.331363e-01
    endloop
  endfacet
  facet normal 1.379141e-01 2.580190e-01 -9.562457e-01
    outer loop
      vertex   -2.424982e+00 -3.629244e+00 -3.331363e-01
      vertex   -1.731552e+00 -2.591451e+00 4.689574e-02
      vertex   -1.192714e+00 -2.879466e+00 4.689574e-02
    endloop
  endfacet
  facet normal -8.492763e-02 -2.799690e-01 -9.562451e-01
    outer loop
      vertex   1.670357e+00 4.032597e+00 -3.331393e-01
      vertex   6.080401e-01 3.056822e+00 4.689574e-02
      vertex   8.515405e-01 4.280982e+00 -3.331393e-01
    endloop
  endfacet
  facet normal -8.492752e-02 -2.799691e-01 -9.562451e-01
    outer loop
      vertex   1.670357e+00 4.032597e+00 -3.331393e-01
      vertex   1.192714e+00 2.879464e+00 4.689574e-02
      vertex   6.080401e-01 3.056822e+00 4.689574e-02
    endloop
  endfacet
  facet normal -2.911580e-01 2.867645e-02 -9.562451e-01
    outer loop
      vertex   4.280984e+00 -8.515419e-01 -3.331393e-01
      vertex   3.116710e+00 -1.347158e-06 4.689574e-02
      vertex   4.364853e+00 -1.387166e-06 -3.331393e-01
    endloop
  endfacet
  facet normal -2.911579e-01 2.867662e-02 -9.562451e-01
    outer loop
      vertex   4.280984e+00 -8.515419e-01 -3.331393e-01
      vertex   3.056823e+00 -6.080414e-01 4.689574e-02
      vertex   3.116710e+00 -1.347158e-06 4.689574e-02
    endloop
  endfacet
  facet normal -9.801742e-02 9.951847e-01 -1.058946e-07
    outer loop
      vertex   -1.131519e+00 5.688527e+00 7.278788e-01
      vertex   0.000000e+00 5.799974e+00 2.313416e+01
      vertex   0.000000e+00 5.799972e+00 7.278788e-01
    endloop
  endfacet
  facet normal -9.801742e-02 9.951847e-01 -1.058946e-07
    outer loop
      vertex   -1.131519e+00 5.688527e+00 7.278788e-01
      vertex   -1.131519e+00 5.688529e+00 2.313416e+01
      vertex   0.000000e+00 5.799974e+00 2.313416e+01
    endloop
  endfacet
  facet normal 4.713965e-01 -8.819214e-01 0.000000e+00
    outer loop
      vertex   2.335756e+00 -3.495703e+00 2.901261e+01
      vertex   1.608896e+00 -3.884217e+00 3.147794e+01
      vertex   1.608896e+00 -3.884217e+00 2.901261e+01
    endloop
  endfacet
  facet normal 4.713965e-01 -8.819214e-01 0.000000e+00
    outer loop
      vertex   2.335756e+00 -3.495703e+00 2.901261e+01
      vertex   2.335756e+00 -3.495703e+00 3.147794e+01
      vertex   1.608896e+00 -3.884217e+00 3.147794e+01
    endloop
  endfacet
  facet normal -1.379150e-01 -2.580210e-01 -9.562451e-01
    outer loop
      vertex   2.424982e+00 3.629241e+00 -3.331393e-01
      vertex   1.192714e+00 2.879464e+00 4.689574e-02
      vertex   1.670357e+00 4.032597e+00 -3.331393e-01
    endloop
  endfacet
  facet normal -1.379152e-01 -2.580208e-01 -9.562451e-01
    outer loop
      vertex   2.424982e+00 3.629241e+00 -3.331393e-01
      vertex   1.731552e+00 2.591448e+00 4.689574e-02
      vertex   1.192714e+00 2.879464e+00 4.689574e-02
    endloop
  endfacet
  facet normal -9.801738e-02 9.951847e-01 0.000000e+00
    outer loop
      vertex   -8.202083e-01 4.123467e+00 2.901261e+01
      vertex   -4.827377e-09 4.204250e+00 3.147794e+01
      vertex   -4.827377e-09 4.204250e+00 2.901261e+01
    endloop
  endfacet
  facet normal -9.801738e-02 9.951847e-01 0.000000e+00
    outer loop
      vertex   -8.202083e-01 4.123467e+00 2.901261e+01
      vertex   -8.202083e-01 4.123467e+00 3.147794e+01
      vertex   -4.827377e-09 4.204250e+00 3.147794e+01
    endloop
  endfacet
  facet normal 2.902847e-01 -9.569403e-01 1.018252e-07
    outer loop
      vertex   2.219554e+00 -5.358477e+00 7.278824e-01
      vertex   1.131519e+00 -5.688527e+00 2.313417e+01
      vertex   1.131519e+00 -5.688529e+00 7.278824e-01
    endloop
  endfacet
  facet normal 2.902842e-01 -9.569405e-01 7.636887e-08
    outer loop
      vertex   2.219554e+00 -5.358477e+00 7.278824e-01
      vertex   2.219554e+00 -5.358475e+00 2.313417e+01
      vertex   1.131519e+00 -5.688527e+00 2.313417e+01
    endloop
  endfacet
  facet normal -2.799689e-01 -8.492760e-02 -9.562451e-01
    outer loop
      vertex   4.280984e+00 8.515391e-01 -3.331393e-01
      vertex   2.879465e+00 1.192712e+00 4.689574e-02
      vertex   4.032598e+00 1.670355e+00 -3.331393e-01
    endloop
  endfacet
  facet normal -2.799689e-01 -8.492747e-02 -9.562451e-01
    outer loop
      vertex   4.280984e+00 8.515391e-01 -3.331393e-01
      vertex   3.056823e+00 6.080387e-01 4.689574e-02
      vertex   2.879465e+00 1.192712e+00 4.689574e-02
    endloop
  endfacet
  facet normal 1.856023e-01 -2.261572e-01 -9.562451e-01
    outer loop
      vertex   -2.424982e+00 3.629241e+00 -3.331393e-01
      vertex   -2.203847e+00 2.203846e+00 4.689574e-02
      vertex   -3.086417e+00 3.086416e+00 -3.331393e-01
    endloop
  endfacet
  facet normal 1.856023e-01 -2.261572e-01 -9.562451e-01
    outer loop
      vertex   -2.424982e+00 3.629241e+00 -3.331393e-01
      vertex   -1.731552e+00 2.591448e+00 4.689574e-02
      vertex   -2.203847e+00 2.203846e+00 4.689574e-02
    endloop
  endfacet
  facet normal 2.902847e-01 -9.569403e-01 0.000000e+00
    outer loop
      vertex   1.608896e+00 -3.884217e+00 2.901261e+01
      vertex   8.202083e-01 -4.123463e+00 3.147794e+01
      vertex   8.202083e-01 -4.123463e+00 2.901261e+01
    endloop
  endfacet
  facet normal 2.902847e-01 -9.569403e-01 0.000000e+00
    outer loop
      vertex   1.608896e+00 -3.884217e+00 2.901261e+01
      vertex   1.608896e+00 -3.884217e+00 3.147794e+01
      vertex   8.202083e-01 -4.123463e+00 3.147794e+01
    endloop
  endfacet
  facet normal -7.944187e-01 4.246254e-01 4.342721e-01
    outer loop
      vertex   -4.831870e+00 2.001428e+00 2.580306e+01
      vertex   -3.842569e+00 2.567524e+00 2.705928e+01
      vertex   -4.348569e+00 2.905622e+00 2.580306e+01
    endloop
  endfacet
  facet normal -7.944186e-01 4.246258e-01 4.342718e-01
    outer loop
      vertex   -4.831870e+00 2.001428e+00 2.580306e+01
      vertex   -4.269634e+00 1.768542e+00 2.705928e+01
      vertex   -3.842569e+00 2.567524e+00 2.705928e+01
    endloop
  endfacet
  facet normal 1.856009e-01 2.261557e-01 -9.562457e-01
    outer loop
      vertex   -3.086417e+00 -3.086419e+00 -3.331363e-01
      vertex   -1.731552e+00 -2.591451e+00 4.689574e-02
      vertex   -2.424982e+00 -3.629244e+00 -3.331363e-01
    endloop
  endfacet
  facet normal 1.856010e-01 2.261555e-01 -9.562458e-01
    outer loop
      vertex   -3.086417e+00 -3.086419e+00 -3.331363e-01
      vertex   -2.203847e+00 -2.203849e+00 4.689574e-02
      vertex   -1.731552e+00 -2.591451e+00 4.689574e-02
    endloop
  endfacet
  facet normal -1.856023e-01 -2.261572e-01 -9.562451e-01
    outer loop
      vertex   3.086417e+00 3.086416e+00 -3.331393e-01
      vertex   1.731552e+00 2.591448e+00 4.689574e-02
      vertex   2.424982e+00 3.629241e+00 -3.331393e-01
    endloop
  endfacet
  facet normal -1.856023e-01 -2.261572e-01 -9.562451e-01
    outer loop
      vertex   3.086417e+00 3.086416e+00 -3.331393e-01
      vertex   2.203847e+00 2.203846e+00 4.689574e-02
      vertex   1.731552e+00 2.591448e+00 4.689574e-02
    endloop
  endfacet
  facet normal -8.619949e-01 -2.614830e-01 4.342712e-01
    outer loop
      vertex   -4.831870e+00 -2.001425e+00 2.580306e+01
      vertex   -4.532619e+00 -9.015928e-01 2.705928e+01
      vertex   -5.129486e+00 -1.020317e+00 2.580306e+01
    endloop
  endfacet
  facet normal -8.619956e-01 -2.614819e-01 4.342704e-01
    outer loop
      vertex   -4.831870e+00 -2.001425e+00 2.580306e+01
      vertex   -4.269634e+00 -1.768539e+00 2.705929e+01
      vertex   -4.532619e+00 -9.015928e-01 2.705928e+01
    endloop
  endfacet
  facet normal -2.902847e-01 -9.569403e-01 7.636886e-08
    outer loop
      vertex   -1.131519e+00 -5.688529e+00 7.278824e-01
      vertex   -2.219554e+00 -5.358475e+00 2.313417e+01
      vertex   -2.219554e+00 -5.358477e+00 7.278824e-01
    endloop
  endfacet
  facet normal -2.902842e-01 -9.569405e-01 1.018252e-07
    outer loop
      vertex   -1.131519e+00 -5.688529e+00 7.278824e-01
      vertex   -1.131519e+00 -5.688527e+00 2.313417e+01
      vertex   -2.219554e+00 -5.358475e+00 2.313417e+01
    endloop
  endfacet
  facet normal -8.492673e-02 2.799670e-01 -9.562457e-01
    outer loop
      vertex   8.515405e-01 -4.280984e+00 -3.331363e-01
      vertex   1.192714e+00 -2.879466e+00 4.689574e-02
      vertex   1.670357e+00 -4.032600e+00 -3.331363e-01
    endloop
  endfacet
  facet normal -8.492690e-02 2.799671e-01 -9.562457e-01
    outer loop
      vertex   8.515405e-01 -4.280984e+00 -3.331363e-01
      vertex   6.080401e-01 -3.056825e+00 4.689574e-02
      vertex   1.192714e+00 -2.879466e+00 4.689574e-02
    endloop
  endfacet
  facet normal -1.379142e-01 2.580190e-01 -9.562457e-01
    outer loop
      vertex   1.670357e+00 -4.032600e+00 -3.331363e-01
      vertex   1.731552e+00 -2.591451e+00 4.689574e-02
      vertex   2.424982e+00 -3.629244e+00 -3.331363e-01
    endloop
  endfacet
  facet normal -1.379141e-01 2.580190e-01 -9.562457e-01
    outer loop
      vertex   1.670357e+00 -4.032600e+00 -3.331363e-01
      vertex   1.192714e+00 -2.879466e+00 4.689574e-02
      vertex   1.731552e+00 -2.591451e+00 4.689574e-02
    endloop
  endfacet
  facet normal -2.614831e-01 -8.619951e-01 4.342706e-01
    outer loop
      vertex   -1.020318e+00 -5.129485e+00 2.580306e+01
      vertex   -1.768541e+00 -4.269633e+00 2.705929e+01
      vertex   -2.001426e+00 -4.831869e+00 2.580306e+01
    endloop
  endfacet
  facet normal -2.614836e-01 -8.619951e-01 4.342703e-01
    outer loop
      vertex   -1.020318e+00 -5.129485e+00 2.580306e+01
      vertex   -9.015942e-01 -4.532618e+00 2.705929e+01
      vertex   -1.768541e+00 -4.269633e+00 2.705929e+01
    endloop
  endfacet
  facet normal 2.614831e-01 -8.619953e-01 4.342704e-01
    outer loop
      vertex   2.001426e+00 -4.831869e+00 2.580306e+01
      vertex   9.015942e-01 -4.532618e+00 2.705929e+01
      vertex   1.020318e+00 -5.129485e+00 2.580306e+01
    endloop
  endfacet
  facet normal 2.614835e-01 -8.619950e-01 4.342706e-01
    outer loop
      vertex   2.001426e+00 -4.831869e+00 2.580306e+01
      vertex   1.768541e+00 -4.269633e+00 2.705929e+01
      vertex   9.015942e-01 -4.532618e+00 2.705929e+01
    endloop
  endfacet
  facet normal -2.261573e-01 -1.856022e-01 -9.562451e-01
    outer loop
      vertex   3.629242e+00 2.424981e+00 -3.331393e-01
      vertex   2.203847e+00 2.203846e+00 4.689574e-02
      vertex   3.086417e+00 3.086416e+00 -3.331393e-01
    endloop
  endfacet
  facet normal -2.261572e-01 -1.856024e-01 -9.562451e-01
    outer loop
      vertex   3.629242e+00 2.424981e+00 -3.331393e-01
      vertex   2.591450e+00 1.731550e+00 4.689574e-02
      vertex   2.203847e+00 2.203846e+00 4.689574e-02
    endloop
  endfacet
  facet normal 9.951847e-01 9.801743e-02 -9.869130e-09
    outer loop
      vertex   5.688528e+00 1.131517e+00 7.278800e-01
      vertex   5.799973e+00 9.730202e-07 2.313417e+01
      vertex   5.799973e+00 -1.283013e-06 7.278800e-01
    endloop
  endfacet
  facet normal 9.951847e-01 9.801742e-02 -1.010381e-08
    outer loop
      vertex   5.688528e+00 1.131517e+00 7.278800e-01
      vertex   5.688528e+00 1.131520e+00 2.313417e+01
      vertex   5.799973e+00 9.730202e-07 2.313417e+01
    endloop
  endfacet
  facet normal 8.492675e-02 2.799671e-01 -9.562457e-01
    outer loop
      vertex   -1.670357e+00 -4.032600e+00 -3.331363e-01
      vertex   -6.080401e-01 -3.056825e+00 4.689574e-02
      vertex   -8.515405e-01 -4.280984e+00 -3.331363e-01
    endloop
  endfacet
  facet normal 8.492688e-02 2.799670e-01 -9.562457e-01
    outer loop
      vertex   -1.670357e+00 -4.032600e+00 -3.331363e-01
      vertex   -1.192714e+00 -2.879466e+00 4.689574e-02
      vertex   -6.080401e-01 -3.056825e+00 4.689574e-02
    endloop
  endfacet
  facet normal -2.867646e-02 2.911560e-01 -9.562457e-01
    outer loop
      vertex   7.894592e-09 -4.364854e+00 -3.331363e-01
      vertex   6.080401e-01 -3.056825e+00 4.689574e-02
      vertex   8.515405e-01 -4.280984e+00 -3.331363e-01
    endloop
  endfacet
  facet normal -2.867643e-02 2.911560e-01 -9.562457e-01
    outer loop
      vertex   7.894592e-09 -4.364854e+00 -3.331363e-01
      vertex   1.065445e-08 -3.116712e+00 4.689574e-02
      vertex   6.080401e-01 -3.056825e+00 4.689574e-02
    endloop
  endfacet
  facet normal 4.246254e-01 7.944188e-01 4.342718e-01
    outer loop
      vertex   2.001426e+00 4.831871e+00 2.580306e+01
      vertex   2.567523e+00 3.842570e+00 2.705928e+01
      vertex   2.905621e+00 4.348570e+00 2.580306e+01
    endloop
  endfacet
  facet normal 4.246262e-01 7.944187e-01 4.342713e-01
    outer loop
      vertex   2.001426e+00 4.831871e+00 2.580306e+01
      vertex   1.768541e+00 4.269636e+00 2.705928e+01
      vertex   2.567523e+00 3.842570e+00 2.705928e+01
    endloop
  endfacet
  facet normal -4.713965e-01 -8.819214e-01 0.000000e+00
    outer loop
      vertex   -1.608896e+00 -3.884217e+00 2.901261e+01
      vertex   -2.335756e+00 -3.495703e+00 3.147794e+01
      vertex   -2.335756e+00 -3.495703e+00 2.901261e+01
    endloop
  endfacet
  facet normal -4.713965e-01 -8.819214e-01 0.000000e+00
    outer loop
      vertex   -1.608896e+00 -3.884217e+00 2.901261e+01
      vertex   -1.608896e+00 -3.884217e+00 3.147794e+01
      vertex   -2.335756e+00 -3.495703e+00 3.147794e+01
    endloop
  endfacet
  facet normal -6.343930e-01 -7.730107e-01 0.000000e+00
    outer loop
      vertex   -2.335756e+00 -3.495703e+00 2.901261e+01
      vertex   -2.972853e+00 -2.972851e+00 3.147794e+01
      vertex   -2.972853e+00 -2.972851e+00 2.901261e+01
    endloop
  endfacet
  facet normal -6.343930e-01 -7.730107e-01 0.000000e+00
    outer loop
      vertex   -2.335756e+00 -3.495703e+00 2.901261e+01
      vertex   -2.335756e+00 -3.495703e+00 3.147794e+01
      vertex   -2.972853e+00 -2.972851e+00 3.147794e+01
    endloop
  endfacet
  facet normal -2.902847e-01 -9.569403e-01 0.000000e+00
    outer loop
      vertex   -8.202083e-01 -4.123463e+00 2.901261e+01
      vertex   -1.608896e+00 -3.884217e+00 3.147794e+01
      vertex   -1.608896e+00 -3.884217e+00 2.901261e+01
    endloop
  endfacet
  facet normal -2.902847e-01 -9.569403e-01 0.000000e+00
    outer loop
      vertex   -8.202083e-01 -4.123463e+00 2.901261e+01
      vertex   -8.202083e-01 -4.123463e+00 3.147794e+01
      vertex   -1.608896e+00 -3.884217e+00 3.147794e+01
    endloop
  endfacet
  facet normal -9.801738e-02 -9.951847e-01 0.000000e+00
    outer loop
      vertex   -4.827377e-09 -4.204247e+00 2.901261e+01
      vertex   -8.202083e-01 -4.123463e+00 3.147794e+01
      vertex   -8.202083e-01 -4.123463e+00 2.901261e+01
    endloop
  endfacet
  facet normal -9.801738e-02 -9.951847e-01 0.000000e+00
    outer loop
      vertex   -4.827377e-09 -4.204247e+00 2.901261e+01
      vertex   -4.827377e-09 -4.204247e+00 3.147794e+01
      vertex   -8.202083e-01 -4.123463e+00 3.147794e+01
    endloop
  endfacet
  facet normal 9.801738e-02 -9.951847e-01 0.000000e+00
    outer loop
      vertex   8.202083e-01 -4.123463e+00 2.901261e+01
      vertex   -4.827377e-09 -4.204247e+00 3.147794e+01
      vertex   -4.827377e-09 -4.204247e+00 2.901261e+01
    endloop
  endfacet
  facet normal 9.801738e-02 -9.951847e-01 0.000000e+00
    outer loop
      vertex   8.202083e-01 -4.123463e+00 2.901261e+01
      vertex   8.202083e-01 -4.123463e+00 3.147794e+01
      vertex   -4.827377e-09 -4.204247e+00 3.147794e+01
    endloop
  endfacet
  facet normal 9.569403e-01 2.902847e-01 -1.754563e-08
    outer loop
      vertex   3.884219e+00 1.608898e+00 2.901261e+01
      vertex   4.123465e+00 8.202100e-01 3.147794e+01
      vertex   4.123465e+00 8.202098e-01 2.901261e+01
    endloop
  endfacet
  facet normal 9.569403e-01 2.902847e-01 -1.754563e-08
    outer loop
      vertex   3.884219e+00 1.608898e+00 2.901261e+01
      vertex   3.884219e+00 1.608898e+00 3.147794e+01
      vertex   4.123465e+00 8.202100e-01 3.147794e+01
    endloop
  endfacet
  facet normal 6.343930e-01 -7.730107e-01 0.000000e+00
    outer loop
      vertex   2.972853e+00 -2.972851e+00 2.901261e+01
      vertex   2.335756e+00 -3.495703e+00 3.147794e+01
      vertex   2.335756e+00 -3.495703e+00 2.901261e+01
    endloop
  endfacet
  facet normal 6.343930e-01 -7.730107e-01 0.000000e+00
    outer loop
      vertex   2.972853e+00 -2.972851e+00 2.901261e+01
      vertex   2.972853e+00 -2.972851e+00 3.147794e+01
      vertex   2.335756e+00 -3.495703e+00 3.147794e+01
    endloop
  endfacet
  facet normal 8.819212e-01 4.713968e-01 -2.849256e-08
    outer loop
      vertex   3.495705e+00 2.335757e+00 2.901261e+01
      vertex   3.884219e+00 1.608898e+00 3.147794e+01
      vertex   3.884219e+00 1.608898e+00 2.901261e+01
    endloop
  endfacet
  facet normal 8.819213e-01 4.713968e-01 -5.698511e-08
    outer loop
      vertex   3.495705e+00 2.335757e+00 2.901261e+01
      vertex   3.495705e+00 2.335757e+00 3.147794e+01
      vertex   3.884219e+00 1.608898e+00 3.147794e+01
    endloop
  endfacet
  facet normal 5.714502e-01 -6.963145e-01 4.342705e-01
    outer loop
      vertex   3.698153e+00 -3.698153e+00 2.580306e+01
      vertex   2.567523e+00 -3.842568e+00 2.705929e+01
      vertex   2.905621e+00 -4.348567e+00 2.580306e+01
    endloop
  endfacet
  facet normal 5.714502e-01 -6.963143e-01 4.342706e-01
    outer loop
      vertex   3.698153e+00 -3.698153e+00 2.580306e+01
      vertex   3.267837e+00 -3.267835e+00 2.705929e+01
      vertex   2.567523e+00 -3.842568e+00 2.705929e+01
    endloop
  endfacet
  facet normal 7.730107e-01 6.343930e-01 -7.668901e-08
    outer loop
      vertex   2.972853e+00 2.972854e+00 2.901261e+01
      vertex   3.495705e+00 2.335757e+00 3.147794e+01
      vertex   3.495705e+00 2.335757e+00 2.901261e+01
    endloop
  endfacet
  facet normal 7.730105e-01 6.343932e-01 -0.000000e+00
    outer loop
      vertex   2.972853e+00 2.972854e+00 2.901261e+01
      vertex   2.972853e+00 2.972854e+00 3.147794e+01
      vertex   3.495705e+00 2.335757e+00 3.147794e+01
    endloop
  endfacet
  facet normal 9.951847e-01 9.801738e-02 -9.869138e-09
    outer loop
      vertex   4.123465e+00 8.202098e-01 2.901261e+01
      vertex   4.204248e+00 1.803479e-06 3.147794e+01
      vertex   4.204248e+00 1.555251e-06 2.901261e+01
    endloop
  endfacet
  facet normal 9.951847e-01 9.801739e-02 -5.924449e-09
    outer loop
      vertex   4.123465e+00 8.202098e-01 2.901261e+01
      vertex   4.123465e+00 8.202100e-01 3.147794e+01
      vertex   4.204248e+00 1.803479e-06 3.147794e+01
    endloop
  endfacet
  facet normal 9.801738e-02 9.951847e-01 0.000000e+00
    outer loop
      vertex   -4.827377e-09 4.204250e+00 2.901261e+01
      vertex   8.202083e-01 4.123467e+00 3.147794e+01
      vertex   8.202083e-01 4.123467e+00 2.901261e+01
    endloop
  endfacet
  facet normal 9.801738e-02 9.951847e-01 -0.000000e+00
    outer loop
      vertex   -4.827377e-09 4.204250e+00 2.901261e+01
      vertex   -4.827377e-09 4.204250e+00 3.147794e+01
      vertex   8.202083e-01 4.123467e+00 3.147794e+01
    endloop
  endfacet
  facet normal -9.569403e-01 2.902847e-01 -1.754563e-08
    outer loop
      vertex   -4.123465e+00 8.202098e-01 2.901261e+01
      vertex   -3.884219e+00 1.608898e+00 3.147794e+01
      vertex   -3.884219e+00 1.608898e+00 2.901261e+01
    endloop
  endfacet
  facet normal -9.569403e-01 2.902847e-01 -1.754563e-08
    outer loop
      vertex   -4.123465e+00 8.202098e-01 2.901261e+01
      vertex   -4.123465e+00 8.202100e-01 3.147794e+01
      vertex   -3.884219e+00 1.608898e+00 3.147794e+01
    endloop
  endfacet
  facet normal 8.964448e-01 8.829233e-02 4.342710e-01
    outer loop
      vertex   5.129486e+00 1.020319e+00 2.580306e+01
      vertex   4.621419e+00 1.361100e-06 2.705928e+01
      vertex   5.229979e+00 1.238296e-06 2.580306e+01
    endloop
  endfacet
  facet normal 8.964447e-01 8.829243e-02 4.342710e-01
    outer loop
      vertex   5.129486e+00 1.020319e+00 2.580306e+01
      vertex   4.532619e+00 9.015954e-01 2.705928e+01
      vertex   4.621419e+00 1.361100e-06 2.705928e+01
    endloop
  endfacet
  facet normal -4.713968e-01 8.819213e-01 0.000000e+00
    outer loop
      vertex   -2.335756e+00 3.495706e+00 2.901261e+01
      vertex   -1.608896e+00 3.884221e+00 3.147794e+01
      vertex   -1.608896e+00 3.884221e+00 2.901261e+01
    endloop
  endfacet
  facet normal -4.713968e-01 8.819213e-01 0.000000e+00
    outer loop
      vertex   -2.335756e+00 3.495706e+00 2.901261e+01
      vertex   -2.335756e+00 3.495706e+00 3.147794e+01
      vertex   -1.608896e+00 3.884221e+00 3.147794e+01
    endloop
  endfacet
  facet normal -8.819212e-01 -4.713968e-01 2.849256e-08
    outer loop
      vertex   -3.495705e+00 -2.335754e+00 2.901261e+01
      vertex   -3.884219e+00 -1.608895e+00 3.147794e+01
      vertex   -3.884219e+00 -1.608895e+00 2.901261e+01
    endloop
  endfacet
  facet normal -8.819212e-01 -4.713968e-01 2.849256e-08
    outer loop
      vertex   -3.495705e+00 -2.335754e+00 2.901261e+01
      vertex   -3.495705e+00 -2.335754e+00 3.147794e+01
      vertex   -3.884219e+00 -1.608895e+00 3.147794e+01
    endloop
  endfacet
  facet normal 9.951847e-01 -9.801738e-02 1.184889e-08
    outer loop
      vertex   4.204248e+00 1.555251e-06 2.901261e+01
      vertex   4.123465e+00 -8.202065e-01 3.147794e+01
      vertex   4.123465e+00 -8.202068e-01 2.901261e+01
    endloop
  endfacet
  facet normal 9.951847e-01 -9.801738e-02 9.869138e-09
    outer loop
      vertex   4.204248e+00 1.555251e-06 2.901261e+01
      vertex   4.204248e+00 1.803479e-06 3.147794e+01
      vertex   4.123465e+00 -8.202065e-01 3.147794e+01
    endloop
  endfacet
  facet normal -4.246255e-01 7.944190e-01 4.342713e-01
    outer loop
      vertex   -2.905621e+00 4.348570e+00 2.580306e+01
      vertex   -1.768541e+00 4.269636e+00 2.705928e+01
      vertex   -2.001426e+00 4.831871e+00 2.580306e+01
    endloop
  endfacet
  facet normal -4.246261e-01 7.944184e-01 4.342719e-01
    outer loop
      vertex   -2.905621e+00 4.348570e+00 2.580306e+01
      vertex   -2.567523e+00 3.842570e+00 2.705928e+01
      vertex   -1.768541e+00 4.269636e+00 2.705928e+01
    endloop
  endfacet
  facet normal 7.730108e-01 -6.343929e-01 0.000000e+00
    outer loop
      vertex   3.495705e+00 -2.335754e+00 2.901261e+01
      vertex   2.972853e+00 -2.972851e+00 3.147794e+01
      vertex   2.972853e+00 -2.972851e+00 2.901261e+01
    endloop
  endfacet
  facet normal 7.730108e-01 -6.343928e-01 3.834450e-08
    outer loop
      vertex   3.495705e+00 -2.335754e+00 2.901261e+01
      vertex   3.495705e+00 -2.335754e+00 3.147794e+01
      vertex   2.972853e+00 -2.972851e+00 3.147794e+01
    endloop
  endfacet
  facet normal 6.343932e-01 7.730105e-01 0.000000e+00
    outer loop
      vertex   2.335756e+00 3.495706e+00 2.901261e+01
      vertex   2.972853e+00 2.972854e+00 3.147794e+01
      vertex   2.972853e+00 2.972854e+00 2.901261e+01
    endloop
  endfacet
  facet normal 6.343932e-01 7.730105e-01 -0.000000e+00
    outer loop
      vertex   2.335756e+00 3.495706e+00 2.901261e+01
      vertex   2.335756e+00 3.495706e+00 3.147794e+01
      vertex   2.972853e+00 2.972854e+00 3.147794e+01
    endloop
  endfacet
  facet normal -2.902847e-01 9.569403e-01 0.000000e+00
    outer loop
      vertex   -1.608896e+00 3.884221e+00 2.901261e+01
      vertex   -8.202083e-01 4.123467e+00 3.147794e+01
      vertex   -8.202083e-01 4.123467e+00 2.901261e+01
    endloop
  endfacet
  facet normal -2.902847e-01 9.569403e-01 0.000000e+00
    outer loop
      vertex   -1.608896e+00 3.884221e+00 2.901261e+01
      vertex   -1.608896e+00 3.884221e+00 3.147794e+01
      vertex   -8.202083e-01 4.123467e+00 3.147794e+01
    endloop
  endfacet
  facet normal 8.819212e-01 -4.713968e-01 2.849256e-08
    outer loop
      vertex   3.884219e+00 -1.608895e+00 2.901261e+01
      vertex   3.495705e+00 -2.335754e+00 3.147794e+01
      vertex   3.495705e+00 -2.335754e+00 2.901261e+01
    endloop
  endfacet
  facet normal 8.819212e-01 -4.713968e-01 2.849256e-08
    outer loop
      vertex   3.884219e+00 -1.608895e+00 2.901261e+01
      vertex   3.884219e+00 -1.608895e+00 3.147794e+01
      vertex   3.495705e+00 -2.335754e+00 3.147794e+01
    endloop
  endfacet
  facet normal 2.902847e-01 9.569403e-01 0.000000e+00
    outer loop
      vertex   8.202083e-01 4.123467e+00 2.901261e+01
      vertex   1.608896e+00 3.884221e+00 3.147794e+01
      vertex   1.608896e+00 3.884221e+00 2.901261e+01
    endloop
  endfacet
  facet normal 2.902847e-01 9.569403e-01 -0.000000e+00
    outer loop
      vertex   8.202083e-01 4.123467e+00 2.901261e+01
      vertex   8.202083e-01 4.123467e+00 3.147794e+01
      vertex   1.608896e+00 3.884221e+00 3.147794e+01
    endloop
  endfacet
  facet normal -7.730107e-01 6.343930e-01 0.000000e+00
    outer loop
      vertex   -3.495705e+00 2.335757e+00 2.901261e+01
      vertex   -2.972853e+00 2.972854e+00 3.147794e+01
      vertex   -2.972853e+00 2.972854e+00 2.901261e+01
    endloop
  endfacet
  facet normal -7.730105e-01 6.343932e-01 -7.668904e-08
    outer loop
      vertex   -3.495705e+00 2.335757e+00 2.901261e+01
      vertex   -3.495705e+00 2.335757e+00 3.147794e+01
      vertex   -2.972853e+00 2.972854e+00 3.147794e+01
    endloop
  endfacet
  facet normal 9.569403e-01 -2.902847e-01 1.754563e-08
    outer loop
      vertex   4.123465e+00 -8.202068e-01 2.901261e+01
      vertex   3.884219e+00 -1.608895e+00 3.147794e+01
      vertex   3.884219e+00 -1.608895e+00 2.901261e+01
    endloop
  endfacet
  facet normal 9.569403e-01 -2.902846e-01 3.509125e-08
    outer loop
      vertex   4.123465e+00 -8.202068e-01 2.901261e+01
      vertex   4.123465e+00 -8.202065e-01 3.147794e+01
      vertex   3.884219e+00 -1.608895e+00 3.147794e+01
    endloop
  endfacet
  facet normal -8.819212e-01 4.713968e-01 -5.698512e-08
    outer loop
      vertex   -3.884219e+00 1.608898e+00 2.901261e+01
      vertex   -3.495705e+00 2.335757e+00 3.147794e+01
      vertex   -3.495705e+00 2.335757e+00 2.901261e+01
    endloop
  endfacet
  facet normal -8.819213e-01 4.713968e-01 -2.849255e-08
    outer loop
      vertex   -3.884219e+00 1.608898e+00 2.901261e+01
      vertex   -3.884219e+00 1.608898e+00 3.147794e+01
      vertex   -3.495705e+00 2.335757e+00 3.147794e+01
    endloop
  endfacet
  facet normal -6.343932e-01 7.730105e-01 0.000000e+00
    outer loop
      vertex   -2.972853e+00 2.972854e+00 2.901261e+01
      vertex   -2.335756e+00 3.495706e+00 3.147794e+01
      vertex   -2.335756e+00 3.495706e+00 2.901261e+01
    endloop
  endfacet
  facet normal -6.343932e-01 7.730105e-01 0.000000e+00
    outer loop
      vertex   -2.972853e+00 2.972854e+00 2.901261e+01
      vertex   -2.972853e+00 2.972854e+00 3.147794e+01
      vertex   -2.335756e+00 3.495706e+00 3.147794e+01
    endloop
  endfacet
  facet normal -9.951847e-01 -9.801738e-02 9.869137e-09
    outer loop
      vertex   -4.123465e+00 -8.202068e-01 2.901261e+01
      vertex   -4.204248e+00 1.803479e-06 3.147794e+01
      vertex   -4.204248e+00 1.555251e-06 2.901261e+01
    endloop
  endfacet
  facet normal -9.951847e-01 -9.801738e-02 1.184890e-08
    outer loop
      vertex   -4.123465e+00 -8.202068e-01 2.901261e+01
      vertex   -4.123465e+00 -8.202065e-01 3.147794e+01
      vertex   -4.204248e+00 1.803479e-06 3.147794e+01
    endloop
  endfacet
  facet normal -9.951847e-01 9.801738e-02 -5.924448e-09
    outer loop
      vertex   -4.204248e+00 1.555251e-06 2.901261e+01
      vertex   -4.123465e+00 8.202100e-01 3.147794e+01
      vertex   -4.123465e+00 8.202098e-01 2.901261e+01
    endloop
  endfacet
  facet normal -9.951847e-01 9.801739e-02 -9.869139e-09
    outer loop
      vertex   -4.204248e+00 1.555251e-06 2.901261e+01
      vertex   -4.204248e+00 1.803479e-06 3.147794e+01
      vertex   -4.123465e+00 8.202100e-01 3.147794e+01
    endloop
  endfacet
  facet normal -9.569403e-01 -2.902847e-01 3.509125e-08
    outer loop
      vertex   -3.884219e+00 -1.608895e+00 2.901261e+01
      vertex   -4.123465e+00 -8.202065e-01 3.147794e+01
      vertex   -4.123465e+00 -8.202068e-01 2.901261e+01
    endloop
  endfacet
  facet normal -9.569403e-01 -2.902846e-01 1.754562e-08
    outer loop
      vertex   -3.884219e+00 -1.608895e+00 2.901261e+01
      vertex   -3.884219e+00 -1.608895e+00 3.147794e+01
      vertex   -4.123465e+00 -8.202065e-01 3.147794e+01
    endloop
  endfacet
  facet normal -7.730108e-01 -6.343929e-01 3.834450e-08
    outer loop
      vertex   -2.972853e+00 -2.972851e+00 2.901261e+01
      vertex   -3.495705e+00 -2.335754e+00 3.147794e+01
      vertex   -3.495705e+00 -2.335754e+00 2.901261e+01
    endloop
  endfacet
  facet normal -7.730108e-01 -6.343928e-01 0.000000e+00
    outer loop
      vertex   -2.972853e+00 -2.972851e+00 2.901261e+01
      vertex   -2.972853e+00 -2.972851e+00 3.147794e+01
      vertex   -3.495705e+00 -2.335754e+00 3.147794e+01
    endloop
  endfacet
  facet normal -6.963138e-01 5.714500e-01 4.342718e-01
    outer loop
      vertex   -4.348569e+00 2.905622e+00 2.580306e+01
      vertex   -3.267837e+00 3.267838e+00 2.705928e+01
      vertex   -3.698153e+00 3.698155e+00 2.580306e+01
    endloop
  endfacet
  facet normal -6.963140e-01 5.714496e-01 4.342720e-01
    outer loop
      vertex   -4.348569e+00 2.905622e+00 2.580306e+01
      vertex   -3.842569e+00 2.567524e+00 2.705928e+01
      vertex   -3.267837e+00 3.267838e+00 2.705928e+01
    endloop
  endfacet
  facet normal 2.261573e-01 -1.856023e-01 -9.562451e-01
    outer loop
      vertex   -3.086417e+00 3.086416e+00 -3.331393e-01
      vertex   -2.591450e+00 1.731550e+00 4.689574e-02
      vertex   -3.629242e+00 2.424981e+00 -3.331393e-01
    endloop
  endfacet
  facet normal 2.261572e-01 -1.856023e-01 -9.562451e-01
    outer loop
      vertex   -3.086417e+00 3.086416e+00 -3.331393e-01
      vertex   -2.203847e+00 2.203846e+00 4.689574e-02
      vertex   -2.591450e+00 1.731550e+00 4.689574e-02
    endloop
  endfacet
  facet normal 6.963143e-01 -5.714503e-01 4.342706e-01
    outer loop
      vertex   4.348569e+00 -2.905619e+00 2.580306e+01
      vertex   3.267837e+00 -3.267835e+00 2.705929e+01
      vertex   3.698153e+00 -3.698153e+00 2.580306e+01
    endloop
  endfacet
  facet normal 6.963144e-01 -5.714500e-01 4.342708e-01
    outer loop
      vertex   4.348569e+00 -2.905619e+00 2.580306e+01
      vertex   3.842569e+00 -2.567522e+00 2.705929e+01
      vertex   3.267837e+00 -3.267835e+00 2.705929e+01
    endloop
  endfacet
  facet normal -8.964447e-01 8.829233e-02 4.342710e-01
    outer loop
      vertex   -5.229979e+00 1.238296e-06 2.580306e+01
      vertex   -4.532619e+00 9.015954e-01 2.705928e+01
      vertex   -5.129486e+00 1.020319e+00 2.580306e+01
    endloop
  endfacet
  facet normal -8.964447e-01 8.829243e-02 4.342710e-01
    outer loop
      vertex   -5.229979e+00 1.238296e-06 2.580306e+01
      vertex   -4.621419e+00 1.361100e-06 2.705928e+01
      vertex   -4.532619e+00 9.015954e-01 2.705928e+01
    endloop
  endfacet
  facet normal 7.944193e-01 -4.246255e-01 4.342708e-01
    outer loop
      vertex   4.831870e+00 -2.001425e+00 2.580306e+01
      vertex   3.842569e+00 -2.567522e+00 2.705929e+01
      vertex   4.348569e+00 -2.905619e+00 2.580306e+01
    endloop
  endfacet
  facet normal 7.944192e-01 -4.246261e-01 4.342704e-01
    outer loop
      vertex   4.831870e+00 -2.001425e+00 2.580306e+01
      vertex   4.269634e+00 -1.768539e+00 2.705929e+01
      vertex   3.842569e+00 -2.567522e+00 2.705929e+01
    endloop
  endfacet
  facet normal 7.099702e-01 -5.826571e-01 -3.955413e-01
    outer loop
      vertex   4.060646e+00 -4.060647e+00 2.725542e-01
      vertex   4.622285e+00 -3.088514e+00 -1.513559e-01
      vertex   4.774815e+00 -3.190430e+00 2.725542e-01
    endloop
  endfacet
  facet normal 7.099699e-01 -5.826572e-01 -3.955419e-01
    outer loop
      vertex   4.060646e+00 -4.060647e+00 2.725542e-01
      vertex   3.930930e+00 -3.930932e+00 -1.513559e-01
      vertex   4.622285e+00 -3.088514e+00 -1.513559e-01
    endloop
  endfacet
  facet normal -8.964448e-01 -8.829232e-02 4.342710e-01
    outer loop
      vertex   -5.129486e+00 -1.020317e+00 2.580306e+01
      vertex   -4.621419e+00 1.361100e-06 2.705928e+01
      vertex   -5.229979e+00 1.238296e-06 2.580306e+01
    endloop
  endfacet
  facet normal -8.964446e-01 -8.829270e-02 4.342712e-01
    outer loop
      vertex   -5.129486e+00 -1.020317e+00 2.580306e+01
      vertex   -4.532619e+00 -9.015928e-01 2.705928e+01
      vertex   -4.621419e+00 1.361100e-06 2.705928e+01
    endloop
  endfacet
  facet normal 8.619952e-01 -2.614831e-01 4.342705e-01
    outer loop
      vertex   5.129486e+00 -1.020317e+00 2.580306e+01
      vertex   4.269634e+00 -1.768539e+00 2.705929e+01
      vertex   4.831870e+00 -2.001425e+00 2.580306e+01
    endloop
  endfacet
  facet normal 8.619952e-01 -2.614821e-01 4.342711e-01
    outer loop
      vertex   5.129486e+00 -1.020317e+00 2.580306e+01
      vertex   4.532619e+00 -9.015928e-01 2.705928e+01
      vertex   4.269634e+00 -1.768539e+00 2.705929e+01
    endloop
  endfacet
  facet normal -6.963142e-01 -5.714503e-01 4.342708e-01
    outer loop
      vertex   -3.698153e+00 -3.698153e+00 2.580306e+01
      vertex   -3.842569e+00 -2.567522e+00 2.705929e+01
      vertex   -4.348569e+00 -2.905619e+00 2.580306e+01
    endloop
  endfacet
  facet normal -6.963145e-01 -5.714501e-01 4.342705e-01
    outer loop
      vertex   -3.698153e+00 -3.698153e+00 2.580306e+01
      vertex   -3.267837e+00 -3.267835e+00 2.705929e+01
      vertex   -3.842569e+00 -2.567522e+00 2.705929e+01
    endloop
  endfacet
  facet normal -4.713969e-01 8.819212e-01 -7.038194e-08
    outer loop
      vertex   -3.222293e+00 4.822500e+00 7.278788e-01
      vertex   -2.219554e+00 5.358477e+00 2.313416e+01
      vertex   -2.219554e+00 5.358475e+00 7.278788e-01
    endloop
  endfacet
  facet normal -4.713965e-01 8.819214e-01 -9.384260e-08
    outer loop
      vertex   -3.222293e+00 4.822500e+00 7.278788e-01
      vertex   -3.222293e+00 4.822502e+00 2.313417e+01
      vertex   -2.219554e+00 5.358477e+00 2.313416e+01
    endloop
  endfacet
  facet normal -7.944194e-01 -4.246256e-01 4.342705e-01
    outer loop
      vertex   -4.348569e+00 -2.905619e+00 2.580306e+01
      vertex   -4.269634e+00 -1.768539e+00 2.705929e+01
      vertex   -4.831870e+00 -2.001425e+00 2.580306e+01
    endloop
  endfacet
  facet normal -7.944190e-01 -4.246260e-01 4.342708e-01
    outer loop
      vertex   -4.348569e+00 -2.905619e+00 2.580306e+01
      vertex   -3.842569e+00 -2.567522e+00 2.705929e+01
      vertex   -4.269634e+00 -1.768539e+00 2.705929e+01
    endloop
  endfacet
  facet normal -4.246259e-01 -7.944193e-01 4.342705e-01
    outer loop
      vertex   -2.001426e+00 -4.831869e+00 2.580306e+01
      vertex   -2.567523e+00 -3.842568e+00 2.705929e+01
      vertex   -2.905621e+00 -4.348567e+00 2.580306e+01
    endloop
  endfacet
  facet normal -4.246257e-01 -7.944193e-01 4.342706e-01
    outer loop
      vertex   -2.001426e+00 -4.831869e+00 2.580306e+01
      vertex   -1.768541e+00 -4.269633e+00 2.705929e+01
      vertex   -2.567523e+00 -3.842568e+00 2.705929e+01
    endloop
  endfacet
  facet normal -8.829236e-02 -8.964450e-01 4.342703e-01
    outer loop
      vertex   -1.724345e-09 -5.229977e+00 2.580306e+01
      vertex   -9.015942e-01 -4.532618e+00 2.705929e+01
      vertex   -1.020318e+00 -5.129485e+00 2.580306e+01
    endloop
  endfacet
  facet normal -8.829215e-02 -8.964450e-01 4.342705e-01
    outer loop
      vertex   -1.724345e-09 -5.229977e+00 2.580306e+01
      vertex   -3.565356e-09 -4.621418e+00 2.705929e+01
      vertex   -9.015942e-01 -4.532618e+00 2.705929e+01
    endloop
  endfacet
  facet normal 8.829235e-02 -8.964450e-01 4.342705e-01
    outer loop
      vertex   1.020318e+00 -5.129485e+00 2.580306e+01
      vertex   -3.565356e-09 -4.621418e+00 2.705929e+01
      vertex   -1.724345e-09 -5.229977e+00 2.580306e+01
    endloop
  endfacet
  facet normal 8.829216e-02 -8.964451e-01 4.342703e-01
    outer loop
      vertex   1.020318e+00 -5.129485e+00 2.580306e+01
      vertex   9.015942e-01 -4.532618e+00 2.705929e+01
      vertex   -3.565356e-09 -4.621418e+00 2.705929e+01
    endloop
  endfacet
  facet normal -2.911579e-01 -2.867644e-02 -9.562451e-01
    outer loop
      vertex   4.364853e+00 -1.387166e-06 -3.331393e-01
      vertex   3.056823e+00 6.080387e-01 4.689574e-02
      vertex   4.280984e+00 8.515391e-01 -3.331393e-01
    endloop
  endfacet
  facet normal -2.911580e-01 -2.867663e-02 -9.562451e-01
    outer loop
      vertex   4.364853e+00 -1.387166e-06 -3.331393e-01
      vertex   3.116710e+00 -1.347158e-06 4.689574e-02
      vertex   3.056823e+00 6.080387e-01 4.689574e-02
    endloop
  endfacet
  facet normal -1.856009e-01 2.261556e-01 -9.562458e-01
    outer loop
      vertex   2.424982e+00 -3.629244e+00 -3.331363e-01
      vertex   2.203847e+00 -2.203849e+00 4.689574e-02
      vertex   3.086417e+00 -3.086419e+00 -3.331363e-01
    endloop
  endfacet
  facet normal -1.856011e-01 2.261556e-01 -9.562457e-01
    outer loop
      vertex   2.424982e+00 -3.629244e+00 -3.331363e-01
      vertex   1.731552e+00 -2.591451e+00 4.689574e-02
      vertex   2.203847e+00 -2.203849e+00 4.689574e-02
    endloop
  endfacet
  facet normal 4.246258e-01 -7.944192e-01 4.342706e-01
    outer loop
      vertex   2.905621e+00 -4.348567e+00 2.580306e+01
      vertex   1.768541e+00 -4.269633e+00 2.705929e+01
      vertex   2.001426e+00 -4.831869e+00 2.580306e+01
    endloop
  endfacet
  facet normal 4.246257e-01 -7.944194e-01 4.342705e-01
    outer loop
      vertex   2.905621e+00 -4.348567e+00 2.580306e+01
      vertex   2.567523e+00 -3.842568e+00 2.705929e+01
      vertex   1.768541e+00 -4.269633e+00 2.705929e+01
    endloop
  endfacet
  facet normal 2.666111e-01 8.789000e-01 -3.955418e-01
    outer loop
      vertex   2.197606e+00 5.305488e+00 2.725518e-01
      vertex   1.084541e+00 5.452356e+00 -1.513565e-01
      vertex   1.120330e+00 5.632276e+00 2.725518e-01
    endloop
  endfacet
  facet normal 2.666111e-01 8.788999e-01 -3.955419e-01
    outer loop
      vertex   2.197606e+00 5.305488e+00 2.725518e-01
      vertex   2.127404e+00 5.136007e+00 -1.513565e-01
      vertex   1.084541e+00 5.452356e+00 -1.513565e-01
    endloop
  endfacet
  facet normal -8.828987e-02 8.964454e-01 4.342701e-01
    outer loop
      vertex   -1.020318e+00 5.129487e+00 2.580306e+01
      vertex   -3.565356e-09 4.621420e+00 2.705928e+01
      vertex   -1.724345e-09 5.229980e+00 2.580306e+01
    endloop
  endfacet
  facet normal -8.829239e-02 8.964444e-01 4.342717e-01
    outer loop
      vertex   -1.020318e+00 5.129487e+00 2.580306e+01
      vertex   -9.015942e-01 4.532621e+00 2.705928e+01
      vertex   -3.565356e-09 4.621420e+00 2.705928e+01
    endloop
  endfacet
  facet normal 8.964447e-01 -8.829233e-02 4.342710e-01
    outer loop
      vertex   5.229979e+00 1.238296e-06 2.580306e+01
      vertex   4.532619e+00 -9.015928e-01 2.705928e+01
      vertex   5.129486e+00 -1.020317e+00 2.580306e+01
    endloop
  endfacet
  facet normal 8.964447e-01 -8.829242e-02 4.342710e-01
    outer loop
      vertex   5.229979e+00 1.238296e-06 2.580306e+01
      vertex   4.621419e+00 1.361100e-06 2.705928e+01
      vertex   4.532619e+00 -9.015928e-01 2.705928e+01
    endloop
  endfacet
  facet normal 2.911580e-01 -2.867645e-02 -9.562451e-01
    outer loop
      vertex   -4.280984e+00 8.515391e-01 -3.331393e-01
      vertex   -3.116710e+00 -1.347158e-06 4.689574e-02
      vertex   -4.364853e+00 -1.387166e-06 -3.331393e-01
    endloop
  endfacet
  facet normal 2.911579e-01 -2.867662e-02 -9.562451e-01
    outer loop
      vertex   -4.280984e+00 8.515391e-01 -3.331393e-01
      vertex   -3.056823e+00 6.080387e-01 4.689574e-02
      vertex   -3.116710e+00 -1.347158e-06 4.689574e-02
    endloop
  endfacet
  facet normal 2.614832e-01 8.619948e-01 4.342713e-01
    outer loop
      vertex   1.020318e+00 5.129487e+00 2.580306e+01
      vertex   1.768541e+00 4.269636e+00 2.705928e+01
      vertex   2.001426e+00 4.831871e+00 2.580306e+01
    endloop
  endfacet
  facet normal 2.614826e-01 8.619948e-01 4.342717e-01
    outer loop
      vertex   1.020318e+00 5.129487e+00 2.580306e+01
      vertex   9.015942e-01 4.532621e+00 2.705928e+01
      vertex   1.768541e+00 4.269636e+00 2.705928e+01
    endloop
  endfacet
  facet normal 8.619950e-01 2.614830e-01 4.342710e-01
    outer loop
      vertex   4.831870e+00 2.001428e+00 2.580306e+01
      vertex   4.532619e+00 9.015954e-01 2.705928e+01
      vertex   5.129486e+00 1.020319e+00 2.580306e+01
    endloop
  endfacet
  facet normal 8.619942e-01 2.614842e-01 4.342719e-01
    outer loop
      vertex   4.831870e+00 2.001428e+00 2.580306e+01
      vertex   4.269634e+00 1.768542e+00 2.705928e+01
      vertex   4.532619e+00 9.015954e-01 2.705928e+01
    endloop
  endfacet
  facet normal -5.714501e-01 -6.963144e-01 4.342706e-01
    outer loop
      vertex   -2.905621e+00 -4.348567e+00 2.580306e+01
      vertex   -3.267837e+00 -3.267835e+00 2.705929e+01
      vertex   -3.698153e+00 -3.698153e+00 2.580306e+01
    endloop
  endfacet
  facet normal -5.714503e-01 -6.963144e-01 4.342705e-01
    outer loop
      vertex   -2.905621e+00 -4.348567e+00 2.580306e+01
      vertex   -2.567523e+00 -3.842568e+00 2.705929e+01
      vertex   -3.267837e+00 -3.267835e+00 2.705929e+01
    endloop
  endfacet
  facet normal -2.614832e-01 8.619946e-01 4.342717e-01
    outer loop
      vertex   -2.001426e+00 4.831871e+00 2.580306e+01
      vertex   -9.015942e-01 4.532621e+00 2.705928e+01
      vertex   -1.020318e+00 5.129487e+00 2.580306e+01
    endloop
  endfacet
  facet normal -2.614826e-01 8.619950e-01 4.342713e-01
    outer loop
      vertex   -2.001426e+00 4.831871e+00 2.580306e+01
      vertex   -1.768541e+00 4.269636e+00 2.705928e+01
      vertex   -9.015942e-01 4.532621e+00 2.705928e+01
    endloop
  endfacet
  facet normal 7.944188e-01 4.246255e-01 4.342718e-01
    outer loop
      vertex   4.348569e+00 2.905622e+00 2.580306e+01
      vertex   4.269634e+00 1.768542e+00 2.705928e+01
      vertex   4.831870e+00 2.001428e+00 2.580306e+01
    endloop
  endfacet
  facet normal 7.944185e-01 4.246257e-01 4.342721e-01
    outer loop
      vertex   4.348569e+00 2.905622e+00 2.580306e+01
      vertex   3.842569e+00 2.567524e+00 2.705928e+01
      vertex   4.269634e+00 1.768542e+00 2.705928e+01
    endloop
  endfacet
  facet normal 5.714498e-01 6.963140e-01 4.342718e-01
    outer loop
      vertex   2.905621e+00 4.348570e+00 2.580306e+01
      vertex   3.267837e+00 3.267838e+00 2.705928e+01
      vertex   3.698153e+00 3.698155e+00 2.580306e+01
    endloop
  endfacet
  facet normal 5.714497e-01 6.963140e-01 4.342719e-01
    outer loop
      vertex   2.905621e+00 4.348570e+00 2.580306e+01
      vertex   2.567523e+00 3.842570e+00 2.705928e+01
      vertex   3.267837e+00 3.267838e+00 2.705928e+01
    endloop
  endfacet
  facet normal -2.580208e-01 -1.379152e-01 -9.562451e-01
    outer loop
      vertex   4.032598e+00 1.670355e+00 -3.331393e-01
      vertex   2.591450e+00 1.731550e+00 4.689574e-02
      vertex   3.629242e+00 2.424981e+00 -3.331393e-01
    endloop
  endfacet
  facet normal -2.580208e-01 -1.379150e-01 -9.562451e-01
    outer loop
      vertex   4.032598e+00 1.670355e+00 -3.331393e-01
      vertex   2.879465e+00 1.192712e+00 4.689574e-02
      vertex   2.591450e+00 1.731550e+00 4.689574e-02
    endloop
  endfacet
  facet normal -5.714498e-01 6.963140e-01 4.342719e-01
    outer loop
      vertex   -3.698153e+00 3.698155e+00 2.580306e+01
      vertex   -2.567523e+00 3.842570e+00 2.705928e+01
      vertex   -2.905621e+00 4.348570e+00 2.580306e+01
    endloop
  endfacet
  facet normal -5.714497e-01 6.963140e-01 4.342718e-01
    outer loop
      vertex   -3.698153e+00 3.698155e+00 2.580306e+01
      vertex   -3.267837e+00 3.267838e+00 2.705928e+01
      vertex   -2.567523e+00 3.842570e+00 2.705928e+01
    endloop
  endfacet
  facet normal 6.963138e-01 5.714499e-01 4.342720e-01
    outer loop
      vertex   3.698153e+00 3.698155e+00 2.580306e+01
      vertex   3.842569e+00 2.567524e+00 2.705928e+01
      vertex   4.348569e+00 2.905622e+00 2.580306e+01
    endloop
  endfacet
  facet normal 6.963141e-01 5.714497e-01 4.342718e-01
    outer loop
      vertex   3.698153e+00 3.698155e+00 2.580306e+01
      vertex   3.267837e+00 3.267838e+00 2.705928e+01
      vertex   3.842569e+00 2.567524e+00 2.705928e+01
    endloop
  endfacet
  facet normal 8.828980e-02 8.964447e-01 4.342716e-01
    outer loop
      vertex   -1.724345e-09 5.229980e+00 2.580306e+01
      vertex   9.015942e-01 4.532621e+00 2.705928e+01
      vertex   1.020318e+00 5.129487e+00 2.580306e+01
    endloop
  endfacet
  facet normal 8.829247e-02 8.964452e-01 4.342700e-01
    outer loop
      vertex   -1.724345e-09 5.229980e+00 2.580306e+01
      vertex   -3.565356e-09 4.621420e+00 2.705928e+01
      vertex   9.015942e-01 4.532621e+00 2.705928e+01
    endloop
  endfacet
  facet normal -8.619946e-01 2.614829e-01 4.342718e-01
    outer loop
      vertex   -5.129486e+00 1.020319e+00 2.580306e+01
      vertex   -4.269634e+00 1.768542e+00 2.705928e+01
      vertex   -4.831870e+00 2.001428e+00 2.580306e+01
    endloop
  endfacet
  facet normal -8.619946e-01 2.614843e-01 4.342710e-01
    outer loop
      vertex   -5.129486e+00 1.020319e+00 2.580306e+01
      vertex   -4.532619e+00 9.015954e-01 2.705928e+01
      vertex   -4.269634e+00 1.768542e+00 2.705928e+01
    endloop
  endfacet
  facet normal 1.876024e-02 -1.876156e-02 9.996480e-01
    outer loop
      vertex   1.772839e+00 -2.653241e+00 1.260335e+00
      vertex   2.653238e+00 -1.772839e+00 1.260337e+00
      vertex   2.073380e+00 -2.036089e+00 1.266278e+00
    endloop
  endfacet
  facet normal 6.196874e-06 -7.550896e-06 1.000000e+00
    outer loop
      vertex   1.772839e+00 -2.653241e+00 1.260335e+00
      vertex   2.256394e+00 -2.256396e+00 1.260335e+00
      vertex   2.653238e+00 -1.772839e+00 1.260337e+00
    endloop
  endfacet
  facet normal 3.544212e-03 -9.827198e-03 9.999454e-01
    outer loop
      vertex   1.221152e+00 -2.948123e+00 1.260335e+00
      vertex   2.073380e+00 -2.036089e+00 1.266278e+00
      vertex   1.445928e+00 -2.262382e+00 1.266278e+00
    endloop
  endfacet
  facet normal 6.957214e-03 -1.301604e-02 9.998911e-01
    outer loop
      vertex   1.221152e+00 -2.948123e+00 1.260335e+00
      vertex   1.772839e+00 -2.653241e+00 1.260335e+00
      vertex   2.073380e+00 -2.036089e+00 1.266278e+00
    endloop
  endfacet
  facet normal 1.671474e-03 -8.438138e-03 9.999630e-01
    outer loop
      vertex   6.225380e-01 -3.129711e+00 1.260335e+00
      vertex   1.445928e+00 -2.262382e+00 1.266278e+00
      vertex   7.424454e-01 -2.401732e+00 1.266278e+00
    endloop
  endfacet
  facet normal 2.918881e-03 -9.622258e-03 9.999494e-01
    outer loop
      vertex   6.225380e-01 -3.129711e+00 1.260335e+00
      vertex   1.221152e+00 -2.948123e+00 1.260335e+00
      vertex   1.445928e+00 -2.262382e+00 1.266278e+00
    endloop
  endfacet
  facet normal 5.090954e-04 -8.007623e-03 9.999678e-01
    outer loop
      vertex   1.065445e-08 -3.191026e+00 1.260335e+00
      vertex   7.424454e-01 -2.401732e+00 1.266278e+00
      vertex   1.253292e-08 -2.448785e+00 1.266279e+00
    endloop
  endfacet
  facet normal 8.172325e-04 -8.297452e-03 9.999652e-01
    outer loop
      vertex   1.065445e-08 -3.191026e+00 1.260335e+00
      vertex   6.225380e-01 -3.129711e+00 1.260335e+00
      vertex   7.424454e-01 -2.401732e+00 1.266278e+00
    endloop
  endfacet
  facet normal -5.228875e-04 -8.250606e-03 9.999658e-01
    outer loop
      vertex   -6.225382e-01 -3.129711e+00 1.260335e+00
      vertex   1.253292e-08 -2.448785e+00 1.266279e+00
      vertex   -7.424452e-01 -2.401732e+00 1.266279e+00
    endloop
  endfacet
  facet normal -7.886786e-04 -8.007622e-03 9.999676e-01
    outer loop
      vertex   -6.225382e-01 -3.129711e+00 1.260335e+00
      vertex   1.065445e-08 -3.191026e+00 1.260335e+00
      vertex   1.253292e-08 -2.448785e+00 1.266279e+00
    endloop
  endfacet
  facet normal -1.836073e-03 -9.269118e-03 9.999554e-01
    outer loop
      vertex   -1.221153e+00 -2.948124e+00 1.260335e+00
      vertex   -7.424452e-01 -2.401732e+00 1.266279e+00
      vertex   -1.445928e+00 -2.262383e+00 1.266279e+00
    endloop
  endfacet
  facet normal -2.606905e-03 -8.593819e-03 9.999597e-01
    outer loop
      vertex   -1.221153e+00 -2.948124e+00 1.260335e+00
      vertex   -6.225382e-01 -3.129711e+00 1.260335e+00
      vertex   -7.424452e-01 -2.401732e+00 1.266279e+00
    endloop
  endfacet
  facet normal -4.213133e-03 -1.168198e-02 9.999229e-01
    outer loop
      vertex   -1.772839e+00 -2.653241e+00 1.260335e+00
      vertex   -1.445928e+00 -2.262383e+00 1.266279e+00
      vertex   -2.073380e+00 -2.036091e+00 1.266279e+00
    endloop
  endfacet
  facet normal -5.616715e-03 -1.050813e-02 9.999290e-01
    outer loop
      vertex   -1.772839e+00 -2.653241e+00 1.260335e+00
      vertex   -1.221153e+00 -2.948124e+00 1.260335e+00
      vertex   -1.445928e+00 -2.262383e+00 1.266279e+00
    endloop
  endfacet
  facet normal -1.633192e-02 -1.340086e-02 9.997768e-01
    outer loop
      vertex   -2.256393e+00 -2.256397e+00 1.260337e+00
      vertex   -2.073380e+00 -2.036091e+00 1.266279e+00
      vertex   -2.653240e+00 -1.772840e+00 1.260335e+00
    endloop
  endfacet
  facet normal -1.315884e-02 -1.603704e-02 9.997848e-01
    outer loop
      vertex   -2.256393e+00 -2.256397e+00 1.260337e+00
      vertex   -1.772839e+00 -2.653241e+00 1.260335e+00
      vertex   -2.073380e+00 -2.036091e+00 1.266279e+00
    endloop
  endfacet
  facet normal 1.084122e-02 -4.342310e-03 9.999318e-01
    outer loop
      vertex   2.073380e+00 -2.036089e+00 1.266278e+00
      vertex   2.948122e+00 -1.221154e+00 1.260333e+00
      vertex   2.327382e+00 -1.402484e+00 1.266276e+00
    endloop
  endfacet
  facet normal 1.352389e-02 -7.222220e-03 9.998825e-01
    outer loop
      vertex   2.073380e+00 -2.036089e+00 1.266278e+00
      vertex   2.653238e+00 -1.772839e+00 1.260337e+00
      vertex   2.948122e+00 -1.221154e+00 1.260333e+00
    endloop
  endfacet
  facet normal -8.100527e-07 3.602998e-06 1.000000e+00
    outer loop
      vertex   1.445928e+00 -2.262382e+00 1.266278e+00
      vertex   2.327382e+00 -1.402484e+00 1.266276e+00
      vertex   1.634083e+00 -1.558357e+00 1.266276e+00
    endloop
  endfacet
  facet normal -1.586471e-06 4.398879e-06 1.000000e+00
    outer loop
      vertex   1.445928e+00 -2.262382e+00 1.266278e+00
      vertex   2.073380e+00 -2.036089e+00 1.266278e+00
      vertex   2.327382e+00 -1.402484e+00 1.266276e+00
    endloop
  endfacet
  facet normal 3.060815e-06 -4.090134e-07 1.000000e+00
    outer loop
      vertex   7.424454e-01 -2.401732e+00 1.266278e+00
      vertex   1.634083e+00 -1.558357e+00 1.266276e+00
      vertex   8.423182e-01 -1.654343e+00 1.266278e+00
    endloop
  endfacet
  facet normal -7.083165e-07 3.575808e-06 1.000000e+00
    outer loop
      vertex   7.424454e-01 -2.401732e+00 1.266278e+00
      vertex   1.445928e+00 -2.262382e+00 1.266278e+00
      vertex   1.634083e+00 -1.558357e+00 1.266276e+00
    endloop
  endfacet
  facet normal -6.019275e-08 1.564361e-06 1.000000e+00
    outer loop
      vertex   1.253292e-08 -2.448785e+00 1.266279e+00
      vertex   8.423182e-01 -1.654343e+00 1.266278e+00
      vertex   1.178092e-07 -1.686753e+00 1.266278e+00
    endloop
  endfacet
  facet normal 1.619344e-06 -2.163912e-07 1.000000e+00
    outer loop
      vertex   1.253292e-08 -2.448785e+00 1.266279e+00
      vertex   7.424454e-01 -2.401732e+00 1.266278e+00
      vertex   8.423182e-01 -1.654343e+00 1.266278e+00
    endloop
  endfacet
  facet normal 6.168982e-08 1.603252e-06 1.000000e+00
    outer loop
      vertex   -7.424452e-01 -2.401732e+00 1.266279e+00
      vertex   1.178092e-07 -1.686753e+00 1.266278e+00
      vertex   -8.423173e-01 -1.654342e+00 1.266278e+00
    endloop
  endfacet
  facet normal 9.914240e-08 1.564361e-06 1.000000e+00
    outer loop
      vertex   -7.424452e-01 -2.401732e+00 1.266279e+00
      vertex   1.253292e-08 -2.448785e+00 1.266279e+00
      vertex   1.178092e-07 -1.686753e+00 1.266278e+00
    endloop
  endfacet
  facet normal 2.121466e-07 1.749949e-06 1.000000e+00
    outer loop
      vertex   -1.445928e+00 -2.262383e+00 1.266279e+00
      vertex   -8.423173e-01 -1.654342e+00 1.266278e+00
      vertex   -1.634082e+00 -1.558357e+00 1.266278e+00
    endloop
  endfacet
  facet normal 3.245377e-07 1.638376e-06 1.000000e+00
    outer loop
      vertex   -1.445928e+00 -2.262383e+00 1.266279e+00
      vertex   -7.424452e-01 -2.401732e+00 1.266279e+00
      vertex   -8.423173e-01 -1.654342e+00 1.266278e+00
    endloop
  endfacet
  facet normal 1.889769e-06 7.575810e-07 1.000000e+00
    outer loop
      vertex   -2.073380e+00 -2.036091e+00 1.266279e+00
      vertex   -1.634082e+00 -1.558357e+00 1.266278e+00
      vertex   -2.327383e+00 -1.402484e+00 1.266279e+00
    endloop
  endfacet
  facet normal 6.758141e-07 1.873866e-06 1.000000e+00
    outer loop
      vertex   -2.073380e+00 -2.036091e+00 1.266279e+00
      vertex   -1.445928e+00 -2.262383e+00 1.266279e+00
      vertex   -1.634082e+00 -1.558357e+00 1.266278e+00
    endloop
  endfacet
  facet normal -1.134919e-02 -6.061938e-03 9.999172e-01
    outer loop
      vertex   -2.653240e+00 -1.772840e+00 1.260335e+00
      vertex   -2.327383e+00 -1.402484e+00 1.266279e+00
      vertex   -2.948122e+00 -1.221154e+00 1.260333e+00
    endloop
  endfacet
  facet normal -1.252982e-02 -5.023025e-03 9.999089e-01
    outer loop
      vertex   -2.653240e+00 -1.772840e+00 1.260335e+00
      vertex   -2.073380e+00 -2.036091e+00 1.266279e+00
      vertex   -2.327383e+00 -1.402484e+00 1.266279e+00
    endloop
  endfacet
  facet normal 9.513824e-03 -2.167976e-03 9.999524e-01
    outer loop
      vertex   2.327382e+00 -1.402484e+00 1.266276e+00
      vertex   3.129710e+00 -6.225394e-01 1.260333e+00
      vertex   2.483797e+00 -7.149812e-01 1.266278e+00
    endloop
  endfacet
  facet normal 1.050358e-02 -3.186231e-03 9.999398e-01
    outer loop
      vertex   2.327382e+00 -1.402484e+00 1.266276e+00
      vertex   2.948122e+00 -1.221154e+00 1.260333e+00
      vertex   3.129710e+00 -6.225394e-01 1.260333e+00
    endloop
  endfacet
  facet normal 3.435954e-07 -3.173134e-06 1.000000e+00
    outer loop
      vertex   1.634083e+00 -1.558357e+00 1.266276e+00
      vertex   2.483797e+00 -7.149812e-01 1.266278e+00
      vertex   1.749948e+00 -7.944444e-01 1.266278e+00
    endloop
  endfacet
  facet normal 8.217084e-07 -3.654841e-06 1.000000e+00
    outer loop
      vertex   1.634083e+00 -1.558357e+00 1.266276e+00
      vertex   2.327382e+00 -1.402484e+00 1.266276e+00
      vertex   2.483797e+00 -7.149812e-01 1.266278e+00
    endloop
  endfacet
  facet normal 0.000000e+00 0.000000e+00 1.000000e+00
    outer loop
      vertex   8.423182e-01 -1.654343e+00 1.266278e+00
      vertex   1.749948e+00 -7.944444e-01 1.266278e+00
      vertex   9.038182e-01 -8.433771e-01 1.266278e+00
    endloop
  endfacet
  facet normal 3.453086e-06 -3.644759e-06 1.000000e+00
    outer loop
      vertex   8.423182e-01 -1.654343e+00 1.266278e+00
      vertex   1.634083e+00 -1.558357e+00 1.266276e+00
      vertex   1.749948e+00 -7.944444e-01 1.266278e+00
    endloop
  endfacet
  facet normal 0.000000e+00 -0.000000e+00 1.000000e+00
    outer loop
      vertex   1.178092e-07 -1.686753e+00 1.266278e+00
      vertex   9.038182e-01 -8.433771e-01 1.266278e+00
      vertex   4.762499e-08 -8.598997e-01 1.266278e+00
    endloop
  endfacet
  facet normal 0.000000e+00 0.000000e+00 1.000000e+00
    outer loop
      vertex   1.178092e-07 -1.686753e+00 1.266278e+00
      vertex   8.423182e-01 -1.654343e+00 1.266278e+00
      vertex   9.038182e-01 -8.433771e-01 1.266278e+00
    endloop
  endfacet
  facet normal 0.000000e+00 -0.000000e+00 1.000000e+00
    outer loop
      vertex   -8.423173e-01 -1.654342e+00 1.266278e+00
      vertex   4.762499e-08 -8.598997e-01 1.266278e+00
      vertex   -9.038178e-01 -8.433769e-01 1.266278e+00
    endloop
  endfacet
  facet normal -0.000000e+00 0.000000e+00 1.000000e+00
    outer loop
      vertex   -8.423173e-01 -1.654342e+00 1.266278e+00
      vertex   1.178092e-07 -1.686753e+00 1.266278e+00
      vertex   4.762499e-08 -8.598997e-01 1.266278e+00
    endloop
  endfacet
  facet normal 0.000000e+00 -0.000000e+00 1.000000e+00
    outer loop
      vertex   -1.634082e+00 -1.558357e+00 1.266278e+00
      vertex   -9.038178e-01 -8.433769e-01 1.266278e+00
      vertex   -1.749947e+00 -7.944438e-01 1.266278e+00
    endloop
  endfacet
  facet normal -0.000000e+00 0.000000e+00 1.000000e+00
    outer loop
      vertex   -1.634082e+00 -1.558357e+00 1.266278e+00
      vertex   -8.423173e-01 -1.654342e+00 1.266278e+00
      vertex   -9.038178e-01 -8.433769e-01 1.266278e+00
    endloop
  endfacet
  facet normal 1.924988e-07 1.777740e-06 1.000000e+00
    outer loop
      vertex   -2.327383e+00 -1.402484e+00 1.266279e+00
      vertex   -1.749947e+00 -7.944438e-01 1.266278e+00
      vertex   -2.483797e+00 -7.149804e-01 1.266278e+00
    endloop
  endfacet
  facet normal 1.780148e-06 2.700009e-07 1.000000e+00
    outer loop
      vertex   -2.327383e+00 -1.402484e+00 1.266279e+00
      vertex   -1.634082e+00 -1.558357e+00 1.266278e+00
      vertex   -1.749947e+00 -7.944438e-01 1.266278e+00
    endloop
  endfacet
  facet normal -9.621210e-03 -2.918562e-03 9.999495e-01
    outer loop
      vertex   -2.948122e+00 -1.221154e+00 1.260333e+00
      vertex   -2.483797e+00 -7.149804e-01 1.266278e+00
      vertex   -3.129710e+00 -6.225393e-01 1.260333e+00
    endloop
  endfacet
  facet normal -1.026001e-02 -2.332517e-03 9.999446e-01
    outer loop
      vertex   -2.948122e+00 -1.221154e+00 1.260333e+00
      vertex   -2.327383e+00 -1.402484e+00 1.266279e+00
      vertex   -2.483797e+00 -7.149804e-01 1.266278e+00
    endloop
  endfacet
  facet normal 9.084065e-03 -6.710337e-04 9.999585e-01
    outer loop
      vertex   2.483797e+00 -7.149812e-01 1.266278e+00
      vertex   3.191024e+00 -1.224980e-06 1.260333e+00
      vertex   2.536612e+00 -1.221283e-06 1.266278e+00
    endloop
  endfacet
  facet normal 9.335168e-03 -9.194345e-04 9.999560e-01
    outer loop
      vertex   2.483797e+00 -7.149812e-01 1.266278e+00
      vertex   3.129710e+00 -6.225394e-01 1.260333e+00
      vertex   3.191024e+00 -1.224980e-06 1.260333e+00
    endloop
  endfacet
  facet normal 0.000000e+00 0.000000e+00 1.000000e+00
    outer loop
      vertex   1.749948e+00 -7.944444e-01 1.266278e+00
      vertex   2.536612e+00 -1.221283e-06 1.266278e+00
      vertex   1.789070e+00 -1.281720e-06 1.266278e+00
    endloop
  endfacet
  facet normal 0.000000e+00 0.000000e+00 1.000000e+00
    outer loop
      vertex   1.749948e+00 -7.944444e-01 1.266278e+00
      vertex   2.483797e+00 -7.149812e-01 1.266278e+00
      vertex   2.536612e+00 -1.221283e-06 1.266278e+00
    endloop
  endfacet
  facet normal 0.000000e+00 0.000000e+00 1.000000e+00
    outer loop
      vertex   9.038182e-01 -8.433771e-01 1.266278e+00
      vertex   1.789070e+00 -1.281720e-06 1.266278e+00
      vertex   9.245842e-01 -1.406928e-06 1.266278e+00
    endloop
  endfacet
  facet normal 0.000000e+00 0.000000e+00 1.000000e+00
    outer loop
      vertex   9.038182e-01 -8.433771e-01 1.266278e+00
      vertex   1.749948e+00 -7.944444e-01 1.266278e+00
      vertex   1.789070e+00 -1.281720e-06 1.266278e+00
    endloop
  endfacet
  facet normal 0.000000e+00 -0.000000e+00 1.000000e+00
    outer loop
      vertex   4.762499e-08 -8.598997e-01 1.266278e+00
      vertex   9.245842e-01 -1.406928e-06 1.266278e+00
      vertex   -2.255920e-08 -1.469729e-06 1.266278e+00
    endloop
  endfacet
  facet normal 0.000000e+00 0.000000e+00 1.000000e+00
    outer loop
      vertex   4.762499e-08 -8.598997e-01 1.266278e+00
      vertex   9.038182e-01 -8.433771e-01 1.266278e+00
      vertex   9.245842e-01 -1.406928e-06 1.266278e+00
    endloop
  endfacet
  facet normal 0.000000e+00 -0.000000e+00 1.000000e+00
    outer loop
      vertex   -9.038178e-01 -8.433769e-01 1.266278e+00
      vertex   -2.255920e-08 -1.469729e-06 1.266278e+00
      vertex   -9.245842e-01 -1.542861e-06 1.266278e+00
    endloop
  endfacet
  facet normal -0.000000e+00 0.000000e+00 1.000000e+00
    outer loop
      vertex   -9.038178e-01 -8.433769e-01 1.266278e+00
      vertex   4.762499e-08 -8.598997e-01 1.266278e+00
      vertex   -2.255920e-08 -1.469729e-06 1.266278e+00
    endloop
  endfacet
  facet normal 0.000000e+00 -0.000000e+00 1.000000e+00
    outer loop
      vertex   -1.749947e+00 -7.944438e-01 1.266278e+00
      vertex   -9.245842e-01 -1.542861e-06 1.266278e+00
      vertex   -1.789070e+00 -1.701414e-06 1.266278e+00
    endloop
  endfacet
  facet normal -0.000000e+00 0.000000e+00 1.000000e+00
    outer loop
      vertex   -1.749947e+00 -7.944438e-01 1.266278e+00
      vertex   -9.038178e-01 -8.433769e-01 1.266278e+00
      vertex   -9.245842e-01 -1.542861e-06 1.266278e+00
    endloop
  endfacet
  facet normal 0.000000e+00 -0.000000e+00 1.000000e+00
    outer loop
      vertex   -2.483797e+00 -7.149804e-01 1.266278e+00
      vertex   -1.789070e+00 -1.701414e-06 1.266278e+00
      vertex   -2.536612e+00 -1.641578e-06 1.266278e+00
    endloop
  endfacet
  facet normal -0.000000e+00 0.000000e+00 1.000000e+00
    outer loop
      vertex   -2.483797e+00 -7.149804e-01 1.266278e+00
      vertex   -1.749947e+00 -7.944438e-01 1.266278e+00
      vertex   -1.789070e+00 -1.701414e-06 1.266278e+00
    endloop
  endfacet
  facet normal -9.084060e-03 -8.947072e-04 9.999583e-01
    outer loop
      vertex   -3.129710e+00 -6.225393e-01 1.260333e+00
      vertex   -2.536612e+00 -1.641578e-06 1.266278e+00
      vertex   -3.191025e+00 -1.361995e-06 1.260333e+00
    endloop
  endfacet
  facet normal -9.301919e-03 -6.871333e-04 9.999565e-01
    outer loop
      vertex   -3.129710e+00 -6.225393e-01 1.260333e+00
      vertex   -2.483797e+00 -7.149804e-01 1.266278e+00
      vertex   -2.536612e+00 -1.641578e-06 1.266278e+00
    endloop
  endfacet
  facet normal 9.301920e-03 6.871323e-04 9.999565e-01
    outer loop
      vertex   2.536612e+00 -1.221283e-06 1.266278e+00
      vertex   3.129710e+00 6.225369e-01 1.260333e+00
      vertex   2.483797e+00 7.149787e-01 1.266278e+00
    endloop
  endfacet
  facet normal 9.084064e-03 8.947029e-04 9.999583e-01
    outer loop
      vertex   2.536612e+00 -1.221283e-06 1.266278e+00
      vertex   3.191024e+00 -1.224980e-06 1.260333e+00
      vertex   3.129710e+00 6.225369e-01 1.260333e+00
    endloop
  endfacet
  facet normal 0.000000e+00 -0.000000e+00 1.000000e+00
    outer loop
      vertex   1.789070e+00 -1.281720e-06 1.266278e+00
      vertex   2.483797e+00 7.149787e-01 1.266278e+00
      vertex   1.749948e+00 7.944419e-01 1.266278e+00
    endloop
  endfacet
  facet normal 0.000000e+00 0.000000e+00 1.000000e+00
    outer loop
      vertex   1.789070e+00 -1.281720e-06 1.266278e+00
      vertex   2.536612e+00 -1.221283e-06 1.266278e+00
      vertex   2.483797e+00 7.149787e-01 1.266278e+00
    endloop
  endfacet
  facet normal 1.329027e-06 -1.380753e-06 1.000000e+00
    outer loop
      vertex   9.245842e-01 -1.406928e-06 1.266278e+00
      vertex   1.749948e+00 7.944419e-01 1.266278e+00
      vertex   9.038184e-01 8.433748e-01 1.266279e+00
    endloop
  endfacet
  facet normal 0.000000e+00 0.000000e+00 1.000000e+00
    outer loop
      vertex   9.245842e-01 -1.406928e-06 1.266278e+00
      vertex   1.789070e+00 -1.281720e-06 1.266278e+00
      vertex   1.749948e+00 7.944419e-01 1.266278e+00
    endloop
  endfacet
  facet normal -2.534282e-08 -1.386318e-06 1.000000e+00
    outer loop
      vertex   -2.255920e-08 -1.469729e-06 1.266278e+00
      vertex   9.038184e-01 8.433748e-01 1.266279e+00
      vertex   4.762498e-08 8.598972e-01 1.266279e+00
    endloop
  endfacet
  facet normal 9.600858e-14 -1.413477e-06 1.000000e+00
    outer loop
      vertex   -2.255920e-08 -1.469729e-06 1.266278e+00
      vertex   9.245842e-01 -1.406928e-06 1.266278e+00
      vertex   9.038184e-01 8.433748e-01 1.266279e+00
    endloop
  endfacet
  facet normal 2.585131e-08 -1.414114e-06 1.000000e+00
    outer loop
      vertex   -9.245842e-01 -1.542861e-06 1.266278e+00
      vertex   4.762498e-08 8.598972e-01 1.266279e+00
      vertex   -9.038178e-01 8.433746e-01 1.266279e+00
    endloop
  endfacet
  facet normal 1.096537e-13 -1.386318e-06 1.000000e+00
    outer loop
      vertex   -9.245842e-01 -1.542861e-06 1.266278e+00
      vertex   -2.255920e-08 -1.469729e-06 1.266278e+00
      vertex   4.762498e-08 8.598972e-01 1.266279e+00
    endloop
  endfacet
  facet normal 8.702676e-08 -1.504825e-06 1.000000e+00
    outer loop
      vertex   -1.789070e+00 -1.701414e-06 1.266278e+00
      vertex   -9.038178e-01 8.433746e-01 1.266279e+00
      vertex   -1.749947e+00 7.944414e-01 1.266279e+00
    endloop
  endfacet
  facet normal 2.592421e-13 -1.413477e-06 1.000000e+00
    outer loop
      vertex   -1.789070e+00 -1.701414e-06 1.266278e+00
      vertex   -9.245842e-01 -1.542861e-06 1.266278e+00
      vertex   -9.038178e-01 8.433746e-01 1.266279e+00
    endloop
  endfacet
  facet normal 1.819966e-07 -1.680754e-06 1.000000e+00
    outer loop
      vertex   -2.536612e+00 -1.641578e-06 1.266278e+00
      vertex   -1.749947e+00 7.944414e-01 1.266279e+00
      vertex   -2.483798e+00 7.149781e-01 1.266279e+00
    endloop
  endfacet
  facet normal -1.201088e-13 -1.500539e-06 1.000000e+00
    outer loop
      vertex   -2.536612e+00 -1.641578e-06 1.266278e+00
      vertex   -1.789070e+00 -1.701414e-06 1.266278e+00
      vertex   -1.749947e+00 7.944414e-01 1.266279e+00
    endloop
  endfacet
  facet normal -9.337032e-03 9.196138e-04 9.999560e-01
    outer loop
      vertex   -3.191025e+00 -1.361995e-06 1.260333e+00
      vertex   -2.483798e+00 7.149781e-01 1.266279e+00
      vertex   -3.129710e+00 6.225367e-01 1.260333e+00
    endloop
  endfacet
  facet normal -9.084061e-03 6.693645e-04 9.999585e-01
    outer loop
      vertex   -3.191025e+00 -1.361995e-06 1.260333e+00
      vertex   -2.536612e+00 -1.641578e-06 1.266278e+00
      vertex   -2.483798e+00 7.149781e-01 1.266279e+00
    endloop
  endfacet
  facet normal 1.025547e-02 2.336696e-03 9.999447e-01
    outer loop
      vertex   2.483797e+00 7.149787e-01 1.266278e+00
      vertex   2.948122e+00 1.221151e+00 1.260333e+00
      vertex   2.327383e+00 1.402481e+00 1.266276e+00
    endloop
  endfacet
  facet normal 9.621213e-03 2.918568e-03 9.999495e-01
    outer loop
      vertex   2.483797e+00 7.149787e-01 1.266278e+00
      vertex   3.129710e+00 6.225369e-01 1.260333e+00
      vertex   2.948122e+00 1.221151e+00 1.260333e+00
    endloop
  endfacet
  facet normal 7.264638e-07 3.231205e-06 1.000000e+00
    outer loop
      vertex   1.749948e+00 7.944419e-01 1.266278e+00
      vertex   2.327383e+00 1.402481e+00 1.266276e+00
      vertex   1.634083e+00 1.558354e+00 1.266276e+00
    endloop
  endfacet
  facet normal 3.849980e-07 3.555484e-06 1.000000e+00
    outer loop
      vertex   1.749948e+00 7.944419e-01 1.266278e+00
      vertex   2.483797e+00 7.149787e-01 1.266278e+00
      vertex   2.327383e+00 1.402481e+00 1.266276e+00
    endloop
  endfacet
  facet normal 3.219030e-06 1.714085e-06 1.000000e+00
    outer loop
      vertex   9.038184e-01 8.433748e-01 1.266279e+00
      vertex   1.634083e+00 1.558354e+00 1.266276e+00
      vertex   8.423182e-01 1.654340e+00 1.266278e+00
    endloop
  endfacet
  facet normal 1.603435e-06 3.364219e-06 1.000000e+00
    outer loop
      vertex   9.038184e-01 8.433748e-01 1.266279e+00
      vertex   1.749948e+00 7.944419e-01 1.266278e+00
      vertex   1.634083e+00 1.558354e+00 1.266276e+00
    endloop
  endfacet
  facet normal 5.547440e-08 1.441721e-06 1.000000e+00
    outer loop
      vertex   4.762498e-08 8.598972e-01 1.266279e+00
      vertex   8.423182e-01 1.654340e+00 1.266278e+00
      vertex   1.178092e-07 1.686751e+00 1.266278e+00
    endloop
  endfacet
  facet normal 2.690929e-08 1.472008e-06 1.000000e+00
    outer loop
      vertex   4.762498e-08 8.598972e-01 1.266279e+00
      vertex   9.038184e-01 8.433748e-01 1.266279e+00
      vertex   8.423182e-01 1.654340e+00 1.266278e+00
    endloop
  endfacet
  facet normal -5.672679e-08 1.474269e-06 1.000000e+00
    outer loop
      vertex   -9.038178e-01 8.433746e-01 1.266279e+00
      vertex   1.178092e-07 1.686751e+00 1.266278e+00
      vertex   -8.423173e-01 1.654340e+00 1.266278e+00
    endloop
  endfacet
  facet normal -2.635601e-08 1.441721e-06 1.000000e+00
    outer loop
      vertex   -9.038178e-01 8.433746e-01 1.266279e+00
      vertex   4.762498e-08 8.598972e-01 1.266279e+00
      vertex   1.178092e-07 1.686751e+00 1.266278e+00
    endloop
  endfacet
  facet normal -1.927238e-07 1.589739e-06 1.000000e+00
    outer loop
      vertex   -1.749947e+00 7.944414e-01 1.266279e+00
      vertex   -8.423173e-01 1.654340e+00 1.266278e+00
      vertex   -1.634082e+00 1.558355e+00 1.266278e+00
    endloop
  endfacet
  facet normal -8.538533e-08 1.476442e-06 1.000000e+00
    outer loop
      vertex   -1.749947e+00 7.944414e-01 1.266279e+00
      vertex   -9.038178e-01 8.433746e-01 1.266279e+00
      vertex   -8.423173e-01 1.654340e+00 1.266278e+00
    endloop
  endfacet
  facet normal 1.812134e-06 -4.122782e-07 1.000000e+00
    outer loop
      vertex   -2.483798e+00 7.149781e-01 1.266279e+00
      vertex   -1.634082e+00 1.558355e+00 1.266278e+00
      vertex   -2.327384e+00 1.402482e+00 1.266279e+00
    endloop
  endfacet
  facet normal -1.717975e-07 1.586565e-06 1.000000e+00
    outer loop
      vertex   -2.483798e+00 7.149781e-01 1.266279e+00
      vertex   -1.749947e+00 7.944414e-01 1.266279e+00
      vertex   -1.634082e+00 1.558355e+00 1.266278e+00
    endloop
  endfacet
  facet normal -1.050990e-02 3.188135e-03 9.999397e-01
    outer loop
      vertex   -3.129710e+00 6.225367e-01 1.260333e+00
      vertex   -2.327384e+00 1.402482e+00 1.266279e+00
      vertex   -2.948123e+00 1.221152e+00 1.260333e+00
    endloop
  endfacet
  facet normal -9.515207e-03 2.164803e-03 9.999524e-01
    outer loop
      vertex   -3.129710e+00 6.225367e-01 1.260333e+00
      vertex   -2.483798e+00 7.149781e-01 1.266279e+00
      vertex   -2.327384e+00 1.402482e+00 1.266279e+00
    endloop
  endfacet
  facet normal 1.252735e-02 5.022022e-03 9.999089e-01
    outer loop
      vertex   2.327383e+00 1.402481e+00 1.266276e+00
      vertex   2.653238e+00 1.772837e+00 1.260333e+00
      vertex   2.073380e+00 2.036087e+00 1.266276e+00
    endloop
  endfacet
  facet normal 1.134386e-02 6.063445e-03 9.999173e-01
    outer loop
      vertex   2.327383e+00 1.402481e+00 1.266276e+00
      vertex   2.948122e+00 1.221151e+00 1.260333e+00
      vertex   2.653238e+00 1.772837e+00 1.260333e+00
    endloop
  endfacet
  facet normal 0.000000e+00 -0.000000e+00 1.000000e+00
    outer loop
      vertex   1.634083e+00 1.558354e+00 1.266276e+00
      vertex   2.073380e+00 2.036087e+00 1.266276e+00
      vertex   1.445927e+00 2.262379e+00 1.266276e+00
    endloop
  endfacet
  facet normal -0.000000e+00 0.000000e+00 1.000000e+00
    outer loop
      vertex   1.634083e+00 1.558354e+00 1.266276e+00
      vertex   2.327383e+00 1.402481e+00 1.266276e+00
      vertex   2.073380e+00 2.036087e+00 1.266276e+00
    endloop
  endfacet
  facet normal 6.490805e-07 3.276756e-06 1.000000e+00
    outer loop
      vertex   8.423182e-01 1.654340e+00 1.266278e+00
      vertex   1.445927e+00 2.262379e+00 1.266276e+00
      vertex   7.424452e-01 2.401730e+00 1.266276e+00
    endloop
  endfacet
  facet normal 3.112060e-06 8.317203e-07 1.000000e+00
    outer loop
      vertex   8.423182e-01 1.654340e+00 1.266278e+00
      vertex   1.634083e+00 1.558354e+00 1.266276e+00
      vertex   1.445927e+00 2.262379e+00 1.266276e+00
    endloop
  endfacet
  facet normal 1.982855e-07 3.128723e-06 1.000000e+00
    outer loop
      vertex   1.178092e-07 1.686751e+00 1.266278e+00
      vertex   7.424452e-01 2.401730e+00 1.266276e+00
      vertex   -1.336864e-07 2.448783e+00 1.266276e+00
    endloop
  endfacet
  facet normal 1.233796e-07 3.206507e-06 1.000000e+00
    outer loop
      vertex   1.178092e-07 1.686751e+00 1.266278e+00
      vertex   8.423182e-01 1.654340e+00 1.266278e+00
      vertex   7.424452e-01 2.401730e+00 1.266276e+00
    endloop
  endfacet
  facet normal -2.038971e-07 3.217266e-06 1.000000e+00
    outer loop
      vertex   -8.423173e-01 1.654340e+00 1.266278e+00
      vertex   -1.336864e-07 2.448783e+00 1.266276e+00
      vertex   -7.424451e-01 2.401730e+00 1.266276e+00
    endloop
  endfacet
  facet normal -1.203868e-07 3.128723e-06 1.000000e+00
    outer loop
      vertex   -8.423173e-01 1.654340e+00 1.266278e+00
      vertex   1.178092e-07 1.686751e+00 1.266278e+00
      vertex   -1.336864e-07 2.448783e+00 1.266276e+00
    endloop
  endfacet
  facet normal -7.083165e-07 3.575810e-06 1.000000e+00
    outer loop
      vertex   -1.634082e+00 1.558355e+00 1.266278e+00
      vertex   -7.424451e-01 2.401730e+00 1.266276e+00
      vertex   -1.445927e+00 2.262380e+00 1.266276e+00
    endloop
  endfacet
  facet normal -3.930937e-07 3.242548e-06 1.000000e+00
    outer loop
      vertex   -1.634082e+00 1.558355e+00 1.266278e+00
      vertex   -8.423173e-01 1.654340e+00 1.266278e+00
      vertex   -7.424451e-01 2.401730e+00 1.266276e+00
    endloop
  endfacet
  facet normal -2.379692e-06 6.598314e-06 1.000000e+00
    outer loop
      vertex   -2.327384e+00 1.402482e+00 1.266279e+00
      vertex   -1.445927e+00 2.262380e+00 1.266276e+00
      vertex   -2.073381e+00 2.036088e+00 1.266276e+00
    endloop
  endfacet
  facet normal 1.019313e-06 3.114091e-06 1.000000e+00
    outer loop
      vertex   -2.327384e+00 1.402482e+00 1.266279e+00
      vertex   -1.634082e+00 1.558355e+00 1.266278e+00
      vertex   -1.445927e+00 2.262380e+00 1.266276e+00
    endloop
  endfacet
  facet normal -1.353047e-02 7.232205e-03 9.998823e-01
    outer loop
      vertex   -2.948123e+00 1.221152e+00 1.260333e+00
      vertex   -2.073381e+00 2.036088e+00 1.266276e+00
      vertex   -2.653240e+00 1.772837e+00 1.260333e+00
    endloop
  endfacet
  facet normal -1.085086e-02 4.355589e-03 9.999316e-01
    outer loop
      vertex   -2.948123e+00 1.221152e+00 1.260333e+00
      vertex   -2.327384e+00 1.402482e+00 1.266279e+00
      vertex   -2.073381e+00 2.036088e+00 1.266276e+00
    endloop
  endfacet
  facet normal 1.316027e-02 1.603579e-02 9.997848e-01
    outer loop
      vertex   2.073380e+00 2.036087e+00 1.266276e+00
      vertex   2.256394e+00 2.256393e+00 1.260333e+00
      vertex   1.772838e+00 2.653238e+00 1.260333e+00
    endloop
  endfacet
  facet normal 1.633044e-02 1.340203e-02 9.997768e-01
    outer loop
      vertex   2.073380e+00 2.036087e+00 1.266276e+00
      vertex   2.653238e+00 1.772837e+00 1.260333e+00
      vertex   2.256394e+00 2.256393e+00 1.260333e+00
    endloop
  endfacet
  facet normal 5.615571e-03 1.050601e-02 9.999290e-01
    outer loop
      vertex   1.445927e+00 2.262379e+00 1.266276e+00
      vertex   1.772838e+00 2.653238e+00 1.260333e+00
      vertex   1.221152e+00 2.948121e+00 1.260333e+00
    endloop
  endfacet
  facet normal 4.212285e-03 1.167961e-02 9.999229e-01
    outer loop
      vertex   1.445927e+00 2.262379e+00 1.266276e+00
      vertex   2.073380e+00 2.036087e+00 1.266276e+00
      vertex   1.772838e+00 2.653238e+00 1.260333e+00
    endloop
  endfacet
  facet normal 2.606388e-03 8.592105e-03 9.999597e-01
    outer loop
      vertex   7.424452e-01 2.401730e+00 1.266276e+00
      vertex   1.221152e+00 2.948121e+00 1.260333e+00
      vertex   6.225378e-01 3.129708e+00 1.260333e+00
    endloop
  endfacet
  facet normal 1.835718e-03 9.267261e-03 9.999554e-01
    outer loop
      vertex   7.424452e-01 2.401730e+00 1.266276e+00
      vertex   1.445927e+00 2.262379e+00 1.266276e+00
      vertex   1.221152e+00 2.948121e+00 1.260333e+00
    endloop
  endfacet
  facet normal 7.885250e-04 8.006021e-03 9.999676e-01
    outer loop
      vertex   -1.336864e-07 2.448783e+00 1.266276e+00
      vertex   6.225378e-01 3.129708e+00 1.260333e+00
      vertex   -1.217697e-07 3.191023e+00 1.260333e+00
    endloop
  endfacet
  facet normal 5.227847e-04 8.248959e-03 9.999658e-01
    outer loop
      vertex   -1.336864e-07 2.448783e+00 1.266276e+00
      vertex   7.424452e-01 2.401730e+00 1.266276e+00
      vertex   6.225378e-01 3.129708e+00 1.260333e+00
    endloop
  endfacet
  facet normal -8.172287e-04 8.297452e-03 9.999652e-01
    outer loop
      vertex   -7.424451e-01 2.401730e+00 1.266276e+00
      vertex   -1.217697e-07 3.191023e+00 1.260333e+00
      vertex   -6.225380e-01 3.129708e+00 1.260333e+00
    endloop
  endfacet
  facet normal -5.073887e-04 8.006022e-03 9.999678e-01
    outer loop
      vertex   -7.424451e-01 2.401730e+00 1.266276e+00
      vertex   -1.336864e-07 2.448783e+00 1.266276e+00
      vertex   -1.217697e-07 3.191023e+00 1.260333e+00
    endloop
  endfacet
  facet normal -2.918883e-03 9.622261e-03 9.999494e-01
    outer loop
      vertex   -1.445927e+00 2.262380e+00 1.266276e+00
      vertex   -6.225380e-01 3.129708e+00 1.260333e+00
      vertex   -1.221152e+00 2.948121e+00 1.260333e+00
    endloop
  endfacet
  facet normal -1.671474e-03 8.438139e-03 9.999630e-01
    outer loop
      vertex   -1.445927e+00 2.262380e+00 1.266276e+00
      vertex   -7.424451e-01 2.401730e+00 1.266276e+00
      vertex   -6.225380e-01 3.129708e+00 1.260333e+00
    endloop
  endfacet
  facet normal -6.957213e-03 1.301606e-02 9.998911e-01
    outer loop
      vertex   -2.073381e+00 2.036088e+00 1.266276e+00
      vertex   -1.221152e+00 2.948121e+00 1.260333e+00
      vertex   -1.772839e+00 2.653238e+00 1.260333e+00
    endloop
  endfacet
  facet normal -3.544193e-03 9.827193e-03 9.999454e-01
    outer loop
      vertex   -2.073381e+00 2.036088e+00 1.266276e+00
      vertex   -1.445927e+00 2.262380e+00 1.266276e+00
      vertex   -1.221152e+00 2.948121e+00 1.260333e+00
    endloop
  endfacet
  facet normal 0.000000e+00 0.000000e+00 1.000000e+00
    outer loop
      vertex   -2.653240e+00 1.772837e+00 1.260333e+00
      vertex   -1.772839e+00 2.653238e+00 1.260333e+00
      vertex   -2.256394e+00 2.256393e+00 1.260333e+00
    endloop
  endfacet
  facet normal -1.876288e-02 1.876288e-02 9.996479e-01
    outer loop
      vertex   -2.653240e+00 1.772837e+00 1.260333e+00
      vertex   -2.073381e+00 2.036088e+00 1.266276e+00
      vertex   -1.772839e+00 2.653238e+00 1.260333e+00
    endloop
  endfacet
  facet normal 3.079821e-01 1.646199e-01 9.370418e-01
    outer loop
      vertex   4.658029e+00 1.929417e+00 6.658232e-01
      vertex   3.745117e+00 2.502406e+00 8.652115e-01
      vertex   4.161351e+00 1.723687e+00 8.652115e-01
    endloop
  endfacet
  facet normal 3.079822e-01 1.646201e-01 9.370417e-01
    outer loop
      vertex   4.658029e+00 1.929417e+00 6.658232e-01
      vertex   4.192115e+00 2.801080e+00 6.658232e-01
      vertex   3.745117e+00 2.502406e+00 8.652115e-01
    endloop
  endfacet
  facet normal -3.475340e-01 3.422897e-02 9.370424e-01
    outer loop
      vertex   -4.944936e+00 9.836077e-01 6.658244e-01
      vertex   -4.504213e+00 -1.266507e-06 8.652115e-01
      vertex   -4.417666e+00 8.787271e-01 8.652115e-01
    endloop
  endfacet
  facet normal -3.475345e-01 3.422870e-02 9.370422e-01
    outer loop
      vertex   -4.944936e+00 9.836077e-01 6.658244e-01
      vertex   -5.041811e+00 -1.287585e-06 6.658244e-01
      vertex   -4.504213e+00 -1.266507e-06 8.652115e-01
    endloop
  endfacet
  facet normal 2.215410e-01 -2.699487e-01 9.370418e-01
    outer loop
      vertex   2.801081e+00 -4.192116e+00 6.658256e-01
      vertex   3.184960e+00 -3.184961e+00 8.652139e-01
      vertex   2.502407e+00 -3.745118e+00 8.652139e-01
    endloop
  endfacet
  facet normal 2.215412e-01 -2.699488e-01 9.370417e-01
    outer loop
      vertex   2.801081e+00 -4.192116e+00 6.658256e-01
      vertex   3.565100e+00 -3.565101e+00 6.658256e-01
      vertex   3.184960e+00 -3.184961e+00 8.652139e-01
    endloop
  endfacet
  facet normal 3.475345e-01 3.422902e-02 9.370422e-01
    outer loop
      vertex   5.041811e+00 -1.287585e-06 6.658244e-01
      vertex   4.417666e+00 8.787271e-01 8.652115e-01
      vertex   4.504213e+00 -1.266507e-06 8.652115e-01
    endloop
  endfacet
  facet normal 3.475337e-01 3.422842e-02 9.370425e-01
    outer loop
      vertex   5.041811e+00 -1.287585e-06 6.658244e-01
      vertex   4.944936e+00 9.836077e-01 6.658244e-01
      vertex   4.417666e+00 8.787271e-01 8.652115e-01
    endloop
  endfacet
  facet normal -2.699488e-01 2.215412e-01 9.370417e-01
    outer loop
      vertex   -3.565100e+00 3.565099e+00 6.658232e-01
      vertex   -3.745116e+00 2.502406e+00 8.652115e-01
      vertex   -3.184960e+00 3.184959e+00 8.652115e-01
    endloop
  endfacet
  facet normal -2.699489e-01 2.215412e-01 9.370417e-01
    outer loop
      vertex   -3.565100e+00 3.565099e+00 6.658232e-01
      vertex   -4.192114e+00 2.801080e+00 6.658232e-01
      vertex   -3.745116e+00 2.502406e+00 8.652115e-01
    endloop
  endfacet
  facet normal 3.422917e-02 -3.475360e-01 9.370417e-01
    outer loop
      vertex   9.509397e-08 -5.041814e+00 6.658256e-01
      vertex   8.787283e-01 -4.417668e+00 8.652139e-01
      vertex   1.062083e-07 -4.504215e+00 8.652139e-01
    endloop
  endfacet
  facet normal 3.422942e-02 -3.475363e-01 9.370416e-01
    outer loop
      vertex   9.509397e-08 -5.041814e+00 6.658256e-01
      vertex   9.836087e-01 -4.944937e+00 6.658256e-01
      vertex   8.787283e-01 -4.417668e+00 8.652139e-01
    endloop
  endfacet
  facet normal -1.013725e-01 -3.341801e-01 9.370418e-01
    outer loop
      vertex   -1.929418e+00 -4.658029e+00 6.658256e-01
      vertex   -8.787282e-01 -4.417668e+00 8.652139e-01
      vertex   -1.723688e+00 -4.161352e+00 8.652139e-01
    endloop
  endfacet
  facet normal -1.013723e-01 -3.341807e-01 9.370416e-01
    outer loop
      vertex   -1.929418e+00 -4.658029e+00 6.658256e-01
      vertex   -9.836087e-01 -4.944937e+00 6.658256e-01
      vertex   -8.787282e-01 -4.417668e+00 8.652139e-01
    endloop
  endfacet
  facet normal 2.699487e-01 2.215412e-01 9.370417e-01
    outer loop
      vertex   4.192115e+00 2.801080e+00 6.658232e-01
      vertex   3.184960e+00 3.184959e+00 8.652115e-01
      vertex   3.745117e+00 2.502406e+00 8.652115e-01
    endloop
  endfacet
  facet normal 2.699487e-01 2.215414e-01 9.370417e-01
    outer loop
      vertex   4.192115e+00 2.801080e+00 6.658232e-01
      vertex   3.565100e+00 3.565099e+00 6.658232e-01
      vertex   3.184960e+00 3.184959e+00 8.652115e-01
    endloop
  endfacet
  facet normal 1.646200e-01 -3.079822e-01 9.370418e-01
    outer loop
      vertex   1.929418e+00 -4.658029e+00 6.658256e-01
      vertex   2.502407e+00 -3.745118e+00 8.652139e-01
      vertex   1.723688e+00 -4.161352e+00 8.652139e-01
    endloop
  endfacet
  facet normal 1.646199e-01 -3.079821e-01 9.370418e-01
    outer loop
      vertex   1.929418e+00 -4.658029e+00 6.658256e-01
      vertex   2.801081e+00 -4.192116e+00 6.658256e-01
      vertex   2.502407e+00 -3.745118e+00 8.652139e-01
    endloop
  endfacet
  facet normal 1.013727e-01 -3.341807e-01 9.370416e-01
    outer loop
      vertex   9.836087e-01 -4.944937e+00 6.658256e-01
      vertex   1.723688e+00 -4.161352e+00 8.652139e-01
      vertex   8.787283e-01 -4.417668e+00 8.652139e-01
    endloop
  endfacet
  facet normal 1.013722e-01 -3.341803e-01 9.370418e-01
    outer loop
      vertex   9.836087e-01 -4.944937e+00 6.658256e-01
      vertex   1.929418e+00 -4.658029e+00 6.658256e-01
      vertex   1.723688e+00 -4.161352e+00 8.652139e-01
    endloop
  endfacet
  facet normal 2.215413e-01 2.699489e-01 9.370417e-01
    outer loop
      vertex   3.565100e+00 3.565099e+00 6.658232e-01
      vertex   2.502407e+00 3.745115e+00 8.652115e-01
      vertex   3.184960e+00 3.184959e+00 8.652115e-01
    endloop
  endfacet
  facet normal 2.215413e-01 2.699491e-01 9.370416e-01
    outer loop
      vertex   3.565100e+00 3.565099e+00 6.658232e-01
      vertex   2.801081e+00 4.192112e+00 6.658232e-01
      vertex   2.502407e+00 3.745115e+00 8.652115e-01
    endloop
  endfacet
  facet normal -2.215413e-01 -2.699489e-01 9.370417e-01
    outer loop
      vertex   -3.565100e+00 -3.565101e+00 6.658256e-01
      vertex   -2.502407e+00 -3.745118e+00 8.652139e-01
      vertex   -3.184960e+00 -3.184961e+00 8.652139e-01
    endloop
  endfacet
  facet normal -2.215413e-01 -2.699488e-01 9.370417e-01
    outer loop
      vertex   -3.565100e+00 -3.565101e+00 6.658256e-01
      vertex   -2.801081e+00 -4.192116e+00 6.658256e-01
      vertex   -2.502407e+00 -3.745118e+00 8.652139e-01
    endloop
  endfacet
  facet normal -2.215412e-01 2.699489e-01 9.370417e-01
    outer loop
      vertex   -2.801081e+00 4.192112e+00 6.658232e-01
      vertex   -3.184960e+00 3.184959e+00 8.652115e-01
      vertex   -2.502407e+00 3.745115e+00 8.652115e-01
    endloop
  endfacet
  facet normal -2.215411e-01 2.699489e-01 9.370417e-01
    outer loop
      vertex   -2.801081e+00 4.192112e+00 6.658232e-01
      vertex   -3.565100e+00 3.565099e+00 6.658232e-01
      vertex   -3.184960e+00 3.184959e+00 8.652115e-01
    endloop
  endfacet
  facet normal 3.341782e-01 1.013715e-01 9.370426e-01
    outer loop
      vertex   4.944936e+00 9.836077e-01 6.658244e-01
      vertex   4.161351e+00 1.723687e+00 8.652115e-01
      vertex   4.417666e+00 8.787271e-01 8.652115e-01
    endloop
  endfacet
  facet normal 3.341797e-01 1.013733e-01 9.370418e-01
    outer loop
      vertex   4.944936e+00 9.836077e-01 6.658244e-01
      vertex   4.658029e+00 1.929417e+00 6.658232e-01
      vertex   4.161351e+00 1.723687e+00 8.652115e-01
    endloop
  endfacet
  facet normal 1.646201e-01 3.079826e-01 9.370416e-01
    outer loop
      vertex   2.801081e+00 4.192112e+00 6.658232e-01
      vertex   1.723688e+00 4.161349e+00 8.652115e-01
      vertex   2.502407e+00 3.745115e+00 8.652115e-01
    endloop
  endfacet
  facet normal 1.646202e-01 3.079821e-01 9.370418e-01
    outer loop
      vertex   2.801081e+00 4.192112e+00 6.658232e-01
      vertex   1.929418e+00 4.658027e+00 6.658232e-01
      vertex   1.723688e+00 4.161349e+00 8.652115e-01
    endloop
  endfacet
  facet normal 3.475340e-01 -3.422897e-02 9.370424e-01
    outer loop
      vertex   4.944936e+00 -9.836101e-01 6.658244e-01
      vertex   4.504213e+00 -1.266507e-06 8.652115e-01
      vertex   4.417666e+00 -8.787296e-01 8.652115e-01
    endloop
  endfacet
  facet normal 3.475345e-01 -3.422871e-02 9.370422e-01
    outer loop
      vertex   4.944936e+00 -9.836101e-01 6.658244e-01
      vertex   5.041811e+00 -1.287585e-06 6.658244e-01
      vertex   4.504213e+00 -1.266507e-06 8.652115e-01
    endloop
  endfacet
  facet normal 1.013722e-01 3.341802e-01 9.370418e-01
    outer loop
      vertex   1.929418e+00 4.658027e+00 6.658232e-01
      vertex   8.787282e-01 4.417664e+00 8.652115e-01
      vertex   1.723688e+00 4.161349e+00 8.652115e-01
    endloop
  endfacet
  facet normal 1.013723e-01 3.341800e-01 9.370418e-01
    outer loop
      vertex   1.929418e+00 4.658027e+00 6.658232e-01
      vertex   9.836087e-01 4.944935e+00 6.658232e-01
      vertex   8.787282e-01 4.417664e+00 8.652115e-01
    endloop
  endfacet
  facet normal -1.646200e-01 -3.079823e-01 9.370417e-01
    outer loop
      vertex   -2.801081e+00 -4.192116e+00 6.658256e-01
      vertex   -1.723688e+00 -4.161352e+00 8.652139e-01
      vertex   -2.502407e+00 -3.745118e+00 8.652139e-01
    endloop
  endfacet
  facet normal -1.646200e-01 -3.079821e-01 9.370418e-01
    outer loop
      vertex   -2.801081e+00 -4.192116e+00 6.658256e-01
      vertex   -1.929418e+00 -4.658029e+00 6.658256e-01
      vertex   -1.723688e+00 -4.161352e+00 8.652139e-01
    endloop
  endfacet
  facet normal -3.422920e-02 -3.475363e-01 9.370415e-01
    outer loop
      vertex   -9.836087e-01 -4.944937e+00 6.658256e-01
      vertex   1.062083e-07 -4.504215e+00 8.652139e-01
      vertex   -8.787282e-01 -4.417668e+00 8.652139e-01
    endloop
  endfacet
  facet normal -3.422938e-02 -3.475360e-01 9.370417e-01
    outer loop
      vertex   -9.836087e-01 -4.944937e+00 6.658256e-01
      vertex   9.509397e-08 -5.041814e+00 6.658256e-01
      vertex   1.062083e-07 -4.504215e+00 8.652139e-01
    endloop
  endfacet
  facet normal -3.079820e-01 -1.646198e-01 9.370418e-01
    outer loop
      vertex   -4.658029e+00 -1.929420e+00 6.658256e-01
      vertex   -3.745117e+00 -2.502408e+00 8.652139e-01
      vertex   -4.161351e+00 -1.723689e+00 8.652139e-01
    endloop
  endfacet
  facet normal -3.079822e-01 -1.646201e-01 9.370417e-01
    outer loop
      vertex   -4.658029e+00 -1.929420e+00 6.658256e-01
      vertex   -4.192115e+00 -2.801082e+00 6.658256e-01
      vertex   -3.745117e+00 -2.502408e+00 8.652139e-01
    endloop
  endfacet
  facet normal 2.699488e-01 -2.215412e-01 9.370417e-01
    outer loop
      vertex   3.565100e+00 -3.565101e+00 6.658256e-01
      vertex   3.745116e+00 -2.502408e+00 8.652139e-01
      vertex   3.184960e+00 -3.184961e+00 8.652139e-01
    endloop
  endfacet
  facet normal 2.699489e-01 -2.215412e-01 9.370417e-01
    outer loop
      vertex   3.565100e+00 -3.565101e+00 6.658256e-01
      vertex   4.192114e+00 -2.801082e+00 6.658256e-01
      vertex   3.745116e+00 -2.502408e+00 8.652139e-01
    endloop
  endfacet
  facet normal 3.341815e-01 -1.013699e-01 9.370416e-01
    outer loop
      vertex   4.658028e+00 -1.929420e+00 6.658256e-01
      vertex   4.417666e+00 -8.787296e-01 8.652115e-01
      vertex   4.161351e+00 -1.723689e+00 8.652139e-01
    endloop
  endfacet
  facet normal 3.341787e-01 -1.013707e-01 9.370425e-01
    outer loop
      vertex   4.658028e+00 -1.929420e+00 6.658256e-01
      vertex   4.944936e+00 -9.836101e-01 6.658244e-01
      vertex   4.417666e+00 -8.787296e-01 8.652115e-01
    endloop
  endfacet
  facet normal -3.475345e-01 -3.422902e-02 9.370422e-01
    outer loop
      vertex   -5.041811e+00 -1.287585e-06 6.658244e-01
      vertex   -4.417666e+00 -8.787296e-01 8.652115e-01
      vertex   -4.504213e+00 -1.266507e-06 8.652115e-01
    endloop
  endfacet
  facet normal -3.475338e-01 -3.422842e-02 9.370425e-01
    outer loop
      vertex   -5.041811e+00 -1.287585e-06 6.658244e-01
      vertex   -4.944936e+00 -9.836101e-01 6.658244e-01
      vertex   -4.417666e+00 -8.787296e-01 8.652115e-01
    endloop
  endfacet
  facet normal -3.341787e-01 -1.013691e-01 9.370426e-01
    outer loop
      vertex   -4.944936e+00 -9.836101e-01 6.658244e-01
      vertex   -4.161351e+00 -1.723689e+00 8.652139e-01
      vertex   -4.417666e+00 -8.787296e-01 8.652115e-01
    endloop
  endfacet
  facet normal -3.341804e-01 -1.013711e-01 9.370418e-01
    outer loop
      vertex   -4.944936e+00 -9.836101e-01 6.658244e-01
      vertex   -4.658029e+00 -1.929420e+00 6.658256e-01
      vertex   -4.161351e+00 -1.723689e+00 8.652139e-01
    endloop
  endfacet
  facet normal -1.013722e-01 3.341801e-01 9.370418e-01
    outer loop
      vertex   -9.836087e-01 4.944935e+00 6.658232e-01
      vertex   -1.723688e+00 4.161349e+00 8.652115e-01
      vertex   -8.787283e-01 4.417664e+00 8.652115e-01
    endloop
  endfacet
  facet normal -1.013724e-01 3.341802e-01 9.370418e-01
    outer loop
      vertex   -9.836087e-01 4.944935e+00 6.658232e-01
      vertex   -1.929418e+00 4.658027e+00 6.658232e-01
      vertex   -1.723688e+00 4.161349e+00 8.652115e-01
    endloop
  endfacet
  facet normal -1.646200e-01 3.079822e-01 9.370418e-01
    outer loop
      vertex   -1.929418e+00 4.658027e+00 6.658232e-01
      vertex   -2.502407e+00 3.745115e+00 8.652115e-01
      vertex   -1.723688e+00 4.161349e+00 8.652115e-01
    endloop
  endfacet
  facet normal -1.646202e-01 3.079823e-01 9.370417e-01
    outer loop
      vertex   -1.929418e+00 4.658027e+00 6.658232e-01
      vertex   -2.801081e+00 4.192112e+00 6.658232e-01
      vertex   -2.502407e+00 3.745115e+00 8.652115e-01
    endloop
  endfacet
  facet normal -2.699487e-01 -2.215412e-01 9.370417e-01
    outer loop
      vertex   -4.192115e+00 -2.801082e+00 6.658256e-01
      vertex   -3.184960e+00 -3.184961e+00 8.652139e-01
      vertex   -3.745117e+00 -2.502408e+00 8.652139e-01
    endloop
  endfacet
  facet normal -2.699487e-01 -2.215414e-01 9.370417e-01
    outer loop
      vertex   -4.192115e+00 -2.801082e+00 6.658256e-01
      vertex   -3.565100e+00 -3.565101e+00 6.658256e-01
      vertex   -3.184960e+00 -3.184961e+00 8.652139e-01
    endloop
  endfacet
  facet normal 3.079823e-01 -1.646202e-01 9.370417e-01
    outer loop
      vertex   4.192114e+00 -2.801082e+00 6.658256e-01
      vertex   4.161351e+00 -1.723689e+00 8.652139e-01
      vertex   3.745116e+00 -2.502408e+00 8.652139e-01
    endloop
  endfacet
  facet normal 3.079823e-01 -1.646202e-01 9.370417e-01
    outer loop
      vertex   4.192114e+00 -2.801082e+00 6.658256e-01
      vertex   4.658028e+00 -1.929420e+00 6.658256e-01
      vertex   4.161351e+00 -1.723689e+00 8.652139e-01
    endloop
  endfacet
  facet normal 3.422925e-02 3.475356e-01 9.370418e-01
    outer loop
      vertex   9.836087e-01 4.944935e+00 6.658232e-01
      vertex   -9.041910e-08 4.504212e+00 8.652115e-01
      vertex   8.787282e-01 4.417664e+00 8.652115e-01
    endloop
  endfacet
  facet normal 3.422924e-02 3.475357e-01 9.370418e-01
    outer loop
      vertex   9.836087e-01 4.944935e+00 6.658232e-01
      vertex   -8.339766e-08 5.041811e+00 6.658232e-01
      vertex   -9.041910e-08 4.504212e+00 8.652115e-01
    endloop
  endfacet
  facet normal -3.341806e-01 1.013723e-01 9.370416e-01
    outer loop
      vertex   -4.658028e+00 1.929417e+00 6.658232e-01
      vertex   -4.417666e+00 8.787271e-01 8.652115e-01
      vertex   -4.161351e+00 1.723687e+00 8.652115e-01
    endloop
  endfacet
  facet normal -3.341782e-01 1.013730e-01 9.370424e-01
    outer loop
      vertex   -4.658028e+00 1.929417e+00 6.658232e-01
      vertex   -4.944936e+00 9.836077e-01 6.658244e-01
      vertex   -4.417666e+00 8.787271e-01 8.652115e-01
    endloop
  endfacet
  facet normal -3.079822e-01 1.646202e-01 9.370417e-01
    outer loop
      vertex   -4.192114e+00 2.801080e+00 6.658232e-01
      vertex   -4.161351e+00 1.723687e+00 8.652115e-01
      vertex   -3.745116e+00 2.502406e+00 8.652115e-01
    endloop
  endfacet
  facet normal -3.079824e-01 1.646202e-01 9.370416e-01
    outer loop
      vertex   -4.192114e+00 2.801080e+00 6.658232e-01
      vertex   -4.658028e+00 1.929417e+00 6.658232e-01
      vertex   -4.161351e+00 1.723687e+00 8.652115e-01
    endloop
  endfacet
  facet normal -3.422926e-02 3.475357e-01 9.370418e-01
    outer loop
      vertex   -8.339766e-08 5.041811e+00 6.658232e-01
      vertex   -8.787283e-01 4.417664e+00 8.652115e-01
      vertex   -9.041910e-08 4.504212e+00 8.652115e-01
    endloop
  endfacet
  facet normal -3.422925e-02 3.475356e-01 9.370418e-01
    outer loop
      vertex   -8.339766e-08 5.041811e+00 6.658232e-01
      vertex   -9.836087e-01 4.944935e+00 6.658232e-01
      vertex   -8.787283e-01 4.417664e+00 8.652115e-01
    endloop
  endfacet
  facet normal -2.836666e-02 2.880112e-01 9.572068e-01
    outer loop
      vertex   -9.041910e-08 4.504212e+00 8.652115e-01
      vertex   -6.225380e-01 3.129708e+00 1.260333e+00
      vertex   -1.217697e-07 3.191023e+00 1.260333e+00
    endloop
  endfacet
  facet normal -2.836661e-02 2.880112e-01 9.572068e-01
    outer loop
      vertex   -9.041910e-08 4.504212e+00 8.652115e-01
      vertex   -8.787283e-01 4.417664e+00 8.652115e-01
      vertex   -6.225380e-01 3.129708e+00 1.260333e+00
    endloop
  endfacet
  facet normal -9.311239e-02 -9.453820e-01 3.123826e-01
    outer loop
      vertex   -5.187997e-08 4.992646e+00 6.409204e-01
      vertex   9.759120e-01 4.906238e+00 6.703115e-01
      vertex   -1.944335e-08 5.002357e+00 6.703115e-01
    endloop
  endfacet
  facet normal -9.311239e-02 -9.453814e-01 3.123846e-01
    outer loop
      vertex   -5.187997e-08 4.992646e+00 6.409204e-01
      vertex   9.740171e-01 4.896713e+00 6.409204e-01
      vertex   9.759120e-01 4.906238e+00 6.703115e-01
    endloop
  endfacet
  facet normal 4.445970e-02 4.514048e-01 -8.912110e-01
    outer loop
      vertex   -8.339766e-08 5.041811e+00 6.658232e-01
      vertex   9.740171e-01 4.896713e+00 6.409204e-01
      vertex   -5.187997e-08 4.992646e+00 6.409204e-01
    endloop
  endfacet
  facet normal 4.445904e-02 4.514007e-01 -8.912131e-01
    outer loop
      vertex   -8.339766e-08 5.041811e+00 6.658232e-01
      vertex   9.836087e-01 4.944935e+00 6.658232e-01
      vertex   9.740171e-01 4.896713e+00 6.409204e-01
    endloop
  endfacet
  facet normal -4.478015e-01 -8.377770e-01 3.124158e-01
    outer loop
      vertex   1.910604e+00 4.612602e+00 6.409204e-01
      vertex   2.779162e+00 4.159308e+00 6.703115e-01
      vertex   1.914321e+00 4.621575e+00 6.703115e-01
    endloop
  endfacet
  facet normal -4.478034e-01 -8.377817e-01 3.124002e-01
    outer loop
      vertex   1.910604e+00 4.612602e+00 6.409204e-01
      vertex   2.773766e+00 4.151233e+00 6.409204e-01
      vertex   2.779162e+00 4.159308e+00 6.703115e-01
    endloop
  endfacet
  facet normal 2.138163e-01 4.000224e-01 -8.912153e-01
    outer loop
      vertex   1.929418e+00 4.658027e+00 6.658232e-01
      vertex   2.773766e+00 4.151233e+00 6.409204e-01
      vertex   1.910604e+00 4.612602e+00 6.409204e-01
    endloop
  endfacet
  facet normal 2.138202e-01 4.000287e-01 -8.912115e-01
    outer loop
      vertex   1.929418e+00 4.658027e+00 6.658232e-01
      vertex   2.801081e+00 4.192112e+00 6.658232e-01
      vertex   2.773766e+00 4.151233e+00 6.409204e-01
    endloop
  endfacet
  facet normal -9.090493e-01 -2.757561e-01 3.123908e-01
    outer loop
      vertex   4.612604e+00 1.910602e+00 6.409204e-01
      vertex   4.906240e+00 9.759106e-01 6.703138e-01
      vertex   4.621577e+00 1.914319e+00 6.703115e-01
    endloop
  endfacet
  facet normal -9.090460e-01 -2.757548e-01 3.124013e-01
    outer loop
      vertex   4.612604e+00 1.910602e+00 6.409204e-01
      vertex   4.896714e+00 9.740158e-01 6.409228e-01
      vertex   4.906240e+00 9.759106e-01 6.703138e-01
    endloop
  endfacet
  facet normal 4.340507e-01 1.316653e-01 -8.912150e-01
    outer loop
      vertex   4.658029e+00 1.929417e+00 6.658232e-01
      vertex   4.896714e+00 9.740158e-01 6.409228e-01
      vertex   4.612604e+00 1.910602e+00 6.409204e-01
    endloop
  endfacet
  facet normal 4.340332e-01 1.316612e-01 -8.912242e-01
    outer loop
      vertex   4.658029e+00 1.929417e+00 6.658232e-01
      vertex   4.944936e+00 9.836077e-01 6.658244e-01
      vertex   4.896714e+00 9.740158e-01 6.409228e-01
    endloop
  endfacet
  facet normal -9.453759e-01 -9.311160e-02 3.124014e-01
    outer loop
      vertex   4.896714e+00 9.740158e-01 6.409228e-01
      vertex   5.002359e+00 -1.313569e-06 6.703126e-01
      vertex   4.906240e+00 9.759106e-01 6.703138e-01
    endloop
  endfacet
  facet normal -9.453829e-01 -9.311302e-02 3.123797e-01
    outer loop
      vertex   4.896714e+00 9.740158e-01 6.409228e-01
      vertex   4.992647e+00 -1.289477e-06 6.409204e-01
      vertex   5.002359e+00 -1.313569e-06 6.703126e-01
    endloop
  endfacet
  facet normal 4.513786e-01 4.445917e-02 -8.912243e-01
    outer loop
      vertex   4.944936e+00 9.836077e-01 6.658244e-01
      vertex   4.992647e+00 -1.289477e-06 6.409204e-01
      vertex   4.896714e+00 9.740158e-01 6.409228e-01
    endloop
  endfacet
  facet normal 4.514284e-01 4.446095e-02 -8.911990e-01
    outer loop
      vertex   4.944936e+00 9.836077e-01 6.658244e-01
      vertex   5.041811e+00 -1.287585e-06 6.658244e-01
      vertex   4.992647e+00 -1.289477e-06 6.409204e-01
    endloop
  endfacet
  facet normal -9.453830e-01 9.311231e-02 3.123798e-01
    outer loop
      vertex   4.992647e+00 -1.289477e-06 6.409204e-01
      vertex   4.906240e+00 -9.759131e-01 6.703138e-01
      vertex   5.002359e+00 -1.313569e-06 6.703126e-01
    endloop
  endfacet
  facet normal -9.453757e-01 9.311233e-02 3.124019e-01
    outer loop
      vertex   4.992647e+00 -1.289477e-06 6.409204e-01
      vertex   4.896714e+00 -9.740182e-01 6.409228e-01
      vertex   4.906240e+00 -9.759131e-01 6.703138e-01
    endloop
  endfacet
  facet normal 4.514284e-01 -4.446408e-02 -8.911988e-01
    outer loop
      vertex   5.041811e+00 -1.287585e-06 6.658244e-01
      vertex   4.896714e+00 -9.740182e-01 6.409228e-01
      vertex   4.992647e+00 -1.289477e-06 6.409204e-01
    endloop
  endfacet
  facet normal 4.513835e-01 -4.445680e-02 -8.912220e-01
    outer loop
      vertex   5.041811e+00 -1.287585e-06 6.658244e-01
      vertex   4.944936e+00 -9.836101e-01 6.658244e-01
      vertex   4.896714e+00 -9.740182e-01 6.409228e-01
    endloop
  endfacet
  facet normal -6.026407e-01 7.343201e-01 3.124069e-01
    outer loop
      vertex   3.530334e+00 -3.530336e+00 6.409240e-01
      vertex   2.779162e+00 -4.159310e+00 6.703138e-01
      vertex   3.537202e+00 -3.537203e+00 6.703138e-01
    endloop
  endfacet
  facet normal -6.026432e-01 7.343226e-01 3.123964e-01
    outer loop
      vertex   3.530334e+00 -3.530336e+00 6.409240e-01
      vertex   2.773765e+00 -4.151236e+00 6.409228e-01
      vertex   2.779162e+00 -4.159310e+00 6.703138e-01
    endloop
  endfacet
  facet normal 2.877417e-01 -3.506127e-01 -8.912213e-01
    outer loop
      vertex   3.565100e+00 -3.565101e+00 6.658256e-01
      vertex   2.773765e+00 -4.151236e+00 6.409228e-01
      vertex   3.530334e+00 -3.530336e+00 6.409240e-01
    endloop
  endfacet
  facet normal 2.877510e-01 -3.506256e-01 -8.912132e-01
    outer loop
      vertex   3.565100e+00 -3.565101e+00 6.658256e-01
      vertex   2.801081e+00 -4.192116e+00 6.658256e-01
      vertex   2.773765e+00 -4.151236e+00 6.409228e-01
    endloop
  endfacet
  facet normal -4.478053e-01 8.377836e-01 3.123926e-01
    outer loop
      vertex   2.773765e+00 -4.151236e+00 6.409228e-01
      vertex   1.914320e+00 -4.621578e+00 6.703138e-01
      vertex   2.779162e+00 -4.159310e+00 6.703138e-01
    endloop
  endfacet
  facet normal -4.478017e-01 8.377782e-01 3.124122e-01
    outer loop
      vertex   2.773765e+00 -4.151236e+00 6.409228e-01
      vertex   1.910603e+00 -4.612605e+00 6.409228e-01
      vertex   1.914320e+00 -4.621578e+00 6.703138e-01
    endloop
  endfacet
  facet normal 2.138185e-01 -4.000263e-01 -8.912130e-01
    outer loop
      vertex   2.801081e+00 -4.192116e+00 6.658256e-01
      vertex   1.910603e+00 -4.612605e+00 6.409228e-01
      vertex   2.773765e+00 -4.151236e+00 6.409228e-01
    endloop
  endfacet
  facet normal 2.138178e-01 -4.000248e-01 -8.912138e-01
    outer loop
      vertex   2.801081e+00 -4.192116e+00 6.658256e-01
      vertex   1.929418e+00 -4.658029e+00 6.658256e-01
      vertex   1.910603e+00 -4.612605e+00 6.409228e-01
    endloop
  endfacet
  facet normal -2.757547e-01 9.090431e-01 3.124099e-01
    outer loop
      vertex   1.910603e+00 -4.612605e+00 6.409228e-01
      vertex   9.759119e-01 -4.906241e+00 6.703138e-01
      vertex   1.914320e+00 -4.621578e+00 6.703138e-01
    endloop
  endfacet
  facet normal -2.757532e-01 9.090395e-01 3.124217e-01
    outer loop
      vertex   1.910603e+00 -4.612605e+00 6.409228e-01
      vertex   9.740171e-01 -4.896715e+00 6.409240e-01
      vertex   9.759119e-01 -4.906241e+00 6.703138e-01
    endloop
  endfacet
  facet normal 1.316669e-01 -4.340523e-01 -8.912140e-01
    outer loop
      vertex   1.929418e+00 -4.658029e+00 6.658256e-01
      vertex   9.740171e-01 -4.896715e+00 6.409240e-01
      vertex   1.910603e+00 -4.612605e+00 6.409228e-01
    endloop
  endfacet
  facet normal 1.316634e-01 -4.340375e-01 -8.912217e-01
    outer loop
      vertex   1.929418e+00 -4.658029e+00 6.658256e-01
      vertex   9.836087e-01 -4.944937e+00 6.658256e-01
      vertex   9.740171e-01 -4.896715e+00 6.409240e-01
    endloop
  endfacet
  facet normal 9.311201e-02 9.453811e-01 3.123854e-01
    outer loop
      vertex   6.229794e-08 -4.992648e+00 6.409240e-01
      vertex   -9.759120e-01 -4.906241e+00 6.703138e-01
      vertex   2.422069e-08 -5.002360e+00 6.703138e-01
    endloop
  endfacet
  facet normal 9.311204e-02 9.453719e-01 3.124133e-01
    outer loop
      vertex   6.229794e-08 -4.992648e+00 6.409240e-01
      vertex   -9.740171e-01 -4.896715e+00 6.409240e-01
      vertex   -9.759120e-01 -4.906241e+00 6.703138e-01
    endloop
  endfacet
  facet normal -4.445850e-02 -4.513898e-01 -8.912187e-01
    outer loop
      vertex   9.509397e-08 -5.041814e+00 6.658256e-01
      vertex   -9.740171e-01 -4.896715e+00 6.409240e-01
      vertex   6.229794e-08 -4.992648e+00 6.409240e-01
    endloop
  endfacet
  facet normal -4.445749e-02 -4.513835e-01 -8.912219e-01
    outer loop
      vertex   9.509397e-08 -5.041814e+00 6.658256e-01
      vertex   -9.836087e-01 -4.944937e+00 6.658256e-01
      vertex   -9.740171e-01 -4.896715e+00 6.409240e-01
    endloop
  endfacet
  facet normal 2.757540e-01 9.090419e-01 3.124140e-01
    outer loop
      vertex   -9.740171e-01 -4.896715e+00 6.409240e-01
      vertex   -1.914321e+00 -4.621578e+00 6.703138e-01
      vertex   -9.759120e-01 -4.906241e+00 6.703138e-01
    endloop
  endfacet
  facet normal 2.757537e-01 9.090404e-01 3.124188e-01
    outer loop
      vertex   -9.740171e-01 -4.896715e+00 6.409240e-01
      vertex   -1.910604e+00 -4.612605e+00 6.409240e-01
      vertex   -1.914321e+00 -4.621578e+00 6.703138e-01
    endloop
  endfacet
  facet normal -1.316635e-01 -4.340375e-01 -8.912217e-01
    outer loop
      vertex   -9.836087e-01 -4.944937e+00 6.658256e-01
      vertex   -1.910604e+00 -4.612605e+00 6.409240e-01
      vertex   -9.740171e-01 -4.896715e+00 6.409240e-01
    endloop
  endfacet
  facet normal -1.316630e-01 -4.340361e-01 -8.912225e-01
    outer loop
      vertex   -9.836087e-01 -4.944937e+00 6.658256e-01
      vertex   -1.929418e+00 -4.658029e+00 6.658256e-01
      vertex   -1.910604e+00 -4.612605e+00 6.409240e-01
    endloop
  endfacet
  facet normal 7.343201e-01 6.026413e-01 3.124058e-01
    outer loop
      vertex   -3.530334e+00 -3.530336e+00 6.409240e-01
      vertex   -4.159309e+00 -2.779163e+00 6.703138e-01
      vertex   -3.537202e+00 -3.537203e+00 6.703138e-01
    endloop
  endfacet
  facet normal 7.343209e-01 6.026421e-01 3.124023e-01
    outer loop
      vertex   -3.530334e+00 -3.530336e+00 6.409240e-01
      vertex   -4.151234e+00 -2.773767e+00 6.409240e-01
      vertex   -4.159309e+00 -2.779163e+00 6.703138e-01
    endloop
  endfacet
  facet normal -3.506131e-01 -2.877409e-01 -8.912214e-01
    outer loop
      vertex   -3.565100e+00 -3.565101e+00 6.658256e-01
      vertex   -4.151234e+00 -2.773767e+00 6.409240e-01
      vertex   -3.530334e+00 -3.530336e+00 6.409240e-01
    endloop
  endfacet
  facet normal -3.506130e-01 -2.877409e-01 -8.912214e-01
    outer loop
      vertex   -3.565100e+00 -3.565101e+00 6.658256e-01
      vertex   -4.192115e+00 -2.801082e+00 6.658256e-01
      vertex   -4.151234e+00 -2.773767e+00 6.409240e-01
    endloop
  endfacet
  facet normal 9.090458e-01 2.757559e-01 3.124010e-01
    outer loop
      vertex   -4.612604e+00 -1.910604e+00 6.409240e-01
      vertex   -4.906240e+00 -9.759131e-01 6.703138e-01
      vertex   -4.621577e+00 -1.914321e+00 6.703138e-01
    endloop
  endfacet
  facet normal 9.090453e-01 2.757557e-01 3.124026e-01
    outer loop
      vertex   -4.612604e+00 -1.910604e+00 6.409240e-01
      vertex   -4.896714e+00 -9.740182e-01 6.409228e-01
      vertex   -4.906240e+00 -9.759131e-01 6.703138e-01
    endloop
  endfacet
  facet normal -4.340324e-01 -1.316631e-01 -8.912243e-01
    outer loop
      vertex   -4.658029e+00 -1.929420e+00 6.658256e-01
      vertex   -4.896714e+00 -9.740182e-01 6.409228e-01
      vertex   -4.612604e+00 -1.910604e+00 6.409240e-01
    endloop
  endfacet
  facet normal -4.340328e-01 -1.316632e-01 -8.912241e-01
    outer loop
      vertex   -4.658029e+00 -1.929420e+00 6.658256e-01
      vertex   -4.944936e+00 -9.836101e-01 6.658244e-01
      vertex   -4.896714e+00 -9.740182e-01 6.409228e-01
    endloop
  endfacet
  facet normal 9.453830e-01 -9.311230e-02 3.123798e-01
    outer loop
      vertex   -4.992647e+00 -1.289477e-06 6.409204e-01
      vertex   -4.906240e+00 9.759106e-01 6.703138e-01
      vertex   -5.002359e+00 -1.262628e-06 6.703126e-01
    endloop
  endfacet
  facet normal 9.453758e-01 -9.311232e-02 3.124015e-01
    outer loop
      vertex   -4.992647e+00 -1.289477e-06 6.409204e-01
      vertex   -4.896714e+00 9.740158e-01 6.409228e-01
      vertex   -4.906240e+00 9.759106e-01 6.703138e-01
    endloop
  endfacet
  facet normal -4.514284e-01 4.446408e-02 -8.911988e-01
    outer loop
      vertex   -5.041811e+00 -1.287585e-06 6.658244e-01
      vertex   -4.896714e+00 9.740158e-01 6.409228e-01
      vertex   -4.992647e+00 -1.289477e-06 6.409204e-01
    endloop
  endfacet
  facet normal -4.513835e-01 4.445679e-02 -8.912220e-01
    outer loop
      vertex   -5.041811e+00 -1.287585e-06 6.658244e-01
      vertex   -4.944936e+00 9.836077e-01 6.658244e-01
      vertex   -4.896714e+00 9.740158e-01 6.409228e-01
    endloop
  endfacet
  facet normal 8.377792e-01 -4.478025e-01 3.124081e-01
    outer loop
      vertex   -4.612604e+00 1.910602e+00 6.409204e-01
      vertex   -4.159309e+00 2.779160e+00 6.703115e-01
      vertex   -4.621577e+00 1.914319e+00 6.703115e-01
    endloop
  endfacet
  facet normal 8.377853e-01 -4.478050e-01 3.123884e-01
    outer loop
      vertex   -4.612604e+00 1.910602e+00 6.409204e-01
      vertex   -4.151234e+00 2.773764e+00 6.409204e-01
      vertex   -4.159309e+00 2.779160e+00 6.703115e-01
    endloop
  endfacet
  facet normal -4.000249e-01 2.138175e-01 -8.912139e-01
    outer loop
      vertex   -4.658028e+00 1.929417e+00 6.658232e-01
      vertex   -4.151234e+00 2.773764e+00 6.409204e-01
      vertex   -4.612604e+00 1.910602e+00 6.409204e-01
    endloop
  endfacet
  facet normal -4.000305e-01 2.138210e-01 -8.912105e-01
    outer loop
      vertex   -4.658028e+00 1.929417e+00 6.658232e-01
      vertex   -4.192114e+00 2.801080e+00 6.658232e-01
      vertex   -4.151234e+00 2.773764e+00 6.409204e-01
    endloop
  endfacet
  facet normal 6.026433e-01 -7.343229e-01 3.123955e-01
    outer loop
      vertex   -3.530334e+00 3.530333e+00 6.409204e-01
      vertex   -2.779162e+00 4.159308e+00 6.703115e-01
      vertex   -3.537202e+00 3.537200e+00 6.703115e-01
    endloop
  endfacet
  facet normal 6.026415e-01 -7.343211e-01 3.124031e-01
    outer loop
      vertex   -3.530334e+00 3.530333e+00 6.409204e-01
      vertex   -2.773765e+00 4.151233e+00 6.409204e-01
      vertex   -2.779162e+00 4.159308e+00 6.703115e-01
    endloop
  endfacet
  facet normal -2.877508e-01 3.506255e-01 -8.912133e-01
    outer loop
      vertex   -3.565100e+00 3.565099e+00 6.658232e-01
      vertex   -2.773765e+00 4.151233e+00 6.409204e-01
      vertex   -3.530334e+00 3.530333e+00 6.409204e-01
    endloop
  endfacet
  facet normal -2.877519e-01 3.506271e-01 -8.912124e-01
    outer loop
      vertex   -3.565100e+00 3.565099e+00 6.658232e-01
      vertex   -2.801081e+00 4.192112e+00 6.658232e-01
      vertex   -2.773765e+00 4.151233e+00 6.409204e-01
    endloop
  endfacet
  facet normal 4.478039e-01 -8.377815e-01 3.124002e-01
    outer loop
      vertex   -2.773765e+00 4.151233e+00 6.409204e-01
      vertex   -1.914320e+00 4.621575e+00 6.703115e-01
      vertex   -2.779162e+00 4.159308e+00 6.703115e-01
    endloop
  endfacet
  facet normal 4.478003e-01 -8.377761e-01 3.124199e-01
    outer loop
      vertex   -2.773765e+00 4.151233e+00 6.409204e-01
      vertex   -1.910603e+00 4.612602e+00 6.409204e-01
      vertex   -1.914320e+00 4.621575e+00 6.703115e-01
    endloop
  endfacet
  facet normal -2.138193e-01 4.000281e-01 -8.912120e-01
    outer loop
      vertex   -2.801081e+00 4.192112e+00 6.658232e-01
      vertex   -1.910603e+00 4.612602e+00 6.409204e-01
      vertex   -2.773765e+00 4.151233e+00 6.409204e-01
    endloop
  endfacet
  facet normal -2.138162e-01 4.000213e-01 -8.912158e-01
    outer loop
      vertex   -2.801081e+00 4.192112e+00 6.658232e-01
      vertex   -1.929418e+00 4.658027e+00 6.658232e-01
      vertex   -1.910603e+00 4.612602e+00 6.409204e-01
    endloop
  endfacet
  facet normal 2.757543e-01 -9.090404e-01 3.124183e-01
    outer loop
      vertex   -1.910603e+00 4.612602e+00 6.409204e-01
      vertex   -9.759119e-01 4.906239e+00 6.703126e-01
      vertex   -1.914320e+00 4.621575e+00 6.703115e-01
    endloop
  endfacet
  facet normal 2.757568e-01 -9.090463e-01 3.123988e-01
    outer loop
      vertex   -1.910603e+00 4.612602e+00 6.409204e-01
      vertex   -9.740171e-01 4.896713e+00 6.409204e-01
      vertex   -9.759119e-01 4.906239e+00 6.703126e-01
    endloop
  endfacet
  facet normal -1.316672e-01 4.340477e-01 -8.912162e-01
    outer loop
      vertex   -1.929418e+00 4.658027e+00 6.658232e-01
      vertex   -9.740171e-01 4.896713e+00 6.409204e-01
      vertex   -1.910603e+00 4.612602e+00 6.409204e-01
    endloop
  endfacet
  facet normal -1.316687e-01 4.340539e-01 -8.912130e-01
    outer loop
      vertex   -1.929418e+00 4.658027e+00 6.658232e-01
      vertex   -9.836087e-01 4.944935e+00 6.658232e-01
      vertex   -9.740171e-01 4.896713e+00 6.409204e-01
    endloop
  endfacet
  facet normal 9.311140e-02 -9.453768e-01 3.123989e-01
    outer loop
      vertex   -9.740171e-01 4.896713e+00 6.409204e-01
      vertex   -1.944335e-08 5.002357e+00 6.703115e-01
      vertex   -9.759119e-01 4.906239e+00 6.703126e-01
    endloop
  endfacet
  facet normal 9.311247e-02 -9.453821e-01 3.123824e-01
    outer loop
      vertex   -9.740171e-01 4.896713e+00 6.409204e-01
      vertex   -5.187997e-08 4.992646e+00 6.409204e-01
      vertex   -1.944335e-08 5.002357e+00 6.703115e-01
    endloop
  endfacet
  facet normal -4.445930e-02 4.514006e-01 -8.912131e-01
    outer loop
      vertex   -9.836087e-01 4.944935e+00 6.658232e-01
      vertex   -5.187997e-08 4.992646e+00 6.409204e-01
      vertex   -9.740171e-01 4.896713e+00 6.409204e-01
    endloop
  endfacet
  facet normal -4.445945e-02 4.514047e-01 -8.912111e-01
    outer loop
      vertex   -9.836087e-01 4.944935e+00 6.658232e-01
      vertex   -8.339766e-08 5.041811e+00 6.658232e-01
      vertex   -5.187997e-08 4.992646e+00 6.409204e-01
    endloop
  endfacet
  facet normal -6.026419e-01 -7.343208e-01 3.124031e-01
    outer loop
      vertex   2.773766e+00 4.151233e+00 6.409204e-01
      vertex   3.537202e+00 3.537200e+00 6.703115e-01
      vertex   2.779162e+00 4.159308e+00 6.703115e-01
    endloop
  endfacet
  facet normal -6.026432e-01 -7.343229e-01 3.123955e-01
    outer loop
      vertex   2.773766e+00 4.151233e+00 6.409204e-01
      vertex   3.530334e+00 3.530333e+00 6.409204e-01
      vertex   3.537202e+00 3.537200e+00 6.703115e-01
    endloop
  endfacet
  facet normal 2.877530e-01 3.506280e-01 -8.912117e-01
    outer loop
      vertex   2.801081e+00 4.192112e+00 6.658232e-01
      vertex   3.530334e+00 3.530333e+00 6.409204e-01
      vertex   2.773766e+00 4.151233e+00 6.409204e-01
    endloop
  endfacet
  facet normal 2.877507e-01 3.506256e-01 -8.912133e-01
    outer loop
      vertex   2.801081e+00 4.192112e+00 6.658232e-01
      vertex   3.565100e+00 3.565099e+00 6.658232e-01
      vertex   3.530334e+00 3.530333e+00 6.409204e-01
    endloop
  endfacet
  facet normal -7.343231e-01 -6.026437e-01 3.123943e-01
    outer loop
      vertex   3.530334e+00 3.530333e+00 6.409204e-01
      vertex   4.159309e+00 2.779160e+00 6.703115e-01
      vertex   3.537202e+00 3.537200e+00 6.703115e-01
    endloop
  endfacet
  facet normal -7.343239e-01 -6.026445e-01 3.123909e-01
    outer loop
      vertex   3.530334e+00 3.530333e+00 6.409204e-01
      vertex   4.151234e+00 2.773764e+00 6.409204e-01
      vertex   4.159309e+00 2.779160e+00 6.703115e-01
    endloop
  endfacet
  facet normal 3.506253e-01 2.877510e-01 -8.912134e-01
    outer loop
      vertex   3.565100e+00 3.565099e+00 6.658232e-01
      vertex   4.151234e+00 2.773764e+00 6.409204e-01
      vertex   3.530334e+00 3.530333e+00 6.409204e-01
    endloop
  endfacet
  facet normal 3.506253e-01 2.877510e-01 -8.912134e-01
    outer loop
      vertex   3.565100e+00 3.565099e+00 6.658232e-01
      vertex   4.192115e+00 2.801080e+00 6.658232e-01
      vertex   4.151234e+00 2.773764e+00 6.409204e-01
    endloop
  endfacet
  facet normal -8.377849e-01 -4.478056e-01 3.123885e-01
    outer loop
      vertex   4.151234e+00 2.773764e+00 6.409204e-01
      vertex   4.621577e+00 1.914319e+00 6.703115e-01
      vertex   4.159309e+00 2.779160e+00 6.703115e-01
    endloop
  endfacet
  facet normal -8.377838e-01 -4.478048e-01 3.123928e-01
    outer loop
      vertex   4.151234e+00 2.773764e+00 6.409204e-01
      vertex   4.612604e+00 1.910602e+00 6.409204e-01
      vertex   4.621577e+00 1.914319e+00 6.703115e-01
    endloop
  endfacet
  facet normal 4.000255e-01 2.138181e-01 -8.912135e-01
    outer loop
      vertex   4.192115e+00 2.801080e+00 6.658232e-01
      vertex   4.612604e+00 1.910602e+00 6.409204e-01
      vertex   4.151234e+00 2.773764e+00 6.409204e-01
    endloop
  endfacet
  facet normal 4.000230e-01 2.138170e-01 -8.912148e-01
    outer loop
      vertex   4.192115e+00 2.801080e+00 6.658232e-01
      vertex   4.658029e+00 1.929417e+00 6.658232e-01
      vertex   4.612604e+00 1.910602e+00 6.409204e-01
    endloop
  endfacet
  facet normal -9.311057e-02 9.453693e-01 3.124217e-01
    outer loop
      vertex   9.740171e-01 -4.896715e+00 6.409240e-01
      vertex   2.422069e-08 -5.002360e+00 6.703138e-01
      vertex   9.759119e-01 -4.906241e+00 6.703138e-01
    endloop
  endfacet
  facet normal -9.311296e-02 9.453811e-01 3.123852e-01
    outer loop
      vertex   9.740171e-01 -4.896715e+00 6.409240e-01
      vertex   6.229794e-08 -4.992648e+00 6.409240e-01
      vertex   2.422069e-08 -5.002360e+00 6.703138e-01
    endloop
  endfacet
  facet normal 4.445788e-02 -4.513834e-01 -8.912219e-01
    outer loop
      vertex   9.836087e-01 -4.944937e+00 6.658256e-01
      vertex   6.229794e-08 -4.992648e+00 6.409240e-01
      vertex   9.740171e-01 -4.896715e+00 6.409240e-01
    endloop
  endfacet
  facet normal 4.445811e-02 -4.513897e-01 -8.912187e-01
    outer loop
      vertex   9.836087e-01 -4.944937e+00 6.658256e-01
      vertex   9.509397e-08 -5.041814e+00 6.658256e-01
      vertex   6.229794e-08 -4.992648e+00 6.409240e-01
    endloop
  endfacet
  facet normal 4.478011e-01 8.377757e-01 3.124195e-01
    outer loop
      vertex   -1.910604e+00 -4.612605e+00 6.409240e-01
      vertex   -2.779162e+00 -4.159310e+00 6.703138e-01
      vertex   -1.914321e+00 -4.621578e+00 6.703138e-01
    endloop
  endfacet
  facet normal 4.478031e-01 8.377805e-01 3.124040e-01
    outer loop
      vertex   -1.910604e+00 -4.612605e+00 6.409240e-01
      vertex   -2.773766e+00 -4.151236e+00 6.409240e-01
      vertex   -2.779162e+00 -4.159310e+00 6.703138e-01
    endloop
  endfacet
  facet normal -2.138101e-01 -4.000105e-01 -8.912221e-01
    outer loop
      vertex   -1.929418e+00 -4.658029e+00 6.658256e-01
      vertex   -2.773766e+00 -4.151236e+00 6.409240e-01
      vertex   -1.910604e+00 -4.612605e+00 6.409240e-01
    endloop
  endfacet
  facet normal -2.138110e-01 -4.000119e-01 -8.912212e-01
    outer loop
      vertex   -1.929418e+00 -4.658029e+00 6.658256e-01
      vertex   -2.801081e+00 -4.192116e+00 6.658256e-01
      vertex   -2.773766e+00 -4.151236e+00 6.409240e-01
    endloop
  endfacet
  facet normal 6.026407e-01 7.343198e-01 3.124078e-01
    outer loop
      vertex   -2.773766e+00 -4.151236e+00 6.409240e-01
      vertex   -3.537202e+00 -3.537203e+00 6.703138e-01
      vertex   -2.779162e+00 -4.159310e+00 6.703138e-01
    endloop
  endfacet
  facet normal 6.026409e-01 7.343200e-01 3.124070e-01
    outer loop
      vertex   -2.773766e+00 -4.151236e+00 6.409240e-01
      vertex   -3.530334e+00 -3.530336e+00 6.409240e-01
      vertex   -3.537202e+00 -3.537203e+00 6.703138e-01
    endloop
  endfacet
  facet normal -2.877410e-01 -3.506134e-01 -8.912213e-01
    outer loop
      vertex   -2.801081e+00 -4.192116e+00 6.658256e-01
      vertex   -3.530334e+00 -3.530336e+00 6.409240e-01
      vertex   -2.773766e+00 -4.151236e+00 6.409240e-01
    endloop
  endfacet
  facet normal -2.877410e-01 -3.506134e-01 -8.912213e-01
    outer loop
      vertex   -2.801081e+00 -4.192116e+00 6.658256e-01
      vertex   -3.565100e+00 -3.565101e+00 6.658256e-01
      vertex   -3.530334e+00 -3.530336e+00 6.409240e-01
    endloop
  endfacet
  facet normal 9.453757e-01 9.311159e-02 3.124019e-01
    outer loop
      vertex   -4.896714e+00 -9.740182e-01 6.409228e-01
      vertex   -5.002359e+00 -1.262628e-06 6.703126e-01
      vertex   -4.906240e+00 -9.759131e-01 6.703138e-01
    endloop
  endfacet
  facet normal 9.453829e-01 9.311304e-02 3.123797e-01
    outer loop
      vertex   -4.896714e+00 -9.740182e-01 6.409228e-01
      vertex   -4.992647e+00 -1.289477e-06 6.409204e-01
      vertex   -5.002359e+00 -1.262628e-06 6.703126e-01
    endloop
  endfacet
  facet normal -4.513786e-01 -4.445918e-02 -8.912243e-01
    outer loop
      vertex   -4.944936e+00 -9.836101e-01 6.658244e-01
      vertex   -4.992647e+00 -1.289477e-06 6.409204e-01
      vertex   -4.896714e+00 -9.740182e-01 6.409228e-01
    endloop
  endfacet
  facet normal -4.514284e-01 -4.446096e-02 -8.911990e-01
    outer loop
      vertex   -4.944936e+00 -9.836101e-01 6.658244e-01
      vertex   -5.041811e+00 -1.287585e-06 6.658244e-01
      vertex   -4.992647e+00 -1.289477e-06 6.409204e-01
    endloop
  endfacet
  facet normal 7.343239e-01 -6.026444e-01 3.123909e-01
    outer loop
      vertex   -4.151234e+00 2.773764e+00 6.409204e-01
      vertex   -3.537202e+00 3.537200e+00 6.703115e-01
      vertex   -4.159309e+00 2.779160e+00 6.703115e-01
    endloop
  endfacet
  facet normal 7.343230e-01 -6.026438e-01 3.123943e-01
    outer loop
      vertex   -4.151234e+00 2.773764e+00 6.409204e-01
      vertex   -3.530334e+00 3.530333e+00 6.409204e-01
      vertex   -3.537202e+00 3.537200e+00 6.703115e-01
    endloop
  endfacet
  facet normal -3.506292e-01 2.877542e-01 -8.912108e-01
    outer loop
      vertex   -4.192114e+00 2.801080e+00 6.658232e-01
      vertex   -3.530334e+00 3.530333e+00 6.409204e-01
      vertex   -4.151234e+00 2.773764e+00 6.409204e-01
    endloop
  endfacet
  facet normal -3.506255e-01 2.877508e-01 -8.912133e-01
    outer loop
      vertex   -4.192114e+00 2.801080e+00 6.658232e-01
      vertex   -3.565100e+00 3.565099e+00 6.658232e-01
      vertex   -3.530334e+00 3.530333e+00 6.409204e-01
    endloop
  endfacet
  facet normal -2.757569e-01 -9.090507e-01 3.123859e-01
    outer loop
      vertex   9.740171e-01 4.896713e+00 6.409204e-01
      vertex   1.914321e+00 4.621575e+00 6.703115e-01
      vertex   9.759120e-01 4.906238e+00 6.703115e-01
    endloop
  endfacet
  facet normal -2.757550e-01 -9.090410e-01 3.124158e-01
    outer loop
      vertex   9.740171e-01 4.896713e+00 6.409204e-01
      vertex   1.910604e+00 4.612602e+00 6.409204e-01
      vertex   1.914321e+00 4.621575e+00 6.703115e-01
    endloop
  endfacet
  facet normal 1.316690e-01 4.340539e-01 -8.912129e-01
    outer loop
      vertex   9.836087e-01 4.944935e+00 6.658232e-01
      vertex   1.910604e+00 4.612602e+00 6.409204e-01
      vertex   9.740171e-01 4.896713e+00 6.409204e-01
    endloop
  endfacet
  facet normal 1.316670e-01 4.340484e-01 -8.912159e-01
    outer loop
      vertex   9.836087e-01 4.944935e+00 6.658232e-01
      vertex   1.929418e+00 4.658027e+00 6.658232e-01
      vertex   1.910604e+00 4.612602e+00 6.409204e-01
    endloop
  endfacet
  facet normal -9.090453e-01 2.757560e-01 3.124025e-01
    outer loop
      vertex   4.896714e+00 -9.740182e-01 6.409228e-01
      vertex   4.621577e+00 -1.914321e+00 6.703138e-01
      vertex   4.906240e+00 -9.759131e-01 6.703138e-01
    endloop
  endfacet
  facet normal -9.090431e-01 2.757556e-01 3.124093e-01
    outer loop
      vertex   4.896714e+00 -9.740182e-01 6.409228e-01
      vertex   4.612604e+00 -1.910604e+00 6.409240e-01
      vertex   4.621577e+00 -1.914321e+00 6.703138e-01
    endloop
  endfacet
  facet normal 4.340367e-01 -1.316647e-01 -8.912219e-01
    outer loop
      vertex   4.944936e+00 -9.836101e-01 6.658244e-01
      vertex   4.612604e+00 -1.910604e+00 6.409240e-01
      vertex   4.896714e+00 -9.740182e-01 6.409228e-01
    endloop
  endfacet
  facet normal 4.340343e-01 -1.316638e-01 -8.912232e-01
    outer loop
      vertex   4.944936e+00 -9.836101e-01 6.658244e-01
      vertex   4.658028e+00 -1.929420e+00 6.658256e-01
      vertex   4.612604e+00 -1.910604e+00 6.409240e-01
    endloop
  endfacet
  facet normal -8.377790e-01 4.478018e-01 3.124099e-01
    outer loop
      vertex   4.612604e+00 -1.910604e+00 6.409240e-01
      vertex   4.159309e+00 -2.779163e+00 6.703138e-01
      vertex   4.621577e+00 -1.914321e+00 6.703138e-01
    endloop
  endfacet
  facet normal -8.377820e-01 4.478031e-01 3.123999e-01
    outer loop
      vertex   4.612604e+00 -1.910604e+00 6.409240e-01
      vertex   4.151234e+00 -2.773767e+00 6.409240e-01
      vertex   4.159309e+00 -2.779163e+00 6.703138e-01
    endloop
  endfacet
  facet normal 4.000088e-01 -2.138088e-01 -8.912232e-01
    outer loop
      vertex   4.658028e+00 -1.929420e+00 6.658256e-01
      vertex   4.151234e+00 -2.773767e+00 6.409240e-01
      vertex   4.612604e+00 -1.910604e+00 6.409240e-01
    endloop
  endfacet
  facet normal 4.000162e-01 -2.138134e-01 -8.912188e-01
    outer loop
      vertex   4.658028e+00 -1.929420e+00 6.658256e-01
      vertex   4.192114e+00 -2.801082e+00 6.658256e-01
      vertex   4.151234e+00 -2.773767e+00 6.409240e-01
    endloop
  endfacet
  facet normal -7.343210e-01 6.026421e-01 3.124023e-01
    outer loop
      vertex   4.151234e+00 -2.773767e+00 6.409240e-01
      vertex   3.537202e+00 -3.537203e+00 6.703138e-01
      vertex   4.159309e+00 -2.779163e+00 6.703138e-01
    endloop
  endfacet
  facet normal -7.343201e-01 6.026414e-01 3.124058e-01
    outer loop
      vertex   4.151234e+00 -2.773767e+00 6.409240e-01
      vertex   3.530334e+00 -3.530336e+00 6.409240e-01
      vertex   3.537202e+00 -3.537203e+00 6.703138e-01
    endloop
  endfacet
  facet normal 3.506170e-01 -2.877442e-01 -8.912189e-01
    outer loop
      vertex   4.192114e+00 -2.801082e+00 6.658256e-01
      vertex   3.530334e+00 -3.530336e+00 6.409240e-01
      vertex   4.151234e+00 -2.773767e+00 6.409240e-01
    endloop
  endfacet
  facet normal 3.506133e-01 -2.877407e-01 -8.912214e-01
    outer loop
      vertex   4.192114e+00 -2.801082e+00 6.658256e-01
      vertex   3.565100e+00 -3.565101e+00 6.658256e-01
      vertex   3.530334e+00 -3.530336e+00 6.409240e-01
    endloop
  endfacet
  facet normal 8.377818e-01 4.478036e-01 3.123999e-01
    outer loop
      vertex   -4.151234e+00 -2.773767e+00 6.409240e-01
      vertex   -4.621577e+00 -1.914321e+00 6.703138e-01
      vertex   -4.159309e+00 -2.779163e+00 6.703138e-01
    endloop
  endfacet
  facet normal 8.377811e-01 4.478032e-01 3.124022e-01
    outer loop
      vertex   -4.151234e+00 -2.773767e+00 6.409240e-01
      vertex   -4.612604e+00 -1.910604e+00 6.409240e-01
      vertex   -4.621577e+00 -1.914321e+00 6.703138e-01
    endloop
  endfacet
  facet normal -4.000113e-01 -2.138104e-01 -8.912217e-01
    outer loop
      vertex   -4.192115e+00 -2.801082e+00 6.658256e-01
      vertex   -4.612604e+00 -1.910604e+00 6.409240e-01
      vertex   -4.151234e+00 -2.773767e+00 6.409240e-01
    endloop
  endfacet
  facet normal -4.000069e-01 -2.138084e-01 -8.912241e-01
    outer loop
      vertex   -4.192115e+00 -2.801082e+00 6.658256e-01
      vertex   -4.658029e+00 -1.929420e+00 6.658256e-01
      vertex   -4.612604e+00 -1.910604e+00 6.409240e-01
    endloop
  endfacet
  facet normal 9.090460e-01 -2.757551e-01 3.124013e-01
    outer loop
      vertex   -4.896714e+00 9.740158e-01 6.409228e-01
      vertex   -4.621577e+00 1.914319e+00 6.703115e-01
      vertex   -4.906240e+00 9.759106e-01 6.703138e-01
    endloop
  endfacet
  facet normal 9.090440e-01 -2.757547e-01 3.124074e-01
    outer loop
      vertex   -4.896714e+00 9.740158e-01 6.409228e-01
      vertex   -4.612604e+00 1.910602e+00 6.409204e-01
      vertex   -4.621577e+00 1.914319e+00 6.703115e-01
    endloop
  endfacet
  facet normal -4.340374e-01 1.316616e-01 -8.912221e-01
    outer loop
      vertex   -4.944936e+00 9.836077e-01 6.658244e-01
      vertex   -4.612604e+00 1.910602e+00 6.409204e-01
      vertex   -4.896714e+00 9.740158e-01 6.409228e-01
    endloop
  endfacet
  facet normal -4.340522e-01 1.316671e-01 -8.912140e-01
    outer loop
      vertex   -4.944936e+00 9.836077e-01 6.658244e-01
      vertex   -4.658028e+00 1.929417e+00 6.658232e-01
      vertex   -4.612604e+00 1.910602e+00 6.409204e-01
    endloop
  endfacet
  facet normal -2.552321e-01 1.364248e-01 9.572068e-01
    outer loop
      vertex   -3.745116e+00 2.502406e+00 8.652115e-01
      vertex   -2.948123e+00 1.221152e+00 1.260333e+00
      vertex   -2.653240e+00 1.772837e+00 1.260333e+00
    endloop
  endfacet
  facet normal -2.552322e-01 1.364247e-01 9.572068e-01
    outer loop
      vertex   -3.745116e+00 2.502406e+00 8.652115e-01
      vertex   -4.161351e+00 1.723687e+00 8.652115e-01
      vertex   -2.948123e+00 1.221152e+00 1.260333e+00
    endloop
  endfacet
  facet normal -4.058560e-01 -7.593025e-01 5.086655e-01
    outer loop
      vertex   2.804972e+00 4.197936e+00 7.485664e-01
      vertex   1.914321e+00 4.621575e+00 6.703115e-01
      vertex   2.779162e+00 4.159308e+00 6.703115e-01
    endloop
  endfacet
  facet normal -4.058562e-01 -7.593033e-01 5.086642e-01
    outer loop
      vertex   2.804972e+00 4.197936e+00 7.485664e-01
      vertex   1.932099e+00 4.664496e+00 7.485664e-01
      vertex   1.914321e+00 4.621575e+00 6.703115e-01
    endloop
  endfacet
  facet normal -2.769432e-01 8.400958e-02 9.572068e-01
    outer loop
      vertex   -4.161351e+00 1.723687e+00 8.652115e-01
      vertex   -3.129710e+00 6.225367e-01 1.260333e+00
      vertex   -2.948123e+00 1.221152e+00 1.260333e+00
    endloop
  endfacet
  facet normal -2.769432e-01 8.400955e-02 9.572068e-01
    outer loop
      vertex   -4.161351e+00 1.723687e+00 8.652115e-01
      vertex   -4.417666e+00 8.787271e-01 8.652115e-01
      vertex   -3.129710e+00 6.225367e-01 1.260333e+00
    endloop
  endfacet
  facet normal -8.438945e-02 -8.568169e-01 5.086680e-01
    outer loop
      vertex   9.849755e-01 4.951803e+00 7.485664e-01
      vertex   -1.944335e-08 5.002357e+00 6.703115e-01
      vertex   9.759120e-01 4.906238e+00 6.703115e-01
    endloop
  endfacet
  facet normal -8.438965e-02 -8.568145e-01 5.086721e-01
    outer loop
      vertex   9.849755e-01 4.951803e+00 7.485664e-01
      vertex   2.770944e-08 5.048816e+00 7.485664e-01
      vertex   -1.944335e-08 5.002357e+00 6.703115e-01
    endloop
  endfacet
  facet normal -8.238872e-01 2.499236e-01 5.086729e-01
    outer loop
      vertex   4.664498e+00 -1.932100e+00 7.485676e-01
      vertex   4.906240e+00 -9.759131e-01 6.703138e-01
      vertex   4.621577e+00 -1.914321e+00 6.703138e-01
    endloop
  endfacet
  facet normal -8.238874e-01 2.499236e-01 5.086726e-01
    outer loop
      vertex   4.664498e+00 -1.932100e+00 7.485676e-01
      vertex   4.951804e+00 -9.849766e-01 7.485664e-01
      vertex   4.906240e+00 -9.759131e-01 6.703138e-01
    endloop
  endfacet
  facet normal 5.461894e-01 -6.655337e-01 5.086669e-01
    outer loop
      vertex   -2.804972e+00 4.197936e+00 7.485664e-01
      vertex   -3.537202e+00 3.537200e+00 6.703115e-01
      vertex   -2.779162e+00 4.159308e+00 6.703115e-01
    endloop
  endfacet
  facet normal 5.461885e-01 -6.655329e-01 5.086689e-01
    outer loop
      vertex   -2.804972e+00 4.197936e+00 7.485664e-01
      vertex   -3.570052e+00 3.570051e+00 7.485664e-01
      vertex   -3.537202e+00 3.537200e+00 6.703115e-01
    endloop
  endfacet
  facet normal 2.836666e-02 2.880112e-01 9.572068e-01
    outer loop
      vertex   8.787282e-01 4.417664e+00 8.652115e-01
      vertex   -1.217697e-07 3.191023e+00 1.260333e+00
      vertex   6.225378e-01 3.129708e+00 1.260333e+00
    endloop
  endfacet
  facet normal 2.836661e-02 2.880112e-01 9.572068e-01
    outer loop
      vertex   8.787282e-01 4.417664e+00 8.652115e-01
      vertex   -9.041910e-08 4.504212e+00 8.652115e-01
      vertex   -1.217697e-07 3.191023e+00 1.260333e+00
    endloop
  endfacet
  facet normal -7.592997e-01 4.058538e-01 5.086716e-01
    outer loop
      vertex   4.197937e+00 -2.804973e+00 7.485664e-01
      vertex   4.621577e+00 -1.914321e+00 6.703138e-01
      vertex   4.159309e+00 -2.779163e+00 6.703138e-01
    endloop
  endfacet
  facet normal -7.592990e-01 4.058536e-01 5.086727e-01
    outer loop
      vertex   4.197937e+00 -2.804973e+00 7.485664e-01
      vertex   4.664498e+00 -1.932100e+00 7.485676e-01
      vertex   4.621577e+00 -1.914321e+00 6.703138e-01
    endloop
  endfacet
  facet normal 4.058562e-01 -7.593029e-01 5.086648e-01
    outer loop
      vertex   -1.932099e+00 4.664496e+00 7.485664e-01
      vertex   -2.779162e+00 4.159308e+00 6.703115e-01
      vertex   -1.914320e+00 4.621575e+00 6.703115e-01
    endloop
  endfacet
  facet normal 4.058555e-01 -7.593020e-01 5.086667e-01
    outer loop
      vertex   -1.932099e+00 4.664496e+00 7.485664e-01
      vertex   -2.804972e+00 4.197936e+00 7.485664e-01
      vertex   -2.779162e+00 4.159308e+00 6.703115e-01
    endloop
  endfacet
  facet normal -8.238839e-01 -2.499210e-01 5.086794e-01
    outer loop
      vertex   4.951805e+00 9.849740e-01 7.485664e-01
      vertex   4.621577e+00 1.914319e+00 6.703115e-01
      vertex   4.906240e+00 9.759106e-01 6.703138e-01
    endloop
  endfacet
  facet normal -8.238915e-01 -2.499249e-01 5.086652e-01
    outer loop
      vertex   4.951805e+00 9.849740e-01 7.485664e-01
      vertex   4.664498e+00 1.932097e+00 7.485664e-01
      vertex   4.621577e+00 1.914319e+00 6.703115e-01
    endloop
  endfacet
  facet normal -5.461893e-01 6.655338e-01 5.086669e-01
    outer loop
      vertex   2.804972e+00 -4.197938e+00 7.485688e-01
      vertex   3.537202e+00 -3.537203e+00 6.703138e-01
      vertex   2.779162e+00 -4.159310e+00 6.703138e-01
    endloop
  endfacet
  facet normal -5.461866e-01 6.655315e-01 5.086728e-01
    outer loop
      vertex   2.804972e+00 -4.197938e+00 7.485688e-01
      vertex   3.570052e+00 -3.570054e+00 7.485676e-01
      vertex   3.537202e+00 -3.537203e+00 6.703138e-01
    endloop
  endfacet
  facet normal 2.499239e-01 -8.238896e-01 5.086688e-01
    outer loop
      vertex   -9.849752e-01 4.951803e+00 7.485664e-01
      vertex   -1.914320e+00 4.621575e+00 6.703115e-01
      vertex   -9.759119e-01 4.906239e+00 6.703126e-01
    endloop
  endfacet
  facet normal 2.499250e-01 -8.238917e-01 5.086648e-01
    outer loop
      vertex   -9.849752e-01 4.951803e+00 7.485664e-01
      vertex   -1.932099e+00 4.664496e+00 7.485664e-01
      vertex   -1.914320e+00 4.621575e+00 6.703115e-01
    endloop
  endfacet
  facet normal -8.568140e-01 -8.438927e-02 5.086730e-01
    outer loop
      vertex   5.048816e+00 -1.267813e-06 7.485664e-01
      vertex   4.906240e+00 9.759106e-01 6.703138e-01
      vertex   5.002359e+00 -1.313569e-06 6.703126e-01
    endloop
  endfacet
  facet normal -8.568103e-01 -8.438822e-02 5.086794e-01
    outer loop
      vertex   5.048816e+00 -1.267813e-06 7.485664e-01
      vertex   4.951805e+00 9.849740e-01 7.485664e-01
      vertex   4.906240e+00 9.759106e-01 6.703138e-01
    endloop
  endfacet
  facet normal 8.238836e-01 2.499222e-01 5.086794e-01
    outer loop
      vertex   -4.951805e+00 -9.849765e-01 7.485664e-01
      vertex   -4.621577e+00 -1.914321e+00 6.703138e-01
      vertex   -4.906240e+00 -9.759131e-01 6.703138e-01
    endloop
  endfacet
  facet normal 8.238883e-01 2.499246e-01 5.086706e-01
    outer loop
      vertex   -4.951805e+00 -9.849765e-01 7.485664e-01
      vertex   -4.664498e+00 -1.932100e+00 7.485676e-01
      vertex   -4.621577e+00 -1.914321e+00 6.703138e-01
    endloop
  endfacet
  facet normal 8.438941e-02 -8.568146e-01 5.086720e-01
    outer loop
      vertex   -9.849752e-01 4.951803e+00 7.485664e-01
      vertex   -1.944335e-08 5.002357e+00 6.703115e-01
      vertex   2.770944e-08 5.048816e+00 7.485664e-01
    endloop
  endfacet
  facet normal 8.438926e-02 -8.568165e-01 5.086688e-01
    outer loop
      vertex   -9.849752e-01 4.951803e+00 7.485664e-01
      vertex   -9.759119e-01 4.906239e+00 6.703126e-01
      vertex   -1.944335e-08 5.002357e+00 6.703115e-01
    endloop
  endfacet
  facet normal -8.568144e-01 8.438932e-02 5.086723e-01
    outer loop
      vertex   4.951804e+00 -9.849766e-01 7.485664e-01
      vertex   5.002359e+00 -1.313569e-06 6.703126e-01
      vertex   4.906240e+00 -9.759131e-01 6.703138e-01
    endloop
  endfacet
  facet normal -8.568140e-01 8.438936e-02 5.086729e-01
    outer loop
      vertex   4.951804e+00 -9.849766e-01 7.485664e-01
      vertex   5.048816e+00 -1.267813e-06 7.485664e-01
      vertex   5.002359e+00 -1.313569e-06 6.703126e-01
    endloop
  endfacet
  facet normal 7.593048e-01 -4.058571e-01 5.086612e-01
    outer loop
      vertex   -4.197937e+00 2.804971e+00 7.485664e-01
      vertex   -4.621577e+00 1.914319e+00 6.703115e-01
      vertex   -4.159309e+00 2.779160e+00 6.703115e-01
    endloop
  endfacet
  facet normal 7.593025e-01 -4.058563e-01 5.086653e-01
    outer loop
      vertex   -4.197937e+00 2.804971e+00 7.485664e-01
      vertex   -4.664498e+00 1.932097e+00 7.485664e-01
      vertex   -4.621577e+00 1.914319e+00 6.703115e-01
    endloop
  endfacet
  facet normal -5.461888e-01 -6.655326e-01 5.086690e-01
    outer loop
      vertex   3.570052e+00 3.570051e+00 7.485664e-01
      vertex   2.779162e+00 4.159308e+00 6.703115e-01
      vertex   3.537202e+00 3.537200e+00 6.703115e-01
    endloop
  endfacet
  facet normal -5.461898e-01 -6.655345e-01 5.086654e-01
    outer loop
      vertex   3.570052e+00 3.570051e+00 7.485664e-01
      vertex   2.804972e+00 4.197936e+00 7.485664e-01
      vertex   2.779162e+00 4.159308e+00 6.703115e-01
    endloop
  endfacet
  facet normal 2.552354e-01 -1.364205e-01 9.572065e-01
    outer loop
      vertex   3.745116e+00 -2.502408e+00 8.652139e-01
      vertex   2.948122e+00 -1.221154e+00 1.260333e+00
      vertex   2.653238e+00 -1.772839e+00 1.260337e+00
    endloop
  endfacet
  facet normal 2.552306e-01 -1.364238e-01 9.572073e-01
    outer loop
      vertex   3.745116e+00 -2.502408e+00 8.652139e-01
      vertex   4.161351e+00 -1.723689e+00 8.652139e-01
      vertex   2.948122e+00 -1.221154e+00 1.260333e+00
    endloop
  endfacet
  facet normal -6.655360e-01 -5.461916e-01 5.086616e-01
    outer loop
      vertex   4.197937e+00 2.804971e+00 7.485664e-01
      vertex   3.537202e+00 3.537200e+00 6.703115e-01
      vertex   4.159309e+00 2.779160e+00 6.703115e-01
    endloop
  endfacet
  facet normal -6.655333e-01 -5.461884e-01 5.086686e-01
    outer loop
      vertex   4.197937e+00 2.804971e+00 7.485664e-01
      vertex   3.570052e+00 3.570051e+00 7.485664e-01
      vertex   3.537202e+00 3.537200e+00 6.703115e-01
    endloop
  endfacet
  facet normal -4.058542e-01 7.592987e-01 5.086726e-01
    outer loop
      vertex   1.932099e+00 -4.664500e+00 7.485676e-01
      vertex   2.779162e+00 -4.159310e+00 6.703138e-01
      vertex   1.914320e+00 -4.621578e+00 6.703138e-01
    endloop
  endfacet
  facet normal -4.058564e-01 7.593015e-01 5.086667e-01
    outer loop
      vertex   1.932099e+00 -4.664500e+00 7.485676e-01
      vertex   2.804972e+00 -4.197938e+00 7.485688e-01
      vertex   2.779162e+00 -4.159310e+00 6.703138e-01
    endloop
  endfacet
  facet normal -7.593027e-01 -4.058559e-01 5.086653e-01
    outer loop
      vertex   4.664498e+00 1.932097e+00 7.485664e-01
      vertex   4.159309e+00 2.779160e+00 6.703115e-01
      vertex   4.621577e+00 1.914319e+00 6.703115e-01
    endloop
  endfacet
  facet normal -7.593046e-01 -4.058574e-01 5.086613e-01
    outer loop
      vertex   4.664498e+00 1.932097e+00 7.485664e-01
      vertex   4.197937e+00 2.804971e+00 7.485664e-01
      vertex   4.159309e+00 2.779160e+00 6.703115e-01
    endloop
  endfacet
  facet normal -2.499233e-01 8.238883e-01 5.086711e-01
    outer loop
      vertex   9.849752e-01 -4.951806e+00 7.485676e-01
      vertex   1.914320e+00 -4.621578e+00 6.703138e-01
      vertex   9.759119e-01 -4.906241e+00 6.703138e-01
    endloop
  endfacet
  facet normal -2.499229e-01 8.238874e-01 5.086729e-01
    outer loop
      vertex   9.849752e-01 -4.951806e+00 7.485676e-01
      vertex   1.932099e+00 -4.664500e+00 7.485676e-01
      vertex   1.914320e+00 -4.621578e+00 6.703138e-01
    endloop
  endfacet
  facet normal -8.438871e-02 8.568146e-01 5.086720e-01
    outer loop
      vertex   -3.070019e-08 -5.048818e+00 7.485688e-01
      vertex   9.759119e-01 -4.906241e+00 6.703138e-01
      vertex   2.422069e-08 -5.002360e+00 6.703138e-01
    endloop
  endfacet
  facet normal -8.438885e-02 8.568151e-01 5.086712e-01
    outer loop
      vertex   -3.070019e-08 -5.048818e+00 7.485688e-01
      vertex   9.849752e-01 -4.951806e+00 7.485676e-01
      vertex   9.759119e-01 -4.906241e+00 6.703138e-01
    endloop
  endfacet
  facet normal 8.438914e-02 8.568164e-01 5.086689e-01
    outer loop
      vertex   -9.849755e-01 -4.951805e+00 7.485676e-01
      vertex   2.422069e-08 -5.002360e+00 6.703138e-01
      vertex   -9.759120e-01 -4.906241e+00 6.703138e-01
    endloop
  endfacet
  facet normal 8.438930e-02 8.568145e-01 5.086721e-01
    outer loop
      vertex   -9.849755e-01 -4.951805e+00 7.485676e-01
      vertex   -3.070019e-08 -5.048818e+00 7.485688e-01
      vertex   2.422069e-08 -5.002360e+00 6.703138e-01
    endloop
  endfacet
  facet normal 4.058562e-01 7.593024e-01 5.086655e-01
    outer loop
      vertex   -2.804972e+00 -4.197938e+00 7.485688e-01
      vertex   -1.914321e+00 -4.621578e+00 6.703138e-01
      vertex   -2.779162e+00 -4.159310e+00 6.703138e-01
    endloop
  endfacet
  facet normal 4.058550e-01 7.592987e-01 5.086720e-01
    outer loop
      vertex   -2.804972e+00 -4.197938e+00 7.485688e-01
      vertex   -1.932099e+00 -4.664500e+00 7.485676e-01
      vertex   -1.914321e+00 -4.621578e+00 6.703138e-01
    endloop
  endfacet
  facet normal 2.499228e-01 8.238877e-01 5.086725e-01
    outer loop
      vertex   -1.932099e+00 -4.664500e+00 7.485676e-01
      vertex   -9.759120e-01 -4.906241e+00 6.703138e-01
      vertex   -1.914321e+00 -4.621578e+00 6.703138e-01
    endloop
  endfacet
  facet normal 2.499230e-01 8.238896e-01 5.086692e-01
    outer loop
      vertex   -1.932099e+00 -4.664500e+00 7.485676e-01
      vertex   -9.849755e-01 -4.951805e+00 7.485676e-01
      vertex   -9.759120e-01 -4.906241e+00 6.703138e-01
    endloop
  endfacet
  facet normal 5.461872e-01 6.655310e-01 5.086728e-01
    outer loop
      vertex   -3.570052e+00 -3.570054e+00 7.485676e-01
      vertex   -2.779162e+00 -4.159310e+00 6.703138e-01
      vertex   -3.537202e+00 -3.537203e+00 6.703138e-01
    endloop
  endfacet
  facet normal 5.461894e-01 6.655349e-01 5.086654e-01
    outer loop
      vertex   -3.570052e+00 -3.570054e+00 7.485676e-01
      vertex   -2.804972e+00 -4.197938e+00 7.485688e-01
      vertex   -2.779162e+00 -4.159310e+00 6.703138e-01
    endloop
  endfacet
  facet normal 6.655340e-01 5.461900e-01 5.086658e-01
    outer loop
      vertex   -4.197937e+00 -2.804973e+00 7.485676e-01
      vertex   -3.537202e+00 -3.537203e+00 6.703138e-01
      vertex   -4.159309e+00 -2.779163e+00 6.703138e-01
    endloop
  endfacet
  facet normal 6.655313e-01 5.461868e-01 5.086728e-01
    outer loop
      vertex   -4.197937e+00 -2.804973e+00 7.485676e-01
      vertex   -3.570052e+00 -3.570054e+00 7.485676e-01
      vertex   -3.537202e+00 -3.537203e+00 6.703138e-01
    endloop
  endfacet
  facet normal 8.568140e-01 8.438928e-02 5.086730e-01
    outer loop
      vertex   -5.048816e+00 -1.293773e-06 7.485664e-01
      vertex   -4.906240e+00 -9.759131e-01 6.703138e-01
      vertex   -5.002359e+00 -1.262628e-06 6.703126e-01
    endloop
  endfacet
  facet normal 8.568103e-01 8.438822e-02 5.086794e-01
    outer loop
      vertex   -5.048816e+00 -1.293773e-06 7.485664e-01
      vertex   -4.951805e+00 -9.849765e-01 7.485664e-01
      vertex   -4.906240e+00 -9.759131e-01 6.703138e-01
    endloop
  endfacet
  facet normal -2.237135e-01 -1.835954e-01 9.572069e-01
    outer loop
      vertex   -3.745117e+00 -2.502408e+00 8.652139e-01
      vertex   -2.256393e+00 -2.256397e+00 1.260337e+00
      vertex   -2.653240e+00 -1.772840e+00 1.260335e+00
    endloop
  endfacet
  facet normal -2.237133e-01 -1.835968e-01 9.572067e-01
    outer loop
      vertex   -3.745117e+00 -2.502408e+00 8.652139e-01
      vertex   -3.184960e+00 -3.184961e+00 8.652139e-01
      vertex   -2.256393e+00 -2.256397e+00 1.260337e+00
    endloop
  endfacet
  facet normal 6.655328e-01 -5.461890e-01 5.086686e-01
    outer loop
      vertex   -3.570052e+00 3.570051e+00 7.485664e-01
      vertex   -4.159309e+00 2.779160e+00 6.703115e-01
      vertex   -3.537202e+00 3.537200e+00 6.703115e-01
    endloop
  endfacet
  facet normal 6.655364e-01 -5.461910e-01 5.086617e-01
    outer loop
      vertex   -3.570052e+00 3.570051e+00 7.485664e-01
      vertex   -4.197937e+00 2.804971e+00 7.485664e-01
      vertex   -4.159309e+00 2.779160e+00 6.703115e-01
    endloop
  endfacet
  facet normal 8.568144e-01 -8.438932e-02 5.086723e-01
    outer loop
      vertex   -4.951804e+00 9.849741e-01 7.485664e-01
      vertex   -5.002359e+00 -1.262628e-06 6.703126e-01
      vertex   -4.906240e+00 9.759106e-01 6.703138e-01
    endloop
  endfacet
  facet normal 8.568140e-01 -8.438935e-02 5.086729e-01
    outer loop
      vertex   -4.951804e+00 9.849741e-01 7.485664e-01
      vertex   -5.048816e+00 -1.293773e-06 7.485664e-01
      vertex   -5.002359e+00 -1.262628e-06 6.703126e-01
    endloop
  endfacet
  facet normal -9.800948e-02 -9.951007e-01 1.299243e-02
    outer loop
      vertex   2.770944e-08 5.048816e+00 7.485664e-01
      vertex   9.852324e-01 4.953096e+00 8.495009e-01
      vertex   1.816131e-09 5.050133e+00 8.495021e-01
    endloop
  endfacet
  facet normal -9.800977e-02 -9.951006e-01 1.299532e-02
    outer loop
      vertex   2.770944e-08 5.048816e+00 7.485664e-01
      vertex   9.849755e-01 4.951803e+00 7.485664e-01
      vertex   9.852324e-01 4.953096e+00 8.495009e-01
    endloop
  endfacet
  facet normal -4.713571e-01 -8.818467e-01 1.299247e-02
    outer loop
      vertex   1.932099e+00 4.664496e+00 7.485664e-01
      vertex   2.805704e+00 4.199032e+00 8.495009e-01
      vertex   1.932603e+00 4.665714e+00 8.495009e-01
    endloop
  endfacet
  facet normal -4.713571e-01 -8.818467e-01 1.299222e-02
    outer loop
      vertex   1.932099e+00 4.664496e+00 7.485664e-01
      vertex   2.804972e+00 4.197936e+00 7.485664e-01
      vertex   2.805704e+00 4.199032e+00 8.495009e-01
    endloop
  endfacet
  facet normal -9.568597e-01 -2.902599e-01 1.299087e-02
    outer loop
      vertex   4.664498e+00 1.932097e+00 7.485664e-01
      vertex   4.953097e+00 9.852311e-01 8.495009e-01
      vertex   4.665715e+00 1.932601e+00 8.495009e-01
    endloop
  endfacet
  facet normal -9.568596e-01 -2.902603e-01 1.298692e-02
    outer loop
      vertex   4.664498e+00 1.932097e+00 7.485664e-01
      vertex   4.951805e+00 9.849740e-01 7.485664e-01
      vertex   4.953097e+00 9.852311e-01 8.495009e-01
    endloop
  endfacet
  facet normal -9.951008e-01 -9.800920e-02 1.298665e-02
    outer loop
      vertex   4.951805e+00 9.849740e-01 7.485664e-01
      vertex   5.050134e+00 -1.234445e-06 8.495021e-01
      vertex   4.953097e+00 9.852311e-01 8.495009e-01
    endloop
  endfacet
  facet normal -9.951008e-01 -9.800860e-02 1.299248e-02
    outer loop
      vertex   4.951805e+00 9.849740e-01 7.485664e-01
      vertex   5.048816e+00 -1.267813e-06 7.485664e-01
      vertex   5.050134e+00 -1.234445e-06 8.495021e-01
    endloop
  endfacet
  facet normal -9.951007e-01 9.800920e-02 1.299242e-02
    outer loop
      vertex   5.048816e+00 -1.267813e-06 7.485664e-01
      vertex   4.953097e+00 -9.852336e-01 8.495021e-01
      vertex   5.050134e+00 -1.234445e-06 8.495021e-01
    endloop
  endfacet
  facet normal -9.951006e-01 9.800948e-02 1.299524e-02
    outer loop
      vertex   5.048816e+00 -1.267813e-06 7.485664e-01
      vertex   4.951804e+00 -9.849766e-01 7.485664e-01
      vertex   4.953097e+00 -9.852336e-01 8.495021e-01
    endloop
  endfacet
  facet normal -6.343397e-01 7.729452e-01 1.299505e-02
    outer loop
      vertex   3.570052e+00 -3.570054e+00 7.485676e-01
      vertex   2.805704e+00 -4.199035e+00 8.495033e-01
      vertex   3.570984e+00 -3.570986e+00 8.495033e-01
    endloop
  endfacet
  facet normal -6.343395e-01 7.729453e-01 1.299635e-02
    outer loop
      vertex   3.570052e+00 -3.570054e+00 7.485676e-01
      vertex   2.804972e+00 -4.197938e+00 7.485688e-01
      vertex   2.805704e+00 -4.199035e+00 8.495033e-01
    endloop
  endfacet
  facet normal -4.713566e-01 8.818469e-01 1.299742e-02
    outer loop
      vertex   2.804972e+00 -4.197938e+00 7.485688e-01
      vertex   1.932603e+00 -4.665717e+00 8.495021e-01
      vertex   2.805704e+00 -4.199035e+00 8.495033e-01
    endloop
  endfacet
  facet normal -4.713575e-01 8.818466e-01 1.298796e-02
    outer loop
      vertex   2.804972e+00 -4.197938e+00 7.485688e-01
      vertex   1.932099e+00 -4.664500e+00 7.485676e-01
      vertex   1.932603e+00 -4.665717e+00 8.495021e-01
    endloop
  endfacet
  facet normal -2.902594e-01 9.568599e-01 1.298804e-02
    outer loop
      vertex   1.932099e+00 -4.664500e+00 7.485676e-01
      vertex   9.852323e-01 -4.953098e+00 8.495033e-01
      vertex   1.932603e+00 -4.665717e+00 8.495021e-01
    endloop
  endfacet
  facet normal -2.902595e-01 9.568598e-01 1.298655e-02
    outer loop
      vertex   1.932099e+00 -4.664500e+00 7.485676e-01
      vertex   9.849752e-01 -4.951806e+00 7.485676e-01
      vertex   9.852323e-01 -4.953098e+00 8.495033e-01
    endloop
  endfacet
  facet normal 9.800949e-02 9.951007e-01 1.298655e-02
    outer loop
      vertex   -3.070019e-08 -5.048818e+00 7.485688e-01
      vertex   -9.852324e-01 -4.953098e+00 8.495033e-01
      vertex   -1.816131e-09 -5.050135e+00 8.495045e-01
    endloop
  endfacet
  facet normal 9.801006e-02 9.951006e-01 1.299223e-02
    outer loop
      vertex   -3.070019e-08 -5.048818e+00 7.485688e-01
      vertex   -9.849755e-01 -4.951805e+00 7.485676e-01
      vertex   -9.852324e-01 -4.953098e+00 8.495033e-01
    endloop
  endfacet
  facet normal 2.902594e-01 9.568598e-01 1.299198e-02
    outer loop
      vertex   -9.849755e-01 -4.951805e+00 7.485676e-01
      vertex   -1.932603e+00 -4.665717e+00 8.495033e-01
      vertex   -9.852324e-01 -4.953098e+00 8.495033e-01
    endloop
  endfacet
  facet normal 2.902590e-01 9.568600e-01 1.298746e-02
    outer loop
      vertex   -9.849755e-01 -4.951805e+00 7.485676e-01
      vertex   -1.932099e+00 -4.664500e+00 7.485676e-01
      vertex   -1.932603e+00 -4.665717e+00 8.495033e-01
    endloop
  endfacet
  facet normal 7.729452e-01 6.343397e-01 1.299317e-02
    outer loop
      vertex   -3.570052e+00 -3.570054e+00 7.485676e-01
      vertex   -4.199033e+00 -2.805706e+00 8.495021e-01
      vertex   -3.570984e+00 -3.570986e+00 8.495033e-01
    endloop
  endfacet
  facet normal 7.729455e-01 6.343392e-01 1.299822e-02
    outer loop
      vertex   -3.570052e+00 -3.570054e+00 7.485676e-01
      vertex   -4.197937e+00 -2.804973e+00 7.485676e-01
      vertex   -4.199033e+00 -2.805706e+00 8.495021e-01
    endloop
  endfacet
  facet normal 9.568596e-01 2.902599e-01 1.299215e-02
    outer loop
      vertex   -4.664498e+00 -1.932100e+00 7.485676e-01
      vertex   -4.953097e+00 -9.852336e-01 8.495009e-01
      vertex   -4.665715e+00 -1.932604e+00 8.495021e-01
    endloop
  endfacet
  facet normal 9.568596e-01 2.902604e-01 1.298692e-02
    outer loop
      vertex   -4.664498e+00 -1.932100e+00 7.485676e-01
      vertex   -4.951805e+00 -9.849765e-01 7.485664e-01
      vertex   -4.953097e+00 -9.852336e-01 8.495009e-01
    endloop
  endfacet
  facet normal 9.951007e-01 -9.800920e-02 1.299244e-02
    outer loop
      vertex   -5.048816e+00 -1.293773e-06 7.485664e-01
      vertex   -4.953097e+00 9.852311e-01 8.495021e-01
      vertex   -5.050134e+00 -1.307090e-06 8.495021e-01
    endloop
  endfacet
  facet normal 9.951006e-01 -9.800948e-02 1.299524e-02
    outer loop
      vertex   -5.048816e+00 -1.293773e-06 7.485664e-01
      vertex   -4.951804e+00 9.849741e-01 7.485664e-01
      vertex   -4.953097e+00 9.852311e-01 8.495021e-01
    endloop
  endfacet
  facet normal 8.818468e-01 -4.713570e-01 1.299057e-02
    outer loop
      vertex   -4.664498e+00 1.932097e+00 7.485664e-01
      vertex   -4.199033e+00 2.805703e+00 8.495009e-01
      vertex   -4.665715e+00 1.932601e+00 8.495009e-01
    endloop
  endfacet
  facet normal 8.818464e-01 -4.713575e-01 1.299742e-02
    outer loop
      vertex   -4.664498e+00 1.932097e+00 7.485664e-01
      vertex   -4.197937e+00 2.804971e+00 7.485664e-01
      vertex   -4.199033e+00 2.805703e+00 8.495009e-01
    endloop
  endfacet
  facet normal 6.343395e-01 -7.729454e-01 1.299292e-02
    outer loop
      vertex   -3.570052e+00 3.570051e+00 7.485664e-01
      vertex   -2.805704e+00 4.199032e+00 8.495009e-01
      vertex   -3.570984e+00 3.570983e+00 8.495009e-01
    endloop
  endfacet
  facet normal 6.343396e-01 -7.729453e-01 1.299179e-02
    outer loop
      vertex   -3.570052e+00 3.570051e+00 7.485664e-01
      vertex   -2.804972e+00 4.197936e+00 7.485664e-01
      vertex   -2.805704e+00 4.199032e+00 8.495009e-01
    endloop
  endfacet
  facet normal 4.713571e-01 -8.818467e-01 1.299222e-02
    outer loop
      vertex   -2.804972e+00 4.197936e+00 7.485664e-01
      vertex   -1.932603e+00 4.665714e+00 8.495009e-01
      vertex   -2.805704e+00 4.199032e+00 8.495009e-01
    endloop
  endfacet
  facet normal 4.713570e-01 -8.818468e-01 1.299317e-02
    outer loop
      vertex   -2.804972e+00 4.197936e+00 7.485664e-01
      vertex   -1.932099e+00 4.664496e+00 7.485664e-01
      vertex   -1.932603e+00 4.665714e+00 8.495009e-01
    endloop
  endfacet
  facet normal 2.902602e-01 -9.568595e-01 1.299369e-02
    outer loop
      vertex   -1.932099e+00 4.664496e+00 7.485664e-01
      vertex   -9.852323e-01 4.953096e+00 8.495009e-01
      vertex   -1.932603e+00 4.665714e+00 8.495009e-01
    endloop
  endfacet
  facet normal 2.902603e-01 -9.568595e-01 1.299235e-02
    outer loop
      vertex   -1.932099e+00 4.664496e+00 7.485664e-01
      vertex   -9.849752e-01 4.951803e+00 7.485664e-01
      vertex   -9.852323e-01 4.953096e+00 8.495009e-01
    endloop
  endfacet
  facet normal 9.800949e-02 -9.951007e-01 1.299246e-02
    outer loop
      vertex   -9.849752e-01 4.951803e+00 7.485664e-01
      vertex   1.816131e-09 5.050133e+00 8.495021e-01
      vertex   -9.852323e-01 4.953096e+00 8.495009e-01
    endloop
  endfacet
  facet normal 9.800949e-02 -9.951007e-01 1.299248e-02
    outer loop
      vertex   -9.849752e-01 4.951803e+00 7.485664e-01
      vertex   2.770944e-08 5.048816e+00 7.485664e-01
      vertex   1.816131e-09 5.050133e+00 8.495021e-01
    endloop
  endfacet
  facet normal -1.364241e-01 2.552322e-01 9.572069e-01
    outer loop
      vertex   -1.723688e+00 4.161349e+00 8.652115e-01
      vertex   -1.772839e+00 2.653238e+00 1.260333e+00
      vertex   -1.221152e+00 2.948121e+00 1.260333e+00
    endloop
  endfacet
  facet normal -1.364245e-01 2.552322e-01 9.572068e-01
    outer loop
      vertex   -1.723688e+00 4.161349e+00 8.652115e-01
      vertex   -2.502407e+00 3.745115e+00 8.652115e-01
      vertex   -1.772839e+00 2.653238e+00 1.260333e+00
    endloop
  endfacet
  facet normal -6.343395e-01 -7.729454e-01 1.299179e-02
    outer loop
      vertex   2.804972e+00 4.197936e+00 7.485664e-01
      vertex   3.570984e+00 3.570983e+00 8.495009e-01
      vertex   2.805704e+00 4.199032e+00 8.495009e-01
    endloop
  endfacet
  facet normal -6.343396e-01 -7.729453e-01 1.299292e-02
    outer loop
      vertex   2.804972e+00 4.197936e+00 7.485664e-01
      vertex   3.570052e+00 3.570051e+00 7.485664e-01
      vertex   3.570984e+00 3.570983e+00 8.495009e-01
    endloop
  endfacet
  facet normal -7.729454e-01 -6.343395e-01 1.299374e-02
    outer loop
      vertex   3.570052e+00 3.570051e+00 7.485664e-01
      vertex   4.199033e+00 2.805703e+00 8.495009e-01
      vertex   3.570984e+00 3.570983e+00 8.495009e-01
    endloop
  endfacet
  facet normal -7.729455e-01 -6.343393e-01 1.299635e-02
    outer loop
      vertex   3.570052e+00 3.570051e+00 7.485664e-01
      vertex   4.197937e+00 2.804971e+00 7.485664e-01
      vertex   4.199033e+00 2.805703e+00 8.495009e-01
    endloop
  endfacet
  facet normal -8.818468e-01 -4.713569e-01 1.299742e-02
    outer loop
      vertex   4.197937e+00 2.804971e+00 7.485664e-01
      vertex   4.665715e+00 1.932601e+00 8.495009e-01
      vertex   4.199033e+00 2.805703e+00 8.495009e-01
    endloop
  endfacet
  facet normal -8.818465e-01 -4.713576e-01 1.299056e-02
    outer loop
      vertex   4.197937e+00 2.804971e+00 7.485664e-01
      vertex   4.664498e+00 1.932097e+00 7.485664e-01
      vertex   4.665715e+00 1.932601e+00 8.495009e-01
    endloop
  endfacet
  facet normal -9.800950e-02 9.951007e-01 1.298643e-02
    outer loop
      vertex   9.849752e-01 -4.951806e+00 7.485676e-01
      vertex   -1.816131e-09 -5.050135e+00 8.495045e-01
      vertex   9.852323e-01 -4.953098e+00 8.495033e-01
    endloop
  endfacet
  facet normal -9.800948e-02 9.951007e-01 1.298660e-02
    outer loop
      vertex   9.849752e-01 -4.951806e+00 7.485676e-01
      vertex   -3.070019e-08 -5.048818e+00 7.485688e-01
      vertex   -1.816131e-09 -5.050135e+00 8.495045e-01
    endloop
  endfacet
  facet normal 4.713567e-01 8.818470e-01 1.298711e-02
    outer loop
      vertex   -1.932099e+00 -4.664500e+00 7.485676e-01
      vertex   -2.805704e+00 -4.199035e+00 8.495033e-01
      vertex   -1.932603e+00 -4.665717e+00 8.495033e-01
    endloop
  endfacet
  facet normal 4.713575e-01 8.818464e-01 1.299742e-02
    outer loop
      vertex   -1.932099e+00 -4.664500e+00 7.485676e-01
      vertex   -2.804972e+00 -4.197938e+00 7.485688e-01
      vertex   -2.805704e+00 -4.199035e+00 8.495033e-01
    endloop
  endfacet
  facet normal 6.343398e-01 7.729451e-01 1.299635e-02
    outer loop
      vertex   -2.804972e+00 -4.197938e+00 7.485688e-01
      vertex   -3.570984e+00 -3.570986e+00 8.495033e-01
      vertex   -2.805704e+00 -4.199035e+00 8.495033e-01
    endloop
  endfacet
  facet normal 6.343396e-01 7.729453e-01 1.299317e-02
    outer loop
      vertex   -2.804972e+00 -4.197938e+00 7.485688e-01
      vertex   -3.570052e+00 -3.570054e+00 7.485676e-01
      vertex   -3.570984e+00 -3.570986e+00 8.495033e-01
    endloop
  endfacet
  facet normal 9.951008e-01 9.800920e-02 1.298665e-02
    outer loop
      vertex   -4.951805e+00 -9.849765e-01 7.485664e-01
      vertex   -5.050134e+00 -1.307090e-06 8.495021e-01
      vertex   -4.953097e+00 -9.852336e-01 8.495009e-01
    endloop
  endfacet
  facet normal 9.951008e-01 9.800860e-02 1.299246e-02
    outer loop
      vertex   -4.951805e+00 -9.849765e-01 7.485664e-01
      vertex   -5.048816e+00 -1.293773e-06 7.485664e-01
      vertex   -5.050134e+00 -1.307090e-06 8.495021e-01
    endloop
  endfacet
  facet normal 7.729454e-01 -6.343395e-01 1.299635e-02
    outer loop
      vertex   -4.197937e+00 2.804971e+00 7.485664e-01
      vertex   -3.570984e+00 3.570983e+00 8.495009e-01
      vertex   -4.199033e+00 2.805703e+00 8.495009e-01
    endloop
  endfacet
  facet normal 7.729456e-01 -6.343393e-01 1.299374e-02
    outer loop
      vertex   -4.197937e+00 2.804971e+00 7.485664e-01
      vertex   -3.570052e+00 3.570051e+00 7.485664e-01
      vertex   -3.570984e+00 3.570983e+00 8.495009e-01
    endloop
  endfacet
  facet normal -2.902602e-01 -9.568595e-01 1.299496e-02
    outer loop
      vertex   9.849755e-01 4.951803e+00 7.485664e-01
      vertex   1.932603e+00 4.665714e+00 8.495009e-01
      vertex   9.852324e-01 4.953096e+00 8.495009e-01
    endloop
  endfacet
  facet normal -2.902600e-01 -9.568596e-01 1.299326e-02
    outer loop
      vertex   9.849755e-01 4.951803e+00 7.485664e-01
      vertex   1.932099e+00 4.664496e+00 7.485664e-01
      vertex   1.932603e+00 4.665714e+00 8.495009e-01
    endloop
  endfacet
  facet normal -9.568596e-01 2.902599e-01 1.299502e-02
    outer loop
      vertex   4.951804e+00 -9.849766e-01 7.485664e-01
      vertex   4.665715e+00 -1.932604e+00 8.495021e-01
      vertex   4.953097e+00 -9.852336e-01 8.495021e-01
    endloop
  endfacet
  facet normal -9.568597e-01 2.902596e-01 1.299215e-02
    outer loop
      vertex   4.951804e+00 -9.849766e-01 7.485664e-01
      vertex   4.664498e+00 -1.932100e+00 7.485676e-01
      vertex   4.665715e+00 -1.932604e+00 8.495021e-01
    endloop
  endfacet
  facet normal -8.818469e-01 4.713568e-01 1.299265e-02
    outer loop
      vertex   4.664498e+00 -1.932100e+00 7.485676e-01
      vertex   4.199033e+00 -2.805706e+00 8.495021e-01
      vertex   4.665715e+00 -1.932604e+00 8.495021e-01
    endloop
  endfacet
  facet normal -8.818465e-01 4.713573e-01 1.299866e-02
    outer loop
      vertex   4.664498e+00 -1.932100e+00 7.485676e-01
      vertex   4.197937e+00 -2.804973e+00 7.485664e-01
      vertex   4.199033e+00 -2.805706e+00 8.495021e-01
    endloop
  endfacet
  facet normal -7.729453e-01 6.343395e-01 1.299807e-02
    outer loop
      vertex   4.197937e+00 -2.804973e+00 7.485664e-01
      vertex   3.570984e+00 -3.570986e+00 8.495033e-01
      vertex   4.199033e+00 -2.805706e+00 8.495021e-01
    endloop
  endfacet
  facet normal -7.729455e-01 6.343393e-01 1.299545e-02
    outer loop
      vertex   4.197937e+00 -2.804973e+00 7.485664e-01
      vertex   3.570052e+00 -3.570054e+00 7.485676e-01
      vertex   3.570984e+00 -3.570986e+00 8.495033e-01
    endloop
  endfacet
  facet normal 8.818468e-01 4.713568e-01 1.299881e-02
    outer loop
      vertex   -4.197937e+00 -2.804973e+00 7.485676e-01
      vertex   -4.665715e+00 -1.932604e+00 8.495021e-01
      vertex   -4.199033e+00 -2.805706e+00 8.495021e-01
    endloop
  endfacet
  facet normal 8.818466e-01 4.713574e-01 1.299265e-02
    outer loop
      vertex   -4.197937e+00 -2.804973e+00 7.485676e-01
      vertex   -4.664498e+00 -1.932100e+00 7.485676e-01
      vertex   -4.665715e+00 -1.932604e+00 8.495021e-01
    endloop
  endfacet
  facet normal 9.568596e-01 -2.902599e-01 1.299502e-02
    outer loop
      vertex   -4.951804e+00 9.849741e-01 7.485664e-01
      vertex   -4.665715e+00 1.932601e+00 8.495009e-01
      vertex   -4.953097e+00 9.852311e-01 8.495021e-01
    endloop
  endfacet
  facet normal 9.568598e-01 -2.902595e-01 1.299087e-02
    outer loop
      vertex   -4.951804e+00 9.849741e-01 7.485664e-01
      vertex   -4.664498e+00 1.932097e+00 7.485664e-01
      vertex   -4.665715e+00 1.932601e+00 8.495009e-01
    endloop
  endfacet
  facet normal -8.400982e-02 2.769431e-01 9.572068e-01
    outer loop
      vertex   -8.787283e-01 4.417664e+00 8.652115e-01
      vertex   -1.221152e+00 2.948121e+00 1.260333e+00
      vertex   -6.225380e-01 3.129708e+00 1.260333e+00
    endloop
  endfacet
  facet normal -8.400961e-02 2.769430e-01 9.572068e-01
    outer loop
      vertex   -8.787283e-01 4.417664e+00 8.652115e-01
      vertex   -1.723688e+00 4.161349e+00 8.652115e-01
      vertex   -1.221152e+00 2.948121e+00 1.260333e+00
    endloop
  endfacet
  facet normal 9.110708e-01 -2.763707e-01 -3.058908e-01
    outer loop
      vertex   -4.825509e+00 9.598544e-01 2.413907e+01
      vertex   -4.244431e+00 1.758102e+00 2.514855e+01
      vertex   -4.505865e+00 8.962733e-01 2.514855e+01
    endloop
  endfacet
  facet normal 9.110708e-01 -2.763702e-01 -3.058912e-01
    outer loop
      vertex   -4.825509e+00 9.598544e-01 2.413907e+01
      vertex   -4.545530e+00 1.882821e+00 2.413907e+01
      vertex   -4.244431e+00 1.758102e+00 2.514855e+01
    endloop
  endfacet
  facet normal 9.506501e-01 -2.883765e-01 -1.144701e-01
    outer loop
      vertex   -4.952727e+00 9.851597e-01 2.301880e+01
      vertex   -4.545530e+00 1.882821e+00 2.413907e+01
      vertex   -4.825509e+00 9.598544e-01 2.413907e+01
    endloop
  endfacet
  facet normal 9.506502e-01 -2.883760e-01 -1.144705e-01
    outer loop
      vertex   -4.952727e+00 9.851597e-01 2.301880e+01
      vertex   -4.665368e+00 1.932459e+00 2.301880e+01
      vertex   -4.545530e+00 1.882821e+00 2.413907e+01
    endloop
  endfacet
  facet normal 8.396476e-01 4.488010e-01 -3.058913e-01
    outer loop
      vertex   -4.090869e+00 -2.733431e+00 2.413907e+01
      vertex   -4.244431e+00 -1.758100e+00 2.514855e+01
      vertex   -3.819887e+00 -2.552367e+00 2.514855e+01
    endloop
  endfacet
  facet normal 8.396477e-01 4.488009e-01 -3.058912e-01
    outer loop
      vertex   -4.090869e+00 -2.733431e+00 2.413907e+01
      vertex   -4.545530e+00 -1.882819e+00 2.413907e+01
      vertex   -4.244431e+00 -1.758100e+00 2.514855e+01
    endloop
  endfacet
  facet normal 8.761241e-01 4.682980e-01 -1.144708e-01
    outer loop
      vertex   -4.198720e+00 -2.805494e+00 2.301880e+01
      vertex   -4.545530e+00 -1.882819e+00 2.413907e+01
      vertex   -4.090869e+00 -2.733431e+00 2.413907e+01
    endloop
  endfacet
  facet normal 8.761245e-01 4.682974e-01 -1.144702e-01
    outer loop
      vertex   -4.198720e+00 -2.805494e+00 2.301880e+01
      vertex   -4.665367e+00 -1.932458e+00 2.301880e+01
      vertex   -4.545530e+00 -1.882819e+00 2.413907e+01
    endloop
  endfacet
  facet normal -7.359572e-01 6.039851e-01 -3.058904e-01
    outer loop
      vertex   4.090869e+00 -2.733430e+00 2.413907e+01
      vertex   3.248548e+00 -3.248546e+00 2.514855e+01
      vertex   3.819887e+00 -2.552367e+00 2.514855e+01
    endloop
  endfacet
  facet normal -7.359576e-01 6.039842e-01 -3.058912e-01
    outer loop
      vertex   4.090869e+00 -2.733430e+00 2.413907e+01
      vertex   3.478998e+00 -3.478997e+00 2.413907e+01
      vertex   3.248548e+00 -3.248546e+00 2.514855e+01
    endloop
  endfacet
  facet normal -7.679294e-01 6.302228e-01 -1.144709e-01
    outer loop
      vertex   4.198720e+00 -2.805494e+00 2.301880e+01
      vertex   3.478998e+00 -3.478997e+00 2.413907e+01
      vertex   4.090869e+00 -2.733430e+00 2.413907e+01
    endloop
  endfacet
  facet normal -7.679290e-01 6.302234e-01 -1.144703e-01
    outer loop
      vertex   4.198720e+00 -2.805494e+00 2.301880e+01
      vertex   3.570718e+00 -3.570717e+00 2.301880e+01
      vertex   3.478998e+00 -3.478997e+00 2.413907e+01
    endloop
  endfacet
  facet normal -8.396479e-01 4.488012e-01 -3.058905e-01
    outer loop
      vertex   4.545530e+00 -1.882819e+00 2.413907e+01
      vertex   3.819887e+00 -2.552367e+00 2.514855e+01
      vertex   4.244431e+00 -1.758100e+00 2.514855e+01
    endloop
  endfacet
  facet normal -8.396479e-01 4.488012e-01 -3.058905e-01
    outer loop
      vertex   4.545530e+00 -1.882819e+00 2.413907e+01
      vertex   4.090869e+00 -2.733430e+00 2.413907e+01
      vertex   3.819887e+00 -2.552367e+00 2.514855e+01
    endloop
  endfacet
  facet normal -8.761241e-01 4.682981e-01 -1.144707e-01
    outer loop
      vertex   4.665368e+00 -1.932458e+00 2.301880e+01
      vertex   4.090869e+00 -2.733430e+00 2.413907e+01
      vertex   4.545530e+00 -1.882819e+00 2.413907e+01
    endloop
  endfacet
  facet normal -8.761241e-01 4.682979e-01 -1.144709e-01
    outer loop
      vertex   4.665368e+00 -1.932458e+00 2.301880e+01
      vertex   4.198720e+00 -2.805494e+00 2.301880e+01
      vertex   4.090869e+00 -2.733430e+00 2.413907e+01
    endloop
  endfacet
  facet normal -9.110710e-01 2.763699e-01 -3.058909e-01
    outer loop
      vertex   4.825509e+00 -9.598523e-01 2.413907e+01
      vertex   4.244431e+00 -1.758100e+00 2.514855e+01
      vertex   4.505865e+00 -8.962709e-01 2.514855e+01
    endloop
  endfacet
  facet normal -9.110710e-01 2.763703e-01 -3.058906e-01
    outer loop
      vertex   4.825509e+00 -9.598523e-01 2.413907e+01
      vertex   4.545530e+00 -1.882819e+00 2.413907e+01
      vertex   4.244431e+00 -1.758100e+00 2.514855e+01
    endloop
  endfacet
  facet normal -9.506501e-01 2.883765e-01 -1.144701e-01
    outer loop
      vertex   4.952727e+00 -9.851578e-01 2.301880e+01
      vertex   4.545530e+00 -1.882819e+00 2.413907e+01
      vertex   4.825509e+00 -9.598523e-01 2.413907e+01
    endloop
  endfacet
  facet normal -9.506502e-01 2.883760e-01 -1.144706e-01
    outer loop
      vertex   4.952727e+00 -9.851578e-01 2.301880e+01
      vertex   4.665368e+00 -1.932458e+00 2.301880e+01
      vertex   4.545530e+00 -1.882819e+00 2.413907e+01
    endloop
  endfacet
  facet normal -2.763702e-01 -9.110710e-01 -3.058909e-01
    outer loop
      vertex   9.598535e-01 4.825509e+00 2.413907e+01
      vertex   1.758101e+00 4.244433e+00 2.514855e+01
      vertex   8.962722e-01 4.505866e+00 2.514855e+01
    endloop
  endfacet
  facet normal -2.763703e-01 -9.110710e-01 -3.058908e-01
    outer loop
      vertex   9.598535e-01 4.825509e+00 2.413907e+01
      vertex   1.882820e+00 4.545531e+00 2.413907e+01
      vertex   1.758101e+00 4.244433e+00 2.514855e+01
    endloop
  endfacet
  facet normal -2.883765e-01 -9.506501e-01 -1.144703e-01
    outer loop
      vertex   9.851588e-01 4.952728e+00 2.301880e+01
      vertex   1.882820e+00 4.545531e+00 2.413907e+01
      vertex   9.598535e-01 4.825509e+00 2.413907e+01
    endloop
  endfacet
  facet normal -2.883765e-01 -9.506501e-01 -1.144703e-01
    outer loop
      vertex   9.851588e-01 4.952728e+00 2.301880e+01
      vertex   1.932459e+00 4.665368e+00 2.301880e+01
      vertex   1.882820e+00 4.545531e+00 2.413907e+01
    endloop
  endfacet
  facet normal 7.359576e-01 -6.039844e-01 -3.058910e-01
    outer loop
      vertex   -4.090869e+00 2.733432e+00 2.413907e+01
      vertex   -3.248548e+00 3.248549e+00 2.514855e+01
      vertex   -3.819887e+00 2.552369e+00 2.514855e+01
    endloop
  endfacet
  facet normal 7.359576e-01 -6.039843e-01 -3.058911e-01
    outer loop
      vertex   -4.090869e+00 2.733432e+00 2.413907e+01
      vertex   -3.478998e+00 3.478999e+00 2.413907e+01
      vertex   -3.248548e+00 3.248549e+00 2.514855e+01
    endloop
  endfacet
  facet normal 7.679295e-01 -6.302229e-01 -1.144703e-01
    outer loop
      vertex   -4.198720e+00 2.805496e+00 2.301880e+01
      vertex   -3.478998e+00 3.478999e+00 2.413907e+01
      vertex   -4.090869e+00 2.733432e+00 2.413907e+01
    endloop
  endfacet
  facet normal 7.679291e-01 -6.302234e-01 -1.144697e-01
    outer loop
      vertex   -4.198720e+00 2.805496e+00 2.301880e+01
      vertex   -3.570718e+00 3.570718e+00 2.301880e+01
      vertex   -3.478998e+00 3.478999e+00 2.413907e+01
    endloop
  endfacet
  facet normal 9.474821e-01 9.331945e-02 -3.058908e-01
    outer loop
      vertex   -4.825509e+00 -9.598523e-01 2.413907e+01
      vertex   -4.594140e+00 1.157911e-06 2.514855e+01
      vertex   -4.505865e+00 -8.962709e-01 2.514855e+01
    endloop
  endfacet
  facet normal 9.474819e-01 9.331983e-02 -3.058912e-01
    outer loop
      vertex   -4.825509e+00 -9.598523e-01 2.413907e+01
      vertex   -4.920047e+00 1.062134e-06 2.413907e+01
      vertex   -4.594140e+00 1.157911e-06 2.514855e+01
    endloop
  endfacet
  facet normal 9.886430e-01 9.737389e-02 -1.144701e-01
    outer loop
      vertex   -4.952727e+00 -9.851578e-01 2.301880e+01
      vertex   -4.920047e+00 1.062134e-06 2.413907e+01
      vertex   -4.825509e+00 -9.598523e-01 2.413907e+01
    endloop
  endfacet
  facet normal 9.886432e-01 9.737270e-02 -1.144691e-01
    outer loop
      vertex   -4.952727e+00 -9.851578e-01 2.301880e+01
      vertex   -5.049757e+00 9.614037e-07 2.301880e+01
      vertex   -4.920047e+00 1.062134e-06 2.413907e+01
    endloop
  endfacet
  facet normal 6.039854e-01 7.359571e-01 -3.058902e-01
    outer loop
      vertex   -2.733431e+00 -4.090868e+00 2.413907e+01
      vertex   -3.248548e+00 -3.248546e+00 2.514855e+01
      vertex   -2.552368e+00 -3.819886e+00 2.514855e+01
    endloop
  endfacet
  facet normal 6.039845e-01 7.359575e-01 -3.058911e-01
    outer loop
      vertex   -2.733431e+00 -4.090868e+00 2.413907e+01
      vertex   -3.478998e+00 -3.478997e+00 2.413907e+01
      vertex   -3.248548e+00 -3.248546e+00 2.514855e+01
    endloop
  endfacet
  facet normal 6.302231e-01 7.679294e-01 -1.144699e-01
    outer loop
      vertex   -2.805495e+00 -4.198718e+00 2.301880e+01
      vertex   -3.478998e+00 -3.478997e+00 2.413907e+01
      vertex   -2.733431e+00 -4.090868e+00 2.413907e+01
    endloop
  endfacet
  facet normal 6.302227e-01 7.679296e-01 -1.144703e-01
    outer loop
      vertex   -2.805495e+00 -4.198718e+00 2.301880e+01
      vertex   -3.570718e+00 -3.570717e+00 2.301880e+01
      vertex   -3.478998e+00 -3.478997e+00 2.413907e+01
    endloop
  endfacet
  facet normal 4.488000e-01 8.396482e-01 -3.058913e-01
    outer loop
      vertex   -1.882820e+00 -4.545529e+00 2.413907e+01
      vertex   -2.552368e+00 -3.819886e+00 2.514855e+01
      vertex   -1.758101e+00 -4.244430e+00 2.514855e+01
    endloop
  endfacet
  facet normal 4.488012e-01 8.396479e-01 -3.058903e-01
    outer loop
      vertex   -1.882820e+00 -4.545529e+00 2.413907e+01
      vertex   -2.733431e+00 -4.090868e+00 2.413907e+01
      vertex   -2.552368e+00 -3.819886e+00 2.514855e+01
    endloop
  endfacet
  facet normal 4.682982e-01 8.761240e-01 -1.144705e-01
    outer loop
      vertex   -1.932459e+00 -4.665367e+00 2.301880e+01
      vertex   -2.733431e+00 -4.090868e+00 2.413907e+01
      vertex   -1.882820e+00 -4.545529e+00 2.413907e+01
    endloop
  endfacet
  facet normal 4.682988e-01 8.761238e-01 -1.144699e-01
    outer loop
      vertex   -1.932459e+00 -4.665367e+00 2.301880e+01
      vertex   -2.805495e+00 -4.198718e+00 2.301880e+01
      vertex   -2.733431e+00 -4.090868e+00 2.413907e+01
    endloop
  endfacet
  facet normal -9.331913e-02 9.474822e-01 -3.058906e-01
    outer loop
      vertex   9.598534e-01 -4.825507e+00 2.413907e+01
      vertex   -1.724345e-09 -4.594139e+00 2.514855e+01
      vertex   8.962722e-01 -4.505864e+00 2.514855e+01
    endloop
  endfacet
  facet normal -9.331955e-02 9.474820e-01 -3.058909e-01
    outer loop
      vertex   9.598534e-01 -4.825507e+00 2.413907e+01
      vertex   6.765100e-09 -4.920045e+00 2.413907e+01
      vertex   -1.724345e-09 -4.594139e+00 2.514855e+01
    endloop
  endfacet
  facet normal -9.737358e-02 9.886430e-01 -1.144704e-01
    outer loop
      vertex   9.851588e-01 -4.952726e+00 2.301880e+01
      vertex   6.765100e-09 -4.920045e+00 2.413907e+01
      vertex   9.598534e-01 -4.825507e+00 2.413907e+01
    endloop
  endfacet
  facet normal -9.737240e-02 9.886432e-01 -1.144694e-01
    outer loop
      vertex   9.851588e-01 -4.952726e+00 2.301880e+01
      vertex   7.258542e-09 -5.049756e+00 2.301880e+01
      vertex   6.765100e-09 -4.920045e+00 2.413907e+01
    endloop
  endfacet
  facet normal -8.396477e-01 -4.488010e-01 -3.058913e-01
    outer loop
      vertex   4.090869e+00 2.733433e+00 2.413907e+01
      vertex   4.244431e+00 1.758102e+00 2.514855e+01
      vertex   3.819887e+00 2.552369e+00 2.514855e+01
    endloop
  endfacet
  facet normal -8.396476e-01 -4.488010e-01 -3.058913e-01
    outer loop
      vertex   4.090869e+00 2.733433e+00 2.413907e+01
      vertex   4.545530e+00 1.882822e+00 2.413907e+01
      vertex   4.244431e+00 1.758102e+00 2.514855e+01
    endloop
  endfacet
  facet normal -8.761241e-01 -4.682981e-01 -1.144701e-01
    outer loop
      vertex   4.198720e+00 2.805496e+00 2.301880e+01
      vertex   4.545530e+00 1.882822e+00 2.413907e+01
      vertex   4.090869e+00 2.733433e+00 2.413907e+01
    endloop
  endfacet
  facet normal -8.761243e-01 -4.682978e-01 -1.144698e-01
    outer loop
      vertex   4.198720e+00 2.805496e+00 2.301880e+01
      vertex   4.665367e+00 1.932459e+00 2.301880e+01
      vertex   4.545530e+00 1.882822e+00 2.413907e+01
    endloop
  endfacet
  facet normal -7.359576e-01 -6.039844e-01 -3.058911e-01
    outer loop
      vertex   3.478998e+00 3.478999e+00 2.413907e+01
      vertex   3.819887e+00 2.552369e+00 2.514855e+01
      vertex   3.248548e+00 3.248549e+00 2.514855e+01
    endloop
  endfacet
  facet normal -7.359574e-01 -6.039845e-01 -3.058913e-01
    outer loop
      vertex   3.478998e+00 3.478999e+00 2.413907e+01
      vertex   4.090869e+00 2.733433e+00 2.413907e+01
      vertex   3.819887e+00 2.552369e+00 2.514855e+01
    endloop
  endfacet
  facet normal -7.679293e-01 -6.302232e-01 -1.144697e-01
    outer loop
      vertex   3.570718e+00 3.570718e+00 2.301880e+01
      vertex   4.090869e+00 2.733433e+00 2.413907e+01
      vertex   3.478998e+00 3.478999e+00 2.413907e+01
    endloop
  endfacet
  facet normal -7.679291e-01 -6.302234e-01 -1.144699e-01
    outer loop
      vertex   3.570718e+00 3.570718e+00 2.301880e+01
      vertex   4.198720e+00 2.805496e+00 2.301880e+01
      vertex   4.090869e+00 2.733433e+00 2.413907e+01
    endloop
  endfacet
  facet normal -6.039848e-01 -7.359573e-01 -3.058909e-01
    outer loop
      vertex   2.733431e+00 4.090870e+00 2.413907e+01
      vertex   3.248548e+00 3.248549e+00 2.514855e+01
      vertex   2.552368e+00 3.819889e+00 2.514855e+01
    endloop
  endfacet
  facet normal -6.039846e-01 -7.359574e-01 -3.058911e-01
    outer loop
      vertex   2.733431e+00 4.090870e+00 2.413907e+01
      vertex   3.478998e+00 3.478999e+00 2.413907e+01
      vertex   3.248548e+00 3.248549e+00 2.514855e+01
    endloop
  endfacet
  facet normal -6.302233e-01 -7.679293e-01 -1.144693e-01
    outer loop
      vertex   2.805495e+00 4.198720e+00 2.301880e+01
      vertex   3.478998e+00 3.478999e+00 2.413907e+01
      vertex   2.733431e+00 4.090870e+00 2.413907e+01
    endloop
  endfacet
  facet normal -6.302229e-01 -7.679295e-01 -1.144696e-01
    outer loop
      vertex   2.805495e+00 4.198720e+00 2.301880e+01
      vertex   3.570718e+00 3.570718e+00 2.301880e+01
      vertex   3.478998e+00 3.478999e+00 2.413907e+01
    endloop
  endfacet
  facet normal 9.331943e-02 -9.474821e-01 -3.058908e-01
    outer loop
      vertex   -9.598534e-01 4.825509e+00 2.413907e+01
      vertex   -1.724345e-09 4.594141e+00 2.514855e+01
      vertex   -8.962722e-01 4.505866e+00 2.514855e+01
    endloop
  endfacet
  facet normal 9.331984e-02 -9.474819e-01 -3.058912e-01
    outer loop
      vertex   -9.598534e-01 4.825509e+00 2.413907e+01
      vertex   -7.861728e-09 4.920048e+00 2.413907e+01
      vertex   -1.724345e-09 4.594141e+00 2.514855e+01
    endloop
  endfacet
  facet normal 9.737389e-02 -9.886429e-01 -1.144704e-01
    outer loop
      vertex   -9.851588e-01 4.952728e+00 2.301880e+01
      vertex   -7.861728e-09 4.920048e+00 2.413907e+01
      vertex   -9.598534e-01 4.825509e+00 2.413907e+01
    endloop
  endfacet
  facet normal 9.737328e-02 -9.886431e-01 -1.144699e-01
    outer loop
      vertex   -9.851588e-01 4.952728e+00 2.301880e+01
      vertex   -7.258543e-09 5.049759e+00 2.301880e+01
      vertex   -7.861728e-09 4.920048e+00 2.413907e+01
    endloop
  endfacet
  facet normal 2.763702e-01 -9.110710e-01 -3.058908e-01
    outer loop
      vertex   -1.882820e+00 4.545531e+00 2.413907e+01
      vertex   -8.962722e-01 4.505866e+00 2.514855e+01
      vertex   -1.758101e+00 4.244433e+00 2.514855e+01
    endloop
  endfacet
  facet normal 2.763702e-01 -9.110710e-01 -3.058908e-01
    outer loop
      vertex   -1.882820e+00 4.545531e+00 2.413907e+01
      vertex   -9.598534e-01 4.825509e+00 2.413907e+01
      vertex   -8.962722e-01 4.505866e+00 2.514855e+01
    endloop
  endfacet
  facet normal 2.883764e-01 -9.506501e-01 -1.144703e-01
    outer loop
      vertex   -1.932459e+00 4.665368e+00 2.301880e+01
      vertex   -9.598534e-01 4.825509e+00 2.413907e+01
      vertex   -1.882820e+00 4.545531e+00 2.413907e+01
    endloop
  endfacet
  facet normal 2.883765e-01 -9.506500e-01 -1.144704e-01
    outer loop
      vertex   -1.932459e+00 4.665368e+00 2.301880e+01
      vertex   -9.851588e-01 4.952728e+00 2.301880e+01
      vertex   -9.598534e-01 4.825509e+00 2.413907e+01
    endloop
  endfacet
  facet normal 4.488008e-01 -8.396479e-01 -3.058909e-01
    outer loop
      vertex   -2.733431e+00 4.090870e+00 2.413907e+01
      vertex   -1.758101e+00 4.244433e+00 2.514855e+01
      vertex   -2.552368e+00 3.819889e+00 2.514855e+01
    endloop
  endfacet
  facet normal 4.488007e-01 -8.396480e-01 -3.058908e-01
    outer loop
      vertex   -2.733431e+00 4.090870e+00 2.413907e+01
      vertex   -1.882820e+00 4.545531e+00 2.413907e+01
      vertex   -1.758101e+00 4.244433e+00 2.514855e+01
    endloop
  endfacet
  facet normal 4.682978e-01 -8.761244e-01 -1.144692e-01
    outer loop
      vertex   -2.805495e+00 4.198720e+00 2.301880e+01
      vertex   -1.882820e+00 4.545531e+00 2.413907e+01
      vertex   -2.733431e+00 4.090870e+00 2.413907e+01
    endloop
  endfacet
  facet normal 4.682987e-01 -8.761238e-01 -1.144703e-01
    outer loop
      vertex   -2.805495e+00 4.198720e+00 2.301880e+01
      vertex   -1.932459e+00 4.665368e+00 2.301880e+01
      vertex   -1.882820e+00 4.545531e+00 2.413907e+01
    endloop
  endfacet
  facet normal 6.039848e-01 -7.359572e-01 -3.058911e-01
    outer loop
      vertex   -3.478998e+00 3.478999e+00 2.413907e+01
      vertex   -2.552368e+00 3.819889e+00 2.514855e+01
      vertex   -3.248548e+00 3.248549e+00 2.514855e+01
    endloop
  endfacet
  facet normal 6.039847e-01 -7.359574e-01 -3.058909e-01
    outer loop
      vertex   -3.478998e+00 3.478999e+00 2.413907e+01
      vertex   -2.733431e+00 4.090870e+00 2.413907e+01
      vertex   -2.552368e+00 3.819889e+00 2.514855e+01
    endloop
  endfacet
  facet normal 6.302233e-01 -7.679292e-01 -1.144697e-01
    outer loop
      vertex   -3.570718e+00 3.570718e+00 2.301880e+01
      vertex   -2.733431e+00 4.090870e+00 2.413907e+01
      vertex   -3.478998e+00 3.478999e+00 2.413907e+01
    endloop
  endfacet
  facet normal 6.302230e-01 -7.679295e-01 -1.144693e-01
    outer loop
      vertex   -3.570718e+00 3.570718e+00 2.301880e+01
      vertex   -2.805495e+00 4.198720e+00 2.301880e+01
      vertex   -2.733431e+00 4.090870e+00 2.413907e+01
    endloop
  endfacet
  facet normal 8.396477e-01 -4.488010e-01 -3.058912e-01
    outer loop
      vertex   -4.545530e+00 1.882821e+00 2.413907e+01
      vertex   -3.819887e+00 2.552369e+00 2.514855e+01
      vertex   -4.244431e+00 1.758102e+00 2.514855e+01
    endloop
  endfacet
  facet normal 8.396477e-01 -4.488011e-01 -3.058910e-01
    outer loop
      vertex   -4.545530e+00 1.882821e+00 2.413907e+01
      vertex   -4.090869e+00 2.733432e+00 2.413907e+01
      vertex   -3.819887e+00 2.552369e+00 2.514855e+01
    endloop
  endfacet
  facet normal 8.761240e-01 -4.682982e-01 -1.144705e-01
    outer loop
      vertex   -4.665368e+00 1.932459e+00 2.301880e+01
      vertex   -4.090869e+00 2.733432e+00 2.413907e+01
      vertex   -4.545530e+00 1.882821e+00 2.413907e+01
    endloop
  endfacet
  facet normal 8.761240e-01 -4.682983e-01 -1.144704e-01
    outer loop
      vertex   -4.665368e+00 1.932459e+00 2.301880e+01
      vertex   -4.198720e+00 2.805496e+00 2.301880e+01
      vertex   -4.090869e+00 2.733432e+00 2.413907e+01
    endloop
  endfacet
  facet normal 9.474820e-01 -9.331943e-02 -3.058912e-01
    outer loop
      vertex   -4.920047e+00 1.062134e-06 2.413907e+01
      vertex   -4.505865e+00 8.962733e-01 2.514855e+01
      vertex   -4.594140e+00 1.157911e-06 2.514855e+01
    endloop
  endfacet
  facet normal 9.474820e-01 -9.331985e-02 -3.058908e-01
    outer loop
      vertex   -4.920047e+00 1.062134e-06 2.413907e+01
      vertex   -4.825509e+00 9.598544e-01 2.413907e+01
      vertex   -4.505865e+00 8.962733e-01 2.514855e+01
    endloop
  endfacet
  facet normal 9.886431e-01 -9.737390e-02 -1.144691e-01
    outer loop
      vertex   -5.049757e+00 9.614037e-07 2.301880e+01
      vertex   -4.825509e+00 9.598544e-01 2.413907e+01
      vertex   -4.920047e+00 1.062134e-06 2.413907e+01
    endloop
  endfacet
  facet normal 9.886431e-01 -9.737269e-02 -1.144701e-01
    outer loop
      vertex   -5.049757e+00 9.614037e-07 2.301880e+01
      vertex   -4.952727e+00 9.851597e-01 2.301880e+01
      vertex   -4.825509e+00 9.598544e-01 2.413907e+01
    endloop
  endfacet
  facet normal 9.110707e-01 2.763707e-01 -3.058912e-01
    outer loop
      vertex   -4.545530e+00 -1.882819e+00 2.413907e+01
      vertex   -4.505865e+00 -8.962709e-01 2.514855e+01
      vertex   -4.244431e+00 -1.758100e+00 2.514855e+01
    endloop
  endfacet
  facet normal 9.110709e-01 2.763703e-01 -3.058909e-01
    outer loop
      vertex   -4.545530e+00 -1.882819e+00 2.413907e+01
      vertex   -4.825509e+00 -9.598523e-01 2.413907e+01
      vertex   -4.505865e+00 -8.962709e-01 2.514855e+01
    endloop
  endfacet
  facet normal 9.506501e-01 2.883765e-01 -1.144701e-01
    outer loop
      vertex   -4.665367e+00 -1.932458e+00 2.301880e+01
      vertex   -4.825509e+00 -9.598523e-01 2.413907e+01
      vertex   -4.545530e+00 -1.882819e+00 2.413907e+01
    endloop
  endfacet
  facet normal 9.506501e-01 2.883765e-01 -1.144701e-01
    outer loop
      vertex   -4.665367e+00 -1.932458e+00 2.301880e+01
      vertex   -4.952727e+00 -9.851578e-01 2.301880e+01
      vertex   -4.825509e+00 -9.598523e-01 2.413907e+01
    endloop
  endfacet
  facet normal 7.359577e-01 6.039842e-01 -3.058910e-01
    outer loop
      vertex   -3.478998e+00 -3.478997e+00 2.413907e+01
      vertex   -3.819887e+00 -2.552367e+00 2.514855e+01
      vertex   -3.248548e+00 -3.248546e+00 2.514855e+01
    endloop
  endfacet
  facet normal 7.359575e-01 6.039844e-01 -3.058913e-01
    outer loop
      vertex   -3.478998e+00 -3.478997e+00 2.413907e+01
      vertex   -4.090869e+00 -2.733431e+00 2.413907e+01
      vertex   -3.819887e+00 -2.552367e+00 2.514855e+01
    endloop
  endfacet
  facet normal 7.679294e-01 6.302230e-01 -1.144703e-01
    outer loop
      vertex   -3.570718e+00 -3.570717e+00 2.301880e+01
      vertex   -4.090869e+00 -2.733431e+00 2.413907e+01
      vertex   -3.478998e+00 -3.478997e+00 2.413907e+01
    endloop
  endfacet
  facet normal 7.679290e-01 6.302234e-01 -1.144707e-01
    outer loop
      vertex   -3.570718e+00 -3.570717e+00 2.301880e+01
      vertex   -4.198720e+00 -2.805494e+00 2.301880e+01
      vertex   -4.090869e+00 -2.733431e+00 2.413907e+01
    endloop
  endfacet
  facet normal 2.763708e-01 9.110709e-01 -3.058906e-01
    outer loop
      vertex   -9.598535e-01 -4.825507e+00 2.413907e+01
      vertex   -1.758101e+00 -4.244430e+00 2.514855e+01
      vertex   -8.962722e-01 -4.505864e+00 2.514855e+01
    endloop
  endfacet
  facet normal 2.763700e-01 9.110709e-01 -3.058913e-01
    outer loop
      vertex   -9.598535e-01 -4.825507e+00 2.413907e+01
      vertex   -1.882820e+00 -4.545529e+00 2.413907e+01
      vertex   -1.758101e+00 -4.244430e+00 2.514855e+01
    endloop
  endfacet
  facet normal 2.883762e-01 9.506502e-01 -1.144703e-01
    outer loop
      vertex   -9.851588e-01 -4.952726e+00 2.301880e+01
      vertex   -1.882820e+00 -4.545529e+00 2.413907e+01
      vertex   -9.598535e-01 -4.825507e+00 2.413907e+01
    endloop
  endfacet
  facet normal 2.883760e-01 9.506502e-01 -1.144705e-01
    outer loop
      vertex   -9.851588e-01 -4.952726e+00 2.301880e+01
      vertex   -1.932459e+00 -4.665367e+00 2.301880e+01
      vertex   -1.882820e+00 -4.545529e+00 2.413907e+01
    endloop
  endfacet
  facet normal 9.331912e-02 9.474821e-01 -3.058909e-01
    outer loop
      vertex   6.765100e-09 -4.920045e+00 2.413907e+01
      vertex   -8.962722e-01 -4.505864e+00 2.514855e+01
      vertex   -1.724345e-09 -4.594139e+00 2.514855e+01
    endloop
  endfacet
  facet normal 9.331955e-02 9.474821e-01 -3.058906e-01
    outer loop
      vertex   6.765100e-09 -4.920045e+00 2.413907e+01
      vertex   -9.598535e-01 -4.825507e+00 2.413907e+01
      vertex   -8.962722e-01 -4.505864e+00 2.514855e+01
    endloop
  endfacet
  facet normal 9.737358e-02 9.886431e-01 -1.144693e-01
    outer loop
      vertex   7.258542e-09 -5.049756e+00 2.301880e+01
      vertex   -9.598535e-01 -4.825507e+00 2.413907e+01
      vertex   6.765100e-09 -4.920045e+00 2.413907e+01
    endloop
  endfacet
  facet normal 9.737238e-02 9.886431e-01 -1.144704e-01
    outer loop
      vertex   7.258542e-09 -5.049756e+00 2.301880e+01
      vertex   -9.851588e-01 -4.952726e+00 2.301880e+01
      vertex   -9.598535e-01 -4.825507e+00 2.413907e+01
    endloop
  endfacet
  facet normal -2.763700e-01 9.110711e-01 -3.058906e-01
    outer loop
      vertex   1.882820e+00 -4.545529e+00 2.413907e+01
      vertex   8.962722e-01 -4.505864e+00 2.514855e+01
      vertex   1.758101e+00 -4.244430e+00 2.514855e+01
    endloop
  endfacet
  facet normal -2.763700e-01 9.110711e-01 -3.058906e-01
    outer loop
      vertex   1.882820e+00 -4.545529e+00 2.413907e+01
      vertex   9.598534e-01 -4.825507e+00 2.413907e+01
      vertex   8.962722e-01 -4.505864e+00 2.514855e+01
    endloop
  endfacet
  facet normal -2.883761e-01 9.506502e-01 -1.144705e-01
    outer loop
      vertex   1.932459e+00 -4.665367e+00 2.301880e+01
      vertex   9.598534e-01 -4.825507e+00 2.413907e+01
      vertex   1.882820e+00 -4.545529e+00 2.413907e+01
    endloop
  endfacet
  facet normal -2.883760e-01 9.506502e-01 -1.144704e-01
    outer loop
      vertex   1.932459e+00 -4.665367e+00 2.301880e+01
      vertex   9.851588e-01 -4.952726e+00 2.301880e+01
      vertex   9.598534e-01 -4.825507e+00 2.413907e+01
    endloop
  endfacet
  facet normal -4.488015e-01 8.396475e-01 -3.058909e-01
    outer loop
      vertex   2.733431e+00 -4.090868e+00 2.413907e+01
      vertex   1.758101e+00 -4.244430e+00 2.514855e+01
      vertex   2.552368e+00 -3.819886e+00 2.514855e+01
    endloop
  endfacet
  facet normal -4.488012e-01 8.396478e-01 -3.058906e-01
    outer loop
      vertex   2.733431e+00 -4.090868e+00 2.413907e+01
      vertex   1.882820e+00 -4.545529e+00 2.413907e+01
      vertex   1.758101e+00 -4.244430e+00 2.514855e+01
    endloop
  endfacet
  facet normal -4.682982e-01 8.761241e-01 -1.144699e-01
    outer loop
      vertex   2.805495e+00 -4.198718e+00 2.301880e+01
      vertex   1.882820e+00 -4.545529e+00 2.413907e+01
      vertex   2.733431e+00 -4.090868e+00 2.413907e+01
    endloop
  endfacet
  facet normal -4.682987e-01 8.761237e-01 -1.144705e-01
    outer loop
      vertex   2.805495e+00 -4.198718e+00 2.301880e+01
      vertex   1.932459e+00 -4.665367e+00 2.301880e+01
      vertex   1.882820e+00 -4.545529e+00 2.413907e+01
    endloop
  endfacet
  facet normal -6.039847e-01 7.359572e-01 -3.058913e-01
    outer loop
      vertex   3.478998e+00 -3.478997e+00 2.413907e+01
      vertex   2.552368e+00 -3.819886e+00 2.514855e+01
      vertex   3.248548e+00 -3.248546e+00 2.514855e+01
    endloop
  endfacet
  facet normal -6.039845e-01 7.359575e-01 -3.058909e-01
    outer loop
      vertex   3.478998e+00 -3.478997e+00 2.413907e+01
      vertex   2.733431e+00 -4.090868e+00 2.413907e+01
      vertex   2.552368e+00 -3.819886e+00 2.514855e+01
    endloop
  endfacet
  facet normal -6.302230e-01 7.679293e-01 -1.144703e-01
    outer loop
      vertex   3.570718e+00 -3.570717e+00 2.301880e+01
      vertex   2.733431e+00 -4.090868e+00 2.413907e+01
      vertex   3.478998e+00 -3.478997e+00 2.413907e+01
    endloop
  endfacet
  facet normal -6.302227e-01 7.679297e-01 -1.144699e-01
    outer loop
      vertex   3.570718e+00 -3.570717e+00 2.301880e+01
      vertex   2.805495e+00 -4.198718e+00 2.301880e+01
      vertex   2.733431e+00 -4.090868e+00 2.413907e+01
    endloop
  endfacet
  facet normal -9.474820e-01 9.331944e-02 -3.058912e-01
    outer loop
      vertex   4.920047e+00 1.073104e-06 2.413907e+01
      vertex   4.505865e+00 -8.962709e-01 2.514855e+01
      vertex   4.594140e+00 1.170584e-06 2.514855e+01
    endloop
  endfacet
  facet normal -9.474820e-01 9.331984e-02 -3.058909e-01
    outer loop
      vertex   4.920047e+00 1.073104e-06 2.413907e+01
      vertex   4.825509e+00 -9.598523e-01 2.413907e+01
      vertex   4.505865e+00 -8.962709e-01 2.514855e+01
    endloop
  endfacet
  facet normal -9.886431e-01 9.737390e-02 -1.144691e-01
    outer loop
      vertex   5.049757e+00 9.614037e-07 2.301880e+01
      vertex   4.825509e+00 -9.598523e-01 2.413907e+01
      vertex   4.920047e+00 1.073104e-06 2.413907e+01
    endloop
  endfacet
  facet normal -9.886431e-01 9.737268e-02 -1.144701e-01
    outer loop
      vertex   5.049757e+00 9.614037e-07 2.301880e+01
      vertex   4.952727e+00 -9.851578e-01 2.301880e+01
      vertex   4.825509e+00 -9.598523e-01 2.413907e+01
    endloop
  endfacet
  facet normal -9.474821e-01 -9.331944e-02 -3.058908e-01
    outer loop
      vertex   4.825509e+00 9.598544e-01 2.413907e+01
      vertex   4.594140e+00 1.170584e-06 2.514855e+01
      vertex   4.505865e+00 8.962733e-01 2.514855e+01
    endloop
  endfacet
  facet normal -9.474819e-01 -9.331984e-02 -3.058912e-01
    outer loop
      vertex   4.825509e+00 9.598544e-01 2.413907e+01
      vertex   4.920047e+00 1.073104e-06 2.413907e+01
      vertex   4.594140e+00 1.170584e-06 2.514855e+01
    endloop
  endfacet
  facet normal -9.886430e-01 -9.737389e-02 -1.144701e-01
    outer loop
      vertex   4.952727e+00 9.851597e-01 2.301880e+01
      vertex   4.920047e+00 1.073104e-06 2.413907e+01
      vertex   4.825509e+00 9.598544e-01 2.413907e+01
    endloop
  endfacet
  facet normal -9.886432e-01 -9.737270e-02 -1.144691e-01
    outer loop
      vertex   4.952727e+00 9.851597e-01 2.301880e+01
      vertex   5.049757e+00 9.614037e-07 2.301880e+01
      vertex   4.920047e+00 1.073104e-06 2.413907e+01
    endloop
  endfacet
  facet normal -9.110707e-01 -2.763707e-01 -3.058913e-01
    outer loop
      vertex   4.545530e+00 1.882822e+00 2.413907e+01
      vertex   4.505865e+00 8.962733e-01 2.514855e+01
      vertex   4.244431e+00 1.758102e+00 2.514855e+01
    endloop
  endfacet
  facet normal -9.110710e-01 -2.763701e-01 -3.058908e-01
    outer loop
      vertex   4.545530e+00 1.882822e+00 2.413907e+01
      vertex   4.825509e+00 9.598544e-01 2.413907e+01
      vertex   4.505865e+00 8.962733e-01 2.514855e+01
    endloop
  endfacet
  facet normal -9.506502e-01 -2.883763e-01 -1.144699e-01
    outer loop
      vertex   4.665367e+00 1.932459e+00 2.301880e+01
      vertex   4.825509e+00 9.598544e-01 2.413907e+01
      vertex   4.545530e+00 1.882822e+00 2.413907e+01
    endloop
  endfacet
  facet normal -9.506501e-01 -2.883765e-01 -1.144701e-01
    outer loop
      vertex   4.665367e+00 1.932459e+00 2.301880e+01
      vertex   4.952727e+00 9.851597e-01 2.301880e+01
      vertex   4.825509e+00 9.598544e-01 2.413907e+01
    endloop
  endfacet
  facet normal -4.488008e-01 -8.396479e-01 -3.058908e-01
    outer loop
      vertex   1.882820e+00 4.545531e+00 2.413907e+01
      vertex   2.552368e+00 3.819889e+00 2.514855e+01
      vertex   1.758101e+00 4.244433e+00 2.514855e+01
    endloop
  endfacet
  facet normal -4.488007e-01 -8.396480e-01 -3.058909e-01
    outer loop
      vertex   1.882820e+00 4.545531e+00 2.413907e+01
      vertex   2.733431e+00 4.090870e+00 2.413907e+01
      vertex   2.552368e+00 3.819889e+00 2.514855e+01
    endloop
  endfacet
  facet normal -4.682977e-01 -8.761243e-01 -1.144703e-01
    outer loop
      vertex   1.932459e+00 4.665368e+00 2.301880e+01
      vertex   2.733431e+00 4.090870e+00 2.413907e+01
      vertex   1.882820e+00 4.545531e+00 2.413907e+01
    endloop
  endfacet
  facet normal -4.682988e-01 -8.761239e-01 -1.144692e-01
    outer loop
      vertex   1.932459e+00 4.665368e+00 2.301880e+01
      vertex   2.805495e+00 4.198720e+00 2.301880e+01
      vertex   2.733431e+00 4.090870e+00 2.413907e+01
    endloop
  endfacet
  facet normal -9.331942e-02 -9.474820e-01 -3.058912e-01
    outer loop
      vertex   -7.861728e-09 4.920048e+00 2.413907e+01
      vertex   8.962722e-01 4.505866e+00 2.514855e+01
      vertex   -1.724345e-09 4.594141e+00 2.514855e+01
    endloop
  endfacet
  facet normal -9.331983e-02 -9.474820e-01 -3.058909e-01
    outer loop
      vertex   -7.861728e-09 4.920048e+00 2.413907e+01
      vertex   9.598535e-01 4.825509e+00 2.413907e+01
      vertex   8.962722e-01 4.505866e+00 2.514855e+01
    endloop
  endfacet
  facet normal -9.737388e-02 -9.886430e-01 -1.144699e-01
    outer loop
      vertex   -7.258543e-09 5.049759e+00 2.301880e+01
      vertex   9.598535e-01 4.825509e+00 2.413907e+01
      vertex   -7.861728e-09 4.920048e+00 2.413907e+01
    endloop
  endfacet
  facet normal -9.737327e-02 -9.886430e-01 -1.144704e-01
    outer loop
      vertex   -7.258543e-09 5.049759e+00 2.301880e+01
      vertex   9.851588e-01 4.952728e+00 2.301880e+01
      vertex   9.598535e-01 4.825509e+00 2.413907e+01
    endloop
  endfacet
  facet normal -4.713965e-01 -8.819204e-01 -1.334093e-03
    outer loop
      vertex   1.321832e+00 3.191186e+00 2.889586e+01
      vertex   1.917080e+00 2.869113e+00 3.147794e+01
      vertex   1.320507e+00 3.187988e+00 3.147794e+01
    endloop
  endfacet
  facet normal -4.713956e-01 -8.819208e-01 -1.334354e-03
    outer loop
      vertex   1.321832e+00 3.191186e+00 2.889586e+01
      vertex   1.919003e+00 2.871992e+00 2.889586e+01
      vertex   1.917080e+00 2.869113e+00 3.147794e+01
    endloop
  endfacet
  facet normal 9.498755e-01 -2.881415e-01 -1.212888e-01
    outer loop
      vertex   -3.545416e+00 7.052287e-01 2.758653e+01
      vertex   -3.191184e+00 1.321834e+00 2.889586e+01
      vertex   -3.387743e+00 6.738657e-01 2.889586e+01
    endloop
  endfacet
  facet normal 9.498758e-01 -2.881404e-01 -1.212894e-01
    outer loop
      vertex   -3.545416e+00 7.052287e-01 2.758653e+01
      vertex   -3.339710e+00 1.383355e+00 2.758653e+01
      vertex   -3.191184e+00 1.321834e+00 2.889586e+01
    endloop
  endfacet
  facet normal 9.133464e-01 -2.770593e-01 -2.983897e-01
    outer loop
      vertex   -3.911547e+00 7.780565e-01 2.639821e+01
      vertex   -3.339710e+00 1.383355e+00 2.758653e+01
      vertex   -3.545416e+00 7.052287e-01 2.758653e+01
    endloop
  endfacet
  facet normal 9.133463e-01 -2.770606e-01 -2.983890e-01
    outer loop
      vertex   -3.911547e+00 7.780565e-01 2.639821e+01
      vertex   -3.684597e+00 1.526212e+00 2.639821e+01
      vertex   -3.339710e+00 1.383355e+00 2.758653e+01
    endloop
  endfacet
  facet normal 8.754103e-01 4.679164e-01 -1.212889e-01
    outer loop
      vertex   -3.005659e+00 -2.008316e+00 2.758653e+01
      vertex   -3.191184e+00 -1.321831e+00 2.889586e+01
      vertex   -2.871990e+00 -1.919001e+00 2.889586e+01
    endloop
  endfacet
  facet normal 8.754098e-01 4.679173e-01 -1.212895e-01
    outer loop
      vertex   -3.005659e+00 -2.008316e+00 2.758653e+01
      vertex   -3.339710e+00 -1.383352e+00 2.758653e+01
      vertex   -3.191184e+00 -1.321831e+00 2.889586e+01
    endloop
  endfacet
  facet normal 8.417443e-01 4.499226e-01 -2.983893e-01
    outer loop
      vertex   -3.316049e+00 -2.215713e+00 2.639821e+01
      vertex   -3.339710e+00 -1.383352e+00 2.758653e+01
      vertex   -3.005659e+00 -2.008316e+00 2.758653e+01
    endloop
  endfacet
  facet normal 8.417445e-01 4.499223e-01 -2.983891e-01
    outer loop
      vertex   -3.316049e+00 -2.215713e+00 2.639821e+01
      vertex   -3.684597e+00 -1.526209e+00 2.639821e+01
      vertex   -3.339710e+00 -1.383352e+00 2.758653e+01
    endloop
  endfacet
  facet normal -7.673033e-01 6.297099e-01 -1.212890e-01
    outer loop
      vertex   3.005659e+00 -2.008316e+00 2.758653e+01
      vertex   2.442427e+00 -2.442425e+00 2.889586e+01
      vertex   2.871990e+00 -1.919001e+00 2.889586e+01
    endloop
  endfacet
  facet normal -7.673039e-01 6.297091e-01 -1.212895e-01
    outer loop
      vertex   3.005659e+00 -2.008316e+00 2.758653e+01
      vertex   2.556103e+00 -2.556102e+00 2.758653e+01
      vertex   2.442427e+00 -2.442425e+00 2.889586e+01
    endloop
  endfacet
  facet normal -7.377958e-01 6.054925e-01 -2.983893e-01
    outer loop
      vertex   3.316049e+00 -2.215713e+00 2.639821e+01
      vertex   2.556103e+00 -2.556102e+00 2.758653e+01
      vertex   3.005659e+00 -2.008316e+00 2.758653e+01
    endloop
  endfacet
  facet normal -7.377958e-01 6.054925e-01 -2.983894e-01
    outer loop
      vertex   3.316049e+00 -2.215713e+00 2.639821e+01
      vertex   2.820069e+00 -2.820067e+00 2.639821e+01
      vertex   2.556103e+00 -2.556102e+00 2.758653e+01
    endloop
  endfacet
  facet normal -8.754103e-01 4.679163e-01 -1.212894e-01
    outer loop
      vertex   3.339710e+00 -1.383352e+00 2.758653e+01
      vertex   2.871990e+00 -1.919001e+00 2.889586e+01
      vertex   3.191184e+00 -1.321831e+00 2.889586e+01
    endloop
  endfacet
  facet normal -8.754099e-01 4.679172e-01 -1.212889e-01
    outer loop
      vertex   3.339710e+00 -1.383352e+00 2.758653e+01
      vertex   3.005659e+00 -2.008316e+00 2.758653e+01
      vertex   2.871990e+00 -1.919001e+00 2.889586e+01
    endloop
  endfacet
  facet normal -8.417444e-01 4.499226e-01 -2.983891e-01
    outer loop
      vertex   3.684597e+00 -1.526209e+00 2.639821e+01
      vertex   3.005659e+00 -2.008316e+00 2.758653e+01
      vertex   3.339710e+00 -1.383352e+00 2.758653e+01
    endloop
  endfacet
  facet normal -8.417445e-01 4.499223e-01 -2.983893e-01
    outer loop
      vertex   3.684597e+00 -1.526209e+00 2.639821e+01
      vertex   3.316049e+00 -2.215713e+00 2.639821e+01
      vertex   3.005659e+00 -2.008316e+00 2.758653e+01
    endloop
  endfacet
  facet normal -9.498755e-01 2.881415e-01 -1.212888e-01
    outer loop
      vertex   3.545416e+00 -7.052261e-01 2.758653e+01
      vertex   3.191184e+00 -1.321831e+00 2.889586e+01
      vertex   3.387743e+00 -6.738628e-01 2.889586e+01
    endloop
  endfacet
  facet normal -9.498758e-01 2.881404e-01 -1.212894e-01
    outer loop
      vertex   3.545416e+00 -7.052261e-01 2.758653e+01
      vertex   3.339710e+00 -1.383352e+00 2.758653e+01
      vertex   3.191184e+00 -1.321831e+00 2.889586e+01
    endloop
  endfacet
  facet normal -9.133464e-01 2.770594e-01 -2.983897e-01
    outer loop
      vertex   3.911547e+00 -7.780538e-01 2.639821e+01
      vertex   3.339710e+00 -1.383352e+00 2.758653e+01
      vertex   3.545416e+00 -7.052261e-01 2.758653e+01
    endloop
  endfacet
  facet normal -9.133463e-01 2.770605e-01 -2.983891e-01
    outer loop
      vertex   3.911547e+00 -7.780538e-01 2.639821e+01
      vertex   3.684597e+00 -1.526209e+00 2.639821e+01
      vertex   3.339710e+00 -1.383352e+00 2.758653e+01
    endloop
  endfacet
  facet normal -2.881419e-01 -9.498755e-01 -1.212884e-01
    outer loop
      vertex   7.052276e-01 3.545418e+00 2.758652e+01
      vertex   1.321832e+00 3.191186e+00 2.889586e+01
      vertex   6.738642e-01 3.387745e+00 2.889586e+01
    endloop
  endfacet
  facet normal -2.881409e-01 -9.498757e-01 -1.212889e-01
    outer loop
      vertex   7.052276e-01 3.545418e+00 2.758652e+01
      vertex   1.383353e+00 3.339712e+00 2.758652e+01
      vertex   1.321832e+00 3.191186e+00 2.889586e+01
    endloop
  endfacet
  facet normal -2.770598e-01 -9.133460e-01 -2.983907e-01
    outer loop
      vertex   7.780553e-01 3.911549e+00 2.639821e+01
      vertex   1.383353e+00 3.339712e+00 2.758652e+01
      vertex   7.052276e-01 3.545418e+00 2.758652e+01
    endloop
  endfacet
  facet normal -2.770602e-01 -9.133459e-01 -2.983905e-01
    outer loop
      vertex   7.780553e-01 3.911549e+00 2.639821e+01
      vertex   1.526210e+00 3.684599e+00 2.639821e+01
      vertex   1.383353e+00 3.339712e+00 2.758652e+01
    endloop
  endfacet
  facet normal 7.673037e-01 -6.297096e-01 -1.212883e-01
    outer loop
      vertex   -3.005659e+00 2.008319e+00 2.758652e+01
      vertex   -2.442427e+00 2.442429e+00 2.889586e+01
      vertex   -2.871990e+00 1.919004e+00 2.889586e+01
    endloop
  endfacet
  facet normal 7.673040e-01 -6.297092e-01 -1.212885e-01
    outer loop
      vertex   -3.005659e+00 2.008319e+00 2.758652e+01
      vertex   -2.556103e+00 2.556105e+00 2.758652e+01
      vertex   -2.442427e+00 2.442429e+00 2.889586e+01
    endloop
  endfacet
  facet normal 7.377954e-01 -6.054922e-01 -2.983908e-01
    outer loop
      vertex   -3.316049e+00 2.215715e+00 2.639821e+01
      vertex   -2.556103e+00 2.556105e+00 2.758652e+01
      vertex   -3.005659e+00 2.008319e+00 2.758652e+01
    endloop
  endfacet
  facet normal 7.377954e-01 -6.054922e-01 -2.983909e-01
    outer loop
      vertex   -3.316049e+00 2.215715e+00 2.639821e+01
      vertex   -2.820069e+00 2.820070e+00 2.639821e+01
      vertex   -2.556103e+00 2.556105e+00 2.758652e+01
    endloop
  endfacet
  facet normal 9.878375e-01 9.729385e-02 -1.212888e-01
    outer loop
      vertex   -3.545416e+00 -7.052260e-01 2.758653e+01
      vertex   -3.454113e+00 1.532736e-06 2.889586e+01
      vertex   -3.387743e+00 -6.738627e-01 2.889586e+01
    endloop
  endfacet
  facet normal 9.878375e-01 9.729384e-02 -1.212888e-01
    outer loop
      vertex   -3.545416e+00 -7.052260e-01 2.758653e+01
      vertex   -3.614875e+00 1.414068e-06 2.758653e+01
      vertex   -3.454113e+00 1.532736e-06 2.889586e+01
    endloop
  endfacet
  facet normal 9.498482e-01 9.355221e-02 -2.983897e-01
    outer loop
      vertex   -3.911547e+00 -7.780538e-01 2.639821e+01
      vertex   -3.614875e+00 1.414068e-06 2.758653e+01
      vertex   -3.545416e+00 -7.052260e-01 2.758653e+01
    endloop
  endfacet
  facet normal 9.498482e-01 9.355209e-02 -2.983897e-01
    outer loop
      vertex   -3.911547e+00 -7.780538e-01 2.639821e+01
      vertex   -3.988179e+00 1.290953e-06 2.639821e+01
      vertex   -3.614875e+00 1.414068e-06 2.758653e+01
    endloop
  endfacet
  facet normal 6.297097e-01 7.673035e-01 -1.212892e-01
    outer loop
      vertex   -2.008318e+00 -3.005657e+00 2.758653e+01
      vertex   -2.442427e+00 -2.442425e+00 2.889586e+01
      vertex   -1.919003e+00 -2.871988e+00 2.889586e+01
    endloop
  endfacet
  facet normal 6.297092e-01 7.673038e-01 -1.212895e-01
    outer loop
      vertex   -2.008318e+00 -3.005657e+00 2.758653e+01
      vertex   -2.556103e+00 -2.556102e+00 2.758653e+01
      vertex   -2.442427e+00 -2.442425e+00 2.889586e+01
    endloop
  endfacet
  facet normal 6.054926e-01 7.377958e-01 -2.983891e-01
    outer loop
      vertex   -2.215714e+00 -3.316048e+00 2.639821e+01
      vertex   -2.556103e+00 -2.556102e+00 2.758653e+01
      vertex   -2.008318e+00 -3.005657e+00 2.758653e+01
    endloop
  endfacet
  facet normal 6.054925e-01 7.377958e-01 -2.983892e-01
    outer loop
      vertex   -2.215714e+00 -3.316048e+00 2.639821e+01
      vertex   -2.820069e+00 -2.820067e+00 2.639821e+01
      vertex   -2.556103e+00 -2.556102e+00 2.758653e+01
    endloop
  endfacet
  facet normal 4.679166e-01 8.754101e-01 -1.212896e-01
    outer loop
      vertex   -1.383353e+00 -3.339709e+00 2.758653e+01
      vertex   -1.919003e+00 -2.871988e+00 2.889586e+01
      vertex   -1.321832e+00 -3.191183e+00 2.889586e+01
    endloop
  endfacet
  facet normal 4.679172e-01 8.754098e-01 -1.212892e-01
    outer loop
      vertex   -1.383353e+00 -3.339709e+00 2.758653e+01
      vertex   -2.008318e+00 -3.005657e+00 2.758653e+01
      vertex   -1.919003e+00 -2.871988e+00 2.889586e+01
    endloop
  endfacet
  facet normal 4.499227e-01 8.417444e-01 -2.983889e-01
    outer loop
      vertex   -1.526210e+00 -3.684596e+00 2.639821e+01
      vertex   -2.008318e+00 -3.005657e+00 2.758653e+01
      vertex   -1.383353e+00 -3.339709e+00 2.758653e+01
    endloop
  endfacet
  facet normal 4.499222e-01 8.417446e-01 -2.983891e-01
    outer loop
      vertex   -1.526210e+00 -3.684596e+00 2.639821e+01
      vertex   -2.215714e+00 -3.316048e+00 2.639821e+01
      vertex   -2.008318e+00 -3.005657e+00 2.758653e+01
    endloop
  endfacet
  facet normal -9.729555e-02 9.878373e-01 -1.212892e-01
    outer loop
      vertex   7.052274e-01 -3.545415e+00 2.758653e+01
      vertex   2.207218e-08 -3.454112e+00 2.889587e+01
      vertex   6.738642e-01 -3.387742e+00 2.889586e+01
    endloop
  endfacet
  facet normal -9.729343e-02 9.878376e-01 -1.212881e-01
    outer loop
      vertex   7.052274e-01 -3.545415e+00 2.758653e+01
      vertex   -3.702523e-08 -3.614874e+00 2.758653e+01
      vertex   2.207218e-08 -3.454112e+00 2.889587e+01
    endloop
  endfacet
  facet normal -9.355182e-02 9.498483e-01 -2.983893e-01
    outer loop
      vertex   7.780552e-01 -3.911546e+00 2.639821e+01
      vertex   -3.702523e-08 -3.614874e+00 2.758653e+01
      vertex   7.052274e-01 -3.545415e+00 2.758653e+01
    endloop
  endfacet
  facet normal -9.355172e-02 9.498484e-01 -2.983892e-01
    outer loop
      vertex   7.780552e-01 -3.911546e+00 2.639821e+01
      vertex   -5.554714e-08 -3.988177e+00 2.639821e+01
      vertex   -3.702523e-08 -3.614874e+00 2.758653e+01
    endloop
  endfacet
  facet normal -8.754104e-01 -4.679165e-01 -1.212883e-01
    outer loop
      vertex   3.005659e+00 2.008319e+00 2.758652e+01
      vertex   3.191184e+00 1.321834e+00 2.889586e+01
      vertex   2.871990e+00 1.919004e+00 2.889586e+01
    endloop
  endfacet
  facet normal -8.754093e-01 -4.679182e-01 -1.212893e-01
    outer loop
      vertex   3.005659e+00 2.008319e+00 2.758652e+01
      vertex   3.339710e+00 1.383355e+00 2.758653e+01
      vertex   3.191184e+00 1.321834e+00 2.889586e+01
    endloop
  endfacet
  facet normal -8.417425e-01 -4.499250e-01 -2.983909e-01
    outer loop
      vertex   3.316049e+00 2.215715e+00 2.639821e+01
      vertex   3.339710e+00 1.383355e+00 2.758653e+01
      vertex   3.005659e+00 2.008319e+00 2.758652e+01
    endloop
  endfacet
  facet normal -8.417446e-01 -4.499222e-01 -2.983890e-01
    outer loop
      vertex   3.316049e+00 2.215715e+00 2.639821e+01
      vertex   3.684597e+00 1.526212e+00 2.639821e+01
      vertex   3.339710e+00 1.383355e+00 2.758653e+01
    endloop
  endfacet
  facet normal -7.673037e-01 -6.297095e-01 -1.212886e-01
    outer loop
      vertex   2.556103e+00 2.556105e+00 2.758652e+01
      vertex   2.871990e+00 1.919004e+00 2.889586e+01
      vertex   2.442427e+00 2.442429e+00 2.889586e+01
    endloop
  endfacet
  facet normal -7.673040e-01 -6.297092e-01 -1.212883e-01
    outer loop
      vertex   2.556103e+00 2.556105e+00 2.758652e+01
      vertex   3.005659e+00 2.008319e+00 2.758652e+01
      vertex   2.871990e+00 1.919004e+00 2.889586e+01
    endloop
  endfacet
  facet normal -7.377955e-01 -6.054922e-01 -2.983907e-01
    outer loop
      vertex   2.820069e+00 2.820070e+00 2.639821e+01
      vertex   3.005659e+00 2.008319e+00 2.758652e+01
      vertex   2.556103e+00 2.556105e+00 2.758652e+01
    endloop
  endfacet
  facet normal -7.377953e-01 -6.054924e-01 -2.983908e-01
    outer loop
      vertex   2.820069e+00 2.820070e+00 2.639821e+01
      vertex   3.316049e+00 2.215715e+00 2.639821e+01
      vertex   3.005659e+00 2.008319e+00 2.758652e+01
    endloop
  endfacet
  facet normal -6.297100e-01 -7.673034e-01 -1.212881e-01
    outer loop
      vertex   2.008318e+00 3.005660e+00 2.758652e+01
      vertex   2.442427e+00 2.442429e+00 2.889586e+01
      vertex   1.919003e+00 2.871992e+00 2.889586e+01
    endloop
  endfacet
  facet normal -6.297093e-01 -7.673039e-01 -1.212885e-01
    outer loop
      vertex   2.008318e+00 3.005660e+00 2.758652e+01
      vertex   2.556103e+00 2.556105e+00 2.758652e+01
      vertex   2.442427e+00 2.442429e+00 2.889586e+01
    endloop
  endfacet
  facet normal -6.054923e-01 -7.377954e-01 -2.983908e-01
    outer loop
      vertex   2.215714e+00 3.316051e+00 2.639821e+01
      vertex   2.556103e+00 2.556105e+00 2.758652e+01
      vertex   2.008318e+00 3.005660e+00 2.758652e+01
    endloop
  endfacet
  facet normal -6.054925e-01 -7.377953e-01 -2.983907e-01
    outer loop
      vertex   2.215714e+00 3.316051e+00 2.639821e+01
      vertex   2.820069e+00 2.820070e+00 2.639821e+01
      vertex   2.556103e+00 2.556105e+00 2.758652e+01
    endloop
  endfacet
  facet normal -9.729386e-02 -9.878376e-01 -1.212881e-01
    outer loop
      vertex   2.590586e-08 3.614877e+00 2.758652e+01
      vertex   6.738642e-01 3.387745e+00 2.889586e+01
      vertex   -3.172693e-08 3.454115e+00 2.889586e+01
    endloop
  endfacet
  facet normal -9.729342e-02 -9.878376e-01 -1.212884e-01
    outer loop
      vertex   2.590586e-08 3.614877e+00 2.758652e+01
      vertex   7.052276e-01 3.545418e+00 2.758652e+01
      vertex   6.738642e-01 3.387745e+00 2.889586e+01
    endloop
  endfacet
  facet normal -9.355176e-02 -9.498479e-01 -2.983909e-01
    outer loop
      vertex   4.841643e-08 3.988180e+00 2.639821e+01
      vertex   7.052276e-01 3.545418e+00 2.758652e+01
      vertex   2.590586e-08 3.614877e+00 2.758652e+01
    endloop
  endfacet
  facet normal -9.355203e-02 -9.498479e-01 -2.983907e-01
    outer loop
      vertex   4.841643e-08 3.988180e+00 2.639821e+01
      vertex   7.780553e-01 3.911549e+00 2.639821e+01
      vertex   7.052276e-01 3.545418e+00 2.758652e+01
    endloop
  endfacet
  facet normal -4.679159e-01 -8.754106e-01 -1.212889e-01
    outer loop
      vertex   1.383353e+00 3.339712e+00 2.758652e+01
      vertex   1.919003e+00 2.871992e+00 2.889586e+01
      vertex   1.321832e+00 3.191186e+00 2.889586e+01
    endloop
  endfacet
  facet normal -4.679173e-01 -8.754100e-01 -1.212880e-01
    outer loop
      vertex   1.383353e+00 3.339712e+00 2.758652e+01
      vertex   2.008318e+00 3.005660e+00 2.758652e+01
      vertex   1.919003e+00 2.871992e+00 2.889586e+01
    endloop
  endfacet
  facet normal -4.499224e-01 -8.417440e-01 -2.983905e-01
    outer loop
      vertex   1.526210e+00 3.684599e+00 2.639821e+01
      vertex   2.008318e+00 3.005660e+00 2.758652e+01
      vertex   1.383353e+00 3.339712e+00 2.758652e+01
    endloop
  endfacet
  facet normal -4.499220e-01 -8.417441e-01 -2.983908e-01
    outer loop
      vertex   1.526210e+00 3.684599e+00 2.639821e+01
      vertex   2.215714e+00 3.316051e+00 2.639821e+01
      vertex   2.008318e+00 3.005660e+00 2.758652e+01
    endloop
  endfacet
  facet normal -9.498755e-01 -2.881414e-01 -1.212894e-01
    outer loop
      vertex   3.339710e+00 1.383355e+00 2.758653e+01
      vertex   3.387743e+00 6.738657e-01 2.889586e+01
      vertex   3.191184e+00 1.321834e+00 2.889586e+01
    endloop
  endfacet
  facet normal -9.498759e-01 -2.881403e-01 -1.212888e-01
    outer loop
      vertex   3.339710e+00 1.383355e+00 2.758653e+01
      vertex   3.545416e+00 7.052287e-01 2.758653e+01
      vertex   3.387743e+00 6.738657e-01 2.889586e+01
    endloop
  endfacet
  facet normal -9.133467e-01 -2.770594e-01 -2.983890e-01
    outer loop
      vertex   3.684597e+00 1.526212e+00 2.639821e+01
      vertex   3.545416e+00 7.052287e-01 2.758653e+01
      vertex   3.339710e+00 1.383355e+00 2.758653e+01
    endloop
  endfacet
  facet normal -9.133461e-01 -2.770605e-01 -2.983897e-01
    outer loop
      vertex   3.684597e+00 1.526212e+00 2.639821e+01
      vertex   3.911547e+00 7.780565e-01 2.639821e+01
      vertex   3.545416e+00 7.052287e-01 2.758653e+01
    endloop
  endfacet
  facet normal -9.878375e-01 -9.729386e-02 -1.212888e-01
    outer loop
      vertex   3.545416e+00 7.052287e-01 2.758653e+01
      vertex   3.454113e+00 1.532736e-06 2.889586e+01
      vertex   3.387743e+00 6.738657e-01 2.889586e+01
    endloop
  endfacet
  facet normal -9.878374e-01 -9.729426e-02 -1.212890e-01
    outer loop
      vertex   3.545416e+00 7.052287e-01 2.758653e+01
      vertex   3.614876e+00 1.410472e-06 2.758653e+01
      vertex   3.454113e+00 1.532736e-06 2.889586e+01
    endloop
  endfacet
  facet normal -9.498481e-01 -9.355261e-02 -2.983898e-01
    outer loop
      vertex   3.911547e+00 7.780565e-01 2.639821e+01
      vertex   3.614876e+00 1.410472e-06 2.758653e+01
      vertex   3.545416e+00 7.052287e-01 2.758653e+01
    endloop
  endfacet
  facet normal -9.498483e-01 -9.355208e-02 -2.983894e-01
    outer loop
      vertex   3.911547e+00 7.780565e-01 2.639821e+01
      vertex   3.988179e+00 1.290953e-06 2.639821e+01
      vertex   3.614876e+00 1.410472e-06 2.758653e+01
    endloop
  endfacet
  facet normal -9.878375e-01 9.729384e-02 -1.212890e-01
    outer loop
      vertex   3.614876e+00 1.410472e-06 2.758653e+01
      vertex   3.387743e+00 -6.738628e-01 2.889586e+01
      vertex   3.454113e+00 1.532736e-06 2.889586e+01
    endloop
  endfacet
  facet normal -9.878375e-01 9.729425e-02 -1.212888e-01
    outer loop
      vertex   3.614876e+00 1.410472e-06 2.758653e+01
      vertex   3.545416e+00 -7.052261e-01 2.758653e+01
      vertex   3.387743e+00 -6.738628e-01 2.889586e+01
    endloop
  endfacet
  facet normal -9.498482e-01 9.355261e-02 -2.983894e-01
    outer loop
      vertex   3.988179e+00 1.290953e-06 2.639821e+01
      vertex   3.545416e+00 -7.052261e-01 2.758653e+01
      vertex   3.614876e+00 1.410472e-06 2.758653e+01
    endloop
  endfacet
  facet normal -9.498482e-01 9.355209e-02 -2.983897e-01
    outer loop
      vertex   3.988179e+00 1.290953e-06 2.639821e+01
      vertex   3.911547e+00 -7.780538e-01 2.639821e+01
      vertex   3.545416e+00 -7.052261e-01 2.758653e+01
    endloop
  endfacet
  facet normal -6.297097e-01 7.673034e-01 -1.212895e-01
    outer loop
      vertex   2.556103e+00 -2.556102e+00 2.758653e+01
      vertex   1.919003e+00 -2.871988e+00 2.889586e+01
      vertex   2.442427e+00 -2.442425e+00 2.889586e+01
    endloop
  endfacet
  facet normal -6.297093e-01 7.673038e-01 -1.212892e-01
    outer loop
      vertex   2.556103e+00 -2.556102e+00 2.758653e+01
      vertex   2.008318e+00 -3.005657e+00 2.758653e+01
      vertex   1.919003e+00 -2.871988e+00 2.889586e+01
    endloop
  endfacet
  facet normal -6.054926e-01 7.377957e-01 -2.983894e-01
    outer loop
      vertex   2.820069e+00 -2.820067e+00 2.639821e+01
      vertex   2.008318e+00 -3.005657e+00 2.758653e+01
      vertex   2.556103e+00 -2.556102e+00 2.758653e+01
    endloop
  endfacet
  facet normal -6.054923e-01 7.377960e-01 -2.983891e-01
    outer loop
      vertex   2.820069e+00 -2.820067e+00 2.639821e+01
      vertex   2.215714e+00 -3.316048e+00 2.639821e+01
      vertex   2.008318e+00 -3.005657e+00 2.758653e+01
    endloop
  endfacet
  facet normal -4.679166e-01 8.754102e-01 -1.212892e-01
    outer loop
      vertex   2.008318e+00 -3.005657e+00 2.758653e+01
      vertex   1.321832e+00 -3.191183e+00 2.889586e+01
      vertex   1.919003e+00 -2.871988e+00 2.889586e+01
    endloop
  endfacet
  facet normal -4.679170e-01 8.754099e-01 -1.212894e-01
    outer loop
      vertex   2.008318e+00 -3.005657e+00 2.758653e+01
      vertex   1.383353e+00 -3.339708e+00 2.758653e+01
      vertex   1.321832e+00 -3.191183e+00 2.889586e+01
    endloop
  endfacet
  facet normal -4.499224e-01 8.417445e-01 -2.983892e-01
    outer loop
      vertex   2.215714e+00 -3.316048e+00 2.639821e+01
      vertex   1.383353e+00 -3.339708e+00 2.758653e+01
      vertex   2.008318e+00 -3.005657e+00 2.758653e+01
    endloop
  endfacet
  facet normal -4.499223e-01 8.417446e-01 -2.983891e-01
    outer loop
      vertex   2.215714e+00 -3.316048e+00 2.639821e+01
      vertex   1.526210e+00 -3.684596e+00 2.639821e+01
      vertex   1.383353e+00 -3.339708e+00 2.758653e+01
    endloop
  endfacet
  facet normal -2.881415e-01 9.498754e-01 -1.212894e-01
    outer loop
      vertex   1.383353e+00 -3.339708e+00 2.758653e+01
      vertex   6.738642e-01 -3.387742e+00 2.889586e+01
      vertex   1.321832e+00 -3.191183e+00 2.889586e+01
    endloop
  endfacet
  facet normal -2.881412e-01 9.498756e-01 -1.212892e-01
    outer loop
      vertex   1.383353e+00 -3.339708e+00 2.758653e+01
      vertex   7.052274e-01 -3.545415e+00 2.758653e+01
      vertex   6.738642e-01 -3.387742e+00 2.889586e+01
    endloop
  endfacet
  facet normal -2.770602e-01 9.133464e-01 -2.983891e-01
    outer loop
      vertex   1.526210e+00 -3.684596e+00 2.639821e+01
      vertex   7.052274e-01 -3.545415e+00 2.758653e+01
      vertex   1.383353e+00 -3.339708e+00 2.758653e+01
    endloop
  endfacet
  facet normal -2.770606e-01 9.133462e-01 -2.983893e-01
    outer loop
      vertex   1.526210e+00 -3.684596e+00 2.639821e+01
      vertex   7.780552e-01 -3.911546e+00 2.639821e+01
      vertex   7.052274e-01 -3.545415e+00 2.758653e+01
    endloop
  endfacet
  facet normal 9.729556e-02 9.878374e-01 -1.212881e-01
    outer loop
      vertex   -3.702523e-08 -3.614874e+00 2.758653e+01
      vertex   -6.738642e-01 -3.387742e+00 2.889586e+01
      vertex   2.207218e-08 -3.454112e+00 2.889587e+01
    endloop
  endfacet
  facet normal 9.729341e-02 9.878375e-01 -1.212892e-01
    outer loop
      vertex   -3.702523e-08 -3.614874e+00 2.758653e+01
      vertex   -7.052276e-01 -3.545415e+00 2.758653e+01
      vertex   -6.738642e-01 -3.387742e+00 2.889586e+01
    endloop
  endfacet
  facet normal 9.355181e-02 9.498484e-01 -2.983892e-01
    outer loop
      vertex   -5.554714e-08 -3.988177e+00 2.639821e+01
      vertex   -7.052276e-01 -3.545415e+00 2.758653e+01
      vertex   -3.702523e-08 -3.614874e+00 2.758653e+01
    endloop
  endfacet
  facet normal 9.355171e-02 9.498484e-01 -2.983893e-01
    outer loop
      vertex   -5.554714e-08 -3.988177e+00 2.639821e+01
      vertex   -7.780553e-01 -3.911546e+00 2.639821e+01
      vertex   -7.052276e-01 -3.545415e+00 2.758653e+01
    endloop
  endfacet
  facet normal 2.881415e-01 9.498755e-01 -1.212893e-01
    outer loop
      vertex   -7.052276e-01 -3.545415e+00 2.758653e+01
      vertex   -1.321832e+00 -3.191183e+00 2.889586e+01
      vertex   -6.738642e-01 -3.387742e+00 2.889586e+01
    endloop
  endfacet
  facet normal 2.881409e-01 9.498756e-01 -1.212896e-01
    outer loop
      vertex   -7.052276e-01 -3.545415e+00 2.758653e+01
      vertex   -1.383353e+00 -3.339709e+00 2.758653e+01
      vertex   -1.321832e+00 -3.191183e+00 2.889586e+01
    endloop
  endfacet
  facet normal 2.770599e-01 9.133464e-01 -2.983893e-01
    outer loop
      vertex   -7.780553e-01 -3.911546e+00 2.639821e+01
      vertex   -1.383353e+00 -3.339709e+00 2.758653e+01
      vertex   -7.052276e-01 -3.545415e+00 2.758653e+01
    endloop
  endfacet
  facet normal 2.770606e-01 9.133463e-01 -2.983889e-01
    outer loop
      vertex   -7.780553e-01 -3.911546e+00 2.639821e+01
      vertex   -1.526210e+00 -3.684596e+00 2.639821e+01
      vertex   -1.383353e+00 -3.339709e+00 2.758653e+01
    endloop
  endfacet
  facet normal 7.673033e-01 6.297099e-01 -1.212895e-01
    outer loop
      vertex   -2.556103e+00 -2.556102e+00 2.758653e+01
      vertex   -2.871990e+00 -1.919001e+00 2.889586e+01
      vertex   -2.442427e+00 -2.442425e+00 2.889586e+01
    endloop
  endfacet
  facet normal 7.673039e-01 6.297092e-01 -1.212890e-01
    outer loop
      vertex   -2.556103e+00 -2.556102e+00 2.758653e+01
      vertex   -3.005659e+00 -2.008316e+00 2.758653e+01
      vertex   -2.871990e+00 -1.919001e+00 2.889586e+01
    endloop
  endfacet
  facet normal 7.377958e-01 6.054925e-01 -2.983892e-01
    outer loop
      vertex   -2.820069e+00 -2.820067e+00 2.639821e+01
      vertex   -3.005659e+00 -2.008316e+00 2.758653e+01
      vertex   -2.556103e+00 -2.556102e+00 2.758653e+01
    endloop
  endfacet
  facet normal 7.377957e-01 6.054927e-01 -2.983893e-01
    outer loop
      vertex   -2.820069e+00 -2.820067e+00 2.639821e+01
      vertex   -3.316049e+00 -2.215713e+00 2.639821e+01
      vertex   -3.005659e+00 -2.008316e+00 2.758653e+01
    endloop
  endfacet
  facet normal 9.498755e-01 2.881414e-01 -1.212894e-01
    outer loop
      vertex   -3.339710e+00 -1.383352e+00 2.758653e+01
      vertex   -3.387743e+00 -6.738627e-01 2.889586e+01
      vertex   -3.191184e+00 -1.321831e+00 2.889586e+01
    endloop
  endfacet
  facet normal 9.498759e-01 2.881404e-01 -1.212888e-01
    outer loop
      vertex   -3.339710e+00 -1.383352e+00 2.758653e+01
      vertex   -3.545416e+00 -7.052260e-01 2.758653e+01
      vertex   -3.387743e+00 -6.738627e-01 2.889586e+01
    endloop
  endfacet
  facet normal 9.133466e-01 2.770594e-01 -2.983891e-01
    outer loop
      vertex   -3.684597e+00 -1.526209e+00 2.639821e+01
      vertex   -3.545416e+00 -7.052260e-01 2.758653e+01
      vertex   -3.339710e+00 -1.383352e+00 2.758653e+01
    endloop
  endfacet
  facet normal 9.133461e-01 2.770604e-01 -2.983897e-01
    outer loop
      vertex   -3.684597e+00 -1.526209e+00 2.639821e+01
      vertex   -3.911547e+00 -7.780538e-01 2.639821e+01
      vertex   -3.545416e+00 -7.052260e-01 2.758653e+01
    endloop
  endfacet
  facet normal 9.878375e-01 -9.729386e-02 -1.212888e-01
    outer loop
      vertex   -3.614875e+00 1.414068e-06 2.758653e+01
      vertex   -3.387743e+00 6.738657e-01 2.889586e+01
      vertex   -3.454113e+00 1.532736e-06 2.889586e+01
    endloop
  endfacet
  facet normal 9.878375e-01 -9.729385e-02 -1.212888e-01
    outer loop
      vertex   -3.614875e+00 1.414068e-06 2.758653e+01
      vertex   -3.545416e+00 7.052287e-01 2.758653e+01
      vertex   -3.387743e+00 6.738657e-01 2.889586e+01
    endloop
  endfacet
  facet normal 9.498482e-01 -9.355222e-02 -2.983897e-01
    outer loop
      vertex   -3.988179e+00 1.290953e-06 2.639821e+01
      vertex   -3.545416e+00 7.052287e-01 2.758653e+01
      vertex   -3.614875e+00 1.414068e-06 2.758653e+01
    endloop
  endfacet
  facet normal 9.498482e-01 -9.355207e-02 -2.983897e-01
    outer loop
      vertex   -3.988179e+00 1.290953e-06 2.639821e+01
      vertex   -3.911547e+00 7.780565e-01 2.639821e+01
      vertex   -3.545416e+00 7.052287e-01 2.758653e+01
    endloop
  endfacet
  facet normal 8.754103e-01 -4.679164e-01 -1.212894e-01
    outer loop
      vertex   -3.339710e+00 1.383355e+00 2.758653e+01
      vertex   -2.871990e+00 1.919004e+00 2.889586e+01
      vertex   -3.191184e+00 1.321834e+00 2.889586e+01
    endloop
  endfacet
  facet normal 8.754094e-01 -4.679182e-01 -1.212883e-01
    outer loop
      vertex   -3.339710e+00 1.383355e+00 2.758653e+01
      vertex   -3.005659e+00 2.008319e+00 2.758652e+01
      vertex   -2.871990e+00 1.919004e+00 2.889586e+01
    endloop
  endfacet
  facet normal 8.417431e-01 -4.499252e-01 -2.983889e-01
    outer loop
      vertex   -3.684597e+00 1.526212e+00 2.639821e+01
      vertex   -3.005659e+00 2.008319e+00 2.758652e+01
      vertex   -3.339710e+00 1.383355e+00 2.758653e+01
    endloop
  endfacet
  facet normal 8.417441e-01 -4.499219e-01 -2.983908e-01
    outer loop
      vertex   -3.684597e+00 1.526212e+00 2.639821e+01
      vertex   -3.316049e+00 2.215715e+00 2.639821e+01
      vertex   -3.005659e+00 2.008319e+00 2.758652e+01
    endloop
  endfacet
  facet normal 6.297097e-01 -7.673035e-01 -1.212885e-01
    outer loop
      vertex   -2.556103e+00 2.556105e+00 2.758652e+01
      vertex   -1.919003e+00 2.871992e+00 2.889586e+01
      vertex   -2.442427e+00 2.442429e+00 2.889586e+01
    endloop
  endfacet
  facet normal 6.297093e-01 -7.673039e-01 -1.212882e-01
    outer loop
      vertex   -2.556103e+00 2.556105e+00 2.758652e+01
      vertex   -2.008318e+00 3.005660e+00 2.758652e+01
      vertex   -1.919003e+00 2.871992e+00 2.889586e+01
    endloop
  endfacet
  facet normal 6.054923e-01 -7.377954e-01 -2.983908e-01
    outer loop
      vertex   -2.820069e+00 2.820070e+00 2.639821e+01
      vertex   -2.008318e+00 3.005660e+00 2.758652e+01
      vertex   -2.556103e+00 2.556105e+00 2.758652e+01
    endloop
  endfacet
  facet normal 6.054922e-01 -7.377954e-01 -2.983908e-01
    outer loop
      vertex   -2.820069e+00 2.820070e+00 2.639821e+01
      vertex   -2.215714e+00 3.316051e+00 2.639821e+01
      vertex   -2.008318e+00 3.005660e+00 2.758652e+01
    endloop
  endfacet
  facet normal 4.679160e-01 -8.754107e-01 -1.212881e-01
    outer loop
      vertex   -2.008318e+00 3.005660e+00 2.758652e+01
      vertex   -1.321832e+00 3.191186e+00 2.889586e+01
      vertex   -1.919003e+00 2.871992e+00 2.889586e+01
    endloop
  endfacet
  facet normal 4.679167e-01 -8.754102e-01 -1.212886e-01
    outer loop
      vertex   -2.008318e+00 3.005660e+00 2.758652e+01
      vertex   -1.383353e+00 3.339711e+00 2.758652e+01
      vertex   -1.321832e+00 3.191186e+00 2.889586e+01
    endloop
  endfacet
  facet normal 4.499218e-01 -8.417442e-01 -2.983908e-01
    outer loop
      vertex   -2.215714e+00 3.316051e+00 2.639821e+01
      vertex   -1.383353e+00 3.339711e+00 2.758652e+01
      vertex   -2.008318e+00 3.005660e+00 2.758652e+01
    endloop
  endfacet
  facet normal 4.499220e-01 -8.417441e-01 -2.983909e-01
    outer loop
      vertex   -2.215714e+00 3.316051e+00 2.639821e+01
      vertex   -1.526210e+00 3.684599e+00 2.639821e+01
      vertex   -1.383353e+00 3.339711e+00 2.758652e+01
    endloop
  endfacet
  facet normal 2.881419e-01 -9.498754e-01 -1.212885e-01
    outer loop
      vertex   -1.383353e+00 3.339711e+00 2.758652e+01
      vertex   -6.738642e-01 3.387745e+00 2.889586e+01
      vertex   -1.321832e+00 3.191186e+00 2.889586e+01
    endloop
  endfacet
  facet normal 2.881416e-01 -9.498755e-01 -1.212884e-01
    outer loop
      vertex   -1.383353e+00 3.339711e+00 2.758652e+01
      vertex   -7.052274e-01 3.545418e+00 2.758652e+01
      vertex   -6.738642e-01 3.387745e+00 2.889586e+01
    endloop
  endfacet
  facet normal 2.770604e-01 -9.133457e-01 -2.983909e-01
    outer loop
      vertex   -1.526210e+00 3.684599e+00 2.639821e+01
      vertex   -7.052274e-01 3.545418e+00 2.758652e+01
      vertex   -1.383353e+00 3.339711e+00 2.758652e+01
    endloop
  endfacet
  facet normal 2.770601e-01 -9.133459e-01 -2.983907e-01
    outer loop
      vertex   -1.526210e+00 3.684599e+00 2.639821e+01
      vertex   -7.780552e-01 3.911549e+00 2.639821e+01
      vertex   -7.052274e-01 3.545418e+00 2.758652e+01
    endloop
  endfacet
  facet normal 9.729386e-02 -9.878376e-01 -1.212884e-01
    outer loop
      vertex   -7.052274e-01 3.545418e+00 2.758652e+01
      vertex   -3.172693e-08 3.454115e+00 2.889586e+01
      vertex   -6.738642e-01 3.387745e+00 2.889586e+01
    endloop
  endfacet
  facet normal 9.729343e-02 -9.878376e-01 -1.212881e-01
    outer loop
      vertex   -7.052274e-01 3.545418e+00 2.758652e+01
      vertex   2.590586e-08 3.614877e+00 2.758652e+01
      vertex   -3.172693e-08 3.454115e+00 2.889586e+01
    endloop
  endfacet
  facet normal 9.355178e-02 -9.498479e-01 -2.983907e-01
    outer loop
      vertex   -7.780552e-01 3.911549e+00 2.639821e+01
      vertex   2.590586e-08 3.614877e+00 2.758652e+01
      vertex   -7.052274e-01 3.545418e+00 2.758652e+01
    endloop
  endfacet
  facet normal 9.355203e-02 -9.498478e-01 -2.983909e-01
    outer loop
      vertex   -7.780552e-01 3.911549e+00 2.639821e+01
      vertex   4.841643e-08 3.988180e+00 2.639821e+01
      vertex   2.590586e-08 3.614877e+00 2.758652e+01
    endloop
  endfacet
  facet normal 8.819212e-01 -4.713969e-01 -1.685522e-05
    outer loop
      vertex   -4.665715e+00 1.932601e+00 8.495009e-01
      vertex   -4.198720e+00 2.805496e+00 2.301880e+01
      vertex   -4.665368e+00 1.932459e+00 2.301880e+01
    endloop
  endfacet
  facet normal 8.819213e-01 -4.713967e-01 -1.686459e-05
    outer loop
      vertex   -4.665715e+00 1.932601e+00 8.495009e-01
      vertex   -4.199033e+00 2.805703e+00 8.495009e-01
      vertex   -4.198720e+00 2.805496e+00 2.301880e+01
    endloop
  endfacet
  facet normal -9.801757e-02 -9.951847e-01 -1.682998e-05
    outer loop
      vertex   1.816131e-09 5.050133e+00 8.495021e-01
      vertex   9.851588e-01 4.952728e+00 2.301880e+01
      vertex   -7.258543e-09 5.049759e+00 2.301880e+01
    endloop
  endfacet
  facet normal -9.801777e-02 -9.951847e-01 -1.682127e-05
    outer loop
      vertex   1.816131e-09 5.050133e+00 8.495021e-01
      vertex   9.852324e-01 4.953096e+00 8.495009e-01
      vertex   9.851588e-01 4.952728e+00 2.301880e+01
    endloop
  endfacet
  facet normal -7.730103e-01 -6.343935e-01 -1.687354e-05
    outer loop
      vertex   3.570984e+00 3.570983e+00 8.495009e-01
      vertex   4.198720e+00 2.805496e+00 2.301880e+01
      vertex   3.570718e+00 3.570718e+00 2.301880e+01
    endloop
  endfacet
  facet normal -7.730106e-01 -6.343930e-01 -1.684869e-05
    outer loop
      vertex   3.570984e+00 3.570983e+00 8.495009e-01
      vertex   4.199033e+00 2.805703e+00 8.495009e-01
      vertex   4.198720e+00 2.805496e+00 2.301880e+01
    endloop
  endfacet
  facet normal -2.769431e-01 -8.400975e-02 9.572068e-01
    outer loop
      vertex   -4.417666e+00 -8.787296e-01 8.652115e-01
      vertex   -2.948122e+00 -1.221154e+00 1.260333e+00
      vertex   -3.129710e+00 -6.225393e-01 1.260333e+00
    endloop
  endfacet
  facet normal -2.769425e-01 -8.400663e-02 9.572073e-01
    outer loop
      vertex   -4.417666e+00 -8.787296e-01 8.652115e-01
      vertex   -4.161351e+00 -1.723689e+00 8.652139e-01
      vertex   -2.948122e+00 -1.221154e+00 1.260333e+00
    endloop
  endfacet
  facet normal 4.713974e-01 8.819209e-01 -1.699759e-05
    outer loop
      vertex   -1.932603e+00 -4.665717e+00 8.495033e-01
      vertex   -2.805495e+00 -4.198718e+00 2.301880e+01
      vertex   -1.932459e+00 -4.665367e+00 2.301880e+01
    endloop
  endfacet
  facet normal 4.713964e-01 8.819214e-01 -1.704570e-05
    outer loop
      vertex   -1.932603e+00 -4.665717e+00 8.495033e-01
      vertex   -2.805704e+00 -4.199035e+00 8.495033e-01
      vertex   -2.805495e+00 -4.198718e+00 2.301880e+01
    endloop
  endfacet
  facet normal -2.902847e-01 -9.569403e-01 -1.682642e-05
    outer loop
      vertex   9.852324e-01 4.953096e+00 8.495009e-01
      vertex   1.932459e+00 4.665368e+00 2.301880e+01
      vertex   9.851588e-01 4.952728e+00 2.301880e+01
    endloop
  endfacet
  facet normal -2.902847e-01 -9.569403e-01 -1.682407e-05
    outer loop
      vertex   9.852324e-01 4.953096e+00 8.495009e-01
      vertex   1.932603e+00 4.665714e+00 8.495009e-01
      vertex   1.932459e+00 4.665368e+00 2.301880e+01
    endloop
  endfacet
  facet normal -8.819214e-01 -4.713965e-01 -1.686459e-05
    outer loop
      vertex   4.199033e+00 2.805703e+00 8.495009e-01
      vertex   4.665367e+00 1.932459e+00 2.301880e+01
      vertex   4.198720e+00 2.805496e+00 2.301880e+01
    endloop
  endfacet
  facet normal -8.819213e-01 -4.713967e-01 -1.687893e-05
    outer loop
      vertex   4.199033e+00 2.805703e+00 8.495009e-01
      vertex   4.665715e+00 1.932601e+00 8.495009e-01
      vertex   4.665367e+00 1.932459e+00 2.301880e+01
    endloop
  endfacet
  facet normal 6.343930e-01 -7.730107e-01 -1.686049e-05
    outer loop
      vertex   -3.570984e+00 3.570983e+00 8.495009e-01
      vertex   -2.805495e+00 4.198720e+00 2.301880e+01
      vertex   -3.570718e+00 3.570718e+00 2.301880e+01
    endloop
  endfacet
  facet normal 6.343930e-01 -7.730106e-01 -1.686496e-05
    outer loop
      vertex   -3.570984e+00 3.570983e+00 8.495009e-01
      vertex   -2.805704e+00 4.199032e+00 8.495009e-01
      vertex   -2.805495e+00 4.198720e+00 2.301880e+01
    endloop
  endfacet
  facet normal 6.343930e-01 7.730107e-01 -1.703123e-05
    outer loop
      vertex   -2.805704e+00 -4.199035e+00 8.495033e-01
      vertex   -3.570718e+00 -3.570717e+00 2.301880e+01
      vertex   -2.805495e+00 -4.198718e+00 2.301880e+01
    endloop
  endfacet
  facet normal 6.343934e-01 7.730104e-01 -1.700784e-05
    outer loop
      vertex   -2.805704e+00 -4.199035e+00 8.495033e-01
      vertex   -3.570984e+00 -3.570986e+00 8.495033e-01
      vertex   -3.570718e+00 -3.570717e+00 2.301880e+01
    endloop
  endfacet
  facet normal -2.880113e-01 -2.836681e-02 9.572068e-01
    outer loop
      vertex   -4.504213e+00 -1.266507e-06 8.652115e-01
      vertex   -3.129710e+00 -6.225393e-01 1.260333e+00
      vertex   -3.191025e+00 -1.361995e-06 1.260333e+00
    endloop
  endfacet
  facet normal -2.880112e-01 -2.836651e-02 9.572068e-01
    outer loop
      vertex   -4.504213e+00 -1.266507e-06 8.652115e-01
      vertex   -4.417666e+00 -8.787296e-01 8.652115e-01
      vertex   -3.129710e+00 -6.225393e-01 1.260333e+00
    endloop
  endfacet
  facet normal -4.713974e-01 -8.819209e-01 -1.683161e-05
    outer loop
      vertex   1.932603e+00 4.665714e+00 8.495009e-01
      vertex   2.805495e+00 4.198720e+00 2.301880e+01
      vertex   1.932459e+00 4.665368e+00 2.301880e+01
    endloop
  endfacet
  facet normal -4.713969e-01 -8.819212e-01 -1.685601e-05
    outer loop
      vertex   1.932603e+00 4.665714e+00 8.495009e-01
      vertex   2.805704e+00 4.199032e+00 8.495009e-01
      vertex   2.805495e+00 4.198720e+00 2.301880e+01
    endloop
  endfacet
  facet normal 8.238920e-01 -2.499235e-01 5.086651e-01
    outer loop
      vertex   -4.664498e+00 1.932097e+00 7.485664e-01
      vertex   -4.906240e+00 9.759106e-01 6.703138e-01
      vertex   -4.621577e+00 1.914319e+00 6.703115e-01
    endloop
  endfacet
  facet normal 8.238876e-01 -2.499229e-01 5.086726e-01
    outer loop
      vertex   -4.664498e+00 1.932097e+00 7.485664e-01
      vertex   -4.951804e+00 9.849741e-01 7.485664e-01
      vertex   -4.906240e+00 9.759106e-01 6.703138e-01
    endloop
  endfacet
  facet normal -9.569403e-01 -2.902847e-01 -1.689771e-05
    outer loop
      vertex   4.665715e+00 1.932601e+00 8.495009e-01
      vertex   4.952727e+00 9.851597e-01 2.301880e+01
      vertex   4.665367e+00 1.932459e+00 2.301880e+01
    endloop
  endfacet
  facet normal -9.569404e-01 -2.902844e-01 -1.688720e-05
    outer loop
      vertex   4.665715e+00 1.932601e+00 8.495009e-01
      vertex   4.953097e+00 9.852311e-01 8.495009e-01
      vertex   4.952727e+00 9.851597e-01 2.301880e+01
    endloop
  endfacet
  facet normal 2.902847e-01 -9.569403e-01 -1.682407e-05
    outer loop
      vertex   -1.932603e+00 4.665714e+00 8.495009e-01
      vertex   -9.851588e-01 4.952728e+00 2.301880e+01
      vertex   -1.932459e+00 4.665368e+00 2.301880e+01
    endloop
  endfacet
  facet normal 2.902847e-01 -9.569403e-01 -1.682447e-05
    outer loop
      vertex   -1.932603e+00 4.665714e+00 8.495009e-01
      vertex   -9.852323e-01 4.953096e+00 8.495009e-01
      vertex   -9.851588e-01 4.952728e+00 2.301880e+01
    endloop
  endfacet
  facet normal -9.951847e-01 9.801698e-02 -1.694668e-05
    outer loop
      vertex   5.050134e+00 -1.234445e-06 8.495021e-01
      vertex   4.952727e+00 -9.851578e-01 2.301880e+01
      vertex   5.049757e+00 9.614037e-07 2.301880e+01
    endloop
  endfacet
  facet normal -9.951847e-01 9.801747e-02 -1.692447e-05
    outer loop
      vertex   5.050134e+00 -1.234445e-06 8.495021e-01
      vertex   4.953097e+00 -9.852336e-01 8.495021e-01
      vertex   4.952727e+00 -9.851578e-01 2.301880e+01
    endloop
  endfacet
  facet normal -7.730103e-01 6.343935e-01 -1.697661e-05
    outer loop
      vertex   4.199033e+00 -2.805706e+00 8.495021e-01
      vertex   3.570718e+00 -3.570717e+00 2.301880e+01
      vertex   4.198720e+00 -2.805494e+00 2.301880e+01
    endloop
  endfacet
  facet normal -7.730106e-01 6.343930e-01 -1.700146e-05
    outer loop
      vertex   4.199033e+00 -2.805706e+00 8.495021e-01
      vertex   3.570984e+00 -3.570986e+00 8.495033e-01
      vertex   3.570718e+00 -3.570717e+00 2.301880e+01
    endloop
  endfacet
  facet normal 9.951847e-01 9.801698e-02 -1.692447e-05
    outer loop
      vertex   -4.953097e+00 -9.852336e-01 8.495009e-01
      vertex   -5.049757e+00 9.614037e-07 2.301880e+01
      vertex   -4.952727e+00 -9.851578e-01 2.301880e+01
    endloop
  endfacet
  facet normal 9.951847e-01 9.801748e-02 -1.694700e-05
    outer loop
      vertex   -4.953097e+00 -9.852336e-01 8.495009e-01
      vertex   -5.050134e+00 -1.307090e-06 8.495021e-01
      vertex   -5.049757e+00 9.614037e-07 2.301880e+01
    endloop
  endfacet
  facet normal 2.769413e-01 -8.400937e-02 9.572074e-01
    outer loop
      vertex   4.161351e+00 -1.723689e+00 8.652139e-01
      vertex   3.129710e+00 -6.225394e-01 1.260333e+00
      vertex   2.948122e+00 -1.221154e+00 1.260333e+00
    endloop
  endfacet
  facet normal 2.769437e-01 -8.400699e-02 9.572069e-01
    outer loop
      vertex   4.161351e+00 -1.723689e+00 8.652139e-01
      vertex   4.417666e+00 -8.787296e-01 8.652115e-01
      vertex   3.129710e+00 -6.225394e-01 1.260333e+00
    endloop
  endfacet
  facet normal -4.713974e-01 8.819209e-01 -1.704570e-05
    outer loop
      vertex   2.805704e+00 -4.199035e+00 8.495033e-01
      vertex   1.932459e+00 -4.665367e+00 2.301880e+01
      vertex   2.805495e+00 -4.198718e+00 2.301880e+01
    endloop
  endfacet
  facet normal -4.713964e-01 8.819214e-01 -1.699759e-05
    outer loop
      vertex   2.805704e+00 -4.199035e+00 8.495033e-01
      vertex   1.932603e+00 -4.665717e+00 8.495021e-01
      vertex   1.932459e+00 -4.665367e+00 2.301880e+01
    endloop
  endfacet
  facet normal 2.237116e-01 -1.835975e-01 9.572069e-01
    outer loop
      vertex   3.184960e+00 -3.184961e+00 8.652139e-01
      vertex   2.653238e+00 -1.772839e+00 1.260337e+00
      vertex   2.256394e+00 -2.256396e+00 1.260335e+00
    endloop
  endfacet
  facet normal 2.237133e-01 -1.835967e-01 9.572067e-01
    outer loop
      vertex   3.184960e+00 -3.184961e+00 8.652139e-01
      vertex   3.745116e+00 -2.502408e+00 8.652139e-01
      vertex   2.653238e+00 -1.772839e+00 1.260337e+00
    endloop
  endfacet
  facet normal 9.801668e-02 9.951848e-01 -1.704404e-05
    outer loop
      vertex   -1.816131e-09 -5.050135e+00 8.495045e-01
      vertex   -9.851588e-01 -4.952726e+00 2.301880e+01
      vertex   7.258542e-09 -5.049756e+00 2.301880e+01
    endloop
  endfacet
  facet normal 9.801777e-02 9.951847e-01 -1.699519e-05
    outer loop
      vertex   -1.816131e-09 -5.050135e+00 8.495045e-01
      vertex   -9.852324e-01 -4.953098e+00 8.495033e-01
      vertex   -9.851588e-01 -4.952726e+00 2.301880e+01
    endloop
  endfacet
  facet normal 9.569403e-01 2.902846e-01 -1.695625e-05
    outer loop
      vertex   -4.665715e+00 -1.932604e+00 8.495021e-01
      vertex   -4.952727e+00 -9.851578e-01 2.301880e+01
      vertex   -4.665367e+00 -1.932458e+00 2.301880e+01
    endloop
  endfacet
  facet normal 9.569404e-01 2.902844e-01 -1.694476e-05
    outer loop
      vertex   -4.665715e+00 -1.932604e+00 8.495021e-01
      vertex   -4.953097e+00 -9.852336e-01 8.495009e-01
      vertex   -4.952727e+00 -9.851578e-01 2.301880e+01
    endloop
  endfacet
  facet normal 7.730103e-01 -6.343935e-01 -1.684869e-05
    outer loop
      vertex   -4.199033e+00 2.805703e+00 8.495009e-01
      vertex   -3.570718e+00 3.570718e+00 2.301880e+01
      vertex   -4.198720e+00 2.805496e+00 2.301880e+01
    endloop
  endfacet
  facet normal 7.730106e-01 -6.343930e-01 -1.687354e-05
    outer loop
      vertex   -4.199033e+00 2.805703e+00 8.495009e-01
      vertex   -3.570984e+00 3.570983e+00 8.495009e-01
      vertex   -3.570718e+00 3.570718e+00 2.301880e+01
    endloop
  endfacet
  facet normal 7.730103e-01 6.343935e-01 -1.699107e-05
    outer loop
      vertex   -3.570984e+00 -3.570986e+00 8.495033e-01
      vertex   -4.198720e+00 -2.805494e+00 2.301880e+01
      vertex   -3.570718e+00 -3.570717e+00 2.301880e+01
    endloop
  endfacet
  facet normal 7.730105e-01 6.343932e-01 -1.697661e-05
    outer loop
      vertex   -3.570984e+00 -3.570986e+00 8.495033e-01
      vertex   -4.199033e+00 -2.805706e+00 8.495021e-01
      vertex   -4.198720e+00 -2.805494e+00 2.301880e+01
    endloop
  endfacet
  facet normal -9.569405e-01 2.902841e-01 -1.694476e-05
    outer loop
      vertex   4.953097e+00 -9.852336e-01 8.495021e-01
      vertex   4.665368e+00 -1.932458e+00 2.301880e+01
      vertex   4.952727e+00 -9.851578e-01 2.301880e+01
    endloop
  endfacet
  facet normal -9.569404e-01 2.902844e-01 -1.693052e-05
    outer loop
      vertex   4.953097e+00 -9.852336e-01 8.495021e-01
      vertex   4.665715e+00 -1.932604e+00 8.495021e-01
      vertex   4.665368e+00 -1.932458e+00 2.301880e+01
    endloop
  endfacet
  facet normal 8.819215e-01 4.713963e-01 -1.695964e-05
    outer loop
      vertex   -4.199033e+00 -2.805706e+00 8.495021e-01
      vertex   -4.665367e+00 -1.932458e+00 2.301880e+01
      vertex   -4.198720e+00 -2.805494e+00 2.301880e+01
    endloop
  endfacet
  facet normal 8.819213e-01 4.713966e-01 -1.697398e-05
    outer loop
      vertex   -4.199033e+00 -2.805706e+00 8.495021e-01
      vertex   -4.665715e+00 -1.932604e+00 8.495021e-01
      vertex   -4.665367e+00 -1.932458e+00 2.301880e+01
    endloop
  endfacet
  facet normal -9.801668e-02 9.951848e-01 -1.699453e-05
    outer loop
      vertex   9.852323e-01 -4.953098e+00 8.495033e-01
      vertex   7.258542e-09 -5.049756e+00 2.301880e+01
      vertex   9.851588e-01 -4.952726e+00 2.301880e+01
    endloop
  endfacet
  facet normal -9.801778e-02 9.951847e-01 -1.704395e-05
    outer loop
      vertex   9.852323e-01 -4.953098e+00 8.495033e-01
      vertex   -1.816131e-09 -5.050135e+00 8.495045e-01
      vertex   7.258542e-09 -5.049756e+00 2.301880e+01
    endloop
  endfacet
  facet normal -8.819212e-01 4.713968e-01 -1.695027e-05
    outer loop
      vertex   4.665715e+00 -1.932604e+00 8.495021e-01
      vertex   4.198720e+00 -2.805494e+00 2.301880e+01
      vertex   4.665368e+00 -1.932458e+00 2.301880e+01
    endloop
  endfacet
  facet normal -8.819213e-01 4.713966e-01 -1.695964e-05
    outer loop
      vertex   4.665715e+00 -1.932604e+00 8.495021e-01
      vertex   4.199033e+00 -2.805706e+00 8.495021e-01
      vertex   4.198720e+00 -2.805494e+00 2.301880e+01
    endloop
  endfacet
  facet normal 9.951847e-01 -9.801699e-02 -1.692694e-05
    outer loop
      vertex   -5.050134e+00 -1.307090e-06 8.495021e-01
      vertex   -4.952727e+00 9.851597e-01 2.301880e+01
      vertex   -5.049757e+00 9.614037e-07 2.301880e+01
    endloop
  endfacet
  facet normal 9.951847e-01 -9.801747e-02 -1.690504e-05
    outer loop
      vertex   -5.050134e+00 -1.307090e-06 8.495021e-01
      vertex   -4.953097e+00 9.852311e-01 8.495021e-01
      vertex   -4.952727e+00 9.851597e-01 2.301880e+01
    endloop
  endfacet
  facet normal -6.343930e-01 7.730107e-01 -1.701637e-05
    outer loop
      vertex   3.570984e+00 -3.570986e+00 8.495033e-01
      vertex   2.805495e+00 -4.198718e+00 2.301880e+01
      vertex   3.570718e+00 -3.570717e+00 2.301880e+01
    endloop
  endfacet
  facet normal -6.343932e-01 7.730105e-01 -1.703123e-05
    outer loop
      vertex   3.570984e+00 -3.570986e+00 8.495033e-01
      vertex   2.805704e+00 -4.199035e+00 8.495033e-01
      vertex   2.805495e+00 -4.198718e+00 2.301880e+01
    endloop
  endfacet
  facet normal 9.569405e-01 -2.902841e-01 -1.688720e-05
    outer loop
      vertex   -4.953097e+00 9.852311e-01 8.495021e-01
      vertex   -4.665368e+00 1.932459e+00 2.301880e+01
      vertex   -4.952727e+00 9.851597e-01 2.301880e+01
    endloop
  endfacet
  facet normal 9.569404e-01 -2.902844e-01 -1.687198e-05
    outer loop
      vertex   -4.953097e+00 9.852311e-01 8.495021e-01
      vertex   -4.665715e+00 1.932601e+00 8.495009e-01
      vertex   -4.665368e+00 1.932459e+00 2.301880e+01
    endloop
  endfacet
  facet normal 7.593001e-01 4.058543e-01 5.086705e-01
    outer loop
      vertex   -4.664498e+00 -1.932100e+00 7.485676e-01
      vertex   -4.159309e+00 -2.779163e+00 6.703138e-01
      vertex   -4.621577e+00 -1.914321e+00 6.703138e-01
    endloop
  endfacet
  facet normal 7.593023e-01 4.058560e-01 5.086658e-01
    outer loop
      vertex   -4.664498e+00 -1.932100e+00 7.485676e-01
      vertex   -4.197937e+00 -2.804973e+00 7.485676e-01
      vertex   -4.159309e+00 -2.779163e+00 6.703138e-01
    endloop
  endfacet
  facet normal -2.552322e-01 -1.364201e-01 9.572074e-01
    outer loop
      vertex   -4.161351e+00 -1.723689e+00 8.652139e-01
      vertex   -2.653240e+00 -1.772840e+00 1.260335e+00
      vertex   -2.948122e+00 -1.221154e+00 1.260333e+00
    endloop
  endfacet
  facet normal -2.552322e-01 -1.364244e-01 9.572068e-01
    outer loop
      vertex   -4.161351e+00 -1.723689e+00 8.652139e-01
      vertex   -3.745117e+00 -2.502408e+00 8.652139e-01
      vertex   -2.653240e+00 -1.772840e+00 1.260335e+00
    endloop
  endfacet
  facet normal -6.343930e-01 -7.730107e-01 -1.686496e-05
    outer loop
      vertex   2.805704e+00 4.199032e+00 8.495009e-01
      vertex   3.570718e+00 3.570718e+00 2.301880e+01
      vertex   2.805495e+00 4.198720e+00 2.301880e+01
    endloop
  endfacet
  facet normal -6.343930e-01 -7.730106e-01 -1.686049e-05
    outer loop
      vertex   2.805704e+00 4.199032e+00 8.495009e-01
      vertex   3.570984e+00 3.570983e+00 8.495009e-01
      vertex   3.570718e+00 3.570718e+00 2.301880e+01
    endloop
  endfacet
  facet normal -2.836650e-02 -2.880112e-01 9.572068e-01
    outer loop
      vertex   -8.787282e-01 -4.417668e+00 8.652139e-01
      vertex   1.065445e-08 -3.191026e+00 1.260335e+00
      vertex   -6.225382e-01 -3.129711e+00 1.260335e+00
    endloop
  endfacet
  facet normal -2.836651e-02 -2.880112e-01 9.572068e-01
    outer loop
      vertex   -8.787282e-01 -4.417668e+00 8.652139e-01
      vertex   1.062083e-07 -4.504215e+00 8.652139e-01
      vertex   1.065445e-08 -3.191026e+00 1.260335e+00
    endloop
  endfacet
  facet normal -1.364245e-01 -2.552321e-01 9.572068e-01
    outer loop
      vertex   -2.502407e+00 -3.745118e+00 8.652139e-01
      vertex   -1.221153e+00 -2.948124e+00 1.260335e+00
      vertex   -1.772839e+00 -2.653241e+00 1.260335e+00
    endloop
  endfacet
  facet normal -1.364245e-01 -2.552322e-01 9.572068e-01
    outer loop
      vertex   -2.502407e+00 -3.745118e+00 8.652139e-01
      vertex   -1.723688e+00 -4.161352e+00 8.652139e-01
      vertex   -1.221153e+00 -2.948124e+00 1.260335e+00
    endloop
  endfacet
  facet normal 8.400977e-02 2.769430e-01 9.572069e-01
    outer loop
      vertex   1.723688e+00 4.161349e+00 8.652115e-01
      vertex   6.225378e-01 3.129708e+00 1.260333e+00
      vertex   1.221152e+00 2.948121e+00 1.260333e+00
    endloop
  endfacet
  facet normal 8.400960e-02 2.769431e-01 9.572068e-01
    outer loop
      vertex   1.723688e+00 4.161349e+00 8.652115e-01
      vertex   8.787282e-01 4.417664e+00 8.652115e-01
      vertex   6.225378e-01 3.129708e+00 1.260333e+00
    endloop
  endfacet
  facet normal 2.880112e-01 -2.836665e-02 9.572068e-01
    outer loop
      vertex   4.417666e+00 -8.787296e-01 8.652115e-01
      vertex   3.191024e+00 -1.224980e-06 1.260333e+00
      vertex   3.129710e+00 -6.225394e-01 1.260333e+00
    endloop
  endfacet
  facet normal 2.880113e-01 -2.836652e-02 9.572068e-01
    outer loop
      vertex   4.417666e+00 -8.787296e-01 8.652115e-01
      vertex   4.504213e+00 -1.266507e-06 8.652115e-01
      vertex   3.191024e+00 -1.224980e-06 1.260333e+00
    endloop
  endfacet
  facet normal 9.801758e-02 -9.951847e-01 -1.682061e-05
    outer loop
      vertex   -9.852323e-01 4.953096e+00 8.495009e-01
      vertex   -7.258543e-09 5.049759e+00 2.301880e+01
      vertex   -9.851588e-01 4.952728e+00 2.301880e+01
    endloop
  endfacet
  facet normal 9.801778e-02 -9.951847e-01 -1.682990e-05
    outer loop
      vertex   -9.852323e-01 4.953096e+00 8.495009e-01
      vertex   1.816131e-09 5.050133e+00 8.495021e-01
      vertex   -7.258543e-09 5.049759e+00 2.301880e+01
    endloop
  endfacet
  facet normal -4.713962e-01 8.819206e-01 -1.334197e-03
    outer loop
      vertex   1.919003e+00 -2.871988e+00 2.889586e+01
      vertex   1.320507e+00 -3.187985e+00 3.147794e+01
      vertex   1.917080e+00 -2.869110e+00 3.147794e+01
    endloop
  endfacet
  facet normal -4.713964e-01 8.819204e-01 -1.334269e-03
    outer loop
      vertex   1.919003e+00 -2.871988e+00 2.889586e+01
      vertex   1.321832e+00 -3.191183e+00 2.889586e+01
      vertex   1.320507e+00 -3.187985e+00 3.147794e+01
    endloop
  endfacet
  facet normal 1.364243e-01 2.552323e-01 9.572068e-01
    outer loop
      vertex   2.502407e+00 3.745115e+00 8.652115e-01
      vertex   1.221152e+00 2.948121e+00 1.260333e+00
      vertex   1.772838e+00 2.653238e+00 1.260333e+00
    endloop
  endfacet
  facet normal 1.364244e-01 2.552321e-01 9.572069e-01
    outer loop
      vertex   2.502407e+00 3.745115e+00 8.652115e-01
      vertex   1.723688e+00 4.161349e+00 8.652115e-01
      vertex   1.221152e+00 2.948121e+00 1.260333e+00
    endloop
  endfacet
  facet normal 9.801751e-02 -9.951838e-01 -1.334287e-03
    outer loop
      vertex   -6.738642e-01 3.387745e+00 2.889586e+01
      vertex   -4.827377e-09 3.450653e+00 3.147794e+01
      vertex   -6.731887e-01 3.384350e+00 3.147794e+01
    endloop
  endfacet
  facet normal 9.801741e-02 -9.951838e-01 -1.334262e-03
    outer loop
      vertex   -6.738642e-01 3.387745e+00 2.889586e+01
      vertex   -3.172693e-08 3.454115e+00 2.889586e+01
      vertex   -4.827377e-09 3.450653e+00 3.147794e+01
    endloop
  endfacet
  facet normal -2.902841e-01 9.569405e-01 -1.700417e-05
    outer loop
      vertex   1.932603e+00 -4.665717e+00 8.495021e-01
      vertex   9.851588e-01 -4.952726e+00 2.301880e+01
      vertex   1.932459e+00 -4.665367e+00 2.301880e+01
    endloop
  endfacet
  facet normal -2.902839e-01 9.569406e-01 -1.699170e-05
    outer loop
      vertex   1.932603e+00 -4.665717e+00 8.495021e-01
      vertex   9.852323e-01 -4.953098e+00 8.495033e-01
      vertex   9.851588e-01 -4.952726e+00 2.301880e+01
    endloop
  endfacet
  facet normal 2.769431e-01 8.400991e-02 9.572068e-01
    outer loop
      vertex   4.417666e+00 8.787271e-01 8.652115e-01
      vertex   2.948122e+00 1.221151e+00 1.260333e+00
      vertex   3.129710e+00 6.225369e-01 1.260333e+00
    endloop
  endfacet
  facet normal 2.769430e-01 8.400947e-02 9.572069e-01
    outer loop
      vertex   4.417666e+00 8.787271e-01 8.652115e-01
      vertex   4.161351e+00 1.723687e+00 8.652115e-01
      vertex   2.948122e+00 1.221151e+00 1.260333e+00
    endloop
  endfacet
  facet normal -1.835969e-01 2.237127e-01 9.572068e-01
    outer loop
      vertex   -2.502407e+00 3.745115e+00 8.652115e-01
      vertex   -2.256394e+00 2.256393e+00 1.260333e+00
      vertex   -1.772839e+00 2.653238e+00 1.260333e+00
    endloop
  endfacet
  facet normal -1.835962e-01 2.237128e-01 9.572069e-01
    outer loop
      vertex   -2.502407e+00 3.745115e+00 8.652115e-01
      vertex   -3.184960e+00 3.184959e+00 8.652115e-01
      vertex   -2.256394e+00 2.256393e+00 1.260333e+00
    endloop
  endfacet
  facet normal -2.902847e-01 9.569394e-01 -1.334276e-03
    outer loop
      vertex   1.321832e+00 -3.191183e+00 2.889586e+01
      vertex   6.731887e-01 -3.384347e+00 3.147794e+01
      vertex   1.320507e+00 -3.187985e+00 3.147794e+01
    endloop
  endfacet
  facet normal -2.902844e-01 9.569395e-01 -1.334183e-03
    outer loop
      vertex   1.321832e+00 -3.191183e+00 2.889586e+01
      vertex   6.738642e-01 -3.387742e+00 2.889586e+01
      vertex   6.731887e-01 -3.384347e+00 3.147794e+01
    endloop
  endfacet
  facet normal 7.942761e-01 -4.245497e-01 -4.346067e-01
    outer loop
      vertex   -4.244431e+00 1.758102e+00 2.514855e+01
      vertex   -3.316049e+00 2.215715e+00 2.639821e+01
      vertex   -3.684597e+00 1.526212e+00 2.639821e+01
    endloop
  endfacet
  facet normal 7.942762e-01 -4.245494e-01 -4.346068e-01
    outer loop
      vertex   -4.244431e+00 1.758102e+00 2.514855e+01
      vertex   -3.819887e+00 2.552369e+00 2.514855e+01
      vertex   -3.316049e+00 2.215715e+00 2.639821e+01
    endloop
  endfacet
  facet normal -1.835958e-01 -2.237143e-01 9.572066e-01
    outer loop
      vertex   -3.184960e+00 -3.184961e+00 8.652139e-01
      vertex   -1.772839e+00 -2.653241e+00 1.260335e+00
      vertex   -2.256393e+00 -2.256397e+00 1.260337e+00
    endloop
  endfacet
  facet normal -1.835964e-01 -2.237129e-01 9.572068e-01
    outer loop
      vertex   -3.184960e+00 -3.184961e+00 8.652139e-01
      vertex   -2.502407e+00 -3.745118e+00 8.652139e-01
      vertex   -1.772839e+00 -2.653241e+00 1.260335e+00
    endloop
  endfacet
  facet normal 1.835965e-01 2.237125e-01 9.572069e-01
    outer loop
      vertex   3.184960e+00 3.184959e+00 8.652115e-01
      vertex   1.772838e+00 2.653238e+00 1.260333e+00
      vertex   2.256394e+00 2.256393e+00 1.260333e+00
    endloop
  endfacet
  facet normal 1.835964e-01 2.237129e-01 9.572068e-01
    outer loop
      vertex   3.184960e+00 3.184959e+00 8.652115e-01
      vertex   2.502407e+00 3.745115e+00 8.652115e-01
      vertex   1.772838e+00 2.653238e+00 1.260333e+00
    endloop
  endfacet
  facet normal 8.618400e-01 2.614362e-01 -4.346067e-01
    outer loop
      vertex   -4.244431e+00 -1.758100e+00 2.514855e+01
      vertex   -3.911547e+00 -7.780538e-01 2.639821e+01
      vertex   -3.684597e+00 -1.526209e+00 2.639821e+01
    endloop
  endfacet
  facet normal 8.618397e-01 2.614366e-01 -4.346069e-01
    outer loop
      vertex   -4.244431e+00 -1.758100e+00 2.514855e+01
      vertex   -4.505865e+00 -8.962709e-01 2.514855e+01
      vertex   -3.911547e+00 -7.780538e-01 2.639821e+01
    endloop
  endfacet
  facet normal 2.902841e-01 9.569405e-01 -1.699365e-05
    outer loop
      vertex   -9.852324e-01 -4.953098e+00 8.495033e-01
      vertex   -1.932459e+00 -4.665367e+00 2.301880e+01
      vertex   -9.851588e-01 -4.952726e+00 2.301880e+01
    endloop
  endfacet
  facet normal 2.902839e-01 9.569406e-01 -1.700417e-05
    outer loop
      vertex   -9.852324e-01 -4.953098e+00 8.495033e-01
      vertex   -1.932603e+00 -4.665717e+00 8.495033e-01
      vertex   -1.932459e+00 -4.665367e+00 2.301880e+01
    endloop
  endfacet
  facet normal 8.400973e-02 -2.769429e-01 9.572069e-01
    outer loop
      vertex   8.787283e-01 -4.417668e+00 8.652139e-01
      vertex   1.221152e+00 -2.948123e+00 1.260335e+00
      vertex   6.225380e-01 -3.129711e+00 1.260335e+00
    endloop
  endfacet
  facet normal 8.400977e-02 -2.769429e-01 9.572069e-01
    outer loop
      vertex   8.787283e-01 -4.417668e+00 8.652139e-01
      vertex   1.723688e+00 -4.161352e+00 8.652139e-01
      vertex   1.221152e+00 -2.948123e+00 1.260335e+00
    endloop
  endfacet
  facet normal 1.364243e-01 -2.552321e-01 9.572069e-01
    outer loop
      vertex   1.723688e+00 -4.161352e+00 8.652139e-01
      vertex   1.772839e+00 -2.653241e+00 1.260335e+00
      vertex   1.221152e+00 -2.948123e+00 1.260335e+00
    endloop
  endfacet
  facet normal 1.364245e-01 -2.552321e-01 9.572068e-01
    outer loop
      vertex   1.723688e+00 -4.161352e+00 8.652139e-01
      vertex   2.502407e+00 -3.745118e+00 8.652139e-01
      vertex   1.772839e+00 -2.653241e+00 1.260335e+00
    endloop
  endfacet
  facet normal 2.614363e-01 8.618397e-01 -4.346072e-01
    outer loop
      vertex   -8.962722e-01 -4.505864e+00 2.514855e+01
      vertex   -1.526210e+00 -3.684596e+00 2.639821e+01
      vertex   -7.780553e-01 -3.911546e+00 2.639821e+01
    endloop
  endfacet
  facet normal 2.614366e-01 8.618397e-01 -4.346070e-01
    outer loop
      vertex   -8.962722e-01 -4.505864e+00 2.514855e+01
      vertex   -1.758101e+00 -4.244430e+00 2.514855e+01
      vertex   -1.526210e+00 -3.684596e+00 2.639821e+01
    endloop
  endfacet
  facet normal -2.614362e-01 8.618395e-01 -4.346077e-01
    outer loop
      vertex   1.758101e+00 -4.244430e+00 2.514855e+01
      vertex   7.780552e-01 -3.911546e+00 2.639821e+01
      vertex   1.526210e+00 -3.684596e+00 2.639821e+01
    endloop
  endfacet
  facet normal -2.614355e-01 8.618399e-01 -4.346073e-01
    outer loop
      vertex   1.758101e+00 -4.244430e+00 2.514855e+01
      vertex   8.962722e-01 -4.505864e+00 2.514855e+01
      vertex   7.780552e-01 -3.911546e+00 2.639821e+01
    endloop
  endfacet
  facet normal 2.237127e-01 1.835961e-01 9.572069e-01
    outer loop
      vertex   3.745117e+00 2.502406e+00 8.652115e-01
      vertex   2.256394e+00 2.256393e+00 1.260333e+00
      vertex   2.653238e+00 1.772837e+00 1.260333e+00
    endloop
  endfacet
  facet normal 2.237127e-01 1.835963e-01 9.572069e-01
    outer loop
      vertex   3.745117e+00 2.502406e+00 8.652115e-01
      vertex   3.184960e+00 3.184959e+00 8.652115e-01
      vertex   2.256394e+00 2.256393e+00 1.260333e+00
    endloop
  endfacet
  facet normal -9.951847e-01 -9.801699e-02 -1.690504e-05
    outer loop
      vertex   4.953097e+00 9.852311e-01 8.495009e-01
      vertex   5.049757e+00 9.614037e-07 2.301880e+01
      vertex   4.952727e+00 9.851597e-01 2.301880e+01
    endloop
  endfacet
  facet normal -9.951847e-01 -9.801748e-02 -1.692726e-05
    outer loop
      vertex   4.953097e+00 9.852311e-01 8.495009e-01
      vertex   5.050134e+00 -1.234445e-06 8.495021e-01
      vertex   5.049757e+00 9.614037e-07 2.301880e+01
    endloop
  endfacet
  facet normal -8.400973e-02 -2.769431e-01 9.572068e-01
    outer loop
      vertex   -1.723688e+00 -4.161352e+00 8.652139e-01
      vertex   -6.225382e-01 -3.129711e+00 1.260335e+00
      vertex   -1.221153e+00 -2.948124e+00 1.260335e+00
    endloop
  endfacet
  facet normal -8.400978e-02 -2.769430e-01 9.572068e-01
    outer loop
      vertex   -1.723688e+00 -4.161352e+00 8.652139e-01
      vertex   -8.787282e-01 -4.417668e+00 8.652139e-01
      vertex   -6.225382e-01 -3.129711e+00 1.260335e+00
    endloop
  endfacet
  facet normal 2.836679e-02 -2.880111e-01 9.572068e-01
    outer loop
      vertex   1.062083e-07 -4.504215e+00 8.652139e-01
      vertex   6.225380e-01 -3.129711e+00 1.260335e+00
      vertex   1.065445e-08 -3.191026e+00 1.260335e+00
    endloop
  endfacet
  facet normal 2.836650e-02 -2.880110e-01 9.572069e-01
    outer loop
      vertex   1.062083e-07 -4.504215e+00 8.652139e-01
      vertex   8.787283e-01 -4.417668e+00 8.652139e-01
      vertex   6.225380e-01 -3.129711e+00 1.260335e+00
    endloop
  endfacet
  facet normal -4.245498e-01 -7.942761e-01 -4.346067e-01
    outer loop
      vertex   1.758101e+00 4.244433e+00 2.514855e+01
      vertex   2.215714e+00 3.316051e+00 2.639821e+01
      vertex   1.526210e+00 3.684599e+00 2.639821e+01
    endloop
  endfacet
  facet normal -4.245491e-01 -7.942762e-01 -4.346071e-01
    outer loop
      vertex   1.758101e+00 4.244433e+00 2.514855e+01
      vertex   2.552368e+00 3.819889e+00 2.514855e+01
      vertex   2.215714e+00 3.316051e+00 2.639821e+01
    endloop
  endfacet
  facet normal 4.713962e-01 8.819206e-01 -1.334269e-03
    outer loop
      vertex   -1.321832e+00 -3.191183e+00 2.889586e+01
      vertex   -1.917080e+00 -2.869110e+00 3.147794e+01
      vertex   -1.320507e+00 -3.187985e+00 3.147794e+01
    endloop
  endfacet
  facet normal 4.713964e-01 8.819204e-01 -1.334198e-03
    outer loop
      vertex   -1.321832e+00 -3.191183e+00 2.889586e+01
      vertex   -1.919003e+00 -2.871988e+00 2.889586e+01
      vertex   -1.917080e+00 -2.869110e+00 3.147794e+01
    endloop
  endfacet
  facet normal 6.343926e-01 7.730099e-01 -1.334192e-03
    outer loop
      vertex   -1.919003e+00 -2.871988e+00 2.889586e+01
      vertex   -2.439979e+00 -2.439977e+00 3.147794e+01
      vertex   -1.917080e+00 -2.869110e+00 3.147794e+01
    endloop
  endfacet
  facet normal 6.343927e-01 7.730098e-01 -1.334146e-03
    outer loop
      vertex   -1.919003e+00 -2.871988e+00 2.889586e+01
      vertex   -2.442427e+00 -2.442425e+00 2.889586e+01
      vertex   -2.439979e+00 -2.439977e+00 3.147794e+01
    endloop
  endfacet
  facet normal 2.902847e-01 9.569394e-01 -1.334183e-03
    outer loop
      vertex   -6.738642e-01 -3.387742e+00 2.889586e+01
      vertex   -1.320507e+00 -3.187985e+00 3.147794e+01
      vertex   -6.731887e-01 -3.384347e+00 3.147794e+01
    endloop
  endfacet
  facet normal 2.902844e-01 9.569395e-01 -1.334276e-03
    outer loop
      vertex   -6.738642e-01 -3.387742e+00 2.889586e+01
      vertex   -1.321832e+00 -3.191183e+00 2.889586e+01
      vertex   -1.320507e+00 -3.187985e+00 3.147794e+01
    endloop
  endfacet
  facet normal 9.801663e-02 9.951839e-01 -1.334379e-03
    outer loop
      vertex   2.207218e-08 -3.454112e+00 2.889587e+01
      vertex   -6.731887e-01 -3.384347e+00 3.147794e+01
      vertex   -4.827377e-09 -3.450650e+00 3.147794e+01
    endloop
  endfacet
  facet normal 9.801742e-02 9.951838e-01 -1.334172e-03
    outer loop
      vertex   2.207218e-08 -3.454112e+00 2.889587e+01
      vertex   -6.738642e-01 -3.387742e+00 2.889586e+01
      vertex   -6.731887e-01 -3.384347e+00 3.147794e+01
    endloop
  endfacet
  facet normal -9.801663e-02 9.951839e-01 -1.334172e-03
    outer loop
      vertex   6.738642e-01 -3.387742e+00 2.889586e+01
      vertex   -4.827377e-09 -3.450650e+00 3.147794e+01
      vertex   6.731887e-01 -3.384347e+00 3.147794e+01
    endloop
  endfacet
  facet normal -9.801743e-02 9.951838e-01 -1.334381e-03
    outer loop
      vertex   6.738642e-01 -3.387742e+00 2.889586e+01
      vertex   2.207218e-08 -3.454112e+00 2.889587e+01
      vertex   -4.827377e-09 -3.450650e+00 3.147794e+01
    endloop
  endfacet
  facet normal -9.569395e-01 -2.902842e-01 -1.334149e-03
    outer loop
      vertex   3.191184e+00 1.321834e+00 2.889586e+01
      vertex   3.384348e+00 6.731905e-01 3.147794e+01
      vertex   3.187986e+00 1.320509e+00 3.147794e+01
    endloop
  endfacet
  facet normal -9.569395e-01 -2.902842e-01 -1.334150e-03
    outer loop
      vertex   3.191184e+00 1.321834e+00 2.889586e+01
      vertex   3.387743e+00 6.738657e-01 2.889586e+01
      vertex   3.384348e+00 6.731905e-01 3.147794e+01
    endloop
  endfacet
  facet normal -6.343926e-01 7.730099e-01 -1.334146e-03
    outer loop
      vertex   2.442427e+00 -2.442425e+00 2.889586e+01
      vertex   1.917080e+00 -2.869110e+00 3.147794e+01
      vertex   2.439979e+00 -2.439977e+00 3.147794e+01
    endloop
  endfacet
  facet normal -6.343927e-01 7.730098e-01 -1.334192e-03
    outer loop
      vertex   2.442427e+00 -2.442425e+00 2.889586e+01
      vertex   1.919003e+00 -2.871988e+00 2.889586e+01
      vertex   1.917080e+00 -2.869110e+00 3.147794e+01
    endloop
  endfacet
  facet normal -8.819204e-01 -4.713964e-01 -1.334198e-03
    outer loop
      vertex   2.871990e+00 1.919004e+00 2.889586e+01
      vertex   3.187986e+00 1.320509e+00 3.147794e+01
      vertex   2.869112e+00 1.917081e+00 3.147794e+01
    endloop
  endfacet
  facet normal -8.819205e-01 -4.713963e-01 -1.334140e-03
    outer loop
      vertex   2.871990e+00 1.919004e+00 2.889586e+01
      vertex   3.191184e+00 1.321834e+00 2.889586e+01
      vertex   3.187986e+00 1.320509e+00 3.147794e+01
    endloop
  endfacet
  facet normal -5.713468e-01 6.961895e-01 -4.346067e-01
    outer loop
      vertex   3.248548e+00 -3.248546e+00 2.514855e+01
      vertex   2.215714e+00 -3.316048e+00 2.639821e+01
      vertex   2.820069e+00 -2.820067e+00 2.639821e+01
    endloop
  endfacet
  facet normal -5.713475e-01 6.961886e-01 -4.346073e-01
    outer loop
      vertex   3.248548e+00 -3.248546e+00 2.514855e+01
      vertex   2.552368e+00 -3.819886e+00 2.514855e+01
      vertex   2.215714e+00 -3.316048e+00 2.639821e+01
    endloop
  endfacet
  facet normal -7.730100e-01 -6.343924e-01 -1.334167e-03
    outer loop
      vertex   2.442427e+00 2.442429e+00 2.889586e+01
      vertex   2.869112e+00 1.917081e+00 3.147794e+01
      vertex   2.439979e+00 2.439981e+00 3.147794e+01
    endloop
  endfacet
  facet normal -7.730099e-01 -6.343925e-01 -1.334192e-03
    outer loop
      vertex   2.442427e+00 2.442429e+00 2.889586e+01
      vertex   2.871990e+00 1.919004e+00 2.889586e+01
      vertex   2.869112e+00 1.917081e+00 3.147794e+01
    endloop
  endfacet
  facet normal -9.951838e-01 -9.801707e-02 -1.334161e-03
    outer loop
      vertex   3.387743e+00 6.738657e-01 2.889586e+01
      vertex   3.450651e+00 1.781928e-06 3.147794e+01
      vertex   3.384348e+00 6.731905e-01 3.147794e+01
    endloop
  endfacet
  facet normal -9.951838e-01 -9.801741e-02 -1.334251e-03
    outer loop
      vertex   3.387743e+00 6.738657e-01 2.889586e+01
      vertex   3.454113e+00 1.532736e-06 2.889586e+01
      vertex   3.450651e+00 1.781928e-06 3.147794e+01
    endloop
  endfacet
  facet normal -9.801751e-02 -9.951838e-01 -1.334260e-03
    outer loop
      vertex   -3.172693e-08 3.454115e+00 2.889586e+01
      vertex   6.731887e-01 3.384350e+00 3.147794e+01
      vertex   -4.827377e-09 3.450653e+00 3.147794e+01
    endloop
  endfacet
  facet normal -9.801740e-02 -9.951838e-01 -1.334287e-03
    outer loop
      vertex   -3.172693e-08 3.454115e+00 2.889586e+01
      vertex   6.738642e-01 3.387745e+00 2.889586e+01
      vertex   6.731887e-01 3.384350e+00 3.147794e+01
    endloop
  endfacet
  facet normal 9.569395e-01 -2.902842e-01 -1.334150e-03
    outer loop
      vertex   -3.387743e+00 6.738657e-01 2.889586e+01
      vertex   -3.187986e+00 1.320509e+00 3.147794e+01
      vertex   -3.384348e+00 6.731905e-01 3.147794e+01
    endloop
  endfacet
  facet normal 9.569395e-01 -2.902843e-01 -1.334132e-03
    outer loop
      vertex   -3.387743e+00 6.738657e-01 2.889586e+01
      vertex   -3.191184e+00 1.321834e+00 2.889586e+01
      vertex   -3.187986e+00 1.320509e+00 3.147794e+01
    endloop
  endfacet
  facet normal -8.962835e-01 -8.827640e-02 -4.346069e-01
    outer loop
      vertex   4.505865e+00 8.962733e-01 2.514855e+01
      vertex   3.988179e+00 1.290953e-06 2.639821e+01
      vertex   3.911547e+00 7.780565e-01 2.639821e+01
    endloop
  endfacet
  facet normal -8.962834e-01 -8.827677e-02 -4.346071e-01
    outer loop
      vertex   4.505865e+00 8.962733e-01 2.514855e+01
      vertex   4.594140e+00 1.170584e-06 2.514855e+01
      vertex   3.988179e+00 1.290953e-06 2.639821e+01
    endloop
  endfacet
  facet normal 4.713965e-01 -8.819204e-01 -1.334299e-03
    outer loop
      vertex   -1.919003e+00 2.871992e+00 2.889586e+01
      vertex   -1.320507e+00 3.187988e+00 3.147794e+01
      vertex   -1.917080e+00 2.869113e+00 3.147794e+01
    endloop
  endfacet
  facet normal 4.713957e-01 -8.819208e-01 -1.334065e-03
    outer loop
      vertex   -1.919003e+00 2.871992e+00 2.889586e+01
      vertex   -1.321832e+00 3.191186e+00 2.889586e+01
      vertex   -1.320507e+00 3.187988e+00 3.147794e+01
    endloop
  endfacet
  facet normal 8.819206e-01 4.713962e-01 -1.334279e-03
    outer loop
      vertex   -2.871990e+00 -1.919001e+00 2.889586e+01
      vertex   -3.187986e+00 -1.320505e+00 3.147794e+01
      vertex   -2.869112e+00 -1.917078e+00 3.147794e+01
    endloop
  endfacet
  facet normal 8.819206e-01 4.713962e-01 -1.334276e-03
    outer loop
      vertex   -2.871990e+00 -1.919001e+00 2.889586e+01
      vertex   -3.191184e+00 -1.321831e+00 2.889586e+01
      vertex   -3.187986e+00 -1.320505e+00 3.147794e+01
    endloop
  endfacet
  facet normal -9.951838e-01 9.801707e-02 -1.334270e-03
    outer loop
      vertex   3.454113e+00 1.532736e-06 2.889586e+01
      vertex   3.384348e+00 -6.731869e-01 3.147794e+01
      vertex   3.450651e+00 1.781928e-06 3.147794e+01
    endloop
  endfacet
  facet normal -9.951838e-01 9.801739e-02 -1.334186e-03
    outer loop
      vertex   3.454113e+00 1.532736e-06 2.889586e+01
      vertex   3.387743e+00 -6.738628e-01 2.889586e+01
      vertex   3.384348e+00 -6.731869e-01 3.147794e+01
    endloop
  endfacet
  facet normal 4.245497e-01 -7.942759e-01 -4.346071e-01
    outer loop
      vertex   -2.552368e+00 3.819889e+00 2.514855e+01
      vertex   -1.526210e+00 3.684599e+00 2.639821e+01
      vertex   -2.215714e+00 3.316051e+00 2.639821e+01
    endloop
  endfacet
  facet normal 4.245492e-01 -7.942764e-01 -4.346067e-01
    outer loop
      vertex   -2.552368e+00 3.819889e+00 2.514855e+01
      vertex   -1.758101e+00 4.244433e+00 2.514855e+01
      vertex   -1.526210e+00 3.684599e+00 2.639821e+01
    endloop
  endfacet
  facet normal -7.730100e-01 6.343924e-01 -1.334302e-03
    outer loop
      vertex   2.871990e+00 -1.919001e+00 2.889586e+01
      vertex   2.439979e+00 -2.439977e+00 3.147794e+01
      vertex   2.869112e+00 -1.917078e+00 3.147794e+01
    endloop
  endfacet
  facet normal -7.730096e-01 6.343929e-01 -1.334130e-03
    outer loop
      vertex   2.871990e+00 -1.919001e+00 2.889586e+01
      vertex   2.442427e+00 -2.442425e+00 2.889586e+01
      vertex   2.439979e+00 -2.439977e+00 3.147794e+01
    endloop
  endfacet
  facet normal -6.343925e-01 -7.730100e-01 -1.334355e-03
    outer loop
      vertex   1.919003e+00 2.871992e+00 2.889586e+01
      vertex   2.439979e+00 2.439981e+00 3.147794e+01
      vertex   1.917080e+00 2.869113e+00 3.147794e+01
    endloop
  endfacet
  facet normal -6.343929e-01 -7.730096e-01 -1.334191e-03
    outer loop
      vertex   1.919003e+00 2.871992e+00 2.889586e+01
      vertex   2.442427e+00 2.442429e+00 2.889586e+01
      vertex   2.439979e+00 2.439981e+00 3.147794e+01
    endloop
  endfacet
  facet normal 2.902839e-01 -9.569396e-01 -1.334055e-03
    outer loop
      vertex   -1.321832e+00 3.191186e+00 2.889586e+01
      vertex   -6.731887e-01 3.384350e+00 3.147794e+01
      vertex   -1.320507e+00 3.187988e+00 3.147794e+01
    endloop
  endfacet
  facet normal 2.902848e-01 -9.569394e-01 -1.334294e-03
    outer loop
      vertex   -1.321832e+00 3.191186e+00 2.889586e+01
      vertex   -6.738642e-01 3.387745e+00 2.889586e+01
      vertex   -6.731887e-01 3.384350e+00 3.147794e+01
    endloop
  endfacet
  facet normal -8.819206e-01 4.713962e-01 -1.334276e-03
    outer loop
      vertex   3.191184e+00 -1.321831e+00 2.889586e+01
      vertex   2.869112e+00 -1.917078e+00 3.147794e+01
      vertex   3.187986e+00 -1.320505e+00 3.147794e+01
    endloop
  endfacet
  facet normal -8.819206e-01 4.713962e-01 -1.334279e-03
    outer loop
      vertex   3.191184e+00 -1.321831e+00 2.889586e+01
      vertex   2.871990e+00 -1.919001e+00 2.889586e+01
      vertex   2.869112e+00 -1.917078e+00 3.147794e+01
    endloop
  endfacet
  facet normal -2.902839e-01 -9.569396e-01 -1.334294e-03
    outer loop
      vertex   6.738642e-01 3.387745e+00 2.889586e+01
      vertex   1.320507e+00 3.187988e+00 3.147794e+01
      vertex   6.731887e-01 3.384350e+00 3.147794e+01
    endloop
  endfacet
  facet normal -2.902847e-01 -9.569394e-01 -1.334072e-03
    outer loop
      vertex   6.738642e-01 3.387745e+00 2.889586e+01
      vertex   1.321832e+00 3.191186e+00 2.889586e+01
      vertex   1.320507e+00 3.187988e+00 3.147794e+01
    endloop
  endfacet
  facet normal 7.730100e-01 -6.343924e-01 -1.334192e-03
    outer loop
      vertex   -2.871990e+00 1.919004e+00 2.889586e+01
      vertex   -2.439979e+00 2.439981e+00 3.147794e+01
      vertex   -2.869112e+00 1.917081e+00 3.147794e+01
    endloop
  endfacet
  facet normal 7.730099e-01 -6.343925e-01 -1.334167e-03
    outer loop
      vertex   -2.871990e+00 1.919004e+00 2.889586e+01
      vertex   -2.442427e+00 2.442429e+00 2.889586e+01
      vertex   -2.439979e+00 2.439981e+00 3.147794e+01
    endloop
  endfacet
  facet normal -9.569395e-01 2.902844e-01 -1.334225e-03
    outer loop
      vertex   3.387743e+00 -6.738628e-01 2.889586e+01
      vertex   3.187986e+00 -1.320505e+00 3.147794e+01
      vertex   3.384348e+00 -6.731869e-01 3.147794e+01
    endloop
  endfacet
  facet normal -9.569395e-01 2.902843e-01 -1.334233e-03
    outer loop
      vertex   3.387743e+00 -6.738628e-01 2.889586e+01
      vertex   3.191184e+00 -1.321831e+00 2.889586e+01
      vertex   3.187986e+00 -1.320505e+00 3.147794e+01
    endloop
  endfacet
  facet normal 8.819204e-01 -4.713964e-01 -1.334113e-03
    outer loop
      vertex   -3.191184e+00 1.321834e+00 2.889586e+01
      vertex   -2.869112e+00 1.917081e+00 3.147794e+01
      vertex   -3.187986e+00 1.320509e+00 3.147794e+01
    endloop
  endfacet
  facet normal 8.819206e-01 -4.713962e-01 -1.334197e-03
    outer loop
      vertex   -3.191184e+00 1.321834e+00 2.889586e+01
      vertex   -2.871990e+00 1.919004e+00 2.889586e+01
      vertex   -2.869112e+00 1.917081e+00 3.147794e+01
    endloop
  endfacet
  facet normal 6.343925e-01 -7.730100e-01 -1.334191e-03
    outer loop
      vertex   -2.442427e+00 2.442429e+00 2.889586e+01
      vertex   -1.917080e+00 2.869113e+00 3.147794e+01
      vertex   -2.439979e+00 2.439981e+00 3.147794e+01
    endloop
  endfacet
  facet normal 6.343927e-01 -7.730098e-01 -1.334282e-03
    outer loop
      vertex   -2.442427e+00 2.442429e+00 2.889586e+01
      vertex   -1.919003e+00 2.871992e+00 2.889586e+01
      vertex   -1.917080e+00 2.869113e+00 3.147794e+01
    endloop
  endfacet
  facet normal 9.951838e-01 9.801707e-02 -1.334184e-03
    outer loop
      vertex   -3.387743e+00 -6.738627e-01 2.889586e+01
      vertex   -3.450651e+00 1.781928e-06 3.147794e+01
      vertex   -3.384348e+00 -6.731869e-01 3.147794e+01
    endloop
  endfacet
  facet normal 9.951838e-01 9.801740e-02 -1.334270e-03
    outer loop
      vertex   -3.387743e+00 -6.738627e-01 2.889586e+01
      vertex   -3.454113e+00 1.532736e-06 2.889586e+01
      vertex   -3.450651e+00 1.781928e-06 3.147794e+01
    endloop
  endfacet
  facet normal 9.951838e-01 -9.801707e-02 -1.334251e-03
    outer loop
      vertex   -3.454113e+00 1.532736e-06 2.889586e+01
      vertex   -3.384348e+00 6.731905e-01 3.147794e+01
      vertex   -3.450651e+00 1.781928e-06 3.147794e+01
    endloop
  endfacet
  facet normal 9.951838e-01 -9.801741e-02 -1.334161e-03
    outer loop
      vertex   -3.454113e+00 1.532736e-06 2.889586e+01
      vertex   -3.387743e+00 6.738657e-01 2.889586e+01
      vertex   -3.384348e+00 6.731905e-01 3.147794e+01
    endloop
  endfacet
  facet normal 9.569395e-01 2.902844e-01 -1.334233e-03
    outer loop
      vertex   -3.191184e+00 -1.321831e+00 2.889586e+01
      vertex   -3.384348e+00 -6.731869e-01 3.147794e+01
      vertex   -3.187986e+00 -1.320505e+00 3.147794e+01
    endloop
  endfacet
  facet normal 9.569395e-01 2.902843e-01 -1.334217e-03
    outer loop
      vertex   -3.191184e+00 -1.321831e+00 2.889586e+01
      vertex   -3.387743e+00 -6.738627e-01 2.889586e+01
      vertex   -3.384348e+00 -6.731869e-01 3.147794e+01
    endloop
  endfacet
  facet normal 7.730100e-01 6.343924e-01 -1.334130e-03
    outer loop
      vertex   -2.442427e+00 -2.442425e+00 2.889586e+01
      vertex   -2.869112e+00 -1.917078e+00 3.147794e+01
      vertex   -2.439979e+00 -2.439977e+00 3.147794e+01
    endloop
  endfacet
  facet normal 7.730096e-01 6.343929e-01 -1.334302e-03
    outer loop
      vertex   -2.442427e+00 -2.442425e+00 2.889586e+01
      vertex   -2.871990e+00 -1.919001e+00 2.889586e+01
      vertex   -2.869112e+00 -1.917078e+00 3.147794e+01
    endloop
  endfacet
  facet normal 6.961893e-01 -5.713469e-01 -4.346069e-01
    outer loop
      vertex   -3.819887e+00 2.552369e+00 2.514855e+01
      vertex   -2.820069e+00 2.820070e+00 2.639821e+01
      vertex   -3.316049e+00 2.215715e+00 2.639821e+01
    endloop
  endfacet
  facet normal 6.961891e-01 -5.713473e-01 -4.346067e-01
    outer loop
      vertex   -3.819887e+00 2.552369e+00 2.514855e+01
      vertex   -3.248548e+00 3.248549e+00 2.514855e+01
      vertex   -2.820069e+00 2.820070e+00 2.639821e+01
    endloop
  endfacet
  facet normal -2.237124e-01 1.835967e-01 9.572069e-01
    outer loop
      vertex   -3.184960e+00 3.184959e+00 8.652115e-01
      vertex   -2.653240e+00 1.772837e+00 1.260333e+00
      vertex   -2.256394e+00 2.256393e+00 1.260333e+00
    endloop
  endfacet
  facet normal -2.237130e-01 1.835964e-01 9.572068e-01
    outer loop
      vertex   -3.184960e+00 3.184959e+00 8.652115e-01
      vertex   -3.745116e+00 2.502406e+00 8.652115e-01
      vertex   -2.653240e+00 1.772837e+00 1.260333e+00
    endloop
  endfacet
  facet normal -6.961890e-01 5.713467e-01 -4.346076e-01
    outer loop
      vertex   3.819887e+00 -2.552367e+00 2.514855e+01
      vertex   2.820069e+00 -2.820067e+00 2.639821e+01
      vertex   3.316049e+00 -2.215713e+00 2.639821e+01
    endloop
  endfacet
  facet normal -6.961884e-01 5.713481e-01 -4.346068e-01
    outer loop
      vertex   3.819887e+00 -2.552367e+00 2.514855e+01
      vertex   3.248548e+00 -3.248546e+00 2.514855e+01
      vertex   2.820069e+00 -2.820067e+00 2.639821e+01
    endloop
  endfacet
  facet normal 8.962834e-01 -8.827639e-02 -4.346072e-01
    outer loop
      vertex   -4.594140e+00 1.157911e-06 2.514855e+01
      vertex   -3.911547e+00 7.780565e-01 2.639821e+01
      vertex   -3.988179e+00 1.290953e-06 2.639821e+01
    endloop
  endfacet
  facet normal 8.962834e-01 -8.827678e-02 -4.346069e-01
    outer loop
      vertex   -4.594140e+00 1.157911e-06 2.514855e+01
      vertex   -4.505865e+00 8.962733e-01 2.514855e+01
      vertex   -3.911547e+00 7.780565e-01 2.639821e+01
    endloop
  endfacet
  facet normal -7.942758e-01 4.245497e-01 -4.346074e-01
    outer loop
      vertex   4.244431e+00 -1.758100e+00 2.514855e+01
      vertex   3.316049e+00 -2.215713e+00 2.639821e+01
      vertex   3.684597e+00 -1.526209e+00 2.639821e+01
    endloop
  endfacet
  facet normal -7.942759e-01 4.245493e-01 -4.346076e-01
    outer loop
      vertex   4.244431e+00 -1.758100e+00 2.514855e+01
      vertex   3.819887e+00 -2.552367e+00 2.514855e+01
      vertex   3.316049e+00 -2.215713e+00 2.639821e+01
    endloop
  endfacet
  facet normal -6.655308e-01 5.461874e-01 5.086728e-01
    outer loop
      vertex   3.570052e+00 -3.570054e+00 7.485676e-01
      vertex   4.159309e+00 -2.779163e+00 6.703138e-01
      vertex   3.537202e+00 -3.537203e+00 6.703138e-01
    endloop
  endfacet
  facet normal -6.655315e-01 5.461877e-01 5.086716e-01
    outer loop
      vertex   3.570052e+00 -3.570054e+00 7.485676e-01
      vertex   4.197937e+00 -2.804973e+00 7.485664e-01
      vertex   4.159309e+00 -2.779163e+00 6.703138e-01
    endloop
  endfacet
  facet normal 8.962835e-01 8.827641e-02 -4.346069e-01
    outer loop
      vertex   -4.505865e+00 -8.962709e-01 2.514855e+01
      vertex   -3.988179e+00 1.290953e-06 2.639821e+01
      vertex   -3.911547e+00 -7.780538e-01 2.639821e+01
    endloop
  endfacet
  facet normal 8.962833e-01 8.827678e-02 -4.346072e-01
    outer loop
      vertex   -4.505865e+00 -8.962709e-01 2.514855e+01
      vertex   -4.594140e+00 1.157911e-06 2.514855e+01
      vertex   -3.988179e+00 1.290953e-06 2.639821e+01
    endloop
  endfacet
  facet normal -8.618399e-01 2.614362e-01 -4.346069e-01
    outer loop
      vertex   4.505865e+00 -8.962709e-01 2.514855e+01
      vertex   3.684597e+00 -1.526209e+00 2.639821e+01
      vertex   3.911547e+00 -7.780538e-01 2.639821e+01
    endloop
  endfacet
  facet normal -8.618399e-01 2.614354e-01 -4.346073e-01
    outer loop
      vertex   4.505865e+00 -8.962709e-01 2.514855e+01
      vertex   4.244431e+00 -1.758100e+00 2.514855e+01
      vertex   3.684597e+00 -1.526209e+00 2.639821e+01
    endloop
  endfacet
  facet normal 6.961891e-01 5.713471e-01 -4.346070e-01
    outer loop
      vertex   -3.248548e+00 -3.248546e+00 2.514855e+01
      vertex   -3.316049e+00 -2.215713e+00 2.639821e+01
      vertex   -2.820069e+00 -2.820067e+00 2.639821e+01
    endloop
  endfacet
  facet normal 6.961892e-01 5.713471e-01 -4.346070e-01
    outer loop
      vertex   -3.248548e+00 -3.248546e+00 2.514855e+01
      vertex   -3.819887e+00 -2.552367e+00 2.514855e+01
      vertex   -3.316049e+00 -2.215713e+00 2.639821e+01
    endloop
  endfacet
  facet normal 4.713974e-01 -8.819209e-01 -1.685601e-05
    outer loop
      vertex   -2.805704e+00 4.199032e+00 8.495009e-01
      vertex   -1.932459e+00 4.665368e+00 2.301880e+01
      vertex   -2.805495e+00 4.198720e+00 2.301880e+01
    endloop
  endfacet
  facet normal 4.713969e-01 -8.819212e-01 -1.683161e-05
    outer loop
      vertex   -2.805704e+00 4.199032e+00 8.495009e-01
      vertex   -1.932603e+00 4.665714e+00 8.495009e-01
      vertex   -1.932459e+00 4.665368e+00 2.301880e+01
    endloop
  endfacet
  facet normal 7.942759e-01 4.245498e-01 -4.346069e-01
    outer loop
      vertex   -3.819887e+00 -2.552367e+00 2.514855e+01
      vertex   -3.684597e+00 -1.526209e+00 2.639821e+01
      vertex   -3.316049e+00 -2.215713e+00 2.639821e+01
    endloop
  endfacet
  facet normal 7.942762e-01 4.245495e-01 -4.346067e-01
    outer loop
      vertex   -3.819887e+00 -2.552367e+00 2.514855e+01
      vertex   -4.244431e+00 -1.758100e+00 2.514855e+01
      vertex   -3.684597e+00 -1.526209e+00 2.639821e+01
    endloop
  endfacet
  facet normal 4.245497e-01 7.942759e-01 -4.346070e-01
    outer loop
      vertex   -1.758101e+00 -4.244430e+00 2.514855e+01
      vertex   -2.215714e+00 -3.316048e+00 2.639821e+01
      vertex   -1.526210e+00 -3.684596e+00 2.639821e+01
    endloop
  endfacet
  facet normal 4.245479e-01 7.942764e-01 -4.346080e-01
    outer loop
      vertex   -1.758101e+00 -4.244430e+00 2.514855e+01
      vertex   -2.552368e+00 -3.819886e+00 2.514855e+01
      vertex   -2.215714e+00 -3.316048e+00 2.639821e+01
    endloop
  endfacet
  facet normal 8.827602e-02 8.962832e-01 -4.346075e-01
    outer loop
      vertex   -1.724345e-09 -4.594139e+00 2.514855e+01
      vertex   -7.780553e-01 -3.911546e+00 2.639821e+01
      vertex   -5.554714e-08 -3.988177e+00 2.639821e+01
    endloop
  endfacet
  facet normal 8.827647e-02 8.962833e-01 -4.346073e-01
    outer loop
      vertex   -1.724345e-09 -4.594139e+00 2.514855e+01
      vertex   -8.962722e-01 -4.505864e+00 2.514855e+01
      vertex   -7.780553e-01 -3.911546e+00 2.639821e+01
    endloop
  endfacet
  facet normal -8.827604e-02 8.962834e-01 -4.346073e-01
    outer loop
      vertex   8.962722e-01 -4.505864e+00 2.514855e+01
      vertex   -5.554714e-08 -3.988177e+00 2.639821e+01
      vertex   7.780552e-01 -3.911546e+00 2.639821e+01
    endloop
  endfacet
  facet normal -8.827646e-02 8.962832e-01 -4.346075e-01
    outer loop
      vertex   8.962722e-01 -4.505864e+00 2.514855e+01
      vertex   -1.724345e-09 -4.594139e+00 2.514855e+01
      vertex   -5.554714e-08 -3.988177e+00 2.639821e+01
    endloop
  endfacet
  facet normal 2.880113e-01 2.836666e-02 9.572068e-01
    outer loop
      vertex   4.504213e+00 -1.266507e-06 8.652115e-01
      vertex   3.129710e+00 6.225369e-01 1.260333e+00
      vertex   3.191024e+00 -1.224980e-06 1.260333e+00
    endloop
  endfacet
  facet normal 2.880112e-01 2.836651e-02 9.572068e-01
    outer loop
      vertex   4.504213e+00 -1.266507e-06 8.652115e-01
      vertex   4.417666e+00 8.787271e-01 8.652115e-01
      vertex   3.129710e+00 6.225369e-01 1.260333e+00
    endloop
  endfacet
  facet normal 1.835967e-01 -2.237127e-01 9.572068e-01
    outer loop
      vertex   2.502407e+00 -3.745118e+00 8.652139e-01
      vertex   2.256394e+00 -2.256396e+00 1.260335e+00
      vertex   1.772839e+00 -2.653241e+00 1.260335e+00
    endloop
  endfacet
  facet normal 1.835962e-01 -2.237128e-01 9.572069e-01
    outer loop
      vertex   2.502407e+00 -3.745118e+00 8.652139e-01
      vertex   3.184960e+00 -3.184961e+00 8.652139e-01
      vertex   2.256394e+00 -2.256396e+00 1.260335e+00
    endloop
  endfacet
  facet normal -4.245496e-01 7.942758e-01 -4.346074e-01
    outer loop
      vertex   2.552368e+00 -3.819886e+00 2.514855e+01
      vertex   1.526210e+00 -3.684596e+00 2.639821e+01
      vertex   2.215714e+00 -3.316048e+00 2.639821e+01
    endloop
  endfacet
  facet normal -4.245500e-01 7.942754e-01 -4.346077e-01
    outer loop
      vertex   2.552368e+00 -3.819886e+00 2.514855e+01
      vertex   1.758101e+00 -4.244430e+00 2.514855e+01
      vertex   1.526210e+00 -3.684596e+00 2.639821e+01
    endloop
  endfacet
  facet normal -2.499244e-01 -8.238921e-01 5.086645e-01
    outer loop
      vertex   1.932099e+00 4.664496e+00 7.485664e-01
      vertex   9.759120e-01 4.906238e+00 6.703115e-01
      vertex   1.914321e+00 4.621575e+00 6.703115e-01
    endloop
  endfacet
  facet normal -2.499242e-01 -8.238900e-01 5.086681e-01
    outer loop
      vertex   1.932099e+00 4.664496e+00 7.485664e-01
      vertex   9.849755e-01 4.951803e+00 7.485664e-01
      vertex   9.759120e-01 4.906238e+00 6.703115e-01
    endloop
  endfacet
  facet normal 8.827640e-02 -8.962836e-01 -4.346068e-01
    outer loop
      vertex   -8.962722e-01 4.505866e+00 2.514855e+01
      vertex   4.841643e-08 3.988180e+00 2.639821e+01
      vertex   -7.780552e-01 3.911549e+00 2.639821e+01
    endloop
  endfacet
  facet normal 8.827678e-02 -8.962834e-01 -4.346070e-01
    outer loop
      vertex   -8.962722e-01 4.505866e+00 2.514855e+01
      vertex   -1.724345e-09 4.594141e+00 2.514855e+01
      vertex   4.841643e-08 3.988180e+00 2.639821e+01
    endloop
  endfacet
  facet normal -8.962834e-01 8.827640e-02 -4.346072e-01
    outer loop
      vertex   4.594140e+00 1.170584e-06 2.514855e+01
      vertex   3.911547e+00 -7.780538e-01 2.639821e+01
      vertex   3.988179e+00 1.290953e-06 2.639821e+01
    endloop
  endfacet
  facet normal -8.962834e-01 8.827679e-02 -4.346070e-01
    outer loop
      vertex   4.594140e+00 1.170584e-06 2.514855e+01
      vertex   4.505865e+00 -8.962709e-01 2.514855e+01
      vertex   3.911547e+00 -7.780538e-01 2.639821e+01
    endloop
  endfacet
  facet normal -2.880113e-01 2.836653e-02 9.572068e-01
    outer loop
      vertex   -4.417666e+00 8.787271e-01 8.652115e-01
      vertex   -3.191025e+00 -1.361995e-06 1.260333e+00
      vertex   -3.129710e+00 6.225367e-01 1.260333e+00
    endloop
  endfacet
  facet normal -2.880113e-01 2.836653e-02 9.572068e-01
    outer loop
      vertex   -4.417666e+00 8.787271e-01 8.652115e-01
      vertex   -4.504213e+00 -1.266507e-06 8.652115e-01
      vertex   -3.191025e+00 -1.361995e-06 1.260333e+00
    endloop
  endfacet
  facet normal -2.614360e-01 -8.618400e-01 -4.346067e-01
    outer loop
      vertex   8.962722e-01 4.505866e+00 2.514855e+01
      vertex   1.526210e+00 3.684599e+00 2.639821e+01
      vertex   7.780553e-01 3.911549e+00 2.639821e+01
    endloop
  endfacet
  facet normal -2.614361e-01 -8.618400e-01 -4.346067e-01
    outer loop
      vertex   8.962722e-01 4.505866e+00 2.514855e+01
      vertex   1.758101e+00 4.244433e+00 2.514855e+01
      vertex   1.526210e+00 3.684599e+00 2.639821e+01
    endloop
  endfacet
  facet normal -8.618400e-01 -2.614363e-01 -4.346067e-01
    outer loop
      vertex   4.244431e+00 1.758102e+00 2.514855e+01
      vertex   3.911547e+00 7.780565e-01 2.639821e+01
      vertex   3.684597e+00 1.526212e+00 2.639821e+01
    endloop
  endfacet
  facet normal -8.618397e-01 -2.614366e-01 -4.346069e-01
    outer loop
      vertex   4.244431e+00 1.758102e+00 2.514855e+01
      vertex   4.505865e+00 8.962733e-01 2.514855e+01
      vertex   3.911547e+00 7.780565e-01 2.639821e+01
    endloop
  endfacet
  facet normal 5.713466e-01 6.961888e-01 -4.346080e-01
    outer loop
      vertex   -2.552368e+00 -3.819886e+00 2.514855e+01
      vertex   -2.820069e+00 -2.820067e+00 2.639821e+01
      vertex   -2.215714e+00 -3.316048e+00 2.639821e+01
    endloop
  endfacet
  facet normal 5.713483e-01 6.961881e-01 -4.346071e-01
    outer loop
      vertex   -2.552368e+00 -3.819886e+00 2.514855e+01
      vertex   -3.248548e+00 -3.248546e+00 2.514855e+01
      vertex   -2.820069e+00 -2.820067e+00 2.639821e+01
    endloop
  endfacet
  facet normal 2.614360e-01 -8.618400e-01 -4.346067e-01
    outer loop
      vertex   -1.758101e+00 4.244433e+00 2.514855e+01
      vertex   -7.780552e-01 3.911549e+00 2.639821e+01
      vertex   -1.526210e+00 3.684599e+00 2.639821e+01
    endloop
  endfacet
  facet normal 2.614361e-01 -8.618400e-01 -4.346068e-01
    outer loop
      vertex   -1.758101e+00 4.244433e+00 2.514855e+01
      vertex   -8.962722e-01 4.505866e+00 2.514855e+01
      vertex   -7.780552e-01 3.911549e+00 2.639821e+01
    endloop
  endfacet
  facet normal -7.942761e-01 -4.245497e-01 -4.346068e-01
    outer loop
      vertex   3.819887e+00 2.552369e+00 2.514855e+01
      vertex   3.684597e+00 1.526212e+00 2.639821e+01
      vertex   3.316049e+00 2.215715e+00 2.639821e+01
    endloop
  endfacet
  facet normal -7.942763e-01 -4.245495e-01 -4.346067e-01
    outer loop
      vertex   3.819887e+00 2.552369e+00 2.514855e+01
      vertex   4.244431e+00 1.758102e+00 2.514855e+01
      vertex   3.684597e+00 1.526212e+00 2.639821e+01
    endloop
  endfacet
  facet normal -5.713471e-01 -6.961890e-01 -4.346071e-01
    outer loop
      vertex   2.552368e+00 3.819889e+00 2.514855e+01
      vertex   2.820069e+00 2.820070e+00 2.639821e+01
      vertex   2.215714e+00 3.316051e+00 2.639821e+01
    endloop
  endfacet
  facet normal -5.713476e-01 -6.961888e-01 -4.346068e-01
    outer loop
      vertex   2.552368e+00 3.819889e+00 2.514855e+01
      vertex   3.248548e+00 3.248549e+00 2.514855e+01
      vertex   2.820069e+00 2.820070e+00 2.639821e+01
    endloop
  endfacet
  facet normal 2.552319e-01 1.364248e-01 9.572069e-01
    outer loop
      vertex   4.161351e+00 1.723687e+00 8.652115e-01
      vertex   2.653238e+00 1.772837e+00 1.260333e+00
      vertex   2.948122e+00 1.221151e+00 1.260333e+00
    endloop
  endfacet
  facet normal 2.552319e-01 1.364243e-01 9.572069e-01
    outer loop
      vertex   4.161351e+00 1.723687e+00 8.652115e-01
      vertex   3.745117e+00 2.502406e+00 8.652115e-01
      vertex   2.653238e+00 1.772837e+00 1.260333e+00
    endloop
  endfacet
  facet normal 5.713471e-01 -6.961894e-01 -4.346066e-01
    outer loop
      vertex   -3.248548e+00 3.248549e+00 2.514855e+01
      vertex   -2.215714e+00 3.316051e+00 2.639821e+01
      vertex   -2.820069e+00 2.820070e+00 2.639821e+01
    endloop
  endfacet
  facet normal 5.713476e-01 -6.961887e-01 -4.346071e-01
    outer loop
      vertex   -3.248548e+00 3.248549e+00 2.514855e+01
      vertex   -2.552368e+00 3.819889e+00 2.514855e+01
      vertex   -2.215714e+00 3.316051e+00 2.639821e+01
    endloop
  endfacet
  facet normal -6.961892e-01 -5.713471e-01 -4.346068e-01
    outer loop
      vertex   3.248548e+00 3.248549e+00 2.514855e+01
      vertex   3.316049e+00 2.215715e+00 2.639821e+01
      vertex   2.820069e+00 2.820070e+00 2.639821e+01
    endloop
  endfacet
  facet normal -6.961891e-01 -5.713472e-01 -4.346068e-01
    outer loop
      vertex   3.248548e+00 3.248549e+00 2.514855e+01
      vertex   3.819887e+00 2.552369e+00 2.514855e+01
      vertex   3.316049e+00 2.215715e+00 2.639821e+01
    endloop
  endfacet
  facet normal -8.827638e-02 -8.962835e-01 -4.346070e-01
    outer loop
      vertex   -1.724345e-09 4.594141e+00 2.514855e+01
      vertex   7.780553e-01 3.911549e+00 2.639821e+01
      vertex   4.841643e-08 3.988180e+00 2.639821e+01
    endloop
  endfacet
  facet normal -8.827679e-02 -8.962835e-01 -4.346068e-01
    outer loop
      vertex   -1.724345e-09 4.594141e+00 2.514855e+01
      vertex   8.962722e-01 4.505866e+00 2.514855e+01
      vertex   7.780553e-01 3.911549e+00 2.639821e+01
    endloop
  endfacet
  facet normal 8.618398e-01 -2.614363e-01 -4.346069e-01
    outer loop
      vertex   -4.505865e+00 8.962733e-01 2.514855e+01
      vertex   -3.684597e+00 1.526212e+00 2.639821e+01
      vertex   -3.911547e+00 7.780565e-01 2.639821e+01
    endloop
  endfacet
  facet normal 8.618398e-01 -2.614367e-01 -4.346067e-01
    outer loop
      vertex   -4.505865e+00 8.962733e-01 2.514855e+01
      vertex   -4.244431e+00 1.758102e+00 2.514855e+01
      vertex   -3.684597e+00 1.526212e+00 2.639821e+01
    endloop
  endfacet
endsolid
