solid ASCII
  facet normal -0.000000e+00 0.000000e+00 1.000000e+00
    outer loop
      vertex   -2.500000e+00 -2.500000e+00 1.270600e+01
      vertex   7.960204e-16 -1.300000e+01 1.270600e+01
      vertex   2.500000e+00 -2.500000e+00 1.270600e+01
    endloop
  endfacet
  facet normal 0.000000e+00 0.000000e+00 1.000000e+00
    outer loop
      vertex   2.500000e+00 -2.500000e+00 1.270600e+01
      vertex   7.960204e-16 -1.300000e+01 1.270600e+01
      vertex   3.852333e-01 -1.299429e+01 1.270600e+01
    endloop
  endfacet
  facet normal 0.000000e+00 0.000000e+00 1.000000e+00
    outer loop
      vertex   2.500000e+00 -2.500000e+00 1.270600e+01
      vertex   3.852333e-01 -1.299429e+01 1.270600e+01
      vertex   7.701282e-01 -1.297717e+01 1.270600e+01
    endloop
  endfacet
  facet normal 0.000000e+00 0.000000e+00 1.000000e+00
    outer loop
      vertex   -2.500000e+00 2.500000e+00 1.270600e+01
      vertex   -1.300000e+01 -1.592041e-15 1.270600e+01
      vertex   -2.500000e+00 -2.500000e+00 1.270600e+01
    endloop
  endfacet
  facet normal 0.000000e+00 0.000000e+00 1.000000e+00
    outer loop
      vertex   -2.500000e+00 -2.500000e+00 1.270600e+01
      vertex   -1.300000e+01 -1.592041e-15 1.270600e+01
      vertex   -1.299429e+01 -3.852333e-01 1.270600e+01
    endloop
  endfacet
  facet normal 0.000000e+00 0.000000e+00 1.000000e+00
    outer loop
      vertex   -2.500000e+00 -2.500000e+00 1.270600e+01
      vertex   -1.299429e+01 -3.852333e-01 1.270600e+01
      vertex   -1.297717e+01 -7.701282e-01 1.270600e+01
    endloop
  endfacet
  facet normal 0.000000e+00 0.000000e+00 1.000000e+00
    outer loop
      vertex   2.500000e+00 2.500000e+00 1.270600e+01
      vertex   -2.388061e-15 1.300000e+01 1.270600e+01
      vertex   -2.500000e+00 2.500000e+00 1.270600e+01
    endloop
  endfacet
  facet normal 0.000000e+00 0.000000e+00 1.000000e+00
    outer loop
      vertex   -2.500000e+00 2.500000e+00 1.270600e+01
      vertex   -2.388061e-15 1.300000e+01 1.270600e+01
      vertex   -3.852333e-01 1.299429e+01 1.270600e+01
    endloop
  endfacet
  facet normal 0.000000e+00 0.000000e+00 1.000000e+00
    outer loop
      vertex   -2.500000e+00 2.500000e+00 1.270600e+01
      vertex   -3.852333e-01 1.299429e+01 1.270600e+01
      vertex   -7.701282e-01 1.297717e+01 1.270600e+01
    endloop
  endfacet
  facet normal 0.000000e+00 0.000000e+00 1.000000e+00
    outer loop
      vertex   2.500000e+00 -2.500000e+00 1.270600e+01
      vertex   1.300000e+01 0.000000e+00 1.270600e+01
      vertex   2.500000e+00 2.500000e+00 1.270600e+01
    endloop
  endfacet
  facet normal 0.000000e+00 0.000000e+00 1.000000e+00
    outer loop
      vertex   2.500000e+00 2.500000e+00 1.270600e+01
      vertex   1.300000e+01 0.000000e+00 1.270600e+01
      vertex   1.299429e+01 3.852333e-01 1.270600e+01
    endloop
  endfacet
  facet normal 0.000000e+00 0.000000e+00 1.000000e+00
    outer loop
      vertex   2.500000e+00 2.500000e+00 1.270600e+01
      vertex   1.299429e+01 3.852333e-01 1.270600e+01
      vertex   1.297717e+01 7.701282e-01 1.270600e+01
    endloop
  endfacet
  facet normal 0.000000e+00 0.000000e+00 1.000000e+00
    outer loop
      vertex   1.297717e+01 7.701282e-01 1.270600e+01
      vertex   1.294865e+01 1.154347e+00 1.270600e+01
      vertex   2.500000e+00 2.500000e+00 1.270600e+01
    endloop
  endfacet
  facet normal 0.000000e+00 0.000000e+00 1.000000e+00
    outer loop
      vertex   2.500000e+00 2.500000e+00 1.270600e+01
      vertex   1.294865e+01 1.154347e+00 1.270600e+01
      vertex   1.290875e+01 1.537551e+00 1.270600e+01
    endloop
  endfacet
  facet normal 0.000000e+00 0.000000e+00 1.000000e+00
    outer loop
      vertex   2.500000e+00 2.500000e+00 1.270600e+01
      vertex   1.290875e+01 1.537551e+00 1.270600e+01
      vertex   1.285752e+01 1.919405e+00 1.270600e+01
    endloop
  endfacet
  facet normal 0.000000e+00 0.000000e+00 1.000000e+00
    outer loop
      vertex   1.285752e+01 1.919405e+00 1.270600e+01
      vertex   1.279500e+01 2.299574e+00 1.270600e+01
      vertex   2.500000e+00 2.500000e+00 1.270600e+01
    endloop
  endfacet
  facet normal -0.000000e+00 0.000000e+00 1.000000e+00
    outer loop
      vertex   2.500000e+00 2.500000e+00 1.270600e+01
      vertex   1.279500e+01 2.299574e+00 1.270600e+01
      vertex   1.272123e+01 2.677722e+00 1.270600e+01
    endloop
  endfacet
  facet normal 0.000000e+00 0.000000e+00 1.000000e+00
    outer loop
      vertex   2.500000e+00 2.500000e+00 1.270600e+01
      vertex   1.272123e+01 2.677722e+00 1.270600e+01
      vertex   1.263630e+01 3.053519e+00 1.270600e+01
    endloop
  endfacet
  facet normal 0.000000e+00 0.000000e+00 1.000000e+00
    outer loop
      vertex   1.263630e+01 3.053519e+00 1.270600e+01
      vertex   1.254026e+01 3.426633e+00 1.270600e+01
      vertex   2.500000e+00 2.500000e+00 1.270600e+01
    endloop
  endfacet
  facet normal 0.000000e+00 0.000000e+00 1.000000e+00
    outer loop
      vertex   2.500000e+00 2.500000e+00 1.270600e+01
      vertex   1.254026e+01 3.426633e+00 1.270600e+01
      vertex   1.243321e+01 3.796738e+00 1.270600e+01
    endloop
  endfacet
  facet normal 0.000000e+00 0.000000e+00 1.000000e+00
    outer loop
      vertex   2.500000e+00 2.500000e+00 1.270600e+01
      vertex   1.243321e+01 3.796738e+00 1.270600e+01
      vertex   1.231524e+01 4.163508e+00 1.270600e+01
    endloop
  endfacet
  facet normal 0.000000e+00 0.000000e+00 1.000000e+00
    outer loop
      vertex   1.231524e+01 4.163508e+00 1.270600e+01
      vertex   1.218646e+01 4.526621e+00 1.270600e+01
      vertex   2.500000e+00 2.500000e+00 1.270600e+01
    endloop
  endfacet
  facet normal 0.000000e+00 0.000000e+00 1.000000e+00
    outer loop
      vertex   2.500000e+00 2.500000e+00 1.270600e+01
      vertex   1.218646e+01 4.526621e+00 1.270600e+01
      vertex   1.204696e+01 4.885759e+00 1.270600e+01
    endloop
  endfacet
  facet normal 0.000000e+00 0.000000e+00 1.000000e+00
    outer loop
      vertex   2.500000e+00 2.500000e+00 1.270600e+01
      vertex   1.204696e+01 4.885759e+00 1.270600e+01
      vertex   1.189689e+01 5.240605e+00 1.270600e+01
    endloop
  endfacet
  facet normal 0.000000e+00 0.000000e+00 1.000000e+00
    outer loop
      vertex   1.189689e+01 5.240605e+00 1.270600e+01
      vertex   1.173637e+01 5.590848e+00 1.270600e+01
      vertex   2.500000e+00 2.500000e+00 1.270600e+01
    endloop
  endfacet
  facet normal 0.000000e+00 0.000000e+00 1.000000e+00
    outer loop
      vertex   2.500000e+00 2.500000e+00 1.270600e+01
      vertex   1.173637e+01 5.590848e+00 1.270600e+01
      vertex   1.156554e+01 5.936180e+00 1.270600e+01
    endloop
  endfacet
  facet normal 0.000000e+00 0.000000e+00 1.000000e+00
    outer loop
      vertex   2.500000e+00 2.500000e+00 1.270600e+01
      vertex   1.156554e+01 5.936180e+00 1.270600e+01
      vertex   1.138455e+01 6.276299e+00 1.270600e+01
    endloop
  endfacet
  facet normal 0.000000e+00 0.000000e+00 1.000000e+00
    outer loop
      vertex   1.138455e+01 6.276299e+00 1.270600e+01
      vertex   1.119357e+01 6.610905e+00 1.270600e+01
      vertex   2.500000e+00 2.500000e+00 1.270600e+01
    endloop
  endfacet
  facet normal 0.000000e+00 0.000000e+00 1.000000e+00
    outer loop
      vertex   2.500000e+00 2.500000e+00 1.270600e+01
      vertex   1.119357e+01 6.610905e+00 1.270600e+01
      vertex   1.099275e+01 6.939704e+00 1.270600e+01
    endloop
  endfacet
  facet normal 0.000000e+00 0.000000e+00 1.000000e+00
    outer loop
      vertex   2.500000e+00 2.500000e+00 1.270600e+01
      vertex   1.099275e+01 6.939704e+00 1.270600e+01
      vertex   1.078227e+01 7.262408e+00 1.270600e+01
    endloop
  endfacet
  facet normal 0.000000e+00 0.000000e+00 1.000000e+00
    outer loop
      vertex   1.078227e+01 7.262408e+00 1.270600e+01
      vertex   1.056233e+01 7.578733e+00 1.270600e+01
      vertex   2.500000e+00 2.500000e+00 1.270600e+01
    endloop
  endfacet
  facet normal 0.000000e+00 0.000000e+00 1.000000e+00
    outer loop
      vertex   2.500000e+00 2.500000e+00 1.270600e+01
      vertex   1.056233e+01 7.578733e+00 1.270600e+01
      vertex   1.033311e+01 7.888402e+00 1.270600e+01
    endloop
  endfacet
  facet normal 0.000000e+00 0.000000e+00 1.000000e+00
    outer loop
      vertex   2.500000e+00 2.500000e+00 1.270600e+01
      vertex   1.033311e+01 7.888402e+00 1.270600e+01
      vertex   1.009481e+01 8.191142e+00 1.270600e+01
    endloop
  endfacet
  facet normal 0.000000e+00 0.000000e+00 1.000000e+00
    outer loop
      vertex   1.009481e+01 8.191142e+00 1.270600e+01
      vertex   9.847646e+00 8.486688e+00 1.270600e+01
      vertex   2.500000e+00 2.500000e+00 1.270600e+01
    endloop
  endfacet
  facet normal 0.000000e+00 0.000000e+00 1.000000e+00
    outer loop
      vertex   2.500000e+00 2.500000e+00 1.270600e+01
      vertex   9.847646e+00 8.486688e+00 1.270600e+01
      vertex   9.591833e+00 8.774779e+00 1.270600e+01
    endloop
  endfacet
  facet normal 0.000000e+00 0.000000e+00 1.000000e+00
    outer loop
      vertex   2.500000e+00 2.500000e+00 1.270600e+01
      vertex   9.591833e+00 8.774779e+00 1.270600e+01
      vertex   9.327594e+00 9.055163e+00 1.270600e+01
    endloop
  endfacet
  facet normal 0.000000e+00 0.000000e+00 1.000000e+00
    outer loop
      vertex   9.327594e+00 9.055163e+00 1.270600e+01
      vertex   9.055163e+00 9.327594e+00 1.270600e+01
      vertex   2.500000e+00 2.500000e+00 1.270600e+01
    endloop
  endfacet
  facet normal 0.000000e+00 0.000000e+00 1.000000e+00
    outer loop
      vertex   2.500000e+00 2.500000e+00 1.270600e+01
      vertex   9.055163e+00 9.327594e+00 1.270600e+01
      vertex   8.774779e+00 9.591833e+00 1.270600e+01
    endloop
  endfacet
  facet normal 0.000000e+00 0.000000e+00 1.000000e+00
    outer loop
      vertex   2.500000e+00 2.500000e+00 1.270600e+01
      vertex   8.774779e+00 9.591833e+00 1.270600e+01
      vertex   8.486688e+00 9.847646e+00 1.270600e+01
    endloop
  endfacet
  facet normal 0.000000e+00 0.000000e+00 1.000000e+00
    outer loop
      vertex   8.486688e+00 9.847646e+00 1.270600e+01
      vertex   8.191142e+00 1.009481e+01 1.270600e+01
      vertex   2.500000e+00 2.500000e+00 1.270600e+01
    endloop
  endfacet
  facet normal 0.000000e+00 0.000000e+00 1.000000e+00
    outer loop
      vertex   2.500000e+00 2.500000e+00 1.270600e+01
      vertex   8.191142e+00 1.009481e+01 1.270600e+01
      vertex   7.888402e+00 1.033311e+01 1.270600e+01
    endloop
  endfacet
  facet normal 0.000000e+00 0.000000e+00 1.000000e+00
    outer loop
      vertex   2.500000e+00 2.500000e+00 1.270600e+01
      vertex   7.888402e+00 1.033311e+01 1.270600e+01
      vertex   7.578733e+00 1.056233e+01 1.270600e+01
    endloop
  endfacet
  facet normal 0.000000e+00 0.000000e+00 1.000000e+00
    outer loop
      vertex   7.578733e+00 1.056233e+01 1.270600e+01
      vertex   7.262408e+00 1.078227e+01 1.270600e+01
      vertex   2.500000e+00 2.500000e+00 1.270600e+01
    endloop
  endfacet
  facet normal 0.000000e+00 0.000000e+00 1.000000e+00
    outer loop
      vertex   2.500000e+00 2.500000e+00 1.270600e+01
      vertex   7.262408e+00 1.078227e+01 1.270600e+01
      vertex   6.939704e+00 1.099275e+01 1.270600e+01
    endloop
  endfacet
  facet normal 0.000000e+00 0.000000e+00 1.000000e+00
    outer loop
      vertex   2.500000e+00 2.500000e+00 1.270600e+01
      vertex   6.939704e+00 1.099275e+01 1.270600e+01
      vertex   6.610905e+00 1.119357e+01 1.270600e+01
    endloop
  endfacet
  facet normal 0.000000e+00 0.000000e+00 1.000000e+00
    outer loop
      vertex   6.610905e+00 1.119357e+01 1.270600e+01
      vertex   6.276299e+00 1.138455e+01 1.270600e+01
      vertex   2.500000e+00 2.500000e+00 1.270600e+01
    endloop
  endfacet
  facet normal 0.000000e+00 0.000000e+00 1.000000e+00
    outer loop
      vertex   2.500000e+00 2.500000e+00 1.270600e+01
      vertex   6.276299e+00 1.138455e+01 1.270600e+01
      vertex   5.936180e+00 1.156554e+01 1.270600e+01
    endloop
  endfacet
  facet normal 0.000000e+00 0.000000e+00 1.000000e+00
    outer loop
      vertex   2.500000e+00 2.500000e+00 1.270600e+01
      vertex   5.936180e+00 1.156554e+01 1.270600e+01
      vertex   5.590848e+00 1.173637e+01 1.270600e+01
    endloop
  endfacet
  facet normal 0.000000e+00 0.000000e+00 1.000000e+00
    outer loop
      vertex   5.590848e+00 1.173637e+01 1.270600e+01
      vertex   5.240605e+00 1.189689e+01 1.270600e+01
      vertex   2.500000e+00 2.500000e+00 1.270600e+01
    endloop
  endfacet
  facet normal 0.000000e+00 0.000000e+00 1.000000e+00
    outer loop
      vertex   2.500000e+00 2.500000e+00 1.270600e+01
      vertex   5.240605e+00 1.189689e+01 1.270600e+01
      vertex   4.885759e+00 1.204696e+01 1.270600e+01
    endloop
  endfacet
  facet normal 0.000000e+00 0.000000e+00 1.000000e+00
    outer loop
      vertex   2.500000e+00 2.500000e+00 1.270600e+01
      vertex   4.885759e+00 1.204696e+01 1.270600e+01
      vertex   4.526621e+00 1.218646e+01 1.270600e+01
    endloop
  endfacet
  facet normal 0.000000e+00 0.000000e+00 1.000000e+00
    outer loop
      vertex   4.526621e+00 1.218646e+01 1.270600e+01
      vertex   4.163508e+00 1.231524e+01 1.270600e+01
      vertex   2.500000e+00 2.500000e+00 1.270600e+01
    endloop
  endfacet
  facet normal 0.000000e+00 0.000000e+00 1.000000e+00
    outer loop
      vertex   2.500000e+00 2.500000e+00 1.270600e+01
      vertex   4.163508e+00 1.231524e+01 1.270600e+01
      vertex   3.796738e+00 1.243321e+01 1.270600e+01
    endloop
  endfacet
  facet normal 0.000000e+00 0.000000e+00 1.000000e+00
    outer loop
      vertex   2.500000e+00 2.500000e+00 1.270600e+01
      vertex   3.796738e+00 1.243321e+01 1.270600e+01
      vertex   3.426633e+00 1.254026e+01 1.270600e+01
    endloop
  endfacet
  facet normal 0.000000e+00 0.000000e+00 1.000000e+00
    outer loop
      vertex   3.426633e+00 1.254026e+01 1.270600e+01
      vertex   3.053519e+00 1.263630e+01 1.270600e+01
      vertex   2.500000e+00 2.500000e+00 1.270600e+01
    endloop
  endfacet
  facet normal 0.000000e+00 0.000000e+00 1.000000e+00
    outer loop
      vertex   2.500000e+00 2.500000e+00 1.270600e+01
      vertex   3.053519e+00 1.263630e+01 1.270600e+01
      vertex   2.677722e+00 1.272123e+01 1.270600e+01
    endloop
  endfacet
  facet normal 0.000000e+00 -0.000000e+00 1.000000e+00
    outer loop
      vertex   2.500000e+00 2.500000e+00 1.270600e+01
      vertex   2.677722e+00 1.272123e+01 1.270600e+01
      vertex   2.299574e+00 1.279500e+01 1.270600e+01
    endloop
  endfacet
  facet normal 0.000000e+00 0.000000e+00 1.000000e+00
    outer loop
      vertex   2.299574e+00 1.279500e+01 1.270600e+01
      vertex   1.919405e+00 1.285752e+01 1.270600e+01
      vertex   2.500000e+00 2.500000e+00 1.270600e+01
    endloop
  endfacet
  facet normal 0.000000e+00 0.000000e+00 1.000000e+00
    outer loop
      vertex   2.500000e+00 2.500000e+00 1.270600e+01
      vertex   1.919405e+00 1.285752e+01 1.270600e+01
      vertex   1.537551e+00 1.290875e+01 1.270600e+01
    endloop
  endfacet
  facet normal 0.000000e+00 0.000000e+00 1.000000e+00
    outer loop
      vertex   2.500000e+00 2.500000e+00 1.270600e+01
      vertex   1.537551e+00 1.290875e+01 1.270600e+01
      vertex   1.154347e+00 1.294865e+01 1.270600e+01
    endloop
  endfacet
  facet normal 0.000000e+00 0.000000e+00 1.000000e+00
    outer loop
      vertex   1.154347e+00 1.294865e+01 1.270600e+01
      vertex   7.701282e-01 1.297717e+01 1.270600e+01
      vertex   2.500000e+00 2.500000e+00 1.270600e+01
    endloop
  endfacet
  facet normal 0.000000e+00 0.000000e+00 1.000000e+00
    outer loop
      vertex   2.500000e+00 2.500000e+00 1.270600e+01
      vertex   7.701282e-01 1.297717e+01 1.270600e+01
      vertex   3.852333e-01 1.299429e+01 1.270600e+01
    endloop
  endfacet
  facet normal 0.000000e+00 0.000000e+00 1.000000e+00
    outer loop
      vertex   2.500000e+00 2.500000e+00 1.270600e+01
      vertex   3.852333e-01 1.299429e+01 1.270600e+01
      vertex   -2.388061e-15 1.300000e+01 1.270600e+01
    endloop
  endfacet
  facet normal 0.000000e+00 0.000000e+00 1.000000e+00
    outer loop
      vertex   -7.701282e-01 1.297717e+01 1.270600e+01
      vertex   -1.154347e+00 1.294865e+01 1.270600e+01
      vertex   -2.500000e+00 2.500000e+00 1.270600e+01
    endloop
  endfacet
  facet normal 0.000000e+00 0.000000e+00 1.000000e+00
    outer loop
      vertex   -2.500000e+00 2.500000e+00 1.270600e+01
      vertex   -1.154347e+00 1.294865e+01 1.270600e+01
      vertex   -1.537551e+00 1.290875e+01 1.270600e+01
    endloop
  endfacet
  facet normal 0.000000e+00 0.000000e+00 1.000000e+00
    outer loop
      vertex   -2.500000e+00 2.500000e+00 1.270600e+01
      vertex   -1.537551e+00 1.290875e+01 1.270600e+01
      vertex   -1.919405e+00 1.285752e+01 1.270600e+01
    endloop
  endfacet
  facet normal 0.000000e+00 0.000000e+00 1.000000e+00
    outer loop
      vertex   -1.919405e+00 1.285752e+01 1.270600e+01
      vertex   -2.299574e+00 1.279500e+01 1.270600e+01
      vertex   -2.500000e+00 2.500000e+00 1.270600e+01
    endloop
  endfacet
  facet normal 0.000000e+00 -0.000000e+00 1.000000e+00
    outer loop
      vertex   -2.500000e+00 2.500000e+00 1.270600e+01
      vertex   -2.299574e+00 1.279500e+01 1.270600e+01
      vertex   -2.677722e+00 1.272123e+01 1.270600e+01
    endloop
  endfacet
  facet normal 0.000000e+00 0.000000e+00 1.000000e+00
    outer loop
      vertex   -2.500000e+00 2.500000e+00 1.270600e+01
      vertex   -2.677722e+00 1.272123e+01 1.270600e+01
      vertex   -3.053519e+00 1.263630e+01 1.270600e+01
    endloop
  endfacet
  facet normal 0.000000e+00 0.000000e+00 1.000000e+00
    outer loop
      vertex   -3.053519e+00 1.263630e+01 1.270600e+01
      vertex   -3.426633e+00 1.254026e+01 1.270600e+01
      vertex   -2.500000e+00 2.500000e+00 1.270600e+01
    endloop
  endfacet
  facet normal 0.000000e+00 0.000000e+00 1.000000e+00
    outer loop
      vertex   -2.500000e+00 2.500000e+00 1.270600e+01
      vertex   -3.426633e+00 1.254026e+01 1.270600e+01
      vertex   -3.796738e+00 1.243321e+01 1.270600e+01
    endloop
  endfacet
  facet normal 0.000000e+00 0.000000e+00 1.000000e+00
    outer loop
      vertex   -2.500000e+00 2.500000e+00 1.270600e+01
      vertex   -3.796738e+00 1.243321e+01 1.270600e+01
      vertex   -4.163508e+00 1.231524e+01 1.270600e+01
    endloop
  endfacet
  facet normal 0.000000e+00 0.000000e+00 1.000000e+00
    outer loop
      vertex   -4.163508e+00 1.231524e+01 1.270600e+01
      vertex   -4.526621e+00 1.218646e+01 1.270600e+01
      vertex   -2.500000e+00 2.500000e+00 1.270600e+01
    endloop
  endfacet
  facet normal 0.000000e+00 0.000000e+00 1.000000e+00
    outer loop
      vertex   -2.500000e+00 2.500000e+00 1.270600e+01
      vertex   -4.526621e+00 1.218646e+01 1.270600e+01
      vertex   -4.885759e+00 1.204696e+01 1.270600e+01
    endloop
  endfacet
  facet normal 0.000000e+00 0.000000e+00 1.000000e+00
    outer loop
      vertex   -2.500000e+00 2.500000e+00 1.270600e+01
      vertex   -4.885759e+00 1.204696e+01 1.270600e+01
      vertex   -5.240605e+00 1.189689e+01 1.270600e+01
    endloop
  endfacet
  facet normal 0.000000e+00 0.000000e+00 1.000000e+00
    outer loop
      vertex   -5.240605e+00 1.189689e+01 1.270600e+01
      vertex   -5.590848e+00 1.173637e+01 1.270600e+01
      vertex   -2.500000e+00 2.500000e+00 1.270600e+01
    endloop
  endfacet
  facet normal 0.000000e+00 0.000000e+00 1.000000e+00
    outer loop
      vertex   -2.500000e+00 2.500000e+00 1.270600e+01
      vertex   -5.590848e+00 1.173637e+01 1.270600e+01
      vertex   -5.936180e+00 1.156554e+01 1.270600e+01
    endloop
  endfacet
  facet normal 0.000000e+00 0.000000e+00 1.000000e+00
    outer loop
      vertex   -2.500000e+00 2.500000e+00 1.270600e+01
      vertex   -5.936180e+00 1.156554e+01 1.270600e+01
      vertex   -6.276299e+00 1.138455e+01 1.270600e+01
    endloop
  endfacet
  facet normal 0.000000e+00 0.000000e+00 1.000000e+00
    outer loop
      vertex   -6.276299e+00 1.138455e+01 1.270600e+01
      vertex   -6.610905e+00 1.119357e+01 1.270600e+01
      vertex   -2.500000e+00 2.500000e+00 1.270600e+01
    endloop
  endfacet
  facet normal 0.000000e+00 0.000000e+00 1.000000e+00
    outer loop
      vertex   -2.500000e+00 2.500000e+00 1.270600e+01
      vertex   -6.610905e+00 1.119357e+01 1.270600e+01
      vertex   -6.939704e+00 1.099275e+01 1.270600e+01
    endloop
  endfacet
  facet normal 0.000000e+00 0.000000e+00 1.000000e+00
    outer loop
      vertex   -2.500000e+00 2.500000e+00 1.270600e+01
      vertex   -6.939704e+00 1.099275e+01 1.270600e+01
      vertex   -7.262408e+00 1.078227e+01 1.270600e+01
    endloop
  endfacet
  facet normal 0.000000e+00 0.000000e+00 1.000000e+00
    outer loop
      vertex   -7.262408e+00 1.078227e+01 1.270600e+01
      vertex   -7.578733e+00 1.056233e+01 1.270600e+01
      vertex   -2.500000e+00 2.500000e+00 1.270600e+01
    endloop
  endfacet
  facet normal 0.000000e+00 0.000000e+00 1.000000e+00
    outer loop
      vertex   -2.500000e+00 2.500000e+00 1.270600e+01
      vertex   -7.578733e+00 1.056233e+01 1.270600e+01
      vertex   -7.888402e+00 1.033311e+01 1.270600e+01
    endloop
  endfacet
  facet normal 0.000000e+00 0.000000e+00 1.000000e+00
    outer loop
      vertex   -2.500000e+00 2.500000e+00 1.270600e+01
      vertex   -7.888402e+00 1.033311e+01 1.270600e+01
      vertex   -8.191142e+00 1.009481e+01 1.270600e+01
    endloop
  endfacet
  facet normal 0.000000e+00 0.000000e+00 1.000000e+00
    outer loop
      vertex   -8.191142e+00 1.009481e+01 1.270600e+01
      vertex   -8.486688e+00 9.847646e+00 1.270600e+01
      vertex   -2.500000e+00 2.500000e+00 1.270600e+01
    endloop
  endfacet
  facet normal 0.000000e+00 0.000000e+00 1.000000e+00
    outer loop
      vertex   -2.500000e+00 2.500000e+00 1.270600e+01
      vertex   -8.486688e+00 9.847646e+00 1.270600e+01
      vertex   -8.774779e+00 9.591833e+00 1.270600e+01
    endloop
  endfacet
  facet normal 0.000000e+00 0.000000e+00 1.000000e+00
    outer loop
      vertex   -2.500000e+00 2.500000e+00 1.270600e+01
      vertex   -8.774779e+00 9.591833e+00 1.270600e+01
      vertex   -9.055163e+00 9.327594e+00 1.270600e+01
    endloop
  endfacet
  facet normal 0.000000e+00 0.000000e+00 1.000000e+00
    outer loop
      vertex   -9.055163e+00 9.327594e+00 1.270600e+01
      vertex   -9.327594e+00 9.055163e+00 1.270600e+01
      vertex   -2.500000e+00 2.500000e+00 1.270600e+01
    endloop
  endfacet
  facet normal 0.000000e+00 0.000000e+00 1.000000e+00
    outer loop
      vertex   -2.500000e+00 2.500000e+00 1.270600e+01
      vertex   -9.327594e+00 9.055163e+00 1.270600e+01
      vertex   -9.591833e+00 8.774779e+00 1.270600e+01
    endloop
  endfacet
  facet normal 0.000000e+00 0.000000e+00 1.000000e+00
    outer loop
      vertex   -2.500000e+00 2.500000e+00 1.270600e+01
      vertex   -9.591833e+00 8.774779e+00 1.270600e+01
      vertex   -9.847646e+00 8.486688e+00 1.270600e+01
    endloop
  endfacet
  facet normal 0.000000e+00 0.000000e+00 1.000000e+00
    outer loop
      vertex   -9.847646e+00 8.486688e+00 1.270600e+01
      vertex   -1.009481e+01 8.191142e+00 1.270600e+01
      vertex   -2.500000e+00 2.500000e+00 1.270600e+01
    endloop
  endfacet
  facet normal 0.000000e+00 0.000000e+00 1.000000e+00
    outer loop
      vertex   -2.500000e+00 2.500000e+00 1.270600e+01
      vertex   -1.009481e+01 8.191142e+00 1.270600e+01
      vertex   -1.033311e+01 7.888402e+00 1.270600e+01
    endloop
  endfacet
  facet normal 0.000000e+00 0.000000e+00 1.000000e+00
    outer loop
      vertex   -2.500000e+00 2.500000e+00 1.270600e+01
      vertex   -1.033311e+01 7.888402e+00 1.270600e+01
      vertex   -1.056233e+01 7.578733e+00 1.270600e+01
    endloop
  endfacet
  facet normal 0.000000e+00 0.000000e+00 1.000000e+00
    outer loop
      vertex   -1.056233e+01 7.578733e+00 1.270600e+01
      vertex   -1.078227e+01 7.262408e+00 1.270600e+01
      vertex   -2.500000e+00 2.500000e+00 1.270600e+01
    endloop
  endfacet
  facet normal 0.000000e+00 0.000000e+00 1.000000e+00
    outer loop
      vertex   -2.500000e+00 2.500000e+00 1.270600e+01
      vertex   -1.078227e+01 7.262408e+00 1.270600e+01
      vertex   -1.099275e+01 6.939704e+00 1.270600e+01
    endloop
  endfacet
  facet normal 0.000000e+00 0.000000e+00 1.000000e+00
    outer loop
      vertex   -2.500000e+00 2.500000e+00 1.270600e+01
      vertex   -1.099275e+01 6.939704e+00 1.270600e+01
      vertex   -1.119357e+01 6.610905e+00 1.270600e+01
    endloop
  endfacet
  facet normal 0.000000e+00 0.000000e+00 1.000000e+00
    outer loop
      vertex   -1.119357e+01 6.610905e+00 1.270600e+01
      vertex   -1.138455e+01 6.276299e+00 1.270600e+01
      vertex   -2.500000e+00 2.500000e+00 1.270600e+01
    endloop
  endfacet
  facet normal 0.000000e+00 0.000000e+00 1.000000e+00
    outer loop
      vertex   -2.500000e+00 2.500000e+00 1.270600e+01
      vertex   -1.138455e+01 6.276299e+00 1.270600e+01
      vertex   -1.156554e+01 5.936180e+00 1.270600e+01
    endloop
  endfacet
  facet normal 0.000000e+00 0.000000e+00 1.000000e+00
    outer loop
      vertex   -2.500000e+00 2.500000e+00 1.270600e+01
      vertex   -1.156554e+01 5.936180e+00 1.270600e+01
      vertex   -1.173637e+01 5.590848e+00 1.270600e+01
    endloop
  endfacet
  facet normal 0.000000e+00 0.000000e+00 1.000000e+00
    outer loop
      vertex   -1.173637e+01 5.590848e+00 1.270600e+01
      vertex   -1.189689e+01 5.240605e+00 1.270600e+01
      vertex   -2.500000e+00 2.500000e+00 1.270600e+01
    endloop
  endfacet
  facet normal 0.000000e+00 0.000000e+00 1.000000e+00
    outer loop
      vertex   -2.500000e+00 2.500000e+00 1.270600e+01
      vertex   -1.189689e+01 5.240605e+00 1.270600e+01
      vertex   -1.204696e+01 4.885759e+00 1.270600e+01
    endloop
  endfacet
  facet normal 0.000000e+00 0.000000e+00 1.000000e+00
    outer loop
      vertex   -2.500000e+00 2.500000e+00 1.270600e+01
      vertex   -1.204696e+01 4.885759e+00 1.270600e+01
      vertex   -1.218646e+01 4.526621e+00 1.270600e+01
    endloop
  endfacet
  facet normal 0.000000e+00 0.000000e+00 1.000000e+00
    outer loop
      vertex   -1.218646e+01 4.526621e+00 1.270600e+01
      vertex   -1.231524e+01 4.163508e+00 1.270600e+01
      vertex   -2.500000e+00 2.500000e+00 1.270600e+01
    endloop
  endfacet
  facet normal 0.000000e+00 0.000000e+00 1.000000e+00
    outer loop
      vertex   -2.500000e+00 2.500000e+00 1.270600e+01
      vertex   -1.231524e+01 4.163508e+00 1.270600e+01
      vertex   -1.243321e+01 3.796738e+00 1.270600e+01
    endloop
  endfacet
  facet normal 0.000000e+00 0.000000e+00 1.000000e+00
    outer loop
      vertex   -2.500000e+00 2.500000e+00 1.270600e+01
      vertex   -1.243321e+01 3.796738e+00 1.270600e+01
      vertex   -1.254026e+01 3.426633e+00 1.270600e+01
    endloop
  endfacet
  facet normal 0.000000e+00 0.000000e+00 1.000000e+00
    outer loop
      vertex   -1.254026e+01 3.426633e+00 1.270600e+01
      vertex   -1.263630e+01 3.053519e+00 1.270600e+01
      vertex   -2.500000e+00 2.500000e+00 1.270600e+01
    endloop
  endfacet
  facet normal 0.000000e+00 0.000000e+00 1.000000e+00
    outer loop
      vertex   -2.500000e+00 2.500000e+00 1.270600e+01
      vertex   -1.263630e+01 3.053519e+00 1.270600e+01
      vertex   -1.272123e+01 2.677722e+00 1.270600e+01
    endloop
  endfacet
  facet normal 0.000000e+00 0.000000e+00 1.000000e+00
    outer loop
      vertex   -2.500000e+00 2.500000e+00 1.270600e+01
      vertex   -1.272123e+01 2.677722e+00 1.270600e+01
      vertex   -1.279500e+01 2.299574e+00 1.270600e+01
    endloop
  endfacet
  facet normal -0.000000e+00 0.000000e+00 1.000000e+00
    outer loop
      vertex   -1.279500e+01 2.299574e+00 1.270600e+01
      vertex   -1.285752e+01 1.919405e+00 1.270600e+01
      vertex   -2.500000e+00 2.500000e+00 1.270600e+01
    endloop
  endfacet
  facet normal 0.000000e+00 0.000000e+00 1.000000e+00
    outer loop
      vertex   -2.500000e+00 2.500000e+00 1.270600e+01
      vertex   -1.285752e+01 1.919405e+00 1.270600e+01
      vertex   -1.290875e+01 1.537551e+00 1.270600e+01
    endloop
  endfacet
  facet normal 0.000000e+00 0.000000e+00 1.000000e+00
    outer loop
      vertex   -2.500000e+00 2.500000e+00 1.270600e+01
      vertex   -1.290875e+01 1.537551e+00 1.270600e+01
      vertex   -1.294865e+01 1.154347e+00 1.270600e+01
    endloop
  endfacet
  facet normal -0.000000e+00 0.000000e+00 1.000000e+00
    outer loop
      vertex   -1.294865e+01 1.154347e+00 1.270600e+01
      vertex   -1.297717e+01 7.701282e-01 1.270600e+01
      vertex   -2.500000e+00 2.500000e+00 1.270600e+01
    endloop
  endfacet
  facet normal 0.000000e+00 0.000000e+00 1.000000e+00
    outer loop
      vertex   -2.500000e+00 2.500000e+00 1.270600e+01
      vertex   -1.297717e+01 7.701282e-01 1.270600e+01
      vertex   -1.299429e+01 3.852333e-01 1.270600e+01
    endloop
  endfacet
  facet normal 0.000000e+00 0.000000e+00 1.000000e+00
    outer loop
      vertex   -2.500000e+00 2.500000e+00 1.270600e+01
      vertex   -1.299429e+01 3.852333e-01 1.270600e+01
      vertex   -1.300000e+01 -1.592041e-15 1.270600e+01
    endloop
  endfacet
  facet normal 0.000000e+00 0.000000e+00 1.000000e+00
    outer loop
      vertex   -1.297717e+01 -7.701282e-01 1.270600e+01
      vertex   -1.294865e+01 -1.154347e+00 1.270600e+01
      vertex   -2.500000e+00 -2.500000e+00 1.270600e+01
    endloop
  endfacet
  facet normal 0.000000e+00 0.000000e+00 1.000000e+00
    outer loop
      vertex   -2.500000e+00 -2.500000e+00 1.270600e+01
      vertex   -1.294865e+01 -1.154347e+00 1.270600e+01
      vertex   -1.290875e+01 -1.537551e+00 1.270600e+01
    endloop
  endfacet
  facet normal 0.000000e+00 0.000000e+00 1.000000e+00
    outer loop
      vertex   -2.500000e+00 -2.500000e+00 1.270600e+01
      vertex   -1.290875e+01 -1.537551e+00 1.270600e+01
      vertex   -1.285752e+01 -1.919405e+00 1.270600e+01
    endloop
  endfacet
  facet normal 0.000000e+00 0.000000e+00 1.000000e+00
    outer loop
      vertex   -1.285752e+01 -1.919405e+00 1.270600e+01
      vertex   -1.279500e+01 -2.299574e+00 1.270600e+01
      vertex   -2.500000e+00 -2.500000e+00 1.270600e+01
    endloop
  endfacet
  facet normal 0.000000e+00 0.000000e+00 1.000000e+00
    outer loop
      vertex   -2.500000e+00 -2.500000e+00 1.270600e+01
      vertex   -1.279500e+01 -2.299574e+00 1.270600e+01
      vertex   -1.272123e+01 -2.677722e+00 1.270600e+01
    endloop
  endfacet
  facet normal 0.000000e+00 0.000000e+00 1.000000e+00
    outer loop
      vertex   -2.500000e+00 -2.500000e+00 1.270600e+01
      vertex   -1.272123e+01 -2.677722e+00 1.270600e+01
      vertex   -1.263630e+01 -3.053519e+00 1.270600e+01
    endloop
  endfacet
  facet normal -0.000000e+00 0.000000e+00 1.000000e+00
    outer loop
      vertex   -1.263630e+01 -3.053519e+00 1.270600e+01
      vertex   -1.254026e+01 -3.426633e+00 1.270600e+01
      vertex   -2.500000e+00 -2.500000e+00 1.270600e+01
    endloop
  endfacet
  facet normal 0.000000e+00 0.000000e+00 1.000000e+00
    outer loop
      vertex   -2.500000e+00 -2.500000e+00 1.270600e+01
      vertex   -1.254026e+01 -3.426633e+00 1.270600e+01
      vertex   -1.243321e+01 -3.796738e+00 1.270600e+01
    endloop
  endfacet
  facet normal 0.000000e+00 0.000000e+00 1.000000e+00
    outer loop
      vertex   -2.500000e+00 -2.500000e+00 1.270600e+01
      vertex   -1.243321e+01 -3.796738e+00 1.270600e+01
      vertex   -1.231524e+01 -4.163508e+00 1.270600e+01
    endloop
  endfacet
  facet normal -0.000000e+00 0.000000e+00 1.000000e+00
    outer loop
      vertex   -1.231524e+01 -4.163508e+00 1.270600e+01
      vertex   -1.218646e+01 -4.526621e+00 1.270600e+01
      vertex   -2.500000e+00 -2.500000e+00 1.270600e+01
    endloop
  endfacet
  facet normal 0.000000e+00 0.000000e+00 1.000000e+00
    outer loop
      vertex   -2.500000e+00 -2.500000e+00 1.270600e+01
      vertex   -1.218646e+01 -4.526621e+00 1.270600e+01
      vertex   -1.204696e+01 -4.885759e+00 1.270600e+01
    endloop
  endfacet
  facet normal 0.000000e+00 0.000000e+00 1.000000e+00
    outer loop
      vertex   -2.500000e+00 -2.500000e+00 1.270600e+01
      vertex   -1.204696e+01 -4.885759e+00 1.270600e+01
      vertex   -1.189689e+01 -5.240605e+00 1.270600e+01
    endloop
  endfacet
  facet normal -0.000000e+00 0.000000e+00 1.000000e+00
    outer loop
      vertex   -1.189689e+01 -5.240605e+00 1.270600e+01
      vertex   -1.173637e+01 -5.590848e+00 1.270600e+01
      vertex   -2.500000e+00 -2.500000e+00 1.270600e+01
    endloop
  endfacet
  facet normal 0.000000e+00 0.000000e+00 1.000000e+00
    outer loop
      vertex   -2.500000e+00 -2.500000e+00 1.270600e+01
      vertex   -1.173637e+01 -5.590848e+00 1.270600e+01
      vertex   -1.156554e+01 -5.936180e+00 1.270600e+01
    endloop
  endfacet
  facet normal 0.000000e+00 0.000000e+00 1.000000e+00
    outer loop
      vertex   -2.500000e+00 -2.500000e+00 1.270600e+01
      vertex   -1.156554e+01 -5.936180e+00 1.270600e+01
      vertex   -1.138455e+01 -6.276299e+00 1.270600e+01
    endloop
  endfacet
  facet normal -0.000000e+00 0.000000e+00 1.000000e+00
    outer loop
      vertex   -1.138455e+01 -6.276299e+00 1.270600e+01
      vertex   -1.119357e+01 -6.610905e+00 1.270600e+01
      vertex   -2.500000e+00 -2.500000e+00 1.270600e+01
    endloop
  endfacet
  facet normal 0.000000e+00 0.000000e+00 1.000000e+00
    outer loop
      vertex   -2.500000e+00 -2.500000e+00 1.270600e+01
      vertex   -1.119357e+01 -6.610905e+00 1.270600e+01
      vertex   -1.099275e+01 -6.939704e+00 1.270600e+01
    endloop
  endfacet
  facet normal 0.000000e+00 0.000000e+00 1.000000e+00
    outer loop
      vertex   -2.500000e+00 -2.500000e+00 1.270600e+01
      vertex   -1.099275e+01 -6.939704e+00 1.270600e+01
      vertex   -1.078227e+01 -7.262408e+00 1.270600e+01
    endloop
  endfacet
  facet normal -0.000000e+00 0.000000e+00 1.000000e+00
    outer loop
      vertex   -1.078227e+01 -7.262408e+00 1.270600e+01
      vertex   -1.056233e+01 -7.578733e+00 1.270600e+01
      vertex   -2.500000e+00 -2.500000e+00 1.270600e+01
    endloop
  endfacet
  facet normal 0.000000e+00 0.000000e+00 1.000000e+00
    outer loop
      vertex   -2.500000e+00 -2.500000e+00 1.270600e+01
      vertex   -1.056233e+01 -7.578733e+00 1.270600e+01
      vertex   -1.033311e+01 -7.888402e+00 1.270600e+01
    endloop
  endfacet
  facet normal 0.000000e+00 0.000000e+00 1.000000e+00
    outer loop
      vertex   -2.500000e+00 -2.500000e+00 1.270600e+01
      vertex   -1.033311e+01 -7.888402e+00 1.270600e+01
      vertex   -1.009481e+01 -8.191142e+00 1.270600e+01
    endloop
  endfacet
  facet normal -0.000000e+00 0.000000e+00 1.000000e+00
    outer loop
      vertex   -1.009481e+01 -8.191142e+00 1.270600e+01
      vertex   -9.847646e+00 -8.486688e+00 1.270600e+01
      vertex   -2.500000e+00 -2.500000e+00 1.270600e+01
    endloop
  endfacet
  facet normal 0.000000e+00 0.000000e+00 1.000000e+00
    outer loop
      vertex   -2.500000e+00 -2.500000e+00 1.270600e+01
      vertex   -9.847646e+00 -8.486688e+00 1.270600e+01
      vertex   -9.591833e+00 -8.774779e+00 1.270600e+01
    endloop
  endfacet
  facet normal 0.000000e+00 0.000000e+00 1.000000e+00
    outer loop
      vertex   -2.500000e+00 -2.500000e+00 1.270600e+01
      vertex   -9.591833e+00 -8.774779e+00 1.270600e+01
      vertex   -9.327594e+00 -9.055163e+00 1.270600e+01
    endloop
  endfacet
  facet normal -0.000000e+00 0.000000e+00 1.000000e+00
    outer loop
      vertex   -9.327594e+00 -9.055163e+00 1.270600e+01
      vertex   -9.055163e+00 -9.327594e+00 1.270600e+01
      vertex   -2.500000e+00 -2.500000e+00 1.270600e+01
    endloop
  endfacet
  facet normal 0.000000e+00 0.000000e+00 1.000000e+00
    outer loop
      vertex   -2.500000e+00 -2.500000e+00 1.270600e+01
      vertex   -9.055163e+00 -9.327594e+00 1.270600e+01
      vertex   -8.774779e+00 -9.591833e+00 1.270600e+01
    endloop
  endfacet
  facet normal 0.000000e+00 0.000000e+00 1.000000e+00
    outer loop
      vertex   -2.500000e+00 -2.500000e+00 1.270600e+01
      vertex   -8.774779e+00 -9.591833e+00 1.270600e+01
      vertex   -8.486688e+00 -9.847646e+00 1.270600e+01
    endloop
  endfacet
  facet normal -0.000000e+00 0.000000e+00 1.000000e+00
    outer loop
      vertex   -8.486688e+00 -9.847646e+00 1.270600e+01
      vertex   -8.191142e+00 -1.009481e+01 1.270600e+01
      vertex   -2.500000e+00 -2.500000e+00 1.270600e+01
    endloop
  endfacet
  facet normal 0.000000e+00 0.000000e+00 1.000000e+00
    outer loop
      vertex   -2.500000e+00 -2.500000e+00 1.270600e+01
      vertex   -8.191142e+00 -1.009481e+01 1.270600e+01
      vertex   -7.888402e+00 -1.033311e+01 1.270600e+01
    endloop
  endfacet
  facet normal 0.000000e+00 0.000000e+00 1.000000e+00
    outer loop
      vertex   -2.500000e+00 -2.500000e+00 1.270600e+01
      vertex   -7.888402e+00 -1.033311e+01 1.270600e+01
      vertex   -7.578733e+00 -1.056233e+01 1.270600e+01
    endloop
  endfacet
  facet normal -0.000000e+00 0.000000e+00 1.000000e+00
    outer loop
      vertex   -7.578733e+00 -1.056233e+01 1.270600e+01
      vertex   -7.262408e+00 -1.078227e+01 1.270600e+01
      vertex   -2.500000e+00 -2.500000e+00 1.270600e+01
    endloop
  endfacet
  facet normal 0.000000e+00 0.000000e+00 1.000000e+00
    outer loop
      vertex   -2.500000e+00 -2.500000e+00 1.270600e+01
      vertex   -7.262408e+00 -1.078227e+01 1.270600e+01
      vertex   -6.939704e+00 -1.099275e+01 1.270600e+01
    endloop
  endfacet
  facet normal 0.000000e+00 0.000000e+00 1.000000e+00
    outer loop
      vertex   -2.500000e+00 -2.500000e+00 1.270600e+01
      vertex   -6.939704e+00 -1.099275e+01 1.270600e+01
      vertex   -6.610905e+00 -1.119357e+01 1.270600e+01
    endloop
  endfacet
  facet normal -0.000000e+00 0.000000e+00 1.000000e+00
    outer loop
      vertex   -6.610905e+00 -1.119357e+01 1.270600e+01
      vertex   -6.276299e+00 -1.138455e+01 1.270600e+01
      vertex   -2.500000e+00 -2.500000e+00 1.270600e+01
    endloop
  endfacet
  facet normal 0.000000e+00 0.000000e+00 1.000000e+00
    outer loop
      vertex   -2.500000e+00 -2.500000e+00 1.270600e+01
      vertex   -6.276299e+00 -1.138455e+01 1.270600e+01
      vertex   -5.936180e+00 -1.156554e+01 1.270600e+01
    endloop
  endfacet
  facet normal 0.000000e+00 0.000000e+00 1.000000e+00
    outer loop
      vertex   -2.500000e+00 -2.500000e+00 1.270600e+01
      vertex   -5.936180e+00 -1.156554e+01 1.270600e+01
      vertex   -5.590848e+00 -1.173637e+01 1.270600e+01
    endloop
  endfacet
  facet normal -0.000000e+00 0.000000e+00 1.000000e+00
    outer loop
      vertex   -5.590848e+00 -1.173637e+01 1.270600e+01
      vertex   -5.240605e+00 -1.189689e+01 1.270600e+01
      vertex   -2.500000e+00 -2.500000e+00 1.270600e+01
    endloop
  endfacet
  facet normal 0.000000e+00 0.000000e+00 1.000000e+00
    outer loop
      vertex   -2.500000e+00 -2.500000e+00 1.270600e+01
      vertex   -5.240605e+00 -1.189689e+01 1.270600e+01
      vertex   -4.885759e+00 -1.204696e+01 1.270600e+01
    endloop
  endfacet
  facet normal 0.000000e+00 0.000000e+00 1.000000e+00
    outer loop
      vertex   -2.500000e+00 -2.500000e+00 1.270600e+01
      vertex   -4.885759e+00 -1.204696e+01 1.270600e+01
      vertex   -4.526621e+00 -1.218646e+01 1.270600e+01
    endloop
  endfacet
  facet normal -0.000000e+00 0.000000e+00 1.000000e+00
    outer loop
      vertex   -4.526621e+00 -1.218646e+01 1.270600e+01
      vertex   -4.163508e+00 -1.231524e+01 1.270600e+01
      vertex   -2.500000e+00 -2.500000e+00 1.270600e+01
    endloop
  endfacet
  facet normal 0.000000e+00 0.000000e+00 1.000000e+00
    outer loop
      vertex   -2.500000e+00 -2.500000e+00 1.270600e+01
      vertex   -4.163508e+00 -1.231524e+01 1.270600e+01
      vertex   -3.796738e+00 -1.243321e+01 1.270600e+01
    endloop
  endfacet
  facet normal 0.000000e+00 0.000000e+00 1.000000e+00
    outer loop
      vertex   -2.500000e+00 -2.500000e+00 1.270600e+01
      vertex   -3.796738e+00 -1.243321e+01 1.270600e+01
      vertex   -3.426633e+00 -1.254026e+01 1.270600e+01
    endloop
  endfacet
  facet normal -0.000000e+00 0.000000e+00 1.000000e+00
    outer loop
      vertex   -3.426633e+00 -1.254026e+01 1.270600e+01
      vertex   -3.053519e+00 -1.263630e+01 1.270600e+01
      vertex   -2.500000e+00 -2.500000e+00 1.270600e+01
    endloop
  endfacet
  facet normal 0.000000e+00 0.000000e+00 1.000000e+00
    outer loop
      vertex   -2.500000e+00 -2.500000e+00 1.270600e+01
      vertex   -3.053519e+00 -1.263630e+01 1.270600e+01
      vertex   -2.677722e+00 -1.272123e+01 1.270600e+01
    endloop
  endfacet
  facet normal 0.000000e+00 0.000000e+00 1.000000e+00
    outer loop
      vertex   -2.500000e+00 -2.500000e+00 1.270600e+01
      vertex   -2.677722e+00 -1.272123e+01 1.270600e+01
      vertex   -2.299574e+00 -1.279500e+01 1.270600e+01
    endloop
  endfacet
  facet normal -0.000000e+00 -0.000000e+00 1.000000e+00
    outer loop
      vertex   -2.299574e+00 -1.279500e+01 1.270600e+01
      vertex   -1.919405e+00 -1.285752e+01 1.270600e+01
      vertex   -2.500000e+00 -2.500000e+00 1.270600e+01
    endloop
  endfacet
  facet normal 0.000000e+00 0.000000e+00 1.000000e+00
    outer loop
      vertex   -2.500000e+00 -2.500000e+00 1.270600e+01
      vertex   -1.919405e+00 -1.285752e+01 1.270600e+01
      vertex   -1.537551e+00 -1.290875e+01 1.270600e+01
    endloop
  endfacet
  facet normal 0.000000e+00 0.000000e+00 1.000000e+00
    outer loop
      vertex   -2.500000e+00 -2.500000e+00 1.270600e+01
      vertex   -1.537551e+00 -1.290875e+01 1.270600e+01
      vertex   -1.154347e+00 -1.294865e+01 1.270600e+01
    endloop
  endfacet
  facet normal -0.000000e+00 -0.000000e+00 1.000000e+00
    outer loop
      vertex   -1.154347e+00 -1.294865e+01 1.270600e+01
      vertex   -7.701282e-01 -1.297717e+01 1.270600e+01
      vertex   -2.500000e+00 -2.500000e+00 1.270600e+01
    endloop
  endfacet
  facet normal 0.000000e+00 0.000000e+00 1.000000e+00
    outer loop
      vertex   -2.500000e+00 -2.500000e+00 1.270600e+01
      vertex   -7.701282e-01 -1.297717e+01 1.270600e+01
      vertex   -3.852333e-01 -1.299429e+01 1.270600e+01
    endloop
  endfacet
  facet normal 0.000000e+00 0.000000e+00 1.000000e+00
    outer loop
      vertex   -2.500000e+00 -2.500000e+00 1.270600e+01
      vertex   -3.852333e-01 -1.299429e+01 1.270600e+01
      vertex   7.960204e-16 -1.300000e+01 1.270600e+01
    endloop
  endfacet
  facet normal 0.000000e+00 0.000000e+00 1.000000e+00
    outer loop
      vertex   7.701282e-01 -1.297717e+01 1.270600e+01
      vertex   1.154347e+00 -1.294865e+01 1.270600e+01
      vertex   2.500000e+00 -2.500000e+00 1.270600e+01
    endloop
  endfacet
  facet normal 0.000000e+00 0.000000e+00 1.000000e+00
    outer loop
      vertex   2.500000e+00 -2.500000e+00 1.270600e+01
      vertex   1.154347e+00 -1.294865e+01 1.270600e+01
      vertex   1.537551e+00 -1.290875e+01 1.270600e+01
    endloop
  endfacet
  facet normal 0.000000e+00 0.000000e+00 1.000000e+00
    outer loop
      vertex   2.500000e+00 -2.500000e+00 1.270600e+01
      vertex   1.537551e+00 -1.290875e+01 1.270600e+01
      vertex   1.919405e+00 -1.285752e+01 1.270600e+01
    endloop
  endfacet
  facet normal 0.000000e+00 0.000000e+00 1.000000e+00
    outer loop
      vertex   1.919405e+00 -1.285752e+01 1.270600e+01
      vertex   2.299574e+00 -1.279500e+01 1.270600e+01
      vertex   2.500000e+00 -2.500000e+00 1.270600e+01
    endloop
  endfacet
  facet normal 0.000000e+00 0.000000e+00 1.000000e+00
    outer loop
      vertex   2.500000e+00 -2.500000e+00 1.270600e+01
      vertex   2.299574e+00 -1.279500e+01 1.270600e+01
      vertex   2.677722e+00 -1.272123e+01 1.270600e+01
    endloop
  endfacet
  facet normal 0.000000e+00 0.000000e+00 1.000000e+00
    outer loop
      vertex   2.500000e+00 -2.500000e+00 1.270600e+01
      vertex   2.677722e+00 -1.272123e+01 1.270600e+01
      vertex   3.053519e+00 -1.263630e+01 1.270600e+01
    endloop
  endfacet
  facet normal 0.000000e+00 -0.000000e+00 1.000000e+00
    outer loop
      vertex   3.053519e+00 -1.263630e+01 1.270600e+01
      vertex   3.426633e+00 -1.254026e+01 1.270600e+01
      vertex   2.500000e+00 -2.500000e+00 1.270600e+01
    endloop
  endfacet
  facet normal 0.000000e+00 0.000000e+00 1.000000e+00
    outer loop
      vertex   2.500000e+00 -2.500000e+00 1.270600e+01
      vertex   3.426633e+00 -1.254026e+01 1.270600e+01
      vertex   3.796738e+00 -1.243321e+01 1.270600e+01
    endloop
  endfacet
  facet normal 0.000000e+00 0.000000e+00 1.000000e+00
    outer loop
      vertex   2.500000e+00 -2.500000e+00 1.270600e+01
      vertex   3.796738e+00 -1.243321e+01 1.270600e+01
      vertex   4.163508e+00 -1.231524e+01 1.270600e+01
    endloop
  endfacet
  facet normal 0.000000e+00 -0.000000e+00 1.000000e+00
    outer loop
      vertex   4.163508e+00 -1.231524e+01 1.270600e+01
      vertex   4.526621e+00 -1.218646e+01 1.270600e+01
      vertex   2.500000e+00 -2.500000e+00 1.270600e+01
    endloop
  endfacet
  facet normal 0.000000e+00 0.000000e+00 1.000000e+00
    outer loop
      vertex   2.500000e+00 -2.500000e+00 1.270600e+01
      vertex   4.526621e+00 -1.218646e+01 1.270600e+01
      vertex   4.885759e+00 -1.204696e+01 1.270600e+01
    endloop
  endfacet
  facet normal 0.000000e+00 0.000000e+00 1.000000e+00
    outer loop
      vertex   2.500000e+00 -2.500000e+00 1.270600e+01
      vertex   4.885759e+00 -1.204696e+01 1.270600e+01
      vertex   5.240605e+00 -1.189689e+01 1.270600e+01
    endloop
  endfacet
  facet normal 0.000000e+00 -0.000000e+00 1.000000e+00
    outer loop
      vertex   5.240605e+00 -1.189689e+01 1.270600e+01
      vertex   5.590848e+00 -1.173637e+01 1.270600e+01
      vertex   2.500000e+00 -2.500000e+00 1.270600e+01
    endloop
  endfacet
  facet normal 0.000000e+00 0.000000e+00 1.000000e+00
    outer loop
      vertex   2.500000e+00 -2.500000e+00 1.270600e+01
      vertex   5.590848e+00 -1.173637e+01 1.270600e+01
      vertex   5.936180e+00 -1.156554e+01 1.270600e+01
    endloop
  endfacet
  facet normal 0.000000e+00 0.000000e+00 1.000000e+00
    outer loop
      vertex   2.500000e+00 -2.500000e+00 1.270600e+01
      vertex   5.936180e+00 -1.156554e+01 1.270600e+01
      vertex   6.276299e+00 -1.138455e+01 1.270600e+01
    endloop
  endfacet
  facet normal 0.000000e+00 -0.000000e+00 1.000000e+00
    outer loop
      vertex   6.276299e+00 -1.138455e+01 1.270600e+01
      vertex   6.610905e+00 -1.119357e+01 1.270600e+01
      vertex   2.500000e+00 -2.500000e+00 1.270600e+01
    endloop
  endfacet
  facet normal 0.000000e+00 0.000000e+00 1.000000e+00
    outer loop
      vertex   2.500000e+00 -2.500000e+00 1.270600e+01
      vertex   6.610905e+00 -1.119357e+01 1.270600e+01
      vertex   6.939704e+00 -1.099275e+01 1.270600e+01
    endloop
  endfacet
  facet normal 0.000000e+00 0.000000e+00 1.000000e+00
    outer loop
      vertex   2.500000e+00 -2.500000e+00 1.270600e+01
      vertex   6.939704e+00 -1.099275e+01 1.270600e+01
      vertex   7.262408e+00 -1.078227e+01 1.270600e+01
    endloop
  endfacet
  facet normal 0.000000e+00 -0.000000e+00 1.000000e+00
    outer loop
      vertex   7.262408e+00 -1.078227e+01 1.270600e+01
      vertex   7.578733e+00 -1.056233e+01 1.270600e+01
      vertex   2.500000e+00 -2.500000e+00 1.270600e+01
    endloop
  endfacet
  facet normal 0.000000e+00 0.000000e+00 1.000000e+00
    outer loop
      vertex   2.500000e+00 -2.500000e+00 1.270600e+01
      vertex   7.578733e+00 -1.056233e+01 1.270600e+01
      vertex   7.888402e+00 -1.033311e+01 1.270600e+01
    endloop
  endfacet
  facet normal 0.000000e+00 0.000000e+00 1.000000e+00
    outer loop
      vertex   2.500000e+00 -2.500000e+00 1.270600e+01
      vertex   7.888402e+00 -1.033311e+01 1.270600e+01
      vertex   8.191142e+00 -1.009481e+01 1.270600e+01
    endloop
  endfacet
  facet normal 0.000000e+00 -0.000000e+00 1.000000e+00
    outer loop
      vertex   8.191142e+00 -1.009481e+01 1.270600e+01
      vertex   8.486688e+00 -9.847646e+00 1.270600e+01
      vertex   2.500000e+00 -2.500000e+00 1.270600e+01
    endloop
  endfacet
  facet normal 0.000000e+00 0.000000e+00 1.000000e+00
    outer loop
      vertex   2.500000e+00 -2.500000e+00 1.270600e+01
      vertex   8.486688e+00 -9.847646e+00 1.270600e+01
      vertex   8.774779e+00 -9.591833e+00 1.270600e+01
    endloop
  endfacet
  facet normal 0.000000e+00 0.000000e+00 1.000000e+00
    outer loop
      vertex   2.500000e+00 -2.500000e+00 1.270600e+01
      vertex   8.774779e+00 -9.591833e+00 1.270600e+01
      vertex   9.055163e+00 -9.327594e+00 1.270600e+01
    endloop
  endfacet
  facet normal 0.000000e+00 -0.000000e+00 1.000000e+00
    outer loop
      vertex   9.055163e+00 -9.327594e+00 1.270600e+01
      vertex   9.327594e+00 -9.055163e+00 1.270600e+01
      vertex   2.500000e+00 -2.500000e+00 1.270600e+01
    endloop
  endfacet
  facet normal 0.000000e+00 0.000000e+00 1.000000e+00
    outer loop
      vertex   2.500000e+00 -2.500000e+00 1.270600e+01
      vertex   9.327594e+00 -9.055163e+00 1.270600e+01
      vertex   9.591833e+00 -8.774779e+00 1.270600e+01
    endloop
  endfacet
  facet normal 0.000000e+00 0.000000e+00 1.000000e+00
    outer loop
      vertex   2.500000e+00 -2.500000e+00 1.270600e+01
      vertex   9.591833e+00 -8.774779e+00 1.270600e+01
      vertex   9.847646e+00 -8.486688e+00 1.270600e+01
    endloop
  endfacet
  facet normal 0.000000e+00 -0.000000e+00 1.000000e+00
    outer loop
      vertex   9.847646e+00 -8.486688e+00 1.270600e+01
      vertex   1.009481e+01 -8.191142e+00 1.270600e+01
      vertex   2.500000e+00 -2.500000e+00 1.270600e+01
    endloop
  endfacet
  facet normal 0.000000e+00 0.000000e+00 1.000000e+00
    outer loop
      vertex   2.500000e+00 -2.500000e+00 1.270600e+01
      vertex   1.009481e+01 -8.191142e+00 1.270600e+01
      vertex   1.033311e+01 -7.888402e+00 1.270600e+01
    endloop
  endfacet
  facet normal 0.000000e+00 0.000000e+00 1.000000e+00
    outer loop
      vertex   2.500000e+00 -2.500000e+00 1.270600e+01
      vertex   1.033311e+01 -7.888402e+00 1.270600e+01
      vertex   1.056233e+01 -7.578733e+00 1.270600e+01
    endloop
  endfacet
  facet normal 0.000000e+00 -0.000000e+00 1.000000e+00
    outer loop
      vertex   1.056233e+01 -7.578733e+00 1.270600e+01
      vertex   1.078227e+01 -7.262408e+00 1.270600e+01
      vertex   2.500000e+00 -2.500000e+00 1.270600e+01
    endloop
  endfacet
  facet normal 0.000000e+00 0.000000e+00 1.000000e+00
    outer loop
      vertex   2.500000e+00 -2.500000e+00 1.270600e+01
      vertex   1.078227e+01 -7.262408e+00 1.270600e+01
      vertex   1.099275e+01 -6.939704e+00 1.270600e+01
    endloop
  endfacet
  facet normal 0.000000e+00 0.000000e+00 1.000000e+00
    outer loop
      vertex   2.500000e+00 -2.500000e+00 1.270600e+01
      vertex   1.099275e+01 -6.939704e+00 1.270600e+01
      vertex   1.119357e+01 -6.610905e+00 1.270600e+01
    endloop
  endfacet
  facet normal 0.000000e+00 -0.000000e+00 1.000000e+00
    outer loop
      vertex   1.119357e+01 -6.610905e+00 1.270600e+01
      vertex   1.138455e+01 -6.276299e+00 1.270600e+01
      vertex   2.500000e+00 -2.500000e+00 1.270600e+01
    endloop
  endfacet
  facet normal 0.000000e+00 0.000000e+00 1.000000e+00
    outer loop
      vertex   2.500000e+00 -2.500000e+00 1.270600e+01
      vertex   1.138455e+01 -6.276299e+00 1.270600e+01
      vertex   1.156554e+01 -5.936180e+00 1.270600e+01
    endloop
  endfacet
  facet normal 0.000000e+00 0.000000e+00 1.000000e+00
    outer loop
      vertex   2.500000e+00 -2.500000e+00 1.270600e+01
      vertex   1.156554e+01 -5.936180e+00 1.270600e+01
      vertex   1.173637e+01 -5.590848e+00 1.270600e+01
    endloop
  endfacet
  facet normal 0.000000e+00 -0.000000e+00 1.000000e+00
    outer loop
      vertex   1.173637e+01 -5.590848e+00 1.270600e+01
      vertex   1.189689e+01 -5.240605e+00 1.270600e+01
      vertex   2.500000e+00 -2.500000e+00 1.270600e+01
    endloop
  endfacet
  facet normal 0.000000e+00 0.000000e+00 1.000000e+00
    outer loop
      vertex   2.500000e+00 -2.500000e+00 1.270600e+01
      vertex   1.189689e+01 -5.240605e+00 1.270600e+01
      vertex   1.204696e+01 -4.885759e+00 1.270600e+01
    endloop
  endfacet
  facet normal 0.000000e+00 0.000000e+00 1.000000e+00
    outer loop
      vertex   2.500000e+00 -2.500000e+00 1.270600e+01
      vertex   1.204696e+01 -4.885759e+00 1.270600e+01
      vertex   1.218646e+01 -4.526621e+00 1.270600e+01
    endloop
  endfacet
  facet normal 0.000000e+00 -0.000000e+00 1.000000e+00
    outer loop
      vertex   1.218646e+01 -4.526621e+00 1.270600e+01
      vertex   1.231524e+01 -4.163508e+00 1.270600e+01
      vertex   2.500000e+00 -2.500000e+00 1.270600e+01
    endloop
  endfacet
  facet normal 0.000000e+00 0.000000e+00 1.000000e+00
    outer loop
      vertex   2.500000e+00 -2.500000e+00 1.270600e+01
      vertex   1.231524e+01 -4.163508e+00 1.270600e+01
      vertex   1.243321e+01 -3.796738e+00 1.270600e+01
    endloop
  endfacet
  facet normal 0.000000e+00 0.000000e+00 1.000000e+00
    outer loop
      vertex   2.500000e+00 -2.500000e+00 1.270600e+01
      vertex   1.243321e+01 -3.796738e+00 1.270600e+01
      vertex   1.254026e+01 -3.426633e+00 1.270600e+01
    endloop
  endfacet
  facet normal 0.000000e+00 -0.000000e+00 1.000000e+00
    outer loop
      vertex   1.254026e+01 -3.426633e+00 1.270600e+01
      vertex   1.263630e+01 -3.053519e+00 1.270600e+01
      vertex   2.500000e+00 -2.500000e+00 1.270600e+01
    endloop
  endfacet
  facet normal 0.000000e+00 0.000000e+00 1.000000e+00
    outer loop
      vertex   2.500000e+00 -2.500000e+00 1.270600e+01
      vertex   1.263630e+01 -3.053519e+00 1.270600e+01
      vertex   1.272123e+01 -2.677722e+00 1.270600e+01
    endloop
  endfacet
  facet normal -0.000000e+00 0.000000e+00 1.000000e+00
    outer loop
      vertex   2.500000e+00 -2.500000e+00 1.270600e+01
      vertex   1.272123e+01 -2.677722e+00 1.270600e+01
      vertex   1.279500e+01 -2.299574e+00 1.270600e+01
    endloop
  endfacet
  facet normal 0.000000e+00 -0.000000e+00 1.000000e+00
    outer loop
      vertex   1.279500e+01 -2.299574e+00 1.270600e+01
      vertex   1.285752e+01 -1.919405e+00 1.270600e+01
      vertex   2.500000e+00 -2.500000e+00 1.270600e+01
    endloop
  endfacet
  facet normal 0.000000e+00 0.000000e+00 1.000000e+00
    outer loop
      vertex   2.500000e+00 -2.500000e+00 1.270600e+01
      vertex   1.285752e+01 -1.919405e+00 1.270600e+01
      vertex   1.290875e+01 -1.537551e+00 1.270600e+01
    endloop
  endfacet
  facet normal 0.000000e+00 0.000000e+00 1.000000e+00
    outer loop
      vertex   2.500000e+00 -2.500000e+00 1.270600e+01
      vertex   1.290875e+01 -1.537551e+00 1.270600e+01
      vertex   1.294865e+01 -1.154347e+00 1.270600e+01
    endloop
  endfacet
  facet normal 0.000000e+00 -0.000000e+00 1.000000e+00
    outer loop
      vertex   1.294865e+01 -1.154347e+00 1.270600e+01
      vertex   1.297717e+01 -7.701282e-01 1.270600e+01
      vertex   2.500000e+00 -2.500000e+00 1.270600e+01
    endloop
  endfacet
  facet normal 0.000000e+00 0.000000e+00 1.000000e+00
    outer loop
      vertex   2.500000e+00 -2.500000e+00 1.270600e+01
      vertex   1.297717e+01 -7.701282e-01 1.270600e+01
      vertex   1.299429e+01 -3.852333e-01 1.270600e+01
    endloop
  endfacet
  facet normal 0.000000e+00 0.000000e+00 1.000000e+00
    outer loop
      vertex   2.500000e+00 -2.500000e+00 1.270600e+01
      vertex   1.299429e+01 -3.852333e-01 1.270600e+01
      vertex   1.300000e+01 0.000000e+00 1.270600e+01
    endloop
  endfacet
  facet normal 1.000000e+00 -0.000000e+00 0.000000e+00
    outer loop
      vertex   -2.500000e+00 -2.500000e+00 1.270600e+01
      vertex   -2.500000e+00 -2.500000e+00 2.206000e+00
      vertex   -2.500000e+00 2.500000e+00 1.270600e+01
    endloop
  endfacet
  facet normal 1.000000e+00 0.000000e+00 0.000000e+00
    outer loop
      vertex   -2.500000e+00 2.500000e+00 1.270600e+01
      vertex   -2.500000e+00 -2.500000e+00 2.206000e+00
      vertex   -2.500000e+00 2.500000e+00 2.206000e+00
    endloop
  endfacet
  facet normal 0.000000e+00 1.000000e+00 0.000000e+00
    outer loop
      vertex   2.500000e+00 -2.500000e+00 1.270600e+01
      vertex   2.500000e+00 -2.500000e+00 2.206000e+00
      vertex   -2.500000e+00 -2.500000e+00 1.270600e+01
    endloop
  endfacet
  facet normal 0.000000e+00 1.000000e+00 0.000000e+00
    outer loop
      vertex   -2.500000e+00 -2.500000e+00 1.270600e+01
      vertex   2.500000e+00 -2.500000e+00 2.206000e+00
      vertex   -2.500000e+00 -2.500000e+00 2.206000e+00
    endloop
  endfacet
  facet normal 0.000000e+00 -1.000000e+00 0.000000e+00
    outer loop
      vertex   -2.500000e+00 2.500000e+00 1.270600e+01
      vertex   -2.500000e+00 2.500000e+00 2.206000e+00
      vertex   2.500000e+00 2.500000e+00 1.270600e+01
    endloop
  endfacet
  facet normal 0.000000e+00 -1.000000e+00 -0.000000e+00
    outer loop
      vertex   2.500000e+00 2.500000e+00 1.270600e+01
      vertex   -2.500000e+00 2.500000e+00 2.206000e+00
      vertex   2.500000e+00 2.500000e+00 2.206000e+00
    endloop
  endfacet
  facet normal -1.000000e+00 -0.000000e+00 -0.000000e+00
    outer loop
      vertex   2.500000e+00 2.500000e+00 1.270600e+01
      vertex   2.500000e+00 2.500000e+00 2.206000e+00
      vertex   2.500000e+00 -2.500000e+00 1.270600e+01
    endloop
  endfacet
  facet normal -1.000000e+00 0.000000e+00 0.000000e+00
    outer loop
      vertex   2.500000e+00 -2.500000e+00 1.270600e+01
      vertex   2.500000e+00 2.500000e+00 2.206000e+00
      vertex   2.500000e+00 -2.500000e+00 2.206000e+00
    endloop
  endfacet
  facet normal 0.000000e+00 0.000000e+00 1.000000e+00
    outer loop
      vertex   2.500000e+00 2.500000e+00 2.206000e+00
      vertex   -2.500000e+00 2.500000e+00 2.206000e+00
      vertex   2.500000e+00 -2.500000e+00 2.206000e+00
    endloop
  endfacet
  facet normal 0.000000e+00 0.000000e+00 1.000000e+00
    outer loop
      vertex   2.500000e+00 -2.500000e+00 2.206000e+00
      vertex   -2.500000e+00 2.500000e+00 2.206000e+00
      vertex   -2.500000e+00 -2.500000e+00 2.206000e+00
    endloop
  endfacet
  facet normal 9.998902e-01 -1.481829e-02 2.248639e-18
    outer loop
      vertex   1.299429e+01 -3.852333e-01 1.270600e+01
      vertex   1.299429e+01 -3.852333e-01 6.853000e+00
      vertex   1.300000e+01 0.000000e+00 1.270600e+01
    endloop
  endfacet
  facet normal 9.998902e-01 -1.481829e-02 0.000000e+00
    outer loop
      vertex   1.300000e+01 0.000000e+00 1.270600e+01
      vertex   1.299429e+01 -3.852333e-01 6.853000e+00
      vertex   1.300000e+01 0.000000e+00 6.853000e+00
    endloop
  endfacet
  facet normal 9.998902e-01 1.481829e-02 0.000000e+00
    outer loop
      vertex   1.300000e+01 0.000000e+00 1.270600e+01
      vertex   1.300000e+01 0.000000e+00 6.853000e+00
      vertex   1.299429e+01 3.852333e-01 1.270600e+01
    endloop
  endfacet
  facet normal 9.998902e-01 1.481829e-02 0.000000e+00
    outer loop
      vertex   1.299429e+01 3.852333e-01 1.270600e+01
      vertex   1.300000e+01 0.000000e+00 6.853000e+00
      vertex   1.299429e+01 3.852333e-01 6.853000e+00
    endloop
  endfacet
  facet normal 9.990120e-01 4.444186e-02 0.000000e+00
    outer loop
      vertex   1.299429e+01 3.852333e-01 1.270600e+01
      vertex   1.299429e+01 3.852333e-01 6.853000e+00
      vertex   1.297717e+01 7.701282e-01 1.270600e+01
    endloop
  endfacet
  facet normal 9.990120e-01 4.444186e-02 0.000000e+00
    outer loop
      vertex   1.297717e+01 7.701282e-01 1.270600e+01
      vertex   1.299429e+01 3.852333e-01 6.853000e+00
      vertex   1.297717e+01 7.701282e-01 6.853000e+00
    endloop
  endfacet
  facet normal 9.972563e-01 7.402639e-02 0.000000e+00
    outer loop
      vertex   1.297717e+01 7.701282e-01 1.270600e+01
      vertex   1.297717e+01 7.701282e-01 6.853000e+00
      vertex   1.294865e+01 1.154347e+00 1.270600e+01
    endloop
  endfacet
  facet normal 9.972563e-01 7.402639e-02 0.000000e+00
    outer loop
      vertex   1.294865e+01 1.154347e+00 1.270600e+01
      vertex   1.297717e+01 7.701282e-01 6.853000e+00
      vertex   1.294865e+01 1.154347e+00 6.853000e+00
    endloop
  endfacet
  facet normal 9.946247e-01 1.035459e-01 0.000000e+00
    outer loop
      vertex   1.294865e+01 1.154347e+00 1.270600e+01
      vertex   1.294865e+01 1.154347e+00 6.853000e+00
      vertex   1.290875e+01 1.537551e+00 1.270600e+01
    endloop
  endfacet
  facet normal 9.946247e-01 1.035459e-01 -1.021334e-16
    outer loop
      vertex   1.290875e+01 1.537551e+00 1.270600e+01
      vertex   1.294865e+01 1.154347e+00 6.853000e+00
      vertex   1.290875e+01 1.537551e+00 6.853000e+00
    endloop
  endfacet
  facet normal 9.911195e-01 1.329745e-01 -1.311606e-16
    outer loop
      vertex   1.290875e+01 1.537551e+00 1.270600e+01
      vertex   1.290875e+01 1.537551e+00 6.853000e+00
      vertex   1.285752e+01 1.919405e+00 1.270600e+01
    endloop
  endfacet
  facet normal 9.911195e-01 1.329745e-01 4.603500e-16
    outer loop
      vertex   1.285752e+01 1.919405e+00 1.270600e+01
      vertex   1.290875e+01 1.537551e+00 6.853000e+00
      vertex   1.285752e+01 1.919405e+00 6.853000e+00
    endloop
  endfacet
  facet normal 9.867437e-01 1.622862e-01 4.265580e-16
    outer loop
      vertex   1.285752e+01 1.919405e+00 1.270600e+01
      vertex   1.285752e+01 1.919405e+00 6.853000e+00
      vertex   1.279500e+01 2.299574e+00 1.270600e+01
    endloop
  endfacet
  facet normal 9.867437e-01 1.622862e-01 0.000000e+00
    outer loop
      vertex   1.279500e+01 2.299574e+00 1.270600e+01
      vertex   1.285752e+01 1.919405e+00 6.853000e+00
      vertex   1.279500e+01 2.299574e+00 6.853000e+00
    endloop
  endfacet
  facet normal 9.815013e-01 1.914555e-01 0.000000e+00
    outer loop
      vertex   1.279500e+01 2.299574e+00 1.270600e+01
      vertex   1.279500e+01 2.299574e+00 6.853000e+00
      vertex   1.272123e+01 2.677722e+00 1.270600e+01
    endloop
  endfacet
  facet normal 9.815013e-01 1.914555e-01 0.000000e+00
    outer loop
      vertex   1.272123e+01 2.677722e+00 1.270600e+01
      vertex   1.279500e+01 2.299574e+00 6.853000e+00
      vertex   1.272123e+01 2.677722e+00 6.853000e+00
    endloop
  endfacet
  facet normal 9.753968e-01 2.204565e-01 0.000000e+00
    outer loop
      vertex   1.272123e+01 2.677722e+00 1.270600e+01
      vertex   1.272123e+01 2.677722e+00 6.853000e+00
      vertex   1.263630e+01 3.053519e+00 1.270600e+01
    endloop
  endfacet
  facet normal 9.753968e-01 2.204565e-01 0.000000e+00
    outer loop
      vertex   1.263630e+01 3.053519e+00 1.270600e+01
      vertex   1.272123e+01 2.677722e+00 6.853000e+00
      vertex   1.263630e+01 3.053519e+00 6.853000e+00
    endloop
  endfacet
  facet normal 9.684356e-01 2.492640e-01 0.000000e+00
    outer loop
      vertex   1.263630e+01 3.053519e+00 1.270600e+01
      vertex   1.263630e+01 3.053519e+00 6.853000e+00
      vertex   1.254026e+01 3.426633e+00 1.270600e+01
    endloop
  endfacet
  facet normal 9.684356e-01 2.492640e-01 -2.939155e-16
    outer loop
      vertex   1.254026e+01 3.426633e+00 1.270600e+01
      vertex   1.263630e+01 3.053519e+00 6.853000e+00
      vertex   1.254026e+01 3.426633e+00 6.853000e+00
    endloop
  endfacet
  facet normal 9.606238e-01 2.778525e-01 -2.915446e-16
    outer loop
      vertex   1.254026e+01 3.426633e+00 1.270600e+01
      vertex   1.254026e+01 3.426633e+00 6.853000e+00
      vertex   1.243321e+01 3.796738e+00 1.270600e+01
    endloop
  endfacet
  facet normal 9.606238e-01 2.778525e-01 3.090269e-16
    outer loop
      vertex   1.243321e+01 3.796738e+00 1.270600e+01
      vertex   1.254026e+01 3.426633e+00 6.853000e+00
      vertex   1.243321e+01 3.796738e+00 6.853000e+00
    endloop
  endfacet
  facet normal 9.519682e-01 3.061969e-01 2.758152e-16
    outer loop
      vertex   1.243321e+01 3.796738e+00 1.270600e+01
      vertex   1.243321e+01 3.796738e+00 6.853000e+00
      vertex   1.231524e+01 4.163508e+00 1.270600e+01
    endloop
  endfacet
  facet normal 9.519682e-01 3.061969e-01 1.012988e-17
    outer loop
      vertex   1.231524e+01 4.163508e+00 1.270600e+01
      vertex   1.243321e+01 3.796738e+00 6.853000e+00
      vertex   1.231524e+01 4.163508e+00 6.853000e+00
    endloop
  endfacet
  facet normal 9.424765e-01 3.342724e-01 -1.831315e-17
    outer loop
      vertex   1.231524e+01 4.163508e+00 1.270600e+01
      vertex   1.231524e+01 4.163508e+00 6.853000e+00
      vertex   1.218646e+01 4.526621e+00 1.270600e+01
    endloop
  endfacet
  facet normal 9.424765e-01 3.342724e-01 0.000000e+00
    outer loop
      vertex   1.218646e+01 4.526621e+00 1.270600e+01
      vertex   1.231524e+01 4.163508e+00 6.853000e+00
      vertex   1.218646e+01 4.526621e+00 6.853000e+00
    endloop
  endfacet
  facet normal 9.321570e-01 3.620544e-01 0.000000e+00
    outer loop
      vertex   1.218646e+01 4.526621e+00 1.270600e+01
      vertex   1.218646e+01 4.526621e+00 6.853000e+00
      vertex   1.204696e+01 4.885759e+00 1.270600e+01
    endloop
  endfacet
  facet normal 9.321570e-01 3.620544e-01 0.000000e+00
    outer loop
      vertex   1.204696e+01 4.885759e+00 1.270600e+01
      vertex   1.218646e+01 4.526621e+00 6.853000e+00
      vertex   1.204696e+01 4.885759e+00 6.853000e+00
    endloop
  endfacet
  facet normal 9.210187e-01 3.895183e-01 0.000000e+00
    outer loop
      vertex   1.204696e+01 4.885759e+00 1.270600e+01
      vertex   1.204696e+01 4.885759e+00 6.853000e+00
      vertex   1.189689e+01 5.240605e+00 1.270600e+01
    endloop
  endfacet
  facet normal 9.210187e-01 3.895183e-01 -1.182169e-16
    outer loop
      vertex   1.189689e+01 5.240605e+00 1.270600e+01
      vertex   1.204696e+01 4.885759e+00 6.853000e+00
      vertex   1.189689e+01 5.240605e+00 6.853000e+00
    endloop
  endfacet
  facet normal 9.090715e-01 4.166401e-01 -1.264482e-16
    outer loop
      vertex   1.189689e+01 5.240605e+00 1.270600e+01
      vertex   1.189689e+01 5.240605e+00 6.853000e+00
      vertex   1.173637e+01 5.590848e+00 1.270600e+01
    endloop
  endfacet
  facet normal 9.090715e-01 4.166401e-01 0.000000e+00
    outer loop
      vertex   1.173637e+01 5.590848e+00 1.270600e+01
      vertex   1.189689e+01 5.240605e+00 6.853000e+00
      vertex   1.173637e+01 5.590848e+00 6.853000e+00
    endloop
  endfacet
  facet normal 8.963259e-01 4.433959e-01 0.000000e+00
    outer loop
      vertex   1.173637e+01 5.590848e+00 1.270600e+01
      vertex   1.173637e+01 5.590848e+00 6.853000e+00
      vertex   1.156554e+01 5.936180e+00 1.270600e+01
    endloop
  endfacet
  facet normal 8.963259e-01 4.433959e-01 0.000000e+00
    outer loop
      vertex   1.156554e+01 5.936180e+00 1.270600e+01
      vertex   1.173637e+01 5.590848e+00 6.853000e+00
      vertex   1.156554e+01 5.936180e+00 6.853000e+00
    endloop
  endfacet
  facet normal 8.827929e-01 4.697623e-01 0.000000e+00
    outer loop
      vertex   1.156554e+01 5.936180e+00 1.270600e+01
      vertex   1.156554e+01 5.936180e+00 6.853000e+00
      vertex   1.138455e+01 6.276299e+00 1.270600e+01
    endloop
  endfacet
  facet normal 8.827929e-01 4.697623e-01 1.081350e-16
    outer loop
      vertex   1.138455e+01 6.276299e+00 1.270600e+01
      vertex   1.156554e+01 5.936180e+00 6.853000e+00
      vertex   1.138455e+01 6.276299e+00 6.853000e+00
    endloop
  endfacet
  facet normal 8.684846e-01 4.957161e-01 7.581945e-17
    outer loop
      vertex   1.138455e+01 6.276299e+00 1.270600e+01
      vertex   1.138455e+01 6.276299e+00 6.853000e+00
      vertex   1.119357e+01 6.610905e+00 1.270600e+01
    endloop
  endfacet
  facet normal 8.684846e-01 4.957161e-01 4.146240e-16
    outer loop
      vertex   1.119357e+01 6.610905e+00 1.270600e+01
      vertex   1.138455e+01 6.276299e+00 6.853000e+00
      vertex   1.119357e+01 6.610905e+00 6.853000e+00
    endloop
  endfacet
  facet normal 8.534135e-01 5.212345e-01 3.815402e-16
    outer loop
      vertex   1.119357e+01 6.610905e+00 1.270600e+01
      vertex   1.119357e+01 6.610905e+00 6.853000e+00
      vertex   1.099275e+01 6.939704e+00 1.270600e+01
    endloop
  endfacet
  facet normal 8.534135e-01 5.212345e-01 0.000000e+00
    outer loop
      vertex   1.099275e+01 6.939704e+00 1.270600e+01
      vertex   1.119357e+01 6.610905e+00 6.853000e+00
      vertex   1.099275e+01 6.939704e+00 6.853000e+00
    endloop
  endfacet
  facet normal 8.375928e-01 5.462951e-01 0.000000e+00
    outer loop
      vertex   1.099275e+01 6.939704e+00 1.270600e+01
      vertex   1.099275e+01 6.939704e+00 6.853000e+00
      vertex   1.078227e+01 7.262408e+00 1.270600e+01
    endloop
  endfacet
  facet normal 8.375928e-01 5.462951e-01 0.000000e+00
    outer loop
      vertex   1.078227e+01 7.262408e+00 1.270600e+01
      vertex   1.099275e+01 6.939704e+00 6.853000e+00
      vertex   1.078227e+01 7.262408e+00 6.853000e+00
    endloop
  endfacet
  facet normal 8.210364e-01 5.708758e-01 0.000000e+00
    outer loop
      vertex   1.078227e+01 7.262408e+00 1.270600e+01
      vertex   1.078227e+01 7.262408e+00 6.853000e+00
      vertex   1.056233e+01 7.578733e+00 1.270600e+01
    endloop
  endfacet
  facet normal 8.210364e-01 5.708758e-01 0.000000e+00
    outer loop
      vertex   1.056233e+01 7.578733e+00 1.270600e+01
      vertex   1.078227e+01 7.262408e+00 6.853000e+00
      vertex   1.056233e+01 7.578733e+00 6.853000e+00
    endloop
  endfacet
  facet normal 8.037589e-01 5.949551e-01 0.000000e+00
    outer loop
      vertex   1.056233e+01 7.578733e+00 1.270600e+01
      vertex   1.056233e+01 7.578733e+00 6.853000e+00
      vertex   1.033311e+01 7.888402e+00 1.270600e+01
    endloop
  endfacet
  facet normal 8.037589e-01 5.949551e-01 0.000000e+00
    outer loop
      vertex   1.033311e+01 7.888402e+00 1.270600e+01
      vertex   1.056233e+01 7.578733e+00 6.853000e+00
      vertex   1.033311e+01 7.888402e+00 6.853000e+00
    endloop
  endfacet
  facet normal 7.857754e-01 6.185119e-01 0.000000e+00
    outer loop
      vertex   1.033311e+01 7.888402e+00 1.270600e+01
      vertex   1.033311e+01 7.888402e+00 6.853000e+00
      vertex   1.009481e+01 8.191142e+00 1.270600e+01
    endloop
  endfacet
  facet normal 7.857754e-01 6.185119e-01 -8.618801e-17
    outer loop
      vertex   1.009481e+01 8.191142e+00 1.270600e+01
      vertex   1.033311e+01 7.888402e+00 6.853000e+00
      vertex   1.009481e+01 8.191142e+00 6.853000e+00
    endloop
  endfacet
  facet normal 7.671018e-01 6.415254e-01 -1.184762e-16
    outer loop
      vertex   1.009481e+01 8.191142e+00 1.270600e+01
      vertex   1.009481e+01 8.191142e+00 6.853000e+00
      vertex   9.847646e+00 8.486688e+00 1.270600e+01
    endloop
  endfacet
  facet normal 7.671018e-01 6.415254e-01 7.622362e-17
    outer loop
      vertex   9.847646e+00 8.486688e+00 1.270600e+01
      vertex   1.009481e+01 8.191142e+00 6.853000e+00
      vertex   9.847646e+00 8.486688e+00 6.853000e+00
    endloop
  endfacet
  facet normal 7.477544e-01 6.639755e-01 5.085297e-17
    outer loop
      vertex   9.847646e+00 8.486688e+00 1.270600e+01
      vertex   9.847646e+00 8.486688e+00 6.853000e+00
      vertex   9.591833e+00 8.774779e+00 1.270600e+01
    endloop
  endfacet
  facet normal 7.477544e-01 6.639755e-01 0.000000e+00
    outer loop
      vertex   9.591833e+00 8.774779e+00 1.270600e+01
      vertex   9.847646e+00 8.486688e+00 6.853000e+00
      vertex   9.591833e+00 8.774779e+00 6.853000e+00
    endloop
  endfacet
  facet normal 7.277502e-01 6.858423e-01 0.000000e+00
    outer loop
      vertex   9.591833e+00 8.774779e+00 1.270600e+01
      vertex   9.591833e+00 8.774779e+00 6.853000e+00
      vertex   9.327594e+00 9.055163e+00 1.270600e+01
    endloop
  endfacet
  facet normal 7.277502e-01 6.858423e-01 0.000000e+00
    outer loop
      vertex   9.327594e+00 9.055163e+00 1.270600e+01
      vertex   9.591833e+00 8.774779e+00 6.853000e+00
      vertex   9.327594e+00 9.055163e+00 6.853000e+00
    endloop
  endfacet
  facet normal 7.071068e-01 7.071068e-01 0.000000e+00
    outer loop
      vertex   9.327594e+00 9.055163e+00 1.270600e+01
      vertex   9.327594e+00 9.055163e+00 6.853000e+00
      vertex   9.055163e+00 9.327594e+00 1.270600e+01
    endloop
  endfacet
  facet normal 7.071068e-01 7.071068e-01 0.000000e+00
    outer loop
      vertex   9.055163e+00 9.327594e+00 1.270600e+01
      vertex   9.327594e+00 9.055163e+00 6.853000e+00
      vertex   9.055163e+00 9.327594e+00 6.853000e+00
    endloop
  endfacet
  facet normal 6.858423e-01 7.277502e-01 0.000000e+00
    outer loop
      vertex   9.055163e+00 9.327594e+00 1.270600e+01
      vertex   9.055163e+00 9.327594e+00 6.853000e+00
      vertex   8.774779e+00 9.591833e+00 1.270600e+01
    endloop
  endfacet
  facet normal 6.858423e-01 7.277502e-01 -2.081498e-16
    outer loop
      vertex   8.774779e+00 9.591833e+00 1.270600e+01
      vertex   9.055163e+00 9.327594e+00 6.853000e+00
      vertex   8.774779e+00 9.591833e+00 6.853000e+00
    endloop
  endfacet
  facet normal 6.639755e-01 7.477544e-01 -2.015133e-16
    outer loop
      vertex   8.774779e+00 9.591833e+00 1.270600e+01
      vertex   8.774779e+00 9.591833e+00 6.853000e+00
      vertex   8.486688e+00 9.847646e+00 1.270600e+01
    endloop
  endfacet
  facet normal 6.639755e-01 7.477544e-01 0.000000e+00
    outer loop
      vertex   8.486688e+00 9.847646e+00 1.270600e+01
      vertex   8.774779e+00 9.591833e+00 6.853000e+00
      vertex   8.486688e+00 9.847646e+00 6.853000e+00
    endloop
  endfacet
  facet normal 6.415254e-01 7.671018e-01 0.000000e+00
    outer loop
      vertex   8.486688e+00 9.847646e+00 1.270600e+01
      vertex   8.486688e+00 9.847646e+00 6.853000e+00
      vertex   8.191142e+00 1.009481e+01 1.270600e+01
    endloop
  endfacet
  facet normal 6.415254e-01 7.671018e-01 -1.143354e-16
    outer loop
      vertex   8.191142e+00 1.009481e+01 1.270600e+01
      vertex   8.486688e+00 9.847646e+00 6.853000e+00
      vertex   8.191142e+00 1.009481e+01 6.853000e+00
    endloop
  endfacet
  facet normal 6.185119e-01 7.857754e-01 -1.522910e-16
    outer loop
      vertex   8.191142e+00 1.009481e+01 1.270600e+01
      vertex   8.191142e+00 1.009481e+01 6.853000e+00
      vertex   7.888402e+00 1.033311e+01 1.270600e+01
    endloop
  endfacet
  facet normal 6.185119e-01 7.857754e-01 -2.461486e-16
    outer loop
      vertex   7.888402e+00 1.033311e+01 1.270600e+01
      vertex   8.191142e+00 1.009481e+01 6.853000e+00
      vertex   7.888402e+00 1.033311e+01 6.853000e+00
    endloop
  endfacet
  facet normal 5.949551e-01 8.037589e-01 -2.803958e-16
    outer loop
      vertex   7.888402e+00 1.033311e+01 1.270600e+01
      vertex   7.888402e+00 1.033311e+01 6.853000e+00
      vertex   7.578733e+00 1.056233e+01 1.270600e+01
    endloop
  endfacet
  facet normal 5.949551e-01 8.037589e-01 -9.028299e-17
    outer loop
      vertex   7.578733e+00 1.056233e+01 1.270600e+01
      vertex   7.888402e+00 1.033311e+01 6.853000e+00
      vertex   7.578733e+00 1.056233e+01 6.853000e+00
    endloop
  endfacet
  facet normal 5.708758e-01 8.210364e-01 -8.662901e-17
    outer loop
      vertex   7.578733e+00 1.056233e+01 1.270600e+01
      vertex   7.578733e+00 1.056233e+01 6.853000e+00
      vertex   7.262408e+00 1.078227e+01 1.270600e+01
    endloop
  endfacet
  facet normal 5.708758e-01 8.210364e-01 0.000000e+00
    outer loop
      vertex   7.262408e+00 1.078227e+01 1.270600e+01
      vertex   7.578733e+00 1.056233e+01 6.853000e+00
      vertex   7.262408e+00 1.078227e+01 6.853000e+00
    endloop
  endfacet
  facet normal 5.462951e-01 8.375928e-01 0.000000e+00
    outer loop
      vertex   7.262408e+00 1.078227e+01 1.270600e+01
      vertex   7.262408e+00 1.078227e+01 6.853000e+00
      vertex   6.939704e+00 1.099275e+01 1.270600e+01
    endloop
  endfacet
  facet normal 5.462951e-01 8.375928e-01 0.000000e+00
    outer loop
      vertex   6.939704e+00 1.099275e+01 1.270600e+01
      vertex   7.262408e+00 1.078227e+01 6.853000e+00
      vertex   6.939704e+00 1.099275e+01 6.853000e+00
    endloop
  endfacet
  facet normal 5.212345e-01 8.534135e-01 0.000000e+00
    outer loop
      vertex   6.939704e+00 1.099275e+01 1.270600e+01
      vertex   6.939704e+00 1.099275e+01 6.853000e+00
      vertex   6.610905e+00 1.119357e+01 1.270600e+01
    endloop
  endfacet
  facet normal 5.212345e-01 8.534135e-01 0.000000e+00
    outer loop
      vertex   6.610905e+00 1.119357e+01 1.270600e+01
      vertex   6.939704e+00 1.099275e+01 6.853000e+00
      vertex   6.610905e+00 1.119357e+01 6.853000e+00
    endloop
  endfacet
  facet normal 4.957161e-01 8.684846e-01 0.000000e+00
    outer loop
      vertex   6.610905e+00 1.119357e+01 1.270600e+01
      vertex   6.610905e+00 1.119357e+01 6.853000e+00
      vertex   6.276299e+00 1.138455e+01 1.270600e+01
    endloop
  endfacet
  facet normal 4.957161e-01 8.684846e-01 2.629851e-16
    outer loop
      vertex   6.276299e+00 1.138455e+01 1.270600e+01
      vertex   6.610905e+00 1.119357e+01 6.853000e+00
      vertex   6.276299e+00 1.138455e+01 6.853000e+00
    endloop
  endfacet
  facet normal 4.697623e-01 8.827929e-01 2.310736e-16
    outer loop
      vertex   6.276299e+00 1.138455e+01 1.270600e+01
      vertex   6.276299e+00 1.138455e+01 6.853000e+00
      vertex   5.936180e+00 1.156554e+01 1.270600e+01
    endloop
  endfacet
  facet normal 4.697623e-01 8.827929e-01 2.310736e-16
    outer loop
      vertex   5.936180e+00 1.156554e+01 1.270600e+01
      vertex   6.276299e+00 1.138455e+01 6.853000e+00
      vertex   5.936180e+00 1.156554e+01 6.853000e+00
    endloop
  endfacet
  facet normal 4.433959e-01 8.963259e-01 1.989592e-16
    outer loop
      vertex   5.936180e+00 1.156554e+01 1.270600e+01
      vertex   5.936180e+00 1.156554e+01 6.853000e+00
      vertex   5.590848e+00 1.173637e+01 1.270600e+01
    endloop
  endfacet
  facet normal 4.433959e-01 8.963259e-01 5.382739e-16
    outer loop
      vertex   5.590848e+00 1.173637e+01 1.270600e+01
      vertex   5.936180e+00 1.156554e+01 6.853000e+00
      vertex   5.590848e+00 1.173637e+01 6.853000e+00
    endloop
  endfacet
  facet normal 4.166401e-01 9.090715e-01 5.057929e-16
    outer loop
      vertex   5.590848e+00 1.173637e+01 1.270600e+01
      vertex   5.590848e+00 1.173637e+01 6.853000e+00
      vertex   5.240605e+00 1.189689e+01 1.270600e+01
    endloop
  endfacet
  facet normal 4.166401e-01 9.090715e-01 0.000000e+00
    outer loop
      vertex   5.240605e+00 1.189689e+01 1.270600e+01
      vertex   5.590848e+00 1.173637e+01 6.853000e+00
      vertex   5.240605e+00 1.189689e+01 6.853000e+00
    endloop
  endfacet
  facet normal 3.895183e-01 9.210187e-01 0.000000e+00
    outer loop
      vertex   5.240605e+00 1.189689e+01 1.270600e+01
      vertex   5.240605e+00 1.189689e+01 6.853000e+00
      vertex   4.885759e+00 1.204696e+01 1.270600e+01
    endloop
  endfacet
  facet normal 3.895183e-01 9.210187e-01 1.182169e-16
    outer loop
      vertex   4.885759e+00 1.204696e+01 1.270600e+01
      vertex   5.240605e+00 1.189689e+01 6.853000e+00
      vertex   4.885759e+00 1.204696e+01 6.853000e+00
    endloop
  endfacet
  facet normal 3.620544e-01 9.321570e-01 1.098817e-16
    outer loop
      vertex   4.885759e+00 1.204696e+01 1.270600e+01
      vertex   4.885759e+00 1.204696e+01 6.853000e+00
      vertex   4.526621e+00 1.218646e+01 1.270600e+01
    endloop
  endfacet
  facet normal 3.620544e-01 9.321570e-01 0.000000e+00
    outer loop
      vertex   4.526621e+00 1.218646e+01 1.270600e+01
      vertex   4.885759e+00 1.204696e+01 6.853000e+00
      vertex   4.526621e+00 1.218646e+01 6.853000e+00
    endloop
  endfacet
  facet normal 3.342724e-01 9.424765e-01 0.000000e+00
    outer loop
      vertex   4.526621e+00 1.218646e+01 1.270600e+01
      vertex   4.526621e+00 1.218646e+01 6.853000e+00
      vertex   4.163508e+00 1.231524e+01 1.270600e+01
    endloop
  endfacet
  facet normal 3.342724e-01 9.424765e-01 0.000000e+00
    outer loop
      vertex   4.163508e+00 1.231524e+01 1.270600e+01
      vertex   4.526621e+00 1.218646e+01 6.853000e+00
      vertex   4.163508e+00 1.231524e+01 6.853000e+00
    endloop
  endfacet
  facet normal 3.061969e-01 9.519682e-01 0.000000e+00
    outer loop
      vertex   4.163508e+00 1.231524e+01 1.270600e+01
      vertex   4.163508e+00 1.231524e+01 6.853000e+00
      vertex   3.796738e+00 1.243321e+01 1.270600e+01
    endloop
  endfacet
  facet normal 3.061969e-01 9.519682e-01 0.000000e+00
    outer loop
      vertex   3.796738e+00 1.243321e+01 1.270600e+01
      vertex   4.163508e+00 1.231524e+01 6.853000e+00
      vertex   3.796738e+00 1.243321e+01 6.853000e+00
    endloop
  endfacet
  facet normal 2.778525e-01 9.606238e-01 0.000000e+00
    outer loop
      vertex   3.796738e+00 1.243321e+01 1.270600e+01
      vertex   3.796738e+00 1.243321e+01 6.853000e+00
      vertex   3.426633e+00 1.254026e+01 1.270600e+01
    endloop
  endfacet
  facet normal 2.778525e-01 9.606238e-01 -2.457817e-16
    outer loop
      vertex   3.426633e+00 1.254026e+01 1.270600e+01
      vertex   3.796738e+00 1.243321e+01 6.853000e+00
      vertex   3.426633e+00 1.254026e+01 6.853000e+00
    endloop
  endfacet
  facet normal 2.492640e-01 9.684356e-01 -2.852293e-16
    outer loop
      vertex   3.426633e+00 1.254026e+01 1.270600e+01
      vertex   3.426633e+00 1.254026e+01 6.853000e+00
      vertex   3.053519e+00 1.263630e+01 1.270600e+01
    endloop
  endfacet
  facet normal 2.492640e-01 9.684356e-01 0.000000e+00
    outer loop
      vertex   3.053519e+00 1.263630e+01 1.270600e+01
      vertex   3.426633e+00 1.254026e+01 6.853000e+00
      vertex   3.053519e+00 1.263630e+01 6.853000e+00
    endloop
  endfacet
  facet normal 2.204565e-01 9.753968e-01 0.000000e+00
    outer loop
      vertex   3.053519e+00 1.263630e+01 1.270600e+01
      vertex   3.053519e+00 1.263630e+01 6.853000e+00
      vertex   2.677722e+00 1.272123e+01 1.270600e+01
    endloop
  endfacet
  facet normal 2.204565e-01 9.753968e-01 0.000000e+00
    outer loop
      vertex   2.677722e+00 1.272123e+01 1.270600e+01
      vertex   3.053519e+00 1.263630e+01 6.853000e+00
      vertex   2.677722e+00 1.272123e+01 6.853000e+00
    endloop
  endfacet
  facet normal 1.914555e-01 9.815013e-01 0.000000e+00
    outer loop
      vertex   2.677722e+00 1.272123e+01 1.270600e+01
      vertex   2.677722e+00 1.272123e+01 6.853000e+00
      vertex   2.299574e+00 1.279500e+01 1.270600e+01
    endloop
  endfacet
  facet normal 1.914555e-01 9.815013e-01 0.000000e+00
    outer loop
      vertex   2.299574e+00 1.279500e+01 1.270600e+01
      vertex   2.677722e+00 1.272123e+01 6.853000e+00
      vertex   2.299574e+00 1.279500e+01 6.853000e+00
    endloop
  endfacet
  facet normal 1.622862e-01 9.867437e-01 0.000000e+00
    outer loop
      vertex   2.299574e+00 1.279500e+01 1.270600e+01
      vertex   2.299574e+00 1.279500e+01 6.853000e+00
      vertex   1.919405e+00 1.285752e+01 1.270600e+01
    endloop
  endfacet
  facet normal 1.622862e-01 9.867437e-01 0.000000e+00
    outer loop
      vertex   1.919405e+00 1.285752e+01 1.270600e+01
      vertex   2.299574e+00 1.279500e+01 6.853000e+00
      vertex   1.919405e+00 1.285752e+01 6.853000e+00
    endloop
  endfacet
  facet normal 1.329745e-01 9.911195e-01 0.000000e+00
    outer loop
      vertex   1.919405e+00 1.285752e+01 1.270600e+01
      vertex   1.919405e+00 1.285752e+01 6.853000e+00
      vertex   1.537551e+00 1.290875e+01 1.270600e+01
    endloop
  endfacet
  facet normal 1.329745e-01 9.911195e-01 1.362052e-16
    outer loop
      vertex   1.537551e+00 1.290875e+01 1.270600e+01
      vertex   1.919405e+00 1.285752e+01 6.853000e+00
      vertex   1.537551e+00 1.290875e+01 6.853000e+00
    endloop
  endfacet
  facet normal 1.035459e-01 9.946247e-01 1.060617e-16
    outer loop
      vertex   1.537551e+00 1.290875e+01 1.270600e+01
      vertex   1.537551e+00 1.290875e+01 6.853000e+00
      vertex   1.154347e+00 1.294865e+01 1.270600e+01
    endloop
  endfacet
  facet normal 1.035459e-01 9.946247e-01 1.099899e-16
    outer loop
      vertex   1.154347e+00 1.294865e+01 1.270600e+01
      vertex   1.537551e+00 1.290875e+01 6.853000e+00
      vertex   1.154347e+00 1.294865e+01 6.853000e+00
    endloop
  endfacet
  facet normal 7.402639e-02 9.972563e-01 7.863326e-17
    outer loop
      vertex   1.154347e+00 1.294865e+01 1.270600e+01
      vertex   1.154347e+00 1.294865e+01 6.853000e+00
      vertex   7.701282e-01 1.297717e+01 1.270600e+01
    endloop
  endfacet
  facet normal 7.402639e-02 9.972563e-01 7.722910e-17
    outer loop
      vertex   7.701282e-01 1.297717e+01 1.270600e+01
      vertex   1.154347e+00 1.294865e+01 6.853000e+00
      vertex   7.701282e-01 1.297717e+01 6.853000e+00
    endloop
  endfacet
  facet normal 4.444186e-02 9.990120e-01 4.636461e-17
    outer loop
      vertex   7.701282e-01 1.297717e+01 1.270600e+01
      vertex   7.701282e-01 1.297717e+01 6.853000e+00
      vertex   3.852333e-01 1.299429e+01 1.270600e+01
    endloop
  endfacet
  facet normal 4.444186e-02 9.990120e-01 2.107482e-18
    outer loop
      vertex   3.852333e-01 1.299429e+01 1.270600e+01
      vertex   7.701282e-01 1.297717e+01 6.853000e+00
      vertex   3.852333e-01 1.299429e+01 6.853000e+00
    endloop
  endfacet
  facet normal 1.481829e-02 9.998902e-01 7.026998e-19
    outer loop
      vertex   3.852333e-01 1.299429e+01 1.270600e+01
      vertex   3.852333e-01 1.299429e+01 6.853000e+00
      vertex   -2.388061e-15 1.300000e+01 1.270600e+01
    endloop
  endfacet
  facet normal 1.481829e-02 9.998902e-01 7.531981e-19
    outer loop
      vertex   -2.388061e-15 1.300000e+01 1.270600e+01
      vertex   3.852333e-01 1.299429e+01 6.853000e+00
      vertex   -2.090559e-15 1.300000e+01 6.853000e+00
    endloop
  endfacet
  facet normal -1.481829e-02 9.998902e-01 -7.531981e-19
    outer loop
      vertex   -2.388061e-15 1.300000e+01 1.270600e+01
      vertex   -2.090559e-15 1.300000e+01 6.853000e+00
      vertex   -3.852333e-01 1.299429e+01 1.270600e+01
    endloop
  endfacet
  facet normal -1.481829e-02 9.998902e-01 -8.432398e-19
    outer loop
      vertex   -3.852333e-01 1.299429e+01 1.270600e+01
      vertex   -2.090559e-15 1.300000e+01 6.853000e+00
      vertex   -3.852333e-01 1.299429e+01 6.853000e+00
    endloop
  endfacet
  facet normal -4.444186e-02 9.990120e-01 -2.528979e-18
    outer loop
      vertex   -3.852333e-01 1.299429e+01 1.270600e+01
      vertex   -3.852333e-01 1.299429e+01 6.853000e+00
      vertex   -7.701282e-01 1.297717e+01 1.270600e+01
    endloop
  endfacet
  facet normal -4.444186e-02 9.990120e-01 -3.371972e-18
    outer loop
      vertex   -7.701282e-01 1.297717e+01 1.270600e+01
      vertex   -3.852333e-01 1.299429e+01 6.853000e+00
      vertex   -7.701282e-01 1.297717e+01 6.853000e+00
    endloop
  endfacet
  facet normal -7.402639e-02 9.972563e-01 -5.616662e-18
    outer loop
      vertex   -7.701282e-01 1.297717e+01 1.270600e+01
      vertex   -7.701282e-01 1.297717e+01 6.853000e+00
      vertex   -1.154347e+00 1.294865e+01 1.270600e+01
    endloop
  endfacet
  facet normal -7.402639e-02 9.972563e-01 -5.616662e-18
    outer loop
      vertex   -1.154347e+00 1.294865e+01 1.270600e+01
      vertex   -7.701282e-01 1.297717e+01 6.853000e+00
      vertex   -1.154347e+00 1.294865e+01 6.853000e+00
    endloop
  endfacet
  facet normal -1.035459e-01 9.946247e-01 -7.856419e-18
    outer loop
      vertex   -1.154347e+00 1.294865e+01 1.270600e+01
      vertex   -1.154347e+00 1.294865e+01 6.853000e+00
      vertex   -1.537551e+00 1.290875e+01 1.270600e+01
    endloop
  endfacet
  facet normal -1.035459e-01 9.946247e-01 -1.060617e-16
    outer loop
      vertex   -1.537551e+00 1.290875e+01 1.270600e+01
      vertex   -1.154347e+00 1.294865e+01 6.853000e+00
      vertex   -1.537551e+00 1.290875e+01 6.853000e+00
    endloop
  endfacet
  facet normal -1.329745e-01 9.911195e-01 -1.362052e-16
    outer loop
      vertex   -1.537551e+00 1.290875e+01 1.270600e+01
      vertex   -1.537551e+00 1.290875e+01 6.853000e+00
      vertex   -1.919405e+00 1.285752e+01 1.270600e+01
    endloop
  endfacet
  facet normal -1.329745e-01 9.911195e-01 -5.044637e-18
    outer loop
      vertex   -1.919405e+00 1.285752e+01 1.270600e+01
      vertex   -1.537551e+00 1.290875e+01 6.853000e+00
      vertex   -1.919405e+00 1.285752e+01 6.853000e+00
    endloop
  endfacet
  facet normal -1.622862e-01 9.867437e-01 -6.156635e-18
    outer loop
      vertex   -1.919405e+00 1.285752e+01 1.270600e+01
      vertex   -1.919405e+00 1.285752e+01 6.853000e+00
      vertex   -2.299574e+00 1.279500e+01 1.270600e+01
    endloop
  endfacet
  facet normal -1.622862e-01 9.867437e-01 0.000000e+00
    outer loop
      vertex   -2.299574e+00 1.279500e+01 1.270600e+01
      vertex   -1.919405e+00 1.285752e+01 6.853000e+00
      vertex   -2.299574e+00 1.279500e+01 6.853000e+00
    endloop
  endfacet
  facet normal -1.914555e-01 9.815013e-01 0.000000e+00
    outer loop
      vertex   -2.299574e+00 1.279500e+01 1.270600e+01
      vertex   -2.299574e+00 1.279500e+01 6.853000e+00
      vertex   -2.677722e+00 1.272123e+01 1.270600e+01
    endloop
  endfacet
  facet normal -1.914555e-01 9.815013e-01 5.957617e-16
    outer loop
      vertex   -2.677722e+00 1.272123e+01 1.270600e+01
      vertex   -2.299574e+00 1.279500e+01 6.853000e+00
      vertex   -2.677722e+00 1.272123e+01 6.853000e+00
    endloop
  endfacet
  facet normal -2.204565e-01 9.753968e-01 5.920563e-16
    outer loop
      vertex   -2.677722e+00 1.272123e+01 1.270600e+01
      vertex   -2.677722e+00 1.272123e+01 6.853000e+00
      vertex   -3.053519e+00 1.263630e+01 1.270600e+01
    endloop
  endfacet
  facet normal -2.204565e-01 9.753968e-01 -1.672687e-17
    outer loop
      vertex   -3.053519e+00 1.263630e+01 1.270600e+01
      vertex   -2.677722e+00 1.272123e+01 6.853000e+00
      vertex   -3.053519e+00 1.263630e+01 6.853000e+00
    endloop
  endfacet
  facet normal -2.492640e-01 9.684356e-01 -1.891260e-17
    outer loop
      vertex   -3.053519e+00 1.263630e+01 1.270600e+01
      vertex   -3.053519e+00 1.263630e+01 6.853000e+00
      vertex   -3.426633e+00 1.254026e+01 1.270600e+01
    endloop
  endfacet
  facet normal -2.492640e-01 9.684356e-01 -2.647764e-16
    outer loop
      vertex   -3.426633e+00 1.254026e+01 1.270600e+01
      vertex   -3.053519e+00 1.263630e+01 6.853000e+00
      vertex   -3.426633e+00 1.254026e+01 6.853000e+00
    endloop
  endfacet
  facet normal -2.778525e-01 9.606238e-01 -2.951440e-16
    outer loop
      vertex   -3.426633e+00 1.254026e+01 1.270600e+01
      vertex   -3.426633e+00 1.254026e+01 6.853000e+00
      vertex   -3.796738e+00 1.243321e+01 1.270600e+01
    endloop
  endfacet
  facet normal -2.778525e-01 9.606238e-01 6.216532e-16
    outer loop
      vertex   -3.796738e+00 1.243321e+01 1.270600e+01
      vertex   -3.426633e+00 1.254026e+01 6.853000e+00
      vertex   -3.796738e+00 1.243321e+01 6.853000e+00
    endloop
  endfacet
  facet normal -3.061969e-01 9.519682e-01 5.879652e-16
    outer loop
      vertex   -3.796738e+00 1.243321e+01 1.270600e+01
      vertex   -3.796738e+00 1.243321e+01 6.853000e+00
      vertex   -4.163508e+00 1.231524e+01 1.270600e+01
    endloop
  endfacet
  facet normal -3.061969e-01 9.519682e-01 -2.787878e-16
    outer loop
      vertex   -4.163508e+00 1.231524e+01 1.270600e+01
      vertex   -3.796738e+00 1.243321e+01 6.853000e+00
      vertex   -4.163508e+00 1.231524e+01 6.853000e+00
    endloop
  endfacet
  facet normal -3.342724e-01 9.424765e-01 -3.043502e-16
    outer loop
      vertex   -4.163508e+00 1.231524e+01 1.270600e+01
      vertex   -4.163508e+00 1.231524e+01 6.853000e+00
      vertex   -4.526621e+00 1.218646e+01 1.270600e+01
    endloop
  endfacet
  facet normal -3.342724e-01 9.424765e-01 0.000000e+00
    outer loop
      vertex   -4.526621e+00 1.218646e+01 1.270600e+01
      vertex   -4.163508e+00 1.231524e+01 6.853000e+00
      vertex   -4.526621e+00 1.218646e+01 6.853000e+00
    endloop
  endfacet
  facet normal -3.620544e-01 9.321570e-01 0.000000e+00
    outer loop
      vertex   -4.526621e+00 1.218646e+01 1.270600e+01
      vertex   -4.526621e+00 1.218646e+01 6.853000e+00
      vertex   -4.885759e+00 1.204696e+01 1.270600e+01
    endloop
  endfacet
  facet normal -3.620544e-01 9.321570e-01 0.000000e+00
    outer loop
      vertex   -4.885759e+00 1.204696e+01 1.270600e+01
      vertex   -4.526621e+00 1.218646e+01 6.853000e+00
      vertex   -4.885759e+00 1.204696e+01 6.853000e+00
    endloop
  endfacet
  facet normal -3.895183e-01 9.210187e-01 0.000000e+00
    outer loop
      vertex   -4.885759e+00 1.204696e+01 1.270600e+01
      vertex   -4.885759e+00 1.204696e+01 6.853000e+00
      vertex   -5.240605e+00 1.189689e+01 1.270600e+01
    endloop
  endfacet
  facet normal -3.895183e-01 9.210187e-01 0.000000e+00
    outer loop
      vertex   -5.240605e+00 1.189689e+01 1.270600e+01
      vertex   -4.885759e+00 1.204696e+01 6.853000e+00
      vertex   -5.240605e+00 1.189689e+01 6.853000e+00
    endloop
  endfacet
  facet normal -4.166401e-01 9.090715e-01 0.000000e+00
    outer loop
      vertex   -5.240605e+00 1.189689e+01 1.270600e+01
      vertex   -5.240605e+00 1.189689e+01 6.853000e+00
      vertex   -5.590848e+00 1.173637e+01 1.270600e+01
    endloop
  endfacet
  facet normal -4.166401e-01 9.090715e-01 -1.264482e-16
    outer loop
      vertex   -5.590848e+00 1.173637e+01 1.270600e+01
      vertex   -5.240605e+00 1.189689e+01 6.853000e+00
      vertex   -5.590848e+00 1.173637e+01 6.853000e+00
    endloop
  endfacet
  facet normal -4.433959e-01 8.963259e-01 -1.345685e-16
    outer loop
      vertex   -5.590848e+00 1.173637e+01 1.270600e+01
      vertex   -5.590848e+00 1.173637e+01 6.853000e+00
      vertex   -5.936180e+00 1.156554e+01 1.270600e+01
    endloop
  endfacet
  facet normal -4.433959e-01 8.963259e-01 1.345685e-16
    outer loop
      vertex   -5.936180e+00 1.156554e+01 1.270600e+01
      vertex   -5.590848e+00 1.173637e+01 6.853000e+00
      vertex   -5.936180e+00 1.156554e+01 6.853000e+00
    endloop
  endfacet
  facet normal -4.697623e-01 8.827929e-01 1.425706e-16
    outer loop
      vertex   -5.936180e+00 1.156554e+01 1.270600e+01
      vertex   -5.936180e+00 1.156554e+01 6.853000e+00
      vertex   -6.276299e+00 1.138455e+01 1.270600e+01
    endloop
  endfacet
  facet normal -4.697623e-01 8.827929e-01 -1.253528e-16
    outer loop
      vertex   -6.276299e+00 1.138455e+01 1.270600e+01
      vertex   -5.936180e+00 1.156554e+01 6.853000e+00
      vertex   -6.276299e+00 1.138455e+01 6.853000e+00
    endloop
  endfacet
  facet normal -4.957161e-01 8.684846e-01 -1.131334e-16
    outer loop
      vertex   -6.276299e+00 1.138455e+01 1.270600e+01
      vertex   -6.276299e+00 1.138455e+01 6.853000e+00
      vertex   -6.610905e+00 1.119357e+01 1.270600e+01
    endloop
  endfacet
  facet normal -4.957161e-01 8.684846e-01 -3.790973e-17
    outer loop
      vertex   -6.610905e+00 1.119357e+01 1.270600e+01
      vertex   -6.276299e+00 1.138455e+01 6.853000e+00
      vertex   -6.610905e+00 1.119357e+01 6.853000e+00
    endloop
  endfacet
  facet normal -5.212345e-01 8.534135e-01 -2.171865e-17
    outer loop
      vertex   -6.610905e+00 1.119357e+01 1.270600e+01
      vertex   -6.610905e+00 1.119357e+01 6.853000e+00
      vertex   -6.939704e+00 1.099275e+01 1.270600e+01
    endloop
  endfacet
  facet normal -5.212345e-01 8.534135e-01 1.581921e-16
    outer loop
      vertex   -6.939704e+00 1.099275e+01 1.270600e+01
      vertex   -6.610905e+00 1.119357e+01 6.853000e+00
      vertex   -6.939704e+00 1.099275e+01 6.853000e+00
    endloop
  endfacet
  facet normal -5.462951e-01 8.375928e-01 1.657979e-16
    outer loop
      vertex   -6.939704e+00 1.099275e+01 1.270600e+01
      vertex   -6.939704e+00 1.099275e+01 6.853000e+00
      vertex   -7.262408e+00 1.078227e+01 1.270600e+01
    endloop
  endfacet
  facet normal -5.462951e-01 8.375928e-01 -3.315957e-16
    outer loop
      vertex   -7.262408e+00 1.078227e+01 1.270600e+01
      vertex   -6.939704e+00 1.099275e+01 6.853000e+00
      vertex   -7.262408e+00 1.078227e+01 6.853000e+00
    endloop
  endfacet
  facet normal -5.708758e-01 8.210364e-01 -3.465160e-16
    outer loop
      vertex   -7.262408e+00 1.078227e+01 1.270600e+01
      vertex   -7.262408e+00 1.078227e+01 6.853000e+00
      vertex   -7.578733e+00 1.056233e+01 1.270600e+01
    endloop
  endfacet
  facet normal -5.708758e-01 8.210364e-01 -9.733549e-17
    outer loop
      vertex   -7.578733e+00 1.056233e+01 1.270600e+01
      vertex   -7.262408e+00 1.078227e+01 6.853000e+00
      vertex   -7.578733e+00 1.056233e+01 6.853000e+00
    endloop
  endfacet
  facet normal -5.949551e-01 8.037589e-01 -1.171950e-16
    outer loop
      vertex   -7.578733e+00 1.056233e+01 1.270600e+01
      vertex   -7.578733e+00 1.056233e+01 6.853000e+00
      vertex   -7.888402e+00 1.033311e+01 1.270600e+01
    endloop
  endfacet
  facet normal -5.949551e-01 8.037589e-01 -3.246731e-16
    outer loop
      vertex   -7.888402e+00 1.033311e+01 1.270600e+01
      vertex   -7.578733e+00 1.056233e+01 6.853000e+00
      vertex   -7.888402e+00 1.033311e+01 6.853000e+00
    endloop
  endfacet
  facet normal -6.185119e-01 7.857754e-01 -3.677610e-16
    outer loop
      vertex   -7.888402e+00 1.033311e+01 1.270600e+01
      vertex   -7.888402e+00 1.033311e+01 6.853000e+00
      vertex   -8.191142e+00 1.009481e+01 1.270600e+01
    endloop
  endfacet
  facet normal -6.185119e-01 7.857754e-01 5.076366e-17
    outer loop
      vertex   -8.191142e+00 1.009481e+01 1.270600e+01
      vertex   -7.888402e+00 1.033311e+01 6.853000e+00
      vertex   -8.191142e+00 1.009481e+01 6.853000e+00
    endloop
  endfacet
  facet normal -6.415254e-01 7.671018e-01 3.811181e-17
    outer loop
      vertex   -8.191142e+00 1.009481e+01 1.270600e+01
      vertex   -8.191142e+00 1.009481e+01 6.853000e+00
      vertex   -8.486688e+00 9.847646e+00 1.270600e+01
    endloop
  endfacet
  facet normal -6.415254e-01 7.671018e-01 -1.565880e-16
    outer loop
      vertex   -8.486688e+00 9.847646e+00 1.270600e+01
      vertex   -8.191142e+00 1.009481e+01 6.853000e+00
      vertex   -8.486688e+00 9.847646e+00 6.853000e+00
    endloop
  endfacet
  facet normal -6.639755e-01 7.477544e-01 -1.760868e-16
    outer loop
      vertex   -8.486688e+00 9.847646e+00 1.270600e+01
      vertex   -8.486688e+00 9.847646e+00 6.853000e+00
      vertex   -8.774779e+00 9.591833e+00 1.270600e+01
    endloop
  endfacet
  facet normal -6.639755e-01 7.477544e-01 2.523663e-16
    outer loop
      vertex   -8.774779e+00 9.591833e+00 1.270600e+01
      vertex   -8.486688e+00 9.847646e+00 6.853000e+00
      vertex   -8.774779e+00 9.591833e+00 6.853000e+00
    endloop
  endfacet
  facet normal -6.858423e-01 7.277502e-01 2.335874e-16
    outer loop
      vertex   -8.774779e+00 9.591833e+00 1.270600e+01
      vertex   -8.774779e+00 9.591833e+00 6.853000e+00
      vertex   -9.055163e+00 9.327594e+00 1.270600e+01
    endloop
  endfacet
  facet normal -6.858423e-01 7.277502e-01 1.271883e-17
    outer loop
      vertex   -9.055163e+00 9.327594e+00 1.270600e+01
      vertex   -8.774779e+00 9.591833e+00 6.853000e+00
      vertex   -9.055163e+00 9.327594e+00 6.853000e+00
    endloop
  endfacet
  facet normal -7.071068e-01 7.071068e-01 -1.399299e-30
    outer loop
      vertex   -9.055163e+00 9.327594e+00 1.270600e+01
      vertex   -9.055163e+00 9.327594e+00 6.853000e+00
      vertex   -9.327594e+00 9.055163e+00 1.270600e+01
    endloop
  endfacet
  facet normal -7.071068e-01 7.071068e-01 1.399299e-30
    outer loop
      vertex   -9.327594e+00 9.055163e+00 1.270600e+01
      vertex   -9.055163e+00 9.327594e+00 6.853000e+00
      vertex   -9.327594e+00 9.055163e+00 6.853000e+00
    endloop
  endfacet
  facet normal -7.277502e-01 6.858423e-01 1.271883e-17
    outer loop
      vertex   -9.327594e+00 9.055163e+00 1.270600e+01
      vertex   -9.327594e+00 9.055163e+00 6.853000e+00
      vertex   -9.591833e+00 8.774779e+00 1.270600e+01
    endloop
  endfacet
  facet normal -7.277502e-01 6.858423e-01 1.271883e-17
    outer loop
      vertex   -9.591833e+00 8.774779e+00 1.270600e+01
      vertex   -9.327594e+00 9.055163e+00 6.853000e+00
      vertex   -9.591833e+00 8.774779e+00 6.853000e+00
    endloop
  endfacet
  facet normal -7.477544e-01 6.639755e-01 2.542649e-17
    outer loop
      vertex   -9.591833e+00 8.774779e+00 1.270600e+01
      vertex   -9.591833e+00 8.774779e+00 6.853000e+00
      vertex   -9.847646e+00 8.486688e+00 1.270600e+01
    endloop
  endfacet
  facet normal -7.477544e-01 6.639755e-01 -5.085297e-17
    outer loop
      vertex   -9.847646e+00 8.486688e+00 1.270600e+01
      vertex   -9.591833e+00 8.774779e+00 6.853000e+00
      vertex   -9.847646e+00 8.486688e+00 6.853000e+00
    endloop
  endfacet
  facet normal -7.671018e-01 6.415254e-01 -7.622362e-17
    outer loop
      vertex   -9.847646e+00 8.486688e+00 1.270600e+01
      vertex   -9.847646e+00 8.486688e+00 6.853000e+00
      vertex   -1.009481e+01 8.191142e+00 1.270600e+01
    endloop
  endfacet
  facet normal -7.671018e-01 6.415254e-01 3.811181e-17
    outer loop
      vertex   -1.009481e+01 8.191142e+00 1.270600e+01
      vertex   -9.847646e+00 8.486688e+00 6.853000e+00
      vertex   -1.009481e+01 8.191142e+00 6.853000e+00
    endloop
  endfacet
  facet normal -7.857754e-01 6.185119e-01 5.076366e-17
    outer loop
      vertex   -1.009481e+01 8.191142e+00 1.270600e+01
      vertex   -1.009481e+01 8.191142e+00 6.853000e+00
      vertex   -1.033311e+01 7.888402e+00 1.270600e+01
    endloop
  endfacet
  facet normal -7.857754e-01 6.185119e-01 2.815730e-16
    outer loop
      vertex   -1.033311e+01 7.888402e+00 1.270600e+01
      vertex   -1.009481e+01 8.191142e+00 6.853000e+00
      vertex   -1.033311e+01 7.888402e+00 6.853000e+00
    endloop
  endfacet
  facet normal -8.037589e-01 5.949551e-01 2.708490e-16
    outer loop
      vertex   -1.033311e+01 7.888402e+00 1.270600e+01
      vertex   -1.033311e+01 7.888402e+00 6.853000e+00
      vertex   -1.056233e+01 7.578733e+00 1.270600e+01
    endloop
  endfacet
  facet normal -8.037589e-01 5.949551e-01 -6.337092e-17
    outer loop
      vertex   -1.056233e+01 7.578733e+00 1.270600e+01
      vertex   -1.033311e+01 7.888402e+00 6.853000e+00
      vertex   -1.056233e+01 7.578733e+00 6.853000e+00
    endloop
  endfacet
  facet normal -8.210364e-01 5.708758e-01 -7.592253e-17
    outer loop
      vertex   -1.056233e+01 7.578733e+00 1.270600e+01
      vertex   -1.056233e+01 7.578733e+00 6.853000e+00
      vertex   -1.078227e+01 7.262408e+00 1.270600e+01
    endloop
  endfacet
  facet normal -8.210364e-01 5.708758e-01 8.662901e-17
    outer loop
      vertex   -1.078227e+01 7.262408e+00 1.270600e+01
      vertex   -1.056233e+01 7.578733e+00 6.853000e+00
      vertex   -1.078227e+01 7.262408e+00 6.853000e+00
    endloop
  endfacet
  facet normal -8.375928e-01 5.462951e-01 8.289894e-17
    outer loop
      vertex   -1.078227e+01 7.262408e+00 1.270600e+01
      vertex   -1.078227e+01 7.262408e+00 6.853000e+00
      vertex   -1.099275e+01 6.939704e+00 1.270600e+01
    endloop
  endfacet
  facet normal -8.375928e-01 5.462951e-01 1.657979e-16
    outer loop
      vertex   -1.099275e+01 6.939704e+00 1.270600e+01
      vertex   -1.078227e+01 7.262408e+00 6.853000e+00
      vertex   -1.099275e+01 6.939704e+00 6.853000e+00
    endloop
  endfacet
  facet normal -8.534135e-01 5.212345e-01 1.581921e-16
    outer loop
      vertex   -1.099275e+01 6.939704e+00 1.270600e+01
      vertex   -1.099275e+01 6.939704e+00 6.853000e+00
      vertex   -1.119357e+01 6.610905e+00 1.270600e+01
    endloop
  endfacet
  facet normal -8.534135e-01 5.212345e-01 1.799108e-16
    outer loop
      vertex   -1.119357e+01 6.610905e+00 1.270600e+01
      vertex   -1.099275e+01 6.939704e+00 6.853000e+00
      vertex   -1.119357e+01 6.610905e+00 6.853000e+00
    endloop
  endfacet
  facet normal -8.684846e-01 4.957161e-01 1.883571e-16
    outer loop
      vertex   -1.119357e+01 6.610905e+00 1.270600e+01
      vertex   -1.119357e+01 6.610905e+00 6.853000e+00
      vertex   -1.138455e+01 6.276299e+00 1.270600e+01
    endloop
  endfacet
  facet normal -8.684846e-01 4.957161e-01 -2.256711e-16
    outer loop
      vertex   -1.138455e+01 6.276299e+00 1.270600e+01
      vertex   -1.119357e+01 6.610905e+00 6.853000e+00
      vertex   -1.138455e+01 6.276299e+00 6.853000e+00
    endloop
  endfacet
  facet normal -8.827929e-01 4.697623e-01 -2.138558e-16
    outer loop
      vertex   -1.138455e+01 6.276299e+00 1.270600e+01
      vertex   -1.138455e+01 6.276299e+00 6.853000e+00
      vertex   -1.156554e+01 5.936180e+00 1.270600e+01
    endloop
  endfacet
  facet normal -8.827929e-01 4.697623e-01 -1.253528e-16
    outer loop
      vertex   -1.156554e+01 5.936180e+00 1.270600e+01
      vertex   -1.138455e+01 6.276299e+00 6.853000e+00
      vertex   -1.156554e+01 5.936180e+00 6.853000e+00
    endloop
  endfacet
  facet normal -8.963259e-01 4.433959e-01 -1.374620e-16
    outer loop
      vertex   -1.156554e+01 5.936180e+00 1.270600e+01
      vertex   -1.156554e+01 5.936180e+00 6.853000e+00
      vertex   -1.173637e+01 5.590848e+00 1.270600e+01
    endloop
  endfacet
  facet normal -8.963259e-01 4.433959e-01 2.018527e-16
    outer loop
      vertex   -1.173637e+01 5.590848e+00 1.270600e+01
      vertex   -1.156554e+01 5.936180e+00 6.853000e+00
      vertex   -1.173637e+01 5.590848e+00 6.853000e+00
    endloop
  endfacet
  facet normal -9.090715e-01 4.166401e-01 1.896723e-16
    outer loop
      vertex   -1.173637e+01 5.590848e+00 1.270600e+01
      vertex   -1.173637e+01 5.590848e+00 6.853000e+00
      vertex   -1.189689e+01 5.240605e+00 1.270600e+01
    endloop
  endfacet
  facet normal -9.090715e-01 4.166401e-01 1.896723e-16
    outer loop
      vertex   -1.189689e+01 5.240605e+00 1.270600e+01
      vertex   -1.173637e+01 5.590848e+00 6.853000e+00
      vertex   -1.189689e+01 5.240605e+00 6.853000e+00
    endloop
  endfacet
  facet normal -9.210187e-01 3.895183e-01 1.773253e-16
    outer loop
      vertex   -1.189689e+01 5.240605e+00 1.270600e+01
      vertex   -1.189689e+01 5.240605e+00 6.853000e+00
      vertex   -1.204696e+01 4.885759e+00 1.270600e+01
    endloop
  endfacet
  facet normal -9.210187e-01 3.895183e-01 -1.773253e-16
    outer loop
      vertex   -1.204696e+01 4.885759e+00 1.270600e+01
      vertex   -1.189689e+01 5.240605e+00 6.853000e+00
      vertex   -1.204696e+01 4.885759e+00 6.853000e+00
    endloop
  endfacet
  facet normal -9.321570e-01 3.620544e-01 -1.648226e-16
    outer loop
      vertex   -1.204696e+01 4.885759e+00 1.270600e+01
      vertex   -1.204696e+01 4.885759e+00 6.853000e+00
      vertex   -1.218646e+01 4.526621e+00 1.270600e+01
    endloop
  endfacet
  facet normal -9.321570e-01 3.620544e-01 1.648226e-16
    outer loop
      vertex   -1.218646e+01 4.526621e+00 1.270600e+01
      vertex   -1.204696e+01 4.885759e+00 6.853000e+00
      vertex   -1.218646e+01 4.526621e+00 6.853000e+00
    endloop
  endfacet
  facet normal -9.424765e-01 3.342724e-01 1.521751e-16
    outer loop
      vertex   -1.218646e+01 4.526621e+00 1.270600e+01
      vertex   -1.218646e+01 4.526621e+00 6.853000e+00
      vertex   -1.231524e+01 4.163508e+00 1.270600e+01
    endloop
  endfacet
  facet normal -9.424765e-01 3.342724e-01 -1.521751e-16
    outer loop
      vertex   -1.231524e+01 4.163508e+00 1.270600e+01
      vertex   -1.218646e+01 4.526621e+00 6.853000e+00
      vertex   -1.231524e+01 4.163508e+00 6.853000e+00
    endloop
  endfacet
  facet normal -9.519682e-01 3.061969e-01 -1.393939e-16
    outer loop
      vertex   -1.231524e+01 4.163508e+00 1.270600e+01
      vertex   -1.231524e+01 4.163508e+00 6.853000e+00
      vertex   -1.243321e+01 3.796738e+00 1.270600e+01
    endloop
  endfacet
  facet normal -9.519682e-01 3.061969e-01 -1.161616e-16
    outer loop
      vertex   -1.243321e+01 3.796738e+00 1.270600e+01
      vertex   -1.231524e+01 4.163508e+00 6.853000e+00
      vertex   -1.243321e+01 3.796738e+00 6.853000e+00
    endloop
  endfacet
  facet normal -9.606238e-01 2.778525e-01 -1.054086e-16
    outer loop
      vertex   -1.243321e+01 3.796738e+00 1.270600e+01
      vertex   -1.243321e+01 3.796738e+00 6.853000e+00
      vertex   -1.254026e+01 3.426633e+00 1.270600e+01
    endloop
  endfacet
  facet normal -9.606238e-01 2.778525e-01 1.264903e-16
    outer loop
      vertex   -1.254026e+01 3.426633e+00 1.270600e+01
      vertex   -1.243321e+01 3.796738e+00 6.853000e+00
      vertex   -1.254026e+01 3.426633e+00 6.853000e+00
    endloop
  endfacet
  facet normal -9.684356e-01 2.492640e-01 1.134756e-16
    outer loop
      vertex   -1.254026e+01 3.426633e+00 1.270600e+01
      vertex   -1.254026e+01 3.426633e+00 6.853000e+00
      vertex   -1.263630e+01 3.053519e+00 1.270600e+01
    endloop
  endfacet
  facet normal -9.684356e-01 2.492640e-01 -1.615273e-16
    outer loop
      vertex   -1.263630e+01 3.053519e+00 1.270600e+01
      vertex   -1.254026e+01 3.426633e+00 6.853000e+00
      vertex   -1.263630e+01 3.053519e+00 6.853000e+00
    endloop
  endfacet
  facet normal -9.753968e-01 2.204565e-01 -1.789401e-16
    outer loop
      vertex   -1.263630e+01 3.053519e+00 1.270600e+01
      vertex   -1.263630e+01 3.053519e+00 6.853000e+00
      vertex   -1.272123e+01 2.677722e+00 1.270600e+01
    endloop
  endfacet
  facet normal -9.753968e-01 2.204565e-01 -1.003612e-16
    outer loop
      vertex   -1.272123e+01 2.677722e+00 1.270600e+01
      vertex   -1.263630e+01 3.053519e+00 6.853000e+00
      vertex   -1.272123e+01 2.677722e+00 6.853000e+00
    endloop
  endfacet
  facet normal -9.815013e-01 1.914555e-01 -8.715870e-17
    outer loop
      vertex   -1.272123e+01 2.677722e+00 1.270600e+01
      vertex   -1.272123e+01 2.677722e+00 6.853000e+00
      vertex   -1.279500e+01 2.299574e+00 1.270600e+01
    endloop
  endfacet
  facet normal -9.815013e-01 1.914555e-01 -1.016851e-16
    outer loop
      vertex   -1.279500e+01 2.299574e+00 1.270600e+01
      vertex   -1.272123e+01 2.677722e+00 6.853000e+00
      vertex   -1.279500e+01 2.299574e+00 6.853000e+00
    endloop
  endfacet
  facet normal -9.867437e-01 1.622862e-01 -8.619289e-17
    outer loop
      vertex   -1.279500e+01 2.299574e+00 1.270600e+01
      vertex   -1.279500e+01 2.299574e+00 6.853000e+00
      vertex   -1.285752e+01 1.919405e+00 1.270600e+01
    endloop
  endfacet
  facet normal -9.867437e-01 1.622862e-01 -6.772298e-17
    outer loop
      vertex   -1.285752e+01 1.919405e+00 1.270600e+01
      vertex   -1.279500e+01 2.299574e+00 6.853000e+00
      vertex   -1.285752e+01 1.919405e+00 6.853000e+00
    endloop
  endfacet
  facet normal -9.911195e-01 1.329745e-01 -5.549101e-17
    outer loop
      vertex   -1.285752e+01 1.919405e+00 1.270600e+01
      vertex   -1.285752e+01 1.919405e+00 6.853000e+00
      vertex   -1.290875e+01 1.537551e+00 1.270600e+01
    endloop
  endfacet
  facet normal -9.911195e-01 1.329745e-01 -6.053565e-17
    outer loop
      vertex   -1.290875e+01 1.537551e+00 1.270600e+01
      vertex   -1.285752e+01 1.919405e+00 6.853000e+00
      vertex   -1.290875e+01 1.537551e+00 6.853000e+00
    endloop
  endfacet
  facet normal -9.946247e-01 1.035459e-01 -4.713851e-17
    outer loop
      vertex   -1.290875e+01 1.537551e+00 1.270600e+01
      vertex   -1.290875e+01 1.537551e+00 6.853000e+00
      vertex   -1.294865e+01 1.154347e+00 1.270600e+01
    endloop
  endfacet
  facet normal -9.946247e-01 1.035459e-01 -4.713851e-17
    outer loop
      vertex   -1.294865e+01 1.154347e+00 1.270600e+01
      vertex   -1.290875e+01 1.537551e+00 6.853000e+00
      vertex   -1.294865e+01 1.154347e+00 6.853000e+00
    endloop
  endfacet
  facet normal -9.972563e-01 7.402639e-02 -3.369997e-17
    outer loop
      vertex   -1.294865e+01 1.154347e+00 1.270600e+01
      vertex   -1.294865e+01 1.154347e+00 6.853000e+00
      vertex   -1.297717e+01 7.701282e-01 1.270600e+01
    endloop
  endfacet
  facet normal -9.972563e-01 7.402639e-02 4.212496e-17
    outer loop
      vertex   -1.297717e+01 7.701282e-01 1.270600e+01
      vertex   -1.294865e+01 1.154347e+00 6.853000e+00
      vertex   -1.297717e+01 7.701282e-01 6.853000e+00
    endloop
  endfacet
  facet normal -9.990120e-01 4.444186e-02 2.528979e-17
    outer loop
      vertex   -1.297717e+01 7.701282e-01 1.270600e+01
      vertex   -1.297717e+01 7.701282e-01 6.853000e+00
      vertex   -1.299429e+01 3.852333e-01 1.270600e+01
    endloop
  endfacet
  facet normal -9.990120e-01 4.444186e-02 2.402530e-17
    outer loop
      vertex   -1.299429e+01 3.852333e-01 1.270600e+01
      vertex   -1.297717e+01 7.701282e-01 6.853000e+00
      vertex   -1.299429e+01 3.852333e-01 6.853000e+00
    endloop
  endfacet
  facet normal -9.998902e-01 1.481829e-02 8.010778e-18
    outer loop
      vertex   -1.299429e+01 3.852333e-01 1.270600e+01
      vertex   -1.299429e+01 3.852333e-01 6.853000e+00
      vertex   -1.300000e+01 -1.592041e-15 1.270600e+01
    endloop
  endfacet
  facet normal -9.998902e-01 1.481829e-02 0.000000e+00
    outer loop
      vertex   -1.300000e+01 -1.592041e-15 1.270600e+01
      vertex   -1.299429e+01 3.852333e-01 6.853000e+00
      vertex   -1.300000e+01 -1.592041e-15 6.853000e+00
    endloop
  endfacet
  facet normal -9.998902e-01 -1.481829e-02 -0.000000e+00
    outer loop
      vertex   -1.300000e+01 -1.592041e-15 1.270600e+01
      vertex   -1.300000e+01 -1.592041e-15 6.853000e+00
      vertex   -1.299429e+01 -3.852333e-01 1.270600e+01
    endloop
  endfacet
  facet normal -9.998902e-01 -1.481829e-02 -1.461616e-17
    outer loop
      vertex   -1.299429e+01 -3.852333e-01 1.270600e+01
      vertex   -1.300000e+01 -1.592041e-15 6.853000e+00
      vertex   -1.299429e+01 -3.852333e-01 6.853000e+00
    endloop
  endfacet
  facet normal -9.990120e-01 -4.444186e-02 -4.383563e-17
    outer loop
      vertex   -1.299429e+01 -3.852333e-01 1.270600e+01
      vertex   -1.299429e+01 -3.852333e-01 6.853000e+00
      vertex   -1.297717e+01 -7.701282e-01 1.270600e+01
    endloop
  endfacet
  facet normal -9.990120e-01 -4.444186e-02 2.593596e-16
    outer loop
      vertex   -1.297717e+01 -7.701282e-01 1.270600e+01
      vertex   -1.299429e+01 -3.852333e-01 6.853000e+00
      vertex   -1.297717e+01 -7.701282e-01 6.853000e+00
    endloop
  endfacet
  facet normal -9.972563e-01 -7.402639e-02 2.296458e-16
    outer loop
      vertex   -1.297717e+01 -7.701282e-01 1.270600e+01
      vertex   -1.297717e+01 -7.701282e-01 6.853000e+00
      vertex   -1.294865e+01 -1.154347e+00 1.270600e+01
    endloop
  endfacet
  facet normal -9.972563e-01 -7.402639e-02 -0.000000e+00
    outer loop
      vertex   -1.294865e+01 -1.154347e+00 1.270600e+01
      vertex   -1.297717e+01 -7.701282e-01 6.853000e+00
      vertex   -1.294865e+01 -1.154347e+00 6.853000e+00
    endloop
  endfacet
  facet normal -9.946247e-01 -1.035459e-01 -0.000000e+00
    outer loop
      vertex   -1.294865e+01 -1.154347e+00 1.270600e+01
      vertex   -1.294865e+01 -1.154347e+00 6.853000e+00
      vertex   -1.290875e+01 -1.537551e+00 1.270600e+01
    endloop
  endfacet
  facet normal -9.946247e-01 -1.035459e-01 -0.000000e+00
    outer loop
      vertex   -1.290875e+01 -1.537551e+00 1.270600e+01
      vertex   -1.294865e+01 -1.154347e+00 6.853000e+00
      vertex   -1.290875e+01 -1.537551e+00 6.853000e+00
    endloop
  endfacet
  facet normal -9.911195e-01 -1.329745e-01 -0.000000e+00
    outer loop
      vertex   -1.290875e+01 -1.537551e+00 1.270600e+01
      vertex   -1.290875e+01 -1.537551e+00 6.853000e+00
      vertex   -1.285752e+01 -1.919405e+00 1.270600e+01
    endloop
  endfacet
  facet normal -9.911195e-01 -1.329745e-01 -0.000000e+00
    outer loop
      vertex   -1.285752e+01 -1.919405e+00 1.270600e+01
      vertex   -1.290875e+01 -1.537551e+00 6.853000e+00
      vertex   -1.285752e+01 -1.919405e+00 6.853000e+00
    endloop
  endfacet
  facet normal -9.867437e-01 -1.622862e-01 -0.000000e+00
    outer loop
      vertex   -1.285752e+01 -1.919405e+00 1.270600e+01
      vertex   -1.285752e+01 -1.919405e+00 6.853000e+00
      vertex   -1.279500e+01 -2.299574e+00 1.270600e+01
    endloop
  endfacet
  facet normal -9.867437e-01 -1.622862e-01 -0.000000e+00
    outer loop
      vertex   -1.279500e+01 -2.299574e+00 1.270600e+01
      vertex   -1.285752e+01 -1.919405e+00 6.853000e+00
      vertex   -1.279500e+01 -2.299574e+00 6.853000e+00
    endloop
  endfacet
  facet normal -9.815013e-01 -1.914555e-01 -0.000000e+00
    outer loop
      vertex   -1.279500e+01 -2.299574e+00 1.270600e+01
      vertex   -1.279500e+01 -2.299574e+00 6.853000e+00
      vertex   -1.272123e+01 -2.677722e+00 1.270600e+01
    endloop
  endfacet
  facet normal -9.815013e-01 -1.914555e-01 -0.000000e+00
    outer loop
      vertex   -1.272123e+01 -2.677722e+00 1.270600e+01
      vertex   -1.279500e+01 -2.299574e+00 6.853000e+00
      vertex   -1.272123e+01 -2.677722e+00 6.853000e+00
    endloop
  endfacet
  facet normal -9.753968e-01 -2.204565e-01 -0.000000e+00
    outer loop
      vertex   -1.272123e+01 -2.677722e+00 1.270600e+01
      vertex   -1.272123e+01 -2.677722e+00 6.853000e+00
      vertex   -1.263630e+01 -3.053519e+00 1.270600e+01
    endloop
  endfacet
  facet normal -9.753968e-01 -2.204565e-01 3.746070e-16
    outer loop
      vertex   -1.263630e+01 -3.053519e+00 1.270600e+01
      vertex   -1.272123e+01 -2.677722e+00 6.853000e+00
      vertex   -1.263630e+01 -3.053519e+00 6.853000e+00
    endloop
  endfacet
  facet normal -9.684356e-01 -2.492640e-01 3.419671e-16
    outer loop
      vertex   -1.263630e+01 -3.053519e+00 1.270600e+01
      vertex   -1.263630e+01 -3.053519e+00 6.853000e+00
      vertex   -1.254026e+01 -3.426633e+00 1.270600e+01
    endloop
  endfacet
  facet normal -9.684356e-01 -2.492640e-01 4.805167e-17
    outer loop
      vertex   -1.254026e+01 -3.426633e+00 1.270600e+01
      vertex   -1.263630e+01 -3.053519e+00 6.853000e+00
      vertex   -1.254026e+01 -3.426633e+00 6.853000e+00
    endloop
  endfacet
  facet normal -9.606238e-01 -2.778525e-01 1.748229e-17
    outer loop
      vertex   -1.254026e+01 -3.426633e+00 1.270600e+01
      vertex   -1.254026e+01 -3.426633e+00 6.853000e+00
      vertex   -1.243321e+01 -3.796738e+00 1.270600e+01
    endloop
  endfacet
  facet normal -9.606238e-01 -2.778525e-01 -0.000000e+00
    outer loop
      vertex   -1.243321e+01 -3.796738e+00 1.270600e+01
      vertex   -1.254026e+01 -3.426633e+00 6.853000e+00
      vertex   -1.243321e+01 -3.796738e+00 6.853000e+00
    endloop
  endfacet
  facet normal -9.519682e-01 -3.061969e-01 -0.000000e+00
    outer loop
      vertex   -1.243321e+01 -3.796738e+00 1.270600e+01
      vertex   -1.243321e+01 -3.796738e+00 6.853000e+00
      vertex   -1.231524e+01 -4.163508e+00 1.270600e+01
    endloop
  endfacet
  facet normal -9.519682e-01 -3.061969e-01 -0.000000e+00
    outer loop
      vertex   -1.231524e+01 -4.163508e+00 1.270600e+01
      vertex   -1.243321e+01 -3.796738e+00 6.853000e+00
      vertex   -1.231524e+01 -4.163508e+00 6.853000e+00
    endloop
  endfacet
  facet normal -9.424765e-01 -3.342724e-01 -0.000000e+00
    outer loop
      vertex   -1.231524e+01 -4.163508e+00 1.270600e+01
      vertex   -1.231524e+01 -4.163508e+00 6.853000e+00
      vertex   -1.218646e+01 -4.526621e+00 1.270600e+01
    endloop
  endfacet
  facet normal -9.424765e-01 -3.342724e-01 -0.000000e+00
    outer loop
      vertex   -1.218646e+01 -4.526621e+00 1.270600e+01
      vertex   -1.231524e+01 -4.163508e+00 6.853000e+00
      vertex   -1.218646e+01 -4.526621e+00 6.853000e+00
    endloop
  endfacet
  facet normal -9.321570e-01 -3.620544e-01 -0.000000e+00
    outer loop
      vertex   -1.218646e+01 -4.526621e+00 1.270600e+01
      vertex   -1.218646e+01 -4.526621e+00 6.853000e+00
      vertex   -1.204696e+01 -4.885759e+00 1.270600e+01
    endloop
  endfacet
  facet normal -9.321570e-01 -3.620544e-01 -0.000000e+00
    outer loop
      vertex   -1.204696e+01 -4.885759e+00 1.270600e+01
      vertex   -1.218646e+01 -4.526621e+00 6.853000e+00
      vertex   -1.204696e+01 -4.885759e+00 6.853000e+00
    endloop
  endfacet
  facet normal -9.210187e-01 -3.895183e-01 -0.000000e+00
    outer loop
      vertex   -1.204696e+01 -4.885759e+00 1.270600e+01
      vertex   -1.204696e+01 -4.885759e+00 6.853000e+00
      vertex   -1.189689e+01 -5.240605e+00 1.270600e+01
    endloop
  endfacet
  facet normal -9.210187e-01 -3.895183e-01 -7.512599e-17
    outer loop
      vertex   -1.189689e+01 -5.240605e+00 1.270600e+01
      vertex   -1.204696e+01 -4.885759e+00 6.853000e+00
      vertex   -1.189689e+01 -5.240605e+00 6.853000e+00
    endloop
  endfacet
  facet normal -9.090715e-01 -4.166401e-01 -1.034459e-16
    outer loop
      vertex   -1.189689e+01 -5.240605e+00 1.270600e+01
      vertex   -1.189689e+01 -5.240605e+00 6.853000e+00
      vertex   -1.173637e+01 -5.590848e+00 1.270600e+01
    endloop
  endfacet
  facet normal -9.090715e-01 -4.166401e-01 -4.022179e-17
    outer loop
      vertex   -1.173637e+01 -5.590848e+00 1.270600e+01
      vertex   -1.189689e+01 -5.240605e+00 6.853000e+00
      vertex   -1.173637e+01 -5.590848e+00 6.853000e+00
    endloop
  endfacet
  facet normal -8.963259e-01 -4.433959e-01 -6.439070e-17
    outer loop
      vertex   -1.173637e+01 -5.590848e+00 1.270600e+01
      vertex   -1.173637e+01 -5.590848e+00 6.853000e+00
      vertex   -1.156554e+01 -5.936180e+00 1.270600e+01
    endloop
  endfacet
  facet normal -8.963259e-01 -4.433959e-01 -0.000000e+00
    outer loop
      vertex   -1.156554e+01 -5.936180e+00 1.270600e+01
      vertex   -1.173637e+01 -5.590848e+00 6.853000e+00
      vertex   -1.156554e+01 -5.936180e+00 6.853000e+00
    endloop
  endfacet
  facet normal -8.827929e-01 -4.697623e-01 -0.000000e+00
    outer loop
      vertex   -1.156554e+01 -5.936180e+00 1.270600e+01
      vertex   -1.156554e+01 -5.936180e+00 6.853000e+00
      vertex   -1.138455e+01 -6.276299e+00 1.270600e+01
    endloop
  endfacet
  facet normal -8.827929e-01 -4.697623e-01 -0.000000e+00
    outer loop
      vertex   -1.138455e+01 -6.276299e+00 1.270600e+01
      vertex   -1.156554e+01 -5.936180e+00 6.853000e+00
      vertex   -1.138455e+01 -6.276299e+00 6.853000e+00
    endloop
  endfacet
  facet normal -8.684846e-01 -4.957161e-01 -0.000000e+00
    outer loop
      vertex   -1.138455e+01 -6.276299e+00 1.270600e+01
      vertex   -1.138455e+01 -6.276299e+00 6.853000e+00
      vertex   -1.119357e+01 -6.610905e+00 1.270600e+01
    endloop
  endfacet
  facet normal -8.684846e-01 -4.957161e-01 -0.000000e+00
    outer loop
      vertex   -1.119357e+01 -6.610905e+00 1.270600e+01
      vertex   -1.138455e+01 -6.276299e+00 6.853000e+00
      vertex   -1.119357e+01 -6.610905e+00 6.853000e+00
    endloop
  endfacet
  facet normal -8.534135e-01 -5.212345e-01 -0.000000e+00
    outer loop
      vertex   -1.119357e+01 -6.610905e+00 1.270600e+01
      vertex   -1.119357e+01 -6.610905e+00 6.853000e+00
      vertex   -1.099275e+01 -6.939704e+00 1.270600e+01
    endloop
  endfacet
  facet normal -8.534135e-01 -5.212345e-01 -0.000000e+00
    outer loop
      vertex   -1.099275e+01 -6.939704e+00 1.270600e+01
      vertex   -1.119357e+01 -6.610905e+00 6.853000e+00
      vertex   -1.099275e+01 -6.939704e+00 6.853000e+00
    endloop
  endfacet
  facet normal -8.375928e-01 -5.462951e-01 -0.000000e+00
    outer loop
      vertex   -1.099275e+01 -6.939704e+00 1.270600e+01
      vertex   -1.099275e+01 -6.939704e+00 6.853000e+00
      vertex   -1.078227e+01 -7.262408e+00 1.270600e+01
    endloop
  endfacet
  facet normal -8.375928e-01 -5.462951e-01 -0.000000e+00
    outer loop
      vertex   -1.078227e+01 -7.262408e+00 1.270600e+01
      vertex   -1.099275e+01 -6.939704e+00 6.853000e+00
      vertex   -1.078227e+01 -7.262408e+00 6.853000e+00
    endloop
  endfacet
  facet normal -8.210364e-01 -5.708758e-01 -0.000000e+00
    outer loop
      vertex   -1.078227e+01 -7.262408e+00 1.270600e+01
      vertex   -1.078227e+01 -7.262408e+00 6.853000e+00
      vertex   -1.056233e+01 -7.578733e+00 1.270600e+01
    endloop
  endfacet
  facet normal -8.210364e-01 -5.708758e-01 -1.839645e-16
    outer loop
      vertex   -1.056233e+01 -7.578733e+00 1.270600e+01
      vertex   -1.078227e+01 -7.262408e+00 6.853000e+00
      vertex   -1.056233e+01 -7.578733e+00 6.853000e+00
    endloop
  endfacet
  facet normal -8.037589e-01 -5.949551e-01 -2.074780e-16
    outer loop
      vertex   -1.056233e+01 -7.578733e+00 1.270600e+01
      vertex   -1.056233e+01 -7.578733e+00 6.853000e+00
      vertex   -1.033311e+01 -7.888402e+00 1.270600e+01
    endloop
  endfacet
  facet normal -8.037589e-01 -5.949551e-01 1.901128e-16
    outer loop
      vertex   -1.033311e+01 -7.888402e+00 1.270600e+01
      vertex   -1.056233e+01 -7.578733e+00 6.853000e+00
      vertex   -1.033311e+01 -7.888402e+00 6.853000e+00
    endloop
  endfacet
  facet normal -7.857754e-01 -6.185119e-01 1.522910e-16
    outer loop
      vertex   -1.033311e+01 -7.888402e+00 1.270600e+01
      vertex   -1.033311e+01 -7.888402e+00 6.853000e+00
      vertex   -1.009481e+01 -8.191142e+00 1.270600e+01
    endloop
  endfacet
  facet normal -7.857754e-01 -6.185119e-01 -0.000000e+00
    outer loop
      vertex   -1.009481e+01 -8.191142e+00 1.270600e+01
      vertex   -1.033311e+01 -7.888402e+00 6.853000e+00
      vertex   -1.009481e+01 -8.191142e+00 6.853000e+00
    endloop
  endfacet
  facet normal -7.671018e-01 -6.415254e-01 -0.000000e+00
    outer loop
      vertex   -1.009481e+01 -8.191142e+00 1.270600e+01
      vertex   -1.009481e+01 -8.191142e+00 6.853000e+00
      vertex   -9.847646e+00 -8.486688e+00 1.270600e+01
    endloop
  endfacet
  facet normal -7.671018e-01 -6.415254e-01 -0.000000e+00
    outer loop
      vertex   -9.847646e+00 -8.486688e+00 1.270600e+01
      vertex   -1.009481e+01 -8.191142e+00 6.853000e+00
      vertex   -9.847646e+00 -8.486688e+00 6.853000e+00
    endloop
  endfacet
  facet normal -7.477544e-01 -6.639755e-01 -0.000000e+00
    outer loop
      vertex   -9.847646e+00 -8.486688e+00 1.270600e+01
      vertex   -9.847646e+00 -8.486688e+00 6.853000e+00
      vertex   -9.591833e+00 -8.774779e+00 1.270600e+01
    endloop
  endfacet
  facet normal -7.477544e-01 -6.639755e-01 -0.000000e+00
    outer loop
      vertex   -9.591833e+00 -8.774779e+00 1.270600e+01
      vertex   -9.847646e+00 -8.486688e+00 6.853000e+00
      vertex   -9.591833e+00 -8.774779e+00 6.853000e+00
    endloop
  endfacet
  facet normal -7.277502e-01 -6.858423e-01 -0.000000e+00
    outer loop
      vertex   -9.591833e+00 -8.774779e+00 1.270600e+01
      vertex   -9.591833e+00 -8.774779e+00 6.853000e+00
      vertex   -9.327594e+00 -9.055163e+00 1.270600e+01
    endloop
  endfacet
  facet normal -7.277502e-01 -6.858423e-01 -0.000000e+00
    outer loop
      vertex   -9.327594e+00 -9.055163e+00 1.270600e+01
      vertex   -9.591833e+00 -8.774779e+00 6.853000e+00
      vertex   -9.327594e+00 -9.055163e+00 6.853000e+00
    endloop
  endfacet
  facet normal -7.071068e-01 -7.071068e-01 -0.000000e+00
    outer loop
      vertex   -9.327594e+00 -9.055163e+00 1.270600e+01
      vertex   -9.327594e+00 -9.055163e+00 6.853000e+00
      vertex   -9.055163e+00 -9.327594e+00 1.270600e+01
    endloop
  endfacet
  facet normal -7.071068e-01 -7.071068e-01 -4.197896e-30
    outer loop
      vertex   -9.055163e+00 -9.327594e+00 1.270600e+01
      vertex   -9.327594e+00 -9.055163e+00 6.853000e+00
      vertex   -9.055163e+00 -9.327594e+00 6.853000e+00
    endloop
  endfacet
  facet normal -6.858423e-01 -7.277502e-01 -3.815649e-17
    outer loop
      vertex   -9.055163e+00 -9.327594e+00 1.270600e+01
      vertex   -9.055163e+00 -9.327594e+00 6.853000e+00
      vertex   -8.774779e+00 -9.591833e+00 1.270600e+01
    endloop
  endfacet
  facet normal -6.858423e-01 -7.277502e-01 -2.543766e-17
    outer loop
      vertex   -8.774779e+00 -9.591833e+00 1.270600e+01
      vertex   -9.055163e+00 -9.327594e+00 6.853000e+00
      vertex   -8.774779e+00 -9.591833e+00 6.853000e+00
    endloop
  endfacet
  facet normal -6.639755e-01 -7.477544e-01 -5.085297e-17
    outer loop
      vertex   -8.774779e+00 -9.591833e+00 1.270600e+01
      vertex   -8.774779e+00 -9.591833e+00 6.853000e+00
      vertex   -8.486688e+00 -9.847646e+00 1.270600e+01
    endloop
  endfacet
  facet normal -6.639755e-01 -7.477544e-01 -0.000000e+00
    outer loop
      vertex   -8.486688e+00 -9.847646e+00 1.270600e+01
      vertex   -8.774779e+00 -9.591833e+00 6.853000e+00
      vertex   -8.486688e+00 -9.847646e+00 6.853000e+00
    endloop
  endfacet
  facet normal -6.415254e-01 -7.671018e-01 -0.000000e+00
    outer loop
      vertex   -8.486688e+00 -9.847646e+00 1.270600e+01
      vertex   -8.486688e+00 -9.847646e+00 6.853000e+00
      vertex   -8.191142e+00 -1.009481e+01 1.270600e+01
    endloop
  endfacet
  facet normal -6.415254e-01 -7.671018e-01 -0.000000e+00
    outer loop
      vertex   -8.191142e+00 -1.009481e+01 1.270600e+01
      vertex   -8.486688e+00 -9.847646e+00 6.853000e+00
      vertex   -8.191142e+00 -1.009481e+01 6.853000e+00
    endloop
  endfacet
  facet normal -6.185119e-01 -7.857754e-01 -0.000000e+00
    outer loop
      vertex   -8.191142e+00 -1.009481e+01 1.270600e+01
      vertex   -8.191142e+00 -1.009481e+01 6.853000e+00
      vertex   -7.888402e+00 -1.033311e+01 1.270600e+01
    endloop
  endfacet
  facet normal -6.185119e-01 -7.857754e-01 -0.000000e+00
    outer loop
      vertex   -7.888402e+00 -1.033311e+01 1.270600e+01
      vertex   -8.191142e+00 -1.009481e+01 6.853000e+00
      vertex   -7.888402e+00 -1.033311e+01 6.853000e+00
    endloop
  endfacet
  facet normal -5.949551e-01 -8.037589e-01 -0.000000e+00
    outer loop
      vertex   -7.888402e+00 -1.033311e+01 1.270600e+01
      vertex   -7.888402e+00 -1.033311e+01 6.853000e+00
      vertex   -7.578733e+00 -1.056233e+01 1.270600e+01
    endloop
  endfacet
  facet normal -5.949551e-01 -8.037589e-01 -0.000000e+00
    outer loop
      vertex   -7.578733e+00 -1.056233e+01 1.270600e+01
      vertex   -7.888402e+00 -1.033311e+01 6.853000e+00
      vertex   -7.578733e+00 -1.056233e+01 6.853000e+00
    endloop
  endfacet
  facet normal -5.708758e-01 -8.210364e-01 -0.000000e+00
    outer loop
      vertex   -7.578733e+00 -1.056233e+01 1.270600e+01
      vertex   -7.578733e+00 -1.056233e+01 6.853000e+00
      vertex   -7.262408e+00 -1.078227e+01 1.270600e+01
    endloop
  endfacet
  facet normal -5.708758e-01 -8.210364e-01 -0.000000e+00
    outer loop
      vertex   -7.262408e+00 -1.078227e+01 1.270600e+01
      vertex   -7.578733e+00 -1.056233e+01 6.853000e+00
      vertex   -7.262408e+00 -1.078227e+01 6.853000e+00
    endloop
  endfacet
  facet normal -5.462951e-01 -8.375928e-01 -0.000000e+00
    outer loop
      vertex   -7.262408e+00 -1.078227e+01 1.270600e+01
      vertex   -7.262408e+00 -1.078227e+01 6.853000e+00
      vertex   -6.939704e+00 -1.099275e+01 1.270600e+01
    endloop
  endfacet
  facet normal -5.462951e-01 -8.375928e-01 -0.000000e+00
    outer loop
      vertex   -6.939704e+00 -1.099275e+01 1.270600e+01
      vertex   -7.262408e+00 -1.078227e+01 6.853000e+00
      vertex   -6.939704e+00 -1.099275e+01 6.853000e+00
    endloop
  endfacet
  facet normal -5.212345e-01 -8.534135e-01 -0.000000e+00
    outer loop
      vertex   -6.939704e+00 -1.099275e+01 1.270600e+01
      vertex   -6.939704e+00 -1.099275e+01 6.853000e+00
      vertex   -6.610905e+00 -1.119357e+01 1.270600e+01
    endloop
  endfacet
  facet normal -5.212345e-01 -8.534135e-01 -0.000000e+00
    outer loop
      vertex   -6.610905e+00 -1.119357e+01 1.270600e+01
      vertex   -6.939704e+00 -1.099275e+01 6.853000e+00
      vertex   -6.610905e+00 -1.119357e+01 6.853000e+00
    endloop
  endfacet
  facet normal -4.957161e-01 -8.684846e-01 -0.000000e+00
    outer loop
      vertex   -6.610905e+00 -1.119357e+01 1.270600e+01
      vertex   -6.610905e+00 -1.119357e+01 6.853000e+00
      vertex   -6.276299e+00 -1.138455e+01 1.270600e+01
    endloop
  endfacet
  facet normal -4.957161e-01 -8.684846e-01 -0.000000e+00
    outer loop
      vertex   -6.276299e+00 -1.138455e+01 1.270600e+01
      vertex   -6.610905e+00 -1.119357e+01 6.853000e+00
      vertex   -6.276299e+00 -1.138455e+01 6.853000e+00
    endloop
  endfacet
  facet normal -4.697623e-01 -8.827929e-01 -0.000000e+00
    outer loop
      vertex   -6.276299e+00 -1.138455e+01 1.270600e+01
      vertex   -6.276299e+00 -1.138455e+01 6.853000e+00
      vertex   -5.936180e+00 -1.156554e+01 1.270600e+01
    endloop
  endfacet
  facet normal -4.697623e-01 -8.827929e-01 -0.000000e+00
    outer loop
      vertex   -5.936180e+00 -1.156554e+01 1.270600e+01
      vertex   -6.276299e+00 -1.138455e+01 6.853000e+00
      vertex   -5.936180e+00 -1.156554e+01 6.853000e+00
    endloop
  endfacet
  facet normal -4.433959e-01 -8.963259e-01 -0.000000e+00
    outer loop
      vertex   -5.936180e+00 -1.156554e+01 1.270600e+01
      vertex   -5.936180e+00 -1.156554e+01 6.853000e+00
      vertex   -5.590848e+00 -1.173637e+01 1.270600e+01
    endloop
  endfacet
  facet normal -4.433959e-01 -8.963259e-01 -0.000000e+00
    outer loop
      vertex   -5.590848e+00 -1.173637e+01 1.270600e+01
      vertex   -5.936180e+00 -1.156554e+01 6.853000e+00
      vertex   -5.590848e+00 -1.173637e+01 6.853000e+00
    endloop
  endfacet
  facet normal -4.166401e-01 -9.090715e-01 -0.000000e+00
    outer loop
      vertex   -5.590848e+00 -1.173637e+01 1.270600e+01
      vertex   -5.590848e+00 -1.173637e+01 6.853000e+00
      vertex   -5.240605e+00 -1.189689e+01 1.270600e+01
    endloop
  endfacet
  facet normal -4.166401e-01 -9.090715e-01 -0.000000e+00
    outer loop
      vertex   -5.240605e+00 -1.189689e+01 1.270600e+01
      vertex   -5.590848e+00 -1.173637e+01 6.853000e+00
      vertex   -5.240605e+00 -1.189689e+01 6.853000e+00
    endloop
  endfacet
  facet normal -3.895183e-01 -9.210187e-01 -0.000000e+00
    outer loop
      vertex   -5.240605e+00 -1.189689e+01 1.270600e+01
      vertex   -5.240605e+00 -1.189689e+01 6.853000e+00
      vertex   -4.885759e+00 -1.204696e+01 1.270600e+01
    endloop
  endfacet
  facet normal -3.895183e-01 -9.210187e-01 -0.000000e+00
    outer loop
      vertex   -4.885759e+00 -1.204696e+01 1.270600e+01
      vertex   -5.240605e+00 -1.189689e+01 6.853000e+00
      vertex   -4.885759e+00 -1.204696e+01 6.853000e+00
    endloop
  endfacet
  facet normal -3.620544e-01 -9.321570e-01 -0.000000e+00
    outer loop
      vertex   -4.885759e+00 -1.204696e+01 1.270600e+01
      vertex   -4.885759e+00 -1.204696e+01 6.853000e+00
      vertex   -4.526621e+00 -1.218646e+01 1.270600e+01
    endloop
  endfacet
  facet normal -3.620544e-01 -9.321570e-01 -0.000000e+00
    outer loop
      vertex   -4.526621e+00 -1.218646e+01 1.270600e+01
      vertex   -4.885759e+00 -1.204696e+01 6.853000e+00
      vertex   -4.526621e+00 -1.218646e+01 6.853000e+00
    endloop
  endfacet
  facet normal -3.342724e-01 -9.424765e-01 -0.000000e+00
    outer loop
      vertex   -4.526621e+00 -1.218646e+01 1.270600e+01
      vertex   -4.526621e+00 -1.218646e+01 6.853000e+00
      vertex   -4.163508e+00 -1.231524e+01 1.270600e+01
    endloop
  endfacet
  facet normal -3.342724e-01 -9.424765e-01 1.831315e-17
    outer loop
      vertex   -4.163508e+00 -1.231524e+01 1.270600e+01
      vertex   -4.526621e+00 -1.218646e+01 6.853000e+00
      vertex   -4.163508e+00 -1.231524e+01 6.853000e+00
    endloop
  endfacet
  facet normal -3.061969e-01 -9.519682e-01 -1.012988e-17
    outer loop
      vertex   -4.163508e+00 -1.231524e+01 1.270600e+01
      vertex   -4.163508e+00 -1.231524e+01 6.853000e+00
      vertex   -3.796738e+00 -1.243321e+01 1.270600e+01
    endloop
  endfacet
  facet normal -3.061969e-01 -9.519682e-01 1.626262e-16
    outer loop
      vertex   -3.796738e+00 -1.243321e+01 1.270600e+01
      vertex   -4.163508e+00 -1.231524e+01 6.853000e+00
      vertex   -3.796738e+00 -1.243321e+01 6.853000e+00
    endloop
  endfacet
  facet normal -2.778525e-01 -9.606238e-01 1.475720e-16
    outer loop
      vertex   -3.796738e+00 -1.243321e+01 1.270600e+01
      vertex   -3.796738e+00 -1.243321e+01 6.853000e+00
      vertex   -3.426633e+00 -1.254026e+01 1.270600e+01
    endloop
  endfacet
  facet normal -2.778525e-01 -9.606238e-01 8.432687e-17
    outer loop
      vertex   -3.426633e+00 -1.254026e+01 1.270600e+01
      vertex   -3.796738e+00 -1.243321e+01 6.853000e+00
      vertex   -3.426633e+00 -1.254026e+01 6.853000e+00
    endloop
  endfacet
  facet normal -2.492640e-01 -9.684356e-01 7.565040e-17
    outer loop
      vertex   -3.426633e+00 -1.254026e+01 1.270600e+01
      vertex   -3.426633e+00 -1.254026e+01 6.853000e+00
      vertex   -3.053519e+00 -1.263630e+01 1.270600e+01
    endloop
  endfacet
  facet normal -2.492640e-01 -9.684356e-01 -0.000000e+00
    outer loop
      vertex   -3.053519e+00 -1.263630e+01 1.270600e+01
      vertex   -3.426633e+00 -1.254026e+01 6.853000e+00
      vertex   -3.053519e+00 -1.263630e+01 6.853000e+00
    endloop
  endfacet
  facet normal -2.204565e-01 -9.753968e-01 -0.000000e+00
    outer loop
      vertex   -3.053519e+00 -1.263630e+01 1.270600e+01
      vertex   -3.053519e+00 -1.263630e+01 6.853000e+00
      vertex   -2.677722e+00 -1.272123e+01 1.270600e+01
    endloop
  endfacet
  facet normal -2.204565e-01 -9.753968e-01 -0.000000e+00
    outer loop
      vertex   -2.677722e+00 -1.272123e+01 1.270600e+01
      vertex   -3.053519e+00 -1.263630e+01 6.853000e+00
      vertex   -2.677722e+00 -1.272123e+01 6.853000e+00
    endloop
  endfacet
  facet normal -1.914555e-01 -9.815013e-01 -0.000000e+00
    outer loop
      vertex   -2.677722e+00 -1.272123e+01 1.270600e+01
      vertex   -2.677722e+00 -1.272123e+01 6.853000e+00
      vertex   -2.299574e+00 -1.279500e+01 1.270600e+01
    endloop
  endfacet
  facet normal -1.914555e-01 -9.815013e-01 -0.000000e+00
    outer loop
      vertex   -2.299574e+00 -1.279500e+01 1.270600e+01
      vertex   -2.677722e+00 -1.272123e+01 6.853000e+00
      vertex   -2.299574e+00 -1.279500e+01 6.853000e+00
    endloop
  endfacet
  facet normal -1.622862e-01 -9.867437e-01 -0.000000e+00
    outer loop
      vertex   -2.299574e+00 -1.279500e+01 1.270600e+01
      vertex   -2.299574e+00 -1.279500e+01 6.853000e+00
      vertex   -1.919405e+00 -1.285752e+01 1.270600e+01
    endloop
  endfacet
  facet normal -1.622862e-01 -9.867437e-01 -0.000000e+00
    outer loop
      vertex   -1.919405e+00 -1.285752e+01 1.270600e+01
      vertex   -2.299574e+00 -1.279500e+01 6.853000e+00
      vertex   -1.919405e+00 -1.285752e+01 6.853000e+00
    endloop
  endfacet
  facet normal -1.329745e-01 -9.911195e-01 -0.000000e+00
    outer loop
      vertex   -1.919405e+00 -1.285752e+01 1.270600e+01
      vertex   -1.919405e+00 -1.285752e+01 6.853000e+00
      vertex   -1.537551e+00 -1.290875e+01 1.270600e+01
    endloop
  endfacet
  facet normal -1.329745e-01 -9.911195e-01 1.311606e-16
    outer loop
      vertex   -1.537551e+00 -1.290875e+01 1.270600e+01
      vertex   -1.919405e+00 -1.285752e+01 6.853000e+00
      vertex   -1.537551e+00 -1.290875e+01 6.853000e+00
    endloop
  endfacet
  facet normal -1.035459e-01 -9.946247e-01 1.021334e-16
    outer loop
      vertex   -1.537551e+00 -1.290875e+01 1.270600e+01
      vertex   -1.537551e+00 -1.290875e+01 6.853000e+00
      vertex   -1.154347e+00 -1.294865e+01 1.270600e+01
    endloop
  endfacet
  facet normal -1.035459e-01 -9.946247e-01 5.106672e-17
    outer loop
      vertex   -1.154347e+00 -1.294865e+01 1.270600e+01
      vertex   -1.537551e+00 -1.290875e+01 6.853000e+00
      vertex   -1.154347e+00 -1.294865e+01 6.853000e+00
    endloop
  endfacet
  facet normal -7.402639e-02 -9.972563e-01 3.650830e-17
    outer loop
      vertex   -1.154347e+00 -1.294865e+01 1.270600e+01
      vertex   -1.154347e+00 -1.294865e+01 6.853000e+00
      vertex   -7.701282e-01 -1.297717e+01 1.270600e+01
    endloop
  endfacet
  facet normal -7.402639e-02 -9.972563e-01 3.650830e-17
    outer loop
      vertex   -7.701282e-01 -1.297717e+01 1.270600e+01
      vertex   -1.154347e+00 -1.294865e+01 6.853000e+00
      vertex   -7.701282e-01 -1.297717e+01 6.853000e+00
    endloop
  endfacet
  facet normal -4.444186e-02 -9.990120e-01 2.191781e-17
    outer loop
      vertex   -7.701282e-01 -1.297717e+01 1.270600e+01
      vertex   -7.701282e-01 -1.297717e+01 6.853000e+00
      vertex   -3.852333e-01 -1.299429e+01 1.270600e+01
    endloop
  endfacet
  facet normal -4.444186e-02 -9.990120e-01 -0.000000e+00
    outer loop
      vertex   -3.852333e-01 -1.299429e+01 1.270600e+01
      vertex   -7.701282e-01 -1.297717e+01 6.853000e+00
      vertex   -3.852333e-01 -1.299429e+01 6.853000e+00
    endloop
  endfacet
  facet normal -1.481829e-02 -9.998902e-01 -0.000000e+00
    outer loop
      vertex   -3.852333e-01 -1.299429e+01 1.270600e+01
      vertex   -3.852333e-01 -1.299429e+01 6.853000e+00
      vertex   7.960204e-16 -1.300000e+01 1.270600e+01
    endloop
  endfacet
  facet normal -1.481829e-02 -9.998902e-01 -0.000000e+00
    outer loop
      vertex   7.960204e-16 -1.300000e+01 1.270600e+01
      vertex   -3.852333e-01 -1.299429e+01 6.853000e+00
      vertex   7.960204e-16 -1.300000e+01 6.853000e+00
    endloop
  endfacet
  facet normal 1.481829e-02 -9.998902e-01 0.000000e+00
    outer loop
      vertex   7.960204e-16 -1.300000e+01 1.270600e+01
      vertex   7.960204e-16 -1.300000e+01 6.853000e+00
      vertex   3.852333e-01 -1.299429e+01 1.270600e+01
    endloop
  endfacet
  facet normal 1.481829e-02 -9.998902e-01 0.000000e+00
    outer loop
      vertex   3.852333e-01 -1.299429e+01 1.270600e+01
      vertex   7.960204e-16 -1.300000e+01 6.853000e+00
      vertex   3.852333e-01 -1.299429e+01 6.853000e+00
    endloop
  endfacet
  facet normal 4.444186e-02 -9.990120e-01 0.000000e+00
    outer loop
      vertex   3.852333e-01 -1.299429e+01 1.270600e+01
      vertex   3.852333e-01 -1.299429e+01 6.853000e+00
      vertex   7.701282e-01 -1.297717e+01 1.270600e+01
    endloop
  endfacet
  facet normal 4.444186e-02 -9.990120e-01 -4.383563e-17
    outer loop
      vertex   7.701282e-01 -1.297717e+01 1.270600e+01
      vertex   3.852333e-01 -1.299429e+01 6.853000e+00
      vertex   7.701282e-01 -1.297717e+01 6.853000e+00
    endloop
  endfacet
  facet normal 7.402639e-02 -9.972563e-01 -7.301660e-17
    outer loop
      vertex   7.701282e-01 -1.297717e+01 1.270600e+01
      vertex   7.701282e-01 -1.297717e+01 6.853000e+00
      vertex   1.154347e+00 -1.294865e+01 1.270600e+01
    endloop
  endfacet
  facet normal 7.402639e-02 -9.972563e-01 -3.931663e-17
    outer loop
      vertex   1.154347e+00 -1.294865e+01 1.270600e+01
      vertex   7.701282e-01 -1.297717e+01 6.853000e+00
      vertex   1.154347e+00 -1.294865e+01 6.853000e+00
    endloop
  endfacet
  facet normal 1.035459e-01 -9.946247e-01 -5.499493e-17
    outer loop
      vertex   1.154347e+00 -1.294865e+01 1.270600e+01
      vertex   1.154347e+00 -1.294865e+01 6.853000e+00
      vertex   1.537551e+00 -1.290875e+01 1.270600e+01
    endloop
  endfacet
  facet normal 1.035459e-01 -9.946247e-01 -5.499493e-17
    outer loop
      vertex   1.537551e+00 -1.290875e+01 1.270600e+01
      vertex   1.154347e+00 -1.294865e+01 6.853000e+00
      vertex   1.537551e+00 -1.290875e+01 6.853000e+00
    endloop
  endfacet
  facet normal 1.329745e-01 -9.911195e-01 -7.062492e-17
    outer loop
      vertex   1.537551e+00 -1.290875e+01 1.270600e+01
      vertex   1.537551e+00 -1.290875e+01 6.853000e+00
      vertex   1.919405e+00 -1.285752e+01 1.270600e+01
    endloop
  endfacet
  facet normal 1.329745e-01 -9.911195e-01 0.000000e+00
    outer loop
      vertex   1.919405e+00 -1.285752e+01 1.270600e+01
      vertex   1.537551e+00 -1.290875e+01 6.853000e+00
      vertex   1.919405e+00 -1.285752e+01 6.853000e+00
    endloop
  endfacet
  facet normal 1.622862e-01 -9.867437e-01 0.000000e+00
    outer loop
      vertex   1.919405e+00 -1.285752e+01 1.270600e+01
      vertex   1.919405e+00 -1.285752e+01 6.853000e+00
      vertex   2.299574e+00 -1.279500e+01 1.270600e+01
    endloop
  endfacet
  facet normal 1.622862e-01 -9.867437e-01 0.000000e+00
    outer loop
      vertex   2.299574e+00 -1.279500e+01 1.270600e+01
      vertex   1.919405e+00 -1.285752e+01 6.853000e+00
      vertex   2.299574e+00 -1.279500e+01 6.853000e+00
    endloop
  endfacet
  facet normal 1.914555e-01 -9.815013e-01 0.000000e+00
    outer loop
      vertex   2.299574e+00 -1.279500e+01 1.270600e+01
      vertex   2.299574e+00 -1.279500e+01 6.853000e+00
      vertex   2.677722e+00 -1.272123e+01 1.270600e+01
    endloop
  endfacet
  facet normal 1.914555e-01 -9.815013e-01 0.000000e+00
    outer loop
      vertex   2.677722e+00 -1.272123e+01 1.270600e+01
      vertex   2.299574e+00 -1.279500e+01 6.853000e+00
      vertex   2.677722e+00 -1.272123e+01 6.853000e+00
    endloop
  endfacet
  facet normal 2.204565e-01 -9.753968e-01 0.000000e+00
    outer loop
      vertex   2.677722e+00 -1.272123e+01 1.270600e+01
      vertex   2.677722e+00 -1.272123e+01 6.853000e+00
      vertex   3.053519e+00 -1.263630e+01 1.270600e+01
    endloop
  endfacet
  facet normal 2.204565e-01 -9.753968e-01 0.000000e+00
    outer loop
      vertex   3.053519e+00 -1.263630e+01 1.270600e+01
      vertex   2.677722e+00 -1.272123e+01 6.853000e+00
      vertex   3.053519e+00 -1.263630e+01 6.853000e+00
    endloop
  endfacet
  facet normal 2.492640e-01 -9.684356e-01 0.000000e+00
    outer loop
      vertex   3.053519e+00 -1.263630e+01 1.270600e+01
      vertex   3.053519e+00 -1.263630e+01 6.853000e+00
      vertex   3.426633e+00 -1.254026e+01 1.270600e+01
    endloop
  endfacet
  facet normal 2.492640e-01 -9.684356e-01 -2.458638e-16
    outer loop
      vertex   3.426633e+00 -1.254026e+01 1.270600e+01
      vertex   3.053519e+00 -1.263630e+01 6.853000e+00
      vertex   3.426633e+00 -1.254026e+01 6.853000e+00
    endloop
  endfacet
  facet normal 2.778525e-01 -9.606238e-01 -2.740623e-16
    outer loop
      vertex   3.426633e+00 -1.254026e+01 1.270600e+01
      vertex   3.426633e+00 -1.254026e+01 6.853000e+00
      vertex   3.796738e+00 -1.243321e+01 1.270600e+01
    endloop
  endfacet
  facet normal 2.778525e-01 -9.606238e-01 -1.475720e-16
    outer loop
      vertex   3.796738e+00 -1.243321e+01 1.270600e+01
      vertex   3.426633e+00 -1.254026e+01 6.853000e+00
      vertex   3.796738e+00 -1.243321e+01 6.853000e+00
    endloop
  endfacet
  facet normal 3.061969e-01 -9.519682e-01 -1.626262e-16
    outer loop
      vertex   3.796738e+00 -1.243321e+01 1.270600e+01
      vertex   3.796738e+00 -1.243321e+01 6.853000e+00
      vertex   4.163508e+00 -1.231524e+01 1.270600e+01
    endloop
  endfacet
  facet normal 3.061969e-01 -9.519682e-01 -1.393939e-16
    outer loop
      vertex   4.163508e+00 -1.231524e+01 1.270600e+01
      vertex   3.796738e+00 -1.243321e+01 6.853000e+00
      vertex   4.163508e+00 -1.231524e+01 6.853000e+00
    endloop
  endfacet
  facet normal 3.342724e-01 -9.424765e-01 -1.521751e-16
    outer loop
      vertex   4.163508e+00 -1.231524e+01 1.270600e+01
      vertex   4.163508e+00 -1.231524e+01 6.853000e+00
      vertex   4.526621e+00 -1.218646e+01 1.270600e+01
    endloop
  endfacet
  facet normal 3.342724e-01 -9.424765e-01 0.000000e+00
    outer loop
      vertex   4.526621e+00 -1.218646e+01 1.270600e+01
      vertex   4.163508e+00 -1.231524e+01 6.853000e+00
      vertex   4.526621e+00 -1.218646e+01 6.853000e+00
    endloop
  endfacet
  facet normal 3.620544e-01 -9.321570e-01 0.000000e+00
    outer loop
      vertex   4.526621e+00 -1.218646e+01 1.270600e+01
      vertex   4.526621e+00 -1.218646e+01 6.853000e+00
      vertex   4.885759e+00 -1.204696e+01 1.270600e+01
    endloop
  endfacet
  facet normal 3.620544e-01 -9.321570e-01 0.000000e+00
    outer loop
      vertex   4.885759e+00 -1.204696e+01 1.270600e+01
      vertex   4.526621e+00 -1.218646e+01 6.853000e+00
      vertex   4.885759e+00 -1.204696e+01 6.853000e+00
    endloop
  endfacet
  facet normal 3.895183e-01 -9.210187e-01 0.000000e+00
    outer loop
      vertex   4.885759e+00 -1.204696e+01 1.270600e+01
      vertex   4.885759e+00 -1.204696e+01 6.853000e+00
      vertex   5.240605e+00 -1.189689e+01 1.270600e+01
    endloop
  endfacet
  facet normal 3.895183e-01 -9.210187e-01 0.000000e+00
    outer loop
      vertex   5.240605e+00 -1.189689e+01 1.270600e+01
      vertex   4.885759e+00 -1.204696e+01 6.853000e+00
      vertex   5.240605e+00 -1.189689e+01 6.853000e+00
    endloop
  endfacet
  facet normal 4.166401e-01 -9.090715e-01 0.000000e+00
    outer loop
      vertex   5.240605e+00 -1.189689e+01 1.270600e+01
      vertex   5.240605e+00 -1.189689e+01 6.853000e+00
      vertex   5.590848e+00 -1.173637e+01 1.270600e+01
    endloop
  endfacet
  facet normal 4.166401e-01 -9.090715e-01 -1.666700e-16
    outer loop
      vertex   5.590848e+00 -1.173637e+01 1.270600e+01
      vertex   5.240605e+00 -1.189689e+01 6.853000e+00
      vertex   5.590848e+00 -1.173637e+01 6.853000e+00
    endloop
  endfacet
  facet normal 4.433959e-01 -8.963259e-01 -1.989592e-16
    outer loop
      vertex   5.590848e+00 -1.173637e+01 1.270600e+01
      vertex   5.590848e+00 -1.173637e+01 6.853000e+00
      vertex   5.936180e+00 -1.156554e+01 1.270600e+01
    endloop
  endfacet
  facet normal 4.433959e-01 -8.963259e-01 7.307133e-17
    outer loop
      vertex   5.936180e+00 -1.156554e+01 1.270600e+01
      vertex   5.590848e+00 -1.173637e+01 6.853000e+00
      vertex   5.936180e+00 -1.156554e+01 6.853000e+00
    endloop
  endfacet
  facet normal 4.697623e-01 -8.827929e-01 3.684972e-17
    outer loop
      vertex   5.936180e+00 -1.156554e+01 1.270600e+01
      vertex   5.936180e+00 -1.156554e+01 6.853000e+00
      vertex   6.276299e+00 -1.138455e+01 1.270600e+01
    endloop
  endfacet
  facet normal 4.697623e-01 -8.827929e-01 -2.851411e-16
    outer loop
      vertex   6.276299e+00 -1.138455e+01 1.270600e+01
      vertex   5.936180e+00 -1.156554e+01 6.853000e+00
      vertex   6.276299e+00 -1.138455e+01 6.853000e+00
    endloop
  endfacet
  facet normal 4.957161e-01 -8.684846e-01 -3.008948e-16
    outer loop
      vertex   6.276299e+00 -1.138455e+01 1.270600e+01
      vertex   6.276299e+00 -1.138455e+01 6.853000e+00
      vertex   6.610905e+00 -1.119357e+01 1.270600e+01
    endloop
  endfacet
  facet normal 4.957161e-01 -8.684846e-01 0.000000e+00
    outer loop
      vertex   6.610905e+00 -1.119357e+01 1.270600e+01
      vertex   6.276299e+00 -1.138455e+01 6.853000e+00
      vertex   6.610905e+00 -1.119357e+01 6.853000e+00
    endloop
  endfacet
  facet normal 5.212345e-01 -8.534135e-01 0.000000e+00
    outer loop
      vertex   6.610905e+00 -1.119357e+01 1.270600e+01
      vertex   6.610905e+00 -1.119357e+01 6.853000e+00
      vertex   6.939704e+00 -1.099275e+01 1.270600e+01
    endloop
  endfacet
  facet normal 5.212345e-01 -8.534135e-01 0.000000e+00
    outer loop
      vertex   6.939704e+00 -1.099275e+01 1.270600e+01
      vertex   6.610905e+00 -1.119357e+01 6.853000e+00
      vertex   6.939704e+00 -1.099275e+01 6.853000e+00
    endloop
  endfacet
  facet normal 5.462951e-01 -8.375928e-01 0.000000e+00
    outer loop
      vertex   6.939704e+00 -1.099275e+01 1.270600e+01
      vertex   6.939704e+00 -1.099275e+01 6.853000e+00
      vertex   7.262408e+00 -1.078227e+01 1.270600e+01
    endloop
  endfacet
  facet normal 5.462951e-01 -8.375928e-01 -8.289894e-17
    outer loop
      vertex   7.262408e+00 -1.078227e+01 1.270600e+01
      vertex   6.939704e+00 -1.099275e+01 6.853000e+00
      vertex   7.262408e+00 -1.078227e+01 6.853000e+00
    endloop
  endfacet
  facet normal 5.708758e-01 -8.210364e-01 -8.662901e-17
    outer loop
      vertex   7.262408e+00 -1.078227e+01 1.270600e+01
      vertex   7.262408e+00 -1.078227e+01 6.853000e+00
      vertex   7.578733e+00 -1.056233e+01 1.270600e+01
    endloop
  endfacet
  facet normal 5.708758e-01 -8.210364e-01 2.598870e-16
    outer loop
      vertex   7.578733e+00 -1.056233e+01 1.270600e+01
      vertex   7.262408e+00 -1.078227e+01 6.853000e+00
      vertex   7.578733e+00 -1.056233e+01 6.853000e+00
    endloop
  endfacet
  facet normal 5.949551e-01 -8.037589e-01 2.708490e-16
    outer loop
      vertex   7.578733e+00 -1.056233e+01 1.270600e+01
      vertex   7.578733e+00 -1.056233e+01 6.853000e+00
      vertex   7.888402e+00 -1.033311e+01 1.270600e+01
    endloop
  endfacet
  facet normal 5.949551e-01 -8.037589e-01 6.337092e-17
    outer loop
      vertex   7.888402e+00 -1.033311e+01 1.270600e+01
      vertex   7.578733e+00 -1.056233e+01 6.853000e+00
      vertex   7.888402e+00 -1.033311e+01 6.853000e+00
    endloop
  endfacet
  facet normal 6.185119e-01 -7.857754e-01 5.076366e-17
    outer loop
      vertex   7.888402e+00 -1.033311e+01 1.270600e+01
      vertex   7.888402e+00 -1.033311e+01 6.853000e+00
      vertex   8.191142e+00 -1.009481e+01 1.270600e+01
    endloop
  endfacet
  facet normal 6.185119e-01 -7.857754e-01 5.076366e-17
    outer loop
      vertex   8.191142e+00 -1.009481e+01 1.270600e+01
      vertex   7.888402e+00 -1.033311e+01 6.853000e+00
      vertex   8.191142e+00 -1.009481e+01 6.853000e+00
    endloop
  endfacet
  facet normal 6.415254e-01 -7.671018e-01 3.811181e-17
    outer loop
      vertex   8.191142e+00 -1.009481e+01 1.270600e+01
      vertex   8.191142e+00 -1.009481e+01 6.853000e+00
      vertex   8.486688e+00 -9.847646e+00 1.270600e+01
    endloop
  endfacet
  facet normal 6.415254e-01 -7.671018e-01 -1.565880e-16
    outer loop
      vertex   8.486688e+00 -9.847646e+00 1.270600e+01
      vertex   8.191142e+00 -1.009481e+01 6.853000e+00
      vertex   8.486688e+00 -9.847646e+00 6.853000e+00
    endloop
  endfacet
  facet normal 6.639755e-01 -7.477544e-01 -1.760868e-16
    outer loop
      vertex   8.486688e+00 -9.847646e+00 1.270600e+01
      vertex   8.486688e+00 -9.847646e+00 6.853000e+00
      vertex   8.774779e+00 -9.591833e+00 1.270600e+01
    endloop
  endfacet
  facet normal 6.639755e-01 -7.477544e-01 2.523663e-16
    outer loop
      vertex   8.774779e+00 -9.591833e+00 1.270600e+01
      vertex   8.486688e+00 -9.847646e+00 6.853000e+00
      vertex   8.774779e+00 -9.591833e+00 6.853000e+00
    endloop
  endfacet
  facet normal 6.858423e-01 -7.277502e-01 2.335874e-16
    outer loop
      vertex   8.774779e+00 -9.591833e+00 1.270600e+01
      vertex   8.774779e+00 -9.591833e+00 6.853000e+00
      vertex   9.055163e+00 -9.327594e+00 1.270600e+01
    endloop
  endfacet
  facet normal 6.858423e-01 -7.277502e-01 0.000000e+00
    outer loop
      vertex   9.055163e+00 -9.327594e+00 1.270600e+01
      vertex   8.774779e+00 -9.591833e+00 6.853000e+00
      vertex   9.055163e+00 -9.327594e+00 6.853000e+00
    endloop
  endfacet
  facet normal 7.071068e-01 -7.071068e-01 0.000000e+00
    outer loop
      vertex   9.055163e+00 -9.327594e+00 1.270600e+01
      vertex   9.055163e+00 -9.327594e+00 6.853000e+00
      vertex   9.327594e+00 -9.055163e+00 1.270600e+01
    endloop
  endfacet
  facet normal 7.071068e-01 -7.071068e-01 0.000000e+00
    outer loop
      vertex   9.327594e+00 -9.055163e+00 1.270600e+01
      vertex   9.055163e+00 -9.327594e+00 6.853000e+00
      vertex   9.327594e+00 -9.055163e+00 6.853000e+00
    endloop
  endfacet
  facet normal 7.277502e-01 -6.858423e-01 0.000000e+00
    outer loop
      vertex   9.327594e+00 -9.055163e+00 1.270600e+01
      vertex   9.327594e+00 -9.055163e+00 6.853000e+00
      vertex   9.591833e+00 -8.774779e+00 1.270600e+01
    endloop
  endfacet
  facet normal 7.277502e-01 -6.858423e-01 0.000000e+00
    outer loop
      vertex   9.591833e+00 -8.774779e+00 1.270600e+01
      vertex   9.327594e+00 -9.055163e+00 6.853000e+00
      vertex   9.591833e+00 -8.774779e+00 6.853000e+00
    endloop
  endfacet
  facet normal 7.477544e-01 -6.639755e-01 0.000000e+00
    outer loop
      vertex   9.591833e+00 -8.774779e+00 1.270600e+01
      vertex   9.591833e+00 -8.774779e+00 6.853000e+00
      vertex   9.847646e+00 -8.486688e+00 1.270600e+01
    endloop
  endfacet
  facet normal 7.477544e-01 -6.639755e-01 -2.542649e-17
    outer loop
      vertex   9.847646e+00 -8.486688e+00 1.270600e+01
      vertex   9.591833e+00 -8.774779e+00 6.853000e+00
      vertex   9.847646e+00 -8.486688e+00 6.853000e+00
    endloop
  endfacet
  facet normal 7.671018e-01 -6.415254e-01 -3.811181e-17
    outer loop
      vertex   9.847646e+00 -8.486688e+00 1.270600e+01
      vertex   9.847646e+00 -8.486688e+00 6.853000e+00
      vertex   1.009481e+01 -8.191142e+00 1.270600e+01
    endloop
  endfacet
  facet normal 7.671018e-01 -6.415254e-01 -3.811181e-17
    outer loop
      vertex   1.009481e+01 -8.191142e+00 1.270600e+01
      vertex   9.847646e+00 -8.486688e+00 6.853000e+00
      vertex   1.009481e+01 -8.191142e+00 6.853000e+00
    endloop
  endfacet
  facet normal 7.857754e-01 -6.185119e-01 -5.076366e-17
    outer loop
      vertex   1.009481e+01 -8.191142e+00 1.270600e+01
      vertex   1.009481e+01 -8.191142e+00 6.853000e+00
      vertex   1.033311e+01 -7.888402e+00 1.270600e+01
    endloop
  endfacet
  facet normal 7.857754e-01 -6.185119e-01 -1.015273e-16
    outer loop
      vertex   1.033311e+01 -7.888402e+00 1.270600e+01
      vertex   1.009481e+01 -8.191142e+00 6.853000e+00
      vertex   1.033311e+01 -7.888402e+00 6.853000e+00
    endloop
  endfacet
  facet normal 8.037589e-01 -5.949551e-01 -1.267418e-16
    outer loop
      vertex   1.033311e+01 -7.888402e+00 1.270600e+01
      vertex   1.033311e+01 -7.888402e+00 6.853000e+00
      vertex   1.056233e+01 -7.578733e+00 1.270600e+01
    endloop
  endfacet
  facet normal 8.037589e-01 -5.949551e-01 0.000000e+00
    outer loop
      vertex   1.056233e+01 -7.578733e+00 1.270600e+01
      vertex   1.033311e+01 -7.888402e+00 6.853000e+00
      vertex   1.056233e+01 -7.578733e+00 6.853000e+00
    endloop
  endfacet
  facet normal 8.210364e-01 -5.708758e-01 0.000000e+00
    outer loop
      vertex   1.056233e+01 -7.578733e+00 1.270600e+01
      vertex   1.056233e+01 -7.578733e+00 6.853000e+00
      vertex   1.078227e+01 -7.262408e+00 1.270600e+01
    endloop
  endfacet
  facet normal 8.210364e-01 -5.708758e-01 0.000000e+00
    outer loop
      vertex   1.078227e+01 -7.262408e+00 1.270600e+01
      vertex   1.056233e+01 -7.578733e+00 6.853000e+00
      vertex   1.078227e+01 -7.262408e+00 6.853000e+00
    endloop
  endfacet
  facet normal 8.375928e-01 -5.462951e-01 0.000000e+00
    outer loop
      vertex   1.078227e+01 -7.262408e+00 1.270600e+01
      vertex   1.078227e+01 -7.262408e+00 6.853000e+00
      vertex   1.099275e+01 -6.939704e+00 1.270600e+01
    endloop
  endfacet
  facet normal 8.375928e-01 -5.462951e-01 0.000000e+00
    outer loop
      vertex   1.099275e+01 -6.939704e+00 1.270600e+01
      vertex   1.078227e+01 -7.262408e+00 6.853000e+00
      vertex   1.099275e+01 -6.939704e+00 6.853000e+00
    endloop
  endfacet
  facet normal 8.534135e-01 -5.212345e-01 0.000000e+00
    outer loop
      vertex   1.099275e+01 -6.939704e+00 1.270600e+01
      vertex   1.099275e+01 -6.939704e+00 6.853000e+00
      vertex   1.119357e+01 -6.610905e+00 1.270600e+01
    endloop
  endfacet
  facet normal 8.534135e-01 -5.212345e-01 -2.171865e-17
    outer loop
      vertex   1.119357e+01 -6.610905e+00 1.270600e+01
      vertex   1.099275e+01 -6.939704e+00 6.853000e+00
      vertex   1.119357e+01 -6.610905e+00 6.853000e+00
    endloop
  endfacet
  facet normal 8.684846e-01 -4.957161e-01 -3.790973e-17
    outer loop
      vertex   1.119357e+01 -6.610905e+00 1.270600e+01
      vertex   1.119357e+01 -6.610905e+00 6.853000e+00
      vertex   1.138455e+01 -6.276299e+00 1.270600e+01
    endloop
  endfacet
  facet normal 8.684846e-01 -4.957161e-01 3.008948e-16
    outer loop
      vertex   1.138455e+01 -6.276299e+00 1.270600e+01
      vertex   1.119357e+01 -6.610905e+00 6.853000e+00
      vertex   1.138455e+01 -6.276299e+00 6.853000e+00
    endloop
  endfacet
  facet normal 8.827929e-01 -4.697623e-01 2.851411e-16
    outer loop
      vertex   1.138455e+01 -6.276299e+00 1.270600e+01
      vertex   1.138455e+01 -6.276299e+00 6.853000e+00
      vertex   1.156554e+01 -5.936180e+00 1.270600e+01
    endloop
  endfacet
  facet normal 8.827929e-01 -4.697623e-01 2.138558e-16
    outer loop
      vertex   1.156554e+01 -5.936180e+00 1.270600e+01
      vertex   1.138455e+01 -6.276299e+00 6.853000e+00
      vertex   1.156554e+01 -5.936180e+00 6.853000e+00
    endloop
  endfacet
  facet normal 8.963259e-01 -4.433959e-01 2.018527e-16
    outer loop
      vertex   1.156554e+01 -5.936180e+00 1.270600e+01
      vertex   1.156554e+01 -5.936180e+00 6.853000e+00
      vertex   1.173637e+01 -5.590848e+00 1.270600e+01
    endloop
  endfacet
  facet normal 8.963259e-01 -4.433959e-01 1.345685e-16
    outer loop
      vertex   1.173637e+01 -5.590848e+00 1.270600e+01
      vertex   1.156554e+01 -5.936180e+00 6.853000e+00
      vertex   1.173637e+01 -5.590848e+00 6.853000e+00
    endloop
  endfacet
  facet normal 9.090715e-01 -4.166401e-01 1.264482e-16
    outer loop
      vertex   1.173637e+01 -5.590848e+00 1.270600e+01
      vertex   1.173637e+01 -5.590848e+00 6.853000e+00
      vertex   1.189689e+01 -5.240605e+00 1.270600e+01
    endloop
  endfacet
  facet normal 9.090715e-01 -4.166401e-01 1.264482e-16
    outer loop
      vertex   1.189689e+01 -5.240605e+00 1.270600e+01
      vertex   1.173637e+01 -5.590848e+00 6.853000e+00
      vertex   1.189689e+01 -5.240605e+00 6.853000e+00
    endloop
  endfacet
  facet normal 9.210187e-01 -3.895183e-01 1.182169e-16
    outer loop
      vertex   1.189689e+01 -5.240605e+00 1.270600e+01
      vertex   1.189689e+01 -5.240605e+00 6.853000e+00
      vertex   1.204696e+01 -4.885759e+00 1.270600e+01
    endloop
  endfacet
  facet normal 9.210187e-01 -3.895183e-01 -5.910844e-17
    outer loop
      vertex   1.204696e+01 -4.885759e+00 1.270600e+01
      vertex   1.189689e+01 -5.240605e+00 6.853000e+00
      vertex   1.204696e+01 -4.885759e+00 6.853000e+00
    endloop
  endfacet
  facet normal 9.321570e-01 -3.620544e-01 -5.494086e-17
    outer loop
      vertex   1.204696e+01 -4.885759e+00 1.270600e+01
      vertex   1.204696e+01 -4.885759e+00 6.853000e+00
      vertex   1.218646e+01 -4.526621e+00 1.270600e+01
    endloop
  endfacet
  facet normal 9.321570e-01 -3.620544e-01 1.730234e-16
    outer loop
      vertex   1.218646e+01 -4.526621e+00 1.270600e+01
      vertex   1.204696e+01 -4.885759e+00 6.853000e+00
      vertex   1.218646e+01 -4.526621e+00 6.853000e+00
    endloop
  endfacet
  facet normal 9.424765e-01 -3.342724e-01 1.845869e-16
    outer loop
      vertex   1.218646e+01 -4.526621e+00 1.270600e+01
      vertex   1.218646e+01 -4.526621e+00 6.853000e+00
      vertex   1.231524e+01 -4.163508e+00 1.270600e+01
    endloop
  endfacet
  facet normal 9.424765e-01 -3.342724e-01 -3.241187e-17
    outer loop
      vertex   1.231524e+01 -4.163508e+00 1.270600e+01
      vertex   1.218646e+01 -4.526621e+00 6.853000e+00
      vertex   1.231524e+01 -4.163508e+00 6.853000e+00
    endloop
  endfacet
  facet normal 9.519682e-01 -3.061969e-01 -5.659451e-17
    outer loop
      vertex   1.231524e+01 -4.163508e+00 1.270600e+01
      vertex   1.231524e+01 -4.163508e+00 6.853000e+00
      vertex   1.243321e+01 -3.796738e+00 1.270600e+01
    endloop
  endfacet
  facet normal 9.519682e-01 -3.061969e-01 1.393939e-16
    outer loop
      vertex   1.243321e+01 -3.796738e+00 1.270600e+01
      vertex   1.231524e+01 -4.163508e+00 6.853000e+00
      vertex   1.243321e+01 -3.796738e+00 6.853000e+00
    endloop
  endfacet
  facet normal 9.606238e-01 -2.778525e-01 1.264903e-16
    outer loop
      vertex   1.243321e+01 -3.796738e+00 1.270600e+01
      vertex   1.243321e+01 -3.796738e+00 6.853000e+00
      vertex   1.254026e+01 -3.426633e+00 1.270600e+01
    endloop
  endfacet
  facet normal 9.606238e-01 -2.778525e-01 1.054086e-16
    outer loop
      vertex   1.254026e+01 -3.426633e+00 1.270600e+01
      vertex   1.243321e+01 -3.796738e+00 6.853000e+00
      vertex   1.254026e+01 -3.426633e+00 6.853000e+00
    endloop
  endfacet
  facet normal 9.684356e-01 -2.492640e-01 9.456299e-17
    outer loop
      vertex   1.254026e+01 -3.426633e+00 1.270600e+01
      vertex   1.254026e+01 -3.426633e+00 6.853000e+00
      vertex   1.263630e+01 -3.053519e+00 1.270600e+01
    endloop
  endfacet
  facet normal 9.684356e-01 -2.492640e-01 -2.182651e-16
    outer loop
      vertex   1.263630e+01 -3.053519e+00 1.270600e+01
      vertex   1.254026e+01 -3.426633e+00 6.853000e+00
      vertex   1.263630e+01 -3.053519e+00 6.853000e+00
    endloop
  endfacet
  facet normal 9.753968e-01 -2.204565e-01 -2.291207e-16
    outer loop
      vertex   1.263630e+01 -3.053519e+00 1.270600e+01
      vertex   1.263630e+01 -3.053519e+00 6.853000e+00
      vertex   1.272123e+01 -2.677722e+00 1.270600e+01
    endloop
  endfacet
  facet normal 9.753968e-01 -2.204565e-01 1.672687e-17
    outer loop
      vertex   1.272123e+01 -2.677722e+00 1.270600e+01
      vertex   1.263630e+01 -3.053519e+00 6.853000e+00
      vertex   1.272123e+01 -2.677722e+00 6.853000e+00
    endloop
  endfacet
  facet normal 9.815013e-01 -1.914555e-01 1.452645e-17
    outer loop
      vertex   1.272123e+01 -2.677722e+00 1.270600e+01
      vertex   1.272123e+01 -2.677722e+00 6.853000e+00
      vertex   1.279500e+01 -2.299574e+00 1.270600e+01
    endloop
  endfacet
  facet normal 9.815013e-01 -1.914555e-01 -1.452645e-17
    outer loop
      vertex   1.279500e+01 -2.299574e+00 1.270600e+01
      vertex   1.272123e+01 -2.677722e+00 6.853000e+00
      vertex   1.279500e+01 -2.299574e+00 6.853000e+00
    endloop
  endfacet
  facet normal 9.867437e-01 -1.622862e-01 -1.231327e-17
    outer loop
      vertex   1.279500e+01 -2.299574e+00 1.270600e+01
      vertex   1.279500e+01 -2.299574e+00 6.853000e+00
      vertex   1.285752e+01 -1.919405e+00 1.270600e+01
    endloop
  endfacet
  facet normal 9.867437e-01 -1.622862e-01 1.231327e-16
    outer loop
      vertex   1.285752e+01 -1.919405e+00 1.270600e+01
      vertex   1.279500e+01 -2.299574e+00 6.853000e+00
      vertex   1.285752e+01 -1.919405e+00 6.853000e+00
    endloop
  endfacet
  facet normal 9.911195e-01 -1.329745e-01 1.008927e-16
    outer loop
      vertex   1.285752e+01 -1.919405e+00 1.270600e+01
      vertex   1.285752e+01 -1.919405e+00 6.853000e+00
      vertex   1.290875e+01 -1.537551e+00 1.270600e+01
    endloop
  endfacet
  facet normal 9.911195e-01 -1.329745e-01 7.566956e-17
    outer loop
      vertex   1.290875e+01 -1.537551e+00 1.270600e+01
      vertex   1.285752e+01 -1.919405e+00 6.853000e+00
      vertex   1.290875e+01 -1.537551e+00 6.853000e+00
    endloop
  endfacet
  facet normal 9.946247e-01 -1.035459e-01 5.892314e-17
    outer loop
      vertex   1.290875e+01 -1.537551e+00 1.270600e+01
      vertex   1.290875e+01 -1.537551e+00 6.853000e+00
      vertex   1.294865e+01 -1.154347e+00 1.270600e+01
    endloop
  endfacet
  facet normal 9.946247e-01 -1.035459e-01 4.713851e-17
    outer loop
      vertex   1.294865e+01 -1.154347e+00 1.270600e+01
      vertex   1.290875e+01 -1.537551e+00 6.853000e+00
      vertex   1.294865e+01 -1.154347e+00 6.853000e+00
    endloop
  endfacet
  facet normal 9.972563e-01 -7.402639e-02 3.369997e-17
    outer loop
      vertex   1.294865e+01 -1.154347e+00 1.270600e+01
      vertex   1.294865e+01 -1.154347e+00 6.853000e+00
      vertex   1.297717e+01 -7.701282e-01 1.270600e+01
    endloop
  endfacet
  facet normal 9.972563e-01 -7.402639e-02 2.106248e-17
    outer loop
      vertex   1.297717e+01 -7.701282e-01 1.270600e+01
      vertex   1.294865e+01 -1.154347e+00 6.853000e+00
      vertex   1.297717e+01 -7.701282e-01 6.853000e+00
    endloop
  endfacet
  facet normal 9.990120e-01 -4.444186e-02 1.264489e-17
    outer loop
      vertex   1.297717e+01 -7.701282e-01 1.270600e+01
      vertex   1.297717e+01 -7.701282e-01 6.853000e+00
      vertex   1.299429e+01 -3.852333e-01 1.270600e+01
    endloop
  endfacet
  facet normal 9.990120e-01 -4.444186e-02 6.743943e-18
    outer loop
      vertex   1.299429e+01 -3.852333e-01 1.270600e+01
      vertex   1.297717e+01 -7.701282e-01 6.853000e+00
      vertex   1.299429e+01 -3.852333e-01 6.853000e+00
    endloop
  endfacet
  facet normal 9.998902e-01 1.481829e-02 -0.000000e+00
    outer loop
      vertex   1.299429e+01 3.852333e-01 1.000000e+00
      vertex   1.299429e+01 3.852333e-01 6.853000e+00
      vertex   1.300000e+01 0.000000e+00 1.000000e+00
    endloop
  endfacet
  facet normal 9.998902e-01 1.481829e-02 -0.000000e+00
    outer loop
      vertex   1.300000e+01 0.000000e+00 1.000000e+00
      vertex   1.299429e+01 3.852333e-01 6.853000e+00
      vertex   1.300000e+01 0.000000e+00 6.853000e+00
    endloop
  endfacet
  facet normal 9.998902e-01 -1.481829e-02 0.000000e+00
    outer loop
      vertex   1.300000e+01 0.000000e+00 1.000000e+00
      vertex   1.300000e+01 0.000000e+00 6.853000e+00
      vertex   1.299429e+01 -3.852333e-01 1.000000e+00
    endloop
  endfacet
  facet normal 9.998902e-01 -1.481829e-02 2.248639e-18
    outer loop
      vertex   1.299429e+01 -3.852333e-01 1.000000e+00
      vertex   1.300000e+01 0.000000e+00 6.853000e+00
      vertex   1.299429e+01 -3.852333e-01 6.853000e+00
    endloop
  endfacet
  facet normal 9.990120e-01 -4.444186e-02 6.743943e-18
    outer loop
      vertex   1.299429e+01 -3.852333e-01 1.000000e+00
      vertex   1.299429e+01 -3.852333e-01 6.853000e+00
      vertex   1.297717e+01 -7.701282e-01 1.000000e+00
    endloop
  endfacet
  facet normal 9.990120e-01 -4.444186e-02 1.348789e-17
    outer loop
      vertex   1.297717e+01 -7.701282e-01 1.000000e+00
      vertex   1.299429e+01 -3.852333e-01 6.853000e+00
      vertex   1.297717e+01 -7.701282e-01 6.853000e+00
    endloop
  endfacet
  facet normal 9.972563e-01 -7.402639e-02 2.246665e-17
    outer loop
      vertex   1.297717e+01 -7.701282e-01 1.000000e+00
      vertex   1.297717e+01 -7.701282e-01 6.853000e+00
      vertex   1.294865e+01 -1.154347e+00 1.000000e+00
    endloop
  endfacet
  facet normal 9.972563e-01 -7.402639e-02 3.369997e-17
    outer loop
      vertex   1.294865e+01 -1.154347e+00 1.000000e+00
      vertex   1.297717e+01 -7.701282e-01 6.853000e+00
      vertex   1.294865e+01 -1.154347e+00 6.853000e+00
    endloop
  endfacet
  facet normal 9.946247e-01 -1.035459e-01 4.713851e-17
    outer loop
      vertex   1.294865e+01 -1.154347e+00 1.000000e+00
      vertex   1.294865e+01 -1.154347e+00 6.853000e+00
      vertex   1.290875e+01 -1.537551e+00 1.000000e+00
    endloop
  endfacet
  facet normal 9.946247e-01 -1.035459e-01 -2.390124e-16
    outer loop
      vertex   1.290875e+01 -1.537551e+00 1.000000e+00
      vertex   1.294865e+01 -1.154347e+00 6.853000e+00
      vertex   1.290875e+01 -1.537551e+00 6.853000e+00
    endloop
  endfacet
  facet normal 9.911195e-01 -1.329745e-01 -2.200857e-16
    outer loop
      vertex   1.290875e+01 -1.537551e+00 1.000000e+00
      vertex   1.290875e+01 -1.537551e+00 6.853000e+00
      vertex   1.285752e+01 -1.919405e+00 1.000000e+00
    endloop
  endfacet
  facet normal 9.911195e-01 -1.329745e-01 1.008927e-16
    outer loop
      vertex   1.285752e+01 -1.919405e+00 1.000000e+00
      vertex   1.290875e+01 -1.537551e+00 6.853000e+00
      vertex   1.285752e+01 -1.919405e+00 6.853000e+00
    endloop
  endfacet
  facet normal 9.867437e-01 -1.622862e-01 1.231327e-16
    outer loop
      vertex   1.285752e+01 -1.919405e+00 1.000000e+00
      vertex   1.285752e+01 -1.919405e+00 6.853000e+00
      vertex   1.279500e+01 -2.299574e+00 1.000000e+00
    endloop
  endfacet
  facet normal 9.867437e-01 -1.622862e-01 -1.231327e-17
    outer loop
      vertex   1.279500e+01 -2.299574e+00 1.000000e+00
      vertex   1.285752e+01 -1.919405e+00 6.853000e+00
      vertex   1.279500e+01 -2.299574e+00 6.853000e+00
    endloop
  endfacet
  facet normal 9.815013e-01 -1.914555e-01 -1.452645e-17
    outer loop
      vertex   1.279500e+01 -2.299574e+00 1.000000e+00
      vertex   1.279500e+01 -2.299574e+00 6.853000e+00
      vertex   1.272123e+01 -2.677722e+00 1.000000e+00
    endloop
  endfacet
  facet normal 9.815013e-01 -1.914555e-01 0.000000e+00
    outer loop
      vertex   1.272123e+01 -2.677722e+00 1.000000e+00
      vertex   1.279500e+01 -2.299574e+00 6.853000e+00
      vertex   1.272123e+01 -2.677722e+00 6.853000e+00
    endloop
  endfacet
  facet normal 9.753968e-01 -2.204565e-01 0.000000e+00
    outer loop
      vertex   1.272123e+01 -2.677722e+00 1.000000e+00
      vertex   1.272123e+01 -2.677722e+00 6.853000e+00
      vertex   1.263630e+01 -3.053519e+00 1.000000e+00
    endloop
  endfacet
  facet normal 9.753968e-01 -2.204565e-01 5.018061e-17
    outer loop
      vertex   1.263630e+01 -3.053519e+00 1.000000e+00
      vertex   1.272123e+01 -2.677722e+00 6.853000e+00
      vertex   1.263630e+01 -3.053519e+00 6.853000e+00
    endloop
  endfacet
  facet normal 9.684356e-01 -2.492640e-01 5.673780e-17
    outer loop
      vertex   1.263630e+01 -3.053519e+00 1.000000e+00
      vertex   1.263630e+01 -3.053519e+00 6.853000e+00
      vertex   1.254026e+01 -3.426633e+00 1.000000e+00
    endloop
  endfacet
  facet normal 9.684356e-01 -2.492640e-01 -2.182651e-16
    outer loop
      vertex   1.254026e+01 -3.426633e+00 1.000000e+00
      vertex   1.263630e+01 -3.053519e+00 6.853000e+00
      vertex   1.254026e+01 -3.426633e+00 6.853000e+00
    endloop
  endfacet
  facet normal 9.606238e-01 -2.778525e-01 -2.072177e-16
    outer loop
      vertex   1.254026e+01 -3.426633e+00 1.000000e+00
      vertex   1.254026e+01 -3.426633e+00 6.853000e+00
      vertex   1.243321e+01 -3.796738e+00 1.000000e+00
    endloop
  endfacet
  facet normal 9.606238e-01 -2.778525e-01 1.264903e-16
    outer loop
      vertex   1.243321e+01 -3.796738e+00 1.000000e+00
      vertex   1.254026e+01 -3.426633e+00 6.853000e+00
      vertex   1.243321e+01 -3.796738e+00 6.853000e+00
    endloop
  endfacet
  facet normal 9.519682e-01 -3.061969e-01 1.393939e-16
    outer loop
      vertex   1.243321e+01 -3.796738e+00 1.000000e+00
      vertex   1.243321e+01 -3.796738e+00 6.853000e+00
      vertex   1.231524e+01 -4.163508e+00 1.000000e+00
    endloop
  endfacet
  facet normal 9.519682e-01 -3.061969e-01 -1.495238e-16
    outer loop
      vertex   1.231524e+01 -4.163508e+00 1.000000e+00
      vertex   1.243321e+01 -3.796738e+00 6.853000e+00
      vertex   1.231524e+01 -4.163508e+00 6.853000e+00
    endloop
  endfacet
  facet normal 9.424765e-01 -3.342724e-01 -1.338619e-16
    outer loop
      vertex   1.231524e+01 -4.163508e+00 1.000000e+00
      vertex   1.231524e+01 -4.163508e+00 6.853000e+00
      vertex   1.218646e+01 -4.526621e+00 1.000000e+00
    endloop
  endfacet
  facet normal 9.424765e-01 -3.342724e-01 0.000000e+00
    outer loop
      vertex   1.218646e+01 -4.526621e+00 1.000000e+00
      vertex   1.231524e+01 -4.163508e+00 6.853000e+00
      vertex   1.218646e+01 -4.526621e+00 6.853000e+00
    endloop
  endfacet
  facet normal 9.321570e-01 -3.620544e-01 0.000000e+00
    outer loop
      vertex   1.218646e+01 -4.526621e+00 1.000000e+00
      vertex   1.218646e+01 -4.526621e+00 6.853000e+00
      vertex   1.204696e+01 -4.885759e+00 1.000000e+00
    endloop
  endfacet
  facet normal 9.321570e-01 -3.620544e-01 5.494086e-17
    outer loop
      vertex   1.204696e+01 -4.885759e+00 1.000000e+00
      vertex   1.218646e+01 -4.526621e+00 6.853000e+00
      vertex   1.204696e+01 -4.885759e+00 6.853000e+00
    endloop
  endfacet
  facet normal 9.210187e-01 -3.895183e-01 5.910844e-17
    outer loop
      vertex   1.204696e+01 -4.885759e+00 1.000000e+00
      vertex   1.204696e+01 -4.885759e+00 6.853000e+00
      vertex   1.189689e+01 -5.240605e+00 1.000000e+00
    endloop
  endfacet
  facet normal 9.210187e-01 -3.895183e-01 0.000000e+00
    outer loop
      vertex   1.189689e+01 -5.240605e+00 1.000000e+00
      vertex   1.204696e+01 -4.885759e+00 6.853000e+00
      vertex   1.189689e+01 -5.240605e+00 6.853000e+00
    endloop
  endfacet
  facet normal 9.090715e-01 -4.166401e-01 0.000000e+00
    outer loop
      vertex   1.189689e+01 -5.240605e+00 1.000000e+00
      vertex   1.189689e+01 -5.240605e+00 6.853000e+00
      vertex   1.173637e+01 -5.590848e+00 1.000000e+00
    endloop
  endfacet
  facet normal 9.090715e-01 -4.166401e-01 1.896723e-16
    outer loop
      vertex   1.173637e+01 -5.590848e+00 1.000000e+00
      vertex   1.189689e+01 -5.240605e+00 6.853000e+00
      vertex   1.173637e+01 -5.590848e+00 6.853000e+00
    endloop
  endfacet
  facet normal 8.963259e-01 -4.433959e-01 2.018527e-16
    outer loop
      vertex   1.173637e+01 -5.590848e+00 1.000000e+00
      vertex   1.173637e+01 -5.590848e+00 6.853000e+00
      vertex   1.156554e+01 -5.936180e+00 1.000000e+00
    endloop
  endfacet
  facet normal 8.963259e-01 -4.433959e-01 1.345685e-16
    outer loop
      vertex   1.156554e+01 -5.936180e+00 1.000000e+00
      vertex   1.173637e+01 -5.590848e+00 6.853000e+00
      vertex   1.156554e+01 -5.936180e+00 6.853000e+00
    endloop
  endfacet
  facet normal 8.827929e-01 -4.697623e-01 1.425706e-16
    outer loop
      vertex   1.156554e+01 -5.936180e+00 1.000000e+00
      vertex   1.156554e+01 -5.936180e+00 6.853000e+00
      vertex   1.138455e+01 -6.276299e+00 1.000000e+00
    endloop
  endfacet
  facet normal 8.827929e-01 -4.697623e-01 -5.406750e-17
    outer loop
      vertex   1.138455e+01 -6.276299e+00 1.000000e+00
      vertex   1.156554e+01 -5.936180e+00 6.853000e+00
      vertex   1.138455e+01 -6.276299e+00 6.853000e+00
    endloop
  endfacet
  facet normal 8.684846e-01 -4.957161e-01 -3.790973e-17
    outer loop
      vertex   1.138455e+01 -6.276299e+00 1.000000e+00
      vertex   1.138455e+01 -6.276299e+00 6.853000e+00
      vertex   1.119357e+01 -6.610905e+00 1.000000e+00
    endloop
  endfacet
  facet normal 8.684846e-01 -4.957161e-01 1.125377e-16
    outer loop
      vertex   1.119357e+01 -6.610905e+00 1.000000e+00
      vertex   1.138455e+01 -6.276299e+00 6.853000e+00
      vertex   1.119357e+01 -6.610905e+00 6.853000e+00
    endloop
  endfacet
  facet normal 8.534135e-01 -5.212345e-01 1.364735e-16
    outer loop
      vertex   1.119357e+01 -6.610905e+00 1.000000e+00
      vertex   1.119357e+01 -6.610905e+00 6.853000e+00
      vertex   1.099275e+01 -6.939704e+00 1.000000e+00
    endloop
  endfacet
  facet normal 8.534135e-01 -5.212345e-01 -7.909606e-17
    outer loop
      vertex   1.099275e+01 -6.939704e+00 1.000000e+00
      vertex   1.119357e+01 -6.610905e+00 6.853000e+00
      vertex   1.099275e+01 -6.939704e+00 6.853000e+00
    endloop
  endfacet
  facet normal 8.375928e-01 -5.462951e-01 -8.289894e-17
    outer loop
      vertex   1.099275e+01 -6.939704e+00 1.000000e+00
      vertex   1.099275e+01 -6.939704e+00 6.853000e+00
      vertex   1.078227e+01 -7.262408e+00 1.000000e+00
    endloop
  endfacet
  facet normal 8.375928e-01 -5.462951e-01 0.000000e+00
    outer loop
      vertex   1.078227e+01 -7.262408e+00 1.000000e+00
      vertex   1.099275e+01 -6.939704e+00 6.853000e+00
      vertex   1.078227e+01 -7.262408e+00 6.853000e+00
    endloop
  endfacet
  facet normal 8.210364e-01 -5.708758e-01 0.000000e+00
    outer loop
      vertex   1.078227e+01 -7.262408e+00 1.000000e+00
      vertex   1.078227e+01 -7.262408e+00 6.853000e+00
      vertex   1.056233e+01 -7.578733e+00 1.000000e+00
    endloop
  endfacet
  facet normal 8.210364e-01 -5.708758e-01 9.733549e-17
    outer loop
      vertex   1.056233e+01 -7.578733e+00 1.000000e+00
      vertex   1.078227e+01 -7.262408e+00 6.853000e+00
      vertex   1.056233e+01 -7.578733e+00 6.853000e+00
    endloop
  endfacet
  facet normal 8.037589e-01 -5.949551e-01 1.171950e-16
    outer loop
      vertex   1.056233e+01 -7.578733e+00 1.000000e+00
      vertex   1.056233e+01 -7.578733e+00 6.853000e+00
      vertex   1.033311e+01 -7.888402e+00 1.000000e+00
    endloop
  endfacet
  facet normal 8.037589e-01 -5.949551e-01 9.028299e-17
    outer loop
      vertex   1.033311e+01 -7.888402e+00 1.000000e+00
      vertex   1.056233e+01 -7.578733e+00 6.853000e+00
      vertex   1.033311e+01 -7.888402e+00 6.853000e+00
    endloop
  endfacet
  facet normal 7.857754e-01 -6.185119e-01 9.385767e-17
    outer loop
      vertex   1.033311e+01 -7.888402e+00 1.000000e+00
      vertex   1.033311e+01 -7.888402e+00 6.853000e+00
      vertex   1.009481e+01 -8.191142e+00 1.000000e+00
    endloop
  endfacet
  facet normal 7.857754e-01 -6.185119e-01 -5.076366e-17
    outer loop
      vertex   1.009481e+01 -8.191142e+00 1.000000e+00
      vertex   1.033311e+01 -7.888402e+00 6.853000e+00
      vertex   1.009481e+01 -8.191142e+00 6.853000e+00
    endloop
  endfacet
  facet normal 7.671018e-01 -6.415254e-01 -3.811181e-17
    outer loop
      vertex   1.009481e+01 -8.191142e+00 1.000000e+00
      vertex   1.009481e+01 -8.191142e+00 6.853000e+00
      vertex   9.847646e+00 -8.486688e+00 1.000000e+00
    endloop
  endfacet
  facet normal 7.671018e-01 -6.415254e-01 1.565880e-16
    outer loop
      vertex   9.847646e+00 -8.486688e+00 1.000000e+00
      vertex   1.009481e+01 -8.191142e+00 6.853000e+00
      vertex   9.847646e+00 -8.486688e+00 6.853000e+00
    endloop
  endfacet
  facet normal 7.477544e-01 -6.639755e-01 1.760868e-16
    outer loop
      vertex   9.847646e+00 -8.486688e+00 1.000000e+00
      vertex   9.847646e+00 -8.486688e+00 6.853000e+00
      vertex   9.591833e+00 -8.774779e+00 1.000000e+00
    endloop
  endfacet
  facet normal 7.477544e-01 -6.639755e-01 2.523663e-16
    outer loop
      vertex   9.591833e+00 -8.774779e+00 1.000000e+00
      vertex   9.847646e+00 -8.486688e+00 6.853000e+00
      vertex   9.591833e+00 -8.774779e+00 6.853000e+00
    endloop
  endfacet
  facet normal 7.277502e-01 -6.858423e-01 2.335874e-16
    outer loop
      vertex   9.591833e+00 -8.774779e+00 1.000000e+00
      vertex   9.591833e+00 -8.774779e+00 6.853000e+00
      vertex   9.327594e+00 -9.055163e+00 1.000000e+00
    endloop
  endfacet
  facet normal 7.277502e-01 -6.858423e-01 0.000000e+00
    outer loop
      vertex   9.327594e+00 -9.055163e+00 1.000000e+00
      vertex   9.591833e+00 -8.774779e+00 6.853000e+00
      vertex   9.327594e+00 -9.055163e+00 6.853000e+00
    endloop
  endfacet
  facet normal 7.071068e-01 -7.071068e-01 0.000000e+00
    outer loop
      vertex   9.327594e+00 -9.055163e+00 1.000000e+00
      vertex   9.327594e+00 -9.055163e+00 6.853000e+00
      vertex   9.055163e+00 -9.327594e+00 1.000000e+00
    endloop
  endfacet
  facet normal 7.071068e-01 -7.071068e-01 0.000000e+00
    outer loop
      vertex   9.055163e+00 -9.327594e+00 1.000000e+00
      vertex   9.327594e+00 -9.055163e+00 6.853000e+00
      vertex   9.055163e+00 -9.327594e+00 6.853000e+00
    endloop
  endfacet
  facet normal 6.858423e-01 -7.277502e-01 0.000000e+00
    outer loop
      vertex   9.055163e+00 -9.327594e+00 1.000000e+00
      vertex   9.055163e+00 -9.327594e+00 6.853000e+00
      vertex   8.774779e+00 -9.591833e+00 1.000000e+00
    endloop
  endfacet
  facet normal 6.858423e-01 -7.277502e-01 0.000000e+00
    outer loop
      vertex   8.774779e+00 -9.591833e+00 1.000000e+00
      vertex   9.055163e+00 -9.327594e+00 6.853000e+00
      vertex   8.774779e+00 -9.591833e+00 6.853000e+00
    endloop
  endfacet
  facet normal 6.639755e-01 -7.477544e-01 0.000000e+00
    outer loop
      vertex   8.774779e+00 -9.591833e+00 1.000000e+00
      vertex   8.774779e+00 -9.591833e+00 6.853000e+00
      vertex   8.486688e+00 -9.847646e+00 1.000000e+00
    endloop
  endfacet
  facet normal 6.639755e-01 -7.477544e-01 -2.015133e-16
    outer loop
      vertex   8.486688e+00 -9.847646e+00 1.000000e+00
      vertex   8.774779e+00 -9.591833e+00 6.853000e+00
      vertex   8.486688e+00 -9.847646e+00 6.853000e+00
    endloop
  endfacet
  facet normal 6.415254e-01 -7.671018e-01 -1.946998e-16
    outer loop
      vertex   8.486688e+00 -9.847646e+00 1.000000e+00
      vertex   8.486688e+00 -9.847646e+00 6.853000e+00
      vertex   8.191142e+00 -1.009481e+01 1.000000e+00
    endloop
  endfacet
  facet normal 6.415254e-01 -7.671018e-01 -1.565880e-16
    outer loop
      vertex   8.191142e+00 -1.009481e+01 1.000000e+00
      vertex   8.486688e+00 -9.847646e+00 6.853000e+00
      vertex   8.191142e+00 -1.009481e+01 6.853000e+00
    endloop
  endfacet
  facet normal 6.185119e-01 -7.857754e-01 -1.369517e-16
    outer loop
      vertex   8.191142e+00 -1.009481e+01 1.000000e+00
      vertex   8.191142e+00 -1.009481e+01 6.853000e+00
      vertex   7.888402e+00 -1.033311e+01 1.000000e+00
    endloop
  endfacet
  facet normal 6.185119e-01 -7.857754e-01 -2.308093e-16
    outer loop
      vertex   7.888402e+00 -1.033311e+01 1.000000e+00
      vertex   8.191142e+00 -1.009481e+01 6.853000e+00
      vertex   7.888402e+00 -1.033311e+01 6.853000e+00
    endloop
  endfacet
  facet normal 5.949551e-01 -8.037589e-01 -2.074780e-16
    outer loop
      vertex   7.888402e+00 -1.033311e+01 1.000000e+00
      vertex   7.888402e+00 -1.033311e+01 6.853000e+00
      vertex   7.578733e+00 -1.056233e+01 1.000000e+00
    endloop
  endfacet
  facet normal 5.949551e-01 -8.037589e-01 0.000000e+00
    outer loop
      vertex   7.578733e+00 -1.056233e+01 1.000000e+00
      vertex   7.888402e+00 -1.033311e+01 6.853000e+00
      vertex   7.578733e+00 -1.056233e+01 6.853000e+00
    endloop
  endfacet
  facet normal 5.708758e-01 -8.210364e-01 0.000000e+00
    outer loop
      vertex   7.578733e+00 -1.056233e+01 1.000000e+00
      vertex   7.578733e+00 -1.056233e+01 6.853000e+00
      vertex   7.262408e+00 -1.078227e+01 1.000000e+00
    endloop
  endfacet
  facet normal 5.708758e-01 -8.210364e-01 8.662901e-17
    outer loop
      vertex   7.262408e+00 -1.078227e+01 1.000000e+00
      vertex   7.578733e+00 -1.056233e+01 6.853000e+00
      vertex   7.262408e+00 -1.078227e+01 6.853000e+00
    endloop
  endfacet
  facet normal 5.462951e-01 -8.375928e-01 8.289894e-17
    outer loop
      vertex   7.262408e+00 -1.078227e+01 1.000000e+00
      vertex   7.262408e+00 -1.078227e+01 6.853000e+00
      vertex   6.939704e+00 -1.099275e+01 1.000000e+00
    endloop
  endfacet
  facet normal 5.462951e-01 -8.375928e-01 2.597138e-16
    outer loop
      vertex   6.939704e+00 -1.099275e+01 1.000000e+00
      vertex   7.262408e+00 -1.078227e+01 6.853000e+00
      vertex   6.939704e+00 -1.099275e+01 6.853000e+00
    endloop
  endfacet
  facet normal 5.212345e-01 -8.534135e-01 2.807255e-16
    outer loop
      vertex   6.939704e+00 -1.099275e+01 1.000000e+00
      vertex   6.939704e+00 -1.099275e+01 6.853000e+00
      vertex   6.610905e+00 -1.119357e+01 1.000000e+00
    endloop
  endfacet
  facet normal 5.212345e-01 -8.534135e-01 2.807255e-16
    outer loop
      vertex   6.610905e+00 -1.119357e+01 1.000000e+00
      vertex   6.939704e+00 -1.099275e+01 6.853000e+00
      vertex   6.610905e+00 -1.119357e+01 6.853000e+00
    endloop
  endfacet
  facet normal 4.957161e-01 -8.684846e-01 3.014906e-16
    outer loop
      vertex   6.610905e+00 -1.119357e+01 1.000000e+00
      vertex   6.610905e+00 -1.119357e+01 6.853000e+00
      vertex   6.276299e+00 -1.138455e+01 1.000000e+00
    endloop
  endfacet
  facet normal 4.957161e-01 -8.684846e-01 3.790973e-17
    outer loop
      vertex   6.276299e+00 -1.138455e+01 1.000000e+00
      vertex   6.610905e+00 -1.119357e+01 6.853000e+00
      vertex   6.276299e+00 -1.138455e+01 6.853000e+00
    endloop
  endfacet
  facet normal 4.697623e-01 -8.827929e-01 5.406750e-17
    outer loop
      vertex   6.276299e+00 -1.138455e+01 1.000000e+00
      vertex   6.276299e+00 -1.138455e+01 6.853000e+00
      vertex   5.936180e+00 -1.156554e+01 1.000000e+00
    endloop
  endfacet
  facet normal 4.697623e-01 -8.827929e-01 1.253528e-16
    outer loop
      vertex   5.936180e+00 -1.156554e+01 1.000000e+00
      vertex   6.276299e+00 -1.138455e+01 6.853000e+00
      vertex   5.936180e+00 -1.156554e+01 6.853000e+00
    endloop
  endfacet
  facet normal 4.433959e-01 -8.963259e-01 1.374620e-16
    outer loop
      vertex   5.936180e+00 -1.156554e+01 1.000000e+00
      vertex   5.936180e+00 -1.156554e+01 6.853000e+00
      vertex   5.590848e+00 -1.173637e+01 1.000000e+00
    endloop
  endfacet
  facet normal 4.433959e-01 -8.963259e-01 2.047463e-16
    outer loop
      vertex   5.590848e+00 -1.173637e+01 1.000000e+00
      vertex   5.936180e+00 -1.156554e+01 6.853000e+00
      vertex   5.590848e+00 -1.173637e+01 6.853000e+00
    endloop
  endfacet
  facet normal 4.166401e-01 -9.090715e-01 2.126747e-16
    outer loop
      vertex   5.590848e+00 -1.173637e+01 1.000000e+00
      vertex   5.590848e+00 -1.173637e+01 6.853000e+00
      vertex   5.240605e+00 -1.189689e+01 1.000000e+00
    endloop
  endfacet
  facet normal 4.166401e-01 -9.090715e-01 0.000000e+00
    outer loop
      vertex   5.240605e+00 -1.189689e+01 1.000000e+00
      vertex   5.590848e+00 -1.173637e+01 6.853000e+00
      vertex   5.240605e+00 -1.189689e+01 6.853000e+00
    endloop
  endfacet
  facet normal 3.895183e-01 -9.210187e-01 0.000000e+00
    outer loop
      vertex   5.240605e+00 -1.189689e+01 1.000000e+00
      vertex   5.240605e+00 -1.189689e+01 6.853000e+00
      vertex   4.885759e+00 -1.204696e+01 1.000000e+00
    endloop
  endfacet
  facet normal 3.895183e-01 -9.210187e-01 0.000000e+00
    outer loop
      vertex   4.885759e+00 -1.204696e+01 1.000000e+00
      vertex   5.240605e+00 -1.189689e+01 6.853000e+00
      vertex   4.885759e+00 -1.204696e+01 6.853000e+00
    endloop
  endfacet
  facet normal 3.620544e-01 -9.321570e-01 0.000000e+00
    outer loop
      vertex   4.885759e+00 -1.204696e+01 1.000000e+00
      vertex   4.885759e+00 -1.204696e+01 6.853000e+00
      vertex   4.526621e+00 -1.218646e+01 1.000000e+00
    endloop
  endfacet
  facet normal 3.620544e-01 -9.321570e-01 1.180825e-16
    outer loop
      vertex   4.526621e+00 -1.218646e+01 1.000000e+00
      vertex   4.885759e+00 -1.204696e+01 6.853000e+00
      vertex   4.526621e+00 -1.218646e+01 6.853000e+00
    endloop
  endfacet
  facet normal 3.342724e-01 -9.424765e-01 1.338619e-16
    outer loop
      vertex   4.526621e+00 -1.218646e+01 1.000000e+00
      vertex   4.526621e+00 -1.218646e+01 6.853000e+00
      vertex   4.163508e+00 -1.231524e+01 1.000000e+00
    endloop
  endfacet
  facet normal 3.342724e-01 -9.424765e-01 -2.029001e-16
    outer loop
      vertex   4.163508e+00 -1.231524e+01 1.000000e+00
      vertex   4.526621e+00 -1.218646e+01 6.853000e+00
      vertex   4.163508e+00 -1.231524e+01 6.853000e+00
    endloop
  endfacet
  facet normal 3.061969e-01 -9.519682e-01 -1.858585e-16
    outer loop
      vertex   4.163508e+00 -1.231524e+01 1.000000e+00
      vertex   4.163508e+00 -1.231524e+01 6.853000e+00
      vertex   3.796738e+00 -1.243321e+01 1.000000e+00
    endloop
  endfacet
  facet normal 3.061969e-01 -9.519682e-01 1.959884e-16
    outer loop
      vertex   3.796738e+00 -1.243321e+01 1.000000e+00
      vertex   4.163508e+00 -1.231524e+01 6.853000e+00
      vertex   3.796738e+00 -1.243321e+01 6.853000e+00
    endloop
  endfacet
  facet normal 2.778525e-01 -9.606238e-01 2.072177e-16
    outer loop
      vertex   3.796738e+00 -1.243321e+01 1.000000e+00
      vertex   3.796738e+00 -1.243321e+01 6.853000e+00
      vertex   3.426633e+00 -1.254026e+01 1.000000e+00
    endloop
  endfacet
  facet normal 2.778525e-01 -9.606238e-01 -8.432687e-17
    outer loop
      vertex   3.426633e+00 -1.254026e+01 1.000000e+00
      vertex   3.796738e+00 -1.243321e+01 6.853000e+00
      vertex   3.426633e+00 -1.254026e+01 6.853000e+00
    endloop
  endfacet
  facet normal 2.492640e-01 -9.684356e-01 -7.565040e-17
    outer loop
      vertex   3.426633e+00 -1.254026e+01 1.000000e+00
      vertex   3.426633e+00 -1.254026e+01 6.853000e+00
      vertex   3.053519e+00 -1.263630e+01 1.000000e+00
    endloop
  endfacet
  facet normal 2.492640e-01 -9.684356e-01 -1.804399e-16
    outer loop
      vertex   3.053519e+00 -1.263630e+01 1.000000e+00
      vertex   3.426633e+00 -1.254026e+01 6.853000e+00
      vertex   3.053519e+00 -1.263630e+01 6.853000e+00
    endloop
  endfacet
  facet normal 2.204565e-01 -9.753968e-01 -1.956669e-16
    outer loop
      vertex   3.053519e+00 -1.263630e+01 1.000000e+00
      vertex   3.053519e+00 -1.263630e+01 6.853000e+00
      vertex   2.677722e+00 -1.272123e+01 1.000000e+00
    endloop
  endfacet
  facet normal 2.204565e-01 -9.753968e-01 0.000000e+00
    outer loop
      vertex   2.677722e+00 -1.272123e+01 1.000000e+00
      vertex   3.053519e+00 -1.263630e+01 6.853000e+00
      vertex   2.677722e+00 -1.272123e+01 6.853000e+00
    endloop
  endfacet
  facet normal 1.914555e-01 -9.815013e-01 0.000000e+00
    outer loop
      vertex   2.677722e+00 -1.272123e+01 1.000000e+00
      vertex   2.677722e+00 -1.272123e+01 6.853000e+00
      vertex   2.299574e+00 -1.279500e+01 1.000000e+00
    endloop
  endfacet
  facet normal 1.914555e-01 -9.815013e-01 -1.016851e-16
    outer loop
      vertex   2.299574e+00 -1.279500e+01 1.000000e+00
      vertex   2.677722e+00 -1.272123e+01 6.853000e+00
      vertex   2.299574e+00 -1.279500e+01 6.853000e+00
    endloop
  endfacet
  facet normal 1.622862e-01 -9.867437e-01 -8.619289e-17
    outer loop
      vertex   2.299574e+00 -1.279500e+01 1.000000e+00
      vertex   2.299574e+00 -1.279500e+01 6.853000e+00
      vertex   1.919405e+00 -1.285752e+01 1.000000e+00
    endloop
  endfacet
  facet normal 1.622862e-01 -9.867437e-01 -8.619289e-17
    outer loop
      vertex   1.919405e+00 -1.285752e+01 1.000000e+00
      vertex   2.299574e+00 -1.279500e+01 6.853000e+00
      vertex   1.919405e+00 -1.285752e+01 6.853000e+00
    endloop
  endfacet
  facet normal 1.329745e-01 -9.911195e-01 -7.062492e-17
    outer loop
      vertex   1.919405e+00 -1.285752e+01 1.000000e+00
      vertex   1.919405e+00 -1.285752e+01 6.853000e+00
      vertex   1.537551e+00 -1.290875e+01 1.000000e+00
    endloop
  endfacet
  facet normal 1.329745e-01 -9.911195e-01 -6.053565e-17
    outer loop
      vertex   1.537551e+00 -1.290875e+01 1.000000e+00
      vertex   1.919405e+00 -1.285752e+01 6.853000e+00
      vertex   1.537551e+00 -1.290875e+01 6.853000e+00
    endloop
  endfacet
  facet normal 1.035459e-01 -9.946247e-01 -4.713851e-17
    outer loop
      vertex   1.537551e+00 -1.290875e+01 1.000000e+00
      vertex   1.537551e+00 -1.290875e+01 6.853000e+00
      vertex   1.154347e+00 -1.294865e+01 1.000000e+00
    endloop
  endfacet
  facet normal 1.035459e-01 -9.946247e-01 -5.106672e-17
    outer loop
      vertex   1.154347e+00 -1.294865e+01 1.000000e+00
      vertex   1.537551e+00 -1.290875e+01 6.853000e+00
      vertex   1.154347e+00 -1.294865e+01 6.853000e+00
    endloop
  endfacet
  facet normal 7.402639e-02 -9.972563e-01 -3.650830e-17
    outer loop
      vertex   1.154347e+00 -1.294865e+01 1.000000e+00
      vertex   1.154347e+00 -1.294865e+01 6.853000e+00
      vertex   7.701282e-01 -1.297717e+01 1.000000e+00
    endloop
  endfacet
  facet normal 7.402639e-02 -9.972563e-01 2.675583e-16
    outer loop
      vertex   7.701282e-01 -1.297717e+01 1.000000e+00
      vertex   1.154347e+00 -1.294865e+01 6.853000e+00
      vertex   7.701282e-01 -1.297717e+01 6.853000e+00
    endloop
  endfacet
  facet normal 4.444186e-02 -9.990120e-01 2.821204e-16
    outer loop
      vertex   7.701282e-01 -1.297717e+01 1.000000e+00
      vertex   7.701282e-01 -1.297717e+01 6.853000e+00
      vertex   3.852333e-01 -1.299429e+01 1.000000e+00
    endloop
  endfacet
  facet normal 4.444186e-02 -9.990120e-01 0.000000e+00
    outer loop
      vertex   3.852333e-01 -1.299429e+01 1.000000e+00
      vertex   7.701282e-01 -1.297717e+01 6.853000e+00
      vertex   3.852333e-01 -1.299429e+01 6.853000e+00
    endloop
  endfacet
  facet normal 1.481829e-02 -9.998902e-01 0.000000e+00
    outer loop
      vertex   3.852333e-01 -1.299429e+01 1.000000e+00
      vertex   3.852333e-01 -1.299429e+01 6.853000e+00
      vertex   7.960204e-16 -1.300000e+01 1.000000e+00
    endloop
  endfacet
  facet normal 1.481829e-02 -9.998902e-01 0.000000e+00
    outer loop
      vertex   7.960204e-16 -1.300000e+01 1.000000e+00
      vertex   3.852333e-01 -1.299429e+01 6.853000e+00
      vertex   7.960204e-16 -1.300000e+01 6.853000e+00
    endloop
  endfacet
  facet normal -1.481829e-02 -9.998902e-01 0.000000e+00
    outer loop
      vertex   7.960204e-16 -1.300000e+01 1.000000e+00
      vertex   7.960204e-16 -1.300000e+01 6.853000e+00
      vertex   -3.852333e-01 -1.299429e+01 1.000000e+00
    endloop
  endfacet
  facet normal -1.481829e-02 -9.998902e-01 7.308078e-18
    outer loop
      vertex   -3.852333e-01 -1.299429e+01 1.000000e+00
      vertex   7.960204e-16 -1.300000e+01 6.853000e+00
      vertex   -3.852333e-01 -1.299429e+01 6.853000e+00
    endloop
  endfacet
  facet normal -4.444186e-02 -9.990120e-01 2.191781e-17
    outer loop
      vertex   -3.852333e-01 -1.299429e+01 1.000000e+00
      vertex   -3.852333e-01 -1.299429e+01 6.853000e+00
      vertex   -7.701282e-01 -1.297717e+01 1.000000e+00
    endloop
  endfacet
  facet normal -4.444186e-02 -9.990120e-01 2.191781e-17
    outer loop
      vertex   -7.701282e-01 -1.297717e+01 1.000000e+00
      vertex   -3.852333e-01 -1.299429e+01 6.853000e+00
      vertex   -7.701282e-01 -1.297717e+01 6.853000e+00
    endloop
  endfacet
  facet normal -7.402639e-02 -9.972563e-01 3.650830e-17
    outer loop
      vertex   -7.701282e-01 -1.297717e+01 1.000000e+00
      vertex   -7.701282e-01 -1.297717e+01 6.853000e+00
      vertex   -1.154347e+00 -1.294865e+01 1.000000e+00
    endloop
  endfacet
  facet normal -7.402639e-02 -9.972563e-01 3.650830e-17
    outer loop
      vertex   -1.154347e+00 -1.294865e+01 1.000000e+00
      vertex   -7.701282e-01 -1.297717e+01 6.853000e+00
      vertex   -1.154347e+00 -1.294865e+01 6.853000e+00
    endloop
  endfacet
  facet normal -1.035459e-01 -9.946247e-01 5.106672e-17
    outer loop
      vertex   -1.154347e+00 -1.294865e+01 1.000000e+00
      vertex   -1.154347e+00 -1.294865e+01 6.853000e+00
      vertex   -1.537551e+00 -1.290875e+01 1.000000e+00
    endloop
  endfacet
  facet normal -1.035459e-01 -9.946247e-01 -2.507970e-16
    outer loop
      vertex   -1.537551e+00 -1.290875e+01 1.000000e+00
      vertex   -1.154347e+00 -1.294865e+01 6.853000e+00
      vertex   -1.537551e+00 -1.290875e+01 6.853000e+00
    endloop
  endfacet
  facet normal -1.329745e-01 -9.911195e-01 -2.352196e-16
    outer loop
      vertex   -1.537551e+00 -1.290875e+01 1.000000e+00
      vertex   -1.537551e+00 -1.290875e+01 6.853000e+00
      vertex   -1.919405e+00 -1.285752e+01 1.000000e+00
    endloop
  endfacet
  facet normal -1.329745e-01 -9.911195e-01 5.410642e-16
    outer loop
      vertex   -1.919405e+00 -1.285752e+01 1.000000e+00
      vertex   -1.537551e+00 -1.290875e+01 6.853000e+00
      vertex   -1.919405e+00 -1.285752e+01 6.853000e+00
    endloop
  endfacet
  facet normal -1.622862e-01 -9.867437e-01 5.250642e-16
    outer loop
      vertex   -1.919405e+00 -1.285752e+01 1.000000e+00
      vertex   -1.919405e+00 -1.285752e+01 6.853000e+00
      vertex   -2.299574e+00 -1.279500e+01 1.000000e+00
    endloop
  endfacet
  facet normal -1.622862e-01 -9.867437e-01 0.000000e+00
    outer loop
      vertex   -2.299574e+00 -1.279500e+01 1.000000e+00
      vertex   -1.919405e+00 -1.285752e+01 6.853000e+00
      vertex   -2.299574e+00 -1.279500e+01 6.853000e+00
    endloop
  endfacet
  facet normal -1.914555e-01 -9.815013e-01 0.000000e+00
    outer loop
      vertex   -2.299574e+00 -1.279500e+01 1.000000e+00
      vertex   -2.299574e+00 -1.279500e+01 6.853000e+00
      vertex   -2.677722e+00 -1.272123e+01 1.000000e+00
    endloop
  endfacet
  facet normal -1.914555e-01 -9.815013e-01 8.715870e-17
    outer loop
      vertex   -2.677722e+00 -1.272123e+01 1.000000e+00
      vertex   -2.299574e+00 -1.279500e+01 6.853000e+00
      vertex   -2.677722e+00 -1.272123e+01 6.853000e+00
    endloop
  endfacet
  facet normal -2.204565e-01 -9.753968e-01 1.003612e-16
    outer loop
      vertex   -2.677722e+00 -1.272123e+01 1.000000e+00
      vertex   -2.677722e+00 -1.272123e+01 6.853000e+00
      vertex   -3.053519e+00 -1.263630e+01 1.000000e+00
    endloop
  endfacet
  facet normal -2.204565e-01 -9.753968e-01 -1.789401e-16
    outer loop
      vertex   -3.053519e+00 -1.263630e+01 1.000000e+00
      vertex   -2.677722e+00 -1.272123e+01 6.853000e+00
      vertex   -3.053519e+00 -1.263630e+01 6.853000e+00
    endloop
  endfacet
  facet normal -2.492640e-01 -9.684356e-01 -1.615273e-16
    outer loop
      vertex   -3.053519e+00 -1.263630e+01 1.000000e+00
      vertex   -3.053519e+00 -1.263630e+01 6.853000e+00
      vertex   -3.426633e+00 -1.254026e+01 1.000000e+00
    endloop
  endfacet
  facet normal -2.492640e-01 -9.684356e-01 -1.615273e-16
    outer loop
      vertex   -3.426633e+00 -1.254026e+01 1.000000e+00
      vertex   -3.053519e+00 -1.263630e+01 6.853000e+00
      vertex   -3.426633e+00 -1.254026e+01 6.853000e+00
    endloop
  endfacet
  facet normal -2.778525e-01 -9.606238e-01 -1.439726e-16
    outer loop
      vertex   -3.426633e+00 -1.254026e+01 1.000000e+00
      vertex   -3.426633e+00 -1.254026e+01 6.853000e+00
      vertex   -3.796738e+00 -1.243321e+01 1.000000e+00
    endloop
  endfacet
  facet normal -2.778525e-01 -9.606238e-01 8.432687e-17
    outer loop
      vertex   -3.796738e+00 -1.243321e+01 1.000000e+00
      vertex   -3.426633e+00 -1.254026e+01 6.853000e+00
      vertex   -3.796738e+00 -1.243321e+01 6.853000e+00
    endloop
  endfacet
  facet normal -3.061969e-01 -9.519682e-01 9.292927e-17
    outer loop
      vertex   -3.796738e+00 -1.243321e+01 1.000000e+00
      vertex   -3.796738e+00 -1.243321e+01 6.853000e+00
      vertex   -4.163508e+00 -1.231524e+01 1.000000e+00
    endloop
  endfacet
  facet normal -3.061969e-01 -9.519682e-01 -1.495238e-16
    outer loop
      vertex   -4.163508e+00 -1.231524e+01 1.000000e+00
      vertex   -3.796738e+00 -1.243321e+01 6.853000e+00
      vertex   -4.163508e+00 -1.231524e+01 6.853000e+00
    endloop
  endfacet
  facet normal -3.342724e-01 -9.424765e-01 -1.338619e-16
    outer loop
      vertex   -4.163508e+00 -1.231524e+01 1.000000e+00
      vertex   -4.163508e+00 -1.231524e+01 6.853000e+00
      vertex   -4.526621e+00 -1.218646e+01 1.000000e+00
    endloop
  endfacet
  facet normal -3.342724e-01 -9.424765e-01 0.000000e+00
    outer loop
      vertex   -4.526621e+00 -1.218646e+01 1.000000e+00
      vertex   -4.163508e+00 -1.231524e+01 6.853000e+00
      vertex   -4.526621e+00 -1.218646e+01 6.853000e+00
    endloop
  endfacet
  facet normal -3.620544e-01 -9.321570e-01 0.000000e+00
    outer loop
      vertex   -4.526621e+00 -1.218646e+01 1.000000e+00
      vertex   -4.526621e+00 -1.218646e+01 6.853000e+00
      vertex   -4.885759e+00 -1.204696e+01 1.000000e+00
    endloop
  endfacet
  facet normal -3.620544e-01 -9.321570e-01 0.000000e+00
    outer loop
      vertex   -4.885759e+00 -1.204696e+01 1.000000e+00
      vertex   -4.526621e+00 -1.218646e+01 6.853000e+00
      vertex   -4.885759e+00 -1.204696e+01 6.853000e+00
    endloop
  endfacet
  facet normal -3.895183e-01 -9.210187e-01 0.000000e+00
    outer loop
      vertex   -4.885759e+00 -1.204696e+01 1.000000e+00
      vertex   -4.885759e+00 -1.204696e+01 6.853000e+00
      vertex   -5.240605e+00 -1.189689e+01 1.000000e+00
    endloop
  endfacet
  facet normal -3.895183e-01 -9.210187e-01 1.182169e-16
    outer loop
      vertex   -5.240605e+00 -1.189689e+01 1.000000e+00
      vertex   -4.885759e+00 -1.204696e+01 6.853000e+00
      vertex   -5.240605e+00 -1.189689e+01 6.853000e+00
    endloop
  endfacet
  facet normal -4.166401e-01 -9.090715e-01 1.264482e-16
    outer loop
      vertex   -5.240605e+00 -1.189689e+01 1.000000e+00
      vertex   -5.240605e+00 -1.189689e+01 6.853000e+00
      vertex   -5.590848e+00 -1.173637e+01 1.000000e+00
    endloop
  endfacet
  facet normal -4.166401e-01 -9.090715e-01 4.022179e-17
    outer loop
      vertex   -5.590848e+00 -1.173637e+01 1.000000e+00
      vertex   -5.240605e+00 -1.189689e+01 6.853000e+00
      vertex   -5.590848e+00 -1.173637e+01 6.853000e+00
    endloop
  endfacet
  facet normal -4.433959e-01 -8.963259e-01 6.439070e-17
    outer loop
      vertex   -5.590848e+00 -1.173637e+01 1.000000e+00
      vertex   -5.590848e+00 -1.173637e+01 6.853000e+00
      vertex   -5.936180e+00 -1.156554e+01 1.000000e+00
    endloop
  endfacet
  facet normal -4.433959e-01 -8.963259e-01 3.364212e-16
    outer loop
      vertex   -5.936180e+00 -1.156554e+01 1.000000e+00
      vertex   -5.590848e+00 -1.173637e+01 6.853000e+00
      vertex   -5.936180e+00 -1.156554e+01 6.853000e+00
    endloop
  endfacet
  facet normal -4.697623e-01 -8.827929e-01 3.564264e-16
    outer loop
      vertex   -5.936180e+00 -1.156554e+01 1.000000e+00
      vertex   -5.936180e+00 -1.156554e+01 6.853000e+00
      vertex   -6.276299e+00 -1.138455e+01 1.000000e+00
    endloop
  endfacet
  facet normal -4.697623e-01 -8.827929e-01 1.597883e-16
    outer loop
      vertex   -6.276299e+00 -1.138455e+01 1.000000e+00
      vertex   -5.936180e+00 -1.156554e+01 6.853000e+00
      vertex   -6.276299e+00 -1.138455e+01 6.853000e+00
    endloop
  endfacet
  facet normal -4.957161e-01 -8.684846e-01 1.877614e-16
    outer loop
      vertex   -6.276299e+00 -1.138455e+01 1.000000e+00
      vertex   -6.276299e+00 -1.138455e+01 6.853000e+00
      vertex   -6.610905e+00 -1.119357e+01 1.000000e+00
    endloop
  endfacet
  facet normal -4.957161e-01 -8.684846e-01 0.000000e+00
    outer loop
      vertex   -6.610905e+00 -1.119357e+01 1.000000e+00
      vertex   -6.276299e+00 -1.138455e+01 6.853000e+00
      vertex   -6.610905e+00 -1.119357e+01 6.853000e+00
    endloop
  endfacet
  facet normal -5.212345e-01 -8.534135e-01 0.000000e+00
    outer loop
      vertex   -6.610905e+00 -1.119357e+01 1.000000e+00
      vertex   -6.610905e+00 -1.119357e+01 6.853000e+00
      vertex   -6.939704e+00 -1.099275e+01 1.000000e+00
    endloop
  endfacet
  facet normal -5.212345e-01 -8.534135e-01 0.000000e+00
    outer loop
      vertex   -6.939704e+00 -1.099275e+01 1.000000e+00
      vertex   -6.610905e+00 -1.119357e+01 6.853000e+00
      vertex   -6.939704e+00 -1.099275e+01 6.853000e+00
    endloop
  endfacet
  facet normal -5.462951e-01 -8.375928e-01 0.000000e+00
    outer loop
      vertex   -6.939704e+00 -1.099275e+01 1.000000e+00
      vertex   -6.939704e+00 -1.099275e+01 6.853000e+00
      vertex   -7.262408e+00 -1.078227e+01 1.000000e+00
    endloop
  endfacet
  facet normal -5.462951e-01 -8.375928e-01 0.000000e+00
    outer loop
      vertex   -7.262408e+00 -1.078227e+01 1.000000e+00
      vertex   -6.939704e+00 -1.099275e+01 6.853000e+00
      vertex   -7.262408e+00 -1.078227e+01 6.853000e+00
    endloop
  endfacet
  facet normal -5.708758e-01 -8.210364e-01 0.000000e+00
    outer loop
      vertex   -7.262408e+00 -1.078227e+01 1.000000e+00
      vertex   -7.262408e+00 -1.078227e+01 6.853000e+00
      vertex   -7.578733e+00 -1.056233e+01 1.000000e+00
    endloop
  endfacet
  facet normal -5.708758e-01 -8.210364e-01 1.839645e-16
    outer loop
      vertex   -7.578733e+00 -1.056233e+01 1.000000e+00
      vertex   -7.262408e+00 -1.078227e+01 6.853000e+00
      vertex   -7.578733e+00 -1.056233e+01 6.853000e+00
    endloop
  endfacet
  facet normal -5.949551e-01 -8.037589e-01 2.074780e-16
    outer loop
      vertex   -7.578733e+00 -1.056233e+01 1.000000e+00
      vertex   -7.578733e+00 -1.056233e+01 6.853000e+00
      vertex   -7.888402e+00 -1.033311e+01 1.000000e+00
    endloop
  endfacet
  facet normal -5.949551e-01 -8.037589e-01 -3.645886e-17
    outer loop
      vertex   -7.888402e+00 -1.033311e+01 1.000000e+00
      vertex   -7.578733e+00 -1.056233e+01 6.853000e+00
      vertex   -7.888402e+00 -1.033311e+01 6.853000e+00
    endloop
  endfacet
  facet normal -6.185119e-01 -7.857754e-01 -7.669653e-18
    outer loop
      vertex   -7.888402e+00 -1.033311e+01 1.000000e+00
      vertex   -7.888402e+00 -1.033311e+01 6.853000e+00
      vertex   -8.191142e+00 -1.009481e+01 1.000000e+00
    endloop
  endfacet
  facet normal -6.185119e-01 -7.857754e-01 3.246670e-16
    outer loop
      vertex   -8.191142e+00 -1.009481e+01 1.000000e+00
      vertex   -7.888402e+00 -1.033311e+01 6.853000e+00
      vertex   -8.191142e+00 -1.009481e+01 6.853000e+00
    endloop
  endfacet
  facet normal -6.415254e-01 -7.671018e-01 3.512878e-16
    outer loop
      vertex   -8.191142e+00 -1.009481e+01 1.000000e+00
      vertex   -8.191142e+00 -1.009481e+01 6.853000e+00
      vertex   -8.486688e+00 -9.847646e+00 1.000000e+00
    endloop
  endfacet
  facet normal -6.415254e-01 -7.671018e-01 -7.622362e-17
    outer loop
      vertex   -8.486688e+00 -9.847646e+00 1.000000e+00
      vertex   -8.191142e+00 -1.009481e+01 6.853000e+00
      vertex   -8.486688e+00 -9.847646e+00 6.853000e+00
    endloop
  endfacet
  facet normal -6.639755e-01 -7.477544e-01 -5.085297e-17
    outer loop
      vertex   -8.486688e+00 -9.847646e+00 1.000000e+00
      vertex   -8.486688e+00 -9.847646e+00 6.853000e+00
      vertex   -8.774779e+00 -9.591833e+00 1.000000e+00
    endloop
  endfacet
  facet normal -6.639755e-01 -7.477544e-01 0.000000e+00
    outer loop
      vertex   -8.774779e+00 -9.591833e+00 1.000000e+00
      vertex   -8.486688e+00 -9.847646e+00 6.853000e+00
      vertex   -8.774779e+00 -9.591833e+00 6.853000e+00
    endloop
  endfacet
  facet normal -6.858423e-01 -7.277502e-01 0.000000e+00
    outer loop
      vertex   -8.774779e+00 -9.591833e+00 1.000000e+00
      vertex   -8.774779e+00 -9.591833e+00 6.853000e+00
      vertex   -9.055163e+00 -9.327594e+00 1.000000e+00
    endloop
  endfacet
  facet normal -6.858423e-01 -7.277502e-01 0.000000e+00
    outer loop
      vertex   -9.055163e+00 -9.327594e+00 1.000000e+00
      vertex   -8.774779e+00 -9.591833e+00 6.853000e+00
      vertex   -9.055163e+00 -9.327594e+00 6.853000e+00
    endloop
  endfacet
  facet normal -7.071068e-01 -7.071068e-01 0.000000e+00
    outer loop
      vertex   -9.055163e+00 -9.327594e+00 1.000000e+00
      vertex   -9.055163e+00 -9.327594e+00 6.853000e+00
      vertex   -9.327594e+00 -9.055163e+00 1.000000e+00
    endloop
  endfacet
  facet normal -7.071068e-01 -7.071068e-01 0.000000e+00
    outer loop
      vertex   -9.327594e+00 -9.055163e+00 1.000000e+00
      vertex   -9.055163e+00 -9.327594e+00 6.853000e+00
      vertex   -9.327594e+00 -9.055163e+00 6.853000e+00
    endloop
  endfacet
  facet normal -7.277502e-01 -6.858423e-01 0.000000e+00
    outer loop
      vertex   -9.327594e+00 -9.055163e+00 1.000000e+00
      vertex   -9.327594e+00 -9.055163e+00 6.853000e+00
      vertex   -9.591833e+00 -8.774779e+00 1.000000e+00
    endloop
  endfacet
  facet normal -7.277502e-01 -6.858423e-01 -1.827121e-16
    outer loop
      vertex   -9.591833e+00 -8.774779e+00 1.000000e+00
      vertex   -9.327594e+00 -9.055163e+00 6.853000e+00
      vertex   -9.591833e+00 -8.774779e+00 6.853000e+00
    endloop
  endfacet
  facet normal -7.477544e-01 -6.639755e-01 -1.506603e-16
    outer loop
      vertex   -9.591833e+00 -8.774779e+00 1.000000e+00
      vertex   -9.591833e+00 -8.774779e+00 6.853000e+00
      vertex   -9.847646e+00 -8.486688e+00 1.000000e+00
    endloop
  endfacet
  facet normal -7.477544e-01 -6.639755e-01 -3.776001e-16
    outer loop
      vertex   -9.847646e+00 -8.486688e+00 1.000000e+00
      vertex   -9.591833e+00 -8.774779e+00 6.853000e+00
      vertex   -9.847646e+00 -8.486688e+00 6.853000e+00
    endloop
  endfacet
  facet normal -7.671018e-01 -6.415254e-01 -3.512878e-16
    outer loop
      vertex   -9.847646e+00 -8.486688e+00 1.000000e+00
      vertex   -9.847646e+00 -8.486688e+00 6.853000e+00
      vertex   -1.009481e+01 -8.191142e+00 1.000000e+00
    endloop
  endfacet
  facet normal -7.671018e-01 -6.415254e-01 0.000000e+00
    outer loop
      vertex   -1.009481e+01 -8.191142e+00 1.000000e+00
      vertex   -9.847646e+00 -8.486688e+00 6.853000e+00
      vertex   -1.009481e+01 -8.191142e+00 6.853000e+00
    endloop
  endfacet
  facet normal -7.857754e-01 -6.185119e-01 0.000000e+00
    outer loop
      vertex   -1.009481e+01 -8.191142e+00 1.000000e+00
      vertex   -1.009481e+01 -8.191142e+00 6.853000e+00
      vertex   -1.033311e+01 -7.888402e+00 1.000000e+00
    endloop
  endfacet
  facet normal -7.857754e-01 -6.185119e-01 0.000000e+00
    outer loop
      vertex   -1.033311e+01 -7.888402e+00 1.000000e+00
      vertex   -1.009481e+01 -8.191142e+00 6.853000e+00
      vertex   -1.033311e+01 -7.888402e+00 6.853000e+00
    endloop
  endfacet
  facet normal -8.037589e-01 -5.949551e-01 0.000000e+00
    outer loop
      vertex   -1.033311e+01 -7.888402e+00 1.000000e+00
      vertex   -1.033311e+01 -7.888402e+00 6.853000e+00
      vertex   -1.056233e+01 -7.578733e+00 1.000000e+00
    endloop
  endfacet
  facet normal -8.037589e-01 -5.949551e-01 0.000000e+00
    outer loop
      vertex   -1.056233e+01 -7.578733e+00 1.000000e+00
      vertex   -1.033311e+01 -7.888402e+00 6.853000e+00
      vertex   -1.056233e+01 -7.578733e+00 6.853000e+00
    endloop
  endfacet
  facet normal -8.210364e-01 -5.708758e-01 0.000000e+00
    outer loop
      vertex   -1.056233e+01 -7.578733e+00 1.000000e+00
      vertex   -1.056233e+01 -7.578733e+00 6.853000e+00
      vertex   -1.078227e+01 -7.262408e+00 1.000000e+00
    endloop
  endfacet
  facet normal -8.210364e-01 -5.708758e-01 0.000000e+00
    outer loop
      vertex   -1.078227e+01 -7.262408e+00 1.000000e+00
      vertex   -1.056233e+01 -7.578733e+00 6.853000e+00
      vertex   -1.078227e+01 -7.262408e+00 6.853000e+00
    endloop
  endfacet
  facet normal -8.375928e-01 -5.462951e-01 0.000000e+00
    outer loop
      vertex   -1.078227e+01 -7.262408e+00 1.000000e+00
      vertex   -1.078227e+01 -7.262408e+00 6.853000e+00
      vertex   -1.099275e+01 -6.939704e+00 1.000000e+00
    endloop
  endfacet
  facet normal -8.375928e-01 -5.462951e-01 2.652223e-16
    outer loop
      vertex   -1.099275e+01 -6.939704e+00 1.000000e+00
      vertex   -1.078227e+01 -7.262408e+00 6.853000e+00
      vertex   -1.099275e+01 -6.939704e+00 6.853000e+00
    endloop
  endfacet
  facet normal -8.534135e-01 -5.212345e-01 3.024441e-16
    outer loop
      vertex   -1.099275e+01 -6.939704e+00 1.000000e+00
      vertex   -1.099275e+01 -6.939704e+00 6.853000e+00
      vertex   -1.119357e+01 -6.610905e+00 1.000000e+00
    endloop
  endfacet
  facet normal -8.534135e-01 -5.212345e-01 2.016294e-16
    outer loop
      vertex   -1.119357e+01 -6.610905e+00 1.000000e+00
      vertex   -1.099275e+01 -6.939704e+00 6.853000e+00
      vertex   -1.119357e+01 -6.610905e+00 6.853000e+00
    endloop
  endfacet
  facet normal -8.684846e-01 -4.957161e-01 2.262669e-16
    outer loop
      vertex   -1.119357e+01 -6.610905e+00 1.000000e+00
      vertex   -1.119357e+01 -6.610905e+00 6.853000e+00
      vertex   -1.138455e+01 -6.276299e+00 1.000000e+00
    endloop
  endfacet
  facet normal -8.684846e-01 -4.957161e-01 0.000000e+00
    outer loop
      vertex   -1.138455e+01 -6.276299e+00 1.000000e+00
      vertex   -1.119357e+01 -6.610905e+00 6.853000e+00
      vertex   -1.138455e+01 -6.276299e+00 6.853000e+00
    endloop
  endfacet
  facet normal -8.827929e-01 -4.697623e-01 0.000000e+00
    outer loop
      vertex   -1.138455e+01 -6.276299e+00 1.000000e+00
      vertex   -1.138455e+01 -6.276299e+00 6.853000e+00
      vertex   -1.156554e+01 -5.936180e+00 1.000000e+00
    endloop
  endfacet
  facet normal -8.827929e-01 -4.697623e-01 0.000000e+00
    outer loop
      vertex   -1.156554e+01 -5.936180e+00 1.000000e+00
      vertex   -1.138455e+01 -6.276299e+00 6.853000e+00
      vertex   -1.156554e+01 -5.936180e+00 6.853000e+00
    endloop
  endfacet
  facet normal -8.963259e-01 -4.433959e-01 0.000000e+00
    outer loop
      vertex   -1.156554e+01 -5.936180e+00 1.000000e+00
      vertex   -1.156554e+01 -5.936180e+00 6.853000e+00
      vertex   -1.173637e+01 -5.590848e+00 1.000000e+00
    endloop
  endfacet
  facet normal -8.963259e-01 -4.433959e-01 0.000000e+00
    outer loop
      vertex   -1.173637e+01 -5.590848e+00 1.000000e+00
      vertex   -1.156554e+01 -5.936180e+00 6.853000e+00
      vertex   -1.173637e+01 -5.590848e+00 6.853000e+00
    endloop
  endfacet
  facet normal -9.090715e-01 -4.166401e-01 0.000000e+00
    outer loop
      vertex   -1.173637e+01 -5.590848e+00 1.000000e+00
      vertex   -1.173637e+01 -5.590848e+00 6.853000e+00
      vertex   -1.189689e+01 -5.240605e+00 1.000000e+00
    endloop
  endfacet
  facet normal -9.090715e-01 -4.166401e-01 0.000000e+00
    outer loop
      vertex   -1.189689e+01 -5.240605e+00 1.000000e+00
      vertex   -1.173637e+01 -5.590848e+00 6.853000e+00
      vertex   -1.189689e+01 -5.240605e+00 6.853000e+00
    endloop
  endfacet
  facet normal -9.210187e-01 -3.895183e-01 0.000000e+00
    outer loop
      vertex   -1.189689e+01 -5.240605e+00 1.000000e+00
      vertex   -1.189689e+01 -5.240605e+00 6.853000e+00
      vertex   -1.204696e+01 -4.885759e+00 1.000000e+00
    endloop
  endfacet
  facet normal -9.210187e-01 -3.895183e-01 0.000000e+00
    outer loop
      vertex   -1.204696e+01 -4.885759e+00 1.000000e+00
      vertex   -1.189689e+01 -5.240605e+00 6.853000e+00
      vertex   -1.204696e+01 -4.885759e+00 6.853000e+00
    endloop
  endfacet
  facet normal -9.321570e-01 -3.620544e-01 0.000000e+00
    outer loop
      vertex   -1.204696e+01 -4.885759e+00 1.000000e+00
      vertex   -1.204696e+01 -4.885759e+00 6.853000e+00
      vertex   -1.218646e+01 -4.526621e+00 1.000000e+00
    endloop
  endfacet
  facet normal -9.321570e-01 -3.620544e-01 8.200765e-18
    outer loop
      vertex   -1.218646e+01 -4.526621e+00 1.000000e+00
      vertex   -1.204696e+01 -4.885759e+00 6.853000e+00
      vertex   -1.218646e+01 -4.526621e+00 6.853000e+00
    endloop
  endfacet
  facet normal -9.424765e-01 -3.342724e-01 3.241187e-17
    outer loop
      vertex   -1.218646e+01 -4.526621e+00 1.000000e+00
      vertex   -1.218646e+01 -4.526621e+00 6.853000e+00
      vertex   -1.231524e+01 -4.163508e+00 1.000000e+00
    endloop
  endfacet
  facet normal -9.424765e-01 -3.342724e-01 -3.550752e-16
    outer loop
      vertex   -1.231524e+01 -4.163508e+00 1.000000e+00
      vertex   -1.218646e+01 -4.526621e+00 6.853000e+00
      vertex   -1.231524e+01 -4.163508e+00 6.853000e+00
    endloop
  endfacet
  facet normal -9.519682e-01 -3.061969e-01 -3.252524e-16
    outer loop
      vertex   -1.231524e+01 -4.163508e+00 1.000000e+00
      vertex   -1.231524e+01 -4.163508e+00 6.853000e+00
      vertex   -1.243321e+01 -3.796738e+00 1.000000e+00
    endloop
  endfacet
  facet normal -9.519682e-01 -3.061969e-01 0.000000e+00
    outer loop
      vertex   -1.243321e+01 -3.796738e+00 1.000000e+00
      vertex   -1.231524e+01 -4.163508e+00 6.853000e+00
      vertex   -1.243321e+01 -3.796738e+00 6.853000e+00
    endloop
  endfacet
  facet normal -9.606238e-01 -2.778525e-01 0.000000e+00
    outer loop
      vertex   -1.243321e+01 -3.796738e+00 1.000000e+00
      vertex   -1.243321e+01 -3.796738e+00 6.853000e+00
      vertex   -1.254026e+01 -3.426633e+00 1.000000e+00
    endloop
  endfacet
  facet normal -9.606238e-01 -2.778525e-01 0.000000e+00
    outer loop
      vertex   -1.254026e+01 -3.426633e+00 1.000000e+00
      vertex   -1.243321e+01 -3.796738e+00 6.853000e+00
      vertex   -1.254026e+01 -3.426633e+00 6.853000e+00
    endloop
  endfacet
  facet normal -9.684356e-01 -2.492640e-01 0.000000e+00
    outer loop
      vertex   -1.254026e+01 -3.426633e+00 1.000000e+00
      vertex   -1.254026e+01 -3.426633e+00 6.853000e+00
      vertex   -1.263630e+01 -3.053519e+00 1.000000e+00
    endloop
  endfacet
  facet normal -9.684356e-01 -2.492640e-01 0.000000e+00
    outer loop
      vertex   -1.263630e+01 -3.053519e+00 1.000000e+00
      vertex   -1.254026e+01 -3.426633e+00 6.853000e+00
      vertex   -1.263630e+01 -3.053519e+00 6.853000e+00
    endloop
  endfacet
  facet normal -9.753968e-01 -2.204565e-01 0.000000e+00
    outer loop
      vertex   -1.263630e+01 -3.053519e+00 1.000000e+00
      vertex   -1.263630e+01 -3.053519e+00 6.853000e+00
      vertex   -1.272123e+01 -2.677722e+00 1.000000e+00
    endloop
  endfacet
  facet normal -9.753968e-01 -2.204565e-01 0.000000e+00
    outer loop
      vertex   -1.272123e+01 -2.677722e+00 1.000000e+00
      vertex   -1.263630e+01 -3.053519e+00 6.853000e+00
      vertex   -1.272123e+01 -2.677722e+00 6.853000e+00
    endloop
  endfacet
  facet normal -9.815013e-01 -1.914555e-01 0.000000e+00
    outer loop
      vertex   -1.272123e+01 -2.677722e+00 1.000000e+00
      vertex   -1.272123e+01 -2.677722e+00 6.853000e+00
      vertex   -1.279500e+01 -2.299574e+00 1.000000e+00
    endloop
  endfacet
  facet normal -9.815013e-01 -1.914555e-01 0.000000e+00
    outer loop
      vertex   -1.279500e+01 -2.299574e+00 1.000000e+00
      vertex   -1.272123e+01 -2.677722e+00 6.853000e+00
      vertex   -1.279500e+01 -2.299574e+00 6.853000e+00
    endloop
  endfacet
  facet normal -9.867437e-01 -1.622862e-01 0.000000e+00
    outer loop
      vertex   -1.279500e+01 -2.299574e+00 1.000000e+00
      vertex   -1.279500e+01 -2.299574e+00 6.853000e+00
      vertex   -1.285752e+01 -1.919405e+00 1.000000e+00
    endloop
  endfacet
  facet normal -9.867437e-01 -1.622862e-01 4.511845e-16
    outer loop
      vertex   -1.285752e+01 -1.919405e+00 1.000000e+00
      vertex   -1.279500e+01 -2.299574e+00 6.853000e+00
      vertex   -1.285752e+01 -1.919405e+00 6.853000e+00
    endloop
  endfacet
  facet normal -9.911195e-01 -1.329745e-01 4.805285e-16
    outer loop
      vertex   -1.285752e+01 -1.919405e+00 1.000000e+00
      vertex   -1.285752e+01 -1.919405e+00 6.853000e+00
      vertex   -1.290875e+01 -1.537551e+00 1.000000e+00
    endloop
  endfacet
  facet normal -9.911195e-01 -1.329745e-01 -1.362052e-16
    outer loop
      vertex   -1.290875e+01 -1.537551e+00 1.000000e+00
      vertex   -1.285752e+01 -1.919405e+00 6.853000e+00
      vertex   -1.290875e+01 -1.537551e+00 6.853000e+00
    endloop
  endfacet
  facet normal -9.946247e-01 -1.035459e-01 -1.060617e-16
    outer loop
      vertex   -1.290875e+01 -1.537551e+00 1.000000e+00
      vertex   -1.290875e+01 -1.537551e+00 6.853000e+00
      vertex   -1.294865e+01 -1.154347e+00 1.000000e+00
    endloop
  endfacet
  facet normal -9.946247e-01 -1.035459e-01 0.000000e+00
    outer loop
      vertex   -1.294865e+01 -1.154347e+00 1.000000e+00
      vertex   -1.290875e+01 -1.537551e+00 6.853000e+00
      vertex   -1.294865e+01 -1.154347e+00 6.853000e+00
    endloop
  endfacet
  facet normal -9.972563e-01 -7.402639e-02 0.000000e+00
    outer loop
      vertex   -1.294865e+01 -1.154347e+00 1.000000e+00
      vertex   -1.294865e+01 -1.154347e+00 6.853000e+00
      vertex   -1.297717e+01 -7.701282e-01 1.000000e+00
    endloop
  endfacet
  facet normal -9.972563e-01 -7.402639e-02 0.000000e+00
    outer loop
      vertex   -1.297717e+01 -7.701282e-01 1.000000e+00
      vertex   -1.294865e+01 -1.154347e+00 6.853000e+00
      vertex   -1.297717e+01 -7.701282e-01 6.853000e+00
    endloop
  endfacet
  facet normal -9.990120e-01 -4.444186e-02 0.000000e+00
    outer loop
      vertex   -1.297717e+01 -7.701282e-01 1.000000e+00
      vertex   -1.297717e+01 -7.701282e-01 6.853000e+00
      vertex   -1.299429e+01 -3.852333e-01 1.000000e+00
    endloop
  endfacet
  facet normal -9.990120e-01 -4.444186e-02 0.000000e+00
    outer loop
      vertex   -1.299429e+01 -3.852333e-01 1.000000e+00
      vertex   -1.297717e+01 -7.701282e-01 6.853000e+00
      vertex   -1.299429e+01 -3.852333e-01 6.853000e+00
    endloop
  endfacet
  facet normal -9.998902e-01 -1.481829e-02 0.000000e+00
    outer loop
      vertex   -1.299429e+01 -3.852333e-01 1.000000e+00
      vertex   -1.299429e+01 -3.852333e-01 6.853000e+00
      vertex   -1.300000e+01 -1.592041e-15 1.000000e+00
    endloop
  endfacet
  facet normal -9.998902e-01 -1.481829e-02 0.000000e+00
    outer loop
      vertex   -1.300000e+01 -1.592041e-15 1.000000e+00
      vertex   -1.299429e+01 -3.852333e-01 6.853000e+00
      vertex   -1.300000e+01 -1.592041e-15 6.853000e+00
    endloop
  endfacet
  facet normal -9.998902e-01 1.481829e-02 0.000000e+00
    outer loop
      vertex   -1.300000e+01 -1.592041e-15 1.000000e+00
      vertex   -1.300000e+01 -1.592041e-15 6.853000e+00
      vertex   -1.299429e+01 3.852333e-01 1.000000e+00
    endloop
  endfacet
  facet normal -9.998902e-01 1.481829e-02 6.745918e-18
    outer loop
      vertex   -1.299429e+01 3.852333e-01 1.000000e+00
      vertex   -1.300000e+01 -1.592041e-15 6.853000e+00
      vertex   -1.299429e+01 3.852333e-01 6.853000e+00
    endloop
  endfacet
  facet normal -9.990120e-01 4.444186e-02 2.023183e-17
    outer loop
      vertex   -1.299429e+01 3.852333e-01 1.000000e+00
      vertex   -1.299429e+01 3.852333e-01 6.853000e+00
      vertex   -1.297717e+01 7.701282e-01 1.000000e+00
    endloop
  endfacet
  facet normal -9.990120e-01 4.444186e-02 1.938884e-17
    outer loop
      vertex   -1.297717e+01 7.701282e-01 1.000000e+00
      vertex   -1.299429e+01 3.852333e-01 6.853000e+00
      vertex   -1.297717e+01 7.701282e-01 6.853000e+00
    endloop
  endfacet
  facet normal -9.972563e-01 7.402639e-02 3.229580e-17
    outer loop
      vertex   -1.297717e+01 7.701282e-01 1.000000e+00
      vertex   -1.297717e+01 7.701282e-01 6.853000e+00
      vertex   -1.294865e+01 1.154347e+00 1.000000e+00
    endloop
  endfacet
  facet normal -9.972563e-01 7.402639e-02 3.369997e-17
    outer loop
      vertex   -1.294865e+01 1.154347e+00 1.000000e+00
      vertex   -1.297717e+01 7.701282e-01 6.853000e+00
      vertex   -1.294865e+01 1.154347e+00 6.853000e+00
    endloop
  endfacet
  facet normal -9.946247e-01 1.035459e-01 4.713851e-17
    outer loop
      vertex   -1.294865e+01 1.154347e+00 1.000000e+00
      vertex   -1.294865e+01 1.154347e+00 6.853000e+00
      vertex   -1.290875e+01 1.537551e+00 1.000000e+00
    endloop
  endfacet
  facet normal -9.946247e-01 1.035459e-01 -1.525918e-16
    outer loop
      vertex   -1.290875e+01 1.537551e+00 1.000000e+00
      vertex   -1.294865e+01 1.154347e+00 6.853000e+00
      vertex   -1.290875e+01 1.537551e+00 6.853000e+00
    endloop
  endfacet
  facet normal -9.911195e-01 1.329745e-01 -1.091037e-16
    outer loop
      vertex   -1.290875e+01 1.537551e+00 1.000000e+00
      vertex   -1.290875e+01 1.537551e+00 6.853000e+00
      vertex   -1.285752e+01 1.919405e+00 1.000000e+00
    endloop
  endfacet
  facet normal -9.911195e-01 1.329745e-01 -4.099036e-16
    outer loop
      vertex   -1.285752e+01 1.919405e+00 1.000000e+00
      vertex   -1.290875e+01 1.537551e+00 6.853000e+00
      vertex   -1.285752e+01 1.919405e+00 6.853000e+00
    endloop
  endfacet
  facet normal -9.867437e-01 1.622862e-01 -3.649917e-16
    outer loop
      vertex   -1.285752e+01 1.919405e+00 1.000000e+00
      vertex   -1.285752e+01 1.919405e+00 6.853000e+00
      vertex   -1.279500e+01 2.299574e+00 1.000000e+00
    endloop
  endfacet
  facet normal -9.867437e-01 1.622862e-01 8.619289e-17
    outer loop
      vertex   -1.279500e+01 2.299574e+00 1.000000e+00
      vertex   -1.285752e+01 1.919405e+00 6.853000e+00
      vertex   -1.279500e+01 2.299574e+00 6.853000e+00
    endloop
  endfacet
  facet normal -9.815013e-01 1.914555e-01 1.016851e-16
    outer loop
      vertex   -1.279500e+01 2.299574e+00 1.000000e+00
      vertex   -1.279500e+01 2.299574e+00 6.853000e+00
      vertex   -1.272123e+01 2.677722e+00 1.000000e+00
    endloop
  endfacet
  facet normal -9.815013e-01 1.914555e-01 8.715870e-17
    outer loop
      vertex   -1.272123e+01 2.677722e+00 1.000000e+00
      vertex   -1.279500e+01 2.299574e+00 6.853000e+00
      vertex   -1.272123e+01 2.677722e+00 6.853000e+00
    endloop
  endfacet
  facet normal -9.753968e-01 2.204565e-01 1.003612e-16
    outer loop
      vertex   -1.272123e+01 2.677722e+00 1.000000e+00
      vertex   -1.272123e+01 2.677722e+00 6.853000e+00
      vertex   -1.263630e+01 3.053519e+00 1.000000e+00
    endloop
  endfacet
  facet normal -9.753968e-01 2.204565e-01 8.363435e-17
    outer loop
      vertex   -1.263630e+01 3.053519e+00 1.000000e+00
      vertex   -1.272123e+01 2.677722e+00 6.853000e+00
      vertex   -1.263630e+01 3.053519e+00 6.853000e+00
    endloop
  endfacet
  facet normal -9.684356e-01 2.492640e-01 9.456299e-17
    outer loop
      vertex   -1.263630e+01 3.053519e+00 1.000000e+00
      vertex   -1.263630e+01 3.053519e+00 6.853000e+00
      vertex   -1.254026e+01 3.426633e+00 1.000000e+00
    endloop
  endfacet
  facet normal -9.684356e-01 2.492640e-01 -1.804399e-16
    outer loop
      vertex   -1.254026e+01 3.426633e+00 1.000000e+00
      vertex   -1.263630e+01 3.053519e+00 6.853000e+00
      vertex   -1.254026e+01 3.426633e+00 6.853000e+00
    endloop
  endfacet
  facet normal -9.606238e-01 2.778525e-01 -1.650543e-16
    outer loop
      vertex   -1.254026e+01 3.426633e+00 1.000000e+00
      vertex   -1.254026e+01 3.426633e+00 6.853000e+00
      vertex   -1.243321e+01 3.796738e+00 1.000000e+00
    endloop
  endfacet
  facet normal -9.606238e-01 2.778525e-01 1.054086e-16
    outer loop
      vertex   -1.243321e+01 3.796738e+00 1.000000e+00
      vertex   -1.254026e+01 3.426633e+00 6.853000e+00
      vertex   -1.243321e+01 3.796738e+00 6.853000e+00
    endloop
  endfacet
  facet normal -9.519682e-01 3.061969e-01 1.161616e-16
    outer loop
      vertex   -1.243321e+01 3.796738e+00 1.000000e+00
      vertex   -1.243321e+01 3.796738e+00 6.853000e+00
      vertex   -1.231524e+01 4.163508e+00 1.000000e+00
    endloop
  endfacet
  facet normal -9.519682e-01 3.061969e-01 1.757287e-16
    outer loop
      vertex   -1.231524e+01 4.163508e+00 1.000000e+00
      vertex   -1.243321e+01 3.796738e+00 6.853000e+00
      vertex   -1.231524e+01 4.163508e+00 6.853000e+00
    endloop
  endfacet
  facet normal -9.424765e-01 3.342724e-01 2.212133e-16
    outer loop
      vertex   -1.231524e+01 4.163508e+00 1.000000e+00
      vertex   -1.231524e+01 4.163508e+00 6.853000e+00
      vertex   -1.218646e+01 4.526621e+00 1.000000e+00
    endloop
  endfacet
  facet normal -9.424765e-01 3.342724e-01 1.014501e-16
    outer loop
      vertex   -1.218646e+01 4.526621e+00 1.000000e+00
      vertex   -1.231524e+01 4.163508e+00 6.853000e+00
      vertex   -1.218646e+01 4.526621e+00 6.853000e+00
    endloop
  endfacet
  facet normal -9.321570e-01 3.620544e-01 1.098817e-16
    outer loop
      vertex   -1.218646e+01 4.526621e+00 1.000000e+00
      vertex   -1.218646e+01 4.526621e+00 6.853000e+00
      vertex   -1.204696e+01 4.885759e+00 1.000000e+00
    endloop
  endfacet
  facet normal -9.321570e-01 3.620544e-01 1.648226e-16
    outer loop
      vertex   -1.204696e+01 4.885759e+00 1.000000e+00
      vertex   -1.218646e+01 4.526621e+00 6.853000e+00
      vertex   -1.204696e+01 4.885759e+00 6.853000e+00
    endloop
  endfacet
  facet normal -9.210187e-01 3.895183e-01 1.773253e-16
    outer loop
      vertex   -1.204696e+01 4.885759e+00 1.000000e+00
      vertex   -1.204696e+01 4.885759e+00 6.853000e+00
      vertex   -1.189689e+01 5.240605e+00 1.000000e+00
    endloop
  endfacet
  facet normal -9.210187e-01 3.895183e-01 -1.021993e-16
    outer loop
      vertex   -1.189689e+01 5.240605e+00 1.000000e+00
      vertex   -1.204696e+01 4.885759e+00 6.853000e+00
      vertex   -1.189689e+01 5.240605e+00 6.853000e+00
    endloop
  endfacet
  facet normal -9.090715e-01 4.166401e-01 -8.622643e-17
    outer loop
      vertex   -1.189689e+01 5.240605e+00 1.000000e+00
      vertex   -1.189689e+01 5.240605e+00 6.853000e+00
      vertex   -1.173637e+01 5.590848e+00 1.000000e+00
    endloop
  endfacet
  facet normal -9.090715e-01 4.166401e-01 1.896723e-16
    outer loop
      vertex   -1.173637e+01 5.590848e+00 1.000000e+00
      vertex   -1.189689e+01 5.240605e+00 6.853000e+00
      vertex   -1.173637e+01 5.590848e+00 6.853000e+00
    endloop
  endfacet
  facet normal -8.963259e-01 4.433959e-01 2.018527e-16
    outer loop
      vertex   -1.173637e+01 5.590848e+00 1.000000e+00
      vertex   -1.173637e+01 5.590848e+00 6.853000e+00
      vertex   -1.156554e+01 5.936180e+00 1.000000e+00
    endloop
  endfacet
  facet normal -8.963259e-01 4.433959e-01 1.374620e-16
    outer loop
      vertex   -1.156554e+01 5.936180e+00 1.000000e+00
      vertex   -1.173637e+01 5.590848e+00 6.853000e+00
      vertex   -1.156554e+01 5.936180e+00 6.853000e+00
    endloop
  endfacet
  facet normal -8.827929e-01 4.697623e-01 1.253528e-16
    outer loop
      vertex   -1.156554e+01 5.936180e+00 1.000000e+00
      vertex   -1.156554e+01 5.936180e+00 6.853000e+00
      vertex   -1.138455e+01 6.276299e+00 1.000000e+00
    endloop
  endfacet
  facet normal -8.827929e-01 4.697623e-01 2.138558e-16
    outer loop
      vertex   -1.138455e+01 6.276299e+00 1.000000e+00
      vertex   -1.156554e+01 5.936180e+00 6.853000e+00
      vertex   -1.138455e+01 6.276299e+00 6.853000e+00
    endloop
  endfacet
  facet normal -8.684846e-01 4.957161e-01 2.256711e-16
    outer loop
      vertex   -1.138455e+01 6.276299e+00 1.000000e+00
      vertex   -1.138455e+01 6.276299e+00 6.853000e+00
      vertex   -1.119357e+01 6.610905e+00 1.000000e+00
    endloop
  endfacet
  facet normal -8.684846e-01 4.957161e-01 7.462795e-17
    outer loop
      vertex   -1.119357e+01 6.610905e+00 1.000000e+00
      vertex   -1.138455e+01 6.276299e+00 6.853000e+00
      vertex   -1.119357e+01 6.610905e+00 6.853000e+00
    endloop
  endfacet
  facet normal -8.534135e-01 5.212345e-01 1.147548e-16
    outer loop
      vertex   -1.119357e+01 6.610905e+00 1.000000e+00
      vertex   -1.119357e+01 6.610905e+00 6.853000e+00
      vertex   -1.099275e+01 6.939704e+00 1.000000e+00
    endloop
  endfacet
  facet normal -8.534135e-01 5.212345e-01 -2.171865e-17
    outer loop
      vertex   -1.099275e+01 6.939704e+00 1.000000e+00
      vertex   -1.119357e+01 6.610905e+00 6.853000e+00
      vertex   -1.099275e+01 6.939704e+00 6.853000e+00
    endloop
  endfacet
  facet normal -8.375928e-01 5.462951e-01 -5.508506e-18
    outer loop
      vertex   -1.099275e+01 6.939704e+00 1.000000e+00
      vertex   -1.099275e+01 6.939704e+00 6.853000e+00
      vertex   -1.078227e+01 7.262408e+00 1.000000e+00
    endloop
  endfacet
  facet normal -8.375928e-01 5.462951e-01 -8.289894e-17
    outer loop
      vertex   -1.078227e+01 7.262408e+00 1.000000e+00
      vertex   -1.099275e+01 6.939704e+00 6.853000e+00
      vertex   -1.078227e+01 7.262408e+00 6.853000e+00
    endloop
  endfacet
  facet normal -8.210364e-01 5.708758e-01 -8.662901e-17
    outer loop
      vertex   -1.078227e+01 7.262408e+00 1.000000e+00
      vertex   -1.078227e+01 7.262408e+00 6.853000e+00
      vertex   -1.056233e+01 7.578733e+00 1.000000e+00
    endloop
  endfacet
  facet normal -8.210364e-01 5.708758e-01 3.465160e-16
    outer loop
      vertex   -1.056233e+01 7.578733e+00 1.000000e+00
      vertex   -1.078227e+01 7.262408e+00 6.853000e+00
      vertex   -1.056233e+01 7.578733e+00 6.853000e+00
    endloop
  endfacet
  facet normal -8.037589e-01 5.949551e-01 3.611319e-16
    outer loop
      vertex   -1.056233e+01 7.578733e+00 1.000000e+00
      vertex   -1.056233e+01 7.578733e+00 6.853000e+00
      vertex   -1.033311e+01 7.888402e+00 1.000000e+00
    endloop
  endfacet
  facet normal -8.037589e-01 5.949551e-01 -2.170248e-16
    outer loop
      vertex   -1.033311e+01 7.888402e+00 1.000000e+00
      vertex   -1.056233e+01 7.578733e+00 6.853000e+00
      vertex   -1.033311e+01 7.888402e+00 6.853000e+00
    endloop
  endfacet
  facet normal -7.857754e-01 6.185119e-01 -1.953850e-16
    outer loop
      vertex   -1.033311e+01 7.888402e+00 1.000000e+00
      vertex   -1.033311e+01 7.888402e+00 6.853000e+00
      vertex   -1.009481e+01 8.191142e+00 1.000000e+00
    endloop
  endfacet
  facet normal -7.857754e-01 6.185119e-01 -5.076366e-17
    outer loop
      vertex   -1.009481e+01 8.191142e+00 1.000000e+00
      vertex   -1.033311e+01 7.888402e+00 6.853000e+00
      vertex   -1.009481e+01 8.191142e+00 6.853000e+00
    endloop
  endfacet
  facet normal -7.671018e-01 6.415254e-01 -3.811181e-17
    outer loop
      vertex   -1.009481e+01 8.191142e+00 1.000000e+00
      vertex   -1.009481e+01 8.191142e+00 6.853000e+00
      vertex   -9.847646e+00 8.486688e+00 1.000000e+00
    endloop
  endfacet
  facet normal -7.671018e-01 6.415254e-01 1.946998e-16
    outer loop
      vertex   -9.847646e+00 8.486688e+00 1.000000e+00
      vertex   -1.009481e+01 8.191142e+00 6.853000e+00
      vertex   -9.847646e+00 8.486688e+00 6.853000e+00
    endloop
  endfacet
  facet normal -7.477544e-01 6.639755e-01 2.015133e-16
    outer loop
      vertex   -9.847646e+00 8.486688e+00 1.000000e+00
      vertex   -9.847646e+00 8.486688e+00 6.853000e+00
      vertex   -9.591833e+00 8.774779e+00 1.000000e+00
    endloop
  endfacet
  facet normal -7.477544e-01 6.639755e-01 -7.627946e-17
    outer loop
      vertex   -9.591833e+00 8.774779e+00 1.000000e+00
      vertex   -9.847646e+00 8.486688e+00 6.853000e+00
      vertex   -9.591833e+00 8.774779e+00 6.853000e+00
    endloop
  endfacet
  facet normal -7.277502e-01 6.858423e-01 -3.815649e-17
    outer loop
      vertex   -9.591833e+00 8.774779e+00 1.000000e+00
      vertex   -9.591833e+00 8.774779e+00 6.853000e+00
      vertex   -9.327594e+00 9.055163e+00 1.000000e+00
    endloop
  endfacet
  facet normal -7.277502e-01 6.858423e-01 -1.271883e-17
    outer loop
      vertex   -9.327594e+00 9.055163e+00 1.000000e+00
      vertex   -9.591833e+00 8.774779e+00 6.853000e+00
      vertex   -9.327594e+00 9.055163e+00 6.853000e+00
    endloop
  endfacet
  facet normal -7.071068e-01 7.071068e-01 0.000000e+00
    outer loop
      vertex   -9.327594e+00 9.055163e+00 1.000000e+00
      vertex   -9.327594e+00 9.055163e+00 6.853000e+00
      vertex   -9.055163e+00 9.327594e+00 1.000000e+00
    endloop
  endfacet
  facet normal -7.071068e-01 7.071068e-01 -2.146034e-16
    outer loop
      vertex   -9.055163e+00 9.327594e+00 1.000000e+00
      vertex   -9.327594e+00 9.055163e+00 6.853000e+00
      vertex   -9.055163e+00 9.327594e+00 6.853000e+00
    endloop
  endfacet
  facet normal -6.858423e-01 7.277502e-01 -1.954310e-16
    outer loop
      vertex   -9.055163e+00 9.327594e+00 1.000000e+00
      vertex   -9.055163e+00 9.327594e+00 6.853000e+00
      vertex   -8.774779e+00 9.591833e+00 1.000000e+00
    endloop
  endfacet
  facet normal -6.858423e-01 7.277502e-01 -4.162996e-16
    outer loop
      vertex   -8.774779e+00 9.591833e+00 1.000000e+00
      vertex   -9.055163e+00 9.327594e+00 6.853000e+00
      vertex   -8.774779e+00 9.591833e+00 6.853000e+00
    endloop
  endfacet
  facet normal -6.639755e-01 7.477544e-01 -4.030266e-16
    outer loop
      vertex   -8.774779e+00 9.591833e+00 1.000000e+00
      vertex   -8.774779e+00 9.591833e+00 6.853000e+00
      vertex   -8.486688e+00 9.847646e+00 1.000000e+00
    endloop
  endfacet
  facet normal -6.639755e-01 7.477544e-01 7.627946e-17
    outer loop
      vertex   -8.486688e+00 9.847646e+00 1.000000e+00
      vertex   -8.774779e+00 9.591833e+00 6.853000e+00
      vertex   -8.486688e+00 9.847646e+00 6.853000e+00
    endloop
  endfacet
  facet normal -6.415254e-01 7.671018e-01 1.143354e-16
    outer loop
      vertex   -8.486688e+00 9.847646e+00 1.000000e+00
      vertex   -8.486688e+00 9.847646e+00 6.853000e+00
      vertex   -8.191142e+00 1.009481e+01 1.000000e+00
    endloop
  endfacet
  facet normal -6.415254e-01 7.671018e-01 -3.131760e-16
    outer loop
      vertex   -8.191142e+00 1.009481e+01 1.000000e+00
      vertex   -8.486688e+00 9.847646e+00 6.853000e+00
      vertex   -8.191142e+00 1.009481e+01 6.853000e+00
    endloop
  endfacet
  facet normal -6.185119e-01 7.857754e-01 -2.739033e-16
    outer loop
      vertex   -8.191142e+00 1.009481e+01 1.000000e+00
      vertex   -8.191142e+00 1.009481e+01 6.853000e+00
      vertex   -7.888402e+00 1.033311e+01 1.000000e+00
    endloop
  endfacet
  facet normal -6.185119e-01 7.857754e-01 1.953850e-16
    outer loop
      vertex   -7.888402e+00 1.033311e+01 1.000000e+00
      vertex   -8.191142e+00 1.009481e+01 6.853000e+00
      vertex   -7.888402e+00 1.033311e+01 6.853000e+00
    endloop
  endfacet
  facet normal -5.949551e-01 8.037589e-01 2.170248e-16
    outer loop
      vertex   -7.888402e+00 1.033311e+01 1.000000e+00
      vertex   -7.888402e+00 1.033311e+01 6.853000e+00
      vertex   -7.578733e+00 1.056233e+01 1.000000e+00
    endloop
  endfacet
  facet normal -5.949551e-01 8.037589e-01 -5.382413e-17
    outer loop
      vertex   -7.578733e+00 1.056233e+01 1.000000e+00
      vertex   -7.888402e+00 1.033311e+01 6.853000e+00
      vertex   -7.578733e+00 1.056233e+01 6.853000e+00
    endloop
  endfacet
  facet normal -5.708758e-01 8.210364e-01 -2.141296e-17
    outer loop
      vertex   -7.578733e+00 1.056233e+01 1.000000e+00
      vertex   -7.578733e+00 1.056233e+01 6.853000e+00
      vertex   -7.262408e+00 1.078227e+01 1.000000e+00
    endloop
  endfacet
  facet normal -5.708758e-01 8.210364e-01 3.465160e-16
    outer loop
      vertex   -7.262408e+00 1.078227e+01 1.000000e+00
      vertex   -7.578733e+00 1.056233e+01 6.853000e+00
      vertex   -7.262408e+00 1.078227e+01 6.853000e+00
    endloop
  endfacet
  facet normal -5.462951e-01 8.375928e-01 3.315957e-16
    outer loop
      vertex   -7.262408e+00 1.078227e+01 1.000000e+00
      vertex   -7.262408e+00 1.078227e+01 6.853000e+00
      vertex   -6.939704e+00 1.099275e+01 1.000000e+00
    endloop
  endfacet
  facet normal -5.462951e-01 8.375928e-01 -1.657979e-16
    outer loop
      vertex   -6.939704e+00 1.099275e+01 1.000000e+00
      vertex   -7.262408e+00 1.078227e+01 6.853000e+00
      vertex   -6.939704e+00 1.099275e+01 6.853000e+00
    endloop
  endfacet
  facet normal -5.212345e-01 8.534135e-01 -1.581921e-16
    outer loop
      vertex   -6.939704e+00 1.099275e+01 1.000000e+00
      vertex   -6.939704e+00 1.099275e+01 6.853000e+00
      vertex   -6.610905e+00 1.119357e+01 1.000000e+00
    endloop
  endfacet
  facet normal -5.212345e-01 8.534135e-01 2.171865e-17
    outer loop
      vertex   -6.610905e+00 1.119357e+01 1.000000e+00
      vertex   -6.939704e+00 1.099275e+01 6.853000e+00
      vertex   -6.610905e+00 1.119357e+01 6.853000e+00
    endloop
  endfacet
  facet normal -4.957161e-01 8.684846e-01 3.790973e-17
    outer loop
      vertex   -6.610905e+00 1.119357e+01 1.000000e+00
      vertex   -6.610905e+00 1.119357e+01 6.853000e+00
      vertex   -6.276299e+00 1.138455e+01 1.000000e+00
    endloop
  endfacet
  facet normal -4.957161e-01 8.684846e-01 1.131334e-16
    outer loop
      vertex   -6.276299e+00 1.138455e+01 1.000000e+00
      vertex   -6.610905e+00 1.119357e+01 6.853000e+00
      vertex   -6.276299e+00 1.138455e+01 6.853000e+00
    endloop
  endfacet
  facet normal -4.697623e-01 8.827929e-01 1.253528e-16
    outer loop
      vertex   -6.276299e+00 1.138455e+01 1.000000e+00
      vertex   -6.276299e+00 1.138455e+01 6.853000e+00
      vertex   -5.936180e+00 1.156554e+01 1.000000e+00
    endloop
  endfacet
  facet normal -4.697623e-01 8.827929e-01 -1.425706e-16
    outer loop
      vertex   -5.936180e+00 1.156554e+01 1.000000e+00
      vertex   -6.276299e+00 1.138455e+01 6.853000e+00
      vertex   -5.936180e+00 1.156554e+01 6.853000e+00
    endloop
  endfacet
  facet normal -4.433959e-01 8.963259e-01 -1.345685e-16
    outer loop
      vertex   -5.936180e+00 1.156554e+01 1.000000e+00
      vertex   -5.936180e+00 1.156554e+01 6.853000e+00
      vertex   -5.590848e+00 1.173637e+01 1.000000e+00
    endloop
  endfacet
  facet normal -4.433959e-01 8.963259e-01 1.345685e-16
    outer loop
      vertex   -5.590848e+00 1.173637e+01 1.000000e+00
      vertex   -5.936180e+00 1.156554e+01 6.853000e+00
      vertex   -5.590848e+00 1.173637e+01 6.853000e+00
    endloop
  endfacet
  facet normal -4.166401e-01 9.090715e-01 1.264482e-16
    outer loop
      vertex   -5.590848e+00 1.173637e+01 1.000000e+00
      vertex   -5.590848e+00 1.173637e+01 6.853000e+00
      vertex   -5.240605e+00 1.189689e+01 1.000000e+00
    endloop
  endfacet
  facet normal -4.166401e-01 9.090715e-01 0.000000e+00
    outer loop
      vertex   -5.240605e+00 1.189689e+01 1.000000e+00
      vertex   -5.590848e+00 1.173637e+01 6.853000e+00
      vertex   -5.240605e+00 1.189689e+01 6.853000e+00
    endloop
  endfacet
  facet normal -3.895183e-01 9.210187e-01 0.000000e+00
    outer loop
      vertex   -5.240605e+00 1.189689e+01 1.000000e+00
      vertex   -5.240605e+00 1.189689e+01 6.853000e+00
      vertex   -4.885759e+00 1.204696e+01 1.000000e+00
    endloop
  endfacet
  facet normal -3.895183e-01 9.210187e-01 0.000000e+00
    outer loop
      vertex   -4.885759e+00 1.204696e+01 1.000000e+00
      vertex   -5.240605e+00 1.189689e+01 6.853000e+00
      vertex   -4.885759e+00 1.204696e+01 6.853000e+00
    endloop
  endfacet
  facet normal -3.620544e-01 9.321570e-01 0.000000e+00
    outer loop
      vertex   -4.885759e+00 1.204696e+01 1.000000e+00
      vertex   -4.885759e+00 1.204696e+01 6.853000e+00
      vertex   -4.526621e+00 1.218646e+01 1.000000e+00
    endloop
  endfacet
  facet normal -3.620544e-01 9.321570e-01 0.000000e+00
    outer loop
      vertex   -4.526621e+00 1.218646e+01 1.000000e+00
      vertex   -4.885759e+00 1.204696e+01 6.853000e+00
      vertex   -4.526621e+00 1.218646e+01 6.853000e+00
    endloop
  endfacet
  facet normal -3.342724e-01 9.424765e-01 0.000000e+00
    outer loop
      vertex   -4.526621e+00 1.218646e+01 1.000000e+00
      vertex   -4.526621e+00 1.218646e+01 6.853000e+00
      vertex   -4.163508e+00 1.231524e+01 1.000000e+00
    endloop
  endfacet
  facet normal -3.342724e-01 9.424765e-01 3.241187e-17
    outer loop
      vertex   -4.163508e+00 1.231524e+01 1.000000e+00
      vertex   -4.526621e+00 1.218646e+01 6.853000e+00
      vertex   -4.163508e+00 1.231524e+01 6.853000e+00
    endloop
  endfacet
  facet normal -3.061969e-01 9.519682e-01 5.659451e-17
    outer loop
      vertex   -4.163508e+00 1.231524e+01 1.000000e+00
      vertex   -4.163508e+00 1.231524e+01 6.853000e+00
      vertex   -3.796738e+00 1.243321e+01 1.000000e+00
    endloop
  endfacet
  facet normal -3.061969e-01 9.519682e-01 -2.787878e-16
    outer loop
      vertex   -3.796738e+00 1.243321e+01 1.000000e+00
      vertex   -4.163508e+00 1.231524e+01 6.853000e+00
      vertex   -3.796738e+00 1.243321e+01 6.853000e+00
    endloop
  endfacet
  facet normal -2.778525e-01 9.606238e-01 -2.529806e-16
    outer loop
      vertex   -3.796738e+00 1.243321e+01 1.000000e+00
      vertex   -3.796738e+00 1.243321e+01 6.853000e+00
      vertex   -3.426633e+00 1.254026e+01 1.000000e+00
    endloop
  endfacet
  facet normal -2.778525e-01 9.606238e-01 5.964573e-17
    outer loop
      vertex   -3.426633e+00 1.254026e+01 1.000000e+00
      vertex   -3.796738e+00 1.243321e+01 6.853000e+00
      vertex   -3.426633e+00 1.254026e+01 6.853000e+00
    endloop
  endfacet
  facet normal -2.492640e-01 9.684356e-01 8.587687e-17
    outer loop
      vertex   -3.426633e+00 1.254026e+01 1.000000e+00
      vertex   -3.426633e+00 1.254026e+01 6.853000e+00
      vertex   -3.053519e+00 1.263630e+01 1.000000e+00
    endloop
  endfacet
  facet normal -2.492640e-01 9.684356e-01 1.891260e-17
    outer loop
      vertex   -3.053519e+00 1.263630e+01 1.000000e+00
      vertex   -3.426633e+00 1.254026e+01 6.853000e+00
      vertex   -3.053519e+00 1.263630e+01 6.853000e+00
    endloop
  endfacet
  facet normal -2.204565e-01 9.753968e-01 1.672687e-17
    outer loop
      vertex   -3.053519e+00 1.263630e+01 1.000000e+00
      vertex   -3.053519e+00 1.263630e+01 6.853000e+00
      vertex   -2.677722e+00 1.272123e+01 1.000000e+00
    endloop
  endfacet
  facet normal -2.204565e-01 9.753968e-01 -5.920563e-16
    outer loop
      vertex   -2.677722e+00 1.272123e+01 1.000000e+00
      vertex   -3.053519e+00 1.263630e+01 6.853000e+00
      vertex   -2.677722e+00 1.272123e+01 6.853000e+00
    endloop
  endfacet
  facet normal -1.914555e-01 9.815013e-01 -5.957617e-16
    outer loop
      vertex   -2.677722e+00 1.272123e+01 1.000000e+00
      vertex   -2.677722e+00 1.272123e+01 6.853000e+00
      vertex   -2.299574e+00 1.279500e+01 1.000000e+00
    endloop
  endfacet
  facet normal -1.914555e-01 9.815013e-01 0.000000e+00
    outer loop
      vertex   -2.299574e+00 1.279500e+01 1.000000e+00
      vertex   -2.677722e+00 1.272123e+01 6.853000e+00
      vertex   -2.299574e+00 1.279500e+01 6.853000e+00
    endloop
  endfacet
  facet normal -1.622862e-01 9.867437e-01 0.000000e+00
    outer loop
      vertex   -2.299574e+00 1.279500e+01 1.000000e+00
      vertex   -2.299574e+00 1.279500e+01 6.853000e+00
      vertex   -1.919405e+00 1.285752e+01 1.000000e+00
    endloop
  endfacet
  facet normal -1.622862e-01 9.867437e-01 6.156635e-18
    outer loop
      vertex   -1.919405e+00 1.285752e+01 1.000000e+00
      vertex   -2.299574e+00 1.279500e+01 6.853000e+00
      vertex   -1.919405e+00 1.285752e+01 6.853000e+00
    endloop
  endfacet
  facet normal -1.329745e-01 9.911195e-01 5.044637e-18
    outer loop
      vertex   -1.919405e+00 1.285752e+01 1.000000e+00
      vertex   -1.919405e+00 1.285752e+01 6.853000e+00
      vertex   -1.537551e+00 1.290875e+01 1.000000e+00
    endloop
  endfacet
  facet normal -1.329745e-01 9.911195e-01 1.797286e-16
    outer loop
      vertex   -1.537551e+00 1.290875e+01 1.000000e+00
      vertex   -1.919405e+00 1.285752e+01 6.853000e+00
      vertex   -1.537551e+00 1.290875e+01 6.853000e+00
    endloop
  endfacet
  facet normal -1.035459e-01 9.946247e-01 2.075867e-16
    outer loop
      vertex   -1.537551e+00 1.290875e+01 1.000000e+00
      vertex   -1.537551e+00 1.290875e+01 6.853000e+00
      vertex   -1.154347e+00 1.294865e+01 1.000000e+00
    endloop
  endfacet
  facet normal -1.035459e-01 9.946247e-01 7.856419e-18
    outer loop
      vertex   -1.154347e+00 1.294865e+01 1.000000e+00
      vertex   -1.537551e+00 1.290875e+01 6.853000e+00
      vertex   -1.154347e+00 1.294865e+01 6.853000e+00
    endloop
  endfacet
  facet normal -7.402639e-02 9.972563e-01 5.616662e-18
    outer loop
      vertex   -1.154347e+00 1.294865e+01 1.000000e+00
      vertex   -1.154347e+00 1.294865e+01 6.853000e+00
      vertex   -7.701282e-01 1.297717e+01 1.000000e+00
    endloop
  endfacet
  facet normal -7.402639e-02 9.972563e-01 5.616662e-18
    outer loop
      vertex   -7.701282e-01 1.297717e+01 1.000000e+00
      vertex   -1.154347e+00 1.294865e+01 6.853000e+00
      vertex   -7.701282e-01 1.297717e+01 6.853000e+00
    endloop
  endfacet
  facet normal -4.444186e-02 9.990120e-01 3.371972e-18
    outer loop
      vertex   -7.701282e-01 1.297717e+01 1.000000e+00
      vertex   -7.701282e-01 1.297717e+01 6.853000e+00
      vertex   -3.852333e-01 1.299429e+01 1.000000e+00
    endloop
  endfacet
  facet normal -4.444186e-02 9.990120e-01 2.528979e-18
    outer loop
      vertex   -3.852333e-01 1.299429e+01 1.000000e+00
      vertex   -7.701282e-01 1.297717e+01 6.853000e+00
      vertex   -3.852333e-01 1.299429e+01 6.853000e+00
    endloop
  endfacet
  facet normal -1.481829e-02 9.998902e-01 8.432398e-19
    outer loop
      vertex   -3.852333e-01 1.299429e+01 1.000000e+00
      vertex   -3.852333e-01 1.299429e+01 6.853000e+00
      vertex   -2.388061e-15 1.300000e+01 1.000000e+00
    endloop
  endfacet
  facet normal -1.481829e-02 9.998902e-01 7.531981e-19
    outer loop
      vertex   -2.388061e-15 1.300000e+01 1.000000e+00
      vertex   -3.852333e-01 1.299429e+01 6.853000e+00
      vertex   -2.090559e-15 1.300000e+01 6.853000e+00
    endloop
  endfacet
  facet normal 1.481829e-02 9.998902e-01 -7.531981e-19
    outer loop
      vertex   -2.388061e-15 1.300000e+01 1.000000e+00
      vertex   -2.090559e-15 1.300000e+01 6.853000e+00
      vertex   3.852333e-01 1.299429e+01 1.000000e+00
    endloop
  endfacet
  facet normal 1.481829e-02 9.998902e-01 -7.026998e-19
    outer loop
      vertex   3.852333e-01 1.299429e+01 1.000000e+00
      vertex   -2.090559e-15 1.300000e+01 6.853000e+00
      vertex   3.852333e-01 1.299429e+01 6.853000e+00
    endloop
  endfacet
  facet normal 4.444186e-02 9.990120e-01 -2.107482e-18
    outer loop
      vertex   3.852333e-01 1.299429e+01 1.000000e+00
      vertex   3.852333e-01 1.299429e+01 6.853000e+00
      vertex   7.701282e-01 1.297717e+01 1.000000e+00
    endloop
  endfacet
  facet normal 4.444186e-02 9.990120e-01 -2.618886e-16
    outer loop
      vertex   7.701282e-01 1.297717e+01 1.000000e+00
      vertex   3.852333e-01 1.299429e+01 6.853000e+00
      vertex   7.701282e-01 1.297717e+01 6.853000e+00
    endloop
  endfacet
  facet normal 7.402639e-02 9.972563e-01 -2.338583e-16
    outer loop
      vertex   7.701282e-01 1.297717e+01 1.000000e+00
      vertex   7.701282e-01 1.297717e+01 6.853000e+00
      vertex   1.154347e+00 1.294865e+01 1.000000e+00
    endloop
  endfacet
  facet normal 7.402639e-02 9.972563e-01 6.739994e-17
    outer loop
      vertex   1.154347e+00 1.294865e+01 1.000000e+00
      vertex   7.701282e-01 1.297717e+01 6.853000e+00
      vertex   1.154347e+00 1.294865e+01 6.853000e+00
    endloop
  endfacet
  facet normal 1.035459e-01 9.946247e-01 9.427702e-17
    outer loop
      vertex   1.154347e+00 1.294865e+01 1.000000e+00
      vertex   1.154347e+00 1.294865e+01 6.853000e+00
      vertex   1.537551e+00 1.290875e+01 1.000000e+00
    endloop
  endfacet
  facet normal 1.035459e-01 9.946247e-01 -2.036585e-16
    outer loop
      vertex   1.537551e+00 1.290875e+01 1.000000e+00
      vertex   1.154347e+00 1.294865e+01 6.853000e+00
      vertex   1.537551e+00 1.290875e+01 6.853000e+00
    endloop
  endfacet
  facet normal 1.329745e-01 9.911195e-01 -1.746840e-16
    outer loop
      vertex   1.537551e+00 1.290875e+01 1.000000e+00
      vertex   1.537551e+00 1.290875e+01 6.853000e+00
      vertex   1.919405e+00 1.285752e+01 1.000000e+00
    endloop
  endfacet
  facet normal 1.329745e-01 9.911195e-01 -0.000000e+00
    outer loop
      vertex   1.919405e+00 1.285752e+01 1.000000e+00
      vertex   1.537551e+00 1.290875e+01 6.853000e+00
      vertex   1.919405e+00 1.285752e+01 6.853000e+00
    endloop
  endfacet
  facet normal 1.622862e-01 9.867437e-01 -0.000000e+00
    outer loop
      vertex   1.919405e+00 1.285752e+01 1.000000e+00
      vertex   1.919405e+00 1.285752e+01 6.853000e+00
      vertex   2.299574e+00 1.279500e+01 1.000000e+00
    endloop
  endfacet
  facet normal 1.622862e-01 9.867437e-01 -0.000000e+00
    outer loop
      vertex   2.299574e+00 1.279500e+01 1.000000e+00
      vertex   1.919405e+00 1.285752e+01 6.853000e+00
      vertex   2.299574e+00 1.279500e+01 6.853000e+00
    endloop
  endfacet
  facet normal 1.914555e-01 9.815013e-01 -0.000000e+00
    outer loop
      vertex   2.299574e+00 1.279500e+01 1.000000e+00
      vertex   2.299574e+00 1.279500e+01 6.853000e+00
      vertex   2.677722e+00 1.272123e+01 1.000000e+00
    endloop
  endfacet
  facet normal 1.914555e-01 9.815013e-01 -0.000000e+00
    outer loop
      vertex   2.677722e+00 1.272123e+01 1.000000e+00
      vertex   2.299574e+00 1.279500e+01 6.853000e+00
      vertex   2.677722e+00 1.272123e+01 6.853000e+00
    endloop
  endfacet
  facet normal 2.204565e-01 9.753968e-01 -0.000000e+00
    outer loop
      vertex   2.677722e+00 1.272123e+01 1.000000e+00
      vertex   2.677722e+00 1.272123e+01 6.853000e+00
      vertex   3.053519e+00 1.263630e+01 1.000000e+00
    endloop
  endfacet
  facet normal 2.204565e-01 9.753968e-01 -0.000000e+00
    outer loop
      vertex   3.053519e+00 1.263630e+01 1.000000e+00
      vertex   2.677722e+00 1.272123e+01 6.853000e+00
      vertex   3.053519e+00 1.263630e+01 6.853000e+00
    endloop
  endfacet
  facet normal 2.492640e-01 9.684356e-01 -0.000000e+00
    outer loop
      vertex   3.053519e+00 1.263630e+01 1.000000e+00
      vertex   3.053519e+00 1.263630e+01 6.853000e+00
      vertex   3.426633e+00 1.254026e+01 1.000000e+00
    endloop
  endfacet
  facet normal 2.492640e-01 9.684356e-01 2.080386e-16
    outer loop
      vertex   3.426633e+00 1.254026e+01 1.000000e+00
      vertex   3.053519e+00 1.263630e+01 6.853000e+00
      vertex   3.426633e+00 1.254026e+01 6.853000e+00
    endloop
  endfacet
  facet normal 2.778525e-01 9.606238e-01 2.318989e-16
    outer loop
      vertex   3.426633e+00 1.254026e+01 1.000000e+00
      vertex   3.426633e+00 1.254026e+01 6.853000e+00
      vertex   3.796738e+00 1.243321e+01 1.000000e+00
    endloop
  endfacet
  facet normal 2.778525e-01 9.606238e-01 -0.000000e+00
    outer loop
      vertex   3.796738e+00 1.243321e+01 1.000000e+00
      vertex   3.426633e+00 1.254026e+01 6.853000e+00
      vertex   3.796738e+00 1.243321e+01 6.853000e+00
    endloop
  endfacet
  facet normal 3.061969e-01 9.519682e-01 -0.000000e+00
    outer loop
      vertex   3.796738e+00 1.243321e+01 1.000000e+00
      vertex   3.796738e+00 1.243321e+01 6.853000e+00
      vertex   4.163508e+00 1.231524e+01 1.000000e+00
    endloop
  endfacet
  facet normal 3.061969e-01 9.519682e-01 -0.000000e+00
    outer loop
      vertex   4.163508e+00 1.231524e+01 1.000000e+00
      vertex   3.796738e+00 1.243321e+01 6.853000e+00
      vertex   4.163508e+00 1.231524e+01 6.853000e+00
    endloop
  endfacet
  facet normal 3.342724e-01 9.424765e-01 -0.000000e+00
    outer loop
      vertex   4.163508e+00 1.231524e+01 1.000000e+00
      vertex   4.163508e+00 1.231524e+01 6.853000e+00
      vertex   4.526621e+00 1.218646e+01 1.000000e+00
    endloop
  endfacet
  facet normal 3.342724e-01 9.424765e-01 -0.000000e+00
    outer loop
      vertex   4.526621e+00 1.218646e+01 1.000000e+00
      vertex   4.163508e+00 1.231524e+01 6.853000e+00
      vertex   4.526621e+00 1.218646e+01 6.853000e+00
    endloop
  endfacet
  facet normal 3.620544e-01 9.321570e-01 -0.000000e+00
    outer loop
      vertex   4.526621e+00 1.218646e+01 1.000000e+00
      vertex   4.526621e+00 1.218646e+01 6.853000e+00
      vertex   4.885759e+00 1.204696e+01 1.000000e+00
    endloop
  endfacet
  facet normal 3.620544e-01 9.321570e-01 -1.098817e-16
    outer loop
      vertex   4.885759e+00 1.204696e+01 1.000000e+00
      vertex   4.526621e+00 1.218646e+01 6.853000e+00
      vertex   4.885759e+00 1.204696e+01 6.853000e+00
    endloop
  endfacet
  facet normal 3.895183e-01 9.210187e-01 -1.182169e-16
    outer loop
      vertex   4.885759e+00 1.204696e+01 1.000000e+00
      vertex   4.885759e+00 1.204696e+01 6.853000e+00
      vertex   5.240605e+00 1.189689e+01 1.000000e+00
    endloop
  endfacet
  facet normal 3.895183e-01 9.210187e-01 -0.000000e+00
    outer loop
      vertex   5.240605e+00 1.189689e+01 1.000000e+00
      vertex   4.885759e+00 1.204696e+01 6.853000e+00
      vertex   5.240605e+00 1.189689e+01 6.853000e+00
    endloop
  endfacet
  facet normal 4.166401e-01 9.090715e-01 -0.000000e+00
    outer loop
      vertex   5.240605e+00 1.189689e+01 1.000000e+00
      vertex   5.240605e+00 1.189689e+01 6.853000e+00
      vertex   5.590848e+00 1.173637e+01 1.000000e+00
    endloop
  endfacet
  facet normal 4.166401e-01 9.090715e-01 -2.356770e-16
    outer loop
      vertex   5.590848e+00 1.173637e+01 1.000000e+00
      vertex   5.240605e+00 1.189689e+01 6.853000e+00
      vertex   5.590848e+00 1.173637e+01 6.853000e+00
    endloop
  endfacet
  facet normal 4.433959e-01 8.963259e-01 -2.076398e-16
    outer loop
      vertex   5.590848e+00 1.173637e+01 1.000000e+00
      vertex   5.590848e+00 1.173637e+01 6.853000e+00
      vertex   5.936180e+00 1.156554e+01 1.000000e+00
    endloop
  endfacet
  facet normal 4.433959e-01 8.963259e-01 -4.796703e-16
    outer loop
      vertex   5.936180e+00 1.156554e+01 1.000000e+00
      vertex   5.590848e+00 1.173637e+01 6.853000e+00
      vertex   5.936180e+00 1.156554e+01 6.853000e+00
    endloop
  endfacet
  facet normal 4.697623e-01 8.827929e-01 -4.473436e-16
    outer loop
      vertex   5.936180e+00 1.156554e+01 1.000000e+00
      vertex   5.936180e+00 1.156554e+01 6.853000e+00
      vertex   6.276299e+00 1.138455e+01 1.000000e+00
    endloop
  endfacet
  facet normal 4.697623e-01 8.827929e-01 -1.794203e-16
    outer loop
      vertex   6.276299e+00 1.138455e+01 1.000000e+00
      vertex   5.936180e+00 1.156554e+01 6.853000e+00
      vertex   6.276299e+00 1.138455e+01 6.853000e+00
    endloop
  endfacet
  facet normal 4.957161e-01 8.684846e-01 -1.510432e-16
    outer loop
      vertex   6.276299e+00 1.138455e+01 1.000000e+00
      vertex   6.276299e+00 1.138455e+01 6.853000e+00
      vertex   6.610905e+00 1.119357e+01 1.000000e+00
    endloop
  endfacet
  facet normal 4.957161e-01 8.684846e-01 -0.000000e+00
    outer loop
      vertex   6.610905e+00 1.119357e+01 1.000000e+00
      vertex   6.276299e+00 1.138455e+01 6.853000e+00
      vertex   6.610905e+00 1.119357e+01 6.853000e+00
    endloop
  endfacet
  facet normal 5.212345e-01 8.534135e-01 -0.000000e+00
    outer loop
      vertex   6.610905e+00 1.119357e+01 1.000000e+00
      vertex   6.610905e+00 1.119357e+01 6.853000e+00
      vertex   6.939704e+00 1.099275e+01 1.000000e+00
    endloop
  endfacet
  facet normal 5.212345e-01 8.534135e-01 -0.000000e+00
    outer loop
      vertex   6.939704e+00 1.099275e+01 1.000000e+00
      vertex   6.610905e+00 1.119357e+01 6.853000e+00
      vertex   6.939704e+00 1.099275e+01 6.853000e+00
    endloop
  endfacet
  facet normal 5.462951e-01 8.375928e-01 -0.000000e+00
    outer loop
      vertex   6.939704e+00 1.099275e+01 1.000000e+00
      vertex   6.939704e+00 1.099275e+01 6.853000e+00
      vertex   7.262408e+00 1.078227e+01 1.000000e+00
    endloop
  endfacet
  facet normal 5.462951e-01 8.375928e-01 -0.000000e+00
    outer loop
      vertex   7.262408e+00 1.078227e+01 1.000000e+00
      vertex   6.939704e+00 1.099275e+01 6.853000e+00
      vertex   7.262408e+00 1.078227e+01 6.853000e+00
    endloop
  endfacet
  facet normal 5.708758e-01 8.210364e-01 -0.000000e+00
    outer loop
      vertex   7.262408e+00 1.078227e+01 1.000000e+00
      vertex   7.262408e+00 1.078227e+01 6.853000e+00
      vertex   7.578733e+00 1.056233e+01 1.000000e+00
    endloop
  endfacet
  facet normal 5.708758e-01 8.210364e-01 8.662901e-17
    outer loop
      vertex   7.578733e+00 1.056233e+01 1.000000e+00
      vertex   7.262408e+00 1.078227e+01 6.853000e+00
      vertex   7.578733e+00 1.056233e+01 6.853000e+00
    endloop
  endfacet
  facet normal 5.949551e-01 8.037589e-01 9.028299e-17
    outer loop
      vertex   7.578733e+00 1.056233e+01 1.000000e+00
      vertex   7.578733e+00 1.056233e+01 6.853000e+00
      vertex   7.888402e+00 1.033311e+01 1.000000e+00
    endloop
  endfacet
  facet normal 5.949551e-01 8.037589e-01 2.074780e-16
    outer loop
      vertex   7.888402e+00 1.033311e+01 1.000000e+00
      vertex   7.578733e+00 1.056233e+01 6.853000e+00
      vertex   7.888402e+00 1.033311e+01 6.853000e+00
    endloop
  endfacet
  facet normal 6.185119e-01 7.857754e-01 2.308093e-16
    outer loop
      vertex   7.888402e+00 1.033311e+01 1.000000e+00
      vertex   7.888402e+00 1.033311e+01 6.853000e+00
      vertex   8.191142e+00 1.009481e+01 1.000000e+00
    endloop
  endfacet
  facet normal 6.185119e-01 7.857754e-01 1.369517e-16
    outer loop
      vertex   8.191142e+00 1.009481e+01 1.000000e+00
      vertex   7.888402e+00 1.033311e+01 6.853000e+00
      vertex   8.191142e+00 1.009481e+01 6.853000e+00
    endloop
  endfacet
  facet normal 6.415254e-01 7.671018e-01 1.565880e-16
    outer loop
      vertex   8.191142e+00 1.009481e+01 1.000000e+00
      vertex   8.191142e+00 1.009481e+01 6.853000e+00
      vertex   8.486688e+00 9.847646e+00 1.000000e+00
    endloop
  endfacet
  facet normal 6.415254e-01 7.671018e-01 -0.000000e+00
    outer loop
      vertex   8.486688e+00 9.847646e+00 1.000000e+00
      vertex   8.191142e+00 1.009481e+01 6.853000e+00
      vertex   8.486688e+00 9.847646e+00 6.853000e+00
    endloop
  endfacet
  facet normal 6.639755e-01 7.477544e-01 -0.000000e+00
    outer loop
      vertex   8.486688e+00 9.847646e+00 1.000000e+00
      vertex   8.486688e+00 9.847646e+00 6.853000e+00
      vertex   8.774779e+00 9.591833e+00 1.000000e+00
    endloop
  endfacet
  facet normal 6.639755e-01 7.477544e-01 2.015133e-16
    outer loop
      vertex   8.774779e+00 9.591833e+00 1.000000e+00
      vertex   8.486688e+00 9.847646e+00 6.853000e+00
      vertex   8.774779e+00 9.591833e+00 6.853000e+00
    endloop
  endfacet
  facet normal 6.858423e-01 7.277502e-01 2.081498e-16
    outer loop
      vertex   8.774779e+00 9.591833e+00 1.000000e+00
      vertex   8.774779e+00 9.591833e+00 6.853000e+00
      vertex   9.055163e+00 9.327594e+00 1.000000e+00
    endloop
  endfacet
  facet normal 6.858423e-01 7.277502e-01 -0.000000e+00
    outer loop
      vertex   9.055163e+00 9.327594e+00 1.000000e+00
      vertex   8.774779e+00 9.591833e+00 6.853000e+00
      vertex   9.055163e+00 9.327594e+00 6.853000e+00
    endloop
  endfacet
  facet normal 7.071068e-01 7.071068e-01 -0.000000e+00
    outer loop
      vertex   9.055163e+00 9.327594e+00 1.000000e+00
      vertex   9.055163e+00 9.327594e+00 6.853000e+00
      vertex   9.327594e+00 9.055163e+00 1.000000e+00
    endloop
  endfacet
  facet normal 7.071068e-01 7.071068e-01 -0.000000e+00
    outer loop
      vertex   9.327594e+00 9.055163e+00 1.000000e+00
      vertex   9.055163e+00 9.327594e+00 6.853000e+00
      vertex   9.327594e+00 9.055163e+00 6.853000e+00
    endloop
  endfacet
  facet normal 7.277502e-01 6.858423e-01 -0.000000e+00
    outer loop
      vertex   9.327594e+00 9.055163e+00 1.000000e+00
      vertex   9.327594e+00 9.055163e+00 6.853000e+00
      vertex   9.591833e+00 8.774779e+00 1.000000e+00
    endloop
  endfacet
  facet normal 7.277502e-01 6.858423e-01 -0.000000e+00
    outer loop
      vertex   9.591833e+00 8.774779e+00 1.000000e+00
      vertex   9.327594e+00 9.055163e+00 6.853000e+00
      vertex   9.591833e+00 8.774779e+00 6.853000e+00
    endloop
  endfacet
  facet normal 7.477544e-01 6.639755e-01 -0.000000e+00
    outer loop
      vertex   9.591833e+00 8.774779e+00 1.000000e+00
      vertex   9.591833e+00 8.774779e+00 6.853000e+00
      vertex   9.847646e+00 8.486688e+00 1.000000e+00
    endloop
  endfacet
  facet normal 7.477544e-01 6.639755e-01 7.627946e-17
    outer loop
      vertex   9.847646e+00 8.486688e+00 1.000000e+00
      vertex   9.591833e+00 8.774779e+00 6.853000e+00
      vertex   9.847646e+00 8.486688e+00 6.853000e+00
    endloop
  endfacet
  facet normal 7.671018e-01 6.415254e-01 1.143354e-16
    outer loop
      vertex   9.847646e+00 8.486688e+00 1.000000e+00
      vertex   9.847646e+00 8.486688e+00 6.853000e+00
      vertex   1.009481e+01 8.191142e+00 1.000000e+00
    endloop
  endfacet
  facet normal 7.671018e-01 6.415254e-01 -1.565880e-16
    outer loop
      vertex   1.009481e+01 8.191142e+00 1.000000e+00
      vertex   9.847646e+00 8.486688e+00 6.853000e+00
      vertex   1.009481e+01 8.191142e+00 6.853000e+00
    endloop
  endfacet
  facet normal 7.857754e-01 6.185119e-01 -1.369517e-16
    outer loop
      vertex   1.009481e+01 8.191142e+00 1.000000e+00
      vertex   1.009481e+01 8.191142e+00 6.853000e+00
      vertex   1.033311e+01 7.888402e+00 1.000000e+00
    endloop
  endfacet
  facet normal 7.857754e-01 6.185119e-01 -0.000000e+00
    outer loop
      vertex   1.033311e+01 7.888402e+00 1.000000e+00
      vertex   1.009481e+01 8.191142e+00 6.853000e+00
      vertex   1.033311e+01 7.888402e+00 6.853000e+00
    endloop
  endfacet
  facet normal 8.037589e-01 5.949551e-01 -0.000000e+00
    outer loop
      vertex   1.033311e+01 7.888402e+00 1.000000e+00
      vertex   1.033311e+01 7.888402e+00 6.853000e+00
      vertex   1.056233e+01 7.578733e+00 1.000000e+00
    endloop
  endfacet
  facet normal 8.037589e-01 5.949551e-01 -0.000000e+00
    outer loop
      vertex   1.056233e+01 7.578733e+00 1.000000e+00
      vertex   1.033311e+01 7.888402e+00 6.853000e+00
      vertex   1.056233e+01 7.578733e+00 6.853000e+00
    endloop
  endfacet
  facet normal 8.210364e-01 5.708758e-01 -0.000000e+00
    outer loop
      vertex   1.056233e+01 7.578733e+00 1.000000e+00
      vertex   1.056233e+01 7.578733e+00 6.853000e+00
      vertex   1.078227e+01 7.262408e+00 1.000000e+00
    endloop
  endfacet
  facet normal 8.210364e-01 5.708758e-01 -0.000000e+00
    outer loop
      vertex   1.078227e+01 7.262408e+00 1.000000e+00
      vertex   1.056233e+01 7.578733e+00 6.853000e+00
      vertex   1.078227e+01 7.262408e+00 6.853000e+00
    endloop
  endfacet
  facet normal 8.375928e-01 5.462951e-01 -0.000000e+00
    outer loop
      vertex   1.078227e+01 7.262408e+00 1.000000e+00
      vertex   1.078227e+01 7.262408e+00 6.853000e+00
      vertex   1.099275e+01 6.939704e+00 1.000000e+00
    endloop
  endfacet
  facet normal 8.375928e-01 5.462951e-01 -0.000000e+00
    outer loop
      vertex   1.099275e+01 6.939704e+00 1.000000e+00
      vertex   1.078227e+01 7.262408e+00 6.853000e+00
      vertex   1.099275e+01 6.939704e+00 6.853000e+00
    endloop
  endfacet
  facet normal 8.534135e-01 5.212345e-01 -0.000000e+00
    outer loop
      vertex   1.099275e+01 6.939704e+00 1.000000e+00
      vertex   1.099275e+01 6.939704e+00 6.853000e+00
      vertex   1.119357e+01 6.610905e+00 1.000000e+00
    endloop
  endfacet
  facet normal 8.534135e-01 5.212345e-01 1.225334e-16
    outer loop
      vertex   1.119357e+01 6.610905e+00 1.000000e+00
      vertex   1.099275e+01 6.939704e+00 6.853000e+00
      vertex   1.119357e+01 6.610905e+00 6.853000e+00
    endloop
  endfacet
  facet normal 8.684846e-01 4.957161e-01 1.510432e-16
    outer loop
      vertex   1.119357e+01 6.610905e+00 1.000000e+00
      vertex   1.119357e+01 6.610905e+00 6.853000e+00
      vertex   1.138455e+01 6.276299e+00 1.000000e+00
    endloop
  endfacet
  facet normal 8.684846e-01 4.957161e-01 1.510432e-16
    outer loop
      vertex   1.138455e+01 6.276299e+00 1.000000e+00
      vertex   1.119357e+01 6.610905e+00 6.853000e+00
      vertex   1.138455e+01 6.276299e+00 6.853000e+00
    endloop
  endfacet
  facet normal 8.827929e-01 4.697623e-01 1.794203e-16
    outer loop
      vertex   1.138455e+01 6.276299e+00 1.000000e+00
      vertex   1.138455e+01 6.276299e+00 6.853000e+00
      vertex   1.156554e+01 5.936180e+00 1.000000e+00
    endloop
  endfacet
  facet normal 8.827929e-01 4.697623e-01 -0.000000e+00
    outer loop
      vertex   1.156554e+01 5.936180e+00 1.000000e+00
      vertex   1.138455e+01 6.276299e+00 6.853000e+00
      vertex   1.156554e+01 5.936180e+00 6.853000e+00
    endloop
  endfacet
  facet normal 8.963259e-01 4.433959e-01 -0.000000e+00
    outer loop
      vertex   1.156554e+01 5.936180e+00 1.000000e+00
      vertex   1.156554e+01 5.936180e+00 6.853000e+00
      vertex   1.173637e+01 5.590848e+00 1.000000e+00
    endloop
  endfacet
  facet normal 8.963259e-01 4.433959e-01 -0.000000e+00
    outer loop
      vertex   1.173637e+01 5.590848e+00 1.000000e+00
      vertex   1.156554e+01 5.936180e+00 6.853000e+00
      vertex   1.173637e+01 5.590848e+00 6.853000e+00
    endloop
  endfacet
  facet normal 9.090715e-01 4.166401e-01 -0.000000e+00
    outer loop
      vertex   1.173637e+01 5.590848e+00 1.000000e+00
      vertex   1.173637e+01 5.590848e+00 6.853000e+00
      vertex   1.189689e+01 5.240605e+00 1.000000e+00
    endloop
  endfacet
  facet normal 9.090715e-01 4.166401e-01 1.264482e-16
    outer loop
      vertex   1.189689e+01 5.240605e+00 1.000000e+00
      vertex   1.173637e+01 5.590848e+00 6.853000e+00
      vertex   1.189689e+01 5.240605e+00 6.853000e+00
    endloop
  endfacet
  facet normal 9.210187e-01 3.895183e-01 1.182169e-16
    outer loop
      vertex   1.189689e+01 5.240605e+00 1.000000e+00
      vertex   1.189689e+01 5.240605e+00 6.853000e+00
      vertex   1.204696e+01 4.885759e+00 1.000000e+00
    endloop
  endfacet
  facet normal 9.210187e-01 3.895183e-01 -0.000000e+00
    outer loop
      vertex   1.204696e+01 4.885759e+00 1.000000e+00
      vertex   1.189689e+01 5.240605e+00 6.853000e+00
      vertex   1.204696e+01 4.885759e+00 6.853000e+00
    endloop
  endfacet
  facet normal 9.321570e-01 3.620544e-01 -0.000000e+00
    outer loop
      vertex   1.204696e+01 4.885759e+00 1.000000e+00
      vertex   1.204696e+01 4.885759e+00 6.853000e+00
      vertex   1.218646e+01 4.526621e+00 1.000000e+00
    endloop
  endfacet
  facet normal 9.321570e-01 3.620544e-01 -0.000000e+00
    outer loop
      vertex   1.218646e+01 4.526621e+00 1.000000e+00
      vertex   1.204696e+01 4.885759e+00 6.853000e+00
      vertex   1.218646e+01 4.526621e+00 6.853000e+00
    endloop
  endfacet
  facet normal 9.424765e-01 3.342724e-01 -0.000000e+00
    outer loop
      vertex   1.218646e+01 4.526621e+00 1.000000e+00
      vertex   1.218646e+01 4.526621e+00 6.853000e+00
      vertex   1.231524e+01 4.163508e+00 1.000000e+00
    endloop
  endfacet
  facet normal 9.424765e-01 3.342724e-01 -1.831315e-17
    outer loop
      vertex   1.231524e+01 4.163508e+00 1.000000e+00
      vertex   1.218646e+01 4.526621e+00 6.853000e+00
      vertex   1.231524e+01 4.163508e+00 6.853000e+00
    endloop
  endfacet
  facet normal 9.519682e-01 3.061969e-01 1.012988e-17
    outer loop
      vertex   1.231524e+01 4.163508e+00 1.000000e+00
      vertex   1.231524e+01 4.163508e+00 6.853000e+00
      vertex   1.243321e+01 3.796738e+00 1.000000e+00
    endloop
  endfacet
  facet normal 9.519682e-01 3.061969e-01 3.336219e-17
    outer loop
      vertex   1.243321e+01 3.796738e+00 1.000000e+00
      vertex   1.231524e+01 4.163508e+00 6.853000e+00
      vertex   1.243321e+01 3.796738e+00 6.853000e+00
    endloop
  endfacet
  facet normal 9.606238e-01 2.778525e-01 5.964573e-17
    outer loop
      vertex   1.243321e+01 3.796738e+00 1.000000e+00
      vertex   1.243321e+01 3.796738e+00 6.853000e+00
      vertex   1.254026e+01 3.426633e+00 1.000000e+00
    endloop
  endfacet
  facet normal 9.606238e-01 2.778525e-01 2.915446e-16
    outer loop
      vertex   1.254026e+01 3.426633e+00 1.000000e+00
      vertex   1.243321e+01 3.796738e+00 6.853000e+00
      vertex   1.254026e+01 3.426633e+00 6.853000e+00
    endloop
  endfacet
  facet normal 9.684356e-01 2.492640e-01 2.939155e-16
    outer loop
      vertex   1.254026e+01 3.426633e+00 1.000000e+00
      vertex   1.254026e+01 3.426633e+00 6.853000e+00
      vertex   1.263630e+01 3.053519e+00 1.000000e+00
    endloop
  endfacet
  facet normal 9.684356e-01 2.492640e-01 -0.000000e+00
    outer loop
      vertex   1.263630e+01 3.053519e+00 1.000000e+00
      vertex   1.254026e+01 3.426633e+00 6.853000e+00
      vertex   1.263630e+01 3.053519e+00 6.853000e+00
    endloop
  endfacet
  facet normal 9.753968e-01 2.204565e-01 -0.000000e+00
    outer loop
      vertex   1.263630e+01 3.053519e+00 1.000000e+00
      vertex   1.263630e+01 3.053519e+00 6.853000e+00
      vertex   1.272123e+01 2.677722e+00 1.000000e+00
    endloop
  endfacet
  facet normal 9.753968e-01 2.204565e-01 -0.000000e+00
    outer loop
      vertex   1.272123e+01 2.677722e+00 1.000000e+00
      vertex   1.263630e+01 3.053519e+00 6.853000e+00
      vertex   1.272123e+01 2.677722e+00 6.853000e+00
    endloop
  endfacet
  facet normal 9.815013e-01 1.914555e-01 -0.000000e+00
    outer loop
      vertex   1.272123e+01 2.677722e+00 1.000000e+00
      vertex   1.272123e+01 2.677722e+00 6.853000e+00
      vertex   1.279500e+01 2.299574e+00 1.000000e+00
    endloop
  endfacet
  facet normal 9.815013e-01 1.914555e-01 -0.000000e+00
    outer loop
      vertex   1.279500e+01 2.299574e+00 1.000000e+00
      vertex   1.272123e+01 2.677722e+00 6.853000e+00
      vertex   1.279500e+01 2.299574e+00 6.853000e+00
    endloop
  endfacet
  facet normal 9.867437e-01 1.622862e-01 -0.000000e+00
    outer loop
      vertex   1.279500e+01 2.299574e+00 1.000000e+00
      vertex   1.279500e+01 2.299574e+00 6.853000e+00
      vertex   1.285752e+01 1.919405e+00 1.000000e+00
    endloop
  endfacet
  facet normal 9.867437e-01 1.622862e-01 -1.539159e-16
    outer loop
      vertex   1.285752e+01 1.919405e+00 1.000000e+00
      vertex   1.279500e+01 2.299574e+00 6.853000e+00
      vertex   1.285752e+01 1.919405e+00 6.853000e+00
    endloop
  endfacet
  facet normal 9.911195e-01 1.329745e-01 -1.261159e-16
    outer loop
      vertex   1.285752e+01 1.919405e+00 1.000000e+00
      vertex   1.285752e+01 1.919405e+00 6.853000e+00
      vertex   1.290875e+01 1.537551e+00 1.000000e+00
    endloop
  endfacet
  facet normal 9.911195e-01 1.329745e-01 1.746840e-16
    outer loop
      vertex   1.290875e+01 1.537551e+00 1.000000e+00
      vertex   1.285752e+01 1.919405e+00 6.853000e+00
      vertex   1.290875e+01 1.537551e+00 6.853000e+00
    endloop
  endfacet
  facet normal 9.946247e-01 1.035459e-01 2.036585e-16
    outer loop
      vertex   1.290875e+01 1.537551e+00 1.000000e+00
      vertex   1.290875e+01 1.537551e+00 6.853000e+00
      vertex   1.294865e+01 1.154347e+00 1.000000e+00
    endloop
  endfacet
  facet normal 9.946247e-01 1.035459e-01 -0.000000e+00
    outer loop
      vertex   1.294865e+01 1.154347e+00 1.000000e+00
      vertex   1.290875e+01 1.537551e+00 6.853000e+00
      vertex   1.294865e+01 1.154347e+00 6.853000e+00
    endloop
  endfacet
  facet normal 9.972563e-01 7.402639e-02 -0.000000e+00
    outer loop
      vertex   1.294865e+01 1.154347e+00 1.000000e+00
      vertex   1.294865e+01 1.154347e+00 6.853000e+00
      vertex   1.297717e+01 7.701282e-01 1.000000e+00
    endloop
  endfacet
  facet normal 9.972563e-01 7.402639e-02 -0.000000e+00
    outer loop
      vertex   1.297717e+01 7.701282e-01 1.000000e+00
      vertex   1.294865e+01 1.154347e+00 6.853000e+00
      vertex   1.297717e+01 7.701282e-01 6.853000e+00
    endloop
  endfacet
  facet normal 9.990120e-01 4.444186e-02 -0.000000e+00
    outer loop
      vertex   1.297717e+01 7.701282e-01 1.000000e+00
      vertex   1.297717e+01 7.701282e-01 6.853000e+00
      vertex   1.299429e+01 3.852333e-01 1.000000e+00
    endloop
  endfacet
  facet normal 9.990120e-01 4.444186e-02 -0.000000e+00
    outer loop
      vertex   1.299429e+01 3.852333e-01 1.000000e+00
      vertex   1.297717e+01 7.701282e-01 6.853000e+00
      vertex   1.299429e+01 3.852333e-01 6.853000e+00
    endloop
  endfacet
  facet normal 0.000000e+00 0.000000e+00 -1.000000e+00
    outer loop
      vertex   1.299429e+01 -3.852333e-01 1.000000e+00
      vertex   -1.299429e+01 -3.852333e-01 1.000000e+00
      vertex   1.300000e+01 0.000000e+00 1.000000e+00
    endloop
  endfacet
  facet normal 0.000000e+00 0.000000e+00 -1.000000e+00
    outer loop
      vertex   1.300000e+01 0.000000e+00 1.000000e+00
      vertex   -1.299429e+01 -3.852333e-01 1.000000e+00
      vertex   -1.300000e+01 -1.592041e-15 1.000000e+00
    endloop
  endfacet
  facet normal -0.000000e+00 0.000000e+00 -1.000000e+00
    outer loop
      vertex   1.300000e+01 0.000000e+00 1.000000e+00
      vertex   -1.300000e+01 -1.592041e-15 1.000000e+00
      vertex   1.299429e+01 3.852333e-01 1.000000e+00
    endloop
  endfacet
  facet normal -0.000000e+00 0.000000e+00 -1.000000e+00
    outer loop
      vertex   1.299429e+01 3.852333e-01 1.000000e+00
      vertex   -1.300000e+01 -1.592041e-15 1.000000e+00
      vertex   -1.299429e+01 3.852333e-01 1.000000e+00
    endloop
  endfacet
  facet normal 0.000000e+00 0.000000e+00 -1.000000e+00
    outer loop
      vertex   1.299429e+01 3.852333e-01 1.000000e+00
      vertex   -1.299429e+01 3.852333e-01 1.000000e+00
      vertex   1.297717e+01 7.701282e-01 1.000000e+00
    endloop
  endfacet
  facet normal -0.000000e+00 0.000000e+00 -1.000000e+00
    outer loop
      vertex   1.297717e+01 7.701282e-01 1.000000e+00
      vertex   -1.299429e+01 3.852333e-01 1.000000e+00
      vertex   -1.297717e+01 7.701282e-01 1.000000e+00
    endloop
  endfacet
  facet normal 0.000000e+00 0.000000e+00 -1.000000e+00
    outer loop
      vertex   1.297717e+01 7.701282e-01 1.000000e+00
      vertex   -1.297717e+01 7.701282e-01 1.000000e+00
      vertex   1.294865e+01 1.154347e+00 1.000000e+00
    endloop
  endfacet
  facet normal -0.000000e+00 0.000000e+00 -1.000000e+00
    outer loop
      vertex   1.294865e+01 1.154347e+00 1.000000e+00
      vertex   -1.297717e+01 7.701282e-01 1.000000e+00
      vertex   -1.294865e+01 1.154347e+00 1.000000e+00
    endloop
  endfacet
  facet normal 0.000000e+00 0.000000e+00 -1.000000e+00
    outer loop
      vertex   1.294865e+01 1.154347e+00 1.000000e+00
      vertex   -1.294865e+01 1.154347e+00 1.000000e+00
      vertex   1.290875e+01 1.537551e+00 1.000000e+00
    endloop
  endfacet
  facet normal -0.000000e+00 0.000000e+00 -1.000000e+00
    outer loop
      vertex   1.290875e+01 1.537551e+00 1.000000e+00
      vertex   -1.294865e+01 1.154347e+00 1.000000e+00
      vertex   -1.290875e+01 1.537551e+00 1.000000e+00
    endloop
  endfacet
  facet normal 0.000000e+00 0.000000e+00 -1.000000e+00
    outer loop
      vertex   1.290875e+01 1.537551e+00 1.000000e+00
      vertex   -1.290875e+01 1.537551e+00 1.000000e+00
      vertex   1.285752e+01 1.919405e+00 1.000000e+00
    endloop
  endfacet
  facet normal -0.000000e+00 0.000000e+00 -1.000000e+00
    outer loop
      vertex   1.285752e+01 1.919405e+00 1.000000e+00
      vertex   -1.290875e+01 1.537551e+00 1.000000e+00
      vertex   -1.285752e+01 1.919405e+00 1.000000e+00
    endloop
  endfacet
  facet normal 0.000000e+00 0.000000e+00 -1.000000e+00
    outer loop
      vertex   1.285752e+01 1.919405e+00 1.000000e+00
      vertex   -1.285752e+01 1.919405e+00 1.000000e+00
      vertex   1.279500e+01 2.299574e+00 1.000000e+00
    endloop
  endfacet
  facet normal 0.000000e+00 0.000000e+00 -1.000000e+00
    outer loop
      vertex   1.279500e+01 2.299574e+00 1.000000e+00
      vertex   -1.285752e+01 1.919405e+00 1.000000e+00
      vertex   -1.279500e+01 2.299574e+00 1.000000e+00
    endloop
  endfacet
  facet normal -0.000000e+00 0.000000e+00 -1.000000e+00
    outer loop
      vertex   1.279500e+01 2.299574e+00 1.000000e+00
      vertex   -1.279500e+01 2.299574e+00 1.000000e+00
      vertex   1.272123e+01 2.677722e+00 1.000000e+00
    endloop
  endfacet
  facet normal 0.000000e+00 0.000000e+00 -1.000000e+00
    outer loop
      vertex   1.272123e+01 2.677722e+00 1.000000e+00
      vertex   -1.279500e+01 2.299574e+00 1.000000e+00
      vertex   -1.272123e+01 2.677722e+00 1.000000e+00
    endloop
  endfacet
  facet normal -0.000000e+00 0.000000e+00 -1.000000e+00
    outer loop
      vertex   1.272123e+01 2.677722e+00 1.000000e+00
      vertex   -1.272123e+01 2.677722e+00 1.000000e+00
      vertex   1.263630e+01 3.053519e+00 1.000000e+00
    endloop
  endfacet
  facet normal -0.000000e+00 0.000000e+00 -1.000000e+00
    outer loop
      vertex   1.263630e+01 3.053519e+00 1.000000e+00
      vertex   -1.272123e+01 2.677722e+00 1.000000e+00
      vertex   -1.263630e+01 3.053519e+00 1.000000e+00
    endloop
  endfacet
  facet normal 0.000000e+00 0.000000e+00 -1.000000e+00
    outer loop
      vertex   1.263630e+01 3.053519e+00 1.000000e+00
      vertex   -1.263630e+01 3.053519e+00 1.000000e+00
      vertex   1.254026e+01 3.426633e+00 1.000000e+00
    endloop
  endfacet
  facet normal -0.000000e+00 0.000000e+00 -1.000000e+00
    outer loop
      vertex   1.254026e+01 3.426633e+00 1.000000e+00
      vertex   -1.263630e+01 3.053519e+00 1.000000e+00
      vertex   -1.254026e+01 3.426633e+00 1.000000e+00
    endloop
  endfacet
  facet normal 0.000000e+00 0.000000e+00 -1.000000e+00
    outer loop
      vertex   1.254026e+01 3.426633e+00 1.000000e+00
      vertex   -1.254026e+01 3.426633e+00 1.000000e+00
      vertex   1.243321e+01 3.796738e+00 1.000000e+00
    endloop
  endfacet
  facet normal -0.000000e+00 0.000000e+00 -1.000000e+00
    outer loop
      vertex   1.243321e+01 3.796738e+00 1.000000e+00
      vertex   -1.254026e+01 3.426633e+00 1.000000e+00
      vertex   -1.243321e+01 3.796738e+00 1.000000e+00
    endloop
  endfacet
  facet normal 0.000000e+00 0.000000e+00 -1.000000e+00
    outer loop
      vertex   1.243321e+01 3.796738e+00 1.000000e+00
      vertex   -1.243321e+01 3.796738e+00 1.000000e+00
      vertex   1.231524e+01 4.163508e+00 1.000000e+00
    endloop
  endfacet
  facet normal -0.000000e+00 0.000000e+00 -1.000000e+00
    outer loop
      vertex   1.231524e+01 4.163508e+00 1.000000e+00
      vertex   -1.243321e+01 3.796738e+00 1.000000e+00
      vertex   -1.231524e+01 4.163508e+00 1.000000e+00
    endloop
  endfacet
  facet normal 0.000000e+00 0.000000e+00 -1.000000e+00
    outer loop
      vertex   1.231524e+01 4.163508e+00 1.000000e+00
      vertex   -1.231524e+01 4.163508e+00 1.000000e+00
      vertex   1.218646e+01 4.526621e+00 1.000000e+00
    endloop
  endfacet
  facet normal 0.000000e+00 0.000000e+00 -1.000000e+00
    outer loop
      vertex   1.218646e+01 4.526621e+00 1.000000e+00
      vertex   -1.231524e+01 4.163508e+00 1.000000e+00
      vertex   -1.218646e+01 4.526621e+00 1.000000e+00
    endloop
  endfacet
  facet normal -0.000000e+00 0.000000e+00 -1.000000e+00
    outer loop
      vertex   1.218646e+01 4.526621e+00 1.000000e+00
      vertex   -1.218646e+01 4.526621e+00 1.000000e+00
      vertex   1.204696e+01 4.885759e+00 1.000000e+00
    endloop
  endfacet
  facet normal 0.000000e+00 0.000000e+00 -1.000000e+00
    outer loop
      vertex   1.204696e+01 4.885759e+00 1.000000e+00
      vertex   -1.218646e+01 4.526621e+00 1.000000e+00
      vertex   -1.204696e+01 4.885759e+00 1.000000e+00
    endloop
  endfacet
  facet normal -0.000000e+00 0.000000e+00 -1.000000e+00
    outer loop
      vertex   1.204696e+01 4.885759e+00 1.000000e+00
      vertex   -1.204696e+01 4.885759e+00 1.000000e+00
      vertex   1.189689e+01 5.240605e+00 1.000000e+00
    endloop
  endfacet
  facet normal -0.000000e+00 0.000000e+00 -1.000000e+00
    outer loop
      vertex   1.189689e+01 5.240605e+00 1.000000e+00
      vertex   -1.204696e+01 4.885759e+00 1.000000e+00
      vertex   -1.189689e+01 5.240605e+00 1.000000e+00
    endloop
  endfacet
  facet normal 0.000000e+00 0.000000e+00 -1.000000e+00
    outer loop
      vertex   1.189689e+01 5.240605e+00 1.000000e+00
      vertex   -1.189689e+01 5.240605e+00 1.000000e+00
      vertex   1.173637e+01 5.590848e+00 1.000000e+00
    endloop
  endfacet
  facet normal -0.000000e+00 0.000000e+00 -1.000000e+00
    outer loop
      vertex   1.173637e+01 5.590848e+00 1.000000e+00
      vertex   -1.189689e+01 5.240605e+00 1.000000e+00
      vertex   -1.173637e+01 5.590848e+00 1.000000e+00
    endloop
  endfacet
  facet normal 0.000000e+00 0.000000e+00 -1.000000e+00
    outer loop
      vertex   1.173637e+01 5.590848e+00 1.000000e+00
      vertex   -1.173637e+01 5.590848e+00 1.000000e+00
      vertex   1.156554e+01 5.936180e+00 1.000000e+00
    endloop
  endfacet
  facet normal -0.000000e+00 0.000000e+00 -1.000000e+00
    outer loop
      vertex   1.156554e+01 5.936180e+00 1.000000e+00
      vertex   -1.173637e+01 5.590848e+00 1.000000e+00
      vertex   -1.156554e+01 5.936180e+00 1.000000e+00
    endloop
  endfacet
  facet normal 0.000000e+00 0.000000e+00 -1.000000e+00
    outer loop
      vertex   1.156554e+01 5.936180e+00 1.000000e+00
      vertex   -1.156554e+01 5.936180e+00 1.000000e+00
      vertex   1.138455e+01 6.276299e+00 1.000000e+00
    endloop
  endfacet
  facet normal -0.000000e+00 0.000000e+00 -1.000000e+00
    outer loop
      vertex   1.138455e+01 6.276299e+00 1.000000e+00
      vertex   -1.156554e+01 5.936180e+00 1.000000e+00
      vertex   -1.138455e+01 6.276299e+00 1.000000e+00
    endloop
  endfacet
  facet normal 0.000000e+00 0.000000e+00 -1.000000e+00
    outer loop
      vertex   1.138455e+01 6.276299e+00 1.000000e+00
      vertex   -1.138455e+01 6.276299e+00 1.000000e+00
      vertex   1.119357e+01 6.610905e+00 1.000000e+00
    endloop
  endfacet
  facet normal -0.000000e+00 0.000000e+00 -1.000000e+00
    outer loop
      vertex   1.119357e+01 6.610905e+00 1.000000e+00
      vertex   -1.138455e+01 6.276299e+00 1.000000e+00
      vertex   -1.119357e+01 6.610905e+00 1.000000e+00
    endloop
  endfacet
  facet normal 0.000000e+00 0.000000e+00 -1.000000e+00
    outer loop
      vertex   1.119357e+01 6.610905e+00 1.000000e+00
      vertex   -1.119357e+01 6.610905e+00 1.000000e+00
      vertex   1.099275e+01 6.939704e+00 1.000000e+00
    endloop
  endfacet
  facet normal 0.000000e+00 0.000000e+00 -1.000000e+00
    outer loop
      vertex   1.099275e+01 6.939704e+00 1.000000e+00
      vertex   -1.119357e+01 6.610905e+00 1.000000e+00
      vertex   -1.099275e+01 6.939704e+00 1.000000e+00
    endloop
  endfacet
  facet normal -0.000000e+00 0.000000e+00 -1.000000e+00
    outer loop
      vertex   1.099275e+01 6.939704e+00 1.000000e+00
      vertex   -1.099275e+01 6.939704e+00 1.000000e+00
      vertex   1.078227e+01 7.262408e+00 1.000000e+00
    endloop
  endfacet
  facet normal 0.000000e+00 0.000000e+00 -1.000000e+00
    outer loop
      vertex   1.078227e+01 7.262408e+00 1.000000e+00
      vertex   -1.099275e+01 6.939704e+00 1.000000e+00
      vertex   -1.078227e+01 7.262408e+00 1.000000e+00
    endloop
  endfacet
  facet normal -0.000000e+00 0.000000e+00 -1.000000e+00
    outer loop
      vertex   1.078227e+01 7.262408e+00 1.000000e+00
      vertex   -1.078227e+01 7.262408e+00 1.000000e+00
      vertex   1.056233e+01 7.578733e+00 1.000000e+00
    endloop
  endfacet
  facet normal -0.000000e+00 0.000000e+00 -1.000000e+00
    outer loop
      vertex   1.056233e+01 7.578733e+00 1.000000e+00
      vertex   -1.078227e+01 7.262408e+00 1.000000e+00
      vertex   -1.056233e+01 7.578733e+00 1.000000e+00
    endloop
  endfacet
  facet normal 0.000000e+00 0.000000e+00 -1.000000e+00
    outer loop
      vertex   1.056233e+01 7.578733e+00 1.000000e+00
      vertex   -1.056233e+01 7.578733e+00 1.000000e+00
      vertex   1.033311e+01 7.888402e+00 1.000000e+00
    endloop
  endfacet
  facet normal -0.000000e+00 0.000000e+00 -1.000000e+00
    outer loop
      vertex   1.033311e+01 7.888402e+00 1.000000e+00
      vertex   -1.056233e+01 7.578733e+00 1.000000e+00
      vertex   -1.033311e+01 7.888402e+00 1.000000e+00
    endloop
  endfacet
  facet normal 0.000000e+00 0.000000e+00 -1.000000e+00
    outer loop
      vertex   1.033311e+01 7.888402e+00 1.000000e+00
      vertex   -1.033311e+01 7.888402e+00 1.000000e+00
      vertex   1.009481e+01 8.191142e+00 1.000000e+00
    endloop
  endfacet
  facet normal -0.000000e+00 0.000000e+00 -1.000000e+00
    outer loop
      vertex   1.009481e+01 8.191142e+00 1.000000e+00
      vertex   -1.033311e+01 7.888402e+00 1.000000e+00
      vertex   -1.009481e+01 8.191142e+00 1.000000e+00
    endloop
  endfacet
  facet normal 0.000000e+00 0.000000e+00 -1.000000e+00
    outer loop
      vertex   1.009481e+01 8.191142e+00 1.000000e+00
      vertex   -1.009481e+01 8.191142e+00 1.000000e+00
      vertex   9.847646e+00 8.486688e+00 1.000000e+00
    endloop
  endfacet
  facet normal -0.000000e+00 0.000000e+00 -1.000000e+00
    outer loop
      vertex   9.847646e+00 8.486688e+00 1.000000e+00
      vertex   -1.009481e+01 8.191142e+00 1.000000e+00
      vertex   -9.847646e+00 8.486688e+00 1.000000e+00
    endloop
  endfacet
  facet normal 0.000000e+00 0.000000e+00 -1.000000e+00
    outer loop
      vertex   9.847646e+00 8.486688e+00 1.000000e+00
      vertex   -9.847646e+00 8.486688e+00 1.000000e+00
      vertex   9.591833e+00 8.774779e+00 1.000000e+00
    endloop
  endfacet
  facet normal 0.000000e+00 0.000000e+00 -1.000000e+00
    outer loop
      vertex   9.591833e+00 8.774779e+00 1.000000e+00
      vertex   -9.847646e+00 8.486688e+00 1.000000e+00
      vertex   -9.591833e+00 8.774779e+00 1.000000e+00
    endloop
  endfacet
  facet normal -0.000000e+00 0.000000e+00 -1.000000e+00
    outer loop
      vertex   9.591833e+00 8.774779e+00 1.000000e+00
      vertex   -9.591833e+00 8.774779e+00 1.000000e+00
      vertex   9.327594e+00 9.055163e+00 1.000000e+00
    endloop
  endfacet
  facet normal 0.000000e+00 0.000000e+00 -1.000000e+00
    outer loop
      vertex   9.327594e+00 9.055163e+00 1.000000e+00
      vertex   -9.591833e+00 8.774779e+00 1.000000e+00
      vertex   -9.327594e+00 9.055163e+00 1.000000e+00
    endloop
  endfacet
  facet normal -0.000000e+00 0.000000e+00 -1.000000e+00
    outer loop
      vertex   9.327594e+00 9.055163e+00 1.000000e+00
      vertex   -9.327594e+00 9.055163e+00 1.000000e+00
      vertex   9.055163e+00 9.327594e+00 1.000000e+00
    endloop
  endfacet
  facet normal -0.000000e+00 0.000000e+00 -1.000000e+00
    outer loop
      vertex   9.055163e+00 9.327594e+00 1.000000e+00
      vertex   -9.327594e+00 9.055163e+00 1.000000e+00
      vertex   -9.055163e+00 9.327594e+00 1.000000e+00
    endloop
  endfacet
  facet normal 0.000000e+00 0.000000e+00 -1.000000e+00
    outer loop
      vertex   9.055163e+00 9.327594e+00 1.000000e+00
      vertex   -9.055163e+00 9.327594e+00 1.000000e+00
      vertex   8.774779e+00 9.591833e+00 1.000000e+00
    endloop
  endfacet
  facet normal -0.000000e+00 0.000000e+00 -1.000000e+00
    outer loop
      vertex   8.774779e+00 9.591833e+00 1.000000e+00
      vertex   -9.055163e+00 9.327594e+00 1.000000e+00
      vertex   -8.774779e+00 9.591833e+00 1.000000e+00
    endloop
  endfacet
  facet normal 0.000000e+00 0.000000e+00 -1.000000e+00
    outer loop
      vertex   8.774779e+00 9.591833e+00 1.000000e+00
      vertex   -8.774779e+00 9.591833e+00 1.000000e+00
      vertex   8.486688e+00 9.847646e+00 1.000000e+00
    endloop
  endfacet
  facet normal -0.000000e+00 0.000000e+00 -1.000000e+00
    outer loop
      vertex   8.486688e+00 9.847646e+00 1.000000e+00
      vertex   -8.774779e+00 9.591833e+00 1.000000e+00
      vertex   -8.486688e+00 9.847646e+00 1.000000e+00
    endloop
  endfacet
  facet normal 0.000000e+00 0.000000e+00 -1.000000e+00
    outer loop
      vertex   8.486688e+00 9.847646e+00 1.000000e+00
      vertex   -8.486688e+00 9.847646e+00 1.000000e+00
      vertex   8.191142e+00 1.009481e+01 1.000000e+00
    endloop
  endfacet
  facet normal -0.000000e+00 0.000000e+00 -1.000000e+00
    outer loop
      vertex   8.191142e+00 1.009481e+01 1.000000e+00
      vertex   -8.486688e+00 9.847646e+00 1.000000e+00
      vertex   -8.191142e+00 1.009481e+01 1.000000e+00
    endloop
  endfacet
  facet normal 0.000000e+00 0.000000e+00 -1.000000e+00
    outer loop
      vertex   8.191142e+00 1.009481e+01 1.000000e+00
      vertex   -8.191142e+00 1.009481e+01 1.000000e+00
      vertex   7.888402e+00 1.033311e+01 1.000000e+00
    endloop
  endfacet
  facet normal -0.000000e+00 0.000000e+00 -1.000000e+00
    outer loop
      vertex   7.888402e+00 1.033311e+01 1.000000e+00
      vertex   -8.191142e+00 1.009481e+01 1.000000e+00
      vertex   -7.888402e+00 1.033311e+01 1.000000e+00
    endloop
  endfacet
  facet normal 0.000000e+00 0.000000e+00 -1.000000e+00
    outer loop
      vertex   7.888402e+00 1.033311e+01 1.000000e+00
      vertex   -7.888402e+00 1.033311e+01 1.000000e+00
      vertex   7.578733e+00 1.056233e+01 1.000000e+00
    endloop
  endfacet
  facet normal 0.000000e+00 0.000000e+00 -1.000000e+00
    outer loop
      vertex   7.578733e+00 1.056233e+01 1.000000e+00
      vertex   -7.888402e+00 1.033311e+01 1.000000e+00
      vertex   -7.578733e+00 1.056233e+01 1.000000e+00
    endloop
  endfacet
  facet normal -0.000000e+00 0.000000e+00 -1.000000e+00
    outer loop
      vertex   7.578733e+00 1.056233e+01 1.000000e+00
      vertex   -7.578733e+00 1.056233e+01 1.000000e+00
      vertex   7.262408e+00 1.078227e+01 1.000000e+00
    endloop
  endfacet
  facet normal -0.000000e+00 0.000000e+00 -1.000000e+00
    outer loop
      vertex   7.262408e+00 1.078227e+01 1.000000e+00
      vertex   -7.578733e+00 1.056233e+01 1.000000e+00
      vertex   -7.262408e+00 1.078227e+01 1.000000e+00
    endloop
  endfacet
  facet normal 0.000000e+00 0.000000e+00 -1.000000e+00
    outer loop
      vertex   7.262408e+00 1.078227e+01 1.000000e+00
      vertex   -7.262408e+00 1.078227e+01 1.000000e+00
      vertex   6.939704e+00 1.099275e+01 1.000000e+00
    endloop
  endfacet
  facet normal 0.000000e+00 0.000000e+00 -1.000000e+00
    outer loop
      vertex   6.939704e+00 1.099275e+01 1.000000e+00
      vertex   -7.262408e+00 1.078227e+01 1.000000e+00
      vertex   -6.939704e+00 1.099275e+01 1.000000e+00
    endloop
  endfacet
  facet normal -0.000000e+00 0.000000e+00 -1.000000e+00
    outer loop
      vertex   6.939704e+00 1.099275e+01 1.000000e+00
      vertex   -6.939704e+00 1.099275e+01 1.000000e+00
      vertex   6.610905e+00 1.119357e+01 1.000000e+00
    endloop
  endfacet
  facet normal 0.000000e+00 0.000000e+00 -1.000000e+00
    outer loop
      vertex   6.610905e+00 1.119357e+01 1.000000e+00
      vertex   -6.939704e+00 1.099275e+01 1.000000e+00
      vertex   -6.610905e+00 1.119357e+01 1.000000e+00
    endloop
  endfacet
  facet normal -0.000000e+00 0.000000e+00 -1.000000e+00
    outer loop
      vertex   6.610905e+00 1.119357e+01 1.000000e+00
      vertex   -6.610905e+00 1.119357e+01 1.000000e+00
      vertex   6.276299e+00 1.138455e+01 1.000000e+00
    endloop
  endfacet
  facet normal -0.000000e+00 0.000000e+00 -1.000000e+00
    outer loop
      vertex   6.276299e+00 1.138455e+01 1.000000e+00
      vertex   -6.610905e+00 1.119357e+01 1.000000e+00
      vertex   -6.276299e+00 1.138455e+01 1.000000e+00
    endloop
  endfacet
  facet normal 0.000000e+00 0.000000e+00 -1.000000e+00
    outer loop
      vertex   6.276299e+00 1.138455e+01 1.000000e+00
      vertex   -6.276299e+00 1.138455e+01 1.000000e+00
      vertex   5.936180e+00 1.156554e+01 1.000000e+00
    endloop
  endfacet
  facet normal -0.000000e+00 0.000000e+00 -1.000000e+00
    outer loop
      vertex   5.936180e+00 1.156554e+01 1.000000e+00
      vertex   -6.276299e+00 1.138455e+01 1.000000e+00
      vertex   -5.936180e+00 1.156554e+01 1.000000e+00
    endloop
  endfacet
  facet normal 0.000000e+00 0.000000e+00 -1.000000e+00
    outer loop
      vertex   5.936180e+00 1.156554e+01 1.000000e+00
      vertex   -5.936180e+00 1.156554e+01 1.000000e+00
      vertex   5.590848e+00 1.173637e+01 1.000000e+00
    endloop
  endfacet
  facet normal -0.000000e+00 0.000000e+00 -1.000000e+00
    outer loop
      vertex   5.590848e+00 1.173637e+01 1.000000e+00
      vertex   -5.936180e+00 1.156554e+01 1.000000e+00
      vertex   -5.590848e+00 1.173637e+01 1.000000e+00
    endloop
  endfacet
  facet normal 0.000000e+00 0.000000e+00 -1.000000e+00
    outer loop
      vertex   5.590848e+00 1.173637e+01 1.000000e+00
      vertex   -5.590848e+00 1.173637e+01 1.000000e+00
      vertex   5.240605e+00 1.189689e+01 1.000000e+00
    endloop
  endfacet
  facet normal -0.000000e+00 0.000000e+00 -1.000000e+00
    outer loop
      vertex   5.240605e+00 1.189689e+01 1.000000e+00
      vertex   -5.590848e+00 1.173637e+01 1.000000e+00
      vertex   -5.240605e+00 1.189689e+01 1.000000e+00
    endloop
  endfacet
  facet normal 0.000000e+00 0.000000e+00 -1.000000e+00
    outer loop
      vertex   5.240605e+00 1.189689e+01 1.000000e+00
      vertex   -5.240605e+00 1.189689e+01 1.000000e+00
      vertex   4.885759e+00 1.204696e+01 1.000000e+00
    endloop
  endfacet
  facet normal 0.000000e+00 0.000000e+00 -1.000000e+00
    outer loop
      vertex   4.885759e+00 1.204696e+01 1.000000e+00
      vertex   -5.240605e+00 1.189689e+01 1.000000e+00
      vertex   -4.885759e+00 1.204696e+01 1.000000e+00
    endloop
  endfacet
  facet normal -0.000000e+00 0.000000e+00 -1.000000e+00
    outer loop
      vertex   4.885759e+00 1.204696e+01 1.000000e+00
      vertex   -4.885759e+00 1.204696e+01 1.000000e+00
      vertex   4.526621e+00 1.218646e+01 1.000000e+00
    endloop
  endfacet
  facet normal 0.000000e+00 0.000000e+00 -1.000000e+00
    outer loop
      vertex   4.526621e+00 1.218646e+01 1.000000e+00
      vertex   -4.885759e+00 1.204696e+01 1.000000e+00
      vertex   -4.526621e+00 1.218646e+01 1.000000e+00
    endloop
  endfacet
  facet normal -0.000000e+00 0.000000e+00 -1.000000e+00
    outer loop
      vertex   4.526621e+00 1.218646e+01 1.000000e+00
      vertex   -4.526621e+00 1.218646e+01 1.000000e+00
      vertex   4.163508e+00 1.231524e+01 1.000000e+00
    endloop
  endfacet
  facet normal -0.000000e+00 0.000000e+00 -1.000000e+00
    outer loop
      vertex   4.163508e+00 1.231524e+01 1.000000e+00
      vertex   -4.526621e+00 1.218646e+01 1.000000e+00
      vertex   -4.163508e+00 1.231524e+01 1.000000e+00
    endloop
  endfacet
  facet normal 0.000000e+00 0.000000e+00 -1.000000e+00
    outer loop
      vertex   4.163508e+00 1.231524e+01 1.000000e+00
      vertex   -4.163508e+00 1.231524e+01 1.000000e+00
      vertex   3.796738e+00 1.243321e+01 1.000000e+00
    endloop
  endfacet
  facet normal -0.000000e+00 0.000000e+00 -1.000000e+00
    outer loop
      vertex   3.796738e+00 1.243321e+01 1.000000e+00
      vertex   -4.163508e+00 1.231524e+01 1.000000e+00
      vertex   -3.796738e+00 1.243321e+01 1.000000e+00
    endloop
  endfacet
  facet normal 0.000000e+00 0.000000e+00 -1.000000e+00
    outer loop
      vertex   3.796738e+00 1.243321e+01 1.000000e+00
      vertex   -3.796738e+00 1.243321e+01 1.000000e+00
      vertex   3.426633e+00 1.254026e+01 1.000000e+00
    endloop
  endfacet
  facet normal -0.000000e+00 0.000000e+00 -1.000000e+00
    outer loop
      vertex   3.426633e+00 1.254026e+01 1.000000e+00
      vertex   -3.796738e+00 1.243321e+01 1.000000e+00
      vertex   -3.426633e+00 1.254026e+01 1.000000e+00
    endloop
  endfacet
  facet normal 0.000000e+00 0.000000e+00 -1.000000e+00
    outer loop
      vertex   3.426633e+00 1.254026e+01 1.000000e+00
      vertex   -3.426633e+00 1.254026e+01 1.000000e+00
      vertex   3.053519e+00 1.263630e+01 1.000000e+00
    endloop
  endfacet
  facet normal 0.000000e+00 0.000000e+00 -1.000000e+00
    outer loop
      vertex   3.053519e+00 1.263630e+01 1.000000e+00
      vertex   -3.426633e+00 1.254026e+01 1.000000e+00
      vertex   -3.053519e+00 1.263630e+01 1.000000e+00
    endloop
  endfacet
  facet normal -0.000000e+00 0.000000e+00 -1.000000e+00
    outer loop
      vertex   3.053519e+00 1.263630e+01 1.000000e+00
      vertex   -3.053519e+00 1.263630e+01 1.000000e+00
      vertex   2.677722e+00 1.272123e+01 1.000000e+00
    endloop
  endfacet
  facet normal 0.000000e+00 0.000000e+00 -1.000000e+00
    outer loop
      vertex   2.677722e+00 1.272123e+01 1.000000e+00
      vertex   -3.053519e+00 1.263630e+01 1.000000e+00
      vertex   -2.677722e+00 1.272123e+01 1.000000e+00
    endloop
  endfacet
  facet normal -0.000000e+00 0.000000e+00 -1.000000e+00
    outer loop
      vertex   2.677722e+00 1.272123e+01 1.000000e+00
      vertex   -2.677722e+00 1.272123e+01 1.000000e+00
      vertex   2.299574e+00 1.279500e+01 1.000000e+00
    endloop
  endfacet
  facet normal 0.000000e+00 0.000000e+00 -1.000000e+00
    outer loop
      vertex   2.299574e+00 1.279500e+01 1.000000e+00
      vertex   -2.677722e+00 1.272123e+01 1.000000e+00
      vertex   -2.299574e+00 1.279500e+01 1.000000e+00
    endloop
  endfacet
  facet normal -0.000000e+00 0.000000e+00 -1.000000e+00
    outer loop
      vertex   2.299574e+00 1.279500e+01 1.000000e+00
      vertex   -2.299574e+00 1.279500e+01 1.000000e+00
      vertex   1.919405e+00 1.285752e+01 1.000000e+00
    endloop
  endfacet
  facet normal -0.000000e+00 0.000000e+00 -1.000000e+00
    outer loop
      vertex   1.919405e+00 1.285752e+01 1.000000e+00
      vertex   -2.299574e+00 1.279500e+01 1.000000e+00
      vertex   -1.919405e+00 1.285752e+01 1.000000e+00
    endloop
  endfacet
  facet normal 0.000000e+00 0.000000e+00 -1.000000e+00
    outer loop
      vertex   1.919405e+00 1.285752e+01 1.000000e+00
      vertex   -1.919405e+00 1.285752e+01 1.000000e+00
      vertex   1.537551e+00 1.290875e+01 1.000000e+00
    endloop
  endfacet
  facet normal -0.000000e+00 0.000000e+00 -1.000000e+00
    outer loop
      vertex   1.537551e+00 1.290875e+01 1.000000e+00
      vertex   -1.919405e+00 1.285752e+01 1.000000e+00
      vertex   -1.537551e+00 1.290875e+01 1.000000e+00
    endloop
  endfacet
  facet normal 0.000000e+00 0.000000e+00 -1.000000e+00
    outer loop
      vertex   1.537551e+00 1.290875e+01 1.000000e+00
      vertex   -1.537551e+00 1.290875e+01 1.000000e+00
      vertex   1.154347e+00 1.294865e+01 1.000000e+00
    endloop
  endfacet
  facet normal -0.000000e+00 0.000000e+00 -1.000000e+00
    outer loop
      vertex   1.154347e+00 1.294865e+01 1.000000e+00
      vertex   -1.537551e+00 1.290875e+01 1.000000e+00
      vertex   -1.154347e+00 1.294865e+01 1.000000e+00
    endloop
  endfacet
  facet normal 0.000000e+00 0.000000e+00 -1.000000e+00
    outer loop
      vertex   1.154347e+00 1.294865e+01 1.000000e+00
      vertex   -1.154347e+00 1.294865e+01 1.000000e+00
      vertex   7.701282e-01 1.297717e+01 1.000000e+00
    endloop
  endfacet
  facet normal -0.000000e+00 0.000000e+00 -1.000000e+00
    outer loop
      vertex   7.701282e-01 1.297717e+01 1.000000e+00
      vertex   -1.154347e+00 1.294865e+01 1.000000e+00
      vertex   -7.701282e-01 1.297717e+01 1.000000e+00
    endloop
  endfacet
  facet normal 0.000000e+00 0.000000e+00 -1.000000e+00
    outer loop
      vertex   7.701282e-01 1.297717e+01 1.000000e+00
      vertex   -7.701282e-01 1.297717e+01 1.000000e+00
      vertex   3.852333e-01 1.299429e+01 1.000000e+00
    endloop
  endfacet
  facet normal -0.000000e+00 0.000000e+00 -1.000000e+00
    outer loop
      vertex   3.852333e-01 1.299429e+01 1.000000e+00
      vertex   -7.701282e-01 1.297717e+01 1.000000e+00
      vertex   -3.852333e-01 1.299429e+01 1.000000e+00
    endloop
  endfacet
  facet normal 0.000000e+00 0.000000e+00 -1.000000e+00
    outer loop
      vertex   3.852333e-01 1.299429e+01 1.000000e+00
      vertex   -3.852333e-01 1.299429e+01 1.000000e+00
      vertex   -2.388061e-15 1.300000e+01 1.000000e+00
    endloop
  endfacet
  facet normal 0.000000e+00 0.000000e+00 -1.000000e+00
    outer loop
      vertex   -1.299429e+01 -3.852333e-01 1.000000e+00
      vertex   1.299429e+01 -3.852333e-01 1.000000e+00
      vertex   -1.297717e+01 -7.701282e-01 1.000000e+00
    endloop
  endfacet
  facet normal 0.000000e+00 0.000000e+00 -1.000000e+00
    outer loop
      vertex   -1.297717e+01 -7.701282e-01 1.000000e+00
      vertex   1.299429e+01 -3.852333e-01 1.000000e+00
      vertex   1.297717e+01 -7.701282e-01 1.000000e+00
    endloop
  endfacet
  facet normal 0.000000e+00 0.000000e+00 -1.000000e+00
    outer loop
      vertex   -1.297717e+01 -7.701282e-01 1.000000e+00
      vertex   1.297717e+01 -7.701282e-01 1.000000e+00
      vertex   -1.294865e+01 -1.154347e+00 1.000000e+00
    endloop
  endfacet
  facet normal 0.000000e+00 0.000000e+00 -1.000000e+00
    outer loop
      vertex   -1.294865e+01 -1.154347e+00 1.000000e+00
      vertex   1.297717e+01 -7.701282e-01 1.000000e+00
      vertex   1.294865e+01 -1.154347e+00 1.000000e+00
    endloop
  endfacet
  facet normal 0.000000e+00 0.000000e+00 -1.000000e+00
    outer loop
      vertex   -1.294865e+01 -1.154347e+00 1.000000e+00
      vertex   1.294865e+01 -1.154347e+00 1.000000e+00
      vertex   -1.290875e+01 -1.537551e+00 1.000000e+00
    endloop
  endfacet
  facet normal 0.000000e+00 0.000000e+00 -1.000000e+00
    outer loop
      vertex   -1.290875e+01 -1.537551e+00 1.000000e+00
      vertex   1.294865e+01 -1.154347e+00 1.000000e+00
      vertex   1.290875e+01 -1.537551e+00 1.000000e+00
    endloop
  endfacet
  facet normal 0.000000e+00 0.000000e+00 -1.000000e+00
    outer loop
      vertex   -1.290875e+01 -1.537551e+00 1.000000e+00
      vertex   1.290875e+01 -1.537551e+00 1.000000e+00
      vertex   -1.285752e+01 -1.919405e+00 1.000000e+00
    endloop
  endfacet
  facet normal 0.000000e+00 0.000000e+00 -1.000000e+00
    outer loop
      vertex   -1.285752e+01 -1.919405e+00 1.000000e+00
      vertex   1.290875e+01 -1.537551e+00 1.000000e+00
      vertex   1.285752e+01 -1.919405e+00 1.000000e+00
    endloop
  endfacet
  facet normal 0.000000e+00 0.000000e+00 -1.000000e+00
    outer loop
      vertex   -1.285752e+01 -1.919405e+00 1.000000e+00
      vertex   1.285752e+01 -1.919405e+00 1.000000e+00
      vertex   -1.279500e+01 -2.299574e+00 1.000000e+00
    endloop
  endfacet
  facet normal 0.000000e+00 0.000000e+00 -1.000000e+00
    outer loop
      vertex   -1.279500e+01 -2.299574e+00 1.000000e+00
      vertex   1.285752e+01 -1.919405e+00 1.000000e+00
      vertex   1.279500e+01 -2.299574e+00 1.000000e+00
    endloop
  endfacet
  facet normal 0.000000e+00 0.000000e+00 -1.000000e+00
    outer loop
      vertex   -1.279500e+01 -2.299574e+00 1.000000e+00
      vertex   1.279500e+01 -2.299574e+00 1.000000e+00
      vertex   -1.272123e+01 -2.677722e+00 1.000000e+00
    endloop
  endfacet
  facet normal 0.000000e+00 0.000000e+00 -1.000000e+00
    outer loop
      vertex   -1.272123e+01 -2.677722e+00 1.000000e+00
      vertex   1.279500e+01 -2.299574e+00 1.000000e+00
      vertex   1.272123e+01 -2.677722e+00 1.000000e+00
    endloop
  endfacet
  facet normal 0.000000e+00 0.000000e+00 -1.000000e+00
    outer loop
      vertex   -1.272123e+01 -2.677722e+00 1.000000e+00
      vertex   1.272123e+01 -2.677722e+00 1.000000e+00
      vertex   -1.263630e+01 -3.053519e+00 1.000000e+00
    endloop
  endfacet
  facet normal 0.000000e+00 0.000000e+00 -1.000000e+00
    outer loop
      vertex   -1.263630e+01 -3.053519e+00 1.000000e+00
      vertex   1.272123e+01 -2.677722e+00 1.000000e+00
      vertex   1.263630e+01 -3.053519e+00 1.000000e+00
    endloop
  endfacet
  facet normal 0.000000e+00 0.000000e+00 -1.000000e+00
    outer loop
      vertex   -1.263630e+01 -3.053519e+00 1.000000e+00
      vertex   1.263630e+01 -3.053519e+00 1.000000e+00
      vertex   -1.254026e+01 -3.426633e+00 1.000000e+00
    endloop
  endfacet
  facet normal 0.000000e+00 0.000000e+00 -1.000000e+00
    outer loop
      vertex   -1.254026e+01 -3.426633e+00 1.000000e+00
      vertex   1.263630e+01 -3.053519e+00 1.000000e+00
      vertex   1.254026e+01 -3.426633e+00 1.000000e+00
    endloop
  endfacet
  facet normal 0.000000e+00 0.000000e+00 -1.000000e+00
    outer loop
      vertex   -1.254026e+01 -3.426633e+00 1.000000e+00
      vertex   1.254026e+01 -3.426633e+00 1.000000e+00
      vertex   -1.243321e+01 -3.796738e+00 1.000000e+00
    endloop
  endfacet
  facet normal 0.000000e+00 0.000000e+00 -1.000000e+00
    outer loop
      vertex   -1.243321e+01 -3.796738e+00 1.000000e+00
      vertex   1.254026e+01 -3.426633e+00 1.000000e+00
      vertex   1.243321e+01 -3.796738e+00 1.000000e+00
    endloop
  endfacet
  facet normal 0.000000e+00 0.000000e+00 -1.000000e+00
    outer loop
      vertex   -1.243321e+01 -3.796738e+00 1.000000e+00
      vertex   1.243321e+01 -3.796738e+00 1.000000e+00
      vertex   -1.231524e+01 -4.163508e+00 1.000000e+00
    endloop
  endfacet
  facet normal 0.000000e+00 0.000000e+00 -1.000000e+00
    outer loop
      vertex   -1.231524e+01 -4.163508e+00 1.000000e+00
      vertex   1.243321e+01 -3.796738e+00 1.000000e+00
      vertex   1.231524e+01 -4.163508e+00 1.000000e+00
    endloop
  endfacet
  facet normal 0.000000e+00 0.000000e+00 -1.000000e+00
    outer loop
      vertex   -1.231524e+01 -4.163508e+00 1.000000e+00
      vertex   1.231524e+01 -4.163508e+00 1.000000e+00
      vertex   -1.218646e+01 -4.526621e+00 1.000000e+00
    endloop
  endfacet
  facet normal 0.000000e+00 0.000000e+00 -1.000000e+00
    outer loop
      vertex   -1.218646e+01 -4.526621e+00 1.000000e+00
      vertex   1.231524e+01 -4.163508e+00 1.000000e+00
      vertex   1.218646e+01 -4.526621e+00 1.000000e+00
    endloop
  endfacet
  facet normal 0.000000e+00 0.000000e+00 -1.000000e+00
    outer loop
      vertex   -1.218646e+01 -4.526621e+00 1.000000e+00
      vertex   1.218646e+01 -4.526621e+00 1.000000e+00
      vertex   -1.204696e+01 -4.885759e+00 1.000000e+00
    endloop
  endfacet
  facet normal 0.000000e+00 0.000000e+00 -1.000000e+00
    outer loop
      vertex   -1.204696e+01 -4.885759e+00 1.000000e+00
      vertex   1.218646e+01 -4.526621e+00 1.000000e+00
      vertex   1.204696e+01 -4.885759e+00 1.000000e+00
    endloop
  endfacet
  facet normal 0.000000e+00 0.000000e+00 -1.000000e+00
    outer loop
      vertex   -1.204696e+01 -4.885759e+00 1.000000e+00
      vertex   1.204696e+01 -4.885759e+00 1.000000e+00
      vertex   -1.189689e+01 -5.240605e+00 1.000000e+00
    endloop
  endfacet
  facet normal 0.000000e+00 0.000000e+00 -1.000000e+00
    outer loop
      vertex   -1.189689e+01 -5.240605e+00 1.000000e+00
      vertex   1.204696e+01 -4.885759e+00 1.000000e+00
      vertex   1.189689e+01 -5.240605e+00 1.000000e+00
    endloop
  endfacet
  facet normal 0.000000e+00 0.000000e+00 -1.000000e+00
    outer loop
      vertex   -1.189689e+01 -5.240605e+00 1.000000e+00
      vertex   1.189689e+01 -5.240605e+00 1.000000e+00
      vertex   -1.173637e+01 -5.590848e+00 1.000000e+00
    endloop
  endfacet
  facet normal 0.000000e+00 0.000000e+00 -1.000000e+00
    outer loop
      vertex   -1.173637e+01 -5.590848e+00 1.000000e+00
      vertex   1.189689e+01 -5.240605e+00 1.000000e+00
      vertex   1.173637e+01 -5.590848e+00 1.000000e+00
    endloop
  endfacet
  facet normal 0.000000e+00 0.000000e+00 -1.000000e+00
    outer loop
      vertex   -1.173637e+01 -5.590848e+00 1.000000e+00
      vertex   1.173637e+01 -5.590848e+00 1.000000e+00
      vertex   -1.156554e+01 -5.936180e+00 1.000000e+00
    endloop
  endfacet
  facet normal 0.000000e+00 0.000000e+00 -1.000000e+00
    outer loop
      vertex   -1.156554e+01 -5.936180e+00 1.000000e+00
      vertex   1.173637e+01 -5.590848e+00 1.000000e+00
      vertex   1.156554e+01 -5.936180e+00 1.000000e+00
    endloop
  endfacet
  facet normal 0.000000e+00 0.000000e+00 -1.000000e+00
    outer loop
      vertex   -1.156554e+01 -5.936180e+00 1.000000e+00
      vertex   1.156554e+01 -5.936180e+00 1.000000e+00
      vertex   -1.138455e+01 -6.276299e+00 1.000000e+00
    endloop
  endfacet
  facet normal 0.000000e+00 0.000000e+00 -1.000000e+00
    outer loop
      vertex   -1.138455e+01 -6.276299e+00 1.000000e+00
      vertex   1.156554e+01 -5.936180e+00 1.000000e+00
      vertex   1.138455e+01 -6.276299e+00 1.000000e+00
    endloop
  endfacet
  facet normal 0.000000e+00 0.000000e+00 -1.000000e+00
    outer loop
      vertex   -1.138455e+01 -6.276299e+00 1.000000e+00
      vertex   1.138455e+01 -6.276299e+00 1.000000e+00
      vertex   -1.119357e+01 -6.610905e+00 1.000000e+00
    endloop
  endfacet
  facet normal 0.000000e+00 0.000000e+00 -1.000000e+00
    outer loop
      vertex   -1.119357e+01 -6.610905e+00 1.000000e+00
      vertex   1.138455e+01 -6.276299e+00 1.000000e+00
      vertex   1.119357e+01 -6.610905e+00 1.000000e+00
    endloop
  endfacet
  facet normal 0.000000e+00 0.000000e+00 -1.000000e+00
    outer loop
      vertex   -1.119357e+01 -6.610905e+00 1.000000e+00
      vertex   1.119357e+01 -6.610905e+00 1.000000e+00
      vertex   -1.099275e+01 -6.939704e+00 1.000000e+00
    endloop
  endfacet
  facet normal 0.000000e+00 0.000000e+00 -1.000000e+00
    outer loop
      vertex   -1.099275e+01 -6.939704e+00 1.000000e+00
      vertex   1.119357e+01 -6.610905e+00 1.000000e+00
      vertex   1.099275e+01 -6.939704e+00 1.000000e+00
    endloop
  endfacet
  facet normal 0.000000e+00 0.000000e+00 -1.000000e+00
    outer loop
      vertex   -1.099275e+01 -6.939704e+00 1.000000e+00
      vertex   1.099275e+01 -6.939704e+00 1.000000e+00
      vertex   -1.078227e+01 -7.262408e+00 1.000000e+00
    endloop
  endfacet
  facet normal 0.000000e+00 0.000000e+00 -1.000000e+00
    outer loop
      vertex   -1.078227e+01 -7.262408e+00 1.000000e+00
      vertex   1.099275e+01 -6.939704e+00 1.000000e+00
      vertex   1.078227e+01 -7.262408e+00 1.000000e+00
    endloop
  endfacet
  facet normal 0.000000e+00 0.000000e+00 -1.000000e+00
    outer loop
      vertex   -1.078227e+01 -7.262408e+00 1.000000e+00
      vertex   1.078227e+01 -7.262408e+00 1.000000e+00
      vertex   -1.056233e+01 -7.578733e+00 1.000000e+00
    endloop
  endfacet
  facet normal 0.000000e+00 0.000000e+00 -1.000000e+00
    outer loop
      vertex   -1.056233e+01 -7.578733e+00 1.000000e+00
      vertex   1.078227e+01 -7.262408e+00 1.000000e+00
      vertex   1.056233e+01 -7.578733e+00 1.000000e+00
    endloop
  endfacet
  facet normal 0.000000e+00 0.000000e+00 -1.000000e+00
    outer loop
      vertex   -1.056233e+01 -7.578733e+00 1.000000e+00
      vertex   1.056233e+01 -7.578733e+00 1.000000e+00
      vertex   -1.033311e+01 -7.888402e+00 1.000000e+00
    endloop
  endfacet
  facet normal 0.000000e+00 0.000000e+00 -1.000000e+00
    outer loop
      vertex   -1.033311e+01 -7.888402e+00 1.000000e+00
      vertex   1.056233e+01 -7.578733e+00 1.000000e+00
      vertex   1.033311e+01 -7.888402e+00 1.000000e+00
    endloop
  endfacet
  facet normal 0.000000e+00 0.000000e+00 -1.000000e+00
    outer loop
      vertex   -1.033311e+01 -7.888402e+00 1.000000e+00
      vertex   1.033311e+01 -7.888402e+00 1.000000e+00
      vertex   -1.009481e+01 -8.191142e+00 1.000000e+00
    endloop
  endfacet
  facet normal 0.000000e+00 0.000000e+00 -1.000000e+00
    outer loop
      vertex   -1.009481e+01 -8.191142e+00 1.000000e+00
      vertex   1.033311e+01 -7.888402e+00 1.000000e+00
      vertex   1.009481e+01 -8.191142e+00 1.000000e+00
    endloop
  endfacet
  facet normal 0.000000e+00 0.000000e+00 -1.000000e+00
    outer loop
      vertex   -1.009481e+01 -8.191142e+00 1.000000e+00
      vertex   1.009481e+01 -8.191142e+00 1.000000e+00
      vertex   -9.847646e+00 -8.486688e+00 1.000000e+00
    endloop
  endfacet
  facet normal 0.000000e+00 0.000000e+00 -1.000000e+00
    outer loop
      vertex   -9.847646e+00 -8.486688e+00 1.000000e+00
      vertex   1.009481e+01 -8.191142e+00 1.000000e+00
      vertex   9.847646e+00 -8.486688e+00 1.000000e+00
    endloop
  endfacet
  facet normal 0.000000e+00 0.000000e+00 -1.000000e+00
    outer loop
      vertex   -9.847646e+00 -8.486688e+00 1.000000e+00
      vertex   9.847646e+00 -8.486688e+00 1.000000e+00
      vertex   -9.591833e+00 -8.774779e+00 1.000000e+00
    endloop
  endfacet
  facet normal 0.000000e+00 0.000000e+00 -1.000000e+00
    outer loop
      vertex   -9.591833e+00 -8.774779e+00 1.000000e+00
      vertex   9.847646e+00 -8.486688e+00 1.000000e+00
      vertex   9.591833e+00 -8.774779e+00 1.000000e+00
    endloop
  endfacet
  facet normal 0.000000e+00 0.000000e+00 -1.000000e+00
    outer loop
      vertex   -9.591833e+00 -8.774779e+00 1.000000e+00
      vertex   9.591833e+00 -8.774779e+00 1.000000e+00
      vertex   -9.327594e+00 -9.055163e+00 1.000000e+00
    endloop
  endfacet
  facet normal 0.000000e+00 0.000000e+00 -1.000000e+00
    outer loop
      vertex   -9.327594e+00 -9.055163e+00 1.000000e+00
      vertex   9.591833e+00 -8.774779e+00 1.000000e+00
      vertex   9.327594e+00 -9.055163e+00 1.000000e+00
    endloop
  endfacet
  facet normal 0.000000e+00 0.000000e+00 -1.000000e+00
    outer loop
      vertex   -9.327594e+00 -9.055163e+00 1.000000e+00
      vertex   9.327594e+00 -9.055163e+00 1.000000e+00
      vertex   -9.055163e+00 -9.327594e+00 1.000000e+00
    endloop
  endfacet
  facet normal 0.000000e+00 0.000000e+00 -1.000000e+00
    outer loop
      vertex   -9.055163e+00 -9.327594e+00 1.000000e+00
      vertex   9.327594e+00 -9.055163e+00 1.000000e+00
      vertex   9.055163e+00 -9.327594e+00 1.000000e+00
    endloop
  endfacet
  facet normal 0.000000e+00 0.000000e+00 -1.000000e+00
    outer loop
      vertex   -9.055163e+00 -9.327594e+00 1.000000e+00
      vertex   9.055163e+00 -9.327594e+00 1.000000e+00
      vertex   -8.774779e+00 -9.591833e+00 1.000000e+00
    endloop
  endfacet
  facet normal 0.000000e+00 0.000000e+00 -1.000000e+00
    outer loop
      vertex   -8.774779e+00 -9.591833e+00 1.000000e+00
      vertex   9.055163e+00 -9.327594e+00 1.000000e+00
      vertex   8.774779e+00 -9.591833e+00 1.000000e+00
    endloop
  endfacet
  facet normal 0.000000e+00 0.000000e+00 -1.000000e+00
    outer loop
      vertex   -8.774779e+00 -9.591833e+00 1.000000e+00
      vertex   8.774779e+00 -9.591833e+00 1.000000e+00
      vertex   -8.486688e+00 -9.847646e+00 1.000000e+00
    endloop
  endfacet
  facet normal 0.000000e+00 0.000000e+00 -1.000000e+00
    outer loop
      vertex   -8.486688e+00 -9.847646e+00 1.000000e+00
      vertex   8.774779e+00 -9.591833e+00 1.000000e+00
      vertex   8.486688e+00 -9.847646e+00 1.000000e+00
    endloop
  endfacet
  facet normal 0.000000e+00 0.000000e+00 -1.000000e+00
    outer loop
      vertex   -8.486688e+00 -9.847646e+00 1.000000e+00
      vertex   8.486688e+00 -9.847646e+00 1.000000e+00
      vertex   -8.191142e+00 -1.009481e+01 1.000000e+00
    endloop
  endfacet
  facet normal 0.000000e+00 0.000000e+00 -1.000000e+00
    outer loop
      vertex   -8.191142e+00 -1.009481e+01 1.000000e+00
      vertex   8.486688e+00 -9.847646e+00 1.000000e+00
      vertex   8.191142e+00 -1.009481e+01 1.000000e+00
    endloop
  endfacet
  facet normal 0.000000e+00 0.000000e+00 -1.000000e+00
    outer loop
      vertex   -8.191142e+00 -1.009481e+01 1.000000e+00
      vertex   8.191142e+00 -1.009481e+01 1.000000e+00
      vertex   -7.888402e+00 -1.033311e+01 1.000000e+00
    endloop
  endfacet
  facet normal 0.000000e+00 0.000000e+00 -1.000000e+00
    outer loop
      vertex   -7.888402e+00 -1.033311e+01 1.000000e+00
      vertex   8.191142e+00 -1.009481e+01 1.000000e+00
      vertex   7.888402e+00 -1.033311e+01 1.000000e+00
    endloop
  endfacet
  facet normal 0.000000e+00 0.000000e+00 -1.000000e+00
    outer loop
      vertex   -7.888402e+00 -1.033311e+01 1.000000e+00
      vertex   7.888402e+00 -1.033311e+01 1.000000e+00
      vertex   -7.578733e+00 -1.056233e+01 1.000000e+00
    endloop
  endfacet
  facet normal 0.000000e+00 0.000000e+00 -1.000000e+00
    outer loop
      vertex   -7.578733e+00 -1.056233e+01 1.000000e+00
      vertex   7.888402e+00 -1.033311e+01 1.000000e+00
      vertex   7.578733e+00 -1.056233e+01 1.000000e+00
    endloop
  endfacet
  facet normal 0.000000e+00 0.000000e+00 -1.000000e+00
    outer loop
      vertex   -7.578733e+00 -1.056233e+01 1.000000e+00
      vertex   7.578733e+00 -1.056233e+01 1.000000e+00
      vertex   -7.262408e+00 -1.078227e+01 1.000000e+00
    endloop
  endfacet
  facet normal 0.000000e+00 0.000000e+00 -1.000000e+00
    outer loop
      vertex   -7.262408e+00 -1.078227e+01 1.000000e+00
      vertex   7.578733e+00 -1.056233e+01 1.000000e+00
      vertex   7.262408e+00 -1.078227e+01 1.000000e+00
    endloop
  endfacet
  facet normal 0.000000e+00 0.000000e+00 -1.000000e+00
    outer loop
      vertex   -7.262408e+00 -1.078227e+01 1.000000e+00
      vertex   7.262408e+00 -1.078227e+01 1.000000e+00
      vertex   -6.939704e+00 -1.099275e+01 1.000000e+00
    endloop
  endfacet
  facet normal 0.000000e+00 0.000000e+00 -1.000000e+00
    outer loop
      vertex   -6.939704e+00 -1.099275e+01 1.000000e+00
      vertex   7.262408e+00 -1.078227e+01 1.000000e+00
      vertex   6.939704e+00 -1.099275e+01 1.000000e+00
    endloop
  endfacet
  facet normal 0.000000e+00 0.000000e+00 -1.000000e+00
    outer loop
      vertex   -6.939704e+00 -1.099275e+01 1.000000e+00
      vertex   6.939704e+00 -1.099275e+01 1.000000e+00
      vertex   -6.610905e+00 -1.119357e+01 1.000000e+00
    endloop
  endfacet
  facet normal 0.000000e+00 0.000000e+00 -1.000000e+00
    outer loop
      vertex   -6.610905e+00 -1.119357e+01 1.000000e+00
      vertex   6.939704e+00 -1.099275e+01 1.000000e+00
      vertex   6.610905e+00 -1.119357e+01 1.000000e+00
    endloop
  endfacet
  facet normal 0.000000e+00 0.000000e+00 -1.000000e+00
    outer loop
      vertex   -6.610905e+00 -1.119357e+01 1.000000e+00
      vertex   6.610905e+00 -1.119357e+01 1.000000e+00
      vertex   -6.276299e+00 -1.138455e+01 1.000000e+00
    endloop
  endfacet
  facet normal 0.000000e+00 0.000000e+00 -1.000000e+00
    outer loop
      vertex   -6.276299e+00 -1.138455e+01 1.000000e+00
      vertex   6.610905e+00 -1.119357e+01 1.000000e+00
      vertex   6.276299e+00 -1.138455e+01 1.000000e+00
    endloop
  endfacet
  facet normal 0.000000e+00 0.000000e+00 -1.000000e+00
    outer loop
      vertex   -6.276299e+00 -1.138455e+01 1.000000e+00
      vertex   6.276299e+00 -1.138455e+01 1.000000e+00
      vertex   -5.936180e+00 -1.156554e+01 1.000000e+00
    endloop
  endfacet
  facet normal 0.000000e+00 0.000000e+00 -1.000000e+00
    outer loop
      vertex   -5.936180e+00 -1.156554e+01 1.000000e+00
      vertex   6.276299e+00 -1.138455e+01 1.000000e+00
      vertex   5.936180e+00 -1.156554e+01 1.000000e+00
    endloop
  endfacet
  facet normal 0.000000e+00 0.000000e+00 -1.000000e+00
    outer loop
      vertex   -5.936180e+00 -1.156554e+01 1.000000e+00
      vertex   5.936180e+00 -1.156554e+01 1.000000e+00
      vertex   -5.590848e+00 -1.173637e+01 1.000000e+00
    endloop
  endfacet
  facet normal 0.000000e+00 0.000000e+00 -1.000000e+00
    outer loop
      vertex   -5.590848e+00 -1.173637e+01 1.000000e+00
      vertex   5.936180e+00 -1.156554e+01 1.000000e+00
      vertex   5.590848e+00 -1.173637e+01 1.000000e+00
    endloop
  endfacet
  facet normal 0.000000e+00 0.000000e+00 -1.000000e+00
    outer loop
      vertex   -5.590848e+00 -1.173637e+01 1.000000e+00
      vertex   5.590848e+00 -1.173637e+01 1.000000e+00
      vertex   -5.240605e+00 -1.189689e+01 1.000000e+00
    endloop
  endfacet
  facet normal 0.000000e+00 0.000000e+00 -1.000000e+00
    outer loop
      vertex   -5.240605e+00 -1.189689e+01 1.000000e+00
      vertex   5.590848e+00 -1.173637e+01 1.000000e+00
      vertex   5.240605e+00 -1.189689e+01 1.000000e+00
    endloop
  endfacet
  facet normal 0.000000e+00 0.000000e+00 -1.000000e+00
    outer loop
      vertex   -5.240605e+00 -1.189689e+01 1.000000e+00
      vertex   5.240605e+00 -1.189689e+01 1.000000e+00
      vertex   -4.885759e+00 -1.204696e+01 1.000000e+00
    endloop
  endfacet
  facet normal 0.000000e+00 0.000000e+00 -1.000000e+00
    outer loop
      vertex   -4.885759e+00 -1.204696e+01 1.000000e+00
      vertex   5.240605e+00 -1.189689e+01 1.000000e+00
      vertex   4.885759e+00 -1.204696e+01 1.000000e+00
    endloop
  endfacet
  facet normal 0.000000e+00 0.000000e+00 -1.000000e+00
    outer loop
      vertex   -4.885759e+00 -1.204696e+01 1.000000e+00
      vertex   4.885759e+00 -1.204696e+01 1.000000e+00
      vertex   -4.526621e+00 -1.218646e+01 1.000000e+00
    endloop
  endfacet
  facet normal 0.000000e+00 0.000000e+00 -1.000000e+00
    outer loop
      vertex   -4.526621e+00 -1.218646e+01 1.000000e+00
      vertex   4.885759e+00 -1.204696e+01 1.000000e+00
      vertex   4.526621e+00 -1.218646e+01 1.000000e+00
    endloop
  endfacet
  facet normal 0.000000e+00 0.000000e+00 -1.000000e+00
    outer loop
      vertex   -4.526621e+00 -1.218646e+01 1.000000e+00
      vertex   4.526621e+00 -1.218646e+01 1.000000e+00
      vertex   -4.163508e+00 -1.231524e+01 1.000000e+00
    endloop
  endfacet
  facet normal 0.000000e+00 0.000000e+00 -1.000000e+00
    outer loop
      vertex   -4.163508e+00 -1.231524e+01 1.000000e+00
      vertex   4.526621e+00 -1.218646e+01 1.000000e+00
      vertex   4.163508e+00 -1.231524e+01 1.000000e+00
    endloop
  endfacet
  facet normal 0.000000e+00 0.000000e+00 -1.000000e+00
    outer loop
      vertex   -4.163508e+00 -1.231524e+01 1.000000e+00
      vertex   4.163508e+00 -1.231524e+01 1.000000e+00
      vertex   -3.796738e+00 -1.243321e+01 1.000000e+00
    endloop
  endfacet
  facet normal 0.000000e+00 0.000000e+00 -1.000000e+00
    outer loop
      vertex   -3.796738e+00 -1.243321e+01 1.000000e+00
      vertex   4.163508e+00 -1.231524e+01 1.000000e+00
      vertex   3.796738e+00 -1.243321e+01 1.000000e+00
    endloop
  endfacet
  facet normal 0.000000e+00 0.000000e+00 -1.000000e+00
    outer loop
      vertex   -3.796738e+00 -1.243321e+01 1.000000e+00
      vertex   3.796738e+00 -1.243321e+01 1.000000e+00
      vertex   -3.426633e+00 -1.254026e+01 1.000000e+00
    endloop
  endfacet
  facet normal 0.000000e+00 0.000000e+00 -1.000000e+00
    outer loop
      vertex   -3.426633e+00 -1.254026e+01 1.000000e+00
      vertex   3.796738e+00 -1.243321e+01 1.000000e+00
      vertex   3.426633e+00 -1.254026e+01 1.000000e+00
    endloop
  endfacet
  facet normal 0.000000e+00 0.000000e+00 -1.000000e+00
    outer loop
      vertex   -3.426633e+00 -1.254026e+01 1.000000e+00
      vertex   3.426633e+00 -1.254026e+01 1.000000e+00
      vertex   -3.053519e+00 -1.263630e+01 1.000000e+00
    endloop
  endfacet
  facet normal 0.000000e+00 0.000000e+00 -1.000000e+00
    outer loop
      vertex   -3.053519e+00 -1.263630e+01 1.000000e+00
      vertex   3.426633e+00 -1.254026e+01 1.000000e+00
      vertex   3.053519e+00 -1.263630e+01 1.000000e+00
    endloop
  endfacet
  facet normal 0.000000e+00 0.000000e+00 -1.000000e+00
    outer loop
      vertex   -3.053519e+00 -1.263630e+01 1.000000e+00
      vertex   3.053519e+00 -1.263630e+01 1.000000e+00
      vertex   -2.677722e+00 -1.272123e+01 1.000000e+00
    endloop
  endfacet
  facet normal 0.000000e+00 0.000000e+00 -1.000000e+00
    outer loop
      vertex   -2.677722e+00 -1.272123e+01 1.000000e+00
      vertex   3.053519e+00 -1.263630e+01 1.000000e+00
      vertex   2.677722e+00 -1.272123e+01 1.000000e+00
    endloop
  endfacet
  facet normal 0.000000e+00 0.000000e+00 -1.000000e+00
    outer loop
      vertex   -2.677722e+00 -1.272123e+01 1.000000e+00
      vertex   2.677722e+00 -1.272123e+01 1.000000e+00
      vertex   -2.299574e+00 -1.279500e+01 1.000000e+00
    endloop
  endfacet
  facet normal 0.000000e+00 0.000000e+00 -1.000000e+00
    outer loop
      vertex   -2.299574e+00 -1.279500e+01 1.000000e+00
      vertex   2.677722e+00 -1.272123e+01 1.000000e+00
      vertex   2.299574e+00 -1.279500e+01 1.000000e+00
    endloop
  endfacet
  facet normal 0.000000e+00 0.000000e+00 -1.000000e+00
    outer loop
      vertex   -2.299574e+00 -1.279500e+01 1.000000e+00
      vertex   2.299574e+00 -1.279500e+01 1.000000e+00
      vertex   -1.919405e+00 -1.285752e+01 1.000000e+00
    endloop
  endfacet
  facet normal 0.000000e+00 0.000000e+00 -1.000000e+00
    outer loop
      vertex   -1.919405e+00 -1.285752e+01 1.000000e+00
      vertex   2.299574e+00 -1.279500e+01 1.000000e+00
      vertex   1.919405e+00 -1.285752e+01 1.000000e+00
    endloop
  endfacet
  facet normal 0.000000e+00 0.000000e+00 -1.000000e+00
    outer loop
      vertex   -1.919405e+00 -1.285752e+01 1.000000e+00
      vertex   1.919405e+00 -1.285752e+01 1.000000e+00
      vertex   -1.537551e+00 -1.290875e+01 1.000000e+00
    endloop
  endfacet
  facet normal 0.000000e+00 0.000000e+00 -1.000000e+00
    outer loop
      vertex   -1.537551e+00 -1.290875e+01 1.000000e+00
      vertex   1.919405e+00 -1.285752e+01 1.000000e+00
      vertex   1.537551e+00 -1.290875e+01 1.000000e+00
    endloop
  endfacet
  facet normal 0.000000e+00 0.000000e+00 -1.000000e+00
    outer loop
      vertex   -1.537551e+00 -1.290875e+01 1.000000e+00
      vertex   1.537551e+00 -1.290875e+01 1.000000e+00
      vertex   -1.154347e+00 -1.294865e+01 1.000000e+00
    endloop
  endfacet
  facet normal 0.000000e+00 0.000000e+00 -1.000000e+00
    outer loop
      vertex   -1.154347e+00 -1.294865e+01 1.000000e+00
      vertex   1.537551e+00 -1.290875e+01 1.000000e+00
      vertex   1.154347e+00 -1.294865e+01 1.000000e+00
    endloop
  endfacet
  facet normal 0.000000e+00 0.000000e+00 -1.000000e+00
    outer loop
      vertex   -1.154347e+00 -1.294865e+01 1.000000e+00
      vertex   1.154347e+00 -1.294865e+01 1.000000e+00
      vertex   -7.701282e-01 -1.297717e+01 1.000000e+00
    endloop
  endfacet
  facet normal 0.000000e+00 0.000000e+00 -1.000000e+00
    outer loop
      vertex   -7.701282e-01 -1.297717e+01 1.000000e+00
      vertex   1.154347e+00 -1.294865e+01 1.000000e+00
      vertex   7.701282e-01 -1.297717e+01 1.000000e+00
    endloop
  endfacet
  facet normal 0.000000e+00 0.000000e+00 -1.000000e+00
    outer loop
      vertex   -7.701282e-01 -1.297717e+01 1.000000e+00
      vertex   7.701282e-01 -1.297717e+01 1.000000e+00
      vertex   -3.852333e-01 -1.299429e+01 1.000000e+00
    endloop
  endfacet
  facet normal 0.000000e+00 0.000000e+00 -1.000000e+00
    outer loop
      vertex   -3.852333e-01 -1.299429e+01 1.000000e+00
      vertex   7.701282e-01 -1.297717e+01 1.000000e+00
      vertex   3.852333e-01 -1.299429e+01 1.000000e+00
    endloop
  endfacet
  facet normal 0.000000e+00 0.000000e+00 -1.000000e+00
    outer loop
      vertex   -3.852333e-01 -1.299429e+01 1.000000e+00
      vertex   3.852333e-01 -1.299429e+01 1.000000e+00
      vertex   7.960204e-16 -1.300000e+01 1.000000e+00
    endloop
  endfacet
endsolid
