solid ASCII
  facet normal 9.998351e-01 1.815850e-02 -2.589915e-04
    outer loop
      vertex   4.996703e+00 1.815550e-01 1.000000e+00
      vertex   4.999176e+00 9.079249e-02 4.183099e+00
      vertex   5.000000e+00 0.000000e+00 1.000000e+00
    endloop
  endfacet
  facet normal 1.000000e+00 2.278447e-19 2.589915e-04
    outer loop
      vertex   5.000000e+00 0.000000e+00 1.000000e+00
      vertex   4.999176e+00 9.079249e-02 4.183099e+00
      vertex   4.999176e+00 -9.079249e-02 4.183099e+00
    endloop
  endfacet
  facet normal 9.998351e-01 -1.815850e-02 -2.589915e-04
    outer loop
      vertex   5.000000e+00 0.000000e+00 1.000000e+00
      vertex   4.999176e+00 -9.079249e-02 4.183099e+00
      vertex   4.996703e+00 -1.815550e-01 1.000000e+00
    endloop
  endfacet
  facet normal 9.993405e-01 -3.631100e-02 2.589915e-04
    outer loop
      vertex   4.996703e+00 -1.815550e-01 1.000000e+00
      vertex   4.999176e+00 -9.079249e-02 4.183099e+00
      vertex   4.992582e+00 -2.722577e-01 4.183099e+00
    endloop
  endfacet
  facet normal 9.985164e-01 -5.445154e-02 -2.589915e-04
    outer loop
      vertex   4.996703e+00 -1.815550e-01 1.000000e+00
      vertex   4.992582e+00 -2.722577e-01 4.183099e+00
      vertex   4.986815e+00 -3.628706e-01 1.000000e+00
    endloop
  endfacet
  facet normal 9.973630e-01 -7.257412e-02 2.589915e-04
    outer loop
      vertex   4.986815e+00 -3.628706e-01 1.000000e+00
      vertex   4.992582e+00 -2.722577e-01 4.183099e+00
      vertex   4.979404e+00 -4.533638e-01 4.183099e+00
    endloop
  endfacet
  facet normal 9.958807e-01 -9.067277e-02 -2.589915e-04
    outer loop
      vertex   4.986815e+00 -3.628706e-01 1.000000e+00
      vertex   4.979404e+00 -4.533638e-01 4.183099e+00
      vertex   4.970350e+00 -5.437076e-01 1.000000e+00
    endloop
  endfacet
  facet normal 9.940700e-01 -1.087415e-01 2.589915e-04
    outer loop
      vertex   4.970350e+00 -5.437076e-01 1.000000e+00
      vertex   4.979404e+00 -4.533638e-01 4.183099e+00
      vertex   4.959658e+00 -6.338720e-01 4.183099e+00
    endloop
  endfacet
  facet normal 9.919315e-01 -1.267744e-01 -2.589915e-04
    outer loop
      vertex   4.970350e+00 -5.437076e-01 1.000000e+00
      vertex   4.959658e+00 -6.338720e-01 4.183099e+00
      vertex   4.947330e+00 -7.238274e-01 1.000000e+00
    endloop
  endfacet
  facet normal 9.894660e-01 -1.447655e-01 2.589915e-04
    outer loop
      vertex   4.947330e+00 -7.238274e-01 1.000000e+00
      vertex   4.959658e+00 -6.338720e-01 4.183099e+00
      vertex   4.933371e+00 -8.135442e-01 4.183099e+00
    endloop
  endfacet
  facet normal 9.866741e-01 -1.627088e-01 -2.589915e-04
    outer loop
      vertex   4.947330e+00 -7.238274e-01 1.000000e+00
      vertex   4.933371e+00 -8.135442e-01 4.183099e+00
      vertex   4.917784e+00 -9.029926e-01 1.000000e+00
    endloop
  endfacet
  facet normal 9.835569e-01 -1.805985e-01 2.589915e-04
    outer loop
      vertex   4.917784e+00 -9.029926e-01 1.000000e+00
      vertex   4.933371e+00 -8.135442e-01 4.183099e+00
      vertex   4.900577e+00 -9.921433e-01 4.183099e+00
    endloop
  endfacet
  facet normal 9.801153e-01 -1.984287e-01 -2.589915e-04
    outer loop
      vertex   4.917784e+00 -9.029926e-01 1.000000e+00
      vertex   4.900577e+00 -9.921433e-01 4.183099e+00
      vertex   4.881753e+00 -1.080967e+00 1.000000e+00
    endloop
  endfacet
  facet normal 9.763505e-01 -2.161934e-01 2.589915e-04
    outer loop
      vertex   4.881753e+00 -1.080967e+00 1.000000e+00
      vertex   4.900577e+00 -9.921433e-01 4.183099e+00
      vertex   4.861319e+00 -1.169434e+00 4.183099e+00
    endloop
  endfacet
  facet normal 9.722638e-01 -2.338868e-01 -2.589915e-04
    outer loop
      vertex   4.881753e+00 -1.080967e+00 1.000000e+00
      vertex   4.861319e+00 -1.169434e+00 4.183099e+00
      vertex   4.839283e+00 -1.257515e+00 1.000000e+00
    endloop
  endfacet
  facet normal 9.678565e-01 -2.515031e-01 2.589915e-04
    outer loop
      vertex   4.839283e+00 -1.257515e+00 1.000000e+00
      vertex   4.861319e+00 -1.169434e+00 4.183099e+00
      vertex   4.815650e+00 -1.345182e+00 4.183099e+00
    endloop
  endfacet
  facet normal 9.631300e-01 -2.690364e-01 -2.589915e-04
    outer loop
      vertex   4.839283e+00 -1.257515e+00 1.000000e+00
      vertex   4.815650e+00 -1.345182e+00 4.183099e+00
      vertex   4.790430e+00 -1.432405e+00 1.000000e+00
    endloop
  endfacet
  facet normal 9.580859e-01 -2.864810e-01 2.589915e-04
    outer loop
      vertex   4.790430e+00 -1.432405e+00 1.000000e+00
      vertex   4.815650e+00 -1.345182e+00 4.183099e+00
      vertex   4.763629e+00 -1.519156e+00 4.183099e+00
    endloop
  endfacet
  facet normal 9.527258e-01 -3.038312e-01 -2.589915e-04
    outer loop
      vertex   4.790430e+00 -1.432405e+00 1.000000e+00
      vertex   4.763629e+00 -1.519156e+00 4.183099e+00
      vertex   4.735258e+00 -1.605406e+00 1.000000e+00
    endloop
  endfacet
  facet normal 9.470516e-01 -3.210812e-01 2.589915e-04
    outer loop
      vertex   4.735258e+00 -1.605406e+00 1.000000e+00
      vertex   4.763629e+00 -1.519156e+00 4.183099e+00
      vertex   4.705326e+00 -1.691126e+00 4.183099e+00
    endloop
  endfacet
  facet normal 9.410651e-01 -3.382253e-01 -2.589915e-04
    outer loop
      vertex   4.735258e+00 -1.605406e+00 1.000000e+00
      vertex   4.705326e+00 -1.691126e+00 4.183099e+00
      vertex   4.673842e+00 -1.776289e+00 1.000000e+00
    endloop
  endfacet
  facet normal 9.347683e-01 -3.552578e-01 2.589915e-04
    outer loop
      vertex   4.673842e+00 -1.776289e+00 1.000000e+00
      vertex   4.705326e+00 -1.691126e+00 4.183099e+00
      vertex   4.640816e+00 -1.860866e+00 4.183099e+00
    endloop
  endfacet
  facet normal 9.281632e-01 -3.721733e-01 -2.589915e-04
    outer loop
      vertex   4.673842e+00 -1.776289e+00 1.000000e+00
      vertex   4.640816e+00 -1.860866e+00 4.183099e+00
      vertex   4.606261e+00 -1.944830e+00 1.000000e+00
    endloop
  endfacet
  facet normal 9.212521e-01 -3.889659e-01 2.589915e-04
    outer loop
      vertex   4.606261e+00 -1.944830e+00 1.000000e+00
      vertex   4.640816e+00 -1.860866e+00 4.183099e+00
      vertex   4.570186e+00 -2.028152e+00 4.183099e+00
    endloop
  endfacet
  facet normal 9.140372e-01 -4.056304e-01 -2.589915e-04
    outer loop
      vertex   4.606261e+00 -1.944830e+00 1.000000e+00
      vertex   4.570186e+00 -2.028152e+00 4.183099e+00
      vertex   4.532604e+00 -2.110805e+00 1.000000e+00
    endloop
  endfacet
  facet normal 9.065208e-01 -4.221610e-01 2.589915e-04
    outer loop
      vertex   4.532604e+00 -2.110805e+00 1.000000e+00
      vertex   4.570186e+00 -2.028152e+00 4.183099e+00
      vertex   4.493528e+00 -2.192762e+00 4.183099e+00
    endloop
  endfacet
  facet normal 8.987055e-01 -4.385525e-01 -2.589915e-04
    outer loop
      vertex   4.532604e+00 -2.110805e+00 1.000000e+00
      vertex   4.493528e+00 -2.192762e+00 4.183099e+00
      vertex   4.452970e+00 -2.273997e+00 1.000000e+00
    endloop
  endfacet
  facet normal 8.905939e-01 -4.547993e-01 2.589915e-04
    outer loop
      vertex   4.452970e+00 -2.273997e+00 1.000000e+00
      vertex   4.493528e+00 -2.192762e+00 4.183099e+00
      vertex   4.410943e+00 -2.354481e+00 4.183099e+00
    endloop
  endfacet
  facet normal 8.821886e-01 -4.708962e-01 -2.589915e-04
    outer loop
      vertex   4.452970e+00 -2.273997e+00 1.000000e+00
      vertex   4.410943e+00 -2.354481e+00 4.183099e+00
      vertex   4.367462e+00 -2.434189e+00 1.000000e+00
    endloop
  endfacet
  facet normal 8.734924e-01 -4.868377e-01 2.589915e-04
    outer loop
      vertex   4.367462e+00 -2.434189e+00 1.000000e+00
      vertex   4.410943e+00 -2.354481e+00 4.183099e+00
      vertex   4.322541e+00 -2.513094e+00 4.183099e+00
    endloop
  endfacet
  facet normal 8.645081e-01 -5.026188e-01 -2.589915e-04
    outer loop
      vertex   4.367462e+00 -2.434189e+00 1.000000e+00
      vertex   4.322541e+00 -2.513094e+00 4.183099e+00
      vertex   4.276194e+00 -2.591171e+00 1.000000e+00
    endloop
  endfacet
  facet normal 8.552388e-01 -5.182341e-01 2.589915e-04
    outer loop
      vertex   4.276194e+00 -2.591171e+00 1.000000e+00
      vertex   4.322541e+00 -2.513094e+00 4.183099e+00
      vertex   4.228437e+00 -2.668393e+00 4.183099e+00
    endloop
  endfacet
  facet normal 8.456874e-01 -5.336785e-01 -2.589915e-04
    outer loop
      vertex   4.276194e+00 -2.591171e+00 1.000000e+00
      vertex   4.228437e+00 -2.668393e+00 4.183099e+00
      vertex   4.179286e+00 -2.744735e+00 1.000000e+00
    endloop
  endfacet
  facet normal 8.358572e-01 -5.489469e-01 2.589915e-04
    outer loop
      vertex   4.179286e+00 -2.744735e+00 1.000000e+00
      vertex   4.228437e+00 -2.668393e+00 4.183099e+00
      vertex   4.128757e+00 -2.820172e+00 4.183099e+00
    endloop
  endfacet
  facet normal 8.257513e-01 -5.640343e-01 -2.589915e-04
    outer loop
      vertex   4.179286e+00 -2.744735e+00 1.000000e+00
      vertex   4.128757e+00 -2.820172e+00 4.183099e+00
      vertex   4.076866e+00 -2.894679e+00 1.000000e+00
    endloop
  endfacet
  facet normal 8.153731e-01 -5.789357e-01 2.589915e-04
    outer loop
      vertex   4.076866e+00 -2.894679e+00 1.000000e+00
      vertex   4.128757e+00 -2.820172e+00 4.183099e+00
      vertex   4.023631e+00 -2.968231e+00 4.183099e+00
    endloop
  endfacet
  facet normal 8.047261e-01 -5.936462e-01 -2.589915e-04
    outer loop
      vertex   4.076866e+00 -2.894679e+00 1.000000e+00
      vertex   4.023631e+00 -2.968231e+00 4.183099e+00
      vertex   3.969069e+00 -3.040805e+00 1.000000e+00
    endloop
  endfacet
  facet normal 7.938137e-01 -6.081609e-01 2.589915e-04
    outer loop
      vertex   3.969069e+00 -3.040805e+00 1.000000e+00
      vertex   4.023631e+00 -2.968231e+00 4.183099e+00
      vertex   3.913198e+00 -3.112376e+00 4.183099e+00
    endloop
  endfacet
  facet normal 7.826395e-01 -6.224751e-01 -2.589915e-04
    outer loop
      vertex   3.969069e+00 -3.040805e+00 1.000000e+00
      vertex   3.913198e+00 -3.112376e+00 4.183099e+00
      vertex   3.856037e+00 -3.182920e+00 1.000000e+00
    endloop
  endfacet
  facet normal 7.712073e-01 -6.365841e-01 2.589915e-04
    outer loop
      vertex   3.856037e+00 -3.182920e+00 1.000000e+00
      vertex   3.913198e+00 -3.112376e+00 4.183099e+00
      vertex   3.797604e+00 -3.252415e+00 4.183099e+00
    endloop
  endfacet
  facet normal 7.595207e-01 -6.504831e-01 -2.589915e-04
    outer loop
      vertex   3.856037e+00 -3.182920e+00 1.000000e+00
      vertex   3.797604e+00 -3.252415e+00 4.183099e+00
      vertex   3.737919e+00 -3.320838e+00 1.000000e+00
    endloop
  endfacet
  facet normal 7.475837e-01 -6.641676e-01 2.589915e-04
    outer loop
      vertex   3.737919e+00 -3.320838e+00 1.000000e+00
      vertex   3.797604e+00 -3.252415e+00 4.183099e+00
      vertex   3.677001e+00 -3.388165e+00 4.183099e+00
    endloop
  endfacet
  facet normal 7.354001e-01 -6.776331e-01 -2.589915e-04
    outer loop
      vertex   3.737919e+00 -3.320838e+00 1.000000e+00
      vertex   3.677001e+00 -3.388165e+00 4.183099e+00
      vertex   3.614871e+00 -3.454376e+00 1.000000e+00
    endloop
  endfacet
  facet normal 7.229741e-01 -6.908751e-01 2.589915e-04
    outer loop
      vertex   3.614871e+00 -3.454376e+00 1.000000e+00
      vertex   3.677001e+00 -3.388165e+00 4.183099e+00
      vertex   3.551548e+00 -3.519447e+00 4.183099e+00
    endloop
  endfacet
  facet normal 7.103096e-01 -7.038893e-01 -2.589915e-04
    outer loop
      vertex   3.614871e+00 -3.454376e+00 1.000000e+00
      vertex   3.551548e+00 -3.519447e+00 4.183099e+00
      vertex   3.487055e+00 -3.583357e+00 1.000000e+00
    endloop
  endfacet
  facet normal 6.974109e-01 -7.166714e-01 2.589915e-04
    outer loop
      vertex   3.487055e+00 -3.583357e+00 1.000000e+00
      vertex   3.551548e+00 -3.519447e+00 4.183099e+00
      vertex   3.421412e+00 -3.646086e+00 4.183099e+00
    endloop
  endfacet
  facet normal 6.842823e-01 -7.292172e-01 -2.589915e-04
    outer loop
      vertex   3.487055e+00 -3.583357e+00 1.000000e+00
      vertex   3.421412e+00 -3.646086e+00 4.183099e+00
      vertex   3.354640e+00 -3.707613e+00 1.000000e+00
    endloop
  endfacet
  facet normal 6.709280e-01 -7.415225e-01 2.589915e-04
    outer loop
      vertex   3.354640e+00 -3.707613e+00 1.000000e+00
      vertex   3.421412e+00 -3.646086e+00 4.183099e+00
      vertex   3.286762e+00 -3.767916e+00 4.183099e+00
    endloop
  endfacet
  facet normal 6.573524e-01 -7.535833e-01 -2.589915e-04
    outer loop
      vertex   3.354640e+00 -3.707613e+00 1.000000e+00
      vertex   3.286762e+00 -3.767916e+00 4.183099e+00
      vertex   3.217801e+00 -3.826978e+00 1.000000e+00
    endloop
  endfacet
  facet normal 6.435601e-01 -7.653955e-01 2.589915e-04
    outer loop
      vertex   3.217801e+00 -3.826978e+00 1.000000e+00
      vertex   3.286762e+00 -3.767916e+00 4.183099e+00
      vertex   3.147778e+00 -3.884777e+00 4.183099e+00
    endloop
  endfacet
  facet normal 6.295556e-01 -7.769554e-01 -2.589915e-04
    outer loop
      vertex   3.217801e+00 -3.826978e+00 1.000000e+00
      vertex   3.147778e+00 -3.884777e+00 4.183099e+00
      vertex   3.076717e+00 -3.941296e+00 1.000000e+00
    endloop
  endfacet
  facet normal 6.153434e-01 -7.882591e-01 2.589915e-04
    outer loop
      vertex   3.076717e+00 -3.941296e+00 1.000000e+00
      vertex   3.147778e+00 -3.884777e+00 4.183099e+00
      vertex   3.004642e+00 -3.996514e+00 4.183099e+00
    endloop
  endfacet
  facet normal 6.009283e-01 -7.993029e-01 -2.589915e-04
    outer loop
      vertex   3.076717e+00 -3.941296e+00 1.000000e+00
      vertex   3.004642e+00 -3.996514e+00 4.183099e+00
      vertex   2.931576e+00 -4.050415e+00 1.000000e+00
    endloop
  endfacet
  facet normal 5.863151e-01 -8.100830e-01 2.589915e-04
    outer loop
      vertex   2.931576e+00 -4.050415e+00 1.000000e+00
      vertex   3.004642e+00 -3.996514e+00 4.183099e+00
      vertex   2.857543e+00 -4.102980e+00 4.183099e+00
    endloop
  endfacet
  facet normal 5.715086e-01 -8.205961e-01 -2.589915e-04
    outer loop
      vertex   2.931576e+00 -4.050415e+00 1.000000e+00
      vertex   2.857543e+00 -4.102980e+00 4.183099e+00
      vertex   2.782568e+00 -4.154193e+00 1.000000e+00
    endloop
  endfacet
  facet normal 5.565135e-01 -8.308385e-01 2.589915e-04
    outer loop
      vertex   2.782568e+00 -4.154193e+00 1.000000e+00
      vertex   2.857543e+00 -4.102980e+00 4.183099e+00
      vertex   2.706675e+00 -4.204035e+00 4.183099e+00
    endloop
  endfacet
  facet normal 5.413350e-01 -8.408070e-01 -2.589915e-04
    outer loop
      vertex   2.782568e+00 -4.154193e+00 1.000000e+00
      vertex   2.706675e+00 -4.204035e+00 4.183099e+00
      vertex   2.629890e+00 -4.252491e+00 1.000000e+00
    endloop
  endfacet
  facet normal 5.259780e-01 -8.504982e-01 2.589915e-04
    outer loop
      vertex   2.629890e+00 -4.252491e+00 1.000000e+00
      vertex   2.706675e+00 -4.204035e+00 4.183099e+00
      vertex   2.552237e+00 -4.299545e+00 4.183099e+00
    endloop
  endfacet
  facet normal 5.104475e-01 -8.599089e-01 -2.589915e-04
    outer loop
      vertex   2.629890e+00 -4.252491e+00 1.000000e+00
      vertex   2.552237e+00 -4.299545e+00 4.183099e+00
      vertex   2.473743e+00 -4.345181e+00 1.000000e+00
    endloop
  endfacet
  facet normal 4.947487e-01 -8.690361e-01 2.589915e-04
    outer loop
      vertex   2.473743e+00 -4.345181e+00 1.000000e+00
      vertex   2.552237e+00 -4.299545e+00 4.183099e+00
      vertex   2.394434e+00 -4.389384e+00 4.183099e+00
    endloop
  endfacet
  facet normal 4.788867e-01 -8.778767e-01 -2.589915e-04
    outer loop
      vertex   2.473743e+00 -4.345181e+00 1.000000e+00
      vertex   2.394434e+00 -4.389384e+00 4.183099e+00
      vertex   2.314334e+00 -4.432139e+00 1.000000e+00
    endloop
  endfacet
  facet normal 4.628668e-01 -8.864278e-01 2.589915e-04
    outer loop
      vertex   2.314334e+00 -4.432139e+00 1.000000e+00
      vertex   2.394434e+00 -4.389384e+00 4.183099e+00
      vertex   2.233472e+00 -4.473433e+00 4.183099e+00
    endloop
  endfacet
  facet normal 4.466943e-01 -8.946866e-01 -2.589915e-04
    outer loop
      vertex   2.314334e+00 -4.432139e+00 1.000000e+00
      vertex   2.233472e+00 -4.473433e+00 4.183099e+00
      vertex   2.151873e+00 -4.513252e+00 1.000000e+00
    endloop
  endfacet
  facet normal 4.303745e-01 -9.026504e-01 2.589915e-04
    outer loop
      vertex   2.151873e+00 -4.513252e+00 1.000000e+00
      vertex   2.233472e+00 -4.473433e+00 4.183099e+00
      vertex   2.069564e+00 -4.551583e+00 4.183099e+00
    endloop
  endfacet
  facet normal 4.139128e-01 -9.103165e-01 -2.589915e-04
    outer loop
      vertex   2.151873e+00 -4.513252e+00 1.000000e+00
      vertex   2.069564e+00 -4.551583e+00 4.183099e+00
      vertex   1.986573e+00 -4.588412e+00 1.000000e+00
    endloop
  endfacet
  facet normal 3.973145e-01 -9.176825e-01 2.589915e-04
    outer loop
      vertex   1.986573e+00 -4.588412e+00 1.000000e+00
      vertex   2.069564e+00 -4.551583e+00 4.183099e+00
      vertex   1.902927e+00 -4.623729e+00 4.183099e+00
    endloop
  endfacet
  facet normal 3.805853e-01 -9.247458e-01 -2.589915e-04
    outer loop
      vertex   1.986573e+00 -4.588412e+00 1.000000e+00
      vertex   1.902927e+00 -4.623729e+00 4.183099e+00
      vertex   1.818653e+00 -4.657521e+00 1.000000e+00
    endloop
  endfacet
  facet normal 3.637305e-01 -9.315042e-01 2.589915e-04
    outer loop
      vertex   1.818653e+00 -4.657521e+00 1.000000e+00
      vertex   1.902927e+00 -4.623729e+00 4.183099e+00
      vertex   1.733779e+00 -4.689777e+00 4.183099e+00
    endloop
  endfacet
  facet normal 3.467559e-01 -9.379554e-01 -2.589915e-04
    outer loop
      vertex   1.818653e+00 -4.657521e+00 1.000000e+00
      vertex   1.733779e+00 -4.689777e+00 4.183099e+00
      vertex   1.648334e+00 -4.720487e+00 1.000000e+00
    endloop
  endfacet
  facet normal 3.296668e-01 -9.440973e-01 2.589915e-04
    outer loop
      vertex   1.648334e+00 -4.720487e+00 1.000000e+00
      vertex   1.733779e+00 -4.689777e+00 4.183099e+00
      vertex   1.562345e+00 -4.749640e+00 4.183099e+00
    endloop
  endfacet
  facet normal 3.124691e-01 -9.499279e-01 -2.589915e-04
    outer loop
      vertex   1.648334e+00 -4.720487e+00 1.000000e+00
      vertex   1.562345e+00 -4.749640e+00 4.183099e+00
      vertex   1.475842e+00 -4.777226e+00 1.000000e+00
    endloop
  endfacet
  facet normal 2.951683e-01 -9.554452e-01 2.589915e-04
    outer loop
      vertex   1.475842e+00 -4.777226e+00 1.000000e+00
      vertex   1.562345e+00 -4.749640e+00 4.183099e+00
      vertex   1.388851e+00 -4.803238e+00 4.183099e+00
    endloop
  endfacet
  facet normal 2.777702e-01 -9.606475e-01 -2.589915e-04
    outer loop
      vertex   1.475842e+00 -4.777226e+00 1.000000e+00
      vertex   1.388851e+00 -4.803238e+00 4.183099e+00
      vertex   1.301402e+00 -4.827665e+00 1.000000e+00
    endloop
  endfacet
  facet normal 2.602805e-01 -9.655330e-01 2.589915e-04
    outer loop
      vertex   1.301402e+00 -4.827665e+00 1.000000e+00
      vertex   1.388851e+00 -4.803238e+00 4.183099e+00
      vertex   1.213525e+00 -4.850501e+00 4.183099e+00
    endloop
  endfacet
  facet normal 2.427049e-01 -9.701001e-01 -2.589915e-04
    outer loop
      vertex   1.301402e+00 -4.827665e+00 1.000000e+00
      vertex   1.213525e+00 -4.850501e+00 4.183099e+00
      vertex   1.125247e+00 -4.871737e+00 1.000000e+00
    endloop
  endfacet
  facet normal 2.250493e-01 -9.743473e-01 2.589915e-04
    outer loop
      vertex   1.125247e+00 -4.871737e+00 1.000000e+00
      vertex   1.213525e+00 -4.850501e+00 4.183099e+00
      vertex   1.036598e+00 -4.891366e+00 4.183099e+00
    endloop
  endfacet
  facet normal 2.073196e-01 -9.782732e-01 -2.589915e-04
    outer loop
      vertex   1.125247e+00 -4.871737e+00 1.000000e+00
      vertex   1.036598e+00 -4.891366e+00 4.183099e+00
      vertex   9.476070e-01 -4.909383e+00 1.000000e+00
    endloop
  endfacet
  facet normal 1.895214e-01 -9.818766e-01 2.589915e-04
    outer loop
      vertex   9.476070e-01 -4.909383e+00 1.000000e+00
      vertex   1.036598e+00 -4.891366e+00 4.183099e+00
      vertex   8.583038e-01 -4.925781e+00 4.183099e+00
    endloop
  endfacet
  facet normal 1.716608e-01 -9.851561e-01 -2.589915e-04
    outer loop
      vertex   9.476070e-01 -4.909383e+00 1.000000e+00
      vertex   8.583038e-01 -4.925781e+00 4.183099e+00
      vertex   7.687175e-01 -4.940554e+00 1.000000e+00
    endloop
  endfacet
  facet normal 1.537435e-01 -9.881108e-01 2.589915e-04
    outer loop
      vertex   7.687175e-01 -4.940554e+00 1.000000e+00
      vertex   8.583038e-01 -4.925781e+00 4.183099e+00
      vertex   6.788777e-01 -4.953698e+00 4.183099e+00
    endloop
  endfacet
  facet normal 1.357755e-01 -9.907396e-01 -2.589915e-04
    outer loop
      vertex   7.687175e-01 -4.940554e+00 1.000000e+00
      vertex   6.788777e-01 -4.953698e+00 4.183099e+00
      vertex   5.888141e-01 -4.965209e+00 1.000000e+00
    endloop
  endfacet
  facet normal 1.177628e-01 -9.930417e-01 2.589915e-04
    outer loop
      vertex   5.888141e-01 -4.965209e+00 1.000000e+00
      vertex   6.788777e-01 -4.953698e+00 4.183099e+00
      vertex   4.985563e-01 -4.975082e+00 4.183099e+00
    endloop
  endfacet
  facet normal 9.971125e-02 -9.950164e-01 -2.589915e-04
    outer loop
      vertex   5.888141e-01 -4.965209e+00 1.000000e+00
      vertex   4.985563e-01 -4.975082e+00 4.183099e+00
      vertex   4.081340e-01 -4.983315e+00 1.000000e+00
    endloop
  endfacet
  facet normal 8.162681e-02 -9.966629e-01 2.589915e-04
    outer loop
      vertex   4.081340e-01 -4.983315e+00 1.000000e+00
      vertex   4.985563e-01 -4.975082e+00 4.183099e+00
      vertex   3.175772e-01 -4.989904e+00 4.183099e+00
    endloop
  endfacet
  facet normal 6.351545e-02 -9.979808e-01 -2.589915e-04
    outer loop
      vertex   4.081340e-01 -4.983315e+00 1.000000e+00
      vertex   3.175772e-01 -4.989904e+00 4.183099e+00
      vertex   2.269157e-01 -4.994848e+00 1.000000e+00
    endloop
  endfacet
  facet normal 4.538314e-02 -9.989696e-01 2.589915e-04
    outer loop
      vertex   2.269157e-01 -4.994848e+00 1.000000e+00
      vertex   3.175772e-01 -4.989904e+00 4.183099e+00
      vertex   1.361794e-01 -4.998145e+00 4.183099e+00
    endloop
  endfacet
  facet normal 2.723587e-02 -9.996290e-01 -2.589915e-04
    outer loop
      vertex   2.269157e-01 -4.994848e+00 1.000000e+00
      vertex   1.361794e-01 -4.998145e+00 4.183099e+00
      vertex   4.539811e-02 -4.999794e+00 1.000000e+00
    endloop
  endfacet
  facet normal 9.079622e-03 -9.999587e-01 2.589915e-04
    outer loop
      vertex   4.539811e-02 -4.999794e+00 1.000000e+00
      vertex   1.361794e-01 -4.998145e+00 4.183099e+00
      vertex   -4.539811e-02 -4.999794e+00 4.183099e+00
    endloop
  endfacet
  facet normal -9.079622e-03 -9.999587e-01 -2.589915e-04
    outer loop
      vertex   4.539811e-02 -4.999794e+00 1.000000e+00
      vertex   -4.539811e-02 -4.999794e+00 4.183099e+00
      vertex   -1.361794e-01 -4.998145e+00 1.000000e+00
    endloop
  endfacet
  facet normal -2.723587e-02 -9.996290e-01 2.589915e-04
    outer loop
      vertex   -1.361794e-01 -4.998145e+00 1.000000e+00
      vertex   -4.539811e-02 -4.999794e+00 4.183099e+00
      vertex   -2.269157e-01 -4.994848e+00 4.183099e+00
    endloop
  endfacet
  facet normal -4.538314e-02 -9.989696e-01 -2.589915e-04
    outer loop
      vertex   -1.361794e-01 -4.998145e+00 1.000000e+00
      vertex   -2.269157e-01 -4.994848e+00 4.183099e+00
      vertex   -3.175772e-01 -4.989904e+00 1.000000e+00
    endloop
  endfacet
  facet normal -6.351545e-02 -9.979808e-01 2.589915e-04
    outer loop
      vertex   -3.175772e-01 -4.989904e+00 1.000000e+00
      vertex   -2.269157e-01 -4.994848e+00 4.183099e+00
      vertex   -4.081340e-01 -4.983315e+00 4.183099e+00
    endloop
  endfacet
  facet normal -8.162681e-02 -9.966629e-01 -2.589915e-04
    outer loop
      vertex   -3.175772e-01 -4.989904e+00 1.000000e+00
      vertex   -4.081340e-01 -4.983315e+00 4.183099e+00
      vertex   -4.985563e-01 -4.975082e+00 1.000000e+00
    endloop
  endfacet
  facet normal -9.971125e-02 -9.950164e-01 2.589915e-04
    outer loop
      vertex   -4.985563e-01 -4.975082e+00 1.000000e+00
      vertex   -4.081340e-01 -4.983315e+00 4.183099e+00
      vertex   -5.888141e-01 -4.965209e+00 4.183099e+00
    endloop
  endfacet
  facet normal -1.177628e-01 -9.930417e-01 -2.589915e-04
    outer loop
      vertex   -4.985563e-01 -4.975082e+00 1.000000e+00
      vertex   -5.888141e-01 -4.965209e+00 4.183099e+00
      vertex   -6.788777e-01 -4.953698e+00 1.000000e+00
    endloop
  endfacet
  facet normal -1.357755e-01 -9.907396e-01 2.589915e-04
    outer loop
      vertex   -6.788777e-01 -4.953698e+00 1.000000e+00
      vertex   -5.888141e-01 -4.965209e+00 4.183099e+00
      vertex   -7.687175e-01 -4.940554e+00 4.183099e+00
    endloop
  endfacet
  facet normal -1.537435e-01 -9.881108e-01 -2.589915e-04
    outer loop
      vertex   -6.788777e-01 -4.953698e+00 1.000000e+00
      vertex   -7.687175e-01 -4.940554e+00 4.183099e+00
      vertex   -8.583038e-01 -4.925781e+00 1.000000e+00
    endloop
  endfacet
  facet normal -1.716608e-01 -9.851561e-01 2.589915e-04
    outer loop
      vertex   -8.583038e-01 -4.925781e+00 1.000000e+00
      vertex   -7.687175e-01 -4.940554e+00 4.183099e+00
      vertex   -9.476070e-01 -4.909383e+00 4.183099e+00
    endloop
  endfacet
  facet normal -1.895214e-01 -9.818766e-01 -2.589915e-04
    outer loop
      vertex   -8.583038e-01 -4.925781e+00 1.000000e+00
      vertex   -9.476070e-01 -4.909383e+00 4.183099e+00
      vertex   -1.036598e+00 -4.891366e+00 1.000000e+00
    endloop
  endfacet
  facet normal -2.073196e-01 -9.782732e-01 2.589915e-04
    outer loop
      vertex   -1.036598e+00 -4.891366e+00 1.000000e+00
      vertex   -9.476070e-01 -4.909383e+00 4.183099e+00
      vertex   -1.125247e+00 -4.871737e+00 4.183099e+00
    endloop
  endfacet
  facet normal -2.250493e-01 -9.743473e-01 -2.589915e-04
    outer loop
      vertex   -1.036598e+00 -4.891366e+00 1.000000e+00
      vertex   -1.125247e+00 -4.871737e+00 4.183099e+00
      vertex   -1.213525e+00 -4.850501e+00 1.000000e+00
    endloop
  endfacet
  facet normal -2.427049e-01 -9.701001e-01 2.589915e-04
    outer loop
      vertex   -1.213525e+00 -4.850501e+00 1.000000e+00
      vertex   -1.125247e+00 -4.871737e+00 4.183099e+00
      vertex   -1.301402e+00 -4.827665e+00 4.183099e+00
    endloop
  endfacet
  facet normal -2.602805e-01 -9.655330e-01 -2.589915e-04
    outer loop
      vertex   -1.213525e+00 -4.850501e+00 1.000000e+00
      vertex   -1.301402e+00 -4.827665e+00 4.183099e+00
      vertex   -1.388851e+00 -4.803238e+00 1.000000e+00
    endloop
  endfacet
  facet normal -2.777702e-01 -9.606475e-01 2.589915e-04
    outer loop
      vertex   -1.388851e+00 -4.803238e+00 1.000000e+00
      vertex   -1.301402e+00 -4.827665e+00 4.183099e+00
      vertex   -1.475842e+00 -4.777226e+00 4.183099e+00
    endloop
  endfacet
  facet normal -2.951683e-01 -9.554452e-01 -2.589915e-04
    outer loop
      vertex   -1.388851e+00 -4.803238e+00 1.000000e+00
      vertex   -1.475842e+00 -4.777226e+00 4.183099e+00
      vertex   -1.562345e+00 -4.749640e+00 1.000000e+00
    endloop
  endfacet
  facet normal -3.124691e-01 -9.499279e-01 2.589915e-04
    outer loop
      vertex   -1.562345e+00 -4.749640e+00 1.000000e+00
      vertex   -1.475842e+00 -4.777226e+00 4.183099e+00
      vertex   -1.648334e+00 -4.720487e+00 4.183099e+00
    endloop
  endfacet
  facet normal -3.296668e-01 -9.440973e-01 -2.589915e-04
    outer loop
      vertex   -1.562345e+00 -4.749640e+00 1.000000e+00
      vertex   -1.648334e+00 -4.720487e+00 4.183099e+00
      vertex   -1.733779e+00 -4.689777e+00 1.000000e+00
    endloop
  endfacet
  facet normal -3.467559e-01 -9.379554e-01 2.589915e-04
    outer loop
      vertex   -1.733779e+00 -4.689777e+00 1.000000e+00
      vertex   -1.648334e+00 -4.720487e+00 4.183099e+00
      vertex   -1.818653e+00 -4.657521e+00 4.183099e+00
    endloop
  endfacet
  facet normal -3.637305e-01 -9.315042e-01 -2.589915e-04
    outer loop
      vertex   -1.733779e+00 -4.689777e+00 1.000000e+00
      vertex   -1.818653e+00 -4.657521e+00 4.183099e+00
      vertex   -1.902927e+00 -4.623729e+00 1.000000e+00
    endloop
  endfacet
  facet normal -3.805853e-01 -9.247458e-01 2.589915e-04
    outer loop
      vertex   -1.902927e+00 -4.623729e+00 1.000000e+00
      vertex   -1.818653e+00 -4.657521e+00 4.183099e+00
      vertex   -1.986573e+00 -4.588412e+00 4.183099e+00
    endloop
  endfacet
  facet normal -3.973145e-01 -9.176825e-01 -2.589915e-04
    outer loop
      vertex   -1.902927e+00 -4.623729e+00 1.000000e+00
      vertex   -1.986573e+00 -4.588412e+00 4.183099e+00
      vertex   -2.069564e+00 -4.551583e+00 1.000000e+00
    endloop
  endfacet
  facet normal -4.139128e-01 -9.103165e-01 2.589915e-04
    outer loop
      vertex   -2.069564e+00 -4.551583e+00 1.000000e+00
      vertex   -1.986573e+00 -4.588412e+00 4.183099e+00
      vertex   -2.151873e+00 -4.513252e+00 4.183099e+00
    endloop
  endfacet
  facet normal -4.303745e-01 -9.026504e-01 -2.589915e-04
    outer loop
      vertex   -2.069564e+00 -4.551583e+00 1.000000e+00
      vertex   -2.151873e+00 -4.513252e+00 4.183099e+00
      vertex   -2.233472e+00 -4.473433e+00 1.000000e+00
    endloop
  endfacet
  facet normal -4.466943e-01 -8.946866e-01 2.589915e-04
    outer loop
      vertex   -2.233472e+00 -4.473433e+00 1.000000e+00
      vertex   -2.151873e+00 -4.513252e+00 4.183099e+00
      vertex   -2.314334e+00 -4.432139e+00 4.183099e+00
    endloop
  endfacet
  facet normal -4.628668e-01 -8.864278e-01 -2.589915e-04
    outer loop
      vertex   -2.233472e+00 -4.473433e+00 1.000000e+00
      vertex   -2.314334e+00 -4.432139e+00 4.183099e+00
      vertex   -2.394434e+00 -4.389384e+00 1.000000e+00
    endloop
  endfacet
  facet normal -4.788867e-01 -8.778767e-01 2.589915e-04
    outer loop
      vertex   -2.394434e+00 -4.389384e+00 1.000000e+00
      vertex   -2.314334e+00 -4.432139e+00 4.183099e+00
      vertex   -2.473743e+00 -4.345181e+00 4.183099e+00
    endloop
  endfacet
  facet normal -4.947487e-01 -8.690361e-01 -2.589915e-04
    outer loop
      vertex   -2.394434e+00 -4.389384e+00 1.000000e+00
      vertex   -2.473743e+00 -4.345181e+00 4.183099e+00
      vertex   -2.552237e+00 -4.299545e+00 1.000000e+00
    endloop
  endfacet
  facet normal -5.104475e-01 -8.599089e-01 2.589915e-04
    outer loop
      vertex   -2.552237e+00 -4.299545e+00 1.000000e+00
      vertex   -2.473743e+00 -4.345181e+00 4.183099e+00
      vertex   -2.629890e+00 -4.252491e+00 4.183099e+00
    endloop
  endfacet
  facet normal -5.259780e-01 -8.504982e-01 -2.589915e-04
    outer loop
      vertex   -2.552237e+00 -4.299545e+00 1.000000e+00
      vertex   -2.629890e+00 -4.252491e+00 4.183099e+00
      vertex   -2.706675e+00 -4.204035e+00 1.000000e+00
    endloop
  endfacet
  facet normal -5.413350e-01 -8.408070e-01 2.589915e-04
    outer loop
      vertex   -2.706675e+00 -4.204035e+00 1.000000e+00
      vertex   -2.629890e+00 -4.252491e+00 4.183099e+00
      vertex   -2.782568e+00 -4.154193e+00 4.183099e+00
    endloop
  endfacet
  facet normal -5.565135e-01 -8.308385e-01 -2.589915e-04
    outer loop
      vertex   -2.706675e+00 -4.204035e+00 1.000000e+00
      vertex   -2.782568e+00 -4.154193e+00 4.183099e+00
      vertex   -2.857543e+00 -4.102980e+00 1.000000e+00
    endloop
  endfacet
  facet normal -5.715086e-01 -8.205961e-01 2.589915e-04
    outer loop
      vertex   -2.857543e+00 -4.102980e+00 1.000000e+00
      vertex   -2.782568e+00 -4.154193e+00 4.183099e+00
      vertex   -2.931576e+00 -4.050415e+00 4.183099e+00
    endloop
  endfacet
  facet normal -5.863151e-01 -8.100830e-01 -2.589915e-04
    outer loop
      vertex   -2.857543e+00 -4.102980e+00 1.000000e+00
      vertex   -2.931576e+00 -4.050415e+00 4.183099e+00
      vertex   -3.004642e+00 -3.996514e+00 1.000000e+00
    endloop
  endfacet
  facet normal -6.009283e-01 -7.993029e-01 2.589915e-04
    outer loop
      vertex   -3.004642e+00 -3.996514e+00 1.000000e+00
      vertex   -2.931576e+00 -4.050415e+00 4.183099e+00
      vertex   -3.076717e+00 -3.941296e+00 4.183099e+00
    endloop
  endfacet
  facet normal -6.153434e-01 -7.882591e-01 -2.589915e-04
    outer loop
      vertex   -3.004642e+00 -3.996514e+00 1.000000e+00
      vertex   -3.076717e+00 -3.941296e+00 4.183099e+00
      vertex   -3.147778e+00 -3.884777e+00 1.000000e+00
    endloop
  endfacet
  facet normal -6.295556e-01 -7.769554e-01 2.589915e-04
    outer loop
      vertex   -3.147778e+00 -3.884777e+00 1.000000e+00
      vertex   -3.076717e+00 -3.941296e+00 4.183099e+00
      vertex   -3.217801e+00 -3.826978e+00 4.183099e+00
    endloop
  endfacet
  facet normal -6.435601e-01 -7.653955e-01 -2.589915e-04
    outer loop
      vertex   -3.147778e+00 -3.884777e+00 1.000000e+00
      vertex   -3.217801e+00 -3.826978e+00 4.183099e+00
      vertex   -3.286762e+00 -3.767916e+00 1.000000e+00
    endloop
  endfacet
  facet normal -6.573524e-01 -7.535833e-01 2.589915e-04
    outer loop
      vertex   -3.286762e+00 -3.767916e+00 1.000000e+00
      vertex   -3.217801e+00 -3.826978e+00 4.183099e+00
      vertex   -3.354640e+00 -3.707613e+00 4.183099e+00
    endloop
  endfacet
  facet normal -6.709280e-01 -7.415225e-01 -2.589915e-04
    outer loop
      vertex   -3.286762e+00 -3.767916e+00 1.000000e+00
      vertex   -3.354640e+00 -3.707613e+00 4.183099e+00
      vertex   -3.421412e+00 -3.646086e+00 1.000000e+00
    endloop
  endfacet
  facet normal -6.842823e-01 -7.292172e-01 2.589915e-04
    outer loop
      vertex   -3.421412e+00 -3.646086e+00 1.000000e+00
      vertex   -3.354640e+00 -3.707613e+00 4.183099e+00
      vertex   -3.487055e+00 -3.583357e+00 4.183099e+00
    endloop
  endfacet
  facet normal -6.974109e-01 -7.166714e-01 -2.589915e-04
    outer loop
      vertex   -3.421412e+00 -3.646086e+00 1.000000e+00
      vertex   -3.487055e+00 -3.583357e+00 4.183099e+00
      vertex   -3.551548e+00 -3.519447e+00 1.000000e+00
    endloop
  endfacet
  facet normal -7.103096e-01 -7.038893e-01 2.589915e-04
    outer loop
      vertex   -3.551548e+00 -3.519447e+00 1.000000e+00
      vertex   -3.487055e+00 -3.583357e+00 4.183099e+00
      vertex   -3.614871e+00 -3.454376e+00 4.183099e+00
    endloop
  endfacet
  facet normal -7.229741e-01 -6.908751e-01 -2.589915e-04
    outer loop
      vertex   -3.551548e+00 -3.519447e+00 1.000000e+00
      vertex   -3.614871e+00 -3.454376e+00 4.183099e+00
      vertex   -3.677001e+00 -3.388165e+00 1.000000e+00
    endloop
  endfacet
  facet normal -7.354001e-01 -6.776331e-01 2.589915e-04
    outer loop
      vertex   -3.677001e+00 -3.388165e+00 1.000000e+00
      vertex   -3.614871e+00 -3.454376e+00 4.183099e+00
      vertex   -3.737919e+00 -3.320838e+00 4.183099e+00
    endloop
  endfacet
  facet normal -7.475837e-01 -6.641676e-01 -2.589915e-04
    outer loop
      vertex   -3.677001e+00 -3.388165e+00 1.000000e+00
      vertex   -3.737919e+00 -3.320838e+00 4.183099e+00
      vertex   -3.797604e+00 -3.252415e+00 1.000000e+00
    endloop
  endfacet
  facet normal -7.595207e-01 -6.504831e-01 2.589915e-04
    outer loop
      vertex   -3.797604e+00 -3.252415e+00 1.000000e+00
      vertex   -3.737919e+00 -3.320838e+00 4.183099e+00
      vertex   -3.856037e+00 -3.182920e+00 4.183099e+00
    endloop
  endfacet
  facet normal -7.712073e-01 -6.365841e-01 -2.589915e-04
    outer loop
      vertex   -3.797604e+00 -3.252415e+00 1.000000e+00
      vertex   -3.856037e+00 -3.182920e+00 4.183099e+00
      vertex   -3.913198e+00 -3.112376e+00 1.000000e+00
    endloop
  endfacet
  facet normal -7.826395e-01 -6.224751e-01 2.589915e-04
    outer loop
      vertex   -3.913198e+00 -3.112376e+00 1.000000e+00
      vertex   -3.856037e+00 -3.182920e+00 4.183099e+00
      vertex   -3.969069e+00 -3.040805e+00 4.183099e+00
    endloop
  endfacet
  facet normal -7.938137e-01 -6.081609e-01 -2.589915e-04
    outer loop
      vertex   -3.913198e+00 -3.112376e+00 1.000000e+00
      vertex   -3.969069e+00 -3.040805e+00 4.183099e+00
      vertex   -4.023631e+00 -2.968231e+00 1.000000e+00
    endloop
  endfacet
  facet normal -8.047261e-01 -5.936462e-01 2.589915e-04
    outer loop
      vertex   -4.023631e+00 -2.968231e+00 1.000000e+00
      vertex   -3.969069e+00 -3.040805e+00 4.183099e+00
      vertex   -4.076866e+00 -2.894679e+00 4.183099e+00
    endloop
  endfacet
  facet normal -8.153731e-01 -5.789357e-01 -2.589915e-04
    outer loop
      vertex   -4.023631e+00 -2.968231e+00 1.000000e+00
      vertex   -4.076866e+00 -2.894679e+00 4.183099e+00
      vertex   -4.128757e+00 -2.820172e+00 1.000000e+00
    endloop
  endfacet
  facet normal -8.257513e-01 -5.640343e-01 2.589915e-04
    outer loop
      vertex   -4.128757e+00 -2.820172e+00 1.000000e+00
      vertex   -4.076866e+00 -2.894679e+00 4.183099e+00
      vertex   -4.179286e+00 -2.744735e+00 4.183099e+00
    endloop
  endfacet
  facet normal -8.358572e-01 -5.489469e-01 -2.589915e-04
    outer loop
      vertex   -4.128757e+00 -2.820172e+00 1.000000e+00
      vertex   -4.179286e+00 -2.744735e+00 4.183099e+00
      vertex   -4.228437e+00 -2.668393e+00 1.000000e+00
    endloop
  endfacet
  facet normal -8.456874e-01 -5.336785e-01 2.589915e-04
    outer loop
      vertex   -4.228437e+00 -2.668393e+00 1.000000e+00
      vertex   -4.179286e+00 -2.744735e+00 4.183099e+00
      vertex   -4.276194e+00 -2.591171e+00 4.183099e+00
    endloop
  endfacet
  facet normal -8.552388e-01 -5.182341e-01 -2.589915e-04
    outer loop
      vertex   -4.228437e+00 -2.668393e+00 1.000000e+00
      vertex   -4.276194e+00 -2.591171e+00 4.183099e+00
      vertex   -4.322541e+00 -2.513094e+00 1.000000e+00
    endloop
  endfacet
  facet normal -8.645081e-01 -5.026188e-01 2.589915e-04
    outer loop
      vertex   -4.322541e+00 -2.513094e+00 1.000000e+00
      vertex   -4.276194e+00 -2.591171e+00 4.183099e+00
      vertex   -4.367462e+00 -2.434189e+00 4.183099e+00
    endloop
  endfacet
  facet normal -8.734924e-01 -4.868377e-01 -2.589915e-04
    outer loop
      vertex   -4.322541e+00 -2.513094e+00 1.000000e+00
      vertex   -4.367462e+00 -2.434189e+00 4.183099e+00
      vertex   -4.410943e+00 -2.354481e+00 1.000000e+00
    endloop
  endfacet
  facet normal -8.821886e-01 -4.708962e-01 2.589915e-04
    outer loop
      vertex   -4.410943e+00 -2.354481e+00 1.000000e+00
      vertex   -4.367462e+00 -2.434189e+00 4.183099e+00
      vertex   -4.452970e+00 -2.273997e+00 4.183099e+00
    endloop
  endfacet
  facet normal -8.905939e-01 -4.547993e-01 -2.589915e-04
    outer loop
      vertex   -4.410943e+00 -2.354481e+00 1.000000e+00
      vertex   -4.452970e+00 -2.273997e+00 4.183099e+00
      vertex   -4.493528e+00 -2.192762e+00 1.000000e+00
    endloop
  endfacet
  facet normal -8.987055e-01 -4.385525e-01 2.589915e-04
    outer loop
      vertex   -4.493528e+00 -2.192762e+00 1.000000e+00
      vertex   -4.452970e+00 -2.273997e+00 4.183099e+00
      vertex   -4.532604e+00 -2.110805e+00 4.183099e+00
    endloop
  endfacet
  facet normal -9.065208e-01 -4.221610e-01 -2.589915e-04
    outer loop
      vertex   -4.493528e+00 -2.192762e+00 1.000000e+00
      vertex   -4.532604e+00 -2.110805e+00 4.183099e+00
      vertex   -4.570186e+00 -2.028152e+00 1.000000e+00
    endloop
  endfacet
  facet normal -9.140372e-01 -4.056304e-01 2.589915e-04
    outer loop
      vertex   -4.570186e+00 -2.028152e+00 1.000000e+00
      vertex   -4.532604e+00 -2.110805e+00 4.183099e+00
      vertex   -4.606261e+00 -1.944830e+00 4.183099e+00
    endloop
  endfacet
  facet normal -9.212521e-01 -3.889659e-01 -2.589915e-04
    outer loop
      vertex   -4.570186e+00 -2.028152e+00 1.000000e+00
      vertex   -4.606261e+00 -1.944830e+00 4.183099e+00
      vertex   -4.640816e+00 -1.860866e+00 1.000000e+00
    endloop
  endfacet
  facet normal -9.281632e-01 -3.721733e-01 2.589915e-04
    outer loop
      vertex   -4.640816e+00 -1.860866e+00 1.000000e+00
      vertex   -4.606261e+00 -1.944830e+00 4.183099e+00
      vertex   -4.673842e+00 -1.776289e+00 4.183099e+00
    endloop
  endfacet
  facet normal -9.347683e-01 -3.552578e-01 -2.589915e-04
    outer loop
      vertex   -4.640816e+00 -1.860866e+00 1.000000e+00
      vertex   -4.673842e+00 -1.776289e+00 4.183099e+00
      vertex   -4.705326e+00 -1.691126e+00 1.000000e+00
    endloop
  endfacet
  facet normal -9.410651e-01 -3.382253e-01 2.589915e-04
    outer loop
      vertex   -4.705326e+00 -1.691126e+00 1.000000e+00
      vertex   -4.673842e+00 -1.776289e+00 4.183099e+00
      vertex   -4.735258e+00 -1.605406e+00 4.183099e+00
    endloop
  endfacet
  facet normal -9.470516e-01 -3.210812e-01 -2.589915e-04
    outer loop
      vertex   -4.705326e+00 -1.691126e+00 1.000000e+00
      vertex   -4.735258e+00 -1.605406e+00 4.183099e+00
      vertex   -4.763629e+00 -1.519156e+00 1.000000e+00
    endloop
  endfacet
  facet normal -9.527258e-01 -3.038312e-01 2.589915e-04
    outer loop
      vertex   -4.763629e+00 -1.519156e+00 1.000000e+00
      vertex   -4.735258e+00 -1.605406e+00 4.183099e+00
      vertex   -4.790430e+00 -1.432405e+00 4.183099e+00
    endloop
  endfacet
  facet normal -9.580859e-01 -2.864810e-01 -2.589915e-04
    outer loop
      vertex   -4.763629e+00 -1.519156e+00 1.000000e+00
      vertex   -4.790430e+00 -1.432405e+00 4.183099e+00
      vertex   -4.815650e+00 -1.345182e+00 1.000000e+00
    endloop
  endfacet
  facet normal -9.631300e-01 -2.690364e-01 2.589915e-04
    outer loop
      vertex   -4.815650e+00 -1.345182e+00 1.000000e+00
      vertex   -4.790430e+00 -1.432405e+00 4.183099e+00
      vertex   -4.839283e+00 -1.257515e+00 4.183099e+00
    endloop
  endfacet
  facet normal -9.678565e-01 -2.515031e-01 -2.589915e-04
    outer loop
      vertex   -4.815650e+00 -1.345182e+00 1.000000e+00
      vertex   -4.839283e+00 -1.257515e+00 4.183099e+00
      vertex   -4.861319e+00 -1.169434e+00 1.000000e+00
    endloop
  endfacet
  facet normal -9.722638e-01 -2.338868e-01 2.589915e-04
    outer loop
      vertex   -4.861319e+00 -1.169434e+00 1.000000e+00
      vertex   -4.839283e+00 -1.257515e+00 4.183099e+00
      vertex   -4.881753e+00 -1.080967e+00 4.183099e+00
    endloop
  endfacet
  facet normal -9.763505e-01 -2.161934e-01 -2.589915e-04
    outer loop
      vertex   -4.861319e+00 -1.169434e+00 1.000000e+00
      vertex   -4.881753e+00 -1.080967e+00 4.183099e+00
      vertex   -4.900577e+00 -9.921433e-01 1.000000e+00
    endloop
  endfacet
  facet normal -9.801153e-01 -1.984287e-01 2.589915e-04
    outer loop
      vertex   -4.900577e+00 -9.921433e-01 1.000000e+00
      vertex   -4.881753e+00 -1.080967e+00 4.183099e+00
      vertex   -4.917784e+00 -9.029926e-01 4.183099e+00
    endloop
  endfacet
  facet normal -9.835569e-01 -1.805985e-01 -2.589915e-04
    outer loop
      vertex   -4.900577e+00 -9.921433e-01 1.000000e+00
      vertex   -4.917784e+00 -9.029926e-01 4.183099e+00
      vertex   -4.933371e+00 -8.135442e-01 1.000000e+00
    endloop
  endfacet
  facet normal -9.866741e-01 -1.627088e-01 2.589915e-04
    outer loop
      vertex   -4.933371e+00 -8.135442e-01 1.000000e+00
      vertex   -4.917784e+00 -9.029926e-01 4.183099e+00
      vertex   -4.947330e+00 -7.238274e-01 4.183099e+00
    endloop
  endfacet
  facet normal -9.894660e-01 -1.447655e-01 -2.589915e-04
    outer loop
      vertex   -4.933371e+00 -8.135442e-01 1.000000e+00
      vertex   -4.947330e+00 -7.238274e-01 4.183099e+00
      vertex   -4.959658e+00 -6.338720e-01 1.000000e+00
    endloop
  endfacet
  facet normal -9.919315e-01 -1.267744e-01 2.589915e-04
    outer loop
      vertex   -4.959658e+00 -6.338720e-01 1.000000e+00
      vertex   -4.947330e+00 -7.238274e-01 4.183099e+00
      vertex   -4.970350e+00 -5.437076e-01 4.183099e+00
    endloop
  endfacet
  facet normal -9.940700e-01 -1.087415e-01 -2.589915e-04
    outer loop
      vertex   -4.959658e+00 -6.338720e-01 1.000000e+00
      vertex   -4.970350e+00 -5.437076e-01 4.183099e+00
      vertex   -4.979404e+00 -4.533638e-01 1.000000e+00
    endloop
  endfacet
  facet normal -9.958807e-01 -9.067277e-02 2.589915e-04
    outer loop
      vertex   -4.979404e+00 -4.533638e-01 1.000000e+00
      vertex   -4.970350e+00 -5.437076e-01 4.183099e+00
      vertex   -4.986815e+00 -3.628706e-01 4.183099e+00
    endloop
  endfacet
  facet normal -9.973630e-01 -7.257412e-02 -2.589915e-04
    outer loop
      vertex   -4.979404e+00 -4.533638e-01 1.000000e+00
      vertex   -4.986815e+00 -3.628706e-01 4.183099e+00
      vertex   -4.992582e+00 -2.722577e-01 1.000000e+00
    endloop
  endfacet
  facet normal -9.985164e-01 -5.445154e-02 2.589915e-04
    outer loop
      vertex   -4.992582e+00 -2.722577e-01 1.000000e+00
      vertex   -4.986815e+00 -3.628706e-01 4.183099e+00
      vertex   -4.996703e+00 -1.815550e-01 4.183099e+00
    endloop
  endfacet
  facet normal -9.993405e-01 -3.631100e-02 -2.589915e-04
    outer loop
      vertex   -4.992582e+00 -2.722577e-01 1.000000e+00
      vertex   -4.996703e+00 -1.815550e-01 4.183099e+00
      vertex   -4.999176e+00 -9.079249e-02 1.000000e+00
    endloop
  endfacet
  facet normal -9.998351e-01 -1.815850e-02 2.589915e-04
    outer loop
      vertex   -4.999176e+00 -9.079249e-02 1.000000e+00
      vertex   -4.996703e+00 -1.815550e-01 4.183099e+00
      vertex   -5.000000e+00 6.123234e-16 4.183099e+00
    endloop
  endfacet
  facet normal -1.000000e+00 0.000000e+00 -2.589915e-04
    outer loop
      vertex   -4.999176e+00 -9.079249e-02 1.000000e+00
      vertex   -5.000000e+00 6.123234e-16 4.183099e+00
      vertex   -4.999176e+00 9.079249e-02 1.000000e+00
    endloop
  endfacet
  facet normal -9.998351e-01 1.815850e-02 2.589915e-04
    outer loop
      vertex   -4.999176e+00 9.079249e-02 1.000000e+00
      vertex   -5.000000e+00 6.123234e-16 4.183099e+00
      vertex   -4.996703e+00 1.815550e-01 4.183099e+00
    endloop
  endfacet
  facet normal -9.993405e-01 3.631100e-02 -2.589915e-04
    outer loop
      vertex   -4.999176e+00 9.079249e-02 1.000000e+00
      vertex   -4.996703e+00 1.815550e-01 4.183099e+00
      vertex   -4.992582e+00 2.722577e-01 1.000000e+00
    endloop
  endfacet
  facet normal -9.985164e-01 5.445154e-02 2.589915e-04
    outer loop
      vertex   -4.992582e+00 2.722577e-01 1.000000e+00
      vertex   -4.996703e+00 1.815550e-01 4.183099e+00
      vertex   -4.986815e+00 3.628706e-01 4.183099e+00
    endloop
  endfacet
  facet normal -9.973630e-01 7.257412e-02 -2.589915e-04
    outer loop
      vertex   -4.992582e+00 2.722577e-01 1.000000e+00
      vertex   -4.986815e+00 3.628706e-01 4.183099e+00
      vertex   -4.979404e+00 4.533638e-01 1.000000e+00
    endloop
  endfacet
  facet normal -9.958807e-01 9.067277e-02 2.589915e-04
    outer loop
      vertex   -4.979404e+00 4.533638e-01 1.000000e+00
      vertex   -4.986815e+00 3.628706e-01 4.183099e+00
      vertex   -4.970350e+00 5.437076e-01 4.183099e+00
    endloop
  endfacet
  facet normal -9.940700e-01 1.087415e-01 -2.589915e-04
    outer loop
      vertex   -4.979404e+00 4.533638e-01 1.000000e+00
      vertex   -4.970350e+00 5.437076e-01 4.183099e+00
      vertex   -4.959658e+00 6.338720e-01 1.000000e+00
    endloop
  endfacet
  facet normal -9.919315e-01 1.267744e-01 2.589915e-04
    outer loop
      vertex   -4.959658e+00 6.338720e-01 1.000000e+00
      vertex   -4.970350e+00 5.437076e-01 4.183099e+00
      vertex   -4.947330e+00 7.238274e-01 4.183099e+00
    endloop
  endfacet
  facet normal -9.894660e-01 1.447655e-01 -2.589915e-04
    outer loop
      vertex   -4.959658e+00 6.338720e-01 1.000000e+00
      vertex   -4.947330e+00 7.238274e-01 4.183099e+00
      vertex   -4.933371e+00 8.135442e-01 1.000000e+00
    endloop
  endfacet
  facet normal -9.866741e-01 1.627088e-01 2.589915e-04
    outer loop
      vertex   -4.933371e+00 8.135442e-01 1.000000e+00
      vertex   -4.947330e+00 7.238274e-01 4.183099e+00
      vertex   -4.917784e+00 9.029926e-01 4.183099e+00
    endloop
  endfacet
  facet normal -9.835569e-01 1.805985e-01 -2.589915e-04
    outer loop
      vertex   -4.933371e+00 8.135442e-01 1.000000e+00
      vertex   -4.917784e+00 9.029926e-01 4.183099e+00
      vertex   -4.900577e+00 9.921433e-01 1.000000e+00
    endloop
  endfacet
  facet normal -9.801153e-01 1.984287e-01 2.589915e-04
    outer loop
      vertex   -4.900577e+00 9.921433e-01 1.000000e+00
      vertex   -4.917784e+00 9.029926e-01 4.183099e+00
      vertex   -4.881753e+00 1.080967e+00 4.183099e+00
    endloop
  endfacet
  facet normal -9.763505e-01 2.161934e-01 -2.589915e-04
    outer loop
      vertex   -4.900577e+00 9.921433e-01 1.000000e+00
      vertex   -4.881753e+00 1.080967e+00 4.183099e+00
      vertex   -4.861319e+00 1.169434e+00 1.000000e+00
    endloop
  endfacet
  facet normal -9.722638e-01 2.338868e-01 2.589915e-04
    outer loop
      vertex   -4.861319e+00 1.169434e+00 1.000000e+00
      vertex   -4.881753e+00 1.080967e+00 4.183099e+00
      vertex   -4.839283e+00 1.257515e+00 4.183099e+00
    endloop
  endfacet
  facet normal -9.678565e-01 2.515031e-01 -2.589915e-04
    outer loop
      vertex   -4.861319e+00 1.169434e+00 1.000000e+00
      vertex   -4.839283e+00 1.257515e+00 4.183099e+00
      vertex   -4.815650e+00 1.345182e+00 1.000000e+00
    endloop
  endfacet
  facet normal -9.631300e-01 2.690364e-01 2.589915e-04
    outer loop
      vertex   -4.815650e+00 1.345182e+00 1.000000e+00
      vertex   -4.839283e+00 1.257515e+00 4.183099e+00
      vertex   -4.790430e+00 1.432405e+00 4.183099e+00
    endloop
  endfacet
  facet normal -9.580859e-01 2.864810e-01 -2.589915e-04
    outer loop
      vertex   -4.815650e+00 1.345182e+00 1.000000e+00
      vertex   -4.790430e+00 1.432405e+00 4.183099e+00
      vertex   -4.763629e+00 1.519156e+00 1.000000e+00
    endloop
  endfacet
  facet normal -9.527258e-01 3.038312e-01 2.589915e-04
    outer loop
      vertex   -4.763629e+00 1.519156e+00 1.000000e+00
      vertex   -4.790430e+00 1.432405e+00 4.183099e+00
      vertex   -4.735258e+00 1.605406e+00 4.183099e+00
    endloop
  endfacet
  facet normal -9.470516e-01 3.210812e-01 -2.589915e-04
    outer loop
      vertex   -4.763629e+00 1.519156e+00 1.000000e+00
      vertex   -4.735258e+00 1.605406e+00 4.183099e+00
      vertex   -4.705326e+00 1.691126e+00 1.000000e+00
    endloop
  endfacet
  facet normal -9.410651e-01 3.382253e-01 2.589915e-04
    outer loop
      vertex   -4.705326e+00 1.691126e+00 1.000000e+00
      vertex   -4.735258e+00 1.605406e+00 4.183099e+00
      vertex   -4.673842e+00 1.776289e+00 4.183099e+00
    endloop
  endfacet
  facet normal -9.347683e-01 3.552578e-01 -2.589915e-04
    outer loop
      vertex   -4.705326e+00 1.691126e+00 1.000000e+00
      vertex   -4.673842e+00 1.776289e+00 4.183099e+00
      vertex   -4.640816e+00 1.860866e+00 1.000000e+00
    endloop
  endfacet
  facet normal -9.281632e-01 3.721733e-01 2.589915e-04
    outer loop
      vertex   -4.640816e+00 1.860866e+00 1.000000e+00
      vertex   -4.673842e+00 1.776289e+00 4.183099e+00
      vertex   -4.606261e+00 1.944830e+00 4.183099e+00
    endloop
  endfacet
  facet normal -9.212521e-01 3.889659e-01 -2.589915e-04
    outer loop
      vertex   -4.640816e+00 1.860866e+00 1.000000e+00
      vertex   -4.606261e+00 1.944830e+00 4.183099e+00
      vertex   -4.570186e+00 2.028152e+00 1.000000e+00
    endloop
  endfacet
  facet normal -9.140372e-01 4.056304e-01 2.589915e-04
    outer loop
      vertex   -4.570186e+00 2.028152e+00 1.000000e+00
      vertex   -4.606261e+00 1.944830e+00 4.183099e+00
      vertex   -4.532604e+00 2.110805e+00 4.183099e+00
    endloop
  endfacet
  facet normal -9.065208e-01 4.221610e-01 -2.589915e-04
    outer loop
      vertex   -4.570186e+00 2.028152e+00 1.000000e+00
      vertex   -4.532604e+00 2.110805e+00 4.183099e+00
      vertex   -4.493528e+00 2.192762e+00 1.000000e+00
    endloop
  endfacet
  facet normal -8.987055e-01 4.385525e-01 2.589915e-04
    outer loop
      vertex   -4.493528e+00 2.192762e+00 1.000000e+00
      vertex   -4.532604e+00 2.110805e+00 4.183099e+00
      vertex   -4.452970e+00 2.273997e+00 4.183099e+00
    endloop
  endfacet
  facet normal -8.905939e-01 4.547993e-01 -2.589915e-04
    outer loop
      vertex   -4.493528e+00 2.192762e+00 1.000000e+00
      vertex   -4.452970e+00 2.273997e+00 4.183099e+00
      vertex   -4.410943e+00 2.354481e+00 1.000000e+00
    endloop
  endfacet
  facet normal -8.821886e-01 4.708962e-01 2.589915e-04
    outer loop
      vertex   -4.410943e+00 2.354481e+00 1.000000e+00
      vertex   -4.452970e+00 2.273997e+00 4.183099e+00
      vertex   -4.367462e+00 2.434189e+00 4.183099e+00
    endloop
  endfacet
  facet normal -8.734924e-01 4.868377e-01 -2.589915e-04
    outer loop
      vertex   -4.410943e+00 2.354481e+00 1.000000e+00
      vertex   -4.367462e+00 2.434189e+00 4.183099e+00
      vertex   -4.322541e+00 2.513094e+00 1.000000e+00
    endloop
  endfacet
  facet normal -8.645081e-01 5.026188e-01 2.589915e-04
    outer loop
      vertex   -4.322541e+00 2.513094e+00 1.000000e+00
      vertex   -4.367462e+00 2.434189e+00 4.183099e+00
      vertex   -4.276194e+00 2.591171e+00 4.183099e+00
    endloop
  endfacet
  facet normal -8.552388e-01 5.182341e-01 -2.589915e-04
    outer loop
      vertex   -4.322541e+00 2.513094e+00 1.000000e+00
      vertex   -4.276194e+00 2.591171e+00 4.183099e+00
      vertex   -4.228437e+00 2.668393e+00 1.000000e+00
    endloop
  endfacet
  facet normal -8.456874e-01 5.336785e-01 2.589915e-04
    outer loop
      vertex   -4.228437e+00 2.668393e+00 1.000000e+00
      vertex   -4.276194e+00 2.591171e+00 4.183099e+00
      vertex   -4.179286e+00 2.744735e+00 4.183099e+00
    endloop
  endfacet
  facet normal -8.358572e-01 5.489469e-01 -2.589915e-04
    outer loop
      vertex   -4.228437e+00 2.668393e+00 1.000000e+00
      vertex   -4.179286e+00 2.744735e+00 4.183099e+00
      vertex   -4.128757e+00 2.820172e+00 1.000000e+00
    endloop
  endfacet
  facet normal -8.257513e-01 5.640343e-01 2.589915e-04
    outer loop
      vertex   -4.128757e+00 2.820172e+00 1.000000e+00
      vertex   -4.179286e+00 2.744735e+00 4.183099e+00
      vertex   -4.076866e+00 2.894679e+00 4.183099e+00
    endloop
  endfacet
  facet normal -8.153731e-01 5.789357e-01 -2.589915e-04
    outer loop
      vertex   -4.128757e+00 2.820172e+00 1.000000e+00
      vertex   -4.076866e+00 2.894679e+00 4.183099e+00
      vertex   -4.023631e+00 2.968231e+00 1.000000e+00
    endloop
  endfacet
  facet normal -8.047261e-01 5.936462e-01 2.589915e-04
    outer loop
      vertex   -4.023631e+00 2.968231e+00 1.000000e+00
      vertex   -4.076866e+00 2.894679e+00 4.183099e+00
      vertex   -3.969069e+00 3.040805e+00 4.183099e+00
    endloop
  endfacet
  facet normal -7.938137e-01 6.081609e-01 -2.589915e-04
    outer loop
      vertex   -4.023631e+00 2.968231e+00 1.000000e+00
      vertex   -3.969069e+00 3.040805e+00 4.183099e+00
      vertex   -3.913198e+00 3.112376e+00 1.000000e+00
    endloop
  endfacet
  facet normal -7.826395e-01 6.224751e-01 2.589915e-04
    outer loop
      vertex   -3.913198e+00 3.112376e+00 1.000000e+00
      vertex   -3.969069e+00 3.040805e+00 4.183099e+00
      vertex   -3.856037e+00 3.182920e+00 4.183099e+00
    endloop
  endfacet
  facet normal -7.712073e-01 6.365841e-01 -2.589915e-04
    outer loop
      vertex   -3.913198e+00 3.112376e+00 1.000000e+00
      vertex   -3.856037e+00 3.182920e+00 4.183099e+00
      vertex   -3.797604e+00 3.252415e+00 1.000000e+00
    endloop
  endfacet
  facet normal -7.595207e-01 6.504831e-01 2.589915e-04
    outer loop
      vertex   -3.797604e+00 3.252415e+00 1.000000e+00
      vertex   -3.856037e+00 3.182920e+00 4.183099e+00
      vertex   -3.737919e+00 3.320838e+00 4.183099e+00
    endloop
  endfacet
  facet normal -7.475837e-01 6.641676e-01 -2.589915e-04
    outer loop
      vertex   -3.797604e+00 3.252415e+00 1.000000e+00
      vertex   -3.737919e+00 3.320838e+00 4.183099e+00
      vertex   -3.677001e+00 3.388165e+00 1.000000e+00
    endloop
  endfacet
  facet normal -7.354001e-01 6.776331e-01 2.589915e-04
    outer loop
      vertex   -3.677001e+00 3.388165e+00 1.000000e+00
      vertex   -3.737919e+00 3.320838e+00 4.183099e+00
      vertex   -3.614871e+00 3.454376e+00 4.183099e+00
    endloop
  endfacet
  facet normal -7.229741e-01 6.908751e-01 -2.589915e-04
    outer loop
      vertex   -3.677001e+00 3.388165e+00 1.000000e+00
      vertex   -3.614871e+00 3.454376e+00 4.183099e+00
      vertex   -3.551548e+00 3.519447e+00 1.000000e+00
    endloop
  endfacet
  facet normal -7.103096e-01 7.038893e-01 2.589915e-04
    outer loop
      vertex   -3.551548e+00 3.519447e+00 1.000000e+00
      vertex   -3.614871e+00 3.454376e+00 4.183099e+00
      vertex   -3.487055e+00 3.583357e+00 4.183099e+00
    endloop
  endfacet
  facet normal -6.974109e-01 7.166714e-01 -2.589915e-04
    outer loop
      vertex   -3.551548e+00 3.519447e+00 1.000000e+00
      vertex   -3.487055e+00 3.583357e+00 4.183099e+00
      vertex   -3.421412e+00 3.646086e+00 1.000000e+00
    endloop
  endfacet
  facet normal -6.842823e-01 7.292172e-01 2.589915e-04
    outer loop
      vertex   -3.421412e+00 3.646086e+00 1.000000e+00
      vertex   -3.487055e+00 3.583357e+00 4.183099e+00
      vertex   -3.354640e+00 3.707613e+00 4.183099e+00
    endloop
  endfacet
  facet normal -6.709280e-01 7.415225e-01 -2.589915e-04
    outer loop
      vertex   -3.421412e+00 3.646086e+00 1.000000e+00
      vertex   -3.354640e+00 3.707613e+00 4.183099e+00
      vertex   -3.286762e+00 3.767916e+00 1.000000e+00
    endloop
  endfacet
  facet normal -6.573524e-01 7.535833e-01 2.589915e-04
    outer loop
      vertex   -3.286762e+00 3.767916e+00 1.000000e+00
      vertex   -3.354640e+00 3.707613e+00 4.183099e+00
      vertex   -3.217801e+00 3.826978e+00 4.183099e+00
    endloop
  endfacet
  facet normal -6.435601e-01 7.653955e-01 -2.589915e-04
    outer loop
      vertex   -3.286762e+00 3.767916e+00 1.000000e+00
      vertex   -3.217801e+00 3.826978e+00 4.183099e+00
      vertex   -3.147778e+00 3.884777e+00 1.000000e+00
    endloop
  endfacet
  facet normal -6.295556e-01 7.769554e-01 2.589915e-04
    outer loop
      vertex   -3.147778e+00 3.884777e+00 1.000000e+00
      vertex   -3.217801e+00 3.826978e+00 4.183099e+00
      vertex   -3.076717e+00 3.941296e+00 4.183099e+00
    endloop
  endfacet
  facet normal -6.153434e-01 7.882591e-01 -2.589915e-04
    outer loop
      vertex   -3.147778e+00 3.884777e+00 1.000000e+00
      vertex   -3.076717e+00 3.941296e+00 4.183099e+00
      vertex   -3.004642e+00 3.996514e+00 1.000000e+00
    endloop
  endfacet
  facet normal -6.009283e-01 7.993029e-01 2.589915e-04
    outer loop
      vertex   -3.004642e+00 3.996514e+00 1.000000e+00
      vertex   -3.076717e+00 3.941296e+00 4.183099e+00
      vertex   -2.931576e+00 4.050415e+00 4.183099e+00
    endloop
  endfacet
  facet normal -5.863151e-01 8.100830e-01 -2.589915e-04
    outer loop
      vertex   -3.004642e+00 3.996514e+00 1.000000e+00
      vertex   -2.931576e+00 4.050415e+00 4.183099e+00
      vertex   -2.857543e+00 4.102980e+00 1.000000e+00
    endloop
  endfacet
  facet normal -5.715086e-01 8.205961e-01 2.589915e-04
    outer loop
      vertex   -2.857543e+00 4.102980e+00 1.000000e+00
      vertex   -2.931576e+00 4.050415e+00 4.183099e+00
      vertex   -2.782568e+00 4.154193e+00 4.183099e+00
    endloop
  endfacet
  facet normal -5.565135e-01 8.308385e-01 -2.589915e-04
    outer loop
      vertex   -2.857543e+00 4.102980e+00 1.000000e+00
      vertex   -2.782568e+00 4.154193e+00 4.183099e+00
      vertex   -2.706675e+00 4.204035e+00 1.000000e+00
    endloop
  endfacet
  facet normal -5.413350e-01 8.408070e-01 2.589915e-04
    outer loop
      vertex   -2.706675e+00 4.204035e+00 1.000000e+00
      vertex   -2.782568e+00 4.154193e+00 4.183099e+00
      vertex   -2.629890e+00 4.252491e+00 4.183099e+00
    endloop
  endfacet
  facet normal -5.259780e-01 8.504982e-01 -2.589915e-04
    outer loop
      vertex   -2.706675e+00 4.204035e+00 1.000000e+00
      vertex   -2.629890e+00 4.252491e+00 4.183099e+00
      vertex   -2.552237e+00 4.299545e+00 1.000000e+00
    endloop
  endfacet
  facet normal -5.104475e-01 8.599089e-01 2.589915e-04
    outer loop
      vertex   -2.552237e+00 4.299545e+00 1.000000e+00
      vertex   -2.629890e+00 4.252491e+00 4.183099e+00
      vertex   -2.473743e+00 4.345181e+00 4.183099e+00
    endloop
  endfacet
  facet normal -4.947487e-01 8.690361e-01 -2.589915e-04
    outer loop
      vertex   -2.552237e+00 4.299545e+00 1.000000e+00
      vertex   -2.473743e+00 4.345181e+00 4.183099e+00
      vertex   -2.394434e+00 4.389384e+00 1.000000e+00
    endloop
  endfacet
  facet normal -4.788867e-01 8.778767e-01 2.589915e-04
    outer loop
      vertex   -2.394434e+00 4.389384e+00 1.000000e+00
      vertex   -2.473743e+00 4.345181e+00 4.183099e+00
      vertex   -2.314334e+00 4.432139e+00 4.183099e+00
    endloop
  endfacet
  facet normal -4.628668e-01 8.864278e-01 -2.589915e-04
    outer loop
      vertex   -2.394434e+00 4.389384e+00 1.000000e+00
      vertex   -2.314334e+00 4.432139e+00 4.183099e+00
      vertex   -2.233472e+00 4.473433e+00 1.000000e+00
    endloop
  endfacet
  facet normal -4.466943e-01 8.946866e-01 2.589915e-04
    outer loop
      vertex   -2.233472e+00 4.473433e+00 1.000000e+00
      vertex   -2.314334e+00 4.432139e+00 4.183099e+00
      vertex   -2.151873e+00 4.513252e+00 4.183099e+00
    endloop
  endfacet
  facet normal -4.303745e-01 9.026504e-01 -2.589915e-04
    outer loop
      vertex   -2.233472e+00 4.473433e+00 1.000000e+00
      vertex   -2.151873e+00 4.513252e+00 4.183099e+00
      vertex   -2.069564e+00 4.551583e+00 1.000000e+00
    endloop
  endfacet
  facet normal -4.139128e-01 9.103165e-01 2.589915e-04
    outer loop
      vertex   -2.069564e+00 4.551583e+00 1.000000e+00
      vertex   -2.151873e+00 4.513252e+00 4.183099e+00
      vertex   -1.986573e+00 4.588412e+00 4.183099e+00
    endloop
  endfacet
  facet normal -3.973145e-01 9.176825e-01 -2.589915e-04
    outer loop
      vertex   -2.069564e+00 4.551583e+00 1.000000e+00
      vertex   -1.986573e+00 4.588412e+00 4.183099e+00
      vertex   -1.902927e+00 4.623729e+00 1.000000e+00
    endloop
  endfacet
  facet normal -3.805853e-01 9.247458e-01 2.589915e-04
    outer loop
      vertex   -1.902927e+00 4.623729e+00 1.000000e+00
      vertex   -1.986573e+00 4.588412e+00 4.183099e+00
      vertex   -1.818653e+00 4.657521e+00 4.183099e+00
    endloop
  endfacet
  facet normal -3.637305e-01 9.315042e-01 -2.589915e-04
    outer loop
      vertex   -1.902927e+00 4.623729e+00 1.000000e+00
      vertex   -1.818653e+00 4.657521e+00 4.183099e+00
      vertex   -1.733779e+00 4.689777e+00 1.000000e+00
    endloop
  endfacet
  facet normal -3.467559e-01 9.379554e-01 2.589915e-04
    outer loop
      vertex   -1.733779e+00 4.689777e+00 1.000000e+00
      vertex   -1.818653e+00 4.657521e+00 4.183099e+00
      vertex   -1.648334e+00 4.720487e+00 4.183099e+00
    endloop
  endfacet
  facet normal -3.296668e-01 9.440973e-01 -2.589915e-04
    outer loop
      vertex   -1.733779e+00 4.689777e+00 1.000000e+00
      vertex   -1.648334e+00 4.720487e+00 4.183099e+00
      vertex   -1.562345e+00 4.749640e+00 1.000000e+00
    endloop
  endfacet
  facet normal -3.124691e-01 9.499279e-01 2.589915e-04
    outer loop
      vertex   -1.562345e+00 4.749640e+00 1.000000e+00
      vertex   -1.648334e+00 4.720487e+00 4.183099e+00
      vertex   -1.475842e+00 4.777226e+00 4.183099e+00
    endloop
  endfacet
  facet normal -2.951683e-01 9.554452e-01 -2.589915e-04
    outer loop
      vertex   -1.562345e+00 4.749640e+00 1.000000e+00
      vertex   -1.475842e+00 4.777226e+00 4.183099e+00
      vertex   -1.388851e+00 4.803238e+00 1.000000e+00
    endloop
  endfacet
  facet normal -2.777702e-01 9.606475e-01 2.589915e-04
    outer loop
      vertex   -1.388851e+00 4.803238e+00 1.000000e+00
      vertex   -1.475842e+00 4.777226e+00 4.183099e+00
      vertex   -1.301402e+00 4.827665e+00 4.183099e+00
    endloop
  endfacet
  facet normal -2.602805e-01 9.655330e-01 -2.589915e-04
    outer loop
      vertex   -1.388851e+00 4.803238e+00 1.000000e+00
      vertex   -1.301402e+00 4.827665e+00 4.183099e+00
      vertex   -1.213525e+00 4.850501e+00 1.000000e+00
    endloop
  endfacet
  facet normal -2.427049e-01 9.701001e-01 2.589915e-04
    outer loop
      vertex   -1.213525e+00 4.850501e+00 1.000000e+00
      vertex   -1.301402e+00 4.827665e+00 4.183099e+00
      vertex   -1.125247e+00 4.871737e+00 4.183099e+00
    endloop
  endfacet
  facet normal -2.250493e-01 9.743473e-01 -2.589915e-04
    outer loop
      vertex   -1.213525e+00 4.850501e+00 1.000000e+00
      vertex   -1.125247e+00 4.871737e+00 4.183099e+00
      vertex   -1.036598e+00 4.891366e+00 1.000000e+00
    endloop
  endfacet
  facet normal -2.073196e-01 9.782732e-01 2.589915e-04
    outer loop
      vertex   -1.036598e+00 4.891366e+00 1.000000e+00
      vertex   -1.125247e+00 4.871737e+00 4.183099e+00
      vertex   -9.476070e-01 4.909383e+00 4.183099e+00
    endloop
  endfacet
  facet normal -1.895214e-01 9.818766e-01 -2.589915e-04
    outer loop
      vertex   -1.036598e+00 4.891366e+00 1.000000e+00
      vertex   -9.476070e-01 4.909383e+00 4.183099e+00
      vertex   -8.583038e-01 4.925781e+00 1.000000e+00
    endloop
  endfacet
  facet normal -1.716608e-01 9.851561e-01 2.589915e-04
    outer loop
      vertex   -8.583038e-01 4.925781e+00 1.000000e+00
      vertex   -9.476070e-01 4.909383e+00 4.183099e+00
      vertex   -7.687175e-01 4.940554e+00 4.183099e+00
    endloop
  endfacet
  facet normal -1.537435e-01 9.881108e-01 -2.589915e-04
    outer loop
      vertex   -8.583038e-01 4.925781e+00 1.000000e+00
      vertex   -7.687175e-01 4.940554e+00 4.183099e+00
      vertex   -6.788777e-01 4.953698e+00 1.000000e+00
    endloop
  endfacet
  facet normal -1.357755e-01 9.907396e-01 2.589915e-04
    outer loop
      vertex   -6.788777e-01 4.953698e+00 1.000000e+00
      vertex   -7.687175e-01 4.940554e+00 4.183099e+00
      vertex   -5.888141e-01 4.965209e+00 4.183099e+00
    endloop
  endfacet
  facet normal -1.177628e-01 9.930417e-01 -2.589915e-04
    outer loop
      vertex   -6.788777e-01 4.953698e+00 1.000000e+00
      vertex   -5.888141e-01 4.965209e+00 4.183099e+00
      vertex   -4.985563e-01 4.975082e+00 1.000000e+00
    endloop
  endfacet
  facet normal -9.971125e-02 9.950164e-01 2.589915e-04
    outer loop
      vertex   -4.985563e-01 4.975082e+00 1.000000e+00
      vertex   -5.888141e-01 4.965209e+00 4.183099e+00
      vertex   -4.081340e-01 4.983315e+00 4.183099e+00
    endloop
  endfacet
  facet normal -8.162681e-02 9.966629e-01 -2.589915e-04
    outer loop
      vertex   -4.985563e-01 4.975082e+00 1.000000e+00
      vertex   -4.081340e-01 4.983315e+00 4.183099e+00
      vertex   -3.175772e-01 4.989904e+00 1.000000e+00
    endloop
  endfacet
  facet normal -6.351545e-02 9.979808e-01 2.589915e-04
    outer loop
      vertex   -3.175772e-01 4.989904e+00 1.000000e+00
      vertex   -4.081340e-01 4.983315e+00 4.183099e+00
      vertex   -2.269157e-01 4.994848e+00 4.183099e+00
    endloop
  endfacet
  facet normal -4.538314e-02 9.989696e-01 -2.589915e-04
    outer loop
      vertex   -3.175772e-01 4.989904e+00 1.000000e+00
      vertex   -2.269157e-01 4.994848e+00 4.183099e+00
      vertex   -1.361794e-01 4.998145e+00 1.000000e+00
    endloop
  endfacet
  facet normal -2.723587e-02 9.996290e-01 2.589915e-04
    outer loop
      vertex   -1.361794e-01 4.998145e+00 1.000000e+00
      vertex   -2.269157e-01 4.994848e+00 4.183099e+00
      vertex   -4.539811e-02 4.999794e+00 4.183099e+00
    endloop
  endfacet
  facet normal -9.079622e-03 9.999587e-01 -2.589915e-04
    outer loop
      vertex   -1.361794e-01 4.998145e+00 1.000000e+00
      vertex   -4.539811e-02 4.999794e+00 4.183099e+00
      vertex   4.539811e-02 4.999794e+00 1.000000e+00
    endloop
  endfacet
  facet normal 9.079622e-03 9.999587e-01 2.589915e-04
    outer loop
      vertex   4.539811e-02 4.999794e+00 1.000000e+00
      vertex   -4.539811e-02 4.999794e+00 4.183099e+00
      vertex   1.361794e-01 4.998145e+00 4.183099e+00
    endloop
  endfacet
  facet normal 2.723587e-02 9.996290e-01 -2.589915e-04
    outer loop
      vertex   4.539811e-02 4.999794e+00 1.000000e+00
      vertex   1.361794e-01 4.998145e+00 4.183099e+00
      vertex   2.269157e-01 4.994848e+00 1.000000e+00
    endloop
  endfacet
  facet normal 4.538314e-02 9.989696e-01 2.589915e-04
    outer loop
      vertex   2.269157e-01 4.994848e+00 1.000000e+00
      vertex   1.361794e-01 4.998145e+00 4.183099e+00
      vertex   3.175772e-01 4.989904e+00 4.183099e+00
    endloop
  endfacet
  facet normal 6.351545e-02 9.979808e-01 -2.589915e-04
    outer loop
      vertex   2.269157e-01 4.994848e+00 1.000000e+00
      vertex   3.175772e-01 4.989904e+00 4.183099e+00
      vertex   4.081340e-01 4.983315e+00 1.000000e+00
    endloop
  endfacet
  facet normal 8.162681e-02 9.966629e-01 2.589915e-04
    outer loop
      vertex   4.081340e-01 4.983315e+00 1.000000e+00
      vertex   3.175772e-01 4.989904e+00 4.183099e+00
      vertex   4.985563e-01 4.975082e+00 4.183099e+00
    endloop
  endfacet
  facet normal 9.971125e-02 9.950164e-01 -2.589915e-04
    outer loop
      vertex   4.081340e-01 4.983315e+00 1.000000e+00
      vertex   4.985563e-01 4.975082e+00 4.183099e+00
      vertex   5.888141e-01 4.965209e+00 1.000000e+00
    endloop
  endfacet
  facet normal 1.177628e-01 9.930417e-01 2.589915e-04
    outer loop
      vertex   5.888141e-01 4.965209e+00 1.000000e+00
      vertex   4.985563e-01 4.975082e+00 4.183099e+00
      vertex   6.788777e-01 4.953698e+00 4.183099e+00
    endloop
  endfacet
  facet normal 1.357755e-01 9.907396e-01 -2.589915e-04
    outer loop
      vertex   5.888141e-01 4.965209e+00 1.000000e+00
      vertex   6.788777e-01 4.953698e+00 4.183099e+00
      vertex   7.687175e-01 4.940554e+00 1.000000e+00
    endloop
  endfacet
  facet normal 1.537435e-01 9.881108e-01 2.589915e-04
    outer loop
      vertex   7.687175e-01 4.940554e+00 1.000000e+00
      vertex   6.788777e-01 4.953698e+00 4.183099e+00
      vertex   8.583038e-01 4.925781e+00 4.183099e+00
    endloop
  endfacet
  facet normal 1.716608e-01 9.851561e-01 -2.589915e-04
    outer loop
      vertex   7.687175e-01 4.940554e+00 1.000000e+00
      vertex   8.583038e-01 4.925781e+00 4.183099e+00
      vertex   9.476070e-01 4.909383e+00 1.000000e+00
    endloop
  endfacet
  facet normal 1.895214e-01 9.818766e-01 2.589915e-04
    outer loop
      vertex   9.476070e-01 4.909383e+00 1.000000e+00
      vertex   8.583038e-01 4.925781e+00 4.183099e+00
      vertex   1.036598e+00 4.891366e+00 4.183099e+00
    endloop
  endfacet
  facet normal 2.073196e-01 9.782732e-01 -2.589915e-04
    outer loop
      vertex   9.476070e-01 4.909383e+00 1.000000e+00
      vertex   1.036598e+00 4.891366e+00 4.183099e+00
      vertex   1.125247e+00 4.871737e+00 1.000000e+00
    endloop
  endfacet
  facet normal 2.250493e-01 9.743473e-01 2.589915e-04
    outer loop
      vertex   1.125247e+00 4.871737e+00 1.000000e+00
      vertex   1.036598e+00 4.891366e+00 4.183099e+00
      vertex   1.213525e+00 4.850501e+00 4.183099e+00
    endloop
  endfacet
  facet normal 2.427049e-01 9.701001e-01 -2.589915e-04
    outer loop
      vertex   1.125247e+00 4.871737e+00 1.000000e+00
      vertex   1.213525e+00 4.850501e+00 4.183099e+00
      vertex   1.301402e+00 4.827665e+00 1.000000e+00
    endloop
  endfacet
  facet normal 2.602805e-01 9.655330e-01 2.589915e-04
    outer loop
      vertex   1.301402e+00 4.827665e+00 1.000000e+00
      vertex   1.213525e+00 4.850501e+00 4.183099e+00
      vertex   1.388851e+00 4.803238e+00 4.183099e+00
    endloop
  endfacet
  facet normal 2.777702e-01 9.606475e-01 -2.589915e-04
    outer loop
      vertex   1.301402e+00 4.827665e+00 1.000000e+00
      vertex   1.388851e+00 4.803238e+00 4.183099e+00
      vertex   1.475842e+00 4.777226e+00 1.000000e+00
    endloop
  endfacet
  facet normal 2.951683e-01 9.554452e-01 2.589915e-04
    outer loop
      vertex   1.475842e+00 4.777226e+00 1.000000e+00
      vertex   1.388851e+00 4.803238e+00 4.183099e+00
      vertex   1.562345e+00 4.749640e+00 4.183099e+00
    endloop
  endfacet
  facet normal 3.124691e-01 9.499279e-01 -2.589915e-04
    outer loop
      vertex   1.475842e+00 4.777226e+00 1.000000e+00
      vertex   1.562345e+00 4.749640e+00 4.183099e+00
      vertex   1.648334e+00 4.720487e+00 1.000000e+00
    endloop
  endfacet
  facet normal 3.296668e-01 9.440973e-01 2.589915e-04
    outer loop
      vertex   1.648334e+00 4.720487e+00 1.000000e+00
      vertex   1.562345e+00 4.749640e+00 4.183099e+00
      vertex   1.733779e+00 4.689777e+00 4.183099e+00
    endloop
  endfacet
  facet normal 3.467559e-01 9.379554e-01 -2.589915e-04
    outer loop
      vertex   1.648334e+00 4.720487e+00 1.000000e+00
      vertex   1.733779e+00 4.689777e+00 4.183099e+00
      vertex   1.818653e+00 4.657521e+00 1.000000e+00
    endloop
  endfacet
  facet normal 3.637305e-01 9.315042e-01 2.589915e-04
    outer loop
      vertex   1.818653e+00 4.657521e+00 1.000000e+00
      vertex   1.733779e+00 4.689777e+00 4.183099e+00
      vertex   1.902927e+00 4.623729e+00 4.183099e+00
    endloop
  endfacet
  facet normal 3.805853e-01 9.247458e-01 -2.589915e-04
    outer loop
      vertex   1.818653e+00 4.657521e+00 1.000000e+00
      vertex   1.902927e+00 4.623729e+00 4.183099e+00
      vertex   1.986573e+00 4.588412e+00 1.000000e+00
    endloop
  endfacet
  facet normal 3.973145e-01 9.176825e-01 2.589915e-04
    outer loop
      vertex   1.986573e+00 4.588412e+00 1.000000e+00
      vertex   1.902927e+00 4.623729e+00 4.183099e+00
      vertex   2.069564e+00 4.551583e+00 4.183099e+00
    endloop
  endfacet
  facet normal 4.139128e-01 9.103165e-01 -2.589915e-04
    outer loop
      vertex   1.986573e+00 4.588412e+00 1.000000e+00
      vertex   2.069564e+00 4.551583e+00 4.183099e+00
      vertex   2.151873e+00 4.513252e+00 1.000000e+00
    endloop
  endfacet
  facet normal 4.303745e-01 9.026504e-01 2.589915e-04
    outer loop
      vertex   2.151873e+00 4.513252e+00 1.000000e+00
      vertex   2.069564e+00 4.551583e+00 4.183099e+00
      vertex   2.233472e+00 4.473433e+00 4.183099e+00
    endloop
  endfacet
  facet normal 4.466943e-01 8.946866e-01 -2.589915e-04
    outer loop
      vertex   2.151873e+00 4.513252e+00 1.000000e+00
      vertex   2.233472e+00 4.473433e+00 4.183099e+00
      vertex   2.314334e+00 4.432139e+00 1.000000e+00
    endloop
  endfacet
  facet normal 4.628668e-01 8.864278e-01 2.589915e-04
    outer loop
      vertex   2.314334e+00 4.432139e+00 1.000000e+00
      vertex   2.233472e+00 4.473433e+00 4.183099e+00
      vertex   2.394434e+00 4.389384e+00 4.183099e+00
    endloop
  endfacet
  facet normal 4.788867e-01 8.778767e-01 -2.589915e-04
    outer loop
      vertex   2.314334e+00 4.432139e+00 1.000000e+00
      vertex   2.394434e+00 4.389384e+00 4.183099e+00
      vertex   2.473743e+00 4.345181e+00 1.000000e+00
    endloop
  endfacet
  facet normal 4.947487e-01 8.690361e-01 2.589915e-04
    outer loop
      vertex   2.473743e+00 4.345181e+00 1.000000e+00
      vertex   2.394434e+00 4.389384e+00 4.183099e+00
      vertex   2.552237e+00 4.299545e+00 4.183099e+00
    endloop
  endfacet
  facet normal 5.104475e-01 8.599089e-01 -2.589915e-04
    outer loop
      vertex   2.473743e+00 4.345181e+00 1.000000e+00
      vertex   2.552237e+00 4.299545e+00 4.183099e+00
      vertex   2.629890e+00 4.252491e+00 1.000000e+00
    endloop
  endfacet
  facet normal 5.259780e-01 8.504982e-01 2.589915e-04
    outer loop
      vertex   2.629890e+00 4.252491e+00 1.000000e+00
      vertex   2.552237e+00 4.299545e+00 4.183099e+00
      vertex   2.706675e+00 4.204035e+00 4.183099e+00
    endloop
  endfacet
  facet normal 5.413350e-01 8.408070e-01 -2.589915e-04
    outer loop
      vertex   2.629890e+00 4.252491e+00 1.000000e+00
      vertex   2.706675e+00 4.204035e+00 4.183099e+00
      vertex   2.782568e+00 4.154193e+00 1.000000e+00
    endloop
  endfacet
  facet normal 5.565135e-01 8.308385e-01 2.589915e-04
    outer loop
      vertex   2.782568e+00 4.154193e+00 1.000000e+00
      vertex   2.706675e+00 4.204035e+00 4.183099e+00
      vertex   2.857543e+00 4.102980e+00 4.183099e+00
    endloop
  endfacet
  facet normal 5.715086e-01 8.205961e-01 -2.589915e-04
    outer loop
      vertex   2.782568e+00 4.154193e+00 1.000000e+00
      vertex   2.857543e+00 4.102980e+00 4.183099e+00
      vertex   2.931576e+00 4.050415e+00 1.000000e+00
    endloop
  endfacet
  facet normal 5.863151e-01 8.100830e-01 2.589915e-04
    outer loop
      vertex   2.931576e+00 4.050415e+00 1.000000e+00
      vertex   2.857543e+00 4.102980e+00 4.183099e+00
      vertex   3.004642e+00 3.996514e+00 4.183099e+00
    endloop
  endfacet
  facet normal 6.009283e-01 7.993029e-01 -2.589915e-04
    outer loop
      vertex   2.931576e+00 4.050415e+00 1.000000e+00
      vertex   3.004642e+00 3.996514e+00 4.183099e+00
      vertex   3.076717e+00 3.941296e+00 1.000000e+00
    endloop
  endfacet
  facet normal 6.153434e-01 7.882591e-01 2.589915e-04
    outer loop
      vertex   3.076717e+00 3.941296e+00 1.000000e+00
      vertex   3.004642e+00 3.996514e+00 4.183099e+00
      vertex   3.147778e+00 3.884777e+00 4.183099e+00
    endloop
  endfacet
  facet normal 6.295556e-01 7.769554e-01 -2.589915e-04
    outer loop
      vertex   3.076717e+00 3.941296e+00 1.000000e+00
      vertex   3.147778e+00 3.884777e+00 4.183099e+00
      vertex   3.217801e+00 3.826978e+00 1.000000e+00
    endloop
  endfacet
  facet normal 6.435601e-01 7.653955e-01 2.589915e-04
    outer loop
      vertex   3.217801e+00 3.826978e+00 1.000000e+00
      vertex   3.147778e+00 3.884777e+00 4.183099e+00
      vertex   3.286762e+00 3.767916e+00 4.183099e+00
    endloop
  endfacet
  facet normal 6.573524e-01 7.535833e-01 -2.589915e-04
    outer loop
      vertex   3.217801e+00 3.826978e+00 1.000000e+00
      vertex   3.286762e+00 3.767916e+00 4.183099e+00
      vertex   3.354640e+00 3.707613e+00 1.000000e+00
    endloop
  endfacet
  facet normal 6.709280e-01 7.415225e-01 2.589915e-04
    outer loop
      vertex   3.354640e+00 3.707613e+00 1.000000e+00
      vertex   3.286762e+00 3.767916e+00 4.183099e+00
      vertex   3.421412e+00 3.646086e+00 4.183099e+00
    endloop
  endfacet
  facet normal 6.842823e-01 7.292172e-01 -2.589915e-04
    outer loop
      vertex   3.354640e+00 3.707613e+00 1.000000e+00
      vertex   3.421412e+00 3.646086e+00 4.183099e+00
      vertex   3.487055e+00 3.583357e+00 1.000000e+00
    endloop
  endfacet
  facet normal 6.974109e-01 7.166714e-01 2.589915e-04
    outer loop
      vertex   3.487055e+00 3.583357e+00 1.000000e+00
      vertex   3.421412e+00 3.646086e+00 4.183099e+00
      vertex   3.551548e+00 3.519447e+00 4.183099e+00
    endloop
  endfacet
  facet normal 7.103096e-01 7.038893e-01 -2.589915e-04
    outer loop
      vertex   3.487055e+00 3.583357e+00 1.000000e+00
      vertex   3.551548e+00 3.519447e+00 4.183099e+00
      vertex   3.614871e+00 3.454376e+00 1.000000e+00
    endloop
  endfacet
  facet normal 7.229741e-01 6.908751e-01 2.589915e-04
    outer loop
      vertex   3.614871e+00 3.454376e+00 1.000000e+00
      vertex   3.551548e+00 3.519447e+00 4.183099e+00
      vertex   3.677001e+00 3.388165e+00 4.183099e+00
    endloop
  endfacet
  facet normal 7.354001e-01 6.776331e-01 -2.589915e-04
    outer loop
      vertex   3.614871e+00 3.454376e+00 1.000000e+00
      vertex   3.677001e+00 3.388165e+00 4.183099e+00
      vertex   3.737919e+00 3.320838e+00 1.000000e+00
    endloop
  endfacet
  facet normal 7.475837e-01 6.641676e-01 2.589915e-04
    outer loop
      vertex   3.737919e+00 3.320838e+00 1.000000e+00
      vertex   3.677001e+00 3.388165e+00 4.183099e+00
      vertex   3.797604e+00 3.252415e+00 4.183099e+00
    endloop
  endfacet
  facet normal 7.595207e-01 6.504831e-01 -2.589915e-04
    outer loop
      vertex   3.737919e+00 3.320838e+00 1.000000e+00
      vertex   3.797604e+00 3.252415e+00 4.183099e+00
      vertex   3.856037e+00 3.182920e+00 1.000000e+00
    endloop
  endfacet
  facet normal 7.712073e-01 6.365841e-01 2.589915e-04
    outer loop
      vertex   3.856037e+00 3.182920e+00 1.000000e+00
      vertex   3.797604e+00 3.252415e+00 4.183099e+00
      vertex   3.913198e+00 3.112376e+00 4.183099e+00
    endloop
  endfacet
  facet normal 7.826395e-01 6.224751e-01 -2.589915e-04
    outer loop
      vertex   3.856037e+00 3.182920e+00 1.000000e+00
      vertex   3.913198e+00 3.112376e+00 4.183099e+00
      vertex   3.969069e+00 3.040805e+00 1.000000e+00
    endloop
  endfacet
  facet normal 7.938137e-01 6.081609e-01 2.589915e-04
    outer loop
      vertex   3.969069e+00 3.040805e+00 1.000000e+00
      vertex   3.913198e+00 3.112376e+00 4.183099e+00
      vertex   4.023631e+00 2.968231e+00 4.183099e+00
    endloop
  endfacet
  facet normal 8.047261e-01 5.936462e-01 -2.589915e-04
    outer loop
      vertex   3.969069e+00 3.040805e+00 1.000000e+00
      vertex   4.023631e+00 2.968231e+00 4.183099e+00
      vertex   4.076866e+00 2.894679e+00 1.000000e+00
    endloop
  endfacet
  facet normal 8.153731e-01 5.789357e-01 2.589915e-04
    outer loop
      vertex   4.076866e+00 2.894679e+00 1.000000e+00
      vertex   4.023631e+00 2.968231e+00 4.183099e+00
      vertex   4.128757e+00 2.820172e+00 4.183099e+00
    endloop
  endfacet
  facet normal 8.257513e-01 5.640343e-01 -2.589915e-04
    outer loop
      vertex   4.076866e+00 2.894679e+00 1.000000e+00
      vertex   4.128757e+00 2.820172e+00 4.183099e+00
      vertex   4.179286e+00 2.744735e+00 1.000000e+00
    endloop
  endfacet
  facet normal 8.358572e-01 5.489469e-01 2.589915e-04
    outer loop
      vertex   4.179286e+00 2.744735e+00 1.000000e+00
      vertex   4.128757e+00 2.820172e+00 4.183099e+00
      vertex   4.228437e+00 2.668393e+00 4.183099e+00
    endloop
  endfacet
  facet normal 8.456874e-01 5.336785e-01 -2.589915e-04
    outer loop
      vertex   4.179286e+00 2.744735e+00 1.000000e+00
      vertex   4.228437e+00 2.668393e+00 4.183099e+00
      vertex   4.276194e+00 2.591171e+00 1.000000e+00
    endloop
  endfacet
  facet normal 8.552388e-01 5.182341e-01 2.589915e-04
    outer loop
      vertex   4.276194e+00 2.591171e+00 1.000000e+00
      vertex   4.228437e+00 2.668393e+00 4.183099e+00
      vertex   4.322541e+00 2.513094e+00 4.183099e+00
    endloop
  endfacet
  facet normal 8.645081e-01 5.026188e-01 -2.589915e-04
    outer loop
      vertex   4.276194e+00 2.591171e+00 1.000000e+00
      vertex   4.322541e+00 2.513094e+00 4.183099e+00
      vertex   4.367462e+00 2.434189e+00 1.000000e+00
    endloop
  endfacet
  facet normal 8.734924e-01 4.868377e-01 2.589915e-04
    outer loop
      vertex   4.367462e+00 2.434189e+00 1.000000e+00
      vertex   4.322541e+00 2.513094e+00 4.183099e+00
      vertex   4.410943e+00 2.354481e+00 4.183099e+00
    endloop
  endfacet
  facet normal 8.821886e-01 4.708962e-01 -2.589915e-04
    outer loop
      vertex   4.367462e+00 2.434189e+00 1.000000e+00
      vertex   4.410943e+00 2.354481e+00 4.183099e+00
      vertex   4.452970e+00 2.273997e+00 1.000000e+00
    endloop
  endfacet
  facet normal 8.905939e-01 4.547993e-01 2.589915e-04
    outer loop
      vertex   4.452970e+00 2.273997e+00 1.000000e+00
      vertex   4.410943e+00 2.354481e+00 4.183099e+00
      vertex   4.493528e+00 2.192762e+00 4.183099e+00
    endloop
  endfacet
  facet normal 8.987055e-01 4.385525e-01 -2.589915e-04
    outer loop
      vertex   4.452970e+00 2.273997e+00 1.000000e+00
      vertex   4.493528e+00 2.192762e+00 4.183099e+00
      vertex   4.532604e+00 2.110805e+00 1.000000e+00
    endloop
  endfacet
  facet normal 9.065208e-01 4.221610e-01 2.589915e-04
    outer loop
      vertex   4.532604e+00 2.110805e+00 1.000000e+00
      vertex   4.493528e+00 2.192762e+00 4.183099e+00
      vertex   4.570186e+00 2.028152e+00 4.183099e+00
    endloop
  endfacet
  facet normal 9.140372e-01 4.056304e-01 -2.589915e-04
    outer loop
      vertex   4.532604e+00 2.110805e+00 1.000000e+00
      vertex   4.570186e+00 2.028152e+00 4.183099e+00
      vertex   4.606261e+00 1.944830e+00 1.000000e+00
    endloop
  endfacet
  facet normal 9.212521e-01 3.889659e-01 2.589915e-04
    outer loop
      vertex   4.606261e+00 1.944830e+00 1.000000e+00
      vertex   4.570186e+00 2.028152e+00 4.183099e+00
      vertex   4.640816e+00 1.860866e+00 4.183099e+00
    endloop
  endfacet
  facet normal 9.281632e-01 3.721733e-01 -2.589915e-04
    outer loop
      vertex   4.606261e+00 1.944830e+00 1.000000e+00
      vertex   4.640816e+00 1.860866e+00 4.183099e+00
      vertex   4.673842e+00 1.776289e+00 1.000000e+00
    endloop
  endfacet
  facet normal 9.347683e-01 3.552578e-01 2.589915e-04
    outer loop
      vertex   4.673842e+00 1.776289e+00 1.000000e+00
      vertex   4.640816e+00 1.860866e+00 4.183099e+00
      vertex   4.705326e+00 1.691126e+00 4.183099e+00
    endloop
  endfacet
  facet normal 9.410651e-01 3.382253e-01 -2.589915e-04
    outer loop
      vertex   4.673842e+00 1.776289e+00 1.000000e+00
      vertex   4.705326e+00 1.691126e+00 4.183099e+00
      vertex   4.735258e+00 1.605406e+00 1.000000e+00
    endloop
  endfacet
  facet normal 9.470516e-01 3.210812e-01 2.589915e-04
    outer loop
      vertex   4.735258e+00 1.605406e+00 1.000000e+00
      vertex   4.705326e+00 1.691126e+00 4.183099e+00
      vertex   4.763629e+00 1.519156e+00 4.183099e+00
    endloop
  endfacet
  facet normal 9.527258e-01 3.038312e-01 -2.589915e-04
    outer loop
      vertex   4.735258e+00 1.605406e+00 1.000000e+00
      vertex   4.763629e+00 1.519156e+00 4.183099e+00
      vertex   4.790430e+00 1.432405e+00 1.000000e+00
    endloop
  endfacet
  facet normal 9.580859e-01 2.864810e-01 2.589915e-04
    outer loop
      vertex   4.790430e+00 1.432405e+00 1.000000e+00
      vertex   4.763629e+00 1.519156e+00 4.183099e+00
      vertex   4.815650e+00 1.345182e+00 4.183099e+00
    endloop
  endfacet
  facet normal 9.631300e-01 2.690364e-01 -2.589915e-04
    outer loop
      vertex   4.790430e+00 1.432405e+00 1.000000e+00
      vertex   4.815650e+00 1.345182e+00 4.183099e+00
      vertex   4.839283e+00 1.257515e+00 1.000000e+00
    endloop
  endfacet
  facet normal 9.678565e-01 2.515031e-01 2.589915e-04
    outer loop
      vertex   4.839283e+00 1.257515e+00 1.000000e+00
      vertex   4.815650e+00 1.345182e+00 4.183099e+00
      vertex   4.861319e+00 1.169434e+00 4.183099e+00
    endloop
  endfacet
  facet normal 9.722638e-01 2.338868e-01 -2.589915e-04
    outer loop
      vertex   4.839283e+00 1.257515e+00 1.000000e+00
      vertex   4.861319e+00 1.169434e+00 4.183099e+00
      vertex   4.881753e+00 1.080967e+00 1.000000e+00
    endloop
  endfacet
  facet normal 9.763505e-01 2.161934e-01 2.589915e-04
    outer loop
      vertex   4.881753e+00 1.080967e+00 1.000000e+00
      vertex   4.861319e+00 1.169434e+00 4.183099e+00
      vertex   4.900577e+00 9.921433e-01 4.183099e+00
    endloop
  endfacet
  facet normal 9.801153e-01 1.984287e-01 -2.589915e-04
    outer loop
      vertex   4.881753e+00 1.080967e+00 1.000000e+00
      vertex   4.900577e+00 9.921433e-01 4.183099e+00
      vertex   4.917784e+00 9.029926e-01 1.000000e+00
    endloop
  endfacet
  facet normal 9.835569e-01 1.805985e-01 2.589915e-04
    outer loop
      vertex   4.917784e+00 9.029926e-01 1.000000e+00
      vertex   4.900577e+00 9.921433e-01 4.183099e+00
      vertex   4.933371e+00 8.135442e-01 4.183099e+00
    endloop
  endfacet
  facet normal 9.866741e-01 1.627088e-01 -2.589915e-04
    outer loop
      vertex   4.917784e+00 9.029926e-01 1.000000e+00
      vertex   4.933371e+00 8.135442e-01 4.183099e+00
      vertex   4.947330e+00 7.238274e-01 1.000000e+00
    endloop
  endfacet
  facet normal 9.894660e-01 1.447655e-01 2.589915e-04
    outer loop
      vertex   4.947330e+00 7.238274e-01 1.000000e+00
      vertex   4.933371e+00 8.135442e-01 4.183099e+00
      vertex   4.959658e+00 6.338720e-01 4.183099e+00
    endloop
  endfacet
  facet normal 9.919315e-01 1.267744e-01 -2.589915e-04
    outer loop
      vertex   4.947330e+00 7.238274e-01 1.000000e+00
      vertex   4.959658e+00 6.338720e-01 4.183099e+00
      vertex   4.970350e+00 5.437076e-01 1.000000e+00
    endloop
  endfacet
  facet normal 9.940700e-01 1.087415e-01 2.589915e-04
    outer loop
      vertex   4.970350e+00 5.437076e-01 1.000000e+00
      vertex   4.959658e+00 6.338720e-01 4.183099e+00
      vertex   4.979404e+00 4.533638e-01 4.183099e+00
    endloop
  endfacet
  facet normal 9.958807e-01 9.067277e-02 -2.589915e-04
    outer loop
      vertex   4.970350e+00 5.437076e-01 1.000000e+00
      vertex   4.979404e+00 4.533638e-01 4.183099e+00
      vertex   4.986815e+00 3.628706e-01 1.000000e+00
    endloop
  endfacet
  facet normal 9.973630e-01 7.257412e-02 2.589915e-04
    outer loop
      vertex   4.986815e+00 3.628706e-01 1.000000e+00
      vertex   4.979404e+00 4.533638e-01 4.183099e+00
      vertex   4.992582e+00 2.722577e-01 4.183099e+00
    endloop
  endfacet
  facet normal 9.985164e-01 5.445154e-02 -2.589915e-04
    outer loop
      vertex   4.986815e+00 3.628706e-01 1.000000e+00
      vertex   4.992582e+00 2.722577e-01 4.183099e+00
      vertex   4.996703e+00 1.815550e-01 1.000000e+00
    endloop
  endfacet
  facet normal 9.993405e-01 3.631100e-02 2.589915e-04
    outer loop
      vertex   4.996703e+00 1.815550e-01 1.000000e+00
      vertex   4.992582e+00 2.722577e-01 4.183099e+00
      vertex   4.999176e+00 9.079249e-02 4.183099e+00
    endloop
  endfacet
  facet normal 9.998351e-01 -1.815850e-02 2.589915e-04
    outer loop
      vertex   4.996703e+00 -1.815550e-01 1.373240e+01
      vertex   4.999176e+00 -9.079249e-02 1.054930e+01
      vertex   5.000000e+00 0.000000e+00 1.373240e+01
    endloop
  endfacet
  facet normal 1.000000e+00 5.980157e-21 -2.589915e-04
    outer loop
      vertex   5.000000e+00 0.000000e+00 1.373240e+01
      vertex   4.999176e+00 -9.079249e-02 1.054930e+01
      vertex   4.999176e+00 9.079249e-02 1.054930e+01
    endloop
  endfacet
  facet normal 9.998351e-01 1.815850e-02 2.589915e-04
    outer loop
      vertex   5.000000e+00 0.000000e+00 1.373240e+01
      vertex   4.999176e+00 9.079249e-02 1.054930e+01
      vertex   4.996703e+00 1.815550e-01 1.373240e+01
    endloop
  endfacet
  facet normal 9.993405e-01 3.631100e-02 -2.589915e-04
    outer loop
      vertex   4.996703e+00 1.815550e-01 1.373240e+01
      vertex   4.999176e+00 9.079249e-02 1.054930e+01
      vertex   4.992582e+00 2.722577e-01 1.054930e+01
    endloop
  endfacet
  facet normal 9.985164e-01 5.445154e-02 2.589915e-04
    outer loop
      vertex   4.996703e+00 1.815550e-01 1.373240e+01
      vertex   4.992582e+00 2.722577e-01 1.054930e+01
      vertex   4.986815e+00 3.628706e-01 1.373240e+01
    endloop
  endfacet
  facet normal 9.973630e-01 7.257412e-02 -2.589915e-04
    outer loop
      vertex   4.986815e+00 3.628706e-01 1.373240e+01
      vertex   4.992582e+00 2.722577e-01 1.054930e+01
      vertex   4.979404e+00 4.533638e-01 1.054930e+01
    endloop
  endfacet
  facet normal 9.958807e-01 9.067277e-02 2.589915e-04
    outer loop
      vertex   4.986815e+00 3.628706e-01 1.373240e+01
      vertex   4.979404e+00 4.533638e-01 1.054930e+01
      vertex   4.970350e+00 5.437076e-01 1.373240e+01
    endloop
  endfacet
  facet normal 9.940700e-01 1.087415e-01 -2.589915e-04
    outer loop
      vertex   4.970350e+00 5.437076e-01 1.373240e+01
      vertex   4.979404e+00 4.533638e-01 1.054930e+01
      vertex   4.959658e+00 6.338720e-01 1.054930e+01
    endloop
  endfacet
  facet normal 9.919315e-01 1.267744e-01 2.589915e-04
    outer loop
      vertex   4.970350e+00 5.437076e-01 1.373240e+01
      vertex   4.959658e+00 6.338720e-01 1.054930e+01
      vertex   4.947330e+00 7.238274e-01 1.373240e+01
    endloop
  endfacet
  facet normal 9.894660e-01 1.447655e-01 -2.589915e-04
    outer loop
      vertex   4.947330e+00 7.238274e-01 1.373240e+01
      vertex   4.959658e+00 6.338720e-01 1.054930e+01
      vertex   4.933371e+00 8.135442e-01 1.054930e+01
    endloop
  endfacet
  facet normal 9.866741e-01 1.627088e-01 2.589915e-04
    outer loop
      vertex   4.947330e+00 7.238274e-01 1.373240e+01
      vertex   4.933371e+00 8.135442e-01 1.054930e+01
      vertex   4.917784e+00 9.029926e-01 1.373240e+01
    endloop
  endfacet
  facet normal 9.835569e-01 1.805985e-01 -2.589915e-04
    outer loop
      vertex   4.917784e+00 9.029926e-01 1.373240e+01
      vertex   4.933371e+00 8.135442e-01 1.054930e+01
      vertex   4.900577e+00 9.921433e-01 1.054930e+01
    endloop
  endfacet
  facet normal 9.801153e-01 1.984287e-01 2.589915e-04
    outer loop
      vertex   4.917784e+00 9.029926e-01 1.373240e+01
      vertex   4.900577e+00 9.921433e-01 1.054930e+01
      vertex   4.881753e+00 1.080967e+00 1.373240e+01
    endloop
  endfacet
  facet normal 9.763505e-01 2.161934e-01 -2.589915e-04
    outer loop
      vertex   4.881753e+00 1.080967e+00 1.373240e+01
      vertex   4.900577e+00 9.921433e-01 1.054930e+01
      vertex   4.861319e+00 1.169434e+00 1.054930e+01
    endloop
  endfacet
  facet normal 9.722638e-01 2.338868e-01 2.589915e-04
    outer loop
      vertex   4.881753e+00 1.080967e+00 1.373240e+01
      vertex   4.861319e+00 1.169434e+00 1.054930e+01
      vertex   4.839283e+00 1.257515e+00 1.373240e+01
    endloop
  endfacet
  facet normal 9.678565e-01 2.515031e-01 -2.589915e-04
    outer loop
      vertex   4.839283e+00 1.257515e+00 1.373240e+01
      vertex   4.861319e+00 1.169434e+00 1.054930e+01
      vertex   4.815650e+00 1.345182e+00 1.054930e+01
    endloop
  endfacet
  facet normal 9.631300e-01 2.690364e-01 2.589915e-04
    outer loop
      vertex   4.839283e+00 1.257515e+00 1.373240e+01
      vertex   4.815650e+00 1.345182e+00 1.054930e+01
      vertex   4.790430e+00 1.432405e+00 1.373240e+01
    endloop
  endfacet
  facet normal 9.580859e-01 2.864810e-01 -2.589915e-04
    outer loop
      vertex   4.790430e+00 1.432405e+00 1.373240e+01
      vertex   4.815650e+00 1.345182e+00 1.054930e+01
      vertex   4.763629e+00 1.519156e+00 1.054930e+01
    endloop
  endfacet
  facet normal 9.527258e-01 3.038312e-01 2.589915e-04
    outer loop
      vertex   4.790430e+00 1.432405e+00 1.373240e+01
      vertex   4.763629e+00 1.519156e+00 1.054930e+01
      vertex   4.735258e+00 1.605406e+00 1.373240e+01
    endloop
  endfacet
  facet normal 9.470516e-01 3.210812e-01 -2.589915e-04
    outer loop
      vertex   4.735258e+00 1.605406e+00 1.373240e+01
      vertex   4.763629e+00 1.519156e+00 1.054930e+01
      vertex   4.705326e+00 1.691126e+00 1.054930e+01
    endloop
  endfacet
  facet normal 9.410651e-01 3.382253e-01 2.589915e-04
    outer loop
      vertex   4.735258e+00 1.605406e+00 1.373240e+01
      vertex   4.705326e+00 1.691126e+00 1.054930e+01
      vertex   4.673842e+00 1.776289e+00 1.373240e+01
    endloop
  endfacet
  facet normal 9.347683e-01 3.552578e-01 -2.589915e-04
    outer loop
      vertex   4.673842e+00 1.776289e+00 1.373240e+01
      vertex   4.705326e+00 1.691126e+00 1.054930e+01
      vertex   4.640816e+00 1.860866e+00 1.054930e+01
    endloop
  endfacet
  facet normal 9.281632e-01 3.721733e-01 2.589915e-04
    outer loop
      vertex   4.673842e+00 1.776289e+00 1.373240e+01
      vertex   4.640816e+00 1.860866e+00 1.054930e+01
      vertex   4.606261e+00 1.944830e+00 1.373240e+01
    endloop
  endfacet
  facet normal 9.212521e-01 3.889659e-01 -2.589915e-04
    outer loop
      vertex   4.606261e+00 1.944830e+00 1.373240e+01
      vertex   4.640816e+00 1.860866e+00 1.054930e+01
      vertex   4.570186e+00 2.028152e+00 1.054930e+01
    endloop
  endfacet
  facet normal 9.140372e-01 4.056304e-01 2.589915e-04
    outer loop
      vertex   4.606261e+00 1.944830e+00 1.373240e+01
      vertex   4.570186e+00 2.028152e+00 1.054930e+01
      vertex   4.532604e+00 2.110805e+00 1.373240e+01
    endloop
  endfacet
  facet normal 9.065208e-01 4.221610e-01 -2.589915e-04
    outer loop
      vertex   4.532604e+00 2.110805e+00 1.373240e+01
      vertex   4.570186e+00 2.028152e+00 1.054930e+01
      vertex   4.493528e+00 2.192762e+00 1.054930e+01
    endloop
  endfacet
  facet normal 8.987055e-01 4.385525e-01 2.589915e-04
    outer loop
      vertex   4.532604e+00 2.110805e+00 1.373240e+01
      vertex   4.493528e+00 2.192762e+00 1.054930e+01
      vertex   4.452970e+00 2.273997e+00 1.373240e+01
    endloop
  endfacet
  facet normal 8.905939e-01 4.547993e-01 -2.589915e-04
    outer loop
      vertex   4.452970e+00 2.273997e+00 1.373240e+01
      vertex   4.493528e+00 2.192762e+00 1.054930e+01
      vertex   4.410943e+00 2.354481e+00 1.054930e+01
    endloop
  endfacet
  facet normal 8.821886e-01 4.708962e-01 2.589915e-04
    outer loop
      vertex   4.452970e+00 2.273997e+00 1.373240e+01
      vertex   4.410943e+00 2.354481e+00 1.054930e+01
      vertex   4.367462e+00 2.434189e+00 1.373240e+01
    endloop
  endfacet
  facet normal 8.734924e-01 4.868377e-01 -2.589915e-04
    outer loop
      vertex   4.367462e+00 2.434189e+00 1.373240e+01
      vertex   4.410943e+00 2.354481e+00 1.054930e+01
      vertex   4.322541e+00 2.513094e+00 1.054930e+01
    endloop
  endfacet
  facet normal 8.645081e-01 5.026188e-01 2.589915e-04
    outer loop
      vertex   4.367462e+00 2.434189e+00 1.373240e+01
      vertex   4.322541e+00 2.513094e+00 1.054930e+01
      vertex   4.276194e+00 2.591171e+00 1.373240e+01
    endloop
  endfacet
  facet normal 8.552388e-01 5.182341e-01 -2.589915e-04
    outer loop
      vertex   4.276194e+00 2.591171e+00 1.373240e+01
      vertex   4.322541e+00 2.513094e+00 1.054930e+01
      vertex   4.228437e+00 2.668393e+00 1.054930e+01
    endloop
  endfacet
  facet normal 8.456874e-01 5.336785e-01 2.589915e-04
    outer loop
      vertex   4.276194e+00 2.591171e+00 1.373240e+01
      vertex   4.228437e+00 2.668393e+00 1.054930e+01
      vertex   4.179286e+00 2.744735e+00 1.373240e+01
    endloop
  endfacet
  facet normal 8.358572e-01 5.489469e-01 -2.589915e-04
    outer loop
      vertex   4.179286e+00 2.744735e+00 1.373240e+01
      vertex   4.228437e+00 2.668393e+00 1.054930e+01
      vertex   4.128757e+00 2.820172e+00 1.054930e+01
    endloop
  endfacet
  facet normal 8.257513e-01 5.640343e-01 2.589915e-04
    outer loop
      vertex   4.179286e+00 2.744735e+00 1.373240e+01
      vertex   4.128757e+00 2.820172e+00 1.054930e+01
      vertex   4.076866e+00 2.894679e+00 1.373240e+01
    endloop
  endfacet
  facet normal 8.153731e-01 5.789357e-01 -2.589915e-04
    outer loop
      vertex   4.076866e+00 2.894679e+00 1.373240e+01
      vertex   4.128757e+00 2.820172e+00 1.054930e+01
      vertex   4.023631e+00 2.968231e+00 1.054930e+01
    endloop
  endfacet
  facet normal 8.047261e-01 5.936462e-01 2.589915e-04
    outer loop
      vertex   4.076866e+00 2.894679e+00 1.373240e+01
      vertex   4.023631e+00 2.968231e+00 1.054930e+01
      vertex   3.969069e+00 3.040805e+00 1.373240e+01
    endloop
  endfacet
  facet normal 7.938137e-01 6.081609e-01 -2.589915e-04
    outer loop
      vertex   3.969069e+00 3.040805e+00 1.373240e+01
      vertex   4.023631e+00 2.968231e+00 1.054930e+01
      vertex   3.913198e+00 3.112376e+00 1.054930e+01
    endloop
  endfacet
  facet normal 7.826395e-01 6.224751e-01 2.589915e-04
    outer loop
      vertex   3.969069e+00 3.040805e+00 1.373240e+01
      vertex   3.913198e+00 3.112376e+00 1.054930e+01
      vertex   3.856037e+00 3.182920e+00 1.373240e+01
    endloop
  endfacet
  facet normal 7.712073e-01 6.365841e-01 -2.589915e-04
    outer loop
      vertex   3.856037e+00 3.182920e+00 1.373240e+01
      vertex   3.913198e+00 3.112376e+00 1.054930e+01
      vertex   3.797604e+00 3.252415e+00 1.054930e+01
    endloop
  endfacet
  facet normal 7.595207e-01 6.504831e-01 2.589915e-04
    outer loop
      vertex   3.856037e+00 3.182920e+00 1.373240e+01
      vertex   3.797604e+00 3.252415e+00 1.054930e+01
      vertex   3.737919e+00 3.320838e+00 1.373240e+01
    endloop
  endfacet
  facet normal 7.475837e-01 6.641676e-01 -2.589915e-04
    outer loop
      vertex   3.737919e+00 3.320838e+00 1.373240e+01
      vertex   3.797604e+00 3.252415e+00 1.054930e+01
      vertex   3.677001e+00 3.388165e+00 1.054930e+01
    endloop
  endfacet
  facet normal 7.354001e-01 6.776331e-01 2.589915e-04
    outer loop
      vertex   3.737919e+00 3.320838e+00 1.373240e+01
      vertex   3.677001e+00 3.388165e+00 1.054930e+01
      vertex   3.614871e+00 3.454376e+00 1.373240e+01
    endloop
  endfacet
  facet normal 7.229741e-01 6.908751e-01 -2.589915e-04
    outer loop
      vertex   3.614871e+00 3.454376e+00 1.373240e+01
      vertex   3.677001e+00 3.388165e+00 1.054930e+01
      vertex   3.551548e+00 3.519447e+00 1.054930e+01
    endloop
  endfacet
  facet normal 7.103096e-01 7.038893e-01 2.589915e-04
    outer loop
      vertex   3.614871e+00 3.454376e+00 1.373240e+01
      vertex   3.551548e+00 3.519447e+00 1.054930e+01
      vertex   3.487055e+00 3.583357e+00 1.373240e+01
    endloop
  endfacet
  facet normal 6.974109e-01 7.166714e-01 -2.589915e-04
    outer loop
      vertex   3.487055e+00 3.583357e+00 1.373240e+01
      vertex   3.551548e+00 3.519447e+00 1.054930e+01
      vertex   3.421412e+00 3.646086e+00 1.054930e+01
    endloop
  endfacet
  facet normal 6.842823e-01 7.292172e-01 2.589915e-04
    outer loop
      vertex   3.487055e+00 3.583357e+00 1.373240e+01
      vertex   3.421412e+00 3.646086e+00 1.054930e+01
      vertex   3.354640e+00 3.707613e+00 1.373240e+01
    endloop
  endfacet
  facet normal 6.709280e-01 7.415225e-01 -2.589915e-04
    outer loop
      vertex   3.354640e+00 3.707613e+00 1.373240e+01
      vertex   3.421412e+00 3.646086e+00 1.054930e+01
      vertex   3.286762e+00 3.767916e+00 1.054930e+01
    endloop
  endfacet
  facet normal 6.573524e-01 7.535833e-01 2.589915e-04
    outer loop
      vertex   3.354640e+00 3.707613e+00 1.373240e+01
      vertex   3.286762e+00 3.767916e+00 1.054930e+01
      vertex   3.217801e+00 3.826978e+00 1.373240e+01
    endloop
  endfacet
  facet normal 6.435601e-01 7.653955e-01 -2.589915e-04
    outer loop
      vertex   3.217801e+00 3.826978e+00 1.373240e+01
      vertex   3.286762e+00 3.767916e+00 1.054930e+01
      vertex   3.147778e+00 3.884777e+00 1.054930e+01
    endloop
  endfacet
  facet normal 6.295556e-01 7.769554e-01 2.589915e-04
    outer loop
      vertex   3.217801e+00 3.826978e+00 1.373240e+01
      vertex   3.147778e+00 3.884777e+00 1.054930e+01
      vertex   3.076717e+00 3.941296e+00 1.373240e+01
    endloop
  endfacet
  facet normal 6.153434e-01 7.882591e-01 -2.589915e-04
    outer loop
      vertex   3.076717e+00 3.941296e+00 1.373240e+01
      vertex   3.147778e+00 3.884777e+00 1.054930e+01
      vertex   3.004642e+00 3.996514e+00 1.054930e+01
    endloop
  endfacet
  facet normal 6.009283e-01 7.993029e-01 2.589915e-04
    outer loop
      vertex   3.076717e+00 3.941296e+00 1.373240e+01
      vertex   3.004642e+00 3.996514e+00 1.054930e+01
      vertex   2.931576e+00 4.050415e+00 1.373240e+01
    endloop
  endfacet
  facet normal 5.863151e-01 8.100830e-01 -2.589915e-04
    outer loop
      vertex   2.931576e+00 4.050415e+00 1.373240e+01
      vertex   3.004642e+00 3.996514e+00 1.054930e+01
      vertex   2.857543e+00 4.102980e+00 1.054930e+01
    endloop
  endfacet
  facet normal 5.715086e-01 8.205961e-01 2.589915e-04
    outer loop
      vertex   2.931576e+00 4.050415e+00 1.373240e+01
      vertex   2.857543e+00 4.102980e+00 1.054930e+01
      vertex   2.782568e+00 4.154193e+00 1.373240e+01
    endloop
  endfacet
  facet normal 5.565135e-01 8.308385e-01 -2.589915e-04
    outer loop
      vertex   2.782568e+00 4.154193e+00 1.373240e+01
      vertex   2.857543e+00 4.102980e+00 1.054930e+01
      vertex   2.706675e+00 4.204035e+00 1.054930e+01
    endloop
  endfacet
  facet normal 5.413350e-01 8.408070e-01 2.589915e-04
    outer loop
      vertex   2.782568e+00 4.154193e+00 1.373240e+01
      vertex   2.706675e+00 4.204035e+00 1.054930e+01
      vertex   2.629890e+00 4.252491e+00 1.373240e+01
    endloop
  endfacet
  facet normal 5.259780e-01 8.504982e-01 -2.589915e-04
    outer loop
      vertex   2.629890e+00 4.252491e+00 1.373240e+01
      vertex   2.706675e+00 4.204035e+00 1.054930e+01
      vertex   2.552237e+00 4.299545e+00 1.054930e+01
    endloop
  endfacet
  facet normal 5.104475e-01 8.599089e-01 2.589915e-04
    outer loop
      vertex   2.629890e+00 4.252491e+00 1.373240e+01
      vertex   2.552237e+00 4.299545e+00 1.054930e+01
      vertex   2.473743e+00 4.345181e+00 1.373240e+01
    endloop
  endfacet
  facet normal 4.947487e-01 8.690361e-01 -2.589915e-04
    outer loop
      vertex   2.473743e+00 4.345181e+00 1.373240e+01
      vertex   2.552237e+00 4.299545e+00 1.054930e+01
      vertex   2.394434e+00 4.389384e+00 1.054930e+01
    endloop
  endfacet
  facet normal 4.788867e-01 8.778767e-01 2.589915e-04
    outer loop
      vertex   2.473743e+00 4.345181e+00 1.373240e+01
      vertex   2.394434e+00 4.389384e+00 1.054930e+01
      vertex   2.314334e+00 4.432139e+00 1.373240e+01
    endloop
  endfacet
  facet normal 4.628668e-01 8.864278e-01 -2.589915e-04
    outer loop
      vertex   2.314334e+00 4.432139e+00 1.373240e+01
      vertex   2.394434e+00 4.389384e+00 1.054930e+01
      vertex   2.233472e+00 4.473433e+00 1.054930e+01
    endloop
  endfacet
  facet normal 4.466943e-01 8.946866e-01 2.589915e-04
    outer loop
      vertex   2.314334e+00 4.432139e+00 1.373240e+01
      vertex   2.233472e+00 4.473433e+00 1.054930e+01
      vertex   2.151873e+00 4.513252e+00 1.373240e+01
    endloop
  endfacet
  facet normal 4.303745e-01 9.026504e-01 -2.589915e-04
    outer loop
      vertex   2.151873e+00 4.513252e+00 1.373240e+01
      vertex   2.233472e+00 4.473433e+00 1.054930e+01
      vertex   2.069564e+00 4.551583e+00 1.054930e+01
    endloop
  endfacet
  facet normal 4.139128e-01 9.103165e-01 2.589915e-04
    outer loop
      vertex   2.151873e+00 4.513252e+00 1.373240e+01
      vertex   2.069564e+00 4.551583e+00 1.054930e+01
      vertex   1.986573e+00 4.588412e+00 1.373240e+01
    endloop
  endfacet
  facet normal 3.973145e-01 9.176825e-01 -2.589915e-04
    outer loop
      vertex   1.986573e+00 4.588412e+00 1.373240e+01
      vertex   2.069564e+00 4.551583e+00 1.054930e+01
      vertex   1.902927e+00 4.623729e+00 1.054930e+01
    endloop
  endfacet
  facet normal 3.805853e-01 9.247458e-01 2.589915e-04
    outer loop
      vertex   1.986573e+00 4.588412e+00 1.373240e+01
      vertex   1.902927e+00 4.623729e+00 1.054930e+01
      vertex   1.818653e+00 4.657521e+00 1.373240e+01
    endloop
  endfacet
  facet normal 3.637305e-01 9.315042e-01 -2.589915e-04
    outer loop
      vertex   1.818653e+00 4.657521e+00 1.373240e+01
      vertex   1.902927e+00 4.623729e+00 1.054930e+01
      vertex   1.733779e+00 4.689777e+00 1.054930e+01
    endloop
  endfacet
  facet normal 3.467559e-01 9.379554e-01 2.589915e-04
    outer loop
      vertex   1.818653e+00 4.657521e+00 1.373240e+01
      vertex   1.733779e+00 4.689777e+00 1.054930e+01
      vertex   1.648334e+00 4.720487e+00 1.373240e+01
    endloop
  endfacet
  facet normal 3.296668e-01 9.440973e-01 -2.589915e-04
    outer loop
      vertex   1.648334e+00 4.720487e+00 1.373240e+01
      vertex   1.733779e+00 4.689777e+00 1.054930e+01
      vertex   1.562345e+00 4.749640e+00 1.054930e+01
    endloop
  endfacet
  facet normal 3.124691e-01 9.499279e-01 2.589915e-04
    outer loop
      vertex   1.648334e+00 4.720487e+00 1.373240e+01
      vertex   1.562345e+00 4.749640e+00 1.054930e+01
      vertex   1.475842e+00 4.777226e+00 1.373240e+01
    endloop
  endfacet
  facet normal 2.951683e-01 9.554452e-01 -2.589915e-04
    outer loop
      vertex   1.475842e+00 4.777226e+00 1.373240e+01
      vertex   1.562345e+00 4.749640e+00 1.054930e+01
      vertex   1.388851e+00 4.803238e+00 1.054930e+01
    endloop
  endfacet
  facet normal 2.777702e-01 9.606475e-01 2.589915e-04
    outer loop
      vertex   1.475842e+00 4.777226e+00 1.373240e+01
      vertex   1.388851e+00 4.803238e+00 1.054930e+01
      vertex   1.301402e+00 4.827665e+00 1.373240e+01
    endloop
  endfacet
  facet normal 2.602805e-01 9.655330e-01 -2.589915e-04
    outer loop
      vertex   1.301402e+00 4.827665e+00 1.373240e+01
      vertex   1.388851e+00 4.803238e+00 1.054930e+01
      vertex   1.213525e+00 4.850501e+00 1.054930e+01
    endloop
  endfacet
  facet normal 2.427049e-01 9.701001e-01 2.589915e-04
    outer loop
      vertex   1.301402e+00 4.827665e+00 1.373240e+01
      vertex   1.213525e+00 4.850501e+00 1.054930e+01
      vertex   1.125247e+00 4.871737e+00 1.373240e+01
    endloop
  endfacet
  facet normal 2.250493e-01 9.743473e-01 -2.589915e-04
    outer loop
      vertex   1.125247e+00 4.871737e+00 1.373240e+01
      vertex   1.213525e+00 4.850501e+00 1.054930e+01
      vertex   1.036598e+00 4.891366e+00 1.054930e+01
    endloop
  endfacet
  facet normal 2.073196e-01 9.782732e-01 2.589915e-04
    outer loop
      vertex   1.125247e+00 4.871737e+00 1.373240e+01
      vertex   1.036598e+00 4.891366e+00 1.054930e+01
      vertex   9.476070e-01 4.909383e+00 1.373240e+01
    endloop
  endfacet
  facet normal 1.895214e-01 9.818766e-01 -2.589915e-04
    outer loop
      vertex   9.476070e-01 4.909383e+00 1.373240e+01
      vertex   1.036598e+00 4.891366e+00 1.054930e+01
      vertex   8.583038e-01 4.925781e+00 1.054930e+01
    endloop
  endfacet
  facet normal 1.716608e-01 9.851561e-01 2.589915e-04
    outer loop
      vertex   9.476070e-01 4.909383e+00 1.373240e+01
      vertex   8.583038e-01 4.925781e+00 1.054930e+01
      vertex   7.687175e-01 4.940554e+00 1.373240e+01
    endloop
  endfacet
  facet normal 1.537435e-01 9.881108e-01 -2.589915e-04
    outer loop
      vertex   7.687175e-01 4.940554e+00 1.373240e+01
      vertex   8.583038e-01 4.925781e+00 1.054930e+01
      vertex   6.788777e-01 4.953698e+00 1.054930e+01
    endloop
  endfacet
  facet normal 1.357755e-01 9.907396e-01 2.589915e-04
    outer loop
      vertex   7.687175e-01 4.940554e+00 1.373240e+01
      vertex   6.788777e-01 4.953698e+00 1.054930e+01
      vertex   5.888141e-01 4.965209e+00 1.373240e+01
    endloop
  endfacet
  facet normal 1.177628e-01 9.930417e-01 -2.589915e-04
    outer loop
      vertex   5.888141e-01 4.965209e+00 1.373240e+01
      vertex   6.788777e-01 4.953698e+00 1.054930e+01
      vertex   4.985563e-01 4.975082e+00 1.054930e+01
    endloop
  endfacet
  facet normal 9.971125e-02 9.950164e-01 2.589915e-04
    outer loop
      vertex   5.888141e-01 4.965209e+00 1.373240e+01
      vertex   4.985563e-01 4.975082e+00 1.054930e+01
      vertex   4.081340e-01 4.983315e+00 1.373240e+01
    endloop
  endfacet
  facet normal 8.162681e-02 9.966629e-01 -2.589915e-04
    outer loop
      vertex   4.081340e-01 4.983315e+00 1.373240e+01
      vertex   4.985563e-01 4.975082e+00 1.054930e+01
      vertex   3.175772e-01 4.989904e+00 1.054930e+01
    endloop
  endfacet
  facet normal 6.351545e-02 9.979808e-01 2.589915e-04
    outer loop
      vertex   4.081340e-01 4.983315e+00 1.373240e+01
      vertex   3.175772e-01 4.989904e+00 1.054930e+01
      vertex   2.269157e-01 4.994848e+00 1.373240e+01
    endloop
  endfacet
  facet normal 4.538314e-02 9.989696e-01 -2.589915e-04
    outer loop
      vertex   2.269157e-01 4.994848e+00 1.373240e+01
      vertex   3.175772e-01 4.989904e+00 1.054930e+01
      vertex   1.361794e-01 4.998145e+00 1.054930e+01
    endloop
  endfacet
  facet normal 2.723587e-02 9.996290e-01 2.589915e-04
    outer loop
      vertex   2.269157e-01 4.994848e+00 1.373240e+01
      vertex   1.361794e-01 4.998145e+00 1.054930e+01
      vertex   4.539811e-02 4.999794e+00 1.373240e+01
    endloop
  endfacet
  facet normal 9.079622e-03 9.999587e-01 -2.589915e-04
    outer loop
      vertex   4.539811e-02 4.999794e+00 1.373240e+01
      vertex   1.361794e-01 4.998145e+00 1.054930e+01
      vertex   -4.539811e-02 4.999794e+00 1.054930e+01
    endloop
  endfacet
  facet normal -9.079622e-03 9.999587e-01 2.589915e-04
    outer loop
      vertex   4.539811e-02 4.999794e+00 1.373240e+01
      vertex   -4.539811e-02 4.999794e+00 1.054930e+01
      vertex   -1.361794e-01 4.998145e+00 1.373240e+01
    endloop
  endfacet
  facet normal -2.723587e-02 9.996290e-01 -2.589915e-04
    outer loop
      vertex   -1.361794e-01 4.998145e+00 1.373240e+01
      vertex   -4.539811e-02 4.999794e+00 1.054930e+01
      vertex   -2.269157e-01 4.994848e+00 1.054930e+01
    endloop
  endfacet
  facet normal -4.538314e-02 9.989696e-01 2.589915e-04
    outer loop
      vertex   -1.361794e-01 4.998145e+00 1.373240e+01
      vertex   -2.269157e-01 4.994848e+00 1.054930e+01
      vertex   -3.175772e-01 4.989904e+00 1.373240e+01
    endloop
  endfacet
  facet normal -6.351545e-02 9.979808e-01 -2.589915e-04
    outer loop
      vertex   -3.175772e-01 4.989904e+00 1.373240e+01
      vertex   -2.269157e-01 4.994848e+00 1.054930e+01
      vertex   -4.081340e-01 4.983315e+00 1.054930e+01
    endloop
  endfacet
  facet normal -8.162681e-02 9.966629e-01 2.589915e-04
    outer loop
      vertex   -3.175772e-01 4.989904e+00 1.373240e+01
      vertex   -4.081340e-01 4.983315e+00 1.054930e+01
      vertex   -4.985563e-01 4.975082e+00 1.373240e+01
    endloop
  endfacet
  facet normal -9.971125e-02 9.950164e-01 -2.589915e-04
    outer loop
      vertex   -4.985563e-01 4.975082e+00 1.373240e+01
      vertex   -4.081340e-01 4.983315e+00 1.054930e+01
      vertex   -5.888141e-01 4.965209e+00 1.054930e+01
    endloop
  endfacet
  facet normal -1.177628e-01 9.930417e-01 2.589915e-04
    outer loop
      vertex   -4.985563e-01 4.975082e+00 1.373240e+01
      vertex   -5.888141e-01 4.965209e+00 1.054930e+01
      vertex   -6.788777e-01 4.953698e+00 1.373240e+01
    endloop
  endfacet
  facet normal -1.357755e-01 9.907396e-01 -2.589915e-04
    outer loop
      vertex   -6.788777e-01 4.953698e+00 1.373240e+01
      vertex   -5.888141e-01 4.965209e+00 1.054930e+01
      vertex   -7.687175e-01 4.940554e+00 1.054930e+01
    endloop
  endfacet
  facet normal -1.537435e-01 9.881108e-01 2.589915e-04
    outer loop
      vertex   -6.788777e-01 4.953698e+00 1.373240e+01
      vertex   -7.687175e-01 4.940554e+00 1.054930e+01
      vertex   -8.583038e-01 4.925781e+00 1.373240e+01
    endloop
  endfacet
  facet normal -1.716608e-01 9.851561e-01 -2.589915e-04
    outer loop
      vertex   -8.583038e-01 4.925781e+00 1.373240e+01
      vertex   -7.687175e-01 4.940554e+00 1.054930e+01
      vertex   -9.476070e-01 4.909383e+00 1.054930e+01
    endloop
  endfacet
  facet normal -1.895214e-01 9.818766e-01 2.589915e-04
    outer loop
      vertex   -8.583038e-01 4.925781e+00 1.373240e+01
      vertex   -9.476070e-01 4.909383e+00 1.054930e+01
      vertex   -1.036598e+00 4.891366e+00 1.373240e+01
    endloop
  endfacet
  facet normal -2.073196e-01 9.782732e-01 -2.589915e-04
    outer loop
      vertex   -1.036598e+00 4.891366e+00 1.373240e+01
      vertex   -9.476070e-01 4.909383e+00 1.054930e+01
      vertex   -1.125247e+00 4.871737e+00 1.054930e+01
    endloop
  endfacet
  facet normal -2.250493e-01 9.743473e-01 2.589915e-04
    outer loop
      vertex   -1.036598e+00 4.891366e+00 1.373240e+01
      vertex   -1.125247e+00 4.871737e+00 1.054930e+01
      vertex   -1.213525e+00 4.850501e+00 1.373240e+01
    endloop
  endfacet
  facet normal -2.427049e-01 9.701001e-01 -2.589915e-04
    outer loop
      vertex   -1.213525e+00 4.850501e+00 1.373240e+01
      vertex   -1.125247e+00 4.871737e+00 1.054930e+01
      vertex   -1.301402e+00 4.827665e+00 1.054930e+01
    endloop
  endfacet
  facet normal -2.602805e-01 9.655330e-01 2.589915e-04
    outer loop
      vertex   -1.213525e+00 4.850501e+00 1.373240e+01
      vertex   -1.301402e+00 4.827665e+00 1.054930e+01
      vertex   -1.388851e+00 4.803238e+00 1.373240e+01
    endloop
  endfacet
  facet normal -2.777702e-01 9.606475e-01 -2.589915e-04
    outer loop
      vertex   -1.388851e+00 4.803238e+00 1.373240e+01
      vertex   -1.301402e+00 4.827665e+00 1.054930e+01
      vertex   -1.475842e+00 4.777226e+00 1.054930e+01
    endloop
  endfacet
  facet normal -2.951683e-01 9.554452e-01 2.589915e-04
    outer loop
      vertex   -1.388851e+00 4.803238e+00 1.373240e+01
      vertex   -1.475842e+00 4.777226e+00 1.054930e+01
      vertex   -1.562345e+00 4.749640e+00 1.373240e+01
    endloop
  endfacet
  facet normal -3.124691e-01 9.499279e-01 -2.589915e-04
    outer loop
      vertex   -1.562345e+00 4.749640e+00 1.373240e+01
      vertex   -1.475842e+00 4.777226e+00 1.054930e+01
      vertex   -1.648334e+00 4.720487e+00 1.054930e+01
    endloop
  endfacet
  facet normal -3.296668e-01 9.440973e-01 2.589915e-04
    outer loop
      vertex   -1.562345e+00 4.749640e+00 1.373240e+01
      vertex   -1.648334e+00 4.720487e+00 1.054930e+01
      vertex   -1.733779e+00 4.689777e+00 1.373240e+01
    endloop
  endfacet
  facet normal -3.467559e-01 9.379554e-01 -2.589915e-04
    outer loop
      vertex   -1.733779e+00 4.689777e+00 1.373240e+01
      vertex   -1.648334e+00 4.720487e+00 1.054930e+01
      vertex   -1.818653e+00 4.657521e+00 1.054930e+01
    endloop
  endfacet
  facet normal -3.637305e-01 9.315042e-01 2.589915e-04
    outer loop
      vertex   -1.733779e+00 4.689777e+00 1.373240e+01
      vertex   -1.818653e+00 4.657521e+00 1.054930e+01
      vertex   -1.902927e+00 4.623729e+00 1.373240e+01
    endloop
  endfacet
  facet normal -3.805853e-01 9.247458e-01 -2.589915e-04
    outer loop
      vertex   -1.902927e+00 4.623729e+00 1.373240e+01
      vertex   -1.818653e+00 4.657521e+00 1.054930e+01
      vertex   -1.986573e+00 4.588412e+00 1.054930e+01
    endloop
  endfacet
  facet normal -3.973145e-01 9.176825e-01 2.589915e-04
    outer loop
      vertex   -1.902927e+00 4.623729e+00 1.373240e+01
      vertex   -1.986573e+00 4.588412e+00 1.054930e+01
      vertex   -2.069564e+00 4.551583e+00 1.373240e+01
    endloop
  endfacet
  facet normal -4.139128e-01 9.103165e-01 -2.589915e-04
    outer loop
      vertex   -2.069564e+00 4.551583e+00 1.373240e+01
      vertex   -1.986573e+00 4.588412e+00 1.054930e+01
      vertex   -2.151873e+00 4.513252e+00 1.054930e+01
    endloop
  endfacet
  facet normal -4.303745e-01 9.026504e-01 2.589915e-04
    outer loop
      vertex   -2.069564e+00 4.551583e+00 1.373240e+01
      vertex   -2.151873e+00 4.513252e+00 1.054930e+01
      vertex   -2.233472e+00 4.473433e+00 1.373240e+01
    endloop
  endfacet
  facet normal -4.466943e-01 8.946866e-01 -2.589915e-04
    outer loop
      vertex   -2.233472e+00 4.473433e+00 1.373240e+01
      vertex   -2.151873e+00 4.513252e+00 1.054930e+01
      vertex   -2.314334e+00 4.432139e+00 1.054930e+01
    endloop
  endfacet
  facet normal -4.628668e-01 8.864278e-01 2.589915e-04
    outer loop
      vertex   -2.233472e+00 4.473433e+00 1.373240e+01
      vertex   -2.314334e+00 4.432139e+00 1.054930e+01
      vertex   -2.394434e+00 4.389384e+00 1.373240e+01
    endloop
  endfacet
  facet normal -4.788867e-01 8.778767e-01 -2.589915e-04
    outer loop
      vertex   -2.394434e+00 4.389384e+00 1.373240e+01
      vertex   -2.314334e+00 4.432139e+00 1.054930e+01
      vertex   -2.473743e+00 4.345181e+00 1.054930e+01
    endloop
  endfacet
  facet normal -4.947487e-01 8.690361e-01 2.589915e-04
    outer loop
      vertex   -2.394434e+00 4.389384e+00 1.373240e+01
      vertex   -2.473743e+00 4.345181e+00 1.054930e+01
      vertex   -2.552237e+00 4.299545e+00 1.373240e+01
    endloop
  endfacet
  facet normal -5.104475e-01 8.599089e-01 -2.589915e-04
    outer loop
      vertex   -2.552237e+00 4.299545e+00 1.373240e+01
      vertex   -2.473743e+00 4.345181e+00 1.054930e+01
      vertex   -2.629890e+00 4.252491e+00 1.054930e+01
    endloop
  endfacet
  facet normal -5.259780e-01 8.504982e-01 2.589915e-04
    outer loop
      vertex   -2.552237e+00 4.299545e+00 1.373240e+01
      vertex   -2.629890e+00 4.252491e+00 1.054930e+01
      vertex   -2.706675e+00 4.204035e+00 1.373240e+01
    endloop
  endfacet
  facet normal -5.413350e-01 8.408070e-01 -2.589915e-04
    outer loop
      vertex   -2.706675e+00 4.204035e+00 1.373240e+01
      vertex   -2.629890e+00 4.252491e+00 1.054930e+01
      vertex   -2.782568e+00 4.154193e+00 1.054930e+01
    endloop
  endfacet
  facet normal -5.565135e-01 8.308385e-01 2.589915e-04
    outer loop
      vertex   -2.706675e+00 4.204035e+00 1.373240e+01
      vertex   -2.782568e+00 4.154193e+00 1.054930e+01
      vertex   -2.857543e+00 4.102980e+00 1.373240e+01
    endloop
  endfacet
  facet normal -5.715086e-01 8.205961e-01 -2.589915e-04
    outer loop
      vertex   -2.857543e+00 4.102980e+00 1.373240e+01
      vertex   -2.782568e+00 4.154193e+00 1.054930e+01
      vertex   -2.931576e+00 4.050415e+00 1.054930e+01
    endloop
  endfacet
  facet normal -5.863151e-01 8.100830e-01 2.589915e-04
    outer loop
      vertex   -2.857543e+00 4.102980e+00 1.373240e+01
      vertex   -2.931576e+00 4.050415e+00 1.054930e+01
      vertex   -3.004642e+00 3.996514e+00 1.373240e+01
    endloop
  endfacet
  facet normal -6.009283e-01 7.993029e-01 -2.589915e-04
    outer loop
      vertex   -3.004642e+00 3.996514e+00 1.373240e+01
      vertex   -2.931576e+00 4.050415e+00 1.054930e+01
      vertex   -3.076717e+00 3.941296e+00 1.054930e+01
    endloop
  endfacet
  facet normal -6.153434e-01 7.882591e-01 2.589915e-04
    outer loop
      vertex   -3.004642e+00 3.996514e+00 1.373240e+01
      vertex   -3.076717e+00 3.941296e+00 1.054930e+01
      vertex   -3.147778e+00 3.884777e+00 1.373240e+01
    endloop
  endfacet
  facet normal -6.295556e-01 7.769554e-01 -2.589915e-04
    outer loop
      vertex   -3.147778e+00 3.884777e+00 1.373240e+01
      vertex   -3.076717e+00 3.941296e+00 1.054930e+01
      vertex   -3.217801e+00 3.826978e+00 1.054930e+01
    endloop
  endfacet
  facet normal -6.435601e-01 7.653955e-01 2.589915e-04
    outer loop
      vertex   -3.147778e+00 3.884777e+00 1.373240e+01
      vertex   -3.217801e+00 3.826978e+00 1.054930e+01
      vertex   -3.286762e+00 3.767916e+00 1.373240e+01
    endloop
  endfacet
  facet normal -6.573524e-01 7.535833e-01 -2.589915e-04
    outer loop
      vertex   -3.286762e+00 3.767916e+00 1.373240e+01
      vertex   -3.217801e+00 3.826978e+00 1.054930e+01
      vertex   -3.354640e+00 3.707613e+00 1.054930e+01
    endloop
  endfacet
  facet normal -6.709280e-01 7.415225e-01 2.589915e-04
    outer loop
      vertex   -3.286762e+00 3.767916e+00 1.373240e+01
      vertex   -3.354640e+00 3.707613e+00 1.054930e+01
      vertex   -3.421412e+00 3.646086e+00 1.373240e+01
    endloop
  endfacet
  facet normal -6.842823e-01 7.292172e-01 -2.589915e-04
    outer loop
      vertex   -3.421412e+00 3.646086e+00 1.373240e+01
      vertex   -3.354640e+00 3.707613e+00 1.054930e+01
      vertex   -3.487055e+00 3.583357e+00 1.054930e+01
    endloop
  endfacet
  facet normal -6.974109e-01 7.166714e-01 2.589915e-04
    outer loop
      vertex   -3.421412e+00 3.646086e+00 1.373240e+01
      vertex   -3.487055e+00 3.583357e+00 1.054930e+01
      vertex   -3.551548e+00 3.519447e+00 1.373240e+01
    endloop
  endfacet
  facet normal -7.103096e-01 7.038893e-01 -2.589915e-04
    outer loop
      vertex   -3.551548e+00 3.519447e+00 1.373240e+01
      vertex   -3.487055e+00 3.583357e+00 1.054930e+01
      vertex   -3.614871e+00 3.454376e+00 1.054930e+01
    endloop
  endfacet
  facet normal -7.229741e-01 6.908751e-01 2.589915e-04
    outer loop
      vertex   -3.551548e+00 3.519447e+00 1.373240e+01
      vertex   -3.614871e+00 3.454376e+00 1.054930e+01
      vertex   -3.677001e+00 3.388165e+00 1.373240e+01
    endloop
  endfacet
  facet normal -7.354001e-01 6.776331e-01 -2.589915e-04
    outer loop
      vertex   -3.677001e+00 3.388165e+00 1.373240e+01
      vertex   -3.614871e+00 3.454376e+00 1.054930e+01
      vertex   -3.737919e+00 3.320838e+00 1.054930e+01
    endloop
  endfacet
  facet normal -7.475837e-01 6.641676e-01 2.589915e-04
    outer loop
      vertex   -3.677001e+00 3.388165e+00 1.373240e+01
      vertex   -3.737919e+00 3.320838e+00 1.054930e+01
      vertex   -3.797604e+00 3.252415e+00 1.373240e+01
    endloop
  endfacet
  facet normal -7.595207e-01 6.504831e-01 -2.589915e-04
    outer loop
      vertex   -3.797604e+00 3.252415e+00 1.373240e+01
      vertex   -3.737919e+00 3.320838e+00 1.054930e+01
      vertex   -3.856037e+00 3.182920e+00 1.054930e+01
    endloop
  endfacet
  facet normal -7.712073e-01 6.365841e-01 2.589915e-04
    outer loop
      vertex   -3.797604e+00 3.252415e+00 1.373240e+01
      vertex   -3.856037e+00 3.182920e+00 1.054930e+01
      vertex   -3.913198e+00 3.112376e+00 1.373240e+01
    endloop
  endfacet
  facet normal -7.826395e-01 6.224751e-01 -2.589915e-04
    outer loop
      vertex   -3.913198e+00 3.112376e+00 1.373240e+01
      vertex   -3.856037e+00 3.182920e+00 1.054930e+01
      vertex   -3.969069e+00 3.040805e+00 1.054930e+01
    endloop
  endfacet
  facet normal -7.938137e-01 6.081609e-01 2.589915e-04
    outer loop
      vertex   -3.913198e+00 3.112376e+00 1.373240e+01
      vertex   -3.969069e+00 3.040805e+00 1.054930e+01
      vertex   -4.023631e+00 2.968231e+00 1.373240e+01
    endloop
  endfacet
  facet normal -8.047261e-01 5.936462e-01 -2.589915e-04
    outer loop
      vertex   -4.023631e+00 2.968231e+00 1.373240e+01
      vertex   -3.969069e+00 3.040805e+00 1.054930e+01
      vertex   -4.076866e+00 2.894679e+00 1.054930e+01
    endloop
  endfacet
  facet normal -8.153731e-01 5.789357e-01 2.589915e-04
    outer loop
      vertex   -4.023631e+00 2.968231e+00 1.373240e+01
      vertex   -4.076866e+00 2.894679e+00 1.054930e+01
      vertex   -4.128757e+00 2.820172e+00 1.373240e+01
    endloop
  endfacet
  facet normal -8.257513e-01 5.640343e-01 -2.589915e-04
    outer loop
      vertex   -4.128757e+00 2.820172e+00 1.373240e+01
      vertex   -4.076866e+00 2.894679e+00 1.054930e+01
      vertex   -4.179286e+00 2.744735e+00 1.054930e+01
    endloop
  endfacet
  facet normal -8.358572e-01 5.489469e-01 2.589915e-04
    outer loop
      vertex   -4.128757e+00 2.820172e+00 1.373240e+01
      vertex   -4.179286e+00 2.744735e+00 1.054930e+01
      vertex   -4.228437e+00 2.668393e+00 1.373240e+01
    endloop
  endfacet
  facet normal -8.456874e-01 5.336785e-01 -2.589915e-04
    outer loop
      vertex   -4.228437e+00 2.668393e+00 1.373240e+01
      vertex   -4.179286e+00 2.744735e+00 1.054930e+01
      vertex   -4.276194e+00 2.591171e+00 1.054930e+01
    endloop
  endfacet
  facet normal -8.552388e-01 5.182341e-01 2.589915e-04
    outer loop
      vertex   -4.228437e+00 2.668393e+00 1.373240e+01
      vertex   -4.276194e+00 2.591171e+00 1.054930e+01
      vertex   -4.322541e+00 2.513094e+00 1.373240e+01
    endloop
  endfacet
  facet normal -8.645081e-01 5.026188e-01 -2.589915e-04
    outer loop
      vertex   -4.322541e+00 2.513094e+00 1.373240e+01
      vertex   -4.276194e+00 2.591171e+00 1.054930e+01
      vertex   -4.367462e+00 2.434189e+00 1.054930e+01
    endloop
  endfacet
  facet normal -8.734924e-01 4.868377e-01 2.589915e-04
    outer loop
      vertex   -4.322541e+00 2.513094e+00 1.373240e+01
      vertex   -4.367462e+00 2.434189e+00 1.054930e+01
      vertex   -4.410943e+00 2.354481e+00 1.373240e+01
    endloop
  endfacet
  facet normal -8.821886e-01 4.708962e-01 -2.589915e-04
    outer loop
      vertex   -4.410943e+00 2.354481e+00 1.373240e+01
      vertex   -4.367462e+00 2.434189e+00 1.054930e+01
      vertex   -4.452970e+00 2.273997e+00 1.054930e+01
    endloop
  endfacet
  facet normal -8.905939e-01 4.547993e-01 2.589915e-04
    outer loop
      vertex   -4.410943e+00 2.354481e+00 1.373240e+01
      vertex   -4.452970e+00 2.273997e+00 1.054930e+01
      vertex   -4.493528e+00 2.192762e+00 1.373240e+01
    endloop
  endfacet
  facet normal -8.987055e-01 4.385525e-01 -2.589915e-04
    outer loop
      vertex   -4.493528e+00 2.192762e+00 1.373240e+01
      vertex   -4.452970e+00 2.273997e+00 1.054930e+01
      vertex   -4.532604e+00 2.110805e+00 1.054930e+01
    endloop
  endfacet
  facet normal -9.065208e-01 4.221610e-01 2.589915e-04
    outer loop
      vertex   -4.493528e+00 2.192762e+00 1.373240e+01
      vertex   -4.532604e+00 2.110805e+00 1.054930e+01
      vertex   -4.570186e+00 2.028152e+00 1.373240e+01
    endloop
  endfacet
  facet normal -9.140372e-01 4.056304e-01 -2.589915e-04
    outer loop
      vertex   -4.570186e+00 2.028152e+00 1.373240e+01
      vertex   -4.532604e+00 2.110805e+00 1.054930e+01
      vertex   -4.606261e+00 1.944830e+00 1.054930e+01
    endloop
  endfacet
  facet normal -9.212521e-01 3.889659e-01 2.589915e-04
    outer loop
      vertex   -4.570186e+00 2.028152e+00 1.373240e+01
      vertex   -4.606261e+00 1.944830e+00 1.054930e+01
      vertex   -4.640816e+00 1.860866e+00 1.373240e+01
    endloop
  endfacet
  facet normal -9.281632e-01 3.721733e-01 -2.589915e-04
    outer loop
      vertex   -4.640816e+00 1.860866e+00 1.373240e+01
      vertex   -4.606261e+00 1.944830e+00 1.054930e+01
      vertex   -4.673842e+00 1.776289e+00 1.054930e+01
    endloop
  endfacet
  facet normal -9.347683e-01 3.552578e-01 2.589915e-04
    outer loop
      vertex   -4.640816e+00 1.860866e+00 1.373240e+01
      vertex   -4.673842e+00 1.776289e+00 1.054930e+01
      vertex   -4.705326e+00 1.691126e+00 1.373240e+01
    endloop
  endfacet
  facet normal -9.410651e-01 3.382253e-01 -2.589915e-04
    outer loop
      vertex   -4.705326e+00 1.691126e+00 1.373240e+01
      vertex   -4.673842e+00 1.776289e+00 1.054930e+01
      vertex   -4.735258e+00 1.605406e+00 1.054930e+01
    endloop
  endfacet
  facet normal -9.470516e-01 3.210812e-01 2.589915e-04
    outer loop
      vertex   -4.705326e+00 1.691126e+00 1.373240e+01
      vertex   -4.735258e+00 1.605406e+00 1.054930e+01
      vertex   -4.763629e+00 1.519156e+00 1.373240e+01
    endloop
  endfacet
  facet normal -9.527258e-01 3.038312e-01 -2.589915e-04
    outer loop
      vertex   -4.763629e+00 1.519156e+00 1.373240e+01
      vertex   -4.735258e+00 1.605406e+00 1.054930e+01
      vertex   -4.790430e+00 1.432405e+00 1.054930e+01
    endloop
  endfacet
  facet normal -9.580859e-01 2.864810e-01 2.589915e-04
    outer loop
      vertex   -4.763629e+00 1.519156e+00 1.373240e+01
      vertex   -4.790430e+00 1.432405e+00 1.054930e+01
      vertex   -4.815650e+00 1.345182e+00 1.373240e+01
    endloop
  endfacet
  facet normal -9.631300e-01 2.690364e-01 -2.589915e-04
    outer loop
      vertex   -4.815650e+00 1.345182e+00 1.373240e+01
      vertex   -4.790430e+00 1.432405e+00 1.054930e+01
      vertex   -4.839283e+00 1.257515e+00 1.054930e+01
    endloop
  endfacet
  facet normal -9.678565e-01 2.515031e-01 2.589915e-04
    outer loop
      vertex   -4.815650e+00 1.345182e+00 1.373240e+01
      vertex   -4.839283e+00 1.257515e+00 1.054930e+01
      vertex   -4.861319e+00 1.169434e+00 1.373240e+01
    endloop
  endfacet
  facet normal -9.722638e-01 2.338868e-01 -2.589915e-04
    outer loop
      vertex   -4.861319e+00 1.169434e+00 1.373240e+01
      vertex   -4.839283e+00 1.257515e+00 1.054930e+01
      vertex   -4.881753e+00 1.080967e+00 1.054930e+01
    endloop
  endfacet
  facet normal -9.763505e-01 2.161934e-01 2.589915e-04
    outer loop
      vertex   -4.861319e+00 1.169434e+00 1.373240e+01
      vertex   -4.881753e+00 1.080967e+00 1.054930e+01
      vertex   -4.900577e+00 9.921433e-01 1.373240e+01
    endloop
  endfacet
  facet normal -9.801153e-01 1.984287e-01 -2.589915e-04
    outer loop
      vertex   -4.900577e+00 9.921433e-01 1.373240e+01
      vertex   -4.881753e+00 1.080967e+00 1.054930e+01
      vertex   -4.917784e+00 9.029926e-01 1.054930e+01
    endloop
  endfacet
  facet normal -9.835569e-01 1.805985e-01 2.589915e-04
    outer loop
      vertex   -4.900577e+00 9.921433e-01 1.373240e+01
      vertex   -4.917784e+00 9.029926e-01 1.054930e+01
      vertex   -4.933371e+00 8.135442e-01 1.373240e+01
    endloop
  endfacet
  facet normal -9.866741e-01 1.627088e-01 -2.589915e-04
    outer loop
      vertex   -4.933371e+00 8.135442e-01 1.373240e+01
      vertex   -4.917784e+00 9.029926e-01 1.054930e+01
      vertex   -4.947330e+00 7.238274e-01 1.054930e+01
    endloop
  endfacet
  facet normal -9.894660e-01 1.447655e-01 2.589915e-04
    outer loop
      vertex   -4.933371e+00 8.135442e-01 1.373240e+01
      vertex   -4.947330e+00 7.238274e-01 1.054930e+01
      vertex   -4.959658e+00 6.338720e-01 1.373240e+01
    endloop
  endfacet
  facet normal -9.919315e-01 1.267744e-01 -2.589915e-04
    outer loop
      vertex   -4.959658e+00 6.338720e-01 1.373240e+01
      vertex   -4.947330e+00 7.238274e-01 1.054930e+01
      vertex   -4.970350e+00 5.437076e-01 1.054930e+01
    endloop
  endfacet
  facet normal -9.940700e-01 1.087415e-01 2.589915e-04
    outer loop
      vertex   -4.959658e+00 6.338720e-01 1.373240e+01
      vertex   -4.970350e+00 5.437076e-01 1.054930e+01
      vertex   -4.979404e+00 4.533638e-01 1.373240e+01
    endloop
  endfacet
  facet normal -9.958807e-01 9.067277e-02 -2.589915e-04
    outer loop
      vertex   -4.979404e+00 4.533638e-01 1.373240e+01
      vertex   -4.970350e+00 5.437076e-01 1.054930e+01
      vertex   -4.986815e+00 3.628706e-01 1.054930e+01
    endloop
  endfacet
  facet normal -9.973630e-01 7.257412e-02 2.589915e-04
    outer loop
      vertex   -4.979404e+00 4.533638e-01 1.373240e+01
      vertex   -4.986815e+00 3.628706e-01 1.054930e+01
      vertex   -4.992582e+00 2.722577e-01 1.373240e+01
    endloop
  endfacet
  facet normal -9.985164e-01 5.445154e-02 -2.589915e-04
    outer loop
      vertex   -4.992582e+00 2.722577e-01 1.373240e+01
      vertex   -4.986815e+00 3.628706e-01 1.054930e+01
      vertex   -4.996703e+00 1.815550e-01 1.054930e+01
    endloop
  endfacet
  facet normal -9.993405e-01 3.631100e-02 2.589915e-04
    outer loop
      vertex   -4.992582e+00 2.722577e-01 1.373240e+01
      vertex   -4.996703e+00 1.815550e-01 1.054930e+01
      vertex   -4.999176e+00 9.079249e-02 1.373240e+01
    endloop
  endfacet
  facet normal -9.998351e-01 1.815850e-02 -2.589915e-04
    outer loop
      vertex   -4.999176e+00 9.079249e-02 1.373240e+01
      vertex   -4.996703e+00 1.815550e-01 1.054930e+01
      vertex   -5.000000e+00 -6.123234e-16 1.054930e+01
    endloop
  endfacet
  facet normal -1.000000e+00 0.000000e+00 2.589915e-04
    outer loop
      vertex   -4.999176e+00 9.079249e-02 1.373240e+01
      vertex   -5.000000e+00 -6.123234e-16 1.054930e+01
      vertex   -4.999176e+00 -9.079249e-02 1.373240e+01
    endloop
  endfacet
  facet normal -9.998351e-01 -1.815850e-02 -2.589915e-04
    outer loop
      vertex   -4.999176e+00 -9.079249e-02 1.373240e+01
      vertex   -5.000000e+00 -6.123234e-16 1.054930e+01
      vertex   -4.996703e+00 -1.815550e-01 1.054930e+01
    endloop
  endfacet
  facet normal -9.993405e-01 -3.631100e-02 2.589915e-04
    outer loop
      vertex   -4.999176e+00 -9.079249e-02 1.373240e+01
      vertex   -4.996703e+00 -1.815550e-01 1.054930e+01
      vertex   -4.992582e+00 -2.722577e-01 1.373240e+01
    endloop
  endfacet
  facet normal -9.985164e-01 -5.445154e-02 -2.589915e-04
    outer loop
      vertex   -4.992582e+00 -2.722577e-01 1.373240e+01
      vertex   -4.996703e+00 -1.815550e-01 1.054930e+01
      vertex   -4.986815e+00 -3.628706e-01 1.054930e+01
    endloop
  endfacet
  facet normal -9.973630e-01 -7.257412e-02 2.589915e-04
    outer loop
      vertex   -4.992582e+00 -2.722577e-01 1.373240e+01
      vertex   -4.986815e+00 -3.628706e-01 1.054930e+01
      vertex   -4.979404e+00 -4.533638e-01 1.373240e+01
    endloop
  endfacet
  facet normal -9.958807e-01 -9.067277e-02 -2.589915e-04
    outer loop
      vertex   -4.979404e+00 -4.533638e-01 1.373240e+01
      vertex   -4.986815e+00 -3.628706e-01 1.054930e+01
      vertex   -4.970350e+00 -5.437076e-01 1.054930e+01
    endloop
  endfacet
  facet normal -9.940700e-01 -1.087415e-01 2.589915e-04
    outer loop
      vertex   -4.979404e+00 -4.533638e-01 1.373240e+01
      vertex   -4.970350e+00 -5.437076e-01 1.054930e+01
      vertex   -4.959658e+00 -6.338720e-01 1.373240e+01
    endloop
  endfacet
  facet normal -9.919315e-01 -1.267744e-01 -2.589915e-04
    outer loop
      vertex   -4.959658e+00 -6.338720e-01 1.373240e+01
      vertex   -4.970350e+00 -5.437076e-01 1.054930e+01
      vertex   -4.947330e+00 -7.238274e-01 1.054930e+01
    endloop
  endfacet
  facet normal -9.894660e-01 -1.447655e-01 2.589915e-04
    outer loop
      vertex   -4.959658e+00 -6.338720e-01 1.373240e+01
      vertex   -4.947330e+00 -7.238274e-01 1.054930e+01
      vertex   -4.933371e+00 -8.135442e-01 1.373240e+01
    endloop
  endfacet
  facet normal -9.866741e-01 -1.627088e-01 -2.589915e-04
    outer loop
      vertex   -4.933371e+00 -8.135442e-01 1.373240e+01
      vertex   -4.947330e+00 -7.238274e-01 1.054930e+01
      vertex   -4.917784e+00 -9.029926e-01 1.054930e+01
    endloop
  endfacet
  facet normal -9.835569e-01 -1.805985e-01 2.589915e-04
    outer loop
      vertex   -4.933371e+00 -8.135442e-01 1.373240e+01
      vertex   -4.917784e+00 -9.029926e-01 1.054930e+01
      vertex   -4.900577e+00 -9.921433e-01 1.373240e+01
    endloop
  endfacet
  facet normal -9.801153e-01 -1.984287e-01 -2.589915e-04
    outer loop
      vertex   -4.900577e+00 -9.921433e-01 1.373240e+01
      vertex   -4.917784e+00 -9.029926e-01 1.054930e+01
      vertex   -4.881753e+00 -1.080967e+00 1.054930e+01
    endloop
  endfacet
  facet normal -9.763505e-01 -2.161934e-01 2.589915e-04
    outer loop
      vertex   -4.900577e+00 -9.921433e-01 1.373240e+01
      vertex   -4.881753e+00 -1.080967e+00 1.054930e+01
      vertex   -4.861319e+00 -1.169434e+00 1.373240e+01
    endloop
  endfacet
  facet normal -9.722638e-01 -2.338868e-01 -2.589915e-04
    outer loop
      vertex   -4.861319e+00 -1.169434e+00 1.373240e+01
      vertex   -4.881753e+00 -1.080967e+00 1.054930e+01
      vertex   -4.839283e+00 -1.257515e+00 1.054930e+01
    endloop
  endfacet
  facet normal -9.678565e-01 -2.515031e-01 2.589915e-04
    outer loop
      vertex   -4.861319e+00 -1.169434e+00 1.373240e+01
      vertex   -4.839283e+00 -1.257515e+00 1.054930e+01
      vertex   -4.815650e+00 -1.345182e+00 1.373240e+01
    endloop
  endfacet
  facet normal -9.631300e-01 -2.690364e-01 -2.589915e-04
    outer loop
      vertex   -4.815650e+00 -1.345182e+00 1.373240e+01
      vertex   -4.839283e+00 -1.257515e+00 1.054930e+01
      vertex   -4.790430e+00 -1.432405e+00 1.054930e+01
    endloop
  endfacet
  facet normal -9.580859e-01 -2.864810e-01 2.589915e-04
    outer loop
      vertex   -4.815650e+00 -1.345182e+00 1.373240e+01
      vertex   -4.790430e+00 -1.432405e+00 1.054930e+01
      vertex   -4.763629e+00 -1.519156e+00 1.373240e+01
    endloop
  endfacet
  facet normal -9.527258e-01 -3.038312e-01 -2.589915e-04
    outer loop
      vertex   -4.763629e+00 -1.519156e+00 1.373240e+01
      vertex   -4.790430e+00 -1.432405e+00 1.054930e+01
      vertex   -4.735258e+00 -1.605406e+00 1.054930e+01
    endloop
  endfacet
  facet normal -9.470516e-01 -3.210812e-01 2.589915e-04
    outer loop
      vertex   -4.763629e+00 -1.519156e+00 1.373240e+01
      vertex   -4.735258e+00 -1.605406e+00 1.054930e+01
      vertex   -4.705326e+00 -1.691126e+00 1.373240e+01
    endloop
  endfacet
  facet normal -9.410651e-01 -3.382253e-01 -2.589915e-04
    outer loop
      vertex   -4.705326e+00 -1.691126e+00 1.373240e+01
      vertex   -4.735258e+00 -1.605406e+00 1.054930e+01
      vertex   -4.673842e+00 -1.776289e+00 1.054930e+01
    endloop
  endfacet
  facet normal -9.347683e-01 -3.552578e-01 2.589915e-04
    outer loop
      vertex   -4.705326e+00 -1.691126e+00 1.373240e+01
      vertex   -4.673842e+00 -1.776289e+00 1.054930e+01
      vertex   -4.640816e+00 -1.860866e+00 1.373240e+01
    endloop
  endfacet
  facet normal -9.281632e-01 -3.721733e-01 -2.589915e-04
    outer loop
      vertex   -4.640816e+00 -1.860866e+00 1.373240e+01
      vertex   -4.673842e+00 -1.776289e+00 1.054930e+01
      vertex   -4.606261e+00 -1.944830e+00 1.054930e+01
    endloop
  endfacet
  facet normal -9.212521e-01 -3.889659e-01 2.589915e-04
    outer loop
      vertex   -4.640816e+00 -1.860866e+00 1.373240e+01
      vertex   -4.606261e+00 -1.944830e+00 1.054930e+01
      vertex   -4.570186e+00 -2.028152e+00 1.373240e+01
    endloop
  endfacet
  facet normal -9.140372e-01 -4.056304e-01 -2.589915e-04
    outer loop
      vertex   -4.570186e+00 -2.028152e+00 1.373240e+01
      vertex   -4.606261e+00 -1.944830e+00 1.054930e+01
      vertex   -4.532604e+00 -2.110805e+00 1.054930e+01
    endloop
  endfacet
  facet normal -9.065208e-01 -4.221610e-01 2.589915e-04
    outer loop
      vertex   -4.570186e+00 -2.028152e+00 1.373240e+01
      vertex   -4.532604e+00 -2.110805e+00 1.054930e+01
      vertex   -4.493528e+00 -2.192762e+00 1.373240e+01
    endloop
  endfacet
  facet normal -8.987055e-01 -4.385525e-01 -2.589915e-04
    outer loop
      vertex   -4.493528e+00 -2.192762e+00 1.373240e+01
      vertex   -4.532604e+00 -2.110805e+00 1.054930e+01
      vertex   -4.452970e+00 -2.273997e+00 1.054930e+01
    endloop
  endfacet
  facet normal -8.905939e-01 -4.547993e-01 2.589915e-04
    outer loop
      vertex   -4.493528e+00 -2.192762e+00 1.373240e+01
      vertex   -4.452970e+00 -2.273997e+00 1.054930e+01
      vertex   -4.410943e+00 -2.354481e+00 1.373240e+01
    endloop
  endfacet
  facet normal -8.821886e-01 -4.708962e-01 -2.589915e-04
    outer loop
      vertex   -4.410943e+00 -2.354481e+00 1.373240e+01
      vertex   -4.452970e+00 -2.273997e+00 1.054930e+01
      vertex   -4.367462e+00 -2.434189e+00 1.054930e+01
    endloop
  endfacet
  facet normal -8.734924e-01 -4.868377e-01 2.589915e-04
    outer loop
      vertex   -4.410943e+00 -2.354481e+00 1.373240e+01
      vertex   -4.367462e+00 -2.434189e+00 1.054930e+01
      vertex   -4.322541e+00 -2.513094e+00 1.373240e+01
    endloop
  endfacet
  facet normal -8.645081e-01 -5.026188e-01 -2.589915e-04
    outer loop
      vertex   -4.322541e+00 -2.513094e+00 1.373240e+01
      vertex   -4.367462e+00 -2.434189e+00 1.054930e+01
      vertex   -4.276194e+00 -2.591171e+00 1.054930e+01
    endloop
  endfacet
  facet normal -8.552388e-01 -5.182341e-01 2.589915e-04
    outer loop
      vertex   -4.322541e+00 -2.513094e+00 1.373240e+01
      vertex   -4.276194e+00 -2.591171e+00 1.054930e+01
      vertex   -4.228437e+00 -2.668393e+00 1.373240e+01
    endloop
  endfacet
  facet normal -8.456874e-01 -5.336785e-01 -2.589915e-04
    outer loop
      vertex   -4.228437e+00 -2.668393e+00 1.373240e+01
      vertex   -4.276194e+00 -2.591171e+00 1.054930e+01
      vertex   -4.179286e+00 -2.744735e+00 1.054930e+01
    endloop
  endfacet
  facet normal -8.358572e-01 -5.489469e-01 2.589915e-04
    outer loop
      vertex   -4.228437e+00 -2.668393e+00 1.373240e+01
      vertex   -4.179286e+00 -2.744735e+00 1.054930e+01
      vertex   -4.128757e+00 -2.820172e+00 1.373240e+01
    endloop
  endfacet
  facet normal -8.257513e-01 -5.640343e-01 -2.589915e-04
    outer loop
      vertex   -4.128757e+00 -2.820172e+00 1.373240e+01
      vertex   -4.179286e+00 -2.744735e+00 1.054930e+01
      vertex   -4.076866e+00 -2.894679e+00 1.054930e+01
    endloop
  endfacet
  facet normal -8.153731e-01 -5.789357e-01 2.589915e-04
    outer loop
      vertex   -4.128757e+00 -2.820172e+00 1.373240e+01
      vertex   -4.076866e+00 -2.894679e+00 1.054930e+01
      vertex   -4.023631e+00 -2.968231e+00 1.373240e+01
    endloop
  endfacet
  facet normal -8.047261e-01 -5.936462e-01 -2.589915e-04
    outer loop
      vertex   -4.023631e+00 -2.968231e+00 1.373240e+01
      vertex   -4.076866e+00 -2.894679e+00 1.054930e+01
      vertex   -3.969069e+00 -3.040805e+00 1.054930e+01
    endloop
  endfacet
  facet normal -7.938137e-01 -6.081609e-01 2.589915e-04
    outer loop
      vertex   -4.023631e+00 -2.968231e+00 1.373240e+01
      vertex   -3.969069e+00 -3.040805e+00 1.054930e+01
      vertex   -3.913198e+00 -3.112376e+00 1.373240e+01
    endloop
  endfacet
  facet normal -7.826395e-01 -6.224751e-01 -2.589915e-04
    outer loop
      vertex   -3.913198e+00 -3.112376e+00 1.373240e+01
      vertex   -3.969069e+00 -3.040805e+00 1.054930e+01
      vertex   -3.856037e+00 -3.182920e+00 1.054930e+01
    endloop
  endfacet
  facet normal -7.712073e-01 -6.365841e-01 2.589915e-04
    outer loop
      vertex   -3.913198e+00 -3.112376e+00 1.373240e+01
      vertex   -3.856037e+00 -3.182920e+00 1.054930e+01
      vertex   -3.797604e+00 -3.252415e+00 1.373240e+01
    endloop
  endfacet
  facet normal -7.595207e-01 -6.504831e-01 -2.589915e-04
    outer loop
      vertex   -3.797604e+00 -3.252415e+00 1.373240e+01
      vertex   -3.856037e+00 -3.182920e+00 1.054930e+01
      vertex   -3.737919e+00 -3.320838e+00 1.054930e+01
    endloop
  endfacet
  facet normal -7.475837e-01 -6.641676e-01 2.589915e-04
    outer loop
      vertex   -3.797604e+00 -3.252415e+00 1.373240e+01
      vertex   -3.737919e+00 -3.320838e+00 1.054930e+01
      vertex   -3.677001e+00 -3.388165e+00 1.373240e+01
    endloop
  endfacet
  facet normal -7.354001e-01 -6.776331e-01 -2.589915e-04
    outer loop
      vertex   -3.677001e+00 -3.388165e+00 1.373240e+01
      vertex   -3.737919e+00 -3.320838e+00 1.054930e+01
      vertex   -3.614871e+00 -3.454376e+00 1.054930e+01
    endloop
  endfacet
  facet normal -7.229741e-01 -6.908751e-01 2.589915e-04
    outer loop
      vertex   -3.677001e+00 -3.388165e+00 1.373240e+01
      vertex   -3.614871e+00 -3.454376e+00 1.054930e+01
      vertex   -3.551548e+00 -3.519447e+00 1.373240e+01
    endloop
  endfacet
  facet normal -7.103096e-01 -7.038893e-01 -2.589915e-04
    outer loop
      vertex   -3.551548e+00 -3.519447e+00 1.373240e+01
      vertex   -3.614871e+00 -3.454376e+00 1.054930e+01
      vertex   -3.487055e+00 -3.583357e+00 1.054930e+01
    endloop
  endfacet
  facet normal -6.974109e-01 -7.166714e-01 2.589915e-04
    outer loop
      vertex   -3.551548e+00 -3.519447e+00 1.373240e+01
      vertex   -3.487055e+00 -3.583357e+00 1.054930e+01
      vertex   -3.421412e+00 -3.646086e+00 1.373240e+01
    endloop
  endfacet
  facet normal -6.842823e-01 -7.292172e-01 -2.589915e-04
    outer loop
      vertex   -3.421412e+00 -3.646086e+00 1.373240e+01
      vertex   -3.487055e+00 -3.583357e+00 1.054930e+01
      vertex   -3.354640e+00 -3.707613e+00 1.054930e+01
    endloop
  endfacet
  facet normal -6.709280e-01 -7.415225e-01 2.589915e-04
    outer loop
      vertex   -3.421412e+00 -3.646086e+00 1.373240e+01
      vertex   -3.354640e+00 -3.707613e+00 1.054930e+01
      vertex   -3.286762e+00 -3.767916e+00 1.373240e+01
    endloop
  endfacet
  facet normal -6.573524e-01 -7.535833e-01 -2.589915e-04
    outer loop
      vertex   -3.286762e+00 -3.767916e+00 1.373240e+01
      vertex   -3.354640e+00 -3.707613e+00 1.054930e+01
      vertex   -3.217801e+00 -3.826978e+00 1.054930e+01
    endloop
  endfacet
  facet normal -6.435601e-01 -7.653955e-01 2.589915e-04
    outer loop
      vertex   -3.286762e+00 -3.767916e+00 1.373240e+01
      vertex   -3.217801e+00 -3.826978e+00 1.054930e+01
      vertex   -3.147778e+00 -3.884777e+00 1.373240e+01
    endloop
  endfacet
  facet normal -6.295556e-01 -7.769554e-01 -2.589915e-04
    outer loop
      vertex   -3.147778e+00 -3.884777e+00 1.373240e+01
      vertex   -3.217801e+00 -3.826978e+00 1.054930e+01
      vertex   -3.076717e+00 -3.941296e+00 1.054930e+01
    endloop
  endfacet
  facet normal -6.153434e-01 -7.882591e-01 2.589915e-04
    outer loop
      vertex   -3.147778e+00 -3.884777e+00 1.373240e+01
      vertex   -3.076717e+00 -3.941296e+00 1.054930e+01
      vertex   -3.004642e+00 -3.996514e+00 1.373240e+01
    endloop
  endfacet
  facet normal -6.009283e-01 -7.993029e-01 -2.589915e-04
    outer loop
      vertex   -3.004642e+00 -3.996514e+00 1.373240e+01
      vertex   -3.076717e+00 -3.941296e+00 1.054930e+01
      vertex   -2.931576e+00 -4.050415e+00 1.054930e+01
    endloop
  endfacet
  facet normal -5.863151e-01 -8.100830e-01 2.589915e-04
    outer loop
      vertex   -3.004642e+00 -3.996514e+00 1.373240e+01
      vertex   -2.931576e+00 -4.050415e+00 1.054930e+01
      vertex   -2.857543e+00 -4.102980e+00 1.373240e+01
    endloop
  endfacet
  facet normal -5.715086e-01 -8.205961e-01 -2.589915e-04
    outer loop
      vertex   -2.857543e+00 -4.102980e+00 1.373240e+01
      vertex   -2.931576e+00 -4.050415e+00 1.054930e+01
      vertex   -2.782568e+00 -4.154193e+00 1.054930e+01
    endloop
  endfacet
  facet normal -5.565135e-01 -8.308385e-01 2.589915e-04
    outer loop
      vertex   -2.857543e+00 -4.102980e+00 1.373240e+01
      vertex   -2.782568e+00 -4.154193e+00 1.054930e+01
      vertex   -2.706675e+00 -4.204035e+00 1.373240e+01
    endloop
  endfacet
  facet normal -5.413350e-01 -8.408070e-01 -2.589915e-04
    outer loop
      vertex   -2.706675e+00 -4.204035e+00 1.373240e+01
      vertex   -2.782568e+00 -4.154193e+00 1.054930e+01
      vertex   -2.629890e+00 -4.252491e+00 1.054930e+01
    endloop
  endfacet
  facet normal -5.259780e-01 -8.504982e-01 2.589915e-04
    outer loop
      vertex   -2.706675e+00 -4.204035e+00 1.373240e+01
      vertex   -2.629890e+00 -4.252491e+00 1.054930e+01
      vertex   -2.552237e+00 -4.299545e+00 1.373240e+01
    endloop
  endfacet
  facet normal -5.104475e-01 -8.599089e-01 -2.589915e-04
    outer loop
      vertex   -2.552237e+00 -4.299545e+00 1.373240e+01
      vertex   -2.629890e+00 -4.252491e+00 1.054930e+01
      vertex   -2.473743e+00 -4.345181e+00 1.054930e+01
    endloop
  endfacet
  facet normal -4.947487e-01 -8.690361e-01 2.589915e-04
    outer loop
      vertex   -2.552237e+00 -4.299545e+00 1.373240e+01
      vertex   -2.473743e+00 -4.345181e+00 1.054930e+01
      vertex   -2.394434e+00 -4.389384e+00 1.373240e+01
    endloop
  endfacet
  facet normal -4.788867e-01 -8.778767e-01 -2.589915e-04
    outer loop
      vertex   -2.394434e+00 -4.389384e+00 1.373240e+01
      vertex   -2.473743e+00 -4.345181e+00 1.054930e+01
      vertex   -2.314334e+00 -4.432139e+00 1.054930e+01
    endloop
  endfacet
  facet normal -4.628668e-01 -8.864278e-01 2.589915e-04
    outer loop
      vertex   -2.394434e+00 -4.389384e+00 1.373240e+01
      vertex   -2.314334e+00 -4.432139e+00 1.054930e+01
      vertex   -2.233472e+00 -4.473433e+00 1.373240e+01
    endloop
  endfacet
  facet normal -4.466943e-01 -8.946866e-01 -2.589915e-04
    outer loop
      vertex   -2.233472e+00 -4.473433e+00 1.373240e+01
      vertex   -2.314334e+00 -4.432139e+00 1.054930e+01
      vertex   -2.151873e+00 -4.513252e+00 1.054930e+01
    endloop
  endfacet
  facet normal -4.303745e-01 -9.026504e-01 2.589915e-04
    outer loop
      vertex   -2.233472e+00 -4.473433e+00 1.373240e+01
      vertex   -2.151873e+00 -4.513252e+00 1.054930e+01
      vertex   -2.069564e+00 -4.551583e+00 1.373240e+01
    endloop
  endfacet
  facet normal -4.139128e-01 -9.103165e-01 -2.589915e-04
    outer loop
      vertex   -2.069564e+00 -4.551583e+00 1.373240e+01
      vertex   -2.151873e+00 -4.513252e+00 1.054930e+01
      vertex   -1.986573e+00 -4.588412e+00 1.054930e+01
    endloop
  endfacet
  facet normal -3.973145e-01 -9.176825e-01 2.589915e-04
    outer loop
      vertex   -2.069564e+00 -4.551583e+00 1.373240e+01
      vertex   -1.986573e+00 -4.588412e+00 1.054930e+01
      vertex   -1.902927e+00 -4.623729e+00 1.373240e+01
    endloop
  endfacet
  facet normal -3.805853e-01 -9.247458e-01 -2.589915e-04
    outer loop
      vertex   -1.902927e+00 -4.623729e+00 1.373240e+01
      vertex   -1.986573e+00 -4.588412e+00 1.054930e+01
      vertex   -1.818653e+00 -4.657521e+00 1.054930e+01
    endloop
  endfacet
  facet normal -3.637305e-01 -9.315042e-01 2.589915e-04
    outer loop
      vertex   -1.902927e+00 -4.623729e+00 1.373240e+01
      vertex   -1.818653e+00 -4.657521e+00 1.054930e+01
      vertex   -1.733779e+00 -4.689777e+00 1.373240e+01
    endloop
  endfacet
  facet normal -3.467559e-01 -9.379554e-01 -2.589915e-04
    outer loop
      vertex   -1.733779e+00 -4.689777e+00 1.373240e+01
      vertex   -1.818653e+00 -4.657521e+00 1.054930e+01
      vertex   -1.648334e+00 -4.720487e+00 1.054930e+01
    endloop
  endfacet
  facet normal -3.296668e-01 -9.440973e-01 2.589915e-04
    outer loop
      vertex   -1.733779e+00 -4.689777e+00 1.373240e+01
      vertex   -1.648334e+00 -4.720487e+00 1.054930e+01
      vertex   -1.562345e+00 -4.749640e+00 1.373240e+01
    endloop
  endfacet
  facet normal -3.124691e-01 -9.499279e-01 -2.589915e-04
    outer loop
      vertex   -1.562345e+00 -4.749640e+00 1.373240e+01
      vertex   -1.648334e+00 -4.720487e+00 1.054930e+01
      vertex   -1.475842e+00 -4.777226e+00 1.054930e+01
    endloop
  endfacet
  facet normal -2.951683e-01 -9.554452e-01 2.589915e-04
    outer loop
      vertex   -1.562345e+00 -4.749640e+00 1.373240e+01
      vertex   -1.475842e+00 -4.777226e+00 1.054930e+01
      vertex   -1.388851e+00 -4.803238e+00 1.373240e+01
    endloop
  endfacet
  facet normal -2.777702e-01 -9.606475e-01 -2.589915e-04
    outer loop
      vertex   -1.388851e+00 -4.803238e+00 1.373240e+01
      vertex   -1.475842e+00 -4.777226e+00 1.054930e+01
      vertex   -1.301402e+00 -4.827665e+00 1.054930e+01
    endloop
  endfacet
  facet normal -2.602805e-01 -9.655330e-01 2.589915e-04
    outer loop
      vertex   -1.388851e+00 -4.803238e+00 1.373240e+01
      vertex   -1.301402e+00 -4.827665e+00 1.054930e+01
      vertex   -1.213525e+00 -4.850501e+00 1.373240e+01
    endloop
  endfacet
  facet normal -2.427049e-01 -9.701001e-01 -2.589915e-04
    outer loop
      vertex   -1.213525e+00 -4.850501e+00 1.373240e+01
      vertex   -1.301402e+00 -4.827665e+00 1.054930e+01
      vertex   -1.125247e+00 -4.871737e+00 1.054930e+01
    endloop
  endfacet
  facet normal -2.250493e-01 -9.743473e-01 2.589915e-04
    outer loop
      vertex   -1.213525e+00 -4.850501e+00 1.373240e+01
      vertex   -1.125247e+00 -4.871737e+00 1.054930e+01
      vertex   -1.036598e+00 -4.891366e+00 1.373240e+01
    endloop
  endfacet
  facet normal -2.073196e-01 -9.782732e-01 -2.589915e-04
    outer loop
      vertex   -1.036598e+00 -4.891366e+00 1.373240e+01
      vertex   -1.125247e+00 -4.871737e+00 1.054930e+01
      vertex   -9.476070e-01 -4.909383e+00 1.054930e+01
    endloop
  endfacet
  facet normal -1.895214e-01 -9.818766e-01 2.589915e-04
    outer loop
      vertex   -1.036598e+00 -4.891366e+00 1.373240e+01
      vertex   -9.476070e-01 -4.909383e+00 1.054930e+01
      vertex   -8.583038e-01 -4.925781e+00 1.373240e+01
    endloop
  endfacet
  facet normal -1.716608e-01 -9.851561e-01 -2.589915e-04
    outer loop
      vertex   -8.583038e-01 -4.925781e+00 1.373240e+01
      vertex   -9.476070e-01 -4.909383e+00 1.054930e+01
      vertex   -7.687175e-01 -4.940554e+00 1.054930e+01
    endloop
  endfacet
  facet normal -1.537435e-01 -9.881108e-01 2.589915e-04
    outer loop
      vertex   -8.583038e-01 -4.925781e+00 1.373240e+01
      vertex   -7.687175e-01 -4.940554e+00 1.054930e+01
      vertex   -6.788777e-01 -4.953698e+00 1.373240e+01
    endloop
  endfacet
  facet normal -1.357755e-01 -9.907396e-01 -2.589915e-04
    outer loop
      vertex   -6.788777e-01 -4.953698e+00 1.373240e+01
      vertex   -7.687175e-01 -4.940554e+00 1.054930e+01
      vertex   -5.888141e-01 -4.965209e+00 1.054930e+01
    endloop
  endfacet
  facet normal -1.177628e-01 -9.930417e-01 2.589915e-04
    outer loop
      vertex   -6.788777e-01 -4.953698e+00 1.373240e+01
      vertex   -5.888141e-01 -4.965209e+00 1.054930e+01
      vertex   -4.985563e-01 -4.975082e+00 1.373240e+01
    endloop
  endfacet
  facet normal -9.971125e-02 -9.950164e-01 -2.589915e-04
    outer loop
      vertex   -4.985563e-01 -4.975082e+00 1.373240e+01
      vertex   -5.888141e-01 -4.965209e+00 1.054930e+01
      vertex   -4.081340e-01 -4.983315e+00 1.054930e+01
    endloop
  endfacet
  facet normal -8.162681e-02 -9.966629e-01 2.589915e-04
    outer loop
      vertex   -4.985563e-01 -4.975082e+00 1.373240e+01
      vertex   -4.081340e-01 -4.983315e+00 1.054930e+01
      vertex   -3.175772e-01 -4.989904e+00 1.373240e+01
    endloop
  endfacet
  facet normal -6.351545e-02 -9.979808e-01 -2.589915e-04
    outer loop
      vertex   -3.175772e-01 -4.989904e+00 1.373240e+01
      vertex   -4.081340e-01 -4.983315e+00 1.054930e+01
      vertex   -2.269157e-01 -4.994848e+00 1.054930e+01
    endloop
  endfacet
  facet normal -4.538314e-02 -9.989696e-01 2.589915e-04
    outer loop
      vertex   -3.175772e-01 -4.989904e+00 1.373240e+01
      vertex   -2.269157e-01 -4.994848e+00 1.054930e+01
      vertex   -1.361794e-01 -4.998145e+00 1.373240e+01
    endloop
  endfacet
  facet normal -2.723587e-02 -9.996290e-01 -2.589915e-04
    outer loop
      vertex   -1.361794e-01 -4.998145e+00 1.373240e+01
      vertex   -2.269157e-01 -4.994848e+00 1.054930e+01
      vertex   -4.539811e-02 -4.999794e+00 1.054930e+01
    endloop
  endfacet
  facet normal -9.079622e-03 -9.999587e-01 2.589915e-04
    outer loop
      vertex   -1.361794e-01 -4.998145e+00 1.373240e+01
      vertex   -4.539811e-02 -4.999794e+00 1.054930e+01
      vertex   4.539811e-02 -4.999794e+00 1.373240e+01
    endloop
  endfacet
  facet normal 9.079622e-03 -9.999587e-01 -2.589915e-04
    outer loop
      vertex   4.539811e-02 -4.999794e+00 1.373240e+01
      vertex   -4.539811e-02 -4.999794e+00 1.054930e+01
      vertex   1.361794e-01 -4.998145e+00 1.054930e+01
    endloop
  endfacet
  facet normal 2.723587e-02 -9.996290e-01 2.589915e-04
    outer loop
      vertex   4.539811e-02 -4.999794e+00 1.373240e+01
      vertex   1.361794e-01 -4.998145e+00 1.054930e+01
      vertex   2.269157e-01 -4.994848e+00 1.373240e+01
    endloop
  endfacet
  facet normal 4.538314e-02 -9.989696e-01 -2.589915e-04
    outer loop
      vertex   2.269157e-01 -4.994848e+00 1.373240e+01
      vertex   1.361794e-01 -4.998145e+00 1.054930e+01
      vertex   3.175772e-01 -4.989904e+00 1.054930e+01
    endloop
  endfacet
  facet normal 6.351545e-02 -9.979808e-01 2.589915e-04
    outer loop
      vertex   2.269157e-01 -4.994848e+00 1.373240e+01
      vertex   3.175772e-01 -4.989904e+00 1.054930e+01
      vertex   4.081340e-01 -4.983315e+00 1.373240e+01
    endloop
  endfacet
  facet normal 8.162681e-02 -9.966629e-01 -2.589915e-04
    outer loop
      vertex   4.081340e-01 -4.983315e+00 1.373240e+01
      vertex   3.175772e-01 -4.989904e+00 1.054930e+01
      vertex   4.985563e-01 -4.975082e+00 1.054930e+01
    endloop
  endfacet
  facet normal 9.971125e-02 -9.950164e-01 2.589915e-04
    outer loop
      vertex   4.081340e-01 -4.983315e+00 1.373240e+01
      vertex   4.985563e-01 -4.975082e+00 1.054930e+01
      vertex   5.888141e-01 -4.965209e+00 1.373240e+01
    endloop
  endfacet
  facet normal 1.177628e-01 -9.930417e-01 -2.589915e-04
    outer loop
      vertex   5.888141e-01 -4.965209e+00 1.373240e+01
      vertex   4.985563e-01 -4.975082e+00 1.054930e+01
      vertex   6.788777e-01 -4.953698e+00 1.054930e+01
    endloop
  endfacet
  facet normal 1.357755e-01 -9.907396e-01 2.589915e-04
    outer loop
      vertex   5.888141e-01 -4.965209e+00 1.373240e+01
      vertex   6.788777e-01 -4.953698e+00 1.054930e+01
      vertex   7.687175e-01 -4.940554e+00 1.373240e+01
    endloop
  endfacet
  facet normal 1.537435e-01 -9.881108e-01 -2.589915e-04
    outer loop
      vertex   7.687175e-01 -4.940554e+00 1.373240e+01
      vertex   6.788777e-01 -4.953698e+00 1.054930e+01
      vertex   8.583038e-01 -4.925781e+00 1.054930e+01
    endloop
  endfacet
  facet normal 1.716608e-01 -9.851561e-01 2.589915e-04
    outer loop
      vertex   7.687175e-01 -4.940554e+00 1.373240e+01
      vertex   8.583038e-01 -4.925781e+00 1.054930e+01
      vertex   9.476070e-01 -4.909383e+00 1.373240e+01
    endloop
  endfacet
  facet normal 1.895214e-01 -9.818766e-01 -2.589915e-04
    outer loop
      vertex   9.476070e-01 -4.909383e+00 1.373240e+01
      vertex   8.583038e-01 -4.925781e+00 1.054930e+01
      vertex   1.036598e+00 -4.891366e+00 1.054930e+01
    endloop
  endfacet
  facet normal 2.073196e-01 -9.782732e-01 2.589915e-04
    outer loop
      vertex   9.476070e-01 -4.909383e+00 1.373240e+01
      vertex   1.036598e+00 -4.891366e+00 1.054930e+01
      vertex   1.125247e+00 -4.871737e+00 1.373240e+01
    endloop
  endfacet
  facet normal 2.250493e-01 -9.743473e-01 -2.589915e-04
    outer loop
      vertex   1.125247e+00 -4.871737e+00 1.373240e+01
      vertex   1.036598e+00 -4.891366e+00 1.054930e+01
      vertex   1.213525e+00 -4.850501e+00 1.054930e+01
    endloop
  endfacet
  facet normal 2.427049e-01 -9.701001e-01 2.589915e-04
    outer loop
      vertex   1.125247e+00 -4.871737e+00 1.373240e+01
      vertex   1.213525e+00 -4.850501e+00 1.054930e+01
      vertex   1.301402e+00 -4.827665e+00 1.373240e+01
    endloop
  endfacet
  facet normal 2.602805e-01 -9.655330e-01 -2.589915e-04
    outer loop
      vertex   1.301402e+00 -4.827665e+00 1.373240e+01
      vertex   1.213525e+00 -4.850501e+00 1.054930e+01
      vertex   1.388851e+00 -4.803238e+00 1.054930e+01
    endloop
  endfacet
  facet normal 2.777702e-01 -9.606475e-01 2.589915e-04
    outer loop
      vertex   1.301402e+00 -4.827665e+00 1.373240e+01
      vertex   1.388851e+00 -4.803238e+00 1.054930e+01
      vertex   1.475842e+00 -4.777226e+00 1.373240e+01
    endloop
  endfacet
  facet normal 2.951683e-01 -9.554452e-01 -2.589915e-04
    outer loop
      vertex   1.475842e+00 -4.777226e+00 1.373240e+01
      vertex   1.388851e+00 -4.803238e+00 1.054930e+01
      vertex   1.562345e+00 -4.749640e+00 1.054930e+01
    endloop
  endfacet
  facet normal 3.124691e-01 -9.499279e-01 2.589915e-04
    outer loop
      vertex   1.475842e+00 -4.777226e+00 1.373240e+01
      vertex   1.562345e+00 -4.749640e+00 1.054930e+01
      vertex   1.648334e+00 -4.720487e+00 1.373240e+01
    endloop
  endfacet
  facet normal 3.296668e-01 -9.440973e-01 -2.589915e-04
    outer loop
      vertex   1.648334e+00 -4.720487e+00 1.373240e+01
      vertex   1.562345e+00 -4.749640e+00 1.054930e+01
      vertex   1.733779e+00 -4.689777e+00 1.054930e+01
    endloop
  endfacet
  facet normal 3.467559e-01 -9.379554e-01 2.589915e-04
    outer loop
      vertex   1.648334e+00 -4.720487e+00 1.373240e+01
      vertex   1.733779e+00 -4.689777e+00 1.054930e+01
      vertex   1.818653e+00 -4.657521e+00 1.373240e+01
    endloop
  endfacet
  facet normal 3.637305e-01 -9.315042e-01 -2.589915e-04
    outer loop
      vertex   1.818653e+00 -4.657521e+00 1.373240e+01
      vertex   1.733779e+00 -4.689777e+00 1.054930e+01
      vertex   1.902927e+00 -4.623729e+00 1.054930e+01
    endloop
  endfacet
  facet normal 3.805853e-01 -9.247458e-01 2.589915e-04
    outer loop
      vertex   1.818653e+00 -4.657521e+00 1.373240e+01
      vertex   1.902927e+00 -4.623729e+00 1.054930e+01
      vertex   1.986573e+00 -4.588412e+00 1.373240e+01
    endloop
  endfacet
  facet normal 3.973145e-01 -9.176825e-01 -2.589915e-04
    outer loop
      vertex   1.986573e+00 -4.588412e+00 1.373240e+01
      vertex   1.902927e+00 -4.623729e+00 1.054930e+01
      vertex   2.069564e+00 -4.551583e+00 1.054930e+01
    endloop
  endfacet
  facet normal 4.139128e-01 -9.103165e-01 2.589915e-04
    outer loop
      vertex   1.986573e+00 -4.588412e+00 1.373240e+01
      vertex   2.069564e+00 -4.551583e+00 1.054930e+01
      vertex   2.151873e+00 -4.513252e+00 1.373240e+01
    endloop
  endfacet
  facet normal 4.303745e-01 -9.026504e-01 -2.589915e-04
    outer loop
      vertex   2.151873e+00 -4.513252e+00 1.373240e+01
      vertex   2.069564e+00 -4.551583e+00 1.054930e+01
      vertex   2.233472e+00 -4.473433e+00 1.054930e+01
    endloop
  endfacet
  facet normal 4.466943e-01 -8.946866e-01 2.589915e-04
    outer loop
      vertex   2.151873e+00 -4.513252e+00 1.373240e+01
      vertex   2.233472e+00 -4.473433e+00 1.054930e+01
      vertex   2.314334e+00 -4.432139e+00 1.373240e+01
    endloop
  endfacet
  facet normal 4.628668e-01 -8.864278e-01 -2.589915e-04
    outer loop
      vertex   2.314334e+00 -4.432139e+00 1.373240e+01
      vertex   2.233472e+00 -4.473433e+00 1.054930e+01
      vertex   2.394434e+00 -4.389384e+00 1.054930e+01
    endloop
  endfacet
  facet normal 4.788867e-01 -8.778767e-01 2.589915e-04
    outer loop
      vertex   2.314334e+00 -4.432139e+00 1.373240e+01
      vertex   2.394434e+00 -4.389384e+00 1.054930e+01
      vertex   2.473743e+00 -4.345181e+00 1.373240e+01
    endloop
  endfacet
  facet normal 4.947487e-01 -8.690361e-01 -2.589915e-04
    outer loop
      vertex   2.473743e+00 -4.345181e+00 1.373240e+01
      vertex   2.394434e+00 -4.389384e+00 1.054930e+01
      vertex   2.552237e+00 -4.299545e+00 1.054930e+01
    endloop
  endfacet
  facet normal 5.104475e-01 -8.599089e-01 2.589915e-04
    outer loop
      vertex   2.473743e+00 -4.345181e+00 1.373240e+01
      vertex   2.552237e+00 -4.299545e+00 1.054930e+01
      vertex   2.629890e+00 -4.252491e+00 1.373240e+01
    endloop
  endfacet
  facet normal 5.259780e-01 -8.504982e-01 -2.589915e-04
    outer loop
      vertex   2.629890e+00 -4.252491e+00 1.373240e+01
      vertex   2.552237e+00 -4.299545e+00 1.054930e+01
      vertex   2.706675e+00 -4.204035e+00 1.054930e+01
    endloop
  endfacet
  facet normal 5.413350e-01 -8.408070e-01 2.589915e-04
    outer loop
      vertex   2.629890e+00 -4.252491e+00 1.373240e+01
      vertex   2.706675e+00 -4.204035e+00 1.054930e+01
      vertex   2.782568e+00 -4.154193e+00 1.373240e+01
    endloop
  endfacet
  facet normal 5.565135e-01 -8.308385e-01 -2.589915e-04
    outer loop
      vertex   2.782568e+00 -4.154193e+00 1.373240e+01
      vertex   2.706675e+00 -4.204035e+00 1.054930e+01
      vertex   2.857543e+00 -4.102980e+00 1.054930e+01
    endloop
  endfacet
  facet normal 5.715086e-01 -8.205961e-01 2.589915e-04
    outer loop
      vertex   2.782568e+00 -4.154193e+00 1.373240e+01
      vertex   2.857543e+00 -4.102980e+00 1.054930e+01
      vertex   2.931576e+00 -4.050415e+00 1.373240e+01
    endloop
  endfacet
  facet normal 5.863151e-01 -8.100830e-01 -2.589915e-04
    outer loop
      vertex   2.931576e+00 -4.050415e+00 1.373240e+01
      vertex   2.857543e+00 -4.102980e+00 1.054930e+01
      vertex   3.004642e+00 -3.996514e+00 1.054930e+01
    endloop
  endfacet
  facet normal 6.009283e-01 -7.993029e-01 2.589915e-04
    outer loop
      vertex   2.931576e+00 -4.050415e+00 1.373240e+01
      vertex   3.004642e+00 -3.996514e+00 1.054930e+01
      vertex   3.076717e+00 -3.941296e+00 1.373240e+01
    endloop
  endfacet
  facet normal 6.153434e-01 -7.882591e-01 -2.589915e-04
    outer loop
      vertex   3.076717e+00 -3.941296e+00 1.373240e+01
      vertex   3.004642e+00 -3.996514e+00 1.054930e+01
      vertex   3.147778e+00 -3.884777e+00 1.054930e+01
    endloop
  endfacet
  facet normal 6.295556e-01 -7.769554e-01 2.589915e-04
    outer loop
      vertex   3.076717e+00 -3.941296e+00 1.373240e+01
      vertex   3.147778e+00 -3.884777e+00 1.054930e+01
      vertex   3.217801e+00 -3.826978e+00 1.373240e+01
    endloop
  endfacet
  facet normal 6.435601e-01 -7.653955e-01 -2.589915e-04
    outer loop
      vertex   3.217801e+00 -3.826978e+00 1.373240e+01
      vertex   3.147778e+00 -3.884777e+00 1.054930e+01
      vertex   3.286762e+00 -3.767916e+00 1.054930e+01
    endloop
  endfacet
  facet normal 6.573524e-01 -7.535833e-01 2.589915e-04
    outer loop
      vertex   3.217801e+00 -3.826978e+00 1.373240e+01
      vertex   3.286762e+00 -3.767916e+00 1.054930e+01
      vertex   3.354640e+00 -3.707613e+00 1.373240e+01
    endloop
  endfacet
  facet normal 6.709280e-01 -7.415225e-01 -2.589915e-04
    outer loop
      vertex   3.354640e+00 -3.707613e+00 1.373240e+01
      vertex   3.286762e+00 -3.767916e+00 1.054930e+01
      vertex   3.421412e+00 -3.646086e+00 1.054930e+01
    endloop
  endfacet
  facet normal 6.842823e-01 -7.292172e-01 2.589915e-04
    outer loop
      vertex   3.354640e+00 -3.707613e+00 1.373240e+01
      vertex   3.421412e+00 -3.646086e+00 1.054930e+01
      vertex   3.487055e+00 -3.583357e+00 1.373240e+01
    endloop
  endfacet
  facet normal 6.974109e-01 -7.166714e-01 -2.589915e-04
    outer loop
      vertex   3.487055e+00 -3.583357e+00 1.373240e+01
      vertex   3.421412e+00 -3.646086e+00 1.054930e+01
      vertex   3.551548e+00 -3.519447e+00 1.054930e+01
    endloop
  endfacet
  facet normal 7.103096e-01 -7.038893e-01 2.589915e-04
    outer loop
      vertex   3.487055e+00 -3.583357e+00 1.373240e+01
      vertex   3.551548e+00 -3.519447e+00 1.054930e+01
      vertex   3.614871e+00 -3.454376e+00 1.373240e+01
    endloop
  endfacet
  facet normal 7.229741e-01 -6.908751e-01 -2.589915e-04
    outer loop
      vertex   3.614871e+00 -3.454376e+00 1.373240e+01
      vertex   3.551548e+00 -3.519447e+00 1.054930e+01
      vertex   3.677001e+00 -3.388165e+00 1.054930e+01
    endloop
  endfacet
  facet normal 7.354001e-01 -6.776331e-01 2.589915e-04
    outer loop
      vertex   3.614871e+00 -3.454376e+00 1.373240e+01
      vertex   3.677001e+00 -3.388165e+00 1.054930e+01
      vertex   3.737919e+00 -3.320838e+00 1.373240e+01
    endloop
  endfacet
  facet normal 7.475837e-01 -6.641676e-01 -2.589915e-04
    outer loop
      vertex   3.737919e+00 -3.320838e+00 1.373240e+01
      vertex   3.677001e+00 -3.388165e+00 1.054930e+01
      vertex   3.797604e+00 -3.252415e+00 1.054930e+01
    endloop
  endfacet
  facet normal 7.595207e-01 -6.504831e-01 2.589915e-04
    outer loop
      vertex   3.737919e+00 -3.320838e+00 1.373240e+01
      vertex   3.797604e+00 -3.252415e+00 1.054930e+01
      vertex   3.856037e+00 -3.182920e+00 1.373240e+01
    endloop
  endfacet
  facet normal 7.712073e-01 -6.365841e-01 -2.589915e-04
    outer loop
      vertex   3.856037e+00 -3.182920e+00 1.373240e+01
      vertex   3.797604e+00 -3.252415e+00 1.054930e+01
      vertex   3.913198e+00 -3.112376e+00 1.054930e+01
    endloop
  endfacet
  facet normal 7.826395e-01 -6.224751e-01 2.589915e-04
    outer loop
      vertex   3.856037e+00 -3.182920e+00 1.373240e+01
      vertex   3.913198e+00 -3.112376e+00 1.054930e+01
      vertex   3.969069e+00 -3.040805e+00 1.373240e+01
    endloop
  endfacet
  facet normal 7.938137e-01 -6.081609e-01 -2.589915e-04
    outer loop
      vertex   3.969069e+00 -3.040805e+00 1.373240e+01
      vertex   3.913198e+00 -3.112376e+00 1.054930e+01
      vertex   4.023631e+00 -2.968231e+00 1.054930e+01
    endloop
  endfacet
  facet normal 8.047261e-01 -5.936462e-01 2.589915e-04
    outer loop
      vertex   3.969069e+00 -3.040805e+00 1.373240e+01
      vertex   4.023631e+00 -2.968231e+00 1.054930e+01
      vertex   4.076866e+00 -2.894679e+00 1.373240e+01
    endloop
  endfacet
  facet normal 8.153731e-01 -5.789357e-01 -2.589915e-04
    outer loop
      vertex   4.076866e+00 -2.894679e+00 1.373240e+01
      vertex   4.023631e+00 -2.968231e+00 1.054930e+01
      vertex   4.128757e+00 -2.820172e+00 1.054930e+01
    endloop
  endfacet
  facet normal 8.257513e-01 -5.640343e-01 2.589915e-04
    outer loop
      vertex   4.076866e+00 -2.894679e+00 1.373240e+01
      vertex   4.128757e+00 -2.820172e+00 1.054930e+01
      vertex   4.179286e+00 -2.744735e+00 1.373240e+01
    endloop
  endfacet
  facet normal 8.358572e-01 -5.489469e-01 -2.589915e-04
    outer loop
      vertex   4.179286e+00 -2.744735e+00 1.373240e+01
      vertex   4.128757e+00 -2.820172e+00 1.054930e+01
      vertex   4.228437e+00 -2.668393e+00 1.054930e+01
    endloop
  endfacet
  facet normal 8.456874e-01 -5.336785e-01 2.589915e-04
    outer loop
      vertex   4.179286e+00 -2.744735e+00 1.373240e+01
      vertex   4.228437e+00 -2.668393e+00 1.054930e+01
      vertex   4.276194e+00 -2.591171e+00 1.373240e+01
    endloop
  endfacet
  facet normal 8.552388e-01 -5.182341e-01 -2.589915e-04
    outer loop
      vertex   4.276194e+00 -2.591171e+00 1.373240e+01
      vertex   4.228437e+00 -2.668393e+00 1.054930e+01
      vertex   4.322541e+00 -2.513094e+00 1.054930e+01
    endloop
  endfacet
  facet normal 8.645081e-01 -5.026188e-01 2.589915e-04
    outer loop
      vertex   4.276194e+00 -2.591171e+00 1.373240e+01
      vertex   4.322541e+00 -2.513094e+00 1.054930e+01
      vertex   4.367462e+00 -2.434189e+00 1.373240e+01
    endloop
  endfacet
  facet normal 8.734924e-01 -4.868377e-01 -2.589915e-04
    outer loop
      vertex   4.367462e+00 -2.434189e+00 1.373240e+01
      vertex   4.322541e+00 -2.513094e+00 1.054930e+01
      vertex   4.410943e+00 -2.354481e+00 1.054930e+01
    endloop
  endfacet
  facet normal 8.821886e-01 -4.708962e-01 2.589915e-04
    outer loop
      vertex   4.367462e+00 -2.434189e+00 1.373240e+01
      vertex   4.410943e+00 -2.354481e+00 1.054930e+01
      vertex   4.452970e+00 -2.273997e+00 1.373240e+01
    endloop
  endfacet
  facet normal 8.905939e-01 -4.547993e-01 -2.589915e-04
    outer loop
      vertex   4.452970e+00 -2.273997e+00 1.373240e+01
      vertex   4.410943e+00 -2.354481e+00 1.054930e+01
      vertex   4.493528e+00 -2.192762e+00 1.054930e+01
    endloop
  endfacet
  facet normal 8.987055e-01 -4.385525e-01 2.589915e-04
    outer loop
      vertex   4.452970e+00 -2.273997e+00 1.373240e+01
      vertex   4.493528e+00 -2.192762e+00 1.054930e+01
      vertex   4.532604e+00 -2.110805e+00 1.373240e+01
    endloop
  endfacet
  facet normal 9.065208e-01 -4.221610e-01 -2.589915e-04
    outer loop
      vertex   4.532604e+00 -2.110805e+00 1.373240e+01
      vertex   4.493528e+00 -2.192762e+00 1.054930e+01
      vertex   4.570186e+00 -2.028152e+00 1.054930e+01
    endloop
  endfacet
  facet normal 9.140372e-01 -4.056304e-01 2.589915e-04
    outer loop
      vertex   4.532604e+00 -2.110805e+00 1.373240e+01
      vertex   4.570186e+00 -2.028152e+00 1.054930e+01
      vertex   4.606261e+00 -1.944830e+00 1.373240e+01
    endloop
  endfacet
  facet normal 9.212521e-01 -3.889659e-01 -2.589915e-04
    outer loop
      vertex   4.606261e+00 -1.944830e+00 1.373240e+01
      vertex   4.570186e+00 -2.028152e+00 1.054930e+01
      vertex   4.640816e+00 -1.860866e+00 1.054930e+01
    endloop
  endfacet
  facet normal 9.281632e-01 -3.721733e-01 2.589915e-04
    outer loop
      vertex   4.606261e+00 -1.944830e+00 1.373240e+01
      vertex   4.640816e+00 -1.860866e+00 1.054930e+01
      vertex   4.673842e+00 -1.776289e+00 1.373240e+01
    endloop
  endfacet
  facet normal 9.347683e-01 -3.552578e-01 -2.589915e-04
    outer loop
      vertex   4.673842e+00 -1.776289e+00 1.373240e+01
      vertex   4.640816e+00 -1.860866e+00 1.054930e+01
      vertex   4.705326e+00 -1.691126e+00 1.054930e+01
    endloop
  endfacet
  facet normal 9.410651e-01 -3.382253e-01 2.589915e-04
    outer loop
      vertex   4.673842e+00 -1.776289e+00 1.373240e+01
      vertex   4.705326e+00 -1.691126e+00 1.054930e+01
      vertex   4.735258e+00 -1.605406e+00 1.373240e+01
    endloop
  endfacet
  facet normal 9.470516e-01 -3.210812e-01 -2.589915e-04
    outer loop
      vertex   4.735258e+00 -1.605406e+00 1.373240e+01
      vertex   4.705326e+00 -1.691126e+00 1.054930e+01
      vertex   4.763629e+00 -1.519156e+00 1.054930e+01
    endloop
  endfacet
  facet normal 9.527258e-01 -3.038312e-01 2.589915e-04
    outer loop
      vertex   4.735258e+00 -1.605406e+00 1.373240e+01
      vertex   4.763629e+00 -1.519156e+00 1.054930e+01
      vertex   4.790430e+00 -1.432405e+00 1.373240e+01
    endloop
  endfacet
  facet normal 9.580859e-01 -2.864810e-01 -2.589915e-04
    outer loop
      vertex   4.790430e+00 -1.432405e+00 1.373240e+01
      vertex   4.763629e+00 -1.519156e+00 1.054930e+01
      vertex   4.815650e+00 -1.345182e+00 1.054930e+01
    endloop
  endfacet
  facet normal 9.631300e-01 -2.690364e-01 2.589915e-04
    outer loop
      vertex   4.790430e+00 -1.432405e+00 1.373240e+01
      vertex   4.815650e+00 -1.345182e+00 1.054930e+01
      vertex   4.839283e+00 -1.257515e+00 1.373240e+01
    endloop
  endfacet
  facet normal 9.678565e-01 -2.515031e-01 -2.589915e-04
    outer loop
      vertex   4.839283e+00 -1.257515e+00 1.373240e+01
      vertex   4.815650e+00 -1.345182e+00 1.054930e+01
      vertex   4.861319e+00 -1.169434e+00 1.054930e+01
    endloop
  endfacet
  facet normal 9.722638e-01 -2.338868e-01 2.589915e-04
    outer loop
      vertex   4.839283e+00 -1.257515e+00 1.373240e+01
      vertex   4.861319e+00 -1.169434e+00 1.054930e+01
      vertex   4.881753e+00 -1.080967e+00 1.373240e+01
    endloop
  endfacet
  facet normal 9.763505e-01 -2.161934e-01 -2.589915e-04
    outer loop
      vertex   4.881753e+00 -1.080967e+00 1.373240e+01
      vertex   4.861319e+00 -1.169434e+00 1.054930e+01
      vertex   4.900577e+00 -9.921433e-01 1.054930e+01
    endloop
  endfacet
  facet normal 9.801153e-01 -1.984287e-01 2.589915e-04
    outer loop
      vertex   4.881753e+00 -1.080967e+00 1.373240e+01
      vertex   4.900577e+00 -9.921433e-01 1.054930e+01
      vertex   4.917784e+00 -9.029926e-01 1.373240e+01
    endloop
  endfacet
  facet normal 9.835569e-01 -1.805985e-01 -2.589915e-04
    outer loop
      vertex   4.917784e+00 -9.029926e-01 1.373240e+01
      vertex   4.900577e+00 -9.921433e-01 1.054930e+01
      vertex   4.933371e+00 -8.135442e-01 1.054930e+01
    endloop
  endfacet
  facet normal 9.866741e-01 -1.627088e-01 2.589915e-04
    outer loop
      vertex   4.917784e+00 -9.029926e-01 1.373240e+01
      vertex   4.933371e+00 -8.135442e-01 1.054930e+01
      vertex   4.947330e+00 -7.238274e-01 1.373240e+01
    endloop
  endfacet
  facet normal 9.894660e-01 -1.447655e-01 -2.589915e-04
    outer loop
      vertex   4.947330e+00 -7.238274e-01 1.373240e+01
      vertex   4.933371e+00 -8.135442e-01 1.054930e+01
      vertex   4.959658e+00 -6.338720e-01 1.054930e+01
    endloop
  endfacet
  facet normal 9.919315e-01 -1.267744e-01 2.589915e-04
    outer loop
      vertex   4.947330e+00 -7.238274e-01 1.373240e+01
      vertex   4.959658e+00 -6.338720e-01 1.054930e+01
      vertex   4.970350e+00 -5.437076e-01 1.373240e+01
    endloop
  endfacet
  facet normal 9.940700e-01 -1.087415e-01 -2.589915e-04
    outer loop
      vertex   4.970350e+00 -5.437076e-01 1.373240e+01
      vertex   4.959658e+00 -6.338720e-01 1.054930e+01
      vertex   4.979404e+00 -4.533638e-01 1.054930e+01
    endloop
  endfacet
  facet normal 9.958807e-01 -9.067277e-02 2.589915e-04
    outer loop
      vertex   4.970350e+00 -5.437076e-01 1.373240e+01
      vertex   4.979404e+00 -4.533638e-01 1.054930e+01
      vertex   4.986815e+00 -3.628706e-01 1.373240e+01
    endloop
  endfacet
  facet normal 9.973630e-01 -7.257412e-02 -2.589915e-04
    outer loop
      vertex   4.986815e+00 -3.628706e-01 1.373240e+01
      vertex   4.979404e+00 -4.533638e-01 1.054930e+01
      vertex   4.992582e+00 -2.722577e-01 1.054930e+01
    endloop
  endfacet
  facet normal 9.985164e-01 -5.445154e-02 2.589915e-04
    outer loop
      vertex   4.986815e+00 -3.628706e-01 1.373240e+01
      vertex   4.992582e+00 -2.722577e-01 1.054930e+01
      vertex   4.996703e+00 -1.815550e-01 1.373240e+01
    endloop
  endfacet
  facet normal 9.993405e-01 -3.631100e-02 -2.589915e-04
    outer loop
      vertex   4.996703e+00 -1.815550e-01 1.373240e+01
      vertex   4.992582e+00 -2.722577e-01 1.054930e+01
      vertex   4.999176e+00 -9.079249e-02 1.054930e+01
    endloop
  endfacet
  facet normal -9.998351e-01 1.815850e-02 0.000000e+00
    outer loop
      vertex   -5.000000e+00 6.123234e-16 4.183099e+00
      vertex   -5.000000e+00 6.123234e-16 7.366198e+00
      vertex   -4.996703e+00 1.815550e-01 4.183099e+00
    endloop
  endfacet
  facet normal -9.998351e-01 1.815850e-02 0.000000e+00
    outer loop
      vertex   -4.996703e+00 1.815550e-01 4.183099e+00
      vertex   -5.000000e+00 6.123234e-16 7.366198e+00
      vertex   -4.996703e+00 1.815550e-01 7.366198e+00
    endloop
  endfacet
  facet normal -9.985164e-01 5.445154e-02 0.000000e+00
    outer loop
      vertex   -4.996703e+00 1.815550e-01 4.183099e+00
      vertex   -4.996703e+00 1.815550e-01 7.366198e+00
      vertex   -4.986815e+00 3.628706e-01 4.183099e+00
    endloop
  endfacet
  facet normal -9.985164e-01 5.445154e-02 0.000000e+00
    outer loop
      vertex   -4.986815e+00 3.628706e-01 4.183099e+00
      vertex   -4.996703e+00 1.815550e-01 7.366198e+00
      vertex   -4.986815e+00 3.628706e-01 7.366198e+00
    endloop
  endfacet
  facet normal -9.958807e-01 9.067277e-02 0.000000e+00
    outer loop
      vertex   -4.986815e+00 3.628706e-01 4.183099e+00
      vertex   -4.986815e+00 3.628706e-01 7.366198e+00
      vertex   -4.970350e+00 5.437076e-01 4.183099e+00
    endloop
  endfacet
  facet normal -9.958807e-01 9.067277e-02 0.000000e+00
    outer loop
      vertex   -4.970350e+00 5.437076e-01 4.183099e+00
      vertex   -4.986815e+00 3.628706e-01 7.366198e+00
      vertex   -4.970350e+00 5.437076e-01 7.366198e+00
    endloop
  endfacet
  facet normal -9.919316e-01 1.267744e-01 0.000000e+00
    outer loop
      vertex   -4.970350e+00 5.437076e-01 4.183099e+00
      vertex   -4.970350e+00 5.437076e-01 7.366198e+00
      vertex   -4.947330e+00 7.238274e-01 4.183099e+00
    endloop
  endfacet
  facet normal -9.919316e-01 1.267744e-01 0.000000e+00
    outer loop
      vertex   -4.947330e+00 7.238274e-01 4.183099e+00
      vertex   -4.970350e+00 5.437076e-01 7.366198e+00
      vertex   -4.947330e+00 7.238274e-01 7.366198e+00
    endloop
  endfacet
  facet normal -9.866741e-01 1.627088e-01 0.000000e+00
    outer loop
      vertex   -4.947330e+00 7.238274e-01 4.183099e+00
      vertex   -4.947330e+00 7.238274e-01 7.366198e+00
      vertex   -4.917784e+00 9.029926e-01 4.183099e+00
    endloop
  endfacet
  facet normal -9.866741e-01 1.627088e-01 0.000000e+00
    outer loop
      vertex   -4.917784e+00 9.029926e-01 4.183099e+00
      vertex   -4.947330e+00 7.238274e-01 7.366198e+00
      vertex   -4.917784e+00 9.029926e-01 7.366198e+00
    endloop
  endfacet
  facet normal -9.801153e-01 1.984287e-01 0.000000e+00
    outer loop
      vertex   -4.917784e+00 9.029926e-01 4.183099e+00
      vertex   -4.917784e+00 9.029926e-01 7.366198e+00
      vertex   -4.881753e+00 1.080967e+00 4.183099e+00
    endloop
  endfacet
  facet normal -9.801153e-01 1.984287e-01 0.000000e+00
    outer loop
      vertex   -4.881753e+00 1.080967e+00 4.183099e+00
      vertex   -4.917784e+00 9.029926e-01 7.366198e+00
      vertex   -4.881753e+00 1.080967e+00 7.366198e+00
    endloop
  endfacet
  facet normal -9.722638e-01 2.338868e-01 0.000000e+00
    outer loop
      vertex   -4.881753e+00 1.080967e+00 4.183099e+00
      vertex   -4.881753e+00 1.080967e+00 7.366198e+00
      vertex   -4.839283e+00 1.257515e+00 4.183099e+00
    endloop
  endfacet
  facet normal -9.722638e-01 2.338868e-01 0.000000e+00
    outer loop
      vertex   -4.839283e+00 1.257515e+00 4.183099e+00
      vertex   -4.881753e+00 1.080967e+00 7.366198e+00
      vertex   -4.839283e+00 1.257515e+00 7.366198e+00
    endloop
  endfacet
  facet normal -9.631300e-01 2.690364e-01 0.000000e+00
    outer loop
      vertex   -4.839283e+00 1.257515e+00 4.183099e+00
      vertex   -4.839283e+00 1.257515e+00 7.366198e+00
      vertex   -4.790430e+00 1.432405e+00 4.183099e+00
    endloop
  endfacet
  facet normal -9.631300e-01 2.690364e-01 0.000000e+00
    outer loop
      vertex   -4.790430e+00 1.432405e+00 4.183099e+00
      vertex   -4.839283e+00 1.257515e+00 7.366198e+00
      vertex   -4.790430e+00 1.432405e+00 7.366198e+00
    endloop
  endfacet
  facet normal -9.527259e-01 3.038312e-01 0.000000e+00
    outer loop
      vertex   -4.790430e+00 1.432405e+00 4.183099e+00
      vertex   -4.790430e+00 1.432405e+00 7.366198e+00
      vertex   -4.735258e+00 1.605406e+00 4.183099e+00
    endloop
  endfacet
  facet normal -9.527259e-01 3.038312e-01 0.000000e+00
    outer loop
      vertex   -4.735258e+00 1.605406e+00 4.183099e+00
      vertex   -4.790430e+00 1.432405e+00 7.366198e+00
      vertex   -4.735258e+00 1.605406e+00 7.366198e+00
    endloop
  endfacet
  facet normal -9.410652e-01 3.382253e-01 0.000000e+00
    outer loop
      vertex   -4.735258e+00 1.605406e+00 4.183099e+00
      vertex   -4.735258e+00 1.605406e+00 7.366198e+00
      vertex   -4.673842e+00 1.776289e+00 4.183099e+00
    endloop
  endfacet
  facet normal -9.410652e-01 3.382253e-01 0.000000e+00
    outer loop
      vertex   -4.673842e+00 1.776289e+00 4.183099e+00
      vertex   -4.735258e+00 1.605406e+00 7.366198e+00
      vertex   -4.673842e+00 1.776289e+00 7.366198e+00
    endloop
  endfacet
  facet normal -9.281633e-01 3.721733e-01 0.000000e+00
    outer loop
      vertex   -4.673842e+00 1.776289e+00 4.183099e+00
      vertex   -4.673842e+00 1.776289e+00 7.366198e+00
      vertex   -4.606261e+00 1.944830e+00 4.183099e+00
    endloop
  endfacet
  facet normal -9.281633e-01 3.721733e-01 0.000000e+00
    outer loop
      vertex   -4.606261e+00 1.944830e+00 4.183099e+00
      vertex   -4.673842e+00 1.776289e+00 7.366198e+00
      vertex   -4.606261e+00 1.944830e+00 7.366198e+00
    endloop
  endfacet
  facet normal -9.140372e-01 4.056304e-01 0.000000e+00
    outer loop
      vertex   -4.606261e+00 1.944830e+00 4.183099e+00
      vertex   -4.606261e+00 1.944830e+00 7.366198e+00
      vertex   -4.532604e+00 2.110805e+00 4.183099e+00
    endloop
  endfacet
  facet normal -9.140372e-01 4.056304e-01 0.000000e+00
    outer loop
      vertex   -4.532604e+00 2.110805e+00 4.183099e+00
      vertex   -4.606261e+00 1.944830e+00 7.366198e+00
      vertex   -4.532604e+00 2.110805e+00 7.366198e+00
    endloop
  endfacet
  facet normal -8.987056e-01 4.385525e-01 0.000000e+00
    outer loop
      vertex   -4.532604e+00 2.110805e+00 4.183099e+00
      vertex   -4.532604e+00 2.110805e+00 7.366198e+00
      vertex   -4.452970e+00 2.273997e+00 4.183099e+00
    endloop
  endfacet
  facet normal -8.987056e-01 4.385525e-01 0.000000e+00
    outer loop
      vertex   -4.452970e+00 2.273997e+00 4.183099e+00
      vertex   -4.532604e+00 2.110805e+00 7.366198e+00
      vertex   -4.452970e+00 2.273997e+00 7.366198e+00
    endloop
  endfacet
  facet normal -8.821886e-01 4.708962e-01 0.000000e+00
    outer loop
      vertex   -4.452970e+00 2.273997e+00 4.183099e+00
      vertex   -4.452970e+00 2.273997e+00 7.366198e+00
      vertex   -4.367462e+00 2.434189e+00 4.183099e+00
    endloop
  endfacet
  facet normal -8.821886e-01 4.708962e-01 0.000000e+00
    outer loop
      vertex   -4.367462e+00 2.434189e+00 4.183099e+00
      vertex   -4.452970e+00 2.273997e+00 7.366198e+00
      vertex   -4.367462e+00 2.434189e+00 7.366198e+00
    endloop
  endfacet
  facet normal -8.645081e-01 5.026188e-01 0.000000e+00
    outer loop
      vertex   -4.367462e+00 2.434189e+00 4.183099e+00
      vertex   -4.367462e+00 2.434189e+00 7.366198e+00
      vertex   -4.276194e+00 2.591171e+00 4.183099e+00
    endloop
  endfacet
  facet normal -8.645081e-01 5.026188e-01 0.000000e+00
    outer loop
      vertex   -4.276194e+00 2.591171e+00 4.183099e+00
      vertex   -4.367462e+00 2.434189e+00 7.366198e+00
      vertex   -4.276194e+00 2.591171e+00 7.366198e+00
    endloop
  endfacet
  facet normal -8.456874e-01 5.336785e-01 0.000000e+00
    outer loop
      vertex   -4.276194e+00 2.591171e+00 4.183099e+00
      vertex   -4.276194e+00 2.591171e+00 7.366198e+00
      vertex   -4.179286e+00 2.744735e+00 4.183099e+00
    endloop
  endfacet
  facet normal -8.456874e-01 5.336785e-01 0.000000e+00
    outer loop
      vertex   -4.179286e+00 2.744735e+00 4.183099e+00
      vertex   -4.276194e+00 2.591171e+00 7.366198e+00
      vertex   -4.179286e+00 2.744735e+00 7.366198e+00
    endloop
  endfacet
  facet normal -8.257513e-01 5.640343e-01 0.000000e+00
    outer loop
      vertex   -4.179286e+00 2.744735e+00 4.183099e+00
      vertex   -4.179286e+00 2.744735e+00 7.366198e+00
      vertex   -4.076866e+00 2.894679e+00 4.183099e+00
    endloop
  endfacet
  facet normal -8.257513e-01 5.640343e-01 0.000000e+00
    outer loop
      vertex   -4.076866e+00 2.894679e+00 4.183099e+00
      vertex   -4.179286e+00 2.744735e+00 7.366198e+00
      vertex   -4.076866e+00 2.894679e+00 7.366198e+00
    endloop
  endfacet
  facet normal -8.047261e-01 5.936462e-01 0.000000e+00
    outer loop
      vertex   -4.076866e+00 2.894679e+00 4.183099e+00
      vertex   -4.076866e+00 2.894679e+00 7.366198e+00
      vertex   -3.969069e+00 3.040805e+00 4.183099e+00
    endloop
  endfacet
  facet normal -8.047261e-01 5.936462e-01 0.000000e+00
    outer loop
      vertex   -3.969069e+00 3.040805e+00 4.183099e+00
      vertex   -4.076866e+00 2.894679e+00 7.366198e+00
      vertex   -3.969069e+00 3.040805e+00 7.366198e+00
    endloop
  endfacet
  facet normal -7.826396e-01 6.224752e-01 0.000000e+00
    outer loop
      vertex   -3.969069e+00 3.040805e+00 4.183099e+00
      vertex   -3.969069e+00 3.040805e+00 7.366198e+00
      vertex   -3.856037e+00 3.182920e+00 4.183099e+00
    endloop
  endfacet
  facet normal -7.826396e-01 6.224752e-01 0.000000e+00
    outer loop
      vertex   -3.856037e+00 3.182920e+00 4.183099e+00
      vertex   -3.969069e+00 3.040805e+00 7.366198e+00
      vertex   -3.856037e+00 3.182920e+00 7.366198e+00
    endloop
  endfacet
  facet normal -7.595207e-01 6.504831e-01 0.000000e+00
    outer loop
      vertex   -3.856037e+00 3.182920e+00 4.183099e+00
      vertex   -3.856037e+00 3.182920e+00 7.366198e+00
      vertex   -3.737919e+00 3.320838e+00 4.183099e+00
    endloop
  endfacet
  facet normal -7.595207e-01 6.504831e-01 0.000000e+00
    outer loop
      vertex   -3.737919e+00 3.320838e+00 4.183099e+00
      vertex   -3.856037e+00 3.182920e+00 7.366198e+00
      vertex   -3.737919e+00 3.320838e+00 7.366198e+00
    endloop
  endfacet
  facet normal -7.354002e-01 6.776331e-01 0.000000e+00
    outer loop
      vertex   -3.737919e+00 3.320838e+00 4.183099e+00
      vertex   -3.737919e+00 3.320838e+00 7.366198e+00
      vertex   -3.614871e+00 3.454376e+00 4.183099e+00
    endloop
  endfacet
  facet normal -7.354002e-01 6.776331e-01 0.000000e+00
    outer loop
      vertex   -3.614871e+00 3.454376e+00 4.183099e+00
      vertex   -3.737919e+00 3.320838e+00 7.366198e+00
      vertex   -3.614871e+00 3.454376e+00 7.366198e+00
    endloop
  endfacet
  facet normal -7.103097e-01 7.038893e-01 0.000000e+00
    outer loop
      vertex   -3.614871e+00 3.454376e+00 4.183099e+00
      vertex   -3.614871e+00 3.454376e+00 7.366198e+00
      vertex   -3.487055e+00 3.583357e+00 4.183099e+00
    endloop
  endfacet
  facet normal -7.103097e-01 7.038893e-01 0.000000e+00
    outer loop
      vertex   -3.487055e+00 3.583357e+00 4.183099e+00
      vertex   -3.614871e+00 3.454376e+00 7.366198e+00
      vertex   -3.487055e+00 3.583357e+00 7.366198e+00
    endloop
  endfacet
  facet normal -6.842823e-01 7.292172e-01 0.000000e+00
    outer loop
      vertex   -3.487055e+00 3.583357e+00 4.183099e+00
      vertex   -3.487055e+00 3.583357e+00 7.366198e+00
      vertex   -3.354640e+00 3.707613e+00 4.183099e+00
    endloop
  endfacet
  facet normal -6.842823e-01 7.292172e-01 0.000000e+00
    outer loop
      vertex   -3.354640e+00 3.707613e+00 4.183099e+00
      vertex   -3.487055e+00 3.583357e+00 7.366198e+00
      vertex   -3.354640e+00 3.707613e+00 7.366198e+00
    endloop
  endfacet
  facet normal -6.573524e-01 7.535833e-01 0.000000e+00
    outer loop
      vertex   -3.354640e+00 3.707613e+00 4.183099e+00
      vertex   -3.354640e+00 3.707613e+00 7.366198e+00
      vertex   -3.217801e+00 3.826978e+00 4.183099e+00
    endloop
  endfacet
  facet normal -6.573524e-01 7.535833e-01 0.000000e+00
    outer loop
      vertex   -3.217801e+00 3.826978e+00 4.183099e+00
      vertex   -3.354640e+00 3.707613e+00 7.366198e+00
      vertex   -3.217801e+00 3.826978e+00 7.366198e+00
    endloop
  endfacet
  facet normal -6.295556e-01 7.769555e-01 0.000000e+00
    outer loop
      vertex   -3.217801e+00 3.826978e+00 4.183099e+00
      vertex   -3.217801e+00 3.826978e+00 7.366198e+00
      vertex   -3.076717e+00 3.941296e+00 4.183099e+00
    endloop
  endfacet
  facet normal -6.295556e-01 7.769555e-01 0.000000e+00
    outer loop
      vertex   -3.076717e+00 3.941296e+00 4.183099e+00
      vertex   -3.217801e+00 3.826978e+00 7.366198e+00
      vertex   -3.076717e+00 3.941296e+00 7.366198e+00
    endloop
  endfacet
  facet normal -6.009284e-01 7.993029e-01 0.000000e+00
    outer loop
      vertex   -3.076717e+00 3.941296e+00 4.183099e+00
      vertex   -3.076717e+00 3.941296e+00 7.366198e+00
      vertex   -2.931576e+00 4.050415e+00 4.183099e+00
    endloop
  endfacet
  facet normal -6.009284e-01 7.993029e-01 0.000000e+00
    outer loop
      vertex   -2.931576e+00 4.050415e+00 4.183099e+00
      vertex   -3.076717e+00 3.941296e+00 7.366198e+00
      vertex   -2.931576e+00 4.050415e+00 7.366198e+00
    endloop
  endfacet
  facet normal -5.715086e-01 8.205961e-01 0.000000e+00
    outer loop
      vertex   -2.931576e+00 4.050415e+00 4.183099e+00
      vertex   -2.931576e+00 4.050415e+00 7.366198e+00
      vertex   -2.782568e+00 4.154193e+00 4.183099e+00
    endloop
  endfacet
  facet normal -5.715086e-01 8.205961e-01 0.000000e+00
    outer loop
      vertex   -2.782568e+00 4.154193e+00 4.183099e+00
      vertex   -2.931576e+00 4.050415e+00 7.366198e+00
      vertex   -2.782568e+00 4.154193e+00 7.366198e+00
    endloop
  endfacet
  facet normal -5.413350e-01 8.408070e-01 0.000000e+00
    outer loop
      vertex   -2.782568e+00 4.154193e+00 4.183099e+00
      vertex   -2.782568e+00 4.154193e+00 7.366198e+00
      vertex   -2.629890e+00 4.252491e+00 4.183099e+00
    endloop
  endfacet
  facet normal -5.413350e-01 8.408070e-01 0.000000e+00
    outer loop
      vertex   -2.629890e+00 4.252491e+00 4.183099e+00
      vertex   -2.782568e+00 4.154193e+00 7.366198e+00
      vertex   -2.629890e+00 4.252491e+00 7.366198e+00
    endloop
  endfacet
  facet normal -5.104475e-01 8.599089e-01 0.000000e+00
    outer loop
      vertex   -2.629890e+00 4.252491e+00 4.183099e+00
      vertex   -2.629890e+00 4.252491e+00 7.366198e+00
      vertex   -2.473743e+00 4.345181e+00 4.183099e+00
    endloop
  endfacet
  facet normal -5.104475e-01 8.599089e-01 0.000000e+00
    outer loop
      vertex   -2.473743e+00 4.345181e+00 4.183099e+00
      vertex   -2.629890e+00 4.252491e+00 7.366198e+00
      vertex   -2.473743e+00 4.345181e+00 7.366198e+00
    endloop
  endfacet
  facet normal -4.788867e-01 8.778767e-01 0.000000e+00
    outer loop
      vertex   -2.473743e+00 4.345181e+00 4.183099e+00
      vertex   -2.473743e+00 4.345181e+00 7.366198e+00
      vertex   -2.314334e+00 4.432139e+00 4.183099e+00
    endloop
  endfacet
  facet normal -4.788867e-01 8.778767e-01 0.000000e+00
    outer loop
      vertex   -2.314334e+00 4.432139e+00 4.183099e+00
      vertex   -2.473743e+00 4.345181e+00 7.366198e+00
      vertex   -2.314334e+00 4.432139e+00 7.366198e+00
    endloop
  endfacet
  facet normal -4.466943e-01 8.946866e-01 0.000000e+00
    outer loop
      vertex   -2.314334e+00 4.432139e+00 4.183099e+00
      vertex   -2.314334e+00 4.432139e+00 7.366198e+00
      vertex   -2.151873e+00 4.513252e+00 4.183099e+00
    endloop
  endfacet
  facet normal -4.466943e-01 8.946866e-01 0.000000e+00
    outer loop
      vertex   -2.151873e+00 4.513252e+00 4.183099e+00
      vertex   -2.314334e+00 4.432139e+00 7.366198e+00
      vertex   -2.151873e+00 4.513252e+00 7.366198e+00
    endloop
  endfacet
  facet normal -4.139128e-01 9.103165e-01 0.000000e+00
    outer loop
      vertex   -2.151873e+00 4.513252e+00 4.183099e+00
      vertex   -2.151873e+00 4.513252e+00 7.366198e+00
      vertex   -1.986573e+00 4.588412e+00 4.183099e+00
    endloop
  endfacet
  facet normal -4.139128e-01 9.103165e-01 0.000000e+00
    outer loop
      vertex   -1.986573e+00 4.588412e+00 4.183099e+00
      vertex   -2.151873e+00 4.513252e+00 7.366198e+00
      vertex   -1.986573e+00 4.588412e+00 7.366198e+00
    endloop
  endfacet
  facet normal -3.805853e-01 9.247458e-01 0.000000e+00
    outer loop
      vertex   -1.986573e+00 4.588412e+00 4.183099e+00
      vertex   -1.986573e+00 4.588412e+00 7.366198e+00
      vertex   -1.818653e+00 4.657521e+00 4.183099e+00
    endloop
  endfacet
  facet normal -3.805853e-01 9.247458e-01 0.000000e+00
    outer loop
      vertex   -1.818653e+00 4.657521e+00 4.183099e+00
      vertex   -1.986573e+00 4.588412e+00 7.366198e+00
      vertex   -1.818653e+00 4.657521e+00 7.366198e+00
    endloop
  endfacet
  facet normal -3.467559e-01 9.379554e-01 0.000000e+00
    outer loop
      vertex   -1.818653e+00 4.657521e+00 4.183099e+00
      vertex   -1.818653e+00 4.657521e+00 7.366198e+00
      vertex   -1.648334e+00 4.720487e+00 4.183099e+00
    endloop
  endfacet
  facet normal -3.467559e-01 9.379554e-01 0.000000e+00
    outer loop
      vertex   -1.648334e+00 4.720487e+00 4.183099e+00
      vertex   -1.818653e+00 4.657521e+00 7.366198e+00
      vertex   -1.648334e+00 4.720487e+00 7.366198e+00
    endloop
  endfacet
  facet normal -3.124691e-01 9.499279e-01 0.000000e+00
    outer loop
      vertex   -1.648334e+00 4.720487e+00 4.183099e+00
      vertex   -1.648334e+00 4.720487e+00 7.366198e+00
      vertex   -1.475842e+00 4.777226e+00 4.183099e+00
    endloop
  endfacet
  facet normal -3.124691e-01 9.499279e-01 0.000000e+00
    outer loop
      vertex   -1.475842e+00 4.777226e+00 4.183099e+00
      vertex   -1.648334e+00 4.720487e+00 7.366198e+00
      vertex   -1.475842e+00 4.777226e+00 7.366198e+00
    endloop
  endfacet
  facet normal -2.777702e-01 9.606476e-01 0.000000e+00
    outer loop
      vertex   -1.475842e+00 4.777226e+00 4.183099e+00
      vertex   -1.475842e+00 4.777226e+00 7.366198e+00
      vertex   -1.301402e+00 4.827665e+00 4.183099e+00
    endloop
  endfacet
  facet normal -2.777702e-01 9.606476e-01 0.000000e+00
    outer loop
      vertex   -1.301402e+00 4.827665e+00 4.183099e+00
      vertex   -1.475842e+00 4.777226e+00 7.366198e+00
      vertex   -1.301402e+00 4.827665e+00 7.366198e+00
    endloop
  endfacet
  facet normal -2.427049e-01 9.701002e-01 0.000000e+00
    outer loop
      vertex   -1.301402e+00 4.827665e+00 4.183099e+00
      vertex   -1.301402e+00 4.827665e+00 7.366198e+00
      vertex   -1.125247e+00 4.871737e+00 4.183099e+00
    endloop
  endfacet
  facet normal -2.427049e-01 9.701002e-01 0.000000e+00
    outer loop
      vertex   -1.125247e+00 4.871737e+00 4.183099e+00
      vertex   -1.301402e+00 4.827665e+00 7.366198e+00
      vertex   -1.125247e+00 4.871737e+00 7.366198e+00
    endloop
  endfacet
  facet normal -2.073196e-01 9.782733e-01 0.000000e+00
    outer loop
      vertex   -1.125247e+00 4.871737e+00 4.183099e+00
      vertex   -1.125247e+00 4.871737e+00 7.366198e+00
      vertex   -9.476070e-01 4.909383e+00 4.183099e+00
    endloop
  endfacet
  facet normal -2.073196e-01 9.782733e-01 0.000000e+00
    outer loop
      vertex   -9.476070e-01 4.909383e+00 4.183099e+00
      vertex   -1.125247e+00 4.871737e+00 7.366198e+00
      vertex   -9.476070e-01 4.909383e+00 7.366198e+00
    endloop
  endfacet
  facet normal -1.716608e-01 9.851561e-01 0.000000e+00
    outer loop
      vertex   -9.476070e-01 4.909383e+00 4.183099e+00
      vertex   -9.476070e-01 4.909383e+00 7.366198e+00
      vertex   -7.687175e-01 4.940554e+00 4.183099e+00
    endloop
  endfacet
  facet normal -1.716608e-01 9.851561e-01 0.000000e+00
    outer loop
      vertex   -7.687175e-01 4.940554e+00 4.183099e+00
      vertex   -9.476070e-01 4.909383e+00 7.366198e+00
      vertex   -7.687175e-01 4.940554e+00 7.366198e+00
    endloop
  endfacet
  facet normal -1.357755e-01 9.907396e-01 0.000000e+00
    outer loop
      vertex   -7.687175e-01 4.940554e+00 4.183099e+00
      vertex   -7.687175e-01 4.940554e+00 7.366198e+00
      vertex   -5.888141e-01 4.965209e+00 4.183099e+00
    endloop
  endfacet
  facet normal -1.357755e-01 9.907396e-01 0.000000e+00
    outer loop
      vertex   -5.888141e-01 4.965209e+00 4.183099e+00
      vertex   -7.687175e-01 4.940554e+00 7.366198e+00
      vertex   -5.888141e-01 4.965209e+00 7.366198e+00
    endloop
  endfacet
  facet normal -9.971125e-02 9.950164e-01 0.000000e+00
    outer loop
      vertex   -5.888141e-01 4.965209e+00 4.183099e+00
      vertex   -5.888141e-01 4.965209e+00 7.366198e+00
      vertex   -4.081340e-01 4.983315e+00 4.183099e+00
    endloop
  endfacet
  facet normal -9.971125e-02 9.950164e-01 0.000000e+00
    outer loop
      vertex   -4.081340e-01 4.983315e+00 4.183099e+00
      vertex   -5.888141e-01 4.965209e+00 7.366198e+00
      vertex   -4.081340e-01 4.983315e+00 7.366198e+00
    endloop
  endfacet
  facet normal -6.351545e-02 9.979809e-01 0.000000e+00
    outer loop
      vertex   -4.081340e-01 4.983315e+00 4.183099e+00
      vertex   -4.081340e-01 4.983315e+00 7.366198e+00
      vertex   -2.269157e-01 4.994848e+00 4.183099e+00
    endloop
  endfacet
  facet normal -6.351545e-02 9.979809e-01 0.000000e+00
    outer loop
      vertex   -2.269157e-01 4.994848e+00 4.183099e+00
      vertex   -4.081340e-01 4.983315e+00 7.366198e+00
      vertex   -2.269157e-01 4.994848e+00 7.366198e+00
    endloop
  endfacet
  facet normal -2.723587e-02 9.996290e-01 0.000000e+00
    outer loop
      vertex   -2.269157e-01 4.994848e+00 4.183099e+00
      vertex   -2.269157e-01 4.994848e+00 7.366198e+00
      vertex   -4.539811e-02 4.999794e+00 4.183099e+00
    endloop
  endfacet
  facet normal -2.723587e-02 9.996290e-01 0.000000e+00
    outer loop
      vertex   -4.539811e-02 4.999794e+00 4.183099e+00
      vertex   -2.269157e-01 4.994848e+00 7.366198e+00
      vertex   -4.539811e-02 4.999794e+00 7.366198e+00
    endloop
  endfacet
  facet normal 9.079623e-03 9.999588e-01 -0.000000e+00
    outer loop
      vertex   -4.539811e-02 4.999794e+00 4.183099e+00
      vertex   -4.539811e-02 4.999794e+00 7.366198e+00
      vertex   1.361794e-01 4.998145e+00 4.183099e+00
    endloop
  endfacet
  facet normal 9.079623e-03 9.999588e-01 -0.000000e+00
    outer loop
      vertex   1.361794e-01 4.998145e+00 4.183099e+00
      vertex   -4.539811e-02 4.999794e+00 7.366198e+00
      vertex   1.361794e-01 4.998145e+00 7.366198e+00
    endloop
  endfacet
  facet normal 4.538314e-02 9.989697e-01 -0.000000e+00
    outer loop
      vertex   1.361794e-01 4.998145e+00 4.183099e+00
      vertex   1.361794e-01 4.998145e+00 7.366198e+00
      vertex   3.175772e-01 4.989904e+00 4.183099e+00
    endloop
  endfacet
  facet normal 4.538314e-02 9.989697e-01 -0.000000e+00
    outer loop
      vertex   3.175772e-01 4.989904e+00 4.183099e+00
      vertex   1.361794e-01 4.998145e+00 7.366198e+00
      vertex   3.175772e-01 4.989904e+00 7.366198e+00
    endloop
  endfacet
  facet normal 8.162681e-02 9.966630e-01 -0.000000e+00
    outer loop
      vertex   3.175772e-01 4.989904e+00 4.183099e+00
      vertex   3.175772e-01 4.989904e+00 7.366198e+00
      vertex   4.985563e-01 4.975082e+00 4.183099e+00
    endloop
  endfacet
  facet normal 8.162681e-02 9.966630e-01 -0.000000e+00
    outer loop
      vertex   4.985563e-01 4.975082e+00 4.183099e+00
      vertex   3.175772e-01 4.989904e+00 7.366198e+00
      vertex   4.985563e-01 4.975082e+00 7.366198e+00
    endloop
  endfacet
  facet normal 1.177628e-01 9.930418e-01 -0.000000e+00
    outer loop
      vertex   4.985563e-01 4.975082e+00 4.183099e+00
      vertex   4.985563e-01 4.975082e+00 7.366198e+00
      vertex   6.788777e-01 4.953698e+00 4.183099e+00
    endloop
  endfacet
  facet normal 1.177628e-01 9.930418e-01 -0.000000e+00
    outer loop
      vertex   6.788777e-01 4.953698e+00 4.183099e+00
      vertex   4.985563e-01 4.975082e+00 7.366198e+00
      vertex   6.788777e-01 4.953698e+00 7.366198e+00
    endloop
  endfacet
  facet normal 1.537435e-01 9.881108e-01 -0.000000e+00
    outer loop
      vertex   6.788777e-01 4.953698e+00 4.183099e+00
      vertex   6.788777e-01 4.953698e+00 7.366198e+00
      vertex   8.583038e-01 4.925781e+00 4.183099e+00
    endloop
  endfacet
  facet normal 1.537435e-01 9.881108e-01 -0.000000e+00
    outer loop
      vertex   8.583038e-01 4.925781e+00 4.183099e+00
      vertex   6.788777e-01 4.953698e+00 7.366198e+00
      vertex   8.583038e-01 4.925781e+00 7.366198e+00
    endloop
  endfacet
  facet normal 1.895214e-01 9.818766e-01 -0.000000e+00
    outer loop
      vertex   8.583038e-01 4.925781e+00 4.183099e+00
      vertex   8.583038e-01 4.925781e+00 7.366198e+00
      vertex   1.036598e+00 4.891366e+00 4.183099e+00
    endloop
  endfacet
  facet normal 1.895214e-01 9.818766e-01 -0.000000e+00
    outer loop
      vertex   1.036598e+00 4.891366e+00 4.183099e+00
      vertex   8.583038e-01 4.925781e+00 7.366198e+00
      vertex   1.036598e+00 4.891366e+00 7.366198e+00
    endloop
  endfacet
  facet normal 2.250494e-01 9.743474e-01 -0.000000e+00
    outer loop
      vertex   1.036598e+00 4.891366e+00 4.183099e+00
      vertex   1.036598e+00 4.891366e+00 7.366198e+00
      vertex   1.213525e+00 4.850501e+00 4.183099e+00
    endloop
  endfacet
  facet normal 2.250494e-01 9.743474e-01 -0.000000e+00
    outer loop
      vertex   1.213525e+00 4.850501e+00 4.183099e+00
      vertex   1.036598e+00 4.891366e+00 7.366198e+00
      vertex   1.213525e+00 4.850501e+00 7.366198e+00
    endloop
  endfacet
  facet normal 2.602805e-01 9.655331e-01 -0.000000e+00
    outer loop
      vertex   1.213525e+00 4.850501e+00 4.183099e+00
      vertex   1.213525e+00 4.850501e+00 7.366198e+00
      vertex   1.388851e+00 4.803238e+00 4.183099e+00
    endloop
  endfacet
  facet normal 2.602805e-01 9.655331e-01 -0.000000e+00
    outer loop
      vertex   1.388851e+00 4.803238e+00 4.183099e+00
      vertex   1.213525e+00 4.850501e+00 7.366198e+00
      vertex   1.388851e+00 4.803238e+00 7.366198e+00
    endloop
  endfacet
  facet normal 2.951683e-01 9.554453e-01 -0.000000e+00
    outer loop
      vertex   1.388851e+00 4.803238e+00 4.183099e+00
      vertex   1.388851e+00 4.803238e+00 7.366198e+00
      vertex   1.562345e+00 4.749640e+00 4.183099e+00
    endloop
  endfacet
  facet normal 2.951683e-01 9.554453e-01 -0.000000e+00
    outer loop
      vertex   1.562345e+00 4.749640e+00 4.183099e+00
      vertex   1.388851e+00 4.803238e+00 7.366198e+00
      vertex   1.562345e+00 4.749640e+00 7.366198e+00
    endloop
  endfacet
  facet normal 3.296668e-01 9.440973e-01 -0.000000e+00
    outer loop
      vertex   1.562345e+00 4.749640e+00 4.183099e+00
      vertex   1.562345e+00 4.749640e+00 7.366198e+00
      vertex   1.733779e+00 4.689777e+00 4.183099e+00
    endloop
  endfacet
  facet normal 3.296668e-01 9.440973e-01 -0.000000e+00
    outer loop
      vertex   1.733779e+00 4.689777e+00 4.183099e+00
      vertex   1.562345e+00 4.749640e+00 7.366198e+00
      vertex   1.733779e+00 4.689777e+00 7.366198e+00
    endloop
  endfacet
  facet normal 3.637306e-01 9.315042e-01 -0.000000e+00
    outer loop
      vertex   1.733779e+00 4.689777e+00 4.183099e+00
      vertex   1.733779e+00 4.689777e+00 7.366198e+00
      vertex   1.902927e+00 4.623729e+00 4.183099e+00
    endloop
  endfacet
  facet normal 3.637306e-01 9.315042e-01 -0.000000e+00
    outer loop
      vertex   1.902927e+00 4.623729e+00 4.183099e+00
      vertex   1.733779e+00 4.689777e+00 7.366198e+00
      vertex   1.902927e+00 4.623729e+00 7.366198e+00
    endloop
  endfacet
  facet normal 3.973145e-01 9.176825e-01 -0.000000e+00
    outer loop
      vertex   1.902927e+00 4.623729e+00 4.183099e+00
      vertex   1.902927e+00 4.623729e+00 7.366198e+00
      vertex   2.069564e+00 4.551583e+00 4.183099e+00
    endloop
  endfacet
  facet normal 3.973145e-01 9.176825e-01 -0.000000e+00
    outer loop
      vertex   2.069564e+00 4.551583e+00 4.183099e+00
      vertex   1.902927e+00 4.623729e+00 7.366198e+00
      vertex   2.069564e+00 4.551583e+00 7.366198e+00
    endloop
  endfacet
  facet normal 4.303745e-01 9.026504e-01 -0.000000e+00
    outer loop
      vertex   2.069564e+00 4.551583e+00 4.183099e+00
      vertex   2.069564e+00 4.551583e+00 7.366198e+00
      vertex   2.233472e+00 4.473433e+00 4.183099e+00
    endloop
  endfacet
  facet normal 4.303745e-01 9.026504e-01 -0.000000e+00
    outer loop
      vertex   2.233472e+00 4.473433e+00 4.183099e+00
      vertex   2.069564e+00 4.551583e+00 7.366198e+00
      vertex   2.233472e+00 4.473433e+00 7.366198e+00
    endloop
  endfacet
  facet normal 4.628668e-01 8.864278e-01 -0.000000e+00
    outer loop
      vertex   2.233472e+00 4.473433e+00 4.183099e+00
      vertex   2.233472e+00 4.473433e+00 7.366198e+00
      vertex   2.394434e+00 4.389384e+00 4.183099e+00
    endloop
  endfacet
  facet normal 4.628668e-01 8.864278e-01 -0.000000e+00
    outer loop
      vertex   2.394434e+00 4.389384e+00 4.183099e+00
      vertex   2.233472e+00 4.473433e+00 7.366198e+00
      vertex   2.394434e+00 4.389384e+00 7.366198e+00
    endloop
  endfacet
  facet normal 4.947487e-01 8.690361e-01 -0.000000e+00
    outer loop
      vertex   2.394434e+00 4.389384e+00 4.183099e+00
      vertex   2.394434e+00 4.389384e+00 7.366198e+00
      vertex   2.552237e+00 4.299545e+00 4.183099e+00
    endloop
  endfacet
  facet normal 4.947487e-01 8.690361e-01 -0.000000e+00
    outer loop
      vertex   2.552237e+00 4.299545e+00 4.183099e+00
      vertex   2.394434e+00 4.389384e+00 7.366198e+00
      vertex   2.552237e+00 4.299545e+00 7.366198e+00
    endloop
  endfacet
  facet normal 5.259780e-01 8.504982e-01 -0.000000e+00
    outer loop
      vertex   2.552237e+00 4.299545e+00 4.183099e+00
      vertex   2.552237e+00 4.299545e+00 7.366198e+00
      vertex   2.706675e+00 4.204035e+00 4.183099e+00
    endloop
  endfacet
  facet normal 5.259780e-01 8.504982e-01 -0.000000e+00
    outer loop
      vertex   2.706675e+00 4.204035e+00 4.183099e+00
      vertex   2.552237e+00 4.299545e+00 7.366198e+00
      vertex   2.706675e+00 4.204035e+00 7.366198e+00
    endloop
  endfacet
  facet normal 5.565136e-01 8.308385e-01 -0.000000e+00
    outer loop
      vertex   2.706675e+00 4.204035e+00 4.183099e+00
      vertex   2.706675e+00 4.204035e+00 7.366198e+00
      vertex   2.857543e+00 4.102980e+00 4.183099e+00
    endloop
  endfacet
  facet normal 5.565136e-01 8.308385e-01 -0.000000e+00
    outer loop
      vertex   2.857543e+00 4.102980e+00 4.183099e+00
      vertex   2.706675e+00 4.204035e+00 7.366198e+00
      vertex   2.857543e+00 4.102980e+00 7.366198e+00
    endloop
  endfacet
  facet normal 5.863151e-01 8.100830e-01 -0.000000e+00
    outer loop
      vertex   2.857543e+00 4.102980e+00 4.183099e+00
      vertex   2.857543e+00 4.102980e+00 7.366198e+00
      vertex   3.004642e+00 3.996514e+00 4.183099e+00
    endloop
  endfacet
  facet normal 5.863151e-01 8.100830e-01 -0.000000e+00
    outer loop
      vertex   3.004642e+00 3.996514e+00 4.183099e+00
      vertex   2.857543e+00 4.102980e+00 7.366198e+00
      vertex   3.004642e+00 3.996514e+00 7.366198e+00
    endloop
  endfacet
  facet normal 6.153434e-01 7.882591e-01 -0.000000e+00
    outer loop
      vertex   3.004642e+00 3.996514e+00 4.183099e+00
      vertex   3.004642e+00 3.996514e+00 7.366198e+00
      vertex   3.147778e+00 3.884777e+00 4.183099e+00
    endloop
  endfacet
  facet normal 6.153434e-01 7.882591e-01 -0.000000e+00
    outer loop
      vertex   3.147778e+00 3.884777e+00 4.183099e+00
      vertex   3.004642e+00 3.996514e+00 7.366198e+00
      vertex   3.147778e+00 3.884777e+00 7.366198e+00
    endloop
  endfacet
  facet normal 6.435601e-01 7.653956e-01 -0.000000e+00
    outer loop
      vertex   3.147778e+00 3.884777e+00 4.183099e+00
      vertex   3.147778e+00 3.884777e+00 7.366198e+00
      vertex   3.286762e+00 3.767916e+00 4.183099e+00
    endloop
  endfacet
  facet normal 6.435601e-01 7.653956e-01 -0.000000e+00
    outer loop
      vertex   3.286762e+00 3.767916e+00 4.183099e+00
      vertex   3.147778e+00 3.884777e+00 7.366198e+00
      vertex   3.286762e+00 3.767916e+00 7.366198e+00
    endloop
  endfacet
  facet normal 6.709280e-01 7.415225e-01 -0.000000e+00
    outer loop
      vertex   3.286762e+00 3.767916e+00 4.183099e+00
      vertex   3.286762e+00 3.767916e+00 7.366198e+00
      vertex   3.421412e+00 3.646086e+00 4.183099e+00
    endloop
  endfacet
  facet normal 6.709280e-01 7.415225e-01 -0.000000e+00
    outer loop
      vertex   3.421412e+00 3.646086e+00 4.183099e+00
      vertex   3.286762e+00 3.767916e+00 7.366198e+00
      vertex   3.421412e+00 3.646086e+00 7.366198e+00
    endloop
  endfacet
  facet normal 6.974110e-01 7.166714e-01 -0.000000e+00
    outer loop
      vertex   3.421412e+00 3.646086e+00 4.183099e+00
      vertex   3.421412e+00 3.646086e+00 7.366198e+00
      vertex   3.551548e+00 3.519447e+00 4.183099e+00
    endloop
  endfacet
  facet normal 6.974110e-01 7.166714e-01 -0.000000e+00
    outer loop
      vertex   3.551548e+00 3.519447e+00 4.183099e+00
      vertex   3.421412e+00 3.646086e+00 7.366198e+00
      vertex   3.551548e+00 3.519447e+00 7.366198e+00
    endloop
  endfacet
  facet normal 7.229741e-01 6.908751e-01 -0.000000e+00
    outer loop
      vertex   3.551548e+00 3.519447e+00 4.183099e+00
      vertex   3.551548e+00 3.519447e+00 7.366198e+00
      vertex   3.677001e+00 3.388165e+00 4.183099e+00
    endloop
  endfacet
  facet normal 7.229741e-01 6.908751e-01 -0.000000e+00
    outer loop
      vertex   3.677001e+00 3.388165e+00 4.183099e+00
      vertex   3.551548e+00 3.519447e+00 7.366198e+00
      vertex   3.677001e+00 3.388165e+00 7.366198e+00
    endloop
  endfacet
  facet normal 7.475837e-01 6.641676e-01 -0.000000e+00
    outer loop
      vertex   3.677001e+00 3.388165e+00 4.183099e+00
      vertex   3.677001e+00 3.388165e+00 7.366198e+00
      vertex   3.797604e+00 3.252415e+00 4.183099e+00
    endloop
  endfacet
  facet normal 7.475837e-01 6.641676e-01 -0.000000e+00
    outer loop
      vertex   3.797604e+00 3.252415e+00 4.183099e+00
      vertex   3.677001e+00 3.388165e+00 7.366198e+00
      vertex   3.797604e+00 3.252415e+00 7.366198e+00
    endloop
  endfacet
  facet normal 7.712073e-01 6.365841e-01 -0.000000e+00
    outer loop
      vertex   3.797604e+00 3.252415e+00 4.183099e+00
      vertex   3.797604e+00 3.252415e+00 7.366198e+00
      vertex   3.913198e+00 3.112376e+00 4.183099e+00
    endloop
  endfacet
  facet normal 7.712073e-01 6.365841e-01 -0.000000e+00
    outer loop
      vertex   3.913198e+00 3.112376e+00 4.183099e+00
      vertex   3.797604e+00 3.252415e+00 7.366198e+00
      vertex   3.913198e+00 3.112376e+00 7.366198e+00
    endloop
  endfacet
  facet normal 7.938137e-01 6.081610e-01 -0.000000e+00
    outer loop
      vertex   3.913198e+00 3.112376e+00 4.183099e+00
      vertex   3.913198e+00 3.112376e+00 7.366198e+00
      vertex   4.023631e+00 2.968231e+00 4.183099e+00
    endloop
  endfacet
  facet normal 7.938137e-01 6.081610e-01 -0.000000e+00
    outer loop
      vertex   4.023631e+00 2.968231e+00 4.183099e+00
      vertex   3.913198e+00 3.112376e+00 7.366198e+00
      vertex   4.023631e+00 2.968231e+00 7.366198e+00
    endloop
  endfacet
  facet normal 8.153732e-01 5.789357e-01 -0.000000e+00
    outer loop
      vertex   4.023631e+00 2.968231e+00 4.183099e+00
      vertex   4.023631e+00 2.968231e+00 7.366198e+00
      vertex   4.128757e+00 2.820172e+00 4.183099e+00
    endloop
  endfacet
  facet normal 8.153732e-01 5.789357e-01 -0.000000e+00
    outer loop
      vertex   4.128757e+00 2.820172e+00 4.183099e+00
      vertex   4.023631e+00 2.968231e+00 7.366198e+00
      vertex   4.128757e+00 2.820172e+00 7.366198e+00
    endloop
  endfacet
  facet normal 8.358572e-01 5.489469e-01 -0.000000e+00
    outer loop
      vertex   4.128757e+00 2.820172e+00 4.183099e+00
      vertex   4.128757e+00 2.820172e+00 7.366198e+00
      vertex   4.228437e+00 2.668393e+00 4.183099e+00
    endloop
  endfacet
  facet normal 8.358572e-01 5.489469e-01 -0.000000e+00
    outer loop
      vertex   4.228437e+00 2.668393e+00 4.183099e+00
      vertex   4.128757e+00 2.820172e+00 7.366198e+00
      vertex   4.228437e+00 2.668393e+00 7.366198e+00
    endloop
  endfacet
  facet normal 8.552388e-01 5.182341e-01 -0.000000e+00
    outer loop
      vertex   4.228437e+00 2.668393e+00 4.183099e+00
      vertex   4.228437e+00 2.668393e+00 7.366198e+00
      vertex   4.322541e+00 2.513094e+00 4.183099e+00
    endloop
  endfacet
  facet normal 8.552388e-01 5.182341e-01 -0.000000e+00
    outer loop
      vertex   4.322541e+00 2.513094e+00 4.183099e+00
      vertex   4.228437e+00 2.668393e+00 7.366198e+00
      vertex   4.322541e+00 2.513094e+00 7.366198e+00
    endloop
  endfacet
  facet normal 8.734924e-01 4.868378e-01 -0.000000e+00
    outer loop
      vertex   4.322541e+00 2.513094e+00 4.183099e+00
      vertex   4.322541e+00 2.513094e+00 7.366198e+00
      vertex   4.410943e+00 2.354481e+00 4.183099e+00
    endloop
  endfacet
  facet normal 8.734924e-01 4.868378e-01 -0.000000e+00
    outer loop
      vertex   4.410943e+00 2.354481e+00 4.183099e+00
      vertex   4.322541e+00 2.513094e+00 7.366198e+00
      vertex   4.410943e+00 2.354481e+00 7.366198e+00
    endloop
  endfacet
  facet normal 8.905939e-01 4.547993e-01 -0.000000e+00
    outer loop
      vertex   4.410943e+00 2.354481e+00 4.183099e+00
      vertex   4.410943e+00 2.354481e+00 7.366198e+00
      vertex   4.493528e+00 2.192762e+00 4.183099e+00
    endloop
  endfacet
  facet normal 8.905939e-01 4.547993e-01 -0.000000e+00
    outer loop
      vertex   4.493528e+00 2.192762e+00 4.183099e+00
      vertex   4.410943e+00 2.354481e+00 7.366198e+00
      vertex   4.493528e+00 2.192762e+00 7.366198e+00
    endloop
  endfacet
  facet normal 9.065209e-01 4.221610e-01 -0.000000e+00
    outer loop
      vertex   4.493528e+00 2.192762e+00 4.183099e+00
      vertex   4.493528e+00 2.192762e+00 7.366198e+00
      vertex   4.570186e+00 2.028152e+00 4.183099e+00
    endloop
  endfacet
  facet normal 9.065209e-01 4.221610e-01 -0.000000e+00
    outer loop
      vertex   4.570186e+00 2.028152e+00 4.183099e+00
      vertex   4.493528e+00 2.192762e+00 7.366198e+00
      vertex   4.570186e+00 2.028152e+00 7.366198e+00
    endloop
  endfacet
  facet normal 9.212521e-01 3.889660e-01 -0.000000e+00
    outer loop
      vertex   4.570186e+00 2.028152e+00 4.183099e+00
      vertex   4.570186e+00 2.028152e+00 7.366198e+00
      vertex   4.640816e+00 1.860866e+00 4.183099e+00
    endloop
  endfacet
  facet normal 9.212521e-01 3.889660e-01 -0.000000e+00
    outer loop
      vertex   4.640816e+00 1.860866e+00 4.183099e+00
      vertex   4.570186e+00 2.028152e+00 7.366198e+00
      vertex   4.640816e+00 1.860866e+00 7.366198e+00
    endloop
  endfacet
  facet normal 9.347683e-01 3.552579e-01 -0.000000e+00
    outer loop
      vertex   4.640816e+00 1.860866e+00 4.183099e+00
      vertex   4.640816e+00 1.860866e+00 7.366198e+00
      vertex   4.705326e+00 1.691126e+00 4.183099e+00
    endloop
  endfacet
  facet normal 9.347683e-01 3.552579e-01 -0.000000e+00
    outer loop
      vertex   4.705326e+00 1.691126e+00 4.183099e+00
      vertex   4.640816e+00 1.860866e+00 7.366198e+00
      vertex   4.705326e+00 1.691126e+00 7.366198e+00
    endloop
  endfacet
  facet normal 9.470517e-01 3.210812e-01 -0.000000e+00
    outer loop
      vertex   4.705326e+00 1.691126e+00 4.183099e+00
      vertex   4.705326e+00 1.691126e+00 7.366198e+00
      vertex   4.763629e+00 1.519156e+00 4.183099e+00
    endloop
  endfacet
  facet normal 9.470517e-01 3.210812e-01 -0.000000e+00
    outer loop
      vertex   4.763629e+00 1.519156e+00 4.183099e+00
      vertex   4.705326e+00 1.691126e+00 7.366198e+00
      vertex   4.763629e+00 1.519156e+00 7.366198e+00
    endloop
  endfacet
  facet normal 9.580859e-01 2.864811e-01 -0.000000e+00
    outer loop
      vertex   4.763629e+00 1.519156e+00 4.183099e+00
      vertex   4.763629e+00 1.519156e+00 7.366198e+00
      vertex   4.815650e+00 1.345182e+00 4.183099e+00
    endloop
  endfacet
  facet normal 9.580859e-01 2.864811e-01 -0.000000e+00
    outer loop
      vertex   4.815650e+00 1.345182e+00 4.183099e+00
      vertex   4.763629e+00 1.519156e+00 7.366198e+00
      vertex   4.815650e+00 1.345182e+00 7.366198e+00
    endloop
  endfacet
  facet normal 9.678565e-01 2.515031e-01 -0.000000e+00
    outer loop
      vertex   4.815650e+00 1.345182e+00 4.183099e+00
      vertex   4.815650e+00 1.345182e+00 7.366198e+00
      vertex   4.861319e+00 1.169434e+00 4.183099e+00
    endloop
  endfacet
  facet normal 9.678565e-01 2.515031e-01 -0.000000e+00
    outer loop
      vertex   4.861319e+00 1.169434e+00 4.183099e+00
      vertex   4.815650e+00 1.345182e+00 7.366198e+00
      vertex   4.861319e+00 1.169434e+00 7.366198e+00
    endloop
  endfacet
  facet normal 9.763506e-01 2.161934e-01 -0.000000e+00
    outer loop
      vertex   4.861319e+00 1.169434e+00 4.183099e+00
      vertex   4.861319e+00 1.169434e+00 7.366198e+00
      vertex   4.900577e+00 9.921433e-01 4.183099e+00
    endloop
  endfacet
  facet normal 9.763506e-01 2.161934e-01 -0.000000e+00
    outer loop
      vertex   4.900577e+00 9.921433e-01 4.183099e+00
      vertex   4.861319e+00 1.169434e+00 7.366198e+00
      vertex   4.900577e+00 9.921433e-01 7.366198e+00
    endloop
  endfacet
  facet normal 9.835569e-01 1.805985e-01 -0.000000e+00
    outer loop
      vertex   4.900577e+00 9.921433e-01 4.183099e+00
      vertex   4.900577e+00 9.921433e-01 7.366198e+00
      vertex   4.933371e+00 8.135442e-01 4.183099e+00
    endloop
  endfacet
  facet normal 9.835569e-01 1.805985e-01 -0.000000e+00
    outer loop
      vertex   4.933371e+00 8.135442e-01 4.183099e+00
      vertex   4.900577e+00 9.921433e-01 7.366198e+00
      vertex   4.933371e+00 8.135442e-01 7.366198e+00
    endloop
  endfacet
  facet normal 9.894660e-01 1.447655e-01 -0.000000e+00
    outer loop
      vertex   4.933371e+00 8.135442e-01 4.183099e+00
      vertex   4.933371e+00 8.135442e-01 7.366198e+00
      vertex   4.959658e+00 6.338720e-01 4.183099e+00
    endloop
  endfacet
  facet normal 9.894660e-01 1.447655e-01 -0.000000e+00
    outer loop
      vertex   4.959658e+00 6.338720e-01 4.183099e+00
      vertex   4.933371e+00 8.135442e-01 7.366198e+00
      vertex   4.959658e+00 6.338720e-01 7.366198e+00
    endloop
  endfacet
  facet normal 9.940701e-01 1.087415e-01 -0.000000e+00
    outer loop
      vertex   4.959658e+00 6.338720e-01 4.183099e+00
      vertex   4.959658e+00 6.338720e-01 7.366198e+00
      vertex   4.979404e+00 4.533638e-01 4.183099e+00
    endloop
  endfacet
  facet normal 9.940701e-01 1.087415e-01 -0.000000e+00
    outer loop
      vertex   4.979404e+00 4.533638e-01 4.183099e+00
      vertex   4.959658e+00 6.338720e-01 7.366198e+00
      vertex   4.979404e+00 4.533638e-01 7.366198e+00
    endloop
  endfacet
  facet normal 9.973630e-01 7.257412e-02 -0.000000e+00
    outer loop
      vertex   4.979404e+00 4.533638e-01 4.183099e+00
      vertex   4.979404e+00 4.533638e-01 7.366198e+00
      vertex   4.992582e+00 2.722577e-01 4.183099e+00
    endloop
  endfacet
  facet normal 9.973630e-01 7.257412e-02 -0.000000e+00
    outer loop
      vertex   4.992582e+00 2.722577e-01 4.183099e+00
      vertex   4.979404e+00 4.533638e-01 7.366198e+00
      vertex   4.992582e+00 2.722577e-01 7.366198e+00
    endloop
  endfacet
  facet normal 9.993405e-01 3.631101e-02 -0.000000e+00
    outer loop
      vertex   4.992582e+00 2.722577e-01 4.183099e+00
      vertex   4.992582e+00 2.722577e-01 7.366198e+00
      vertex   4.999176e+00 9.079249e-02 4.183099e+00
    endloop
  endfacet
  facet normal 9.993405e-01 3.631101e-02 -0.000000e+00
    outer loop
      vertex   4.999176e+00 9.079249e-02 4.183099e+00
      vertex   4.992582e+00 2.722577e-01 7.366198e+00
      vertex   4.999176e+00 9.079249e-02 7.366198e+00
    endloop
  endfacet
  facet normal 1.000000e+00 0.000000e+00 -0.000000e+00
    outer loop
      vertex   4.999176e+00 9.079249e-02 4.183099e+00
      vertex   4.999176e+00 9.079249e-02 7.366198e+00
      vertex   4.999176e+00 -9.079249e-02 4.183099e+00
    endloop
  endfacet
  facet normal 1.000000e+00 0.000000e+00 0.000000e+00
    outer loop
      vertex   4.999176e+00 -9.079249e-02 4.183099e+00
      vertex   4.999176e+00 9.079249e-02 7.366198e+00
      vertex   4.999176e+00 -9.079249e-02 7.366198e+00
    endloop
  endfacet
  facet normal 9.993405e-01 -3.631101e-02 0.000000e+00
    outer loop
      vertex   4.999176e+00 -9.079249e-02 4.183099e+00
      vertex   4.999176e+00 -9.079249e-02 7.366198e+00
      vertex   4.992582e+00 -2.722577e-01 4.183099e+00
    endloop
  endfacet
  facet normal 9.993405e-01 -3.631101e-02 0.000000e+00
    outer loop
      vertex   4.992582e+00 -2.722577e-01 4.183099e+00
      vertex   4.999176e+00 -9.079249e-02 7.366198e+00
      vertex   4.992582e+00 -2.722577e-01 7.366198e+00
    endloop
  endfacet
  facet normal 9.973630e-01 -7.257412e-02 0.000000e+00
    outer loop
      vertex   4.992582e+00 -2.722577e-01 4.183099e+00
      vertex   4.992582e+00 -2.722577e-01 7.366198e+00
      vertex   4.979404e+00 -4.533638e-01 4.183099e+00
    endloop
  endfacet
  facet normal 9.973630e-01 -7.257412e-02 0.000000e+00
    outer loop
      vertex   4.979404e+00 -4.533638e-01 4.183099e+00
      vertex   4.992582e+00 -2.722577e-01 7.366198e+00
      vertex   4.979404e+00 -4.533638e-01 7.366198e+00
    endloop
  endfacet
  facet normal 9.940701e-01 -1.087415e-01 0.000000e+00
    outer loop
      vertex   4.979404e+00 -4.533638e-01 4.183099e+00
      vertex   4.979404e+00 -4.533638e-01 7.366198e+00
      vertex   4.959658e+00 -6.338720e-01 4.183099e+00
    endloop
  endfacet
  facet normal 9.940701e-01 -1.087415e-01 0.000000e+00
    outer loop
      vertex   4.959658e+00 -6.338720e-01 4.183099e+00
      vertex   4.979404e+00 -4.533638e-01 7.366198e+00
      vertex   4.959658e+00 -6.338720e-01 7.366198e+00
    endloop
  endfacet
  facet normal 9.894660e-01 -1.447655e-01 0.000000e+00
    outer loop
      vertex   4.959658e+00 -6.338720e-01 4.183099e+00
      vertex   4.959658e+00 -6.338720e-01 7.366198e+00
      vertex   4.933371e+00 -8.135442e-01 4.183099e+00
    endloop
  endfacet
  facet normal 9.894660e-01 -1.447655e-01 0.000000e+00
    outer loop
      vertex   4.933371e+00 -8.135442e-01 4.183099e+00
      vertex   4.959658e+00 -6.338720e-01 7.366198e+00
      vertex   4.933371e+00 -8.135442e-01 7.366198e+00
    endloop
  endfacet
  facet normal 9.835569e-01 -1.805985e-01 0.000000e+00
    outer loop
      vertex   4.933371e+00 -8.135442e-01 4.183099e+00
      vertex   4.933371e+00 -8.135442e-01 7.366198e+00
      vertex   4.900577e+00 -9.921433e-01 4.183099e+00
    endloop
  endfacet
  facet normal 9.835569e-01 -1.805985e-01 0.000000e+00
    outer loop
      vertex   4.900577e+00 -9.921433e-01 4.183099e+00
      vertex   4.933371e+00 -8.135442e-01 7.366198e+00
      vertex   4.900577e+00 -9.921433e-01 7.366198e+00
    endloop
  endfacet
  facet normal 9.763506e-01 -2.161934e-01 0.000000e+00
    outer loop
      vertex   4.900577e+00 -9.921433e-01 4.183099e+00
      vertex   4.900577e+00 -9.921433e-01 7.366198e+00
      vertex   4.861319e+00 -1.169434e+00 4.183099e+00
    endloop
  endfacet
  facet normal 9.763506e-01 -2.161934e-01 0.000000e+00
    outer loop
      vertex   4.861319e+00 -1.169434e+00 4.183099e+00
      vertex   4.900577e+00 -9.921433e-01 7.366198e+00
      vertex   4.861319e+00 -1.169434e+00 7.366198e+00
    endloop
  endfacet
  facet normal 9.678565e-01 -2.515031e-01 0.000000e+00
    outer loop
      vertex   4.861319e+00 -1.169434e+00 4.183099e+00
      vertex   4.861319e+00 -1.169434e+00 7.366198e+00
      vertex   4.815650e+00 -1.345182e+00 4.183099e+00
    endloop
  endfacet
  facet normal 9.678565e-01 -2.515031e-01 0.000000e+00
    outer loop
      vertex   4.815650e+00 -1.345182e+00 4.183099e+00
      vertex   4.861319e+00 -1.169434e+00 7.366198e+00
      vertex   4.815650e+00 -1.345182e+00 7.366198e+00
    endloop
  endfacet
  facet normal 9.580859e-01 -2.864811e-01 0.000000e+00
    outer loop
      vertex   4.815650e+00 -1.345182e+00 4.183099e+00
      vertex   4.815650e+00 -1.345182e+00 7.366198e+00
      vertex   4.763629e+00 -1.519156e+00 4.183099e+00
    endloop
  endfacet
  facet normal 9.580859e-01 -2.864811e-01 0.000000e+00
    outer loop
      vertex   4.763629e+00 -1.519156e+00 4.183099e+00
      vertex   4.815650e+00 -1.345182e+00 7.366198e+00
      vertex   4.763629e+00 -1.519156e+00 7.366198e+00
    endloop
  endfacet
  facet normal 9.470517e-01 -3.210812e-01 0.000000e+00
    outer loop
      vertex   4.763629e+00 -1.519156e+00 4.183099e+00
      vertex   4.763629e+00 -1.519156e+00 7.366198e+00
      vertex   4.705326e+00 -1.691126e+00 4.183099e+00
    endloop
  endfacet
  facet normal 9.470517e-01 -3.210812e-01 0.000000e+00
    outer loop
      vertex   4.705326e+00 -1.691126e+00 4.183099e+00
      vertex   4.763629e+00 -1.519156e+00 7.366198e+00
      vertex   4.705326e+00 -1.691126e+00 7.366198e+00
    endloop
  endfacet
  facet normal 9.347683e-01 -3.552579e-01 0.000000e+00
    outer loop
      vertex   4.705326e+00 -1.691126e+00 4.183099e+00
      vertex   4.705326e+00 -1.691126e+00 7.366198e+00
      vertex   4.640816e+00 -1.860866e+00 4.183099e+00
    endloop
  endfacet
  facet normal 9.347683e-01 -3.552579e-01 0.000000e+00
    outer loop
      vertex   4.640816e+00 -1.860866e+00 4.183099e+00
      vertex   4.705326e+00 -1.691126e+00 7.366198e+00
      vertex   4.640816e+00 -1.860866e+00 7.366198e+00
    endloop
  endfacet
  facet normal 9.212521e-01 -3.889660e-01 0.000000e+00
    outer loop
      vertex   4.640816e+00 -1.860866e+00 4.183099e+00
      vertex   4.640816e+00 -1.860866e+00 7.366198e+00
      vertex   4.570186e+00 -2.028152e+00 4.183099e+00
    endloop
  endfacet
  facet normal 9.212521e-01 -3.889660e-01 0.000000e+00
    outer loop
      vertex   4.570186e+00 -2.028152e+00 4.183099e+00
      vertex   4.640816e+00 -1.860866e+00 7.366198e+00
      vertex   4.570186e+00 -2.028152e+00 7.366198e+00
    endloop
  endfacet
  facet normal 9.065209e-01 -4.221610e-01 0.000000e+00
    outer loop
      vertex   4.570186e+00 -2.028152e+00 4.183099e+00
      vertex   4.570186e+00 -2.028152e+00 7.366198e+00
      vertex   4.493528e+00 -2.192762e+00 4.183099e+00
    endloop
  endfacet
  facet normal 9.065209e-01 -4.221610e-01 0.000000e+00
    outer loop
      vertex   4.493528e+00 -2.192762e+00 4.183099e+00
      vertex   4.570186e+00 -2.028152e+00 7.366198e+00
      vertex   4.493528e+00 -2.192762e+00 7.366198e+00
    endloop
  endfacet
  facet normal 8.905939e-01 -4.547993e-01 0.000000e+00
    outer loop
      vertex   4.493528e+00 -2.192762e+00 4.183099e+00
      vertex   4.493528e+00 -2.192762e+00 7.366198e+00
      vertex   4.410943e+00 -2.354481e+00 4.183099e+00
    endloop
  endfacet
  facet normal 8.905939e-01 -4.547993e-01 0.000000e+00
    outer loop
      vertex   4.410943e+00 -2.354481e+00 4.183099e+00
      vertex   4.493528e+00 -2.192762e+00 7.366198e+00
      vertex   4.410943e+00 -2.354481e+00 7.366198e+00
    endloop
  endfacet
  facet normal 8.734924e-01 -4.868378e-01 0.000000e+00
    outer loop
      vertex   4.410943e+00 -2.354481e+00 4.183099e+00
      vertex   4.410943e+00 -2.354481e+00 7.366198e+00
      vertex   4.322541e+00 -2.513094e+00 4.183099e+00
    endloop
  endfacet
  facet normal 8.734924e-01 -4.868378e-01 0.000000e+00
    outer loop
      vertex   4.322541e+00 -2.513094e+00 4.183099e+00
      vertex   4.410943e+00 -2.354481e+00 7.366198e+00
      vertex   4.322541e+00 -2.513094e+00 7.366198e+00
    endloop
  endfacet
  facet normal 8.552388e-01 -5.182341e-01 0.000000e+00
    outer loop
      vertex   4.322541e+00 -2.513094e+00 4.183099e+00
      vertex   4.322541e+00 -2.513094e+00 7.366198e+00
      vertex   4.228437e+00 -2.668393e+00 4.183099e+00
    endloop
  endfacet
  facet normal 8.552388e-01 -5.182341e-01 0.000000e+00
    outer loop
      vertex   4.228437e+00 -2.668393e+00 4.183099e+00
      vertex   4.322541e+00 -2.513094e+00 7.366198e+00
      vertex   4.228437e+00 -2.668393e+00 7.366198e+00
    endloop
  endfacet
  facet normal 8.358572e-01 -5.489469e-01 0.000000e+00
    outer loop
      vertex   4.228437e+00 -2.668393e+00 4.183099e+00
      vertex   4.228437e+00 -2.668393e+00 7.366198e+00
      vertex   4.128757e+00 -2.820172e+00 4.183099e+00
    endloop
  endfacet
  facet normal 8.358572e-01 -5.489469e-01 0.000000e+00
    outer loop
      vertex   4.128757e+00 -2.820172e+00 4.183099e+00
      vertex   4.228437e+00 -2.668393e+00 7.366198e+00
      vertex   4.128757e+00 -2.820172e+00 7.366198e+00
    endloop
  endfacet
  facet normal 8.153732e-01 -5.789357e-01 0.000000e+00
    outer loop
      vertex   4.128757e+00 -2.820172e+00 4.183099e+00
      vertex   4.128757e+00 -2.820172e+00 7.366198e+00
      vertex   4.023631e+00 -2.968231e+00 4.183099e+00
    endloop
  endfacet
  facet normal 8.153732e-01 -5.789357e-01 0.000000e+00
    outer loop
      vertex   4.023631e+00 -2.968231e+00 4.183099e+00
      vertex   4.128757e+00 -2.820172e+00 7.366198e+00
      vertex   4.023631e+00 -2.968231e+00 7.366198e+00
    endloop
  endfacet
  facet normal 7.938137e-01 -6.081610e-01 0.000000e+00
    outer loop
      vertex   4.023631e+00 -2.968231e+00 4.183099e+00
      vertex   4.023631e+00 -2.968231e+00 7.366198e+00
      vertex   3.913198e+00 -3.112376e+00 4.183099e+00
    endloop
  endfacet
  facet normal 7.938137e-01 -6.081610e-01 0.000000e+00
    outer loop
      vertex   3.913198e+00 -3.112376e+00 4.183099e+00
      vertex   4.023631e+00 -2.968231e+00 7.366198e+00
      vertex   3.913198e+00 -3.112376e+00 7.366198e+00
    endloop
  endfacet
  facet normal 7.712073e-01 -6.365841e-01 0.000000e+00
    outer loop
      vertex   3.913198e+00 -3.112376e+00 4.183099e+00
      vertex   3.913198e+00 -3.112376e+00 7.366198e+00
      vertex   3.797604e+00 -3.252415e+00 4.183099e+00
    endloop
  endfacet
  facet normal 7.712073e-01 -6.365841e-01 0.000000e+00
    outer loop
      vertex   3.797604e+00 -3.252415e+00 4.183099e+00
      vertex   3.913198e+00 -3.112376e+00 7.366198e+00
      vertex   3.797604e+00 -3.252415e+00 7.366198e+00
    endloop
  endfacet
  facet normal 7.475837e-01 -6.641676e-01 0.000000e+00
    outer loop
      vertex   3.797604e+00 -3.252415e+00 4.183099e+00
      vertex   3.797604e+00 -3.252415e+00 7.366198e+00
      vertex   3.677001e+00 -3.388165e+00 4.183099e+00
    endloop
  endfacet
  facet normal 7.475837e-01 -6.641676e-01 0.000000e+00
    outer loop
      vertex   3.677001e+00 -3.388165e+00 4.183099e+00
      vertex   3.797604e+00 -3.252415e+00 7.366198e+00
      vertex   3.677001e+00 -3.388165e+00 7.366198e+00
    endloop
  endfacet
  facet normal 7.229741e-01 -6.908751e-01 0.000000e+00
    outer loop
      vertex   3.677001e+00 -3.388165e+00 4.183099e+00
      vertex   3.677001e+00 -3.388165e+00 7.366198e+00
      vertex   3.551548e+00 -3.519447e+00 4.183099e+00
    endloop
  endfacet
  facet normal 7.229741e-01 -6.908751e-01 0.000000e+00
    outer loop
      vertex   3.551548e+00 -3.519447e+00 4.183099e+00
      vertex   3.677001e+00 -3.388165e+00 7.366198e+00
      vertex   3.551548e+00 -3.519447e+00 7.366198e+00
    endloop
  endfacet
  facet normal 6.974110e-01 -7.166714e-01 0.000000e+00
    outer loop
      vertex   3.551548e+00 -3.519447e+00 4.183099e+00
      vertex   3.551548e+00 -3.519447e+00 7.366198e+00
      vertex   3.421412e+00 -3.646086e+00 4.183099e+00
    endloop
  endfacet
  facet normal 6.974110e-01 -7.166714e-01 0.000000e+00
    outer loop
      vertex   3.421412e+00 -3.646086e+00 4.183099e+00
      vertex   3.551548e+00 -3.519447e+00 7.366198e+00
      vertex   3.421412e+00 -3.646086e+00 7.366198e+00
    endloop
  endfacet
  facet normal 6.709280e-01 -7.415225e-01 0.000000e+00
    outer loop
      vertex   3.421412e+00 -3.646086e+00 4.183099e+00
      vertex   3.421412e+00 -3.646086e+00 7.366198e+00
      vertex   3.286762e+00 -3.767916e+00 4.183099e+00
    endloop
  endfacet
  facet normal 6.709280e-01 -7.415225e-01 0.000000e+00
    outer loop
      vertex   3.286762e+00 -3.767916e+00 4.183099e+00
      vertex   3.421412e+00 -3.646086e+00 7.366198e+00
      vertex   3.286762e+00 -3.767916e+00 7.366198e+00
    endloop
  endfacet
  facet normal 6.435601e-01 -7.653956e-01 0.000000e+00
    outer loop
      vertex   3.286762e+00 -3.767916e+00 4.183099e+00
      vertex   3.286762e+00 -3.767916e+00 7.366198e+00
      vertex   3.147778e+00 -3.884777e+00 4.183099e+00
    endloop
  endfacet
  facet normal 6.435601e-01 -7.653956e-01 0.000000e+00
    outer loop
      vertex   3.147778e+00 -3.884777e+00 4.183099e+00
      vertex   3.286762e+00 -3.767916e+00 7.366198e+00
      vertex   3.147778e+00 -3.884777e+00 7.366198e+00
    endloop
  endfacet
  facet normal 6.153434e-01 -7.882591e-01 0.000000e+00
    outer loop
      vertex   3.147778e+00 -3.884777e+00 4.183099e+00
      vertex   3.147778e+00 -3.884777e+00 7.366198e+00
      vertex   3.004642e+00 -3.996514e+00 4.183099e+00
    endloop
  endfacet
  facet normal 6.153434e-01 -7.882591e-01 0.000000e+00
    outer loop
      vertex   3.004642e+00 -3.996514e+00 4.183099e+00
      vertex   3.147778e+00 -3.884777e+00 7.366198e+00
      vertex   3.004642e+00 -3.996514e+00 7.366198e+00
    endloop
  endfacet
  facet normal 5.863151e-01 -8.100830e-01 0.000000e+00
    outer loop
      vertex   3.004642e+00 -3.996514e+00 4.183099e+00
      vertex   3.004642e+00 -3.996514e+00 7.366198e+00
      vertex   2.857543e+00 -4.102980e+00 4.183099e+00
    endloop
  endfacet
  facet normal 5.863151e-01 -8.100830e-01 0.000000e+00
    outer loop
      vertex   2.857543e+00 -4.102980e+00 4.183099e+00
      vertex   3.004642e+00 -3.996514e+00 7.366198e+00
      vertex   2.857543e+00 -4.102980e+00 7.366198e+00
    endloop
  endfacet
  facet normal 5.565136e-01 -8.308385e-01 0.000000e+00
    outer loop
      vertex   2.857543e+00 -4.102980e+00 4.183099e+00
      vertex   2.857543e+00 -4.102980e+00 7.366198e+00
      vertex   2.706675e+00 -4.204035e+00 4.183099e+00
    endloop
  endfacet
  facet normal 5.565136e-01 -8.308385e-01 0.000000e+00
    outer loop
      vertex   2.706675e+00 -4.204035e+00 4.183099e+00
      vertex   2.857543e+00 -4.102980e+00 7.366198e+00
      vertex   2.706675e+00 -4.204035e+00 7.366198e+00
    endloop
  endfacet
  facet normal 5.259780e-01 -8.504982e-01 0.000000e+00
    outer loop
      vertex   2.706675e+00 -4.204035e+00 4.183099e+00
      vertex   2.706675e+00 -4.204035e+00 7.366198e+00
      vertex   2.552237e+00 -4.299545e+00 4.183099e+00
    endloop
  endfacet
  facet normal 5.259780e-01 -8.504982e-01 0.000000e+00
    outer loop
      vertex   2.552237e+00 -4.299545e+00 4.183099e+00
      vertex   2.706675e+00 -4.204035e+00 7.366198e+00
      vertex   2.552237e+00 -4.299545e+00 7.366198e+00
    endloop
  endfacet
  facet normal 4.947487e-01 -8.690361e-01 0.000000e+00
    outer loop
      vertex   2.552237e+00 -4.299545e+00 4.183099e+00
      vertex   2.552237e+00 -4.299545e+00 7.366198e+00
      vertex   2.394434e+00 -4.389384e+00 4.183099e+00
    endloop
  endfacet
  facet normal 4.947487e-01 -8.690361e-01 0.000000e+00
    outer loop
      vertex   2.394434e+00 -4.389384e+00 4.183099e+00
      vertex   2.552237e+00 -4.299545e+00 7.366198e+00
      vertex   2.394434e+00 -4.389384e+00 7.366198e+00
    endloop
  endfacet
  facet normal 4.628668e-01 -8.864278e-01 0.000000e+00
    outer loop
      vertex   2.394434e+00 -4.389384e+00 4.183099e+00
      vertex   2.394434e+00 -4.389384e+00 7.366198e+00
      vertex   2.233472e+00 -4.473433e+00 4.183099e+00
    endloop
  endfacet
  facet normal 4.628668e-01 -8.864278e-01 0.000000e+00
    outer loop
      vertex   2.233472e+00 -4.473433e+00 4.183099e+00
      vertex   2.394434e+00 -4.389384e+00 7.366198e+00
      vertex   2.233472e+00 -4.473433e+00 7.366198e+00
    endloop
  endfacet
  facet normal 4.303745e-01 -9.026504e-01 0.000000e+00
    outer loop
      vertex   2.233472e+00 -4.473433e+00 4.183099e+00
      vertex   2.233472e+00 -4.473433e+00 7.366198e+00
      vertex   2.069564e+00 -4.551583e+00 4.183099e+00
    endloop
  endfacet
  facet normal 4.303745e-01 -9.026504e-01 0.000000e+00
    outer loop
      vertex   2.069564e+00 -4.551583e+00 4.183099e+00
      vertex   2.233472e+00 -4.473433e+00 7.366198e+00
      vertex   2.069564e+00 -4.551583e+00 7.366198e+00
    endloop
  endfacet
  facet normal 3.973145e-01 -9.176825e-01 0.000000e+00
    outer loop
      vertex   2.069564e+00 -4.551583e+00 4.183099e+00
      vertex   2.069564e+00 -4.551583e+00 7.366198e+00
      vertex   1.902927e+00 -4.623729e+00 4.183099e+00
    endloop
  endfacet
  facet normal 3.973145e-01 -9.176825e-01 0.000000e+00
    outer loop
      vertex   1.902927e+00 -4.623729e+00 4.183099e+00
      vertex   2.069564e+00 -4.551583e+00 7.366198e+00
      vertex   1.902927e+00 -4.623729e+00 7.366198e+00
    endloop
  endfacet
  facet normal 3.637306e-01 -9.315042e-01 0.000000e+00
    outer loop
      vertex   1.902927e+00 -4.623729e+00 4.183099e+00
      vertex   1.902927e+00 -4.623729e+00 7.366198e+00
      vertex   1.733779e+00 -4.689777e+00 4.183099e+00
    endloop
  endfacet
  facet normal 3.637306e-01 -9.315042e-01 0.000000e+00
    outer loop
      vertex   1.733779e+00 -4.689777e+00 4.183099e+00
      vertex   1.902927e+00 -4.623729e+00 7.366198e+00
      vertex   1.733779e+00 -4.689777e+00 7.366198e+00
    endloop
  endfacet
  facet normal 3.296668e-01 -9.440973e-01 0.000000e+00
    outer loop
      vertex   1.733779e+00 -4.689777e+00 4.183099e+00
      vertex   1.733779e+00 -4.689777e+00 7.366198e+00
      vertex   1.562345e+00 -4.749640e+00 4.183099e+00
    endloop
  endfacet
  facet normal 3.296668e-01 -9.440973e-01 0.000000e+00
    outer loop
      vertex   1.562345e+00 -4.749640e+00 4.183099e+00
      vertex   1.733779e+00 -4.689777e+00 7.366198e+00
      vertex   1.562345e+00 -4.749640e+00 7.366198e+00
    endloop
  endfacet
  facet normal 2.951683e-01 -9.554453e-01 0.000000e+00
    outer loop
      vertex   1.562345e+00 -4.749640e+00 4.183099e+00
      vertex   1.562345e+00 -4.749640e+00 7.366198e+00
      vertex   1.388851e+00 -4.803238e+00 4.183099e+00
    endloop
  endfacet
  facet normal 2.951683e-01 -9.554453e-01 0.000000e+00
    outer loop
      vertex   1.388851e+00 -4.803238e+00 4.183099e+00
      vertex   1.562345e+00 -4.749640e+00 7.366198e+00
      vertex   1.388851e+00 -4.803238e+00 7.366198e+00
    endloop
  endfacet
  facet normal 2.602805e-01 -9.655331e-01 0.000000e+00
    outer loop
      vertex   1.388851e+00 -4.803238e+00 4.183099e+00
      vertex   1.388851e+00 -4.803238e+00 7.366198e+00
      vertex   1.213525e+00 -4.850501e+00 4.183099e+00
    endloop
  endfacet
  facet normal 2.602805e-01 -9.655331e-01 0.000000e+00
    outer loop
      vertex   1.213525e+00 -4.850501e+00 4.183099e+00
      vertex   1.388851e+00 -4.803238e+00 7.366198e+00
      vertex   1.213525e+00 -4.850501e+00 7.366198e+00
    endloop
  endfacet
  facet normal 2.250494e-01 -9.743474e-01 0.000000e+00
    outer loop
      vertex   1.213525e+00 -4.850501e+00 4.183099e+00
      vertex   1.213525e+00 -4.850501e+00 7.366198e+00
      vertex   1.036598e+00 -4.891366e+00 4.183099e+00
    endloop
  endfacet
  facet normal 2.250494e-01 -9.743474e-01 0.000000e+00
    outer loop
      vertex   1.036598e+00 -4.891366e+00 4.183099e+00
      vertex   1.213525e+00 -4.850501e+00 7.366198e+00
      vertex   1.036598e+00 -4.891366e+00 7.366198e+00
    endloop
  endfacet
  facet normal 1.895214e-01 -9.818766e-01 0.000000e+00
    outer loop
      vertex   1.036598e+00 -4.891366e+00 4.183099e+00
      vertex   1.036598e+00 -4.891366e+00 7.366198e+00
      vertex   8.583038e-01 -4.925781e+00 4.183099e+00
    endloop
  endfacet
  facet normal 1.895214e-01 -9.818766e-01 0.000000e+00
    outer loop
      vertex   8.583038e-01 -4.925781e+00 4.183099e+00
      vertex   1.036598e+00 -4.891366e+00 7.366198e+00
      vertex   8.583038e-01 -4.925781e+00 7.366198e+00
    endloop
  endfacet
  facet normal 1.537435e-01 -9.881108e-01 0.000000e+00
    outer loop
      vertex   8.583038e-01 -4.925781e+00 4.183099e+00
      vertex   8.583038e-01 -4.925781e+00 7.366198e+00
      vertex   6.788777e-01 -4.953698e+00 4.183099e+00
    endloop
  endfacet
  facet normal 1.537435e-01 -9.881108e-01 0.000000e+00
    outer loop
      vertex   6.788777e-01 -4.953698e+00 4.183099e+00
      vertex   8.583038e-01 -4.925781e+00 7.366198e+00
      vertex   6.788777e-01 -4.953698e+00 7.366198e+00
    endloop
  endfacet
  facet normal 1.177628e-01 -9.930418e-01 0.000000e+00
    outer loop
      vertex   6.788777e-01 -4.953698e+00 4.183099e+00
      vertex   6.788777e-01 -4.953698e+00 7.366198e+00
      vertex   4.985563e-01 -4.975082e+00 4.183099e+00
    endloop
  endfacet
  facet normal 1.177628e-01 -9.930418e-01 0.000000e+00
    outer loop
      vertex   4.985563e-01 -4.975082e+00 4.183099e+00
      vertex   6.788777e-01 -4.953698e+00 7.366198e+00
      vertex   4.985563e-01 -4.975082e+00 7.366198e+00
    endloop
  endfacet
  facet normal 8.162681e-02 -9.966630e-01 0.000000e+00
    outer loop
      vertex   4.985563e-01 -4.975082e+00 4.183099e+00
      vertex   4.985563e-01 -4.975082e+00 7.366198e+00
      vertex   3.175772e-01 -4.989904e+00 4.183099e+00
    endloop
  endfacet
  facet normal 8.162681e-02 -9.966630e-01 0.000000e+00
    outer loop
      vertex   3.175772e-01 -4.989904e+00 4.183099e+00
      vertex   4.985563e-01 -4.975082e+00 7.366198e+00
      vertex   3.175772e-01 -4.989904e+00 7.366198e+00
    endloop
  endfacet
  facet normal 4.538314e-02 -9.989697e-01 0.000000e+00
    outer loop
      vertex   3.175772e-01 -4.989904e+00 4.183099e+00
      vertex   3.175772e-01 -4.989904e+00 7.366198e+00
      vertex   1.361794e-01 -4.998145e+00 4.183099e+00
    endloop
  endfacet
  facet normal 4.538314e-02 -9.989697e-01 0.000000e+00
    outer loop
      vertex   1.361794e-01 -4.998145e+00 4.183099e+00
      vertex   3.175772e-01 -4.989904e+00 7.366198e+00
      vertex   1.361794e-01 -4.998145e+00 7.366198e+00
    endloop
  endfacet
  facet normal 9.079623e-03 -9.999588e-01 0.000000e+00
    outer loop
      vertex   1.361794e-01 -4.998145e+00 4.183099e+00
      vertex   1.361794e-01 -4.998145e+00 7.366198e+00
      vertex   -4.539811e-02 -4.999794e+00 4.183099e+00
    endloop
  endfacet
  facet normal 9.079623e-03 -9.999588e-01 0.000000e+00
    outer loop
      vertex   -4.539811e-02 -4.999794e+00 4.183099e+00
      vertex   1.361794e-01 -4.998145e+00 7.366198e+00
      vertex   -4.539811e-02 -4.999794e+00 7.366198e+00
    endloop
  endfacet
  facet normal -2.723587e-02 -9.996290e-01 0.000000e+00
    outer loop
      vertex   -4.539811e-02 -4.999794e+00 4.183099e+00
      vertex   -4.539811e-02 -4.999794e+00 7.366198e+00
      vertex   -2.269157e-01 -4.994848e+00 4.183099e+00
    endloop
  endfacet
  facet normal -2.723587e-02 -9.996290e-01 0.000000e+00
    outer loop
      vertex   -2.269157e-01 -4.994848e+00 4.183099e+00
      vertex   -4.539811e-02 -4.999794e+00 7.366198e+00
      vertex   -2.269157e-01 -4.994848e+00 7.366198e+00
    endloop
  endfacet
  facet normal -6.351545e-02 -9.979809e-01 0.000000e+00
    outer loop
      vertex   -2.269157e-01 -4.994848e+00 4.183099e+00
      vertex   -2.269157e-01 -4.994848e+00 7.366198e+00
      vertex   -4.081340e-01 -4.983315e+00 4.183099e+00
    endloop
  endfacet
  facet normal -6.351545e-02 -9.979809e-01 0.000000e+00
    outer loop
      vertex   -4.081340e-01 -4.983315e+00 4.183099e+00
      vertex   -2.269157e-01 -4.994848e+00 7.366198e+00
      vertex   -4.081340e-01 -4.983315e+00 7.366198e+00
    endloop
  endfacet
  facet normal -9.971125e-02 -9.950164e-01 0.000000e+00
    outer loop
      vertex   -4.081340e-01 -4.983315e+00 4.183099e+00
      vertex   -4.081340e-01 -4.983315e+00 7.366198e+00
      vertex   -5.888141e-01 -4.965209e+00 4.183099e+00
    endloop
  endfacet
  facet normal -9.971125e-02 -9.950164e-01 0.000000e+00
    outer loop
      vertex   -5.888141e-01 -4.965209e+00 4.183099e+00
      vertex   -4.081340e-01 -4.983315e+00 7.366198e+00
      vertex   -5.888141e-01 -4.965209e+00 7.366198e+00
    endloop
  endfacet
  facet normal -1.357755e-01 -9.907396e-01 0.000000e+00
    outer loop
      vertex   -5.888141e-01 -4.965209e+00 4.183099e+00
      vertex   -5.888141e-01 -4.965209e+00 7.366198e+00
      vertex   -7.687175e-01 -4.940554e+00 4.183099e+00
    endloop
  endfacet
  facet normal -1.357755e-01 -9.907396e-01 0.000000e+00
    outer loop
      vertex   -7.687175e-01 -4.940554e+00 4.183099e+00
      vertex   -5.888141e-01 -4.965209e+00 7.366198e+00
      vertex   -7.687175e-01 -4.940554e+00 7.366198e+00
    endloop
  endfacet
  facet normal -1.716608e-01 -9.851561e-01 0.000000e+00
    outer loop
      vertex   -7.687175e-01 -4.940554e+00 4.183099e+00
      vertex   -7.687175e-01 -4.940554e+00 7.366198e+00
      vertex   -9.476070e-01 -4.909383e+00 4.183099e+00
    endloop
  endfacet
  facet normal -1.716608e-01 -9.851561e-01 0.000000e+00
    outer loop
      vertex   -9.476070e-01 -4.909383e+00 4.183099e+00
      vertex   -7.687175e-01 -4.940554e+00 7.366198e+00
      vertex   -9.476070e-01 -4.909383e+00 7.366198e+00
    endloop
  endfacet
  facet normal -2.073196e-01 -9.782733e-01 0.000000e+00
    outer loop
      vertex   -9.476070e-01 -4.909383e+00 4.183099e+00
      vertex   -9.476070e-01 -4.909383e+00 7.366198e+00
      vertex   -1.125247e+00 -4.871737e+00 4.183099e+00
    endloop
  endfacet
  facet normal -2.073196e-01 -9.782733e-01 0.000000e+00
    outer loop
      vertex   -1.125247e+00 -4.871737e+00 4.183099e+00
      vertex   -9.476070e-01 -4.909383e+00 7.366198e+00
      vertex   -1.125247e+00 -4.871737e+00 7.366198e+00
    endloop
  endfacet
  facet normal -2.427049e-01 -9.701002e-01 0.000000e+00
    outer loop
      vertex   -1.125247e+00 -4.871737e+00 4.183099e+00
      vertex   -1.125247e+00 -4.871737e+00 7.366198e+00
      vertex   -1.301402e+00 -4.827665e+00 4.183099e+00
    endloop
  endfacet
  facet normal -2.427049e-01 -9.701002e-01 0.000000e+00
    outer loop
      vertex   -1.301402e+00 -4.827665e+00 4.183099e+00
      vertex   -1.125247e+00 -4.871737e+00 7.366198e+00
      vertex   -1.301402e+00 -4.827665e+00 7.366198e+00
    endloop
  endfacet
  facet normal -2.777702e-01 -9.606476e-01 0.000000e+00
    outer loop
      vertex   -1.301402e+00 -4.827665e+00 4.183099e+00
      vertex   -1.301402e+00 -4.827665e+00 7.366198e+00
      vertex   -1.475842e+00 -4.777226e+00 4.183099e+00
    endloop
  endfacet
  facet normal -2.777702e-01 -9.606476e-01 0.000000e+00
    outer loop
      vertex   -1.475842e+00 -4.777226e+00 4.183099e+00
      vertex   -1.301402e+00 -4.827665e+00 7.366198e+00
      vertex   -1.475842e+00 -4.777226e+00 7.366198e+00
    endloop
  endfacet
  facet normal -3.124691e-01 -9.499279e-01 0.000000e+00
    outer loop
      vertex   -1.475842e+00 -4.777226e+00 4.183099e+00
      vertex   -1.475842e+00 -4.777226e+00 7.366198e+00
      vertex   -1.648334e+00 -4.720487e+00 4.183099e+00
    endloop
  endfacet
  facet normal -3.124691e-01 -9.499279e-01 0.000000e+00
    outer loop
      vertex   -1.648334e+00 -4.720487e+00 4.183099e+00
      vertex   -1.475842e+00 -4.777226e+00 7.366198e+00
      vertex   -1.648334e+00 -4.720487e+00 7.366198e+00
    endloop
  endfacet
  facet normal -3.467559e-01 -9.379554e-01 0.000000e+00
    outer loop
      vertex   -1.648334e+00 -4.720487e+00 4.183099e+00
      vertex   -1.648334e+00 -4.720487e+00 7.366198e+00
      vertex   -1.818653e+00 -4.657521e+00 4.183099e+00
    endloop
  endfacet
  facet normal -3.467559e-01 -9.379554e-01 0.000000e+00
    outer loop
      vertex   -1.818653e+00 -4.657521e+00 4.183099e+00
      vertex   -1.648334e+00 -4.720487e+00 7.366198e+00
      vertex   -1.818653e+00 -4.657521e+00 7.366198e+00
    endloop
  endfacet
  facet normal -3.805853e-01 -9.247458e-01 0.000000e+00
    outer loop
      vertex   -1.818653e+00 -4.657521e+00 4.183099e+00
      vertex   -1.818653e+00 -4.657521e+00 7.366198e+00
      vertex   -1.986573e+00 -4.588412e+00 4.183099e+00
    endloop
  endfacet
  facet normal -3.805853e-01 -9.247458e-01 0.000000e+00
    outer loop
      vertex   -1.986573e+00 -4.588412e+00 4.183099e+00
      vertex   -1.818653e+00 -4.657521e+00 7.366198e+00
      vertex   -1.986573e+00 -4.588412e+00 7.366198e+00
    endloop
  endfacet
  facet normal -4.139128e-01 -9.103165e-01 0.000000e+00
    outer loop
      vertex   -1.986573e+00 -4.588412e+00 4.183099e+00
      vertex   -1.986573e+00 -4.588412e+00 7.366198e+00
      vertex   -2.151873e+00 -4.513252e+00 4.183099e+00
    endloop
  endfacet
  facet normal -4.139128e-01 -9.103165e-01 0.000000e+00
    outer loop
      vertex   -2.151873e+00 -4.513252e+00 4.183099e+00
      vertex   -1.986573e+00 -4.588412e+00 7.366198e+00
      vertex   -2.151873e+00 -4.513252e+00 7.366198e+00
    endloop
  endfacet
  facet normal -4.466943e-01 -8.946866e-01 0.000000e+00
    outer loop
      vertex   -2.151873e+00 -4.513252e+00 4.183099e+00
      vertex   -2.151873e+00 -4.513252e+00 7.366198e+00
      vertex   -2.314334e+00 -4.432139e+00 4.183099e+00
    endloop
  endfacet
  facet normal -4.466943e-01 -8.946866e-01 0.000000e+00
    outer loop
      vertex   -2.314334e+00 -4.432139e+00 4.183099e+00
      vertex   -2.151873e+00 -4.513252e+00 7.366198e+00
      vertex   -2.314334e+00 -4.432139e+00 7.366198e+00
    endloop
  endfacet
  facet normal -4.788867e-01 -8.778767e-01 0.000000e+00
    outer loop
      vertex   -2.314334e+00 -4.432139e+00 4.183099e+00
      vertex   -2.314334e+00 -4.432139e+00 7.366198e+00
      vertex   -2.473743e+00 -4.345181e+00 4.183099e+00
    endloop
  endfacet
  facet normal -4.788867e-01 -8.778767e-01 0.000000e+00
    outer loop
      vertex   -2.473743e+00 -4.345181e+00 4.183099e+00
      vertex   -2.314334e+00 -4.432139e+00 7.366198e+00
      vertex   -2.473743e+00 -4.345181e+00 7.366198e+00
    endloop
  endfacet
  facet normal -5.104475e-01 -8.599089e-01 0.000000e+00
    outer loop
      vertex   -2.473743e+00 -4.345181e+00 4.183099e+00
      vertex   -2.473743e+00 -4.345181e+00 7.366198e+00
      vertex   -2.629890e+00 -4.252491e+00 4.183099e+00
    endloop
  endfacet
  facet normal -5.104475e-01 -8.599089e-01 0.000000e+00
    outer loop
      vertex   -2.629890e+00 -4.252491e+00 4.183099e+00
      vertex   -2.473743e+00 -4.345181e+00 7.366198e+00
      vertex   -2.629890e+00 -4.252491e+00 7.366198e+00
    endloop
  endfacet
  facet normal -5.413350e-01 -8.408070e-01 0.000000e+00
    outer loop
      vertex   -2.629890e+00 -4.252491e+00 4.183099e+00
      vertex   -2.629890e+00 -4.252491e+00 7.366198e+00
      vertex   -2.782568e+00 -4.154193e+00 4.183099e+00
    endloop
  endfacet
  facet normal -5.413350e-01 -8.408070e-01 0.000000e+00
    outer loop
      vertex   -2.782568e+00 -4.154193e+00 4.183099e+00
      vertex   -2.629890e+00 -4.252491e+00 7.366198e+00
      vertex   -2.782568e+00 -4.154193e+00 7.366198e+00
    endloop
  endfacet
  facet normal -5.715086e-01 -8.205961e-01 0.000000e+00
    outer loop
      vertex   -2.782568e+00 -4.154193e+00 4.183099e+00
      vertex   -2.782568e+00 -4.154193e+00 7.366198e+00
      vertex   -2.931576e+00 -4.050415e+00 4.183099e+00
    endloop
  endfacet
  facet normal -5.715086e-01 -8.205961e-01 0.000000e+00
    outer loop
      vertex   -2.931576e+00 -4.050415e+00 4.183099e+00
      vertex   -2.782568e+00 -4.154193e+00 7.366198e+00
      vertex   -2.931576e+00 -4.050415e+00 7.366198e+00
    endloop
  endfacet
  facet normal -6.009284e-01 -7.993029e-01 0.000000e+00
    outer loop
      vertex   -2.931576e+00 -4.050415e+00 4.183099e+00
      vertex   -2.931576e+00 -4.050415e+00 7.366198e+00
      vertex   -3.076717e+00 -3.941296e+00 4.183099e+00
    endloop
  endfacet
  facet normal -6.009284e-01 -7.993029e-01 0.000000e+00
    outer loop
      vertex   -3.076717e+00 -3.941296e+00 4.183099e+00
      vertex   -2.931576e+00 -4.050415e+00 7.366198e+00
      vertex   -3.076717e+00 -3.941296e+00 7.366198e+00
    endloop
  endfacet
  facet normal -6.295556e-01 -7.769555e-01 0.000000e+00
    outer loop
      vertex   -3.076717e+00 -3.941296e+00 4.183099e+00
      vertex   -3.076717e+00 -3.941296e+00 7.366198e+00
      vertex   -3.217801e+00 -3.826978e+00 4.183099e+00
    endloop
  endfacet
  facet normal -6.295556e-01 -7.769555e-01 0.000000e+00
    outer loop
      vertex   -3.217801e+00 -3.826978e+00 4.183099e+00
      vertex   -3.076717e+00 -3.941296e+00 7.366198e+00
      vertex   -3.217801e+00 -3.826978e+00 7.366198e+00
    endloop
  endfacet
  facet normal -6.573524e-01 -7.535833e-01 0.000000e+00
    outer loop
      vertex   -3.217801e+00 -3.826978e+00 4.183099e+00
      vertex   -3.217801e+00 -3.826978e+00 7.366198e+00
      vertex   -3.354640e+00 -3.707613e+00 4.183099e+00
    endloop
  endfacet
  facet normal -6.573524e-01 -7.535833e-01 0.000000e+00
    outer loop
      vertex   -3.354640e+00 -3.707613e+00 4.183099e+00
      vertex   -3.217801e+00 -3.826978e+00 7.366198e+00
      vertex   -3.354640e+00 -3.707613e+00 7.366198e+00
    endloop
  endfacet
  facet normal -6.842823e-01 -7.292172e-01 0.000000e+00
    outer loop
      vertex   -3.354640e+00 -3.707613e+00 4.183099e+00
      vertex   -3.354640e+00 -3.707613e+00 7.366198e+00
      vertex   -3.487055e+00 -3.583357e+00 4.183099e+00
    endloop
  endfacet
  facet normal -6.842823e-01 -7.292172e-01 0.000000e+00
    outer loop
      vertex   -3.487055e+00 -3.583357e+00 4.183099e+00
      vertex   -3.354640e+00 -3.707613e+00 7.366198e+00
      vertex   -3.487055e+00 -3.583357e+00 7.366198e+00
    endloop
  endfacet
  facet normal -7.103097e-01 -7.038893e-01 0.000000e+00
    outer loop
      vertex   -3.487055e+00 -3.583357e+00 4.183099e+00
      vertex   -3.487055e+00 -3.583357e+00 7.366198e+00
      vertex   -3.614871e+00 -3.454376e+00 4.183099e+00
    endloop
  endfacet
  facet normal -7.103097e-01 -7.038893e-01 0.000000e+00
    outer loop
      vertex   -3.614871e+00 -3.454376e+00 4.183099e+00
      vertex   -3.487055e+00 -3.583357e+00 7.366198e+00
      vertex   -3.614871e+00 -3.454376e+00 7.366198e+00
    endloop
  endfacet
  facet normal -7.354002e-01 -6.776331e-01 0.000000e+00
    outer loop
      vertex   -3.614871e+00 -3.454376e+00 4.183099e+00
      vertex   -3.614871e+00 -3.454376e+00 7.366198e+00
      vertex   -3.737919e+00 -3.320838e+00 4.183099e+00
    endloop
  endfacet
  facet normal -7.354002e-01 -6.776331e-01 0.000000e+00
    outer loop
      vertex   -3.737919e+00 -3.320838e+00 4.183099e+00
      vertex   -3.614871e+00 -3.454376e+00 7.366198e+00
      vertex   -3.737919e+00 -3.320838e+00 7.366198e+00
    endloop
  endfacet
  facet normal -7.595207e-01 -6.504831e-01 0.000000e+00
    outer loop
      vertex   -3.737919e+00 -3.320838e+00 4.183099e+00
      vertex   -3.737919e+00 -3.320838e+00 7.366198e+00
      vertex   -3.856037e+00 -3.182920e+00 4.183099e+00
    endloop
  endfacet
  facet normal -7.595207e-01 -6.504831e-01 0.000000e+00
    outer loop
      vertex   -3.856037e+00 -3.182920e+00 4.183099e+00
      vertex   -3.737919e+00 -3.320838e+00 7.366198e+00
      vertex   -3.856037e+00 -3.182920e+00 7.366198e+00
    endloop
  endfacet
  facet normal -7.826396e-01 -6.224752e-01 0.000000e+00
    outer loop
      vertex   -3.856037e+00 -3.182920e+00 4.183099e+00
      vertex   -3.856037e+00 -3.182920e+00 7.366198e+00
      vertex   -3.969069e+00 -3.040805e+00 4.183099e+00
    endloop
  endfacet
  facet normal -7.826396e-01 -6.224752e-01 0.000000e+00
    outer loop
      vertex   -3.969069e+00 -3.040805e+00 4.183099e+00
      vertex   -3.856037e+00 -3.182920e+00 7.366198e+00
      vertex   -3.969069e+00 -3.040805e+00 7.366198e+00
    endloop
  endfacet
  facet normal -8.047261e-01 -5.936462e-01 0.000000e+00
    outer loop
      vertex   -3.969069e+00 -3.040805e+00 4.183099e+00
      vertex   -3.969069e+00 -3.040805e+00 7.366198e+00
      vertex   -4.076866e+00 -2.894679e+00 4.183099e+00
    endloop
  endfacet
  facet normal -8.047261e-01 -5.936462e-01 0.000000e+00
    outer loop
      vertex   -4.076866e+00 -2.894679e+00 4.183099e+00
      vertex   -3.969069e+00 -3.040805e+00 7.366198e+00
      vertex   -4.076866e+00 -2.894679e+00 7.366198e+00
    endloop
  endfacet
  facet normal -8.257513e-01 -5.640343e-01 0.000000e+00
    outer loop
      vertex   -4.076866e+00 -2.894679e+00 4.183099e+00
      vertex   -4.076866e+00 -2.894679e+00 7.366198e+00
      vertex   -4.179286e+00 -2.744735e+00 4.183099e+00
    endloop
  endfacet
  facet normal -8.257513e-01 -5.640343e-01 0.000000e+00
    outer loop
      vertex   -4.179286e+00 -2.744735e+00 4.183099e+00
      vertex   -4.076866e+00 -2.894679e+00 7.366198e+00
      vertex   -4.179286e+00 -2.744735e+00 7.366198e+00
    endloop
  endfacet
  facet normal -8.456874e-01 -5.336785e-01 0.000000e+00
    outer loop
      vertex   -4.179286e+00 -2.744735e+00 4.183099e+00
      vertex   -4.179286e+00 -2.744735e+00 7.366198e+00
      vertex   -4.276194e+00 -2.591171e+00 4.183099e+00
    endloop
  endfacet
  facet normal -8.456874e-01 -5.336785e-01 0.000000e+00
    outer loop
      vertex   -4.276194e+00 -2.591171e+00 4.183099e+00
      vertex   -4.179286e+00 -2.744735e+00 7.366198e+00
      vertex   -4.276194e+00 -2.591171e+00 7.366198e+00
    endloop
  endfacet
  facet normal -8.645081e-01 -5.026188e-01 0.000000e+00
    outer loop
      vertex   -4.276194e+00 -2.591171e+00 4.183099e+00
      vertex   -4.276194e+00 -2.591171e+00 7.366198e+00
      vertex   -4.367462e+00 -2.434189e+00 4.183099e+00
    endloop
  endfacet
  facet normal -8.645081e-01 -5.026188e-01 0.000000e+00
    outer loop
      vertex   -4.367462e+00 -2.434189e+00 4.183099e+00
      vertex   -4.276194e+00 -2.591171e+00 7.366198e+00
      vertex   -4.367462e+00 -2.434189e+00 7.366198e+00
    endloop
  endfacet
  facet normal -8.821886e-01 -4.708962e-01 0.000000e+00
    outer loop
      vertex   -4.367462e+00 -2.434189e+00 4.183099e+00
      vertex   -4.367462e+00 -2.434189e+00 7.366198e+00
      vertex   -4.452970e+00 -2.273997e+00 4.183099e+00
    endloop
  endfacet
  facet normal -8.821886e-01 -4.708962e-01 0.000000e+00
    outer loop
      vertex   -4.452970e+00 -2.273997e+00 4.183099e+00
      vertex   -4.367462e+00 -2.434189e+00 7.366198e+00
      vertex   -4.452970e+00 -2.273997e+00 7.366198e+00
    endloop
  endfacet
  facet normal -8.987056e-01 -4.385525e-01 0.000000e+00
    outer loop
      vertex   -4.452970e+00 -2.273997e+00 4.183099e+00
      vertex   -4.452970e+00 -2.273997e+00 7.366198e+00
      vertex   -4.532604e+00 -2.110805e+00 4.183099e+00
    endloop
  endfacet
  facet normal -8.987056e-01 -4.385525e-01 0.000000e+00
    outer loop
      vertex   -4.532604e+00 -2.110805e+00 4.183099e+00
      vertex   -4.452970e+00 -2.273997e+00 7.366198e+00
      vertex   -4.532604e+00 -2.110805e+00 7.366198e+00
    endloop
  endfacet
  facet normal -9.140372e-01 -4.056304e-01 0.000000e+00
    outer loop
      vertex   -4.532604e+00 -2.110805e+00 4.183099e+00
      vertex   -4.532604e+00 -2.110805e+00 7.366198e+00
      vertex   -4.606261e+00 -1.944830e+00 4.183099e+00
    endloop
  endfacet
  facet normal -9.140372e-01 -4.056304e-01 0.000000e+00
    outer loop
      vertex   -4.606261e+00 -1.944830e+00 4.183099e+00
      vertex   -4.532604e+00 -2.110805e+00 7.366198e+00
      vertex   -4.606261e+00 -1.944830e+00 7.366198e+00
    endloop
  endfacet
  facet normal -9.281633e-01 -3.721733e-01 0.000000e+00
    outer loop
      vertex   -4.606261e+00 -1.944830e+00 4.183099e+00
      vertex   -4.606261e+00 -1.944830e+00 7.366198e+00
      vertex   -4.673842e+00 -1.776289e+00 4.183099e+00
    endloop
  endfacet
  facet normal -9.281633e-01 -3.721733e-01 0.000000e+00
    outer loop
      vertex   -4.673842e+00 -1.776289e+00 4.183099e+00
      vertex   -4.606261e+00 -1.944830e+00 7.366198e+00
      vertex   -4.673842e+00 -1.776289e+00 7.366198e+00
    endloop
  endfacet
  facet normal -9.410652e-01 -3.382253e-01 0.000000e+00
    outer loop
      vertex   -4.673842e+00 -1.776289e+00 4.183099e+00
      vertex   -4.673842e+00 -1.776289e+00 7.366198e+00
      vertex   -4.735258e+00 -1.605406e+00 4.183099e+00
    endloop
  endfacet
  facet normal -9.410652e-01 -3.382253e-01 0.000000e+00
    outer loop
      vertex   -4.735258e+00 -1.605406e+00 4.183099e+00
      vertex   -4.673842e+00 -1.776289e+00 7.366198e+00
      vertex   -4.735258e+00 -1.605406e+00 7.366198e+00
    endloop
  endfacet
  facet normal -9.527259e-01 -3.038312e-01 0.000000e+00
    outer loop
      vertex   -4.735258e+00 -1.605406e+00 4.183099e+00
      vertex   -4.735258e+00 -1.605406e+00 7.366198e+00
      vertex   -4.790430e+00 -1.432405e+00 4.183099e+00
    endloop
  endfacet
  facet normal -9.527259e-01 -3.038312e-01 0.000000e+00
    outer loop
      vertex   -4.790430e+00 -1.432405e+00 4.183099e+00
      vertex   -4.735258e+00 -1.605406e+00 7.366198e+00
      vertex   -4.790430e+00 -1.432405e+00 7.366198e+00
    endloop
  endfacet
  facet normal -9.631300e-01 -2.690364e-01 0.000000e+00
    outer loop
      vertex   -4.790430e+00 -1.432405e+00 4.183099e+00
      vertex   -4.790430e+00 -1.432405e+00 7.366198e+00
      vertex   -4.839283e+00 -1.257515e+00 4.183099e+00
    endloop
  endfacet
  facet normal -9.631300e-01 -2.690364e-01 0.000000e+00
    outer loop
      vertex   -4.839283e+00 -1.257515e+00 4.183099e+00
      vertex   -4.790430e+00 -1.432405e+00 7.366198e+00
      vertex   -4.839283e+00 -1.257515e+00 7.366198e+00
    endloop
  endfacet
  facet normal -9.722638e-01 -2.338868e-01 0.000000e+00
    outer loop
      vertex   -4.839283e+00 -1.257515e+00 4.183099e+00
      vertex   -4.839283e+00 -1.257515e+00 7.366198e+00
      vertex   -4.881753e+00 -1.080967e+00 4.183099e+00
    endloop
  endfacet
  facet normal -9.722638e-01 -2.338868e-01 0.000000e+00
    outer loop
      vertex   -4.881753e+00 -1.080967e+00 4.183099e+00
      vertex   -4.839283e+00 -1.257515e+00 7.366198e+00
      vertex   -4.881753e+00 -1.080967e+00 7.366198e+00
    endloop
  endfacet
  facet normal -9.801153e-01 -1.984287e-01 0.000000e+00
    outer loop
      vertex   -4.881753e+00 -1.080967e+00 4.183099e+00
      vertex   -4.881753e+00 -1.080967e+00 7.366198e+00
      vertex   -4.917784e+00 -9.029926e-01 4.183099e+00
    endloop
  endfacet
  facet normal -9.801153e-01 -1.984287e-01 0.000000e+00
    outer loop
      vertex   -4.917784e+00 -9.029926e-01 4.183099e+00
      vertex   -4.881753e+00 -1.080967e+00 7.366198e+00
      vertex   -4.917784e+00 -9.029926e-01 7.366198e+00
    endloop
  endfacet
  facet normal -9.866741e-01 -1.627088e-01 0.000000e+00
    outer loop
      vertex   -4.917784e+00 -9.029926e-01 4.183099e+00
      vertex   -4.917784e+00 -9.029926e-01 7.366198e+00
      vertex   -4.947330e+00 -7.238274e-01 4.183099e+00
    endloop
  endfacet
  facet normal -9.866741e-01 -1.627088e-01 0.000000e+00
    outer loop
      vertex   -4.947330e+00 -7.238274e-01 4.183099e+00
      vertex   -4.917784e+00 -9.029926e-01 7.366198e+00
      vertex   -4.947330e+00 -7.238274e-01 7.366198e+00
    endloop
  endfacet
  facet normal -9.919316e-01 -1.267744e-01 0.000000e+00
    outer loop
      vertex   -4.947330e+00 -7.238274e-01 4.183099e+00
      vertex   -4.947330e+00 -7.238274e-01 7.366198e+00
      vertex   -4.970350e+00 -5.437076e-01 4.183099e+00
    endloop
  endfacet
  facet normal -9.919316e-01 -1.267744e-01 0.000000e+00
    outer loop
      vertex   -4.970350e+00 -5.437076e-01 4.183099e+00
      vertex   -4.947330e+00 -7.238274e-01 7.366198e+00
      vertex   -4.970350e+00 -5.437076e-01 7.366198e+00
    endloop
  endfacet
  facet normal -9.958807e-01 -9.067277e-02 0.000000e+00
    outer loop
      vertex   -4.970350e+00 -5.437076e-01 4.183099e+00
      vertex   -4.970350e+00 -5.437076e-01 7.366198e+00
      vertex   -4.986815e+00 -3.628706e-01 4.183099e+00
    endloop
  endfacet
  facet normal -9.958807e-01 -9.067277e-02 0.000000e+00
    outer loop
      vertex   -4.986815e+00 -3.628706e-01 4.183099e+00
      vertex   -4.970350e+00 -5.437076e-01 7.366198e+00
      vertex   -4.986815e+00 -3.628706e-01 7.366198e+00
    endloop
  endfacet
  facet normal -9.985164e-01 -5.445154e-02 0.000000e+00
    outer loop
      vertex   -4.986815e+00 -3.628706e-01 4.183099e+00
      vertex   -4.986815e+00 -3.628706e-01 7.366198e+00
      vertex   -4.996703e+00 -1.815550e-01 4.183099e+00
    endloop
  endfacet
  facet normal -9.985164e-01 -5.445154e-02 0.000000e+00
    outer loop
      vertex   -4.996703e+00 -1.815550e-01 4.183099e+00
      vertex   -4.986815e+00 -3.628706e-01 7.366198e+00
      vertex   -4.996703e+00 -1.815550e-01 7.366198e+00
    endloop
  endfacet
  facet normal -9.998351e-01 -1.815850e-02 0.000000e+00
    outer loop
      vertex   -4.996703e+00 -1.815550e-01 4.183099e+00
      vertex   -4.996703e+00 -1.815550e-01 7.366198e+00
      vertex   -5.000000e+00 6.123234e-16 4.183099e+00
    endloop
  endfacet
  facet normal -9.998351e-01 -1.815850e-02 0.000000e+00
    outer loop
      vertex   -5.000000e+00 6.123234e-16 4.183099e+00
      vertex   -4.996703e+00 -1.815550e-01 7.366198e+00
      vertex   -5.000000e+00 6.123234e-16 7.366198e+00
    endloop
  endfacet
  facet normal -9.998351e-01 1.815850e-02 6.986194e-18
    outer loop
      vertex   -5.000000e+00 6.123234e-16 7.366198e+00
      vertex   -5.000000e+00 -6.123234e-16 1.054930e+01
      vertex   -4.996703e+00 1.815550e-01 7.366198e+00
    endloop
  endfacet
  facet normal -9.998351e-01 1.815850e-02 0.000000e+00
    outer loop
      vertex   -4.996703e+00 1.815550e-01 7.366198e+00
      vertex   -5.000000e+00 -6.123234e-16 1.054930e+01
      vertex   -4.996703e+00 1.815550e-01 1.054930e+01
    endloop
  endfacet
  facet normal -9.985164e-01 5.445154e-02 0.000000e+00
    outer loop
      vertex   -4.996703e+00 1.815550e-01 7.366198e+00
      vertex   -4.996703e+00 1.815550e-01 1.054930e+01
      vertex   -4.986815e+00 3.628706e-01 7.366198e+00
    endloop
  endfacet
  facet normal -9.985164e-01 5.445154e-02 0.000000e+00
    outer loop
      vertex   -4.986815e+00 3.628706e-01 7.366198e+00
      vertex   -4.996703e+00 1.815550e-01 1.054930e+01
      vertex   -4.986815e+00 3.628706e-01 1.054930e+01
    endloop
  endfacet
  facet normal -9.958807e-01 9.067277e-02 0.000000e+00
    outer loop
      vertex   -4.986815e+00 3.628706e-01 7.366198e+00
      vertex   -4.986815e+00 3.628706e-01 1.054930e+01
      vertex   -4.970350e+00 5.437076e-01 7.366198e+00
    endloop
  endfacet
  facet normal -9.958807e-01 9.067277e-02 0.000000e+00
    outer loop
      vertex   -4.970350e+00 5.437076e-01 7.366198e+00
      vertex   -4.986815e+00 3.628706e-01 1.054930e+01
      vertex   -4.970350e+00 5.437076e-01 1.054930e+01
    endloop
  endfacet
  facet normal -9.919316e-01 1.267744e-01 0.000000e+00
    outer loop
      vertex   -4.970350e+00 5.437076e-01 7.366198e+00
      vertex   -4.970350e+00 5.437076e-01 1.054930e+01
      vertex   -4.947330e+00 7.238274e-01 7.366198e+00
    endloop
  endfacet
  facet normal -9.919316e-01 1.267744e-01 0.000000e+00
    outer loop
      vertex   -4.947330e+00 7.238274e-01 7.366198e+00
      vertex   -4.970350e+00 5.437076e-01 1.054930e+01
      vertex   -4.947330e+00 7.238274e-01 1.054930e+01
    endloop
  endfacet
  facet normal -9.866741e-01 1.627088e-01 0.000000e+00
    outer loop
      vertex   -4.947330e+00 7.238274e-01 7.366198e+00
      vertex   -4.947330e+00 7.238274e-01 1.054930e+01
      vertex   -4.917784e+00 9.029926e-01 7.366198e+00
    endloop
  endfacet
  facet normal -9.866741e-01 1.627088e-01 0.000000e+00
    outer loop
      vertex   -4.917784e+00 9.029926e-01 7.366198e+00
      vertex   -4.947330e+00 7.238274e-01 1.054930e+01
      vertex   -4.917784e+00 9.029926e-01 1.054930e+01
    endloop
  endfacet
  facet normal -9.801153e-01 1.984287e-01 0.000000e+00
    outer loop
      vertex   -4.917784e+00 9.029926e-01 7.366198e+00
      vertex   -4.917784e+00 9.029926e-01 1.054930e+01
      vertex   -4.881753e+00 1.080967e+00 7.366198e+00
    endloop
  endfacet
  facet normal -9.801153e-01 1.984287e-01 0.000000e+00
    outer loop
      vertex   -4.881753e+00 1.080967e+00 7.366198e+00
      vertex   -4.917784e+00 9.029926e-01 1.054930e+01
      vertex   -4.881753e+00 1.080967e+00 1.054930e+01
    endloop
  endfacet
  facet normal -9.722638e-01 2.338868e-01 0.000000e+00
    outer loop
      vertex   -4.881753e+00 1.080967e+00 7.366198e+00
      vertex   -4.881753e+00 1.080967e+00 1.054930e+01
      vertex   -4.839283e+00 1.257515e+00 7.366198e+00
    endloop
  endfacet
  facet normal -9.722638e-01 2.338868e-01 0.000000e+00
    outer loop
      vertex   -4.839283e+00 1.257515e+00 7.366198e+00
      vertex   -4.881753e+00 1.080967e+00 1.054930e+01
      vertex   -4.839283e+00 1.257515e+00 1.054930e+01
    endloop
  endfacet
  facet normal -9.631300e-01 2.690364e-01 0.000000e+00
    outer loop
      vertex   -4.839283e+00 1.257515e+00 7.366198e+00
      vertex   -4.839283e+00 1.257515e+00 1.054930e+01
      vertex   -4.790430e+00 1.432405e+00 7.366198e+00
    endloop
  endfacet
  facet normal -9.631300e-01 2.690364e-01 0.000000e+00
    outer loop
      vertex   -4.790430e+00 1.432405e+00 7.366198e+00
      vertex   -4.839283e+00 1.257515e+00 1.054930e+01
      vertex   -4.790430e+00 1.432405e+00 1.054930e+01
    endloop
  endfacet
  facet normal -9.527259e-01 3.038312e-01 0.000000e+00
    outer loop
      vertex   -4.790430e+00 1.432405e+00 7.366198e+00
      vertex   -4.790430e+00 1.432405e+00 1.054930e+01
      vertex   -4.735258e+00 1.605406e+00 7.366198e+00
    endloop
  endfacet
  facet normal -9.527259e-01 3.038312e-01 0.000000e+00
    outer loop
      vertex   -4.735258e+00 1.605406e+00 7.366198e+00
      vertex   -4.790430e+00 1.432405e+00 1.054930e+01
      vertex   -4.735258e+00 1.605406e+00 1.054930e+01
    endloop
  endfacet
  facet normal -9.410652e-01 3.382253e-01 0.000000e+00
    outer loop
      vertex   -4.735258e+00 1.605406e+00 7.366198e+00
      vertex   -4.735258e+00 1.605406e+00 1.054930e+01
      vertex   -4.673842e+00 1.776289e+00 7.366198e+00
    endloop
  endfacet
  facet normal -9.410652e-01 3.382253e-01 0.000000e+00
    outer loop
      vertex   -4.673842e+00 1.776289e+00 7.366198e+00
      vertex   -4.735258e+00 1.605406e+00 1.054930e+01
      vertex   -4.673842e+00 1.776289e+00 1.054930e+01
    endloop
  endfacet
  facet normal -9.281633e-01 3.721733e-01 0.000000e+00
    outer loop
      vertex   -4.673842e+00 1.776289e+00 7.366198e+00
      vertex   -4.673842e+00 1.776289e+00 1.054930e+01
      vertex   -4.606261e+00 1.944830e+00 7.366198e+00
    endloop
  endfacet
  facet normal -9.281633e-01 3.721733e-01 0.000000e+00
    outer loop
      vertex   -4.606261e+00 1.944830e+00 7.366198e+00
      vertex   -4.673842e+00 1.776289e+00 1.054930e+01
      vertex   -4.606261e+00 1.944830e+00 1.054930e+01
    endloop
  endfacet
  facet normal -9.140372e-01 4.056304e-01 0.000000e+00
    outer loop
      vertex   -4.606261e+00 1.944830e+00 7.366198e+00
      vertex   -4.606261e+00 1.944830e+00 1.054930e+01
      vertex   -4.532604e+00 2.110805e+00 7.366198e+00
    endloop
  endfacet
  facet normal -9.140372e-01 4.056304e-01 0.000000e+00
    outer loop
      vertex   -4.532604e+00 2.110805e+00 7.366198e+00
      vertex   -4.606261e+00 1.944830e+00 1.054930e+01
      vertex   -4.532604e+00 2.110805e+00 1.054930e+01
    endloop
  endfacet
  facet normal -8.987056e-01 4.385525e-01 0.000000e+00
    outer loop
      vertex   -4.532604e+00 2.110805e+00 7.366198e+00
      vertex   -4.532604e+00 2.110805e+00 1.054930e+01
      vertex   -4.452970e+00 2.273997e+00 7.366198e+00
    endloop
  endfacet
  facet normal -8.987056e-01 4.385525e-01 0.000000e+00
    outer loop
      vertex   -4.452970e+00 2.273997e+00 7.366198e+00
      vertex   -4.532604e+00 2.110805e+00 1.054930e+01
      vertex   -4.452970e+00 2.273997e+00 1.054930e+01
    endloop
  endfacet
  facet normal -8.821886e-01 4.708962e-01 0.000000e+00
    outer loop
      vertex   -4.452970e+00 2.273997e+00 7.366198e+00
      vertex   -4.452970e+00 2.273997e+00 1.054930e+01
      vertex   -4.367462e+00 2.434189e+00 7.366198e+00
    endloop
  endfacet
  facet normal -8.821886e-01 4.708962e-01 0.000000e+00
    outer loop
      vertex   -4.367462e+00 2.434189e+00 7.366198e+00
      vertex   -4.452970e+00 2.273997e+00 1.054930e+01
      vertex   -4.367462e+00 2.434189e+00 1.054930e+01
    endloop
  endfacet
  facet normal -8.645081e-01 5.026188e-01 0.000000e+00
    outer loop
      vertex   -4.367462e+00 2.434189e+00 7.366198e+00
      vertex   -4.367462e+00 2.434189e+00 1.054930e+01
      vertex   -4.276194e+00 2.591171e+00 7.366198e+00
    endloop
  endfacet
  facet normal -8.645081e-01 5.026188e-01 0.000000e+00
    outer loop
      vertex   -4.276194e+00 2.591171e+00 7.366198e+00
      vertex   -4.367462e+00 2.434189e+00 1.054930e+01
      vertex   -4.276194e+00 2.591171e+00 1.054930e+01
    endloop
  endfacet
  facet normal -8.456874e-01 5.336785e-01 0.000000e+00
    outer loop
      vertex   -4.276194e+00 2.591171e+00 7.366198e+00
      vertex   -4.276194e+00 2.591171e+00 1.054930e+01
      vertex   -4.179286e+00 2.744735e+00 7.366198e+00
    endloop
  endfacet
  facet normal -8.456874e-01 5.336785e-01 0.000000e+00
    outer loop
      vertex   -4.179286e+00 2.744735e+00 7.366198e+00
      vertex   -4.276194e+00 2.591171e+00 1.054930e+01
      vertex   -4.179286e+00 2.744735e+00 1.054930e+01
    endloop
  endfacet
  facet normal -8.257513e-01 5.640343e-01 0.000000e+00
    outer loop
      vertex   -4.179286e+00 2.744735e+00 7.366198e+00
      vertex   -4.179286e+00 2.744735e+00 1.054930e+01
      vertex   -4.076866e+00 2.894679e+00 7.366198e+00
    endloop
  endfacet
  facet normal -8.257513e-01 5.640343e-01 0.000000e+00
    outer loop
      vertex   -4.076866e+00 2.894679e+00 7.366198e+00
      vertex   -4.179286e+00 2.744735e+00 1.054930e+01
      vertex   -4.076866e+00 2.894679e+00 1.054930e+01
    endloop
  endfacet
  facet normal -8.047261e-01 5.936462e-01 0.000000e+00
    outer loop
      vertex   -4.076866e+00 2.894679e+00 7.366198e+00
      vertex   -4.076866e+00 2.894679e+00 1.054930e+01
      vertex   -3.969069e+00 3.040805e+00 7.366198e+00
    endloop
  endfacet
  facet normal -8.047261e-01 5.936462e-01 0.000000e+00
    outer loop
      vertex   -3.969069e+00 3.040805e+00 7.366198e+00
      vertex   -4.076866e+00 2.894679e+00 1.054930e+01
      vertex   -3.969069e+00 3.040805e+00 1.054930e+01
    endloop
  endfacet
  facet normal -7.826396e-01 6.224752e-01 0.000000e+00
    outer loop
      vertex   -3.969069e+00 3.040805e+00 7.366198e+00
      vertex   -3.969069e+00 3.040805e+00 1.054930e+01
      vertex   -3.856037e+00 3.182920e+00 7.366198e+00
    endloop
  endfacet
  facet normal -7.826396e-01 6.224752e-01 0.000000e+00
    outer loop
      vertex   -3.856037e+00 3.182920e+00 7.366198e+00
      vertex   -3.969069e+00 3.040805e+00 1.054930e+01
      vertex   -3.856037e+00 3.182920e+00 1.054930e+01
    endloop
  endfacet
  facet normal -7.595207e-01 6.504831e-01 0.000000e+00
    outer loop
      vertex   -3.856037e+00 3.182920e+00 7.366198e+00
      vertex   -3.856037e+00 3.182920e+00 1.054930e+01
      vertex   -3.737919e+00 3.320838e+00 7.366198e+00
    endloop
  endfacet
  facet normal -7.595207e-01 6.504831e-01 0.000000e+00
    outer loop
      vertex   -3.737919e+00 3.320838e+00 7.366198e+00
      vertex   -3.856037e+00 3.182920e+00 1.054930e+01
      vertex   -3.737919e+00 3.320838e+00 1.054930e+01
    endloop
  endfacet
  facet normal -7.354002e-01 6.776331e-01 0.000000e+00
    outer loop
      vertex   -3.737919e+00 3.320838e+00 7.366198e+00
      vertex   -3.737919e+00 3.320838e+00 1.054930e+01
      vertex   -3.614871e+00 3.454376e+00 7.366198e+00
    endloop
  endfacet
  facet normal -7.354002e-01 6.776331e-01 0.000000e+00
    outer loop
      vertex   -3.614871e+00 3.454376e+00 7.366198e+00
      vertex   -3.737919e+00 3.320838e+00 1.054930e+01
      vertex   -3.614871e+00 3.454376e+00 1.054930e+01
    endloop
  endfacet
  facet normal -7.103097e-01 7.038893e-01 0.000000e+00
    outer loop
      vertex   -3.614871e+00 3.454376e+00 7.366198e+00
      vertex   -3.614871e+00 3.454376e+00 1.054930e+01
      vertex   -3.487055e+00 3.583357e+00 7.366198e+00
    endloop
  endfacet
  facet normal -7.103097e-01 7.038893e-01 0.000000e+00
    outer loop
      vertex   -3.487055e+00 3.583357e+00 7.366198e+00
      vertex   -3.614871e+00 3.454376e+00 1.054930e+01
      vertex   -3.487055e+00 3.583357e+00 1.054930e+01
    endloop
  endfacet
  facet normal -6.842823e-01 7.292172e-01 0.000000e+00
    outer loop
      vertex   -3.487055e+00 3.583357e+00 7.366198e+00
      vertex   -3.487055e+00 3.583357e+00 1.054930e+01
      vertex   -3.354640e+00 3.707613e+00 7.366198e+00
    endloop
  endfacet
  facet normal -6.842823e-01 7.292172e-01 0.000000e+00
    outer loop
      vertex   -3.354640e+00 3.707613e+00 7.366198e+00
      vertex   -3.487055e+00 3.583357e+00 1.054930e+01
      vertex   -3.354640e+00 3.707613e+00 1.054930e+01
    endloop
  endfacet
  facet normal -6.573524e-01 7.535833e-01 0.000000e+00
    outer loop
      vertex   -3.354640e+00 3.707613e+00 7.366198e+00
      vertex   -3.354640e+00 3.707613e+00 1.054930e+01
      vertex   -3.217801e+00 3.826978e+00 7.366198e+00
    endloop
  endfacet
  facet normal -6.573524e-01 7.535833e-01 0.000000e+00
    outer loop
      vertex   -3.217801e+00 3.826978e+00 7.366198e+00
      vertex   -3.354640e+00 3.707613e+00 1.054930e+01
      vertex   -3.217801e+00 3.826978e+00 1.054930e+01
    endloop
  endfacet
  facet normal -6.295556e-01 7.769555e-01 0.000000e+00
    outer loop
      vertex   -3.217801e+00 3.826978e+00 7.366198e+00
      vertex   -3.217801e+00 3.826978e+00 1.054930e+01
      vertex   -3.076717e+00 3.941296e+00 7.366198e+00
    endloop
  endfacet
  facet normal -6.295556e-01 7.769555e-01 0.000000e+00
    outer loop
      vertex   -3.076717e+00 3.941296e+00 7.366198e+00
      vertex   -3.217801e+00 3.826978e+00 1.054930e+01
      vertex   -3.076717e+00 3.941296e+00 1.054930e+01
    endloop
  endfacet
  facet normal -6.009284e-01 7.993029e-01 0.000000e+00
    outer loop
      vertex   -3.076717e+00 3.941296e+00 7.366198e+00
      vertex   -3.076717e+00 3.941296e+00 1.054930e+01
      vertex   -2.931576e+00 4.050415e+00 7.366198e+00
    endloop
  endfacet
  facet normal -6.009284e-01 7.993029e-01 0.000000e+00
    outer loop
      vertex   -2.931576e+00 4.050415e+00 7.366198e+00
      vertex   -3.076717e+00 3.941296e+00 1.054930e+01
      vertex   -2.931576e+00 4.050415e+00 1.054930e+01
    endloop
  endfacet
  facet normal -5.715086e-01 8.205961e-01 0.000000e+00
    outer loop
      vertex   -2.931576e+00 4.050415e+00 7.366198e+00
      vertex   -2.931576e+00 4.050415e+00 1.054930e+01
      vertex   -2.782568e+00 4.154193e+00 7.366198e+00
    endloop
  endfacet
  facet normal -5.715086e-01 8.205961e-01 0.000000e+00
    outer loop
      vertex   -2.782568e+00 4.154193e+00 7.366198e+00
      vertex   -2.931576e+00 4.050415e+00 1.054930e+01
      vertex   -2.782568e+00 4.154193e+00 1.054930e+01
    endloop
  endfacet
  facet normal -5.413350e-01 8.408070e-01 0.000000e+00
    outer loop
      vertex   -2.782568e+00 4.154193e+00 7.366198e+00
      vertex   -2.782568e+00 4.154193e+00 1.054930e+01
      vertex   -2.629890e+00 4.252491e+00 7.366198e+00
    endloop
  endfacet
  facet normal -5.413350e-01 8.408070e-01 0.000000e+00
    outer loop
      vertex   -2.629890e+00 4.252491e+00 7.366198e+00
      vertex   -2.782568e+00 4.154193e+00 1.054930e+01
      vertex   -2.629890e+00 4.252491e+00 1.054930e+01
    endloop
  endfacet
  facet normal -5.104475e-01 8.599089e-01 0.000000e+00
    outer loop
      vertex   -2.629890e+00 4.252491e+00 7.366198e+00
      vertex   -2.629890e+00 4.252491e+00 1.054930e+01
      vertex   -2.473743e+00 4.345181e+00 7.366198e+00
    endloop
  endfacet
  facet normal -5.104475e-01 8.599089e-01 0.000000e+00
    outer loop
      vertex   -2.473743e+00 4.345181e+00 7.366198e+00
      vertex   -2.629890e+00 4.252491e+00 1.054930e+01
      vertex   -2.473743e+00 4.345181e+00 1.054930e+01
    endloop
  endfacet
  facet normal -4.788867e-01 8.778767e-01 0.000000e+00
    outer loop
      vertex   -2.473743e+00 4.345181e+00 7.366198e+00
      vertex   -2.473743e+00 4.345181e+00 1.054930e+01
      vertex   -2.314334e+00 4.432139e+00 7.366198e+00
    endloop
  endfacet
  facet normal -4.788867e-01 8.778767e-01 0.000000e+00
    outer loop
      vertex   -2.314334e+00 4.432139e+00 7.366198e+00
      vertex   -2.473743e+00 4.345181e+00 1.054930e+01
      vertex   -2.314334e+00 4.432139e+00 1.054930e+01
    endloop
  endfacet
  facet normal -4.466943e-01 8.946866e-01 0.000000e+00
    outer loop
      vertex   -2.314334e+00 4.432139e+00 7.366198e+00
      vertex   -2.314334e+00 4.432139e+00 1.054930e+01
      vertex   -2.151873e+00 4.513252e+00 7.366198e+00
    endloop
  endfacet
  facet normal -4.466943e-01 8.946866e-01 0.000000e+00
    outer loop
      vertex   -2.151873e+00 4.513252e+00 7.366198e+00
      vertex   -2.314334e+00 4.432139e+00 1.054930e+01
      vertex   -2.151873e+00 4.513252e+00 1.054930e+01
    endloop
  endfacet
  facet normal -4.139128e-01 9.103165e-01 0.000000e+00
    outer loop
      vertex   -2.151873e+00 4.513252e+00 7.366198e+00
      vertex   -2.151873e+00 4.513252e+00 1.054930e+01
      vertex   -1.986573e+00 4.588412e+00 7.366198e+00
    endloop
  endfacet
  facet normal -4.139128e-01 9.103165e-01 0.000000e+00
    outer loop
      vertex   -1.986573e+00 4.588412e+00 7.366198e+00
      vertex   -2.151873e+00 4.513252e+00 1.054930e+01
      vertex   -1.986573e+00 4.588412e+00 1.054930e+01
    endloop
  endfacet
  facet normal -3.805853e-01 9.247458e-01 0.000000e+00
    outer loop
      vertex   -1.986573e+00 4.588412e+00 7.366198e+00
      vertex   -1.986573e+00 4.588412e+00 1.054930e+01
      vertex   -1.818653e+00 4.657521e+00 7.366198e+00
    endloop
  endfacet
  facet normal -3.805853e-01 9.247458e-01 0.000000e+00
    outer loop
      vertex   -1.818653e+00 4.657521e+00 7.366198e+00
      vertex   -1.986573e+00 4.588412e+00 1.054930e+01
      vertex   -1.818653e+00 4.657521e+00 1.054930e+01
    endloop
  endfacet
  facet normal -3.467559e-01 9.379554e-01 0.000000e+00
    outer loop
      vertex   -1.818653e+00 4.657521e+00 7.366198e+00
      vertex   -1.818653e+00 4.657521e+00 1.054930e+01
      vertex   -1.648334e+00 4.720487e+00 7.366198e+00
    endloop
  endfacet
  facet normal -3.467559e-01 9.379554e-01 0.000000e+00
    outer loop
      vertex   -1.648334e+00 4.720487e+00 7.366198e+00
      vertex   -1.818653e+00 4.657521e+00 1.054930e+01
      vertex   -1.648334e+00 4.720487e+00 1.054930e+01
    endloop
  endfacet
  facet normal -3.124691e-01 9.499279e-01 0.000000e+00
    outer loop
      vertex   -1.648334e+00 4.720487e+00 7.366198e+00
      vertex   -1.648334e+00 4.720487e+00 1.054930e+01
      vertex   -1.475842e+00 4.777226e+00 7.366198e+00
    endloop
  endfacet
  facet normal -3.124691e-01 9.499279e-01 0.000000e+00
    outer loop
      vertex   -1.475842e+00 4.777226e+00 7.366198e+00
      vertex   -1.648334e+00 4.720487e+00 1.054930e+01
      vertex   -1.475842e+00 4.777226e+00 1.054930e+01
    endloop
  endfacet
  facet normal -2.777702e-01 9.606476e-01 0.000000e+00
    outer loop
      vertex   -1.475842e+00 4.777226e+00 7.366198e+00
      vertex   -1.475842e+00 4.777226e+00 1.054930e+01
      vertex   -1.301402e+00 4.827665e+00 7.366198e+00
    endloop
  endfacet
  facet normal -2.777702e-01 9.606476e-01 0.000000e+00
    outer loop
      vertex   -1.301402e+00 4.827665e+00 7.366198e+00
      vertex   -1.475842e+00 4.777226e+00 1.054930e+01
      vertex   -1.301402e+00 4.827665e+00 1.054930e+01
    endloop
  endfacet
  facet normal -2.427049e-01 9.701002e-01 0.000000e+00
    outer loop
      vertex   -1.301402e+00 4.827665e+00 7.366198e+00
      vertex   -1.301402e+00 4.827665e+00 1.054930e+01
      vertex   -1.125247e+00 4.871737e+00 7.366198e+00
    endloop
  endfacet
  facet normal -2.427049e-01 9.701002e-01 0.000000e+00
    outer loop
      vertex   -1.125247e+00 4.871737e+00 7.366198e+00
      vertex   -1.301402e+00 4.827665e+00 1.054930e+01
      vertex   -1.125247e+00 4.871737e+00 1.054930e+01
    endloop
  endfacet
  facet normal -2.073196e-01 9.782733e-01 0.000000e+00
    outer loop
      vertex   -1.125247e+00 4.871737e+00 7.366198e+00
      vertex   -1.125247e+00 4.871737e+00 1.054930e+01
      vertex   -9.476070e-01 4.909383e+00 7.366198e+00
    endloop
  endfacet
  facet normal -2.073196e-01 9.782733e-01 0.000000e+00
    outer loop
      vertex   -9.476070e-01 4.909383e+00 7.366198e+00
      vertex   -1.125247e+00 4.871737e+00 1.054930e+01
      vertex   -9.476070e-01 4.909383e+00 1.054930e+01
    endloop
  endfacet
  facet normal -1.716608e-01 9.851561e-01 0.000000e+00
    outer loop
      vertex   -9.476070e-01 4.909383e+00 7.366198e+00
      vertex   -9.476070e-01 4.909383e+00 1.054930e+01
      vertex   -7.687175e-01 4.940554e+00 7.366198e+00
    endloop
  endfacet
  facet normal -1.716608e-01 9.851561e-01 0.000000e+00
    outer loop
      vertex   -7.687175e-01 4.940554e+00 7.366198e+00
      vertex   -9.476070e-01 4.909383e+00 1.054930e+01
      vertex   -7.687175e-01 4.940554e+00 1.054930e+01
    endloop
  endfacet
  facet normal -1.357755e-01 9.907396e-01 0.000000e+00
    outer loop
      vertex   -7.687175e-01 4.940554e+00 7.366198e+00
      vertex   -7.687175e-01 4.940554e+00 1.054930e+01
      vertex   -5.888141e-01 4.965209e+00 7.366198e+00
    endloop
  endfacet
  facet normal -1.357755e-01 9.907396e-01 0.000000e+00
    outer loop
      vertex   -5.888141e-01 4.965209e+00 7.366198e+00
      vertex   -7.687175e-01 4.940554e+00 1.054930e+01
      vertex   -5.888141e-01 4.965209e+00 1.054930e+01
    endloop
  endfacet
  facet normal -9.971125e-02 9.950164e-01 0.000000e+00
    outer loop
      vertex   -5.888141e-01 4.965209e+00 7.366198e+00
      vertex   -5.888141e-01 4.965209e+00 1.054930e+01
      vertex   -4.081340e-01 4.983315e+00 7.366198e+00
    endloop
  endfacet
  facet normal -9.971125e-02 9.950164e-01 0.000000e+00
    outer loop
      vertex   -4.081340e-01 4.983315e+00 7.366198e+00
      vertex   -5.888141e-01 4.965209e+00 1.054930e+01
      vertex   -4.081340e-01 4.983315e+00 1.054930e+01
    endloop
  endfacet
  facet normal -6.351545e-02 9.979809e-01 0.000000e+00
    outer loop
      vertex   -4.081340e-01 4.983315e+00 7.366198e+00
      vertex   -4.081340e-01 4.983315e+00 1.054930e+01
      vertex   -2.269157e-01 4.994848e+00 7.366198e+00
    endloop
  endfacet
  facet normal -6.351545e-02 9.979809e-01 0.000000e+00
    outer loop
      vertex   -2.269157e-01 4.994848e+00 7.366198e+00
      vertex   -4.081340e-01 4.983315e+00 1.054930e+01
      vertex   -2.269157e-01 4.994848e+00 1.054930e+01
    endloop
  endfacet
  facet normal -2.723587e-02 9.996290e-01 0.000000e+00
    outer loop
      vertex   -2.269157e-01 4.994848e+00 7.366198e+00
      vertex   -2.269157e-01 4.994848e+00 1.054930e+01
      vertex   -4.539811e-02 4.999794e+00 7.366198e+00
    endloop
  endfacet
  facet normal -2.723587e-02 9.996290e-01 0.000000e+00
    outer loop
      vertex   -4.539811e-02 4.999794e+00 7.366198e+00
      vertex   -2.269157e-01 4.994848e+00 1.054930e+01
      vertex   -4.539811e-02 4.999794e+00 1.054930e+01
    endloop
  endfacet
  facet normal 9.079623e-03 9.999588e-01 -0.000000e+00
    outer loop
      vertex   -4.539811e-02 4.999794e+00 7.366198e+00
      vertex   -4.539811e-02 4.999794e+00 1.054930e+01
      vertex   1.361794e-01 4.998145e+00 7.366198e+00
    endloop
  endfacet
  facet normal 9.079623e-03 9.999588e-01 -0.000000e+00
    outer loop
      vertex   1.361794e-01 4.998145e+00 7.366198e+00
      vertex   -4.539811e-02 4.999794e+00 1.054930e+01
      vertex   1.361794e-01 4.998145e+00 1.054930e+01
    endloop
  endfacet
  facet normal 4.538314e-02 9.989697e-01 -0.000000e+00
    outer loop
      vertex   1.361794e-01 4.998145e+00 7.366198e+00
      vertex   1.361794e-01 4.998145e+00 1.054930e+01
      vertex   3.175772e-01 4.989904e+00 7.366198e+00
    endloop
  endfacet
  facet normal 4.538314e-02 9.989697e-01 -0.000000e+00
    outer loop
      vertex   3.175772e-01 4.989904e+00 7.366198e+00
      vertex   1.361794e-01 4.998145e+00 1.054930e+01
      vertex   3.175772e-01 4.989904e+00 1.054930e+01
    endloop
  endfacet
  facet normal 8.162681e-02 9.966630e-01 -0.000000e+00
    outer loop
      vertex   3.175772e-01 4.989904e+00 7.366198e+00
      vertex   3.175772e-01 4.989904e+00 1.054930e+01
      vertex   4.985563e-01 4.975082e+00 7.366198e+00
    endloop
  endfacet
  facet normal 8.162681e-02 9.966630e-01 -0.000000e+00
    outer loop
      vertex   4.985563e-01 4.975082e+00 7.366198e+00
      vertex   3.175772e-01 4.989904e+00 1.054930e+01
      vertex   4.985563e-01 4.975082e+00 1.054930e+01
    endloop
  endfacet
  facet normal 1.177628e-01 9.930418e-01 -0.000000e+00
    outer loop
      vertex   4.985563e-01 4.975082e+00 7.366198e+00
      vertex   4.985563e-01 4.975082e+00 1.054930e+01
      vertex   6.788777e-01 4.953698e+00 7.366198e+00
    endloop
  endfacet
  facet normal 1.177628e-01 9.930418e-01 -0.000000e+00
    outer loop
      vertex   6.788777e-01 4.953698e+00 7.366198e+00
      vertex   4.985563e-01 4.975082e+00 1.054930e+01
      vertex   6.788777e-01 4.953698e+00 1.054930e+01
    endloop
  endfacet
  facet normal 1.537435e-01 9.881108e-01 -0.000000e+00
    outer loop
      vertex   6.788777e-01 4.953698e+00 7.366198e+00
      vertex   6.788777e-01 4.953698e+00 1.054930e+01
      vertex   8.583038e-01 4.925781e+00 7.366198e+00
    endloop
  endfacet
  facet normal 1.537435e-01 9.881108e-01 -0.000000e+00
    outer loop
      vertex   8.583038e-01 4.925781e+00 7.366198e+00
      vertex   6.788777e-01 4.953698e+00 1.054930e+01
      vertex   8.583038e-01 4.925781e+00 1.054930e+01
    endloop
  endfacet
  facet normal 1.895214e-01 9.818766e-01 -0.000000e+00
    outer loop
      vertex   8.583038e-01 4.925781e+00 7.366198e+00
      vertex   8.583038e-01 4.925781e+00 1.054930e+01
      vertex   1.036598e+00 4.891366e+00 7.366198e+00
    endloop
  endfacet
  facet normal 1.895214e-01 9.818766e-01 -0.000000e+00
    outer loop
      vertex   1.036598e+00 4.891366e+00 7.366198e+00
      vertex   8.583038e-01 4.925781e+00 1.054930e+01
      vertex   1.036598e+00 4.891366e+00 1.054930e+01
    endloop
  endfacet
  facet normal 2.250494e-01 9.743474e-01 -0.000000e+00
    outer loop
      vertex   1.036598e+00 4.891366e+00 7.366198e+00
      vertex   1.036598e+00 4.891366e+00 1.054930e+01
      vertex   1.213525e+00 4.850501e+00 7.366198e+00
    endloop
  endfacet
  facet normal 2.250494e-01 9.743474e-01 -0.000000e+00
    outer loop
      vertex   1.213525e+00 4.850501e+00 7.366198e+00
      vertex   1.036598e+00 4.891366e+00 1.054930e+01
      vertex   1.213525e+00 4.850501e+00 1.054930e+01
    endloop
  endfacet
  facet normal 2.602805e-01 9.655331e-01 -0.000000e+00
    outer loop
      vertex   1.213525e+00 4.850501e+00 7.366198e+00
      vertex   1.213525e+00 4.850501e+00 1.054930e+01
      vertex   1.388851e+00 4.803238e+00 7.366198e+00
    endloop
  endfacet
  facet normal 2.602805e-01 9.655331e-01 -0.000000e+00
    outer loop
      vertex   1.388851e+00 4.803238e+00 7.366198e+00
      vertex   1.213525e+00 4.850501e+00 1.054930e+01
      vertex   1.388851e+00 4.803238e+00 1.054930e+01
    endloop
  endfacet
  facet normal 2.951683e-01 9.554453e-01 -0.000000e+00
    outer loop
      vertex   1.388851e+00 4.803238e+00 7.366198e+00
      vertex   1.388851e+00 4.803238e+00 1.054930e+01
      vertex   1.562345e+00 4.749640e+00 7.366198e+00
    endloop
  endfacet
  facet normal 2.951683e-01 9.554453e-01 -0.000000e+00
    outer loop
      vertex   1.562345e+00 4.749640e+00 7.366198e+00
      vertex   1.388851e+00 4.803238e+00 1.054930e+01
      vertex   1.562345e+00 4.749640e+00 1.054930e+01
    endloop
  endfacet
  facet normal 3.296668e-01 9.440973e-01 -0.000000e+00
    outer loop
      vertex   1.562345e+00 4.749640e+00 7.366198e+00
      vertex   1.562345e+00 4.749640e+00 1.054930e+01
      vertex   1.733779e+00 4.689777e+00 7.366198e+00
    endloop
  endfacet
  facet normal 3.296668e-01 9.440973e-01 -0.000000e+00
    outer loop
      vertex   1.733779e+00 4.689777e+00 7.366198e+00
      vertex   1.562345e+00 4.749640e+00 1.054930e+01
      vertex   1.733779e+00 4.689777e+00 1.054930e+01
    endloop
  endfacet
  facet normal 3.637306e-01 9.315042e-01 -0.000000e+00
    outer loop
      vertex   1.733779e+00 4.689777e+00 7.366198e+00
      vertex   1.733779e+00 4.689777e+00 1.054930e+01
      vertex   1.902927e+00 4.623729e+00 7.366198e+00
    endloop
  endfacet
  facet normal 3.637306e-01 9.315042e-01 -0.000000e+00
    outer loop
      vertex   1.902927e+00 4.623729e+00 7.366198e+00
      vertex   1.733779e+00 4.689777e+00 1.054930e+01
      vertex   1.902927e+00 4.623729e+00 1.054930e+01
    endloop
  endfacet
  facet normal 3.973145e-01 9.176825e-01 -0.000000e+00
    outer loop
      vertex   1.902927e+00 4.623729e+00 7.366198e+00
      vertex   1.902927e+00 4.623729e+00 1.054930e+01
      vertex   2.069564e+00 4.551583e+00 7.366198e+00
    endloop
  endfacet
  facet normal 3.973145e-01 9.176825e-01 -0.000000e+00
    outer loop
      vertex   2.069564e+00 4.551583e+00 7.366198e+00
      vertex   1.902927e+00 4.623729e+00 1.054930e+01
      vertex   2.069564e+00 4.551583e+00 1.054930e+01
    endloop
  endfacet
  facet normal 4.303745e-01 9.026504e-01 -0.000000e+00
    outer loop
      vertex   2.069564e+00 4.551583e+00 7.366198e+00
      vertex   2.069564e+00 4.551583e+00 1.054930e+01
      vertex   2.233472e+00 4.473433e+00 7.366198e+00
    endloop
  endfacet
  facet normal 4.303745e-01 9.026504e-01 -0.000000e+00
    outer loop
      vertex   2.233472e+00 4.473433e+00 7.366198e+00
      vertex   2.069564e+00 4.551583e+00 1.054930e+01
      vertex   2.233472e+00 4.473433e+00 1.054930e+01
    endloop
  endfacet
  facet normal 4.628668e-01 8.864278e-01 -0.000000e+00
    outer loop
      vertex   2.233472e+00 4.473433e+00 7.366198e+00
      vertex   2.233472e+00 4.473433e+00 1.054930e+01
      vertex   2.394434e+00 4.389384e+00 7.366198e+00
    endloop
  endfacet
  facet normal 4.628668e-01 8.864278e-01 -0.000000e+00
    outer loop
      vertex   2.394434e+00 4.389384e+00 7.366198e+00
      vertex   2.233472e+00 4.473433e+00 1.054930e+01
      vertex   2.394434e+00 4.389384e+00 1.054930e+01
    endloop
  endfacet
  facet normal 4.947487e-01 8.690361e-01 -0.000000e+00
    outer loop
      vertex   2.394434e+00 4.389384e+00 7.366198e+00
      vertex   2.394434e+00 4.389384e+00 1.054930e+01
      vertex   2.552237e+00 4.299545e+00 7.366198e+00
    endloop
  endfacet
  facet normal 4.947487e-01 8.690361e-01 -0.000000e+00
    outer loop
      vertex   2.552237e+00 4.299545e+00 7.366198e+00
      vertex   2.394434e+00 4.389384e+00 1.054930e+01
      vertex   2.552237e+00 4.299545e+00 1.054930e+01
    endloop
  endfacet
  facet normal 5.259780e-01 8.504982e-01 -0.000000e+00
    outer loop
      vertex   2.552237e+00 4.299545e+00 7.366198e+00
      vertex   2.552237e+00 4.299545e+00 1.054930e+01
      vertex   2.706675e+00 4.204035e+00 7.366198e+00
    endloop
  endfacet
  facet normal 5.259780e-01 8.504982e-01 -0.000000e+00
    outer loop
      vertex   2.706675e+00 4.204035e+00 7.366198e+00
      vertex   2.552237e+00 4.299545e+00 1.054930e+01
      vertex   2.706675e+00 4.204035e+00 1.054930e+01
    endloop
  endfacet
  facet normal 5.565136e-01 8.308385e-01 -0.000000e+00
    outer loop
      vertex   2.706675e+00 4.204035e+00 7.366198e+00
      vertex   2.706675e+00 4.204035e+00 1.054930e+01
      vertex   2.857543e+00 4.102980e+00 7.366198e+00
    endloop
  endfacet
  facet normal 5.565136e-01 8.308385e-01 -0.000000e+00
    outer loop
      vertex   2.857543e+00 4.102980e+00 7.366198e+00
      vertex   2.706675e+00 4.204035e+00 1.054930e+01
      vertex   2.857543e+00 4.102980e+00 1.054930e+01
    endloop
  endfacet
  facet normal 5.863151e-01 8.100830e-01 -0.000000e+00
    outer loop
      vertex   2.857543e+00 4.102980e+00 7.366198e+00
      vertex   2.857543e+00 4.102980e+00 1.054930e+01
      vertex   3.004642e+00 3.996514e+00 7.366198e+00
    endloop
  endfacet
  facet normal 5.863151e-01 8.100830e-01 -0.000000e+00
    outer loop
      vertex   3.004642e+00 3.996514e+00 7.366198e+00
      vertex   2.857543e+00 4.102980e+00 1.054930e+01
      vertex   3.004642e+00 3.996514e+00 1.054930e+01
    endloop
  endfacet
  facet normal 6.153434e-01 7.882591e-01 -0.000000e+00
    outer loop
      vertex   3.004642e+00 3.996514e+00 7.366198e+00
      vertex   3.004642e+00 3.996514e+00 1.054930e+01
      vertex   3.147778e+00 3.884777e+00 7.366198e+00
    endloop
  endfacet
  facet normal 6.153434e-01 7.882591e-01 -0.000000e+00
    outer loop
      vertex   3.147778e+00 3.884777e+00 7.366198e+00
      vertex   3.004642e+00 3.996514e+00 1.054930e+01
      vertex   3.147778e+00 3.884777e+00 1.054930e+01
    endloop
  endfacet
  facet normal 6.435601e-01 7.653956e-01 -0.000000e+00
    outer loop
      vertex   3.147778e+00 3.884777e+00 7.366198e+00
      vertex   3.147778e+00 3.884777e+00 1.054930e+01
      vertex   3.286762e+00 3.767916e+00 7.366198e+00
    endloop
  endfacet
  facet normal 6.435601e-01 7.653956e-01 -0.000000e+00
    outer loop
      vertex   3.286762e+00 3.767916e+00 7.366198e+00
      vertex   3.147778e+00 3.884777e+00 1.054930e+01
      vertex   3.286762e+00 3.767916e+00 1.054930e+01
    endloop
  endfacet
  facet normal 6.709280e-01 7.415225e-01 -0.000000e+00
    outer loop
      vertex   3.286762e+00 3.767916e+00 7.366198e+00
      vertex   3.286762e+00 3.767916e+00 1.054930e+01
      vertex   3.421412e+00 3.646086e+00 7.366198e+00
    endloop
  endfacet
  facet normal 6.709280e-01 7.415225e-01 -0.000000e+00
    outer loop
      vertex   3.421412e+00 3.646086e+00 7.366198e+00
      vertex   3.286762e+00 3.767916e+00 1.054930e+01
      vertex   3.421412e+00 3.646086e+00 1.054930e+01
    endloop
  endfacet
  facet normal 6.974110e-01 7.166714e-01 -0.000000e+00
    outer loop
      vertex   3.421412e+00 3.646086e+00 7.366198e+00
      vertex   3.421412e+00 3.646086e+00 1.054930e+01
      vertex   3.551548e+00 3.519447e+00 7.366198e+00
    endloop
  endfacet
  facet normal 6.974110e-01 7.166714e-01 -0.000000e+00
    outer loop
      vertex   3.551548e+00 3.519447e+00 7.366198e+00
      vertex   3.421412e+00 3.646086e+00 1.054930e+01
      vertex   3.551548e+00 3.519447e+00 1.054930e+01
    endloop
  endfacet
  facet normal 7.229741e-01 6.908751e-01 -0.000000e+00
    outer loop
      vertex   3.551548e+00 3.519447e+00 7.366198e+00
      vertex   3.551548e+00 3.519447e+00 1.054930e+01
      vertex   3.677001e+00 3.388165e+00 7.366198e+00
    endloop
  endfacet
  facet normal 7.229741e-01 6.908751e-01 -0.000000e+00
    outer loop
      vertex   3.677001e+00 3.388165e+00 7.366198e+00
      vertex   3.551548e+00 3.519447e+00 1.054930e+01
      vertex   3.677001e+00 3.388165e+00 1.054930e+01
    endloop
  endfacet
  facet normal 7.475837e-01 6.641676e-01 -0.000000e+00
    outer loop
      vertex   3.677001e+00 3.388165e+00 7.366198e+00
      vertex   3.677001e+00 3.388165e+00 1.054930e+01
      vertex   3.797604e+00 3.252415e+00 7.366198e+00
    endloop
  endfacet
  facet normal 7.475837e-01 6.641676e-01 -0.000000e+00
    outer loop
      vertex   3.797604e+00 3.252415e+00 7.366198e+00
      vertex   3.677001e+00 3.388165e+00 1.054930e+01
      vertex   3.797604e+00 3.252415e+00 1.054930e+01
    endloop
  endfacet
  facet normal 7.712073e-01 6.365841e-01 -0.000000e+00
    outer loop
      vertex   3.797604e+00 3.252415e+00 7.366198e+00
      vertex   3.797604e+00 3.252415e+00 1.054930e+01
      vertex   3.913198e+00 3.112376e+00 7.366198e+00
    endloop
  endfacet
  facet normal 7.712073e-01 6.365841e-01 -0.000000e+00
    outer loop
      vertex   3.913198e+00 3.112376e+00 7.366198e+00
      vertex   3.797604e+00 3.252415e+00 1.054930e+01
      vertex   3.913198e+00 3.112376e+00 1.054930e+01
    endloop
  endfacet
  facet normal 7.938137e-01 6.081610e-01 -0.000000e+00
    outer loop
      vertex   3.913198e+00 3.112376e+00 7.366198e+00
      vertex   3.913198e+00 3.112376e+00 1.054930e+01
      vertex   4.023631e+00 2.968231e+00 7.366198e+00
    endloop
  endfacet
  facet normal 7.938137e-01 6.081610e-01 -0.000000e+00
    outer loop
      vertex   4.023631e+00 2.968231e+00 7.366198e+00
      vertex   3.913198e+00 3.112376e+00 1.054930e+01
      vertex   4.023631e+00 2.968231e+00 1.054930e+01
    endloop
  endfacet
  facet normal 8.153732e-01 5.789357e-01 -0.000000e+00
    outer loop
      vertex   4.023631e+00 2.968231e+00 7.366198e+00
      vertex   4.023631e+00 2.968231e+00 1.054930e+01
      vertex   4.128757e+00 2.820172e+00 7.366198e+00
    endloop
  endfacet
  facet normal 8.153732e-01 5.789357e-01 -0.000000e+00
    outer loop
      vertex   4.128757e+00 2.820172e+00 7.366198e+00
      vertex   4.023631e+00 2.968231e+00 1.054930e+01
      vertex   4.128757e+00 2.820172e+00 1.054930e+01
    endloop
  endfacet
  facet normal 8.358572e-01 5.489469e-01 -0.000000e+00
    outer loop
      vertex   4.128757e+00 2.820172e+00 7.366198e+00
      vertex   4.128757e+00 2.820172e+00 1.054930e+01
      vertex   4.228437e+00 2.668393e+00 7.366198e+00
    endloop
  endfacet
  facet normal 8.358572e-01 5.489469e-01 -0.000000e+00
    outer loop
      vertex   4.228437e+00 2.668393e+00 7.366198e+00
      vertex   4.128757e+00 2.820172e+00 1.054930e+01
      vertex   4.228437e+00 2.668393e+00 1.054930e+01
    endloop
  endfacet
  facet normal 8.552388e-01 5.182341e-01 -0.000000e+00
    outer loop
      vertex   4.228437e+00 2.668393e+00 7.366198e+00
      vertex   4.228437e+00 2.668393e+00 1.054930e+01
      vertex   4.322541e+00 2.513094e+00 7.366198e+00
    endloop
  endfacet
  facet normal 8.552388e-01 5.182341e-01 -0.000000e+00
    outer loop
      vertex   4.322541e+00 2.513094e+00 7.366198e+00
      vertex   4.228437e+00 2.668393e+00 1.054930e+01
      vertex   4.322541e+00 2.513094e+00 1.054930e+01
    endloop
  endfacet
  facet normal 8.734924e-01 4.868378e-01 -0.000000e+00
    outer loop
      vertex   4.322541e+00 2.513094e+00 7.366198e+00
      vertex   4.322541e+00 2.513094e+00 1.054930e+01
      vertex   4.410943e+00 2.354481e+00 7.366198e+00
    endloop
  endfacet
  facet normal 8.734924e-01 4.868378e-01 -0.000000e+00
    outer loop
      vertex   4.410943e+00 2.354481e+00 7.366198e+00
      vertex   4.322541e+00 2.513094e+00 1.054930e+01
      vertex   4.410943e+00 2.354481e+00 1.054930e+01
    endloop
  endfacet
  facet normal 8.905939e-01 4.547993e-01 -0.000000e+00
    outer loop
      vertex   4.410943e+00 2.354481e+00 7.366198e+00
      vertex   4.410943e+00 2.354481e+00 1.054930e+01
      vertex   4.493528e+00 2.192762e+00 7.366198e+00
    endloop
  endfacet
  facet normal 8.905939e-01 4.547993e-01 -0.000000e+00
    outer loop
      vertex   4.493528e+00 2.192762e+00 7.366198e+00
      vertex   4.410943e+00 2.354481e+00 1.054930e+01
      vertex   4.493528e+00 2.192762e+00 1.054930e+01
    endloop
  endfacet
  facet normal 9.065209e-01 4.221610e-01 -0.000000e+00
    outer loop
      vertex   4.493528e+00 2.192762e+00 7.366198e+00
      vertex   4.493528e+00 2.192762e+00 1.054930e+01
      vertex   4.570186e+00 2.028152e+00 7.366198e+00
    endloop
  endfacet
  facet normal 9.065209e-01 4.221610e-01 -0.000000e+00
    outer loop
      vertex   4.570186e+00 2.028152e+00 7.366198e+00
      vertex   4.493528e+00 2.192762e+00 1.054930e+01
      vertex   4.570186e+00 2.028152e+00 1.054930e+01
    endloop
  endfacet
  facet normal 9.212521e-01 3.889660e-01 -0.000000e+00
    outer loop
      vertex   4.570186e+00 2.028152e+00 7.366198e+00
      vertex   4.570186e+00 2.028152e+00 1.054930e+01
      vertex   4.640816e+00 1.860866e+00 7.366198e+00
    endloop
  endfacet
  facet normal 9.212521e-01 3.889660e-01 -0.000000e+00
    outer loop
      vertex   4.640816e+00 1.860866e+00 7.366198e+00
      vertex   4.570186e+00 2.028152e+00 1.054930e+01
      vertex   4.640816e+00 1.860866e+00 1.054930e+01
    endloop
  endfacet
  facet normal 9.347683e-01 3.552579e-01 -0.000000e+00
    outer loop
      vertex   4.640816e+00 1.860866e+00 7.366198e+00
      vertex   4.640816e+00 1.860866e+00 1.054930e+01
      vertex   4.705326e+00 1.691126e+00 7.366198e+00
    endloop
  endfacet
  facet normal 9.347683e-01 3.552579e-01 -0.000000e+00
    outer loop
      vertex   4.705326e+00 1.691126e+00 7.366198e+00
      vertex   4.640816e+00 1.860866e+00 1.054930e+01
      vertex   4.705326e+00 1.691126e+00 1.054930e+01
    endloop
  endfacet
  facet normal 9.470517e-01 3.210812e-01 -0.000000e+00
    outer loop
      vertex   4.705326e+00 1.691126e+00 7.366198e+00
      vertex   4.705326e+00 1.691126e+00 1.054930e+01
      vertex   4.763629e+00 1.519156e+00 7.366198e+00
    endloop
  endfacet
  facet normal 9.470517e-01 3.210812e-01 -0.000000e+00
    outer loop
      vertex   4.763629e+00 1.519156e+00 7.366198e+00
      vertex   4.705326e+00 1.691126e+00 1.054930e+01
      vertex   4.763629e+00 1.519156e+00 1.054930e+01
    endloop
  endfacet
  facet normal 9.580859e-01 2.864811e-01 -0.000000e+00
    outer loop
      vertex   4.763629e+00 1.519156e+00 7.366198e+00
      vertex   4.763629e+00 1.519156e+00 1.054930e+01
      vertex   4.815650e+00 1.345182e+00 7.366198e+00
    endloop
  endfacet
  facet normal 9.580859e-01 2.864811e-01 -0.000000e+00
    outer loop
      vertex   4.815650e+00 1.345182e+00 7.366198e+00
      vertex   4.763629e+00 1.519156e+00 1.054930e+01
      vertex   4.815650e+00 1.345182e+00 1.054930e+01
    endloop
  endfacet
  facet normal 9.678565e-01 2.515031e-01 -0.000000e+00
    outer loop
      vertex   4.815650e+00 1.345182e+00 7.366198e+00
      vertex   4.815650e+00 1.345182e+00 1.054930e+01
      vertex   4.861319e+00 1.169434e+00 7.366198e+00
    endloop
  endfacet
  facet normal 9.678565e-01 2.515031e-01 -0.000000e+00
    outer loop
      vertex   4.861319e+00 1.169434e+00 7.366198e+00
      vertex   4.815650e+00 1.345182e+00 1.054930e+01
      vertex   4.861319e+00 1.169434e+00 1.054930e+01
    endloop
  endfacet
  facet normal 9.763506e-01 2.161934e-01 -0.000000e+00
    outer loop
      vertex   4.861319e+00 1.169434e+00 7.366198e+00
      vertex   4.861319e+00 1.169434e+00 1.054930e+01
      vertex   4.900577e+00 9.921433e-01 7.366198e+00
    endloop
  endfacet
  facet normal 9.763506e-01 2.161934e-01 -0.000000e+00
    outer loop
      vertex   4.900577e+00 9.921433e-01 7.366198e+00
      vertex   4.861319e+00 1.169434e+00 1.054930e+01
      vertex   4.900577e+00 9.921433e-01 1.054930e+01
    endloop
  endfacet
  facet normal 9.835569e-01 1.805985e-01 -0.000000e+00
    outer loop
      vertex   4.900577e+00 9.921433e-01 7.366198e+00
      vertex   4.900577e+00 9.921433e-01 1.054930e+01
      vertex   4.933371e+00 8.135442e-01 7.366198e+00
    endloop
  endfacet
  facet normal 9.835569e-01 1.805985e-01 -0.000000e+00
    outer loop
      vertex   4.933371e+00 8.135442e-01 7.366198e+00
      vertex   4.900577e+00 9.921433e-01 1.054930e+01
      vertex   4.933371e+00 8.135442e-01 1.054930e+01
    endloop
  endfacet
  facet normal 9.894660e-01 1.447655e-01 -0.000000e+00
    outer loop
      vertex   4.933371e+00 8.135442e-01 7.366198e+00
      vertex   4.933371e+00 8.135442e-01 1.054930e+01
      vertex   4.959658e+00 6.338720e-01 7.366198e+00
    endloop
  endfacet
  facet normal 9.894660e-01 1.447655e-01 -0.000000e+00
    outer loop
      vertex   4.959658e+00 6.338720e-01 7.366198e+00
      vertex   4.933371e+00 8.135442e-01 1.054930e+01
      vertex   4.959658e+00 6.338720e-01 1.054930e+01
    endloop
  endfacet
  facet normal 9.940701e-01 1.087415e-01 -0.000000e+00
    outer loop
      vertex   4.959658e+00 6.338720e-01 7.366198e+00
      vertex   4.959658e+00 6.338720e-01 1.054930e+01
      vertex   4.979404e+00 4.533638e-01 7.366198e+00
    endloop
  endfacet
  facet normal 9.940701e-01 1.087415e-01 -0.000000e+00
    outer loop
      vertex   4.979404e+00 4.533638e-01 7.366198e+00
      vertex   4.959658e+00 6.338720e-01 1.054930e+01
      vertex   4.979404e+00 4.533638e-01 1.054930e+01
    endloop
  endfacet
  facet normal 9.973630e-01 7.257412e-02 -0.000000e+00
    outer loop
      vertex   4.979404e+00 4.533638e-01 7.366198e+00
      vertex   4.979404e+00 4.533638e-01 1.054930e+01
      vertex   4.992582e+00 2.722577e-01 7.366198e+00
    endloop
  endfacet
  facet normal 9.973630e-01 7.257412e-02 -0.000000e+00
    outer loop
      vertex   4.992582e+00 2.722577e-01 7.366198e+00
      vertex   4.979404e+00 4.533638e-01 1.054930e+01
      vertex   4.992582e+00 2.722577e-01 1.054930e+01
    endloop
  endfacet
  facet normal 9.993405e-01 3.631101e-02 -0.000000e+00
    outer loop
      vertex   4.992582e+00 2.722577e-01 7.366198e+00
      vertex   4.992582e+00 2.722577e-01 1.054930e+01
      vertex   4.999176e+00 9.079249e-02 7.366198e+00
    endloop
  endfacet
  facet normal 9.993405e-01 3.631101e-02 -0.000000e+00
    outer loop
      vertex   4.999176e+00 9.079249e-02 7.366198e+00
      vertex   4.992582e+00 2.722577e-01 1.054930e+01
      vertex   4.999176e+00 9.079249e-02 1.054930e+01
    endloop
  endfacet
  facet normal 1.000000e+00 0.000000e+00 -0.000000e+00
    outer loop
      vertex   4.999176e+00 9.079249e-02 7.366198e+00
      vertex   4.999176e+00 9.079249e-02 1.054930e+01
      vertex   4.999176e+00 -9.079249e-02 7.366198e+00
    endloop
  endfacet
  facet normal 1.000000e+00 0.000000e+00 0.000000e+00
    outer loop
      vertex   4.999176e+00 -9.079249e-02 7.366198e+00
      vertex   4.999176e+00 9.079249e-02 1.054930e+01
      vertex   4.999176e+00 -9.079249e-02 1.054930e+01
    endloop
  endfacet
  facet normal 9.993405e-01 -3.631101e-02 0.000000e+00
    outer loop
      vertex   4.999176e+00 -9.079249e-02 7.366198e+00
      vertex   4.999176e+00 -9.079249e-02 1.054930e+01
      vertex   4.992582e+00 -2.722577e-01 7.366198e+00
    endloop
  endfacet
  facet normal 9.993405e-01 -3.631101e-02 0.000000e+00
    outer loop
      vertex   4.992582e+00 -2.722577e-01 7.366198e+00
      vertex   4.999176e+00 -9.079249e-02 1.054930e+01
      vertex   4.992582e+00 -2.722577e-01 1.054930e+01
    endloop
  endfacet
  facet normal 9.973630e-01 -7.257412e-02 0.000000e+00
    outer loop
      vertex   4.992582e+00 -2.722577e-01 7.366198e+00
      vertex   4.992582e+00 -2.722577e-01 1.054930e+01
      vertex   4.979404e+00 -4.533638e-01 7.366198e+00
    endloop
  endfacet
  facet normal 9.973630e-01 -7.257412e-02 0.000000e+00
    outer loop
      vertex   4.979404e+00 -4.533638e-01 7.366198e+00
      vertex   4.992582e+00 -2.722577e-01 1.054930e+01
      vertex   4.979404e+00 -4.533638e-01 1.054930e+01
    endloop
  endfacet
  facet normal 9.940701e-01 -1.087415e-01 0.000000e+00
    outer loop
      vertex   4.979404e+00 -4.533638e-01 7.366198e+00
      vertex   4.979404e+00 -4.533638e-01 1.054930e+01
      vertex   4.959658e+00 -6.338720e-01 7.366198e+00
    endloop
  endfacet
  facet normal 9.940701e-01 -1.087415e-01 0.000000e+00
    outer loop
      vertex   4.959658e+00 -6.338720e-01 7.366198e+00
      vertex   4.979404e+00 -4.533638e-01 1.054930e+01
      vertex   4.959658e+00 -6.338720e-01 1.054930e+01
    endloop
  endfacet
  facet normal 9.894660e-01 -1.447655e-01 0.000000e+00
    outer loop
      vertex   4.959658e+00 -6.338720e-01 7.366198e+00
      vertex   4.959658e+00 -6.338720e-01 1.054930e+01
      vertex   4.933371e+00 -8.135442e-01 7.366198e+00
    endloop
  endfacet
  facet normal 9.894660e-01 -1.447655e-01 0.000000e+00
    outer loop
      vertex   4.933371e+00 -8.135442e-01 7.366198e+00
      vertex   4.959658e+00 -6.338720e-01 1.054930e+01
      vertex   4.933371e+00 -8.135442e-01 1.054930e+01
    endloop
  endfacet
  facet normal 9.835569e-01 -1.805985e-01 0.000000e+00
    outer loop
      vertex   4.933371e+00 -8.135442e-01 7.366198e+00
      vertex   4.933371e+00 -8.135442e-01 1.054930e+01
      vertex   4.900577e+00 -9.921433e-01 7.366198e+00
    endloop
  endfacet
  facet normal 9.835569e-01 -1.805985e-01 0.000000e+00
    outer loop
      vertex   4.900577e+00 -9.921433e-01 7.366198e+00
      vertex   4.933371e+00 -8.135442e-01 1.054930e+01
      vertex   4.900577e+00 -9.921433e-01 1.054930e+01
    endloop
  endfacet
  facet normal 9.763506e-01 -2.161934e-01 0.000000e+00
    outer loop
      vertex   4.900577e+00 -9.921433e-01 7.366198e+00
      vertex   4.900577e+00 -9.921433e-01 1.054930e+01
      vertex   4.861319e+00 -1.169434e+00 7.366198e+00
    endloop
  endfacet
  facet normal 9.763506e-01 -2.161934e-01 0.000000e+00
    outer loop
      vertex   4.861319e+00 -1.169434e+00 7.366198e+00
      vertex   4.900577e+00 -9.921433e-01 1.054930e+01
      vertex   4.861319e+00 -1.169434e+00 1.054930e+01
    endloop
  endfacet
  facet normal 9.678565e-01 -2.515031e-01 0.000000e+00
    outer loop
      vertex   4.861319e+00 -1.169434e+00 7.366198e+00
      vertex   4.861319e+00 -1.169434e+00 1.054930e+01
      vertex   4.815650e+00 -1.345182e+00 7.366198e+00
    endloop
  endfacet
  facet normal 9.678565e-01 -2.515031e-01 0.000000e+00
    outer loop
      vertex   4.815650e+00 -1.345182e+00 7.366198e+00
      vertex   4.861319e+00 -1.169434e+00 1.054930e+01
      vertex   4.815650e+00 -1.345182e+00 1.054930e+01
    endloop
  endfacet
  facet normal 9.580859e-01 -2.864811e-01 0.000000e+00
    outer loop
      vertex   4.815650e+00 -1.345182e+00 7.366198e+00
      vertex   4.815650e+00 -1.345182e+00 1.054930e+01
      vertex   4.763629e+00 -1.519156e+00 7.366198e+00
    endloop
  endfacet
  facet normal 9.580859e-01 -2.864811e-01 0.000000e+00
    outer loop
      vertex   4.763629e+00 -1.519156e+00 7.366198e+00
      vertex   4.815650e+00 -1.345182e+00 1.054930e+01
      vertex   4.763629e+00 -1.519156e+00 1.054930e+01
    endloop
  endfacet
  facet normal 9.470517e-01 -3.210812e-01 0.000000e+00
    outer loop
      vertex   4.763629e+00 -1.519156e+00 7.366198e+00
      vertex   4.763629e+00 -1.519156e+00 1.054930e+01
      vertex   4.705326e+00 -1.691126e+00 7.366198e+00
    endloop
  endfacet
  facet normal 9.470517e-01 -3.210812e-01 0.000000e+00
    outer loop
      vertex   4.705326e+00 -1.691126e+00 7.366198e+00
      vertex   4.763629e+00 -1.519156e+00 1.054930e+01
      vertex   4.705326e+00 -1.691126e+00 1.054930e+01
    endloop
  endfacet
  facet normal 9.347683e-01 -3.552579e-01 0.000000e+00
    outer loop
      vertex   4.705326e+00 -1.691126e+00 7.366198e+00
      vertex   4.705326e+00 -1.691126e+00 1.054930e+01
      vertex   4.640816e+00 -1.860866e+00 7.366198e+00
    endloop
  endfacet
  facet normal 9.347683e-01 -3.552579e-01 0.000000e+00
    outer loop
      vertex   4.640816e+00 -1.860866e+00 7.366198e+00
      vertex   4.705326e+00 -1.691126e+00 1.054930e+01
      vertex   4.640816e+00 -1.860866e+00 1.054930e+01
    endloop
  endfacet
  facet normal 9.212521e-01 -3.889660e-01 0.000000e+00
    outer loop
      vertex   4.640816e+00 -1.860866e+00 7.366198e+00
      vertex   4.640816e+00 -1.860866e+00 1.054930e+01
      vertex   4.570186e+00 -2.028152e+00 7.366198e+00
    endloop
  endfacet
  facet normal 9.212521e-01 -3.889660e-01 0.000000e+00
    outer loop
      vertex   4.570186e+00 -2.028152e+00 7.366198e+00
      vertex   4.640816e+00 -1.860866e+00 1.054930e+01
      vertex   4.570186e+00 -2.028152e+00 1.054930e+01
    endloop
  endfacet
  facet normal 9.065209e-01 -4.221610e-01 0.000000e+00
    outer loop
      vertex   4.570186e+00 -2.028152e+00 7.366198e+00
      vertex   4.570186e+00 -2.028152e+00 1.054930e+01
      vertex   4.493528e+00 -2.192762e+00 7.366198e+00
    endloop
  endfacet
  facet normal 9.065209e-01 -4.221610e-01 0.000000e+00
    outer loop
      vertex   4.493528e+00 -2.192762e+00 7.366198e+00
      vertex   4.570186e+00 -2.028152e+00 1.054930e+01
      vertex   4.493528e+00 -2.192762e+00 1.054930e+01
    endloop
  endfacet
  facet normal 8.905939e-01 -4.547993e-01 0.000000e+00
    outer loop
      vertex   4.493528e+00 -2.192762e+00 7.366198e+00
      vertex   4.493528e+00 -2.192762e+00 1.054930e+01
      vertex   4.410943e+00 -2.354481e+00 7.366198e+00
    endloop
  endfacet
  facet normal 8.905939e-01 -4.547993e-01 0.000000e+00
    outer loop
      vertex   4.410943e+00 -2.354481e+00 7.366198e+00
      vertex   4.493528e+00 -2.192762e+00 1.054930e+01
      vertex   4.410943e+00 -2.354481e+00 1.054930e+01
    endloop
  endfacet
  facet normal 8.734924e-01 -4.868378e-01 0.000000e+00
    outer loop
      vertex   4.410943e+00 -2.354481e+00 7.366198e+00
      vertex   4.410943e+00 -2.354481e+00 1.054930e+01
      vertex   4.322541e+00 -2.513094e+00 7.366198e+00
    endloop
  endfacet
  facet normal 8.734924e-01 -4.868378e-01 0.000000e+00
    outer loop
      vertex   4.322541e+00 -2.513094e+00 7.366198e+00
      vertex   4.410943e+00 -2.354481e+00 1.054930e+01
      vertex   4.322541e+00 -2.513094e+00 1.054930e+01
    endloop
  endfacet
  facet normal 8.552388e-01 -5.182341e-01 0.000000e+00
    outer loop
      vertex   4.322541e+00 -2.513094e+00 7.366198e+00
      vertex   4.322541e+00 -2.513094e+00 1.054930e+01
      vertex   4.228437e+00 -2.668393e+00 7.366198e+00
    endloop
  endfacet
  facet normal 8.552388e-01 -5.182341e-01 0.000000e+00
    outer loop
      vertex   4.228437e+00 -2.668393e+00 7.366198e+00
      vertex   4.322541e+00 -2.513094e+00 1.054930e+01
      vertex   4.228437e+00 -2.668393e+00 1.054930e+01
    endloop
  endfacet
  facet normal 8.358572e-01 -5.489469e-01 0.000000e+00
    outer loop
      vertex   4.228437e+00 -2.668393e+00 7.366198e+00
      vertex   4.228437e+00 -2.668393e+00 1.054930e+01
      vertex   4.128757e+00 -2.820172e+00 7.366198e+00
    endloop
  endfacet
  facet normal 8.358572e-01 -5.489469e-01 0.000000e+00
    outer loop
      vertex   4.128757e+00 -2.820172e+00 7.366198e+00
      vertex   4.228437e+00 -2.668393e+00 1.054930e+01
      vertex   4.128757e+00 -2.820172e+00 1.054930e+01
    endloop
  endfacet
  facet normal 8.153732e-01 -5.789357e-01 0.000000e+00
    outer loop
      vertex   4.128757e+00 -2.820172e+00 7.366198e+00
      vertex   4.128757e+00 -2.820172e+00 1.054930e+01
      vertex   4.023631e+00 -2.968231e+00 7.366198e+00
    endloop
  endfacet
  facet normal 8.153732e-01 -5.789357e-01 0.000000e+00
    outer loop
      vertex   4.023631e+00 -2.968231e+00 7.366198e+00
      vertex   4.128757e+00 -2.820172e+00 1.054930e+01
      vertex   4.023631e+00 -2.968231e+00 1.054930e+01
    endloop
  endfacet
  facet normal 7.938137e-01 -6.081610e-01 0.000000e+00
    outer loop
      vertex   4.023631e+00 -2.968231e+00 7.366198e+00
      vertex   4.023631e+00 -2.968231e+00 1.054930e+01
      vertex   3.913198e+00 -3.112376e+00 7.366198e+00
    endloop
  endfacet
  facet normal 7.938137e-01 -6.081610e-01 0.000000e+00
    outer loop
      vertex   3.913198e+00 -3.112376e+00 7.366198e+00
      vertex   4.023631e+00 -2.968231e+00 1.054930e+01
      vertex   3.913198e+00 -3.112376e+00 1.054930e+01
    endloop
  endfacet
  facet normal 7.712073e-01 -6.365841e-01 0.000000e+00
    outer loop
      vertex   3.913198e+00 -3.112376e+00 7.366198e+00
      vertex   3.913198e+00 -3.112376e+00 1.054930e+01
      vertex   3.797604e+00 -3.252415e+00 7.366198e+00
    endloop
  endfacet
  facet normal 7.712073e-01 -6.365841e-01 0.000000e+00
    outer loop
      vertex   3.797604e+00 -3.252415e+00 7.366198e+00
      vertex   3.913198e+00 -3.112376e+00 1.054930e+01
      vertex   3.797604e+00 -3.252415e+00 1.054930e+01
    endloop
  endfacet
  facet normal 7.475837e-01 -6.641676e-01 0.000000e+00
    outer loop
      vertex   3.797604e+00 -3.252415e+00 7.366198e+00
      vertex   3.797604e+00 -3.252415e+00 1.054930e+01
      vertex   3.677001e+00 -3.388165e+00 7.366198e+00
    endloop
  endfacet
  facet normal 7.475837e-01 -6.641676e-01 0.000000e+00
    outer loop
      vertex   3.677001e+00 -3.388165e+00 7.366198e+00
      vertex   3.797604e+00 -3.252415e+00 1.054930e+01
      vertex   3.677001e+00 -3.388165e+00 1.054930e+01
    endloop
  endfacet
  facet normal 7.229741e-01 -6.908751e-01 0.000000e+00
    outer loop
      vertex   3.677001e+00 -3.388165e+00 7.366198e+00
      vertex   3.677001e+00 -3.388165e+00 1.054930e+01
      vertex   3.551548e+00 -3.519447e+00 7.366198e+00
    endloop
  endfacet
  facet normal 7.229741e-01 -6.908751e-01 0.000000e+00
    outer loop
      vertex   3.551548e+00 -3.519447e+00 7.366198e+00
      vertex   3.677001e+00 -3.388165e+00 1.054930e+01
      vertex   3.551548e+00 -3.519447e+00 1.054930e+01
    endloop
  endfacet
  facet normal 6.974110e-01 -7.166714e-01 0.000000e+00
    outer loop
      vertex   3.551548e+00 -3.519447e+00 7.366198e+00
      vertex   3.551548e+00 -3.519447e+00 1.054930e+01
      vertex   3.421412e+00 -3.646086e+00 7.366198e+00
    endloop
  endfacet
  facet normal 6.974110e-01 -7.166714e-01 0.000000e+00
    outer loop
      vertex   3.421412e+00 -3.646086e+00 7.366198e+00
      vertex   3.551548e+00 -3.519447e+00 1.054930e+01
      vertex   3.421412e+00 -3.646086e+00 1.054930e+01
    endloop
  endfacet
  facet normal 6.709280e-01 -7.415225e-01 0.000000e+00
    outer loop
      vertex   3.421412e+00 -3.646086e+00 7.366198e+00
      vertex   3.421412e+00 -3.646086e+00 1.054930e+01
      vertex   3.286762e+00 -3.767916e+00 7.366198e+00
    endloop
  endfacet
  facet normal 6.709280e-01 -7.415225e-01 0.000000e+00
    outer loop
      vertex   3.286762e+00 -3.767916e+00 7.366198e+00
      vertex   3.421412e+00 -3.646086e+00 1.054930e+01
      vertex   3.286762e+00 -3.767916e+00 1.054930e+01
    endloop
  endfacet
  facet normal 6.435601e-01 -7.653956e-01 0.000000e+00
    outer loop
      vertex   3.286762e+00 -3.767916e+00 7.366198e+00
      vertex   3.286762e+00 -3.767916e+00 1.054930e+01
      vertex   3.147778e+00 -3.884777e+00 7.366198e+00
    endloop
  endfacet
  facet normal 6.435601e-01 -7.653956e-01 0.000000e+00
    outer loop
      vertex   3.147778e+00 -3.884777e+00 7.366198e+00
      vertex   3.286762e+00 -3.767916e+00 1.054930e+01
      vertex   3.147778e+00 -3.884777e+00 1.054930e+01
    endloop
  endfacet
  facet normal 6.153434e-01 -7.882591e-01 0.000000e+00
    outer loop
      vertex   3.147778e+00 -3.884777e+00 7.366198e+00
      vertex   3.147778e+00 -3.884777e+00 1.054930e+01
      vertex   3.004642e+00 -3.996514e+00 7.366198e+00
    endloop
  endfacet
  facet normal 6.153434e-01 -7.882591e-01 0.000000e+00
    outer loop
      vertex   3.004642e+00 -3.996514e+00 7.366198e+00
      vertex   3.147778e+00 -3.884777e+00 1.054930e+01
      vertex   3.004642e+00 -3.996514e+00 1.054930e+01
    endloop
  endfacet
  facet normal 5.863151e-01 -8.100830e-01 0.000000e+00
    outer loop
      vertex   3.004642e+00 -3.996514e+00 7.366198e+00
      vertex   3.004642e+00 -3.996514e+00 1.054930e+01
      vertex   2.857543e+00 -4.102980e+00 7.366198e+00
    endloop
  endfacet
  facet normal 5.863151e-01 -8.100830e-01 0.000000e+00
    outer loop
      vertex   2.857543e+00 -4.102980e+00 7.366198e+00
      vertex   3.004642e+00 -3.996514e+00 1.054930e+01
      vertex   2.857543e+00 -4.102980e+00 1.054930e+01
    endloop
  endfacet
  facet normal 5.565136e-01 -8.308385e-01 0.000000e+00
    outer loop
      vertex   2.857543e+00 -4.102980e+00 7.366198e+00
      vertex   2.857543e+00 -4.102980e+00 1.054930e+01
      vertex   2.706675e+00 -4.204035e+00 7.366198e+00
    endloop
  endfacet
  facet normal 5.565136e-01 -8.308385e-01 0.000000e+00
    outer loop
      vertex   2.706675e+00 -4.204035e+00 7.366198e+00
      vertex   2.857543e+00 -4.102980e+00 1.054930e+01
      vertex   2.706675e+00 -4.204035e+00 1.054930e+01
    endloop
  endfacet
  facet normal 5.259780e-01 -8.504982e-01 0.000000e+00
    outer loop
      vertex   2.706675e+00 -4.204035e+00 7.366198e+00
      vertex   2.706675e+00 -4.204035e+00 1.054930e+01
      vertex   2.552237e+00 -4.299545e+00 7.366198e+00
    endloop
  endfacet
  facet normal 5.259780e-01 -8.504982e-01 0.000000e+00
    outer loop
      vertex   2.552237e+00 -4.299545e+00 7.366198e+00
      vertex   2.706675e+00 -4.204035e+00 1.054930e+01
      vertex   2.552237e+00 -4.299545e+00 1.054930e+01
    endloop
  endfacet
  facet normal 4.947487e-01 -8.690361e-01 0.000000e+00
    outer loop
      vertex   2.552237e+00 -4.299545e+00 7.366198e+00
      vertex   2.552237e+00 -4.299545e+00 1.054930e+01
      vertex   2.394434e+00 -4.389384e+00 7.366198e+00
    endloop
  endfacet
  facet normal 4.947487e-01 -8.690361e-01 0.000000e+00
    outer loop
      vertex   2.394434e+00 -4.389384e+00 7.366198e+00
      vertex   2.552237e+00 -4.299545e+00 1.054930e+01
      vertex   2.394434e+00 -4.389384e+00 1.054930e+01
    endloop
  endfacet
  facet normal 4.628668e-01 -8.864278e-01 0.000000e+00
    outer loop
      vertex   2.394434e+00 -4.389384e+00 7.366198e+00
      vertex   2.394434e+00 -4.389384e+00 1.054930e+01
      vertex   2.233472e+00 -4.473433e+00 7.366198e+00
    endloop
  endfacet
  facet normal 4.628668e-01 -8.864278e-01 0.000000e+00
    outer loop
      vertex   2.233472e+00 -4.473433e+00 7.366198e+00
      vertex   2.394434e+00 -4.389384e+00 1.054930e+01
      vertex   2.233472e+00 -4.473433e+00 1.054930e+01
    endloop
  endfacet
  facet normal 4.303745e-01 -9.026504e-01 0.000000e+00
    outer loop
      vertex   2.233472e+00 -4.473433e+00 7.366198e+00
      vertex   2.233472e+00 -4.473433e+00 1.054930e+01
      vertex   2.069564e+00 -4.551583e+00 7.366198e+00
    endloop
  endfacet
  facet normal 4.303745e-01 -9.026504e-01 0.000000e+00
    outer loop
      vertex   2.069564e+00 -4.551583e+00 7.366198e+00
      vertex   2.233472e+00 -4.473433e+00 1.054930e+01
      vertex   2.069564e+00 -4.551583e+00 1.054930e+01
    endloop
  endfacet
  facet normal 3.973145e-01 -9.176825e-01 0.000000e+00
    outer loop
      vertex   2.069564e+00 -4.551583e+00 7.366198e+00
      vertex   2.069564e+00 -4.551583e+00 1.054930e+01
      vertex   1.902927e+00 -4.623729e+00 7.366198e+00
    endloop
  endfacet
  facet normal 3.973145e-01 -9.176825e-01 0.000000e+00
    outer loop
      vertex   1.902927e+00 -4.623729e+00 7.366198e+00
      vertex   2.069564e+00 -4.551583e+00 1.054930e+01
      vertex   1.902927e+00 -4.623729e+00 1.054930e+01
    endloop
  endfacet
  facet normal 3.637306e-01 -9.315042e-01 0.000000e+00
    outer loop
      vertex   1.902927e+00 -4.623729e+00 7.366198e+00
      vertex   1.902927e+00 -4.623729e+00 1.054930e+01
      vertex   1.733779e+00 -4.689777e+00 7.366198e+00
    endloop
  endfacet
  facet normal 3.637306e-01 -9.315042e-01 0.000000e+00
    outer loop
      vertex   1.733779e+00 -4.689777e+00 7.366198e+00
      vertex   1.902927e+00 -4.623729e+00 1.054930e+01
      vertex   1.733779e+00 -4.689777e+00 1.054930e+01
    endloop
  endfacet
  facet normal 3.296668e-01 -9.440973e-01 0.000000e+00
    outer loop
      vertex   1.733779e+00 -4.689777e+00 7.366198e+00
      vertex   1.733779e+00 -4.689777e+00 1.054930e+01
      vertex   1.562345e+00 -4.749640e+00 7.366198e+00
    endloop
  endfacet
  facet normal 3.296668e-01 -9.440973e-01 0.000000e+00
    outer loop
      vertex   1.562345e+00 -4.749640e+00 7.366198e+00
      vertex   1.733779e+00 -4.689777e+00 1.054930e+01
      vertex   1.562345e+00 -4.749640e+00 1.054930e+01
    endloop
  endfacet
  facet normal 2.951683e-01 -9.554453e-01 0.000000e+00
    outer loop
      vertex   1.562345e+00 -4.749640e+00 7.366198e+00
      vertex   1.562345e+00 -4.749640e+00 1.054930e+01
      vertex   1.388851e+00 -4.803238e+00 7.366198e+00
    endloop
  endfacet
  facet normal 2.951683e-01 -9.554453e-01 0.000000e+00
    outer loop
      vertex   1.388851e+00 -4.803238e+00 7.366198e+00
      vertex   1.562345e+00 -4.749640e+00 1.054930e+01
      vertex   1.388851e+00 -4.803238e+00 1.054930e+01
    endloop
  endfacet
  facet normal 2.602805e-01 -9.655331e-01 0.000000e+00
    outer loop
      vertex   1.388851e+00 -4.803238e+00 7.366198e+00
      vertex   1.388851e+00 -4.803238e+00 1.054930e+01
      vertex   1.213525e+00 -4.850501e+00 7.366198e+00
    endloop
  endfacet
  facet normal 2.602805e-01 -9.655331e-01 0.000000e+00
    outer loop
      vertex   1.213525e+00 -4.850501e+00 7.366198e+00
      vertex   1.388851e+00 -4.803238e+00 1.054930e+01
      vertex   1.213525e+00 -4.850501e+00 1.054930e+01
    endloop
  endfacet
  facet normal 2.250494e-01 -9.743474e-01 0.000000e+00
    outer loop
      vertex   1.213525e+00 -4.850501e+00 7.366198e+00
      vertex   1.213525e+00 -4.850501e+00 1.054930e+01
      vertex   1.036598e+00 -4.891366e+00 7.366198e+00
    endloop
  endfacet
  facet normal 2.250494e-01 -9.743474e-01 0.000000e+00
    outer loop
      vertex   1.036598e+00 -4.891366e+00 7.366198e+00
      vertex   1.213525e+00 -4.850501e+00 1.054930e+01
      vertex   1.036598e+00 -4.891366e+00 1.054930e+01
    endloop
  endfacet
  facet normal 1.895214e-01 -9.818766e-01 0.000000e+00
    outer loop
      vertex   1.036598e+00 -4.891366e+00 7.366198e+00
      vertex   1.036598e+00 -4.891366e+00 1.054930e+01
      vertex   8.583038e-01 -4.925781e+00 7.366198e+00
    endloop
  endfacet
  facet normal 1.895214e-01 -9.818766e-01 0.000000e+00
    outer loop
      vertex   8.583038e-01 -4.925781e+00 7.366198e+00
      vertex   1.036598e+00 -4.891366e+00 1.054930e+01
      vertex   8.583038e-01 -4.925781e+00 1.054930e+01
    endloop
  endfacet
  facet normal 1.537435e-01 -9.881108e-01 0.000000e+00
    outer loop
      vertex   8.583038e-01 -4.925781e+00 7.366198e+00
      vertex   8.583038e-01 -4.925781e+00 1.054930e+01
      vertex   6.788777e-01 -4.953698e+00 7.366198e+00
    endloop
  endfacet
  facet normal 1.537435e-01 -9.881108e-01 0.000000e+00
    outer loop
      vertex   6.788777e-01 -4.953698e+00 7.366198e+00
      vertex   8.583038e-01 -4.925781e+00 1.054930e+01
      vertex   6.788777e-01 -4.953698e+00 1.054930e+01
    endloop
  endfacet
  facet normal 1.177628e-01 -9.930418e-01 0.000000e+00
    outer loop
      vertex   6.788777e-01 -4.953698e+00 7.366198e+00
      vertex   6.788777e-01 -4.953698e+00 1.054930e+01
      vertex   4.985563e-01 -4.975082e+00 7.366198e+00
    endloop
  endfacet
  facet normal 1.177628e-01 -9.930418e-01 0.000000e+00
    outer loop
      vertex   4.985563e-01 -4.975082e+00 7.366198e+00
      vertex   6.788777e-01 -4.953698e+00 1.054930e+01
      vertex   4.985563e-01 -4.975082e+00 1.054930e+01
    endloop
  endfacet
  facet normal 8.162681e-02 -9.966630e-01 0.000000e+00
    outer loop
      vertex   4.985563e-01 -4.975082e+00 7.366198e+00
      vertex   4.985563e-01 -4.975082e+00 1.054930e+01
      vertex   3.175772e-01 -4.989904e+00 7.366198e+00
    endloop
  endfacet
  facet normal 8.162681e-02 -9.966630e-01 0.000000e+00
    outer loop
      vertex   3.175772e-01 -4.989904e+00 7.366198e+00
      vertex   4.985563e-01 -4.975082e+00 1.054930e+01
      vertex   3.175772e-01 -4.989904e+00 1.054930e+01
    endloop
  endfacet
  facet normal 4.538314e-02 -9.989697e-01 0.000000e+00
    outer loop
      vertex   3.175772e-01 -4.989904e+00 7.366198e+00
      vertex   3.175772e-01 -4.989904e+00 1.054930e+01
      vertex   1.361794e-01 -4.998145e+00 7.366198e+00
    endloop
  endfacet
  facet normal 4.538314e-02 -9.989697e-01 0.000000e+00
    outer loop
      vertex   1.361794e-01 -4.998145e+00 7.366198e+00
      vertex   3.175772e-01 -4.989904e+00 1.054930e+01
      vertex   1.361794e-01 -4.998145e+00 1.054930e+01
    endloop
  endfacet
  facet normal 9.079623e-03 -9.999588e-01 0.000000e+00
    outer loop
      vertex   1.361794e-01 -4.998145e+00 7.366198e+00
      vertex   1.361794e-01 -4.998145e+00 1.054930e+01
      vertex   -4.539811e-02 -4.999794e+00 7.366198e+00
    endloop
  endfacet
  facet normal 9.079623e-03 -9.999588e-01 0.000000e+00
    outer loop
      vertex   -4.539811e-02 -4.999794e+00 7.366198e+00
      vertex   1.361794e-01 -4.998145e+00 1.054930e+01
      vertex   -4.539811e-02 -4.999794e+00 1.054930e+01
    endloop
  endfacet
  facet normal -2.723587e-02 -9.996290e-01 0.000000e+00
    outer loop
      vertex   -4.539811e-02 -4.999794e+00 7.366198e+00
      vertex   -4.539811e-02 -4.999794e+00 1.054930e+01
      vertex   -2.269157e-01 -4.994848e+00 7.366198e+00
    endloop
  endfacet
  facet normal -2.723587e-02 -9.996290e-01 0.000000e+00
    outer loop
      vertex   -2.269157e-01 -4.994848e+00 7.366198e+00
      vertex   -4.539811e-02 -4.999794e+00 1.054930e+01
      vertex   -2.269157e-01 -4.994848e+00 1.054930e+01
    endloop
  endfacet
  facet normal -6.351545e-02 -9.979809e-01 0.000000e+00
    outer loop
      vertex   -2.269157e-01 -4.994848e+00 7.366198e+00
      vertex   -2.269157e-01 -4.994848e+00 1.054930e+01
      vertex   -4.081340e-01 -4.983315e+00 7.366198e+00
    endloop
  endfacet
  facet normal -6.351545e-02 -9.979809e-01 0.000000e+00
    outer loop
      vertex   -4.081340e-01 -4.983315e+00 7.366198e+00
      vertex   -2.269157e-01 -4.994848e+00 1.054930e+01
      vertex   -4.081340e-01 -4.983315e+00 1.054930e+01
    endloop
  endfacet
  facet normal -9.971125e-02 -9.950164e-01 0.000000e+00
    outer loop
      vertex   -4.081340e-01 -4.983315e+00 7.366198e+00
      vertex   -4.081340e-01 -4.983315e+00 1.054930e+01
      vertex   -5.888141e-01 -4.965209e+00 7.366198e+00
    endloop
  endfacet
  facet normal -9.971125e-02 -9.950164e-01 0.000000e+00
    outer loop
      vertex   -5.888141e-01 -4.965209e+00 7.366198e+00
      vertex   -4.081340e-01 -4.983315e+00 1.054930e+01
      vertex   -5.888141e-01 -4.965209e+00 1.054930e+01
    endloop
  endfacet
  facet normal -1.357755e-01 -9.907396e-01 0.000000e+00
    outer loop
      vertex   -5.888141e-01 -4.965209e+00 7.366198e+00
      vertex   -5.888141e-01 -4.965209e+00 1.054930e+01
      vertex   -7.687175e-01 -4.940554e+00 7.366198e+00
    endloop
  endfacet
  facet normal -1.357755e-01 -9.907396e-01 0.000000e+00
    outer loop
      vertex   -7.687175e-01 -4.940554e+00 7.366198e+00
      vertex   -5.888141e-01 -4.965209e+00 1.054930e+01
      vertex   -7.687175e-01 -4.940554e+00 1.054930e+01
    endloop
  endfacet
  facet normal -1.716608e-01 -9.851561e-01 0.000000e+00
    outer loop
      vertex   -7.687175e-01 -4.940554e+00 7.366198e+00
      vertex   -7.687175e-01 -4.940554e+00 1.054930e+01
      vertex   -9.476070e-01 -4.909383e+00 7.366198e+00
    endloop
  endfacet
  facet normal -1.716608e-01 -9.851561e-01 0.000000e+00
    outer loop
      vertex   -9.476070e-01 -4.909383e+00 7.366198e+00
      vertex   -7.687175e-01 -4.940554e+00 1.054930e+01
      vertex   -9.476070e-01 -4.909383e+00 1.054930e+01
    endloop
  endfacet
  facet normal -2.073196e-01 -9.782733e-01 0.000000e+00
    outer loop
      vertex   -9.476070e-01 -4.909383e+00 7.366198e+00
      vertex   -9.476070e-01 -4.909383e+00 1.054930e+01
      vertex   -1.125247e+00 -4.871737e+00 7.366198e+00
    endloop
  endfacet
  facet normal -2.073196e-01 -9.782733e-01 0.000000e+00
    outer loop
      vertex   -1.125247e+00 -4.871737e+00 7.366198e+00
      vertex   -9.476070e-01 -4.909383e+00 1.054930e+01
      vertex   -1.125247e+00 -4.871737e+00 1.054930e+01
    endloop
  endfacet
  facet normal -2.427049e-01 -9.701002e-01 0.000000e+00
    outer loop
      vertex   -1.125247e+00 -4.871737e+00 7.366198e+00
      vertex   -1.125247e+00 -4.871737e+00 1.054930e+01
      vertex   -1.301402e+00 -4.827665e+00 7.366198e+00
    endloop
  endfacet
  facet normal -2.427049e-01 -9.701002e-01 0.000000e+00
    outer loop
      vertex   -1.301402e+00 -4.827665e+00 7.366198e+00
      vertex   -1.125247e+00 -4.871737e+00 1.054930e+01
      vertex   -1.301402e+00 -4.827665e+00 1.054930e+01
    endloop
  endfacet
  facet normal -2.777702e-01 -9.606476e-01 0.000000e+00
    outer loop
      vertex   -1.301402e+00 -4.827665e+00 7.366198e+00
      vertex   -1.301402e+00 -4.827665e+00 1.054930e+01
      vertex   -1.475842e+00 -4.777226e+00 7.366198e+00
    endloop
  endfacet
  facet normal -2.777702e-01 -9.606476e-01 0.000000e+00
    outer loop
      vertex   -1.475842e+00 -4.777226e+00 7.366198e+00
      vertex   -1.301402e+00 -4.827665e+00 1.054930e+01
      vertex   -1.475842e+00 -4.777226e+00 1.054930e+01
    endloop
  endfacet
  facet normal -3.124691e-01 -9.499279e-01 0.000000e+00
    outer loop
      vertex   -1.475842e+00 -4.777226e+00 7.366198e+00
      vertex   -1.475842e+00 -4.777226e+00 1.054930e+01
      vertex   -1.648334e+00 -4.720487e+00 7.366198e+00
    endloop
  endfacet
  facet normal -3.124691e-01 -9.499279e-01 0.000000e+00
    outer loop
      vertex   -1.648334e+00 -4.720487e+00 7.366198e+00
      vertex   -1.475842e+00 -4.777226e+00 1.054930e+01
      vertex   -1.648334e+00 -4.720487e+00 1.054930e+01
    endloop
  endfacet
  facet normal -3.467559e-01 -9.379554e-01 0.000000e+00
    outer loop
      vertex   -1.648334e+00 -4.720487e+00 7.366198e+00
      vertex   -1.648334e+00 -4.720487e+00 1.054930e+01
      vertex   -1.818653e+00 -4.657521e+00 7.366198e+00
    endloop
  endfacet
  facet normal -3.467559e-01 -9.379554e-01 0.000000e+00
    outer loop
      vertex   -1.818653e+00 -4.657521e+00 7.366198e+00
      vertex   -1.648334e+00 -4.720487e+00 1.054930e+01
      vertex   -1.818653e+00 -4.657521e+00 1.054930e+01
    endloop
  endfacet
  facet normal -3.805853e-01 -9.247458e-01 0.000000e+00
    outer loop
      vertex   -1.818653e+00 -4.657521e+00 7.366198e+00
      vertex   -1.818653e+00 -4.657521e+00 1.054930e+01
      vertex   -1.986573e+00 -4.588412e+00 7.366198e+00
    endloop
  endfacet
  facet normal -3.805853e-01 -9.247458e-01 0.000000e+00
    outer loop
      vertex   -1.986573e+00 -4.588412e+00 7.366198e+00
      vertex   -1.818653e+00 -4.657521e+00 1.054930e+01
      vertex   -1.986573e+00 -4.588412e+00 1.054930e+01
    endloop
  endfacet
  facet normal -4.139128e-01 -9.103165e-01 0.000000e+00
    outer loop
      vertex   -1.986573e+00 -4.588412e+00 7.366198e+00
      vertex   -1.986573e+00 -4.588412e+00 1.054930e+01
      vertex   -2.151873e+00 -4.513252e+00 7.366198e+00
    endloop
  endfacet
  facet normal -4.139128e-01 -9.103165e-01 0.000000e+00
    outer loop
      vertex   -2.151873e+00 -4.513252e+00 7.366198e+00
      vertex   -1.986573e+00 -4.588412e+00 1.054930e+01
      vertex   -2.151873e+00 -4.513252e+00 1.054930e+01
    endloop
  endfacet
  facet normal -4.466943e-01 -8.946866e-01 0.000000e+00
    outer loop
      vertex   -2.151873e+00 -4.513252e+00 7.366198e+00
      vertex   -2.151873e+00 -4.513252e+00 1.054930e+01
      vertex   -2.314334e+00 -4.432139e+00 7.366198e+00
    endloop
  endfacet
  facet normal -4.466943e-01 -8.946866e-01 0.000000e+00
    outer loop
      vertex   -2.314334e+00 -4.432139e+00 7.366198e+00
      vertex   -2.151873e+00 -4.513252e+00 1.054930e+01
      vertex   -2.314334e+00 -4.432139e+00 1.054930e+01
    endloop
  endfacet
  facet normal -4.788867e-01 -8.778767e-01 0.000000e+00
    outer loop
      vertex   -2.314334e+00 -4.432139e+00 7.366198e+00
      vertex   -2.314334e+00 -4.432139e+00 1.054930e+01
      vertex   -2.473743e+00 -4.345181e+00 7.366198e+00
    endloop
  endfacet
  facet normal -4.788867e-01 -8.778767e-01 0.000000e+00
    outer loop
      vertex   -2.473743e+00 -4.345181e+00 7.366198e+00
      vertex   -2.314334e+00 -4.432139e+00 1.054930e+01
      vertex   -2.473743e+00 -4.345181e+00 1.054930e+01
    endloop
  endfacet
  facet normal -5.104475e-01 -8.599089e-01 0.000000e+00
    outer loop
      vertex   -2.473743e+00 -4.345181e+00 7.366198e+00
      vertex   -2.473743e+00 -4.345181e+00 1.054930e+01
      vertex   -2.629890e+00 -4.252491e+00 7.366198e+00
    endloop
  endfacet
  facet normal -5.104475e-01 -8.599089e-01 0.000000e+00
    outer loop
      vertex   -2.629890e+00 -4.252491e+00 7.366198e+00
      vertex   -2.473743e+00 -4.345181e+00 1.054930e+01
      vertex   -2.629890e+00 -4.252491e+00 1.054930e+01
    endloop
  endfacet
  facet normal -5.413350e-01 -8.408070e-01 0.000000e+00
    outer loop
      vertex   -2.629890e+00 -4.252491e+00 7.366198e+00
      vertex   -2.629890e+00 -4.252491e+00 1.054930e+01
      vertex   -2.782568e+00 -4.154193e+00 7.366198e+00
    endloop
  endfacet
  facet normal -5.413350e-01 -8.408070e-01 0.000000e+00
    outer loop
      vertex   -2.782568e+00 -4.154193e+00 7.366198e+00
      vertex   -2.629890e+00 -4.252491e+00 1.054930e+01
      vertex   -2.782568e+00 -4.154193e+00 1.054930e+01
    endloop
  endfacet
  facet normal -5.715086e-01 -8.205961e-01 0.000000e+00
    outer loop
      vertex   -2.782568e+00 -4.154193e+00 7.366198e+00
      vertex   -2.782568e+00 -4.154193e+00 1.054930e+01
      vertex   -2.931576e+00 -4.050415e+00 7.366198e+00
    endloop
  endfacet
  facet normal -5.715086e-01 -8.205961e-01 0.000000e+00
    outer loop
      vertex   -2.931576e+00 -4.050415e+00 7.366198e+00
      vertex   -2.782568e+00 -4.154193e+00 1.054930e+01
      vertex   -2.931576e+00 -4.050415e+00 1.054930e+01
    endloop
  endfacet
  facet normal -6.009284e-01 -7.993029e-01 0.000000e+00
    outer loop
      vertex   -2.931576e+00 -4.050415e+00 7.366198e+00
      vertex   -2.931576e+00 -4.050415e+00 1.054930e+01
      vertex   -3.076717e+00 -3.941296e+00 7.366198e+00
    endloop
  endfacet
  facet normal -6.009284e-01 -7.993029e-01 0.000000e+00
    outer loop
      vertex   -3.076717e+00 -3.941296e+00 7.366198e+00
      vertex   -2.931576e+00 -4.050415e+00 1.054930e+01
      vertex   -3.076717e+00 -3.941296e+00 1.054930e+01
    endloop
  endfacet
  facet normal -6.295556e-01 -7.769555e-01 0.000000e+00
    outer loop
      vertex   -3.076717e+00 -3.941296e+00 7.366198e+00
      vertex   -3.076717e+00 -3.941296e+00 1.054930e+01
      vertex   -3.217801e+00 -3.826978e+00 7.366198e+00
    endloop
  endfacet
  facet normal -6.295556e-01 -7.769555e-01 0.000000e+00
    outer loop
      vertex   -3.217801e+00 -3.826978e+00 7.366198e+00
      vertex   -3.076717e+00 -3.941296e+00 1.054930e+01
      vertex   -3.217801e+00 -3.826978e+00 1.054930e+01
    endloop
  endfacet
  facet normal -6.573524e-01 -7.535833e-01 0.000000e+00
    outer loop
      vertex   -3.217801e+00 -3.826978e+00 7.366198e+00
      vertex   -3.217801e+00 -3.826978e+00 1.054930e+01
      vertex   -3.354640e+00 -3.707613e+00 7.366198e+00
    endloop
  endfacet
  facet normal -6.573524e-01 -7.535833e-01 0.000000e+00
    outer loop
      vertex   -3.354640e+00 -3.707613e+00 7.366198e+00
      vertex   -3.217801e+00 -3.826978e+00 1.054930e+01
      vertex   -3.354640e+00 -3.707613e+00 1.054930e+01
    endloop
  endfacet
  facet normal -6.842823e-01 -7.292172e-01 0.000000e+00
    outer loop
      vertex   -3.354640e+00 -3.707613e+00 7.366198e+00
      vertex   -3.354640e+00 -3.707613e+00 1.054930e+01
      vertex   -3.487055e+00 -3.583357e+00 7.366198e+00
    endloop
  endfacet
  facet normal -6.842823e-01 -7.292172e-01 0.000000e+00
    outer loop
      vertex   -3.487055e+00 -3.583357e+00 7.366198e+00
      vertex   -3.354640e+00 -3.707613e+00 1.054930e+01
      vertex   -3.487055e+00 -3.583357e+00 1.054930e+01
    endloop
  endfacet
  facet normal -7.103097e-01 -7.038893e-01 0.000000e+00
    outer loop
      vertex   -3.487055e+00 -3.583357e+00 7.366198e+00
      vertex   -3.487055e+00 -3.583357e+00 1.054930e+01
      vertex   -3.614871e+00 -3.454376e+00 7.366198e+00
    endloop
  endfacet
  facet normal -7.103097e-01 -7.038893e-01 0.000000e+00
    outer loop
      vertex   -3.614871e+00 -3.454376e+00 7.366198e+00
      vertex   -3.487055e+00 -3.583357e+00 1.054930e+01
      vertex   -3.614871e+00 -3.454376e+00 1.054930e+01
    endloop
  endfacet
  facet normal -7.354002e-01 -6.776331e-01 0.000000e+00
    outer loop
      vertex   -3.614871e+00 -3.454376e+00 7.366198e+00
      vertex   -3.614871e+00 -3.454376e+00 1.054930e+01
      vertex   -3.737919e+00 -3.320838e+00 7.366198e+00
    endloop
  endfacet
  facet normal -7.354002e-01 -6.776331e-01 0.000000e+00
    outer loop
      vertex   -3.737919e+00 -3.320838e+00 7.366198e+00
      vertex   -3.614871e+00 -3.454376e+00 1.054930e+01
      vertex   -3.737919e+00 -3.320838e+00 1.054930e+01
    endloop
  endfacet
  facet normal -7.595207e-01 -6.504831e-01 0.000000e+00
    outer loop
      vertex   -3.737919e+00 -3.320838e+00 7.366198e+00
      vertex   -3.737919e+00 -3.320838e+00 1.054930e+01
      vertex   -3.856037e+00 -3.182920e+00 7.366198e+00
    endloop
  endfacet
  facet normal -7.595207e-01 -6.504831e-01 0.000000e+00
    outer loop
      vertex   -3.856037e+00 -3.182920e+00 7.366198e+00
      vertex   -3.737919e+00 -3.320838e+00 1.054930e+01
      vertex   -3.856037e+00 -3.182920e+00 1.054930e+01
    endloop
  endfacet
  facet normal -7.826396e-01 -6.224752e-01 0.000000e+00
    outer loop
      vertex   -3.856037e+00 -3.182920e+00 7.366198e+00
      vertex   -3.856037e+00 -3.182920e+00 1.054930e+01
      vertex   -3.969069e+00 -3.040805e+00 7.366198e+00
    endloop
  endfacet
  facet normal -7.826396e-01 -6.224752e-01 0.000000e+00
    outer loop
      vertex   -3.969069e+00 -3.040805e+00 7.366198e+00
      vertex   -3.856037e+00 -3.182920e+00 1.054930e+01
      vertex   -3.969069e+00 -3.040805e+00 1.054930e+01
    endloop
  endfacet
  facet normal -8.047261e-01 -5.936462e-01 0.000000e+00
    outer loop
      vertex   -3.969069e+00 -3.040805e+00 7.366198e+00
      vertex   -3.969069e+00 -3.040805e+00 1.054930e+01
      vertex   -4.076866e+00 -2.894679e+00 7.366198e+00
    endloop
  endfacet
  facet normal -8.047261e-01 -5.936462e-01 0.000000e+00
    outer loop
      vertex   -4.076866e+00 -2.894679e+00 7.366198e+00
      vertex   -3.969069e+00 -3.040805e+00 1.054930e+01
      vertex   -4.076866e+00 -2.894679e+00 1.054930e+01
    endloop
  endfacet
  facet normal -8.257513e-01 -5.640343e-01 0.000000e+00
    outer loop
      vertex   -4.076866e+00 -2.894679e+00 7.366198e+00
      vertex   -4.076866e+00 -2.894679e+00 1.054930e+01
      vertex   -4.179286e+00 -2.744735e+00 7.366198e+00
    endloop
  endfacet
  facet normal -8.257513e-01 -5.640343e-01 0.000000e+00
    outer loop
      vertex   -4.179286e+00 -2.744735e+00 7.366198e+00
      vertex   -4.076866e+00 -2.894679e+00 1.054930e+01
      vertex   -4.179286e+00 -2.744735e+00 1.054930e+01
    endloop
  endfacet
  facet normal -8.456874e-01 -5.336785e-01 0.000000e+00
    outer loop
      vertex   -4.179286e+00 -2.744735e+00 7.366198e+00
      vertex   -4.179286e+00 -2.744735e+00 1.054930e+01
      vertex   -4.276194e+00 -2.591171e+00 7.366198e+00
    endloop
  endfacet
  facet normal -8.456874e-01 -5.336785e-01 0.000000e+00
    outer loop
      vertex   -4.276194e+00 -2.591171e+00 7.366198e+00
      vertex   -4.179286e+00 -2.744735e+00 1.054930e+01
      vertex   -4.276194e+00 -2.591171e+00 1.054930e+01
    endloop
  endfacet
  facet normal -8.645081e-01 -5.026188e-01 0.000000e+00
    outer loop
      vertex   -4.276194e+00 -2.591171e+00 7.366198e+00
      vertex   -4.276194e+00 -2.591171e+00 1.054930e+01
      vertex   -4.367462e+00 -2.434189e+00 7.366198e+00
    endloop
  endfacet
  facet normal -8.645081e-01 -5.026188e-01 0.000000e+00
    outer loop
      vertex   -4.367462e+00 -2.434189e+00 7.366198e+00
      vertex   -4.276194e+00 -2.591171e+00 1.054930e+01
      vertex   -4.367462e+00 -2.434189e+00 1.054930e+01
    endloop
  endfacet
  facet normal -8.821886e-01 -4.708962e-01 0.000000e+00
    outer loop
      vertex   -4.367462e+00 -2.434189e+00 7.366198e+00
      vertex   -4.367462e+00 -2.434189e+00 1.054930e+01
      vertex   -4.452970e+00 -2.273997e+00 7.366198e+00
    endloop
  endfacet
  facet normal -8.821886e-01 -4.708962e-01 0.000000e+00
    outer loop
      vertex   -4.452970e+00 -2.273997e+00 7.366198e+00
      vertex   -4.367462e+00 -2.434189e+00 1.054930e+01
      vertex   -4.452970e+00 -2.273997e+00 1.054930e+01
    endloop
  endfacet
  facet normal -8.987056e-01 -4.385525e-01 0.000000e+00
    outer loop
      vertex   -4.452970e+00 -2.273997e+00 7.366198e+00
      vertex   -4.452970e+00 -2.273997e+00 1.054930e+01
      vertex   -4.532604e+00 -2.110805e+00 7.366198e+00
    endloop
  endfacet
  facet normal -8.987056e-01 -4.385525e-01 0.000000e+00
    outer loop
      vertex   -4.532604e+00 -2.110805e+00 7.366198e+00
      vertex   -4.452970e+00 -2.273997e+00 1.054930e+01
      vertex   -4.532604e+00 -2.110805e+00 1.054930e+01
    endloop
  endfacet
  facet normal -9.140372e-01 -4.056304e-01 0.000000e+00
    outer loop
      vertex   -4.532604e+00 -2.110805e+00 7.366198e+00
      vertex   -4.532604e+00 -2.110805e+00 1.054930e+01
      vertex   -4.606261e+00 -1.944830e+00 7.366198e+00
    endloop
  endfacet
  facet normal -9.140372e-01 -4.056304e-01 0.000000e+00
    outer loop
      vertex   -4.606261e+00 -1.944830e+00 7.366198e+00
      vertex   -4.532604e+00 -2.110805e+00 1.054930e+01
      vertex   -4.606261e+00 -1.944830e+00 1.054930e+01
    endloop
  endfacet
  facet normal -9.281633e-01 -3.721733e-01 0.000000e+00
    outer loop
      vertex   -4.606261e+00 -1.944830e+00 7.366198e+00
      vertex   -4.606261e+00 -1.944830e+00 1.054930e+01
      vertex   -4.673842e+00 -1.776289e+00 7.366198e+00
    endloop
  endfacet
  facet normal -9.281633e-01 -3.721733e-01 0.000000e+00
    outer loop
      vertex   -4.673842e+00 -1.776289e+00 7.366198e+00
      vertex   -4.606261e+00 -1.944830e+00 1.054930e+01
      vertex   -4.673842e+00 -1.776289e+00 1.054930e+01
    endloop
  endfacet
  facet normal -9.410652e-01 -3.382253e-01 0.000000e+00
    outer loop
      vertex   -4.673842e+00 -1.776289e+00 7.366198e+00
      vertex   -4.673842e+00 -1.776289e+00 1.054930e+01
      vertex   -4.735258e+00 -1.605406e+00 7.366198e+00
    endloop
  endfacet
  facet normal -9.410652e-01 -3.382253e-01 0.000000e+00
    outer loop
      vertex   -4.735258e+00 -1.605406e+00 7.366198e+00
      vertex   -4.673842e+00 -1.776289e+00 1.054930e+01
      vertex   -4.735258e+00 -1.605406e+00 1.054930e+01
    endloop
  endfacet
  facet normal -9.527259e-01 -3.038312e-01 0.000000e+00
    outer loop
      vertex   -4.735258e+00 -1.605406e+00 7.366198e+00
      vertex   -4.735258e+00 -1.605406e+00 1.054930e+01
      vertex   -4.790430e+00 -1.432405e+00 7.366198e+00
    endloop
  endfacet
  facet normal -9.527259e-01 -3.038312e-01 0.000000e+00
    outer loop
      vertex   -4.790430e+00 -1.432405e+00 7.366198e+00
      vertex   -4.735258e+00 -1.605406e+00 1.054930e+01
      vertex   -4.790430e+00 -1.432405e+00 1.054930e+01
    endloop
  endfacet
  facet normal -9.631300e-01 -2.690364e-01 0.000000e+00
    outer loop
      vertex   -4.790430e+00 -1.432405e+00 7.366198e+00
      vertex   -4.790430e+00 -1.432405e+00 1.054930e+01
      vertex   -4.839283e+00 -1.257515e+00 7.366198e+00
    endloop
  endfacet
  facet normal -9.631300e-01 -2.690364e-01 0.000000e+00
    outer loop
      vertex   -4.839283e+00 -1.257515e+00 7.366198e+00
      vertex   -4.790430e+00 -1.432405e+00 1.054930e+01
      vertex   -4.839283e+00 -1.257515e+00 1.054930e+01
    endloop
  endfacet
  facet normal -9.722638e-01 -2.338868e-01 0.000000e+00
    outer loop
      vertex   -4.839283e+00 -1.257515e+00 7.366198e+00
      vertex   -4.839283e+00 -1.257515e+00 1.054930e+01
      vertex   -4.881753e+00 -1.080967e+00 7.366198e+00
    endloop
  endfacet
  facet normal -9.722638e-01 -2.338868e-01 0.000000e+00
    outer loop
      vertex   -4.881753e+00 -1.080967e+00 7.366198e+00
      vertex   -4.839283e+00 -1.257515e+00 1.054930e+01
      vertex   -4.881753e+00 -1.080967e+00 1.054930e+01
    endloop
  endfacet
  facet normal -9.801153e-01 -1.984287e-01 0.000000e+00
    outer loop
      vertex   -4.881753e+00 -1.080967e+00 7.366198e+00
      vertex   -4.881753e+00 -1.080967e+00 1.054930e+01
      vertex   -4.917784e+00 -9.029926e-01 7.366198e+00
    endloop
  endfacet
  facet normal -9.801153e-01 -1.984287e-01 0.000000e+00
    outer loop
      vertex   -4.917784e+00 -9.029926e-01 7.366198e+00
      vertex   -4.881753e+00 -1.080967e+00 1.054930e+01
      vertex   -4.917784e+00 -9.029926e-01 1.054930e+01
    endloop
  endfacet
  facet normal -9.866741e-01 -1.627088e-01 0.000000e+00
    outer loop
      vertex   -4.917784e+00 -9.029926e-01 7.366198e+00
      vertex   -4.917784e+00 -9.029926e-01 1.054930e+01
      vertex   -4.947330e+00 -7.238274e-01 7.366198e+00
    endloop
  endfacet
  facet normal -9.866741e-01 -1.627088e-01 0.000000e+00
    outer loop
      vertex   -4.947330e+00 -7.238274e-01 7.366198e+00
      vertex   -4.917784e+00 -9.029926e-01 1.054930e+01
      vertex   -4.947330e+00 -7.238274e-01 1.054930e+01
    endloop
  endfacet
  facet normal -9.919316e-01 -1.267744e-01 0.000000e+00
    outer loop
      vertex   -4.947330e+00 -7.238274e-01 7.366198e+00
      vertex   -4.947330e+00 -7.238274e-01 1.054930e+01
      vertex   -4.970350e+00 -5.437076e-01 7.366198e+00
    endloop
  endfacet
  facet normal -9.919316e-01 -1.267744e-01 0.000000e+00
    outer loop
      vertex   -4.970350e+00 -5.437076e-01 7.366198e+00
      vertex   -4.947330e+00 -7.238274e-01 1.054930e+01
      vertex   -4.970350e+00 -5.437076e-01 1.054930e+01
    endloop
  endfacet
  facet normal -9.958807e-01 -9.067277e-02 0.000000e+00
    outer loop
      vertex   -4.970350e+00 -5.437076e-01 7.366198e+00
      vertex   -4.970350e+00 -5.437076e-01 1.054930e+01
      vertex   -4.986815e+00 -3.628706e-01 7.366198e+00
    endloop
  endfacet
  facet normal -9.958807e-01 -9.067277e-02 0.000000e+00
    outer loop
      vertex   -4.986815e+00 -3.628706e-01 7.366198e+00
      vertex   -4.970350e+00 -5.437076e-01 1.054930e+01
      vertex   -4.986815e+00 -3.628706e-01 1.054930e+01
    endloop
  endfacet
  facet normal -9.985164e-01 -5.445154e-02 0.000000e+00
    outer loop
      vertex   -4.986815e+00 -3.628706e-01 7.366198e+00
      vertex   -4.986815e+00 -3.628706e-01 1.054930e+01
      vertex   -4.996703e+00 -1.815550e-01 7.366198e+00
    endloop
  endfacet
  facet normal -9.985164e-01 -5.445154e-02 0.000000e+00
    outer loop
      vertex   -4.996703e+00 -1.815550e-01 7.366198e+00
      vertex   -4.986815e+00 -3.628706e-01 1.054930e+01
      vertex   -4.996703e+00 -1.815550e-01 1.054930e+01
    endloop
  endfacet
  facet normal -9.998351e-01 -1.815850e-02 0.000000e+00
    outer loop
      vertex   -4.996703e+00 -1.815550e-01 7.366198e+00
      vertex   -4.996703e+00 -1.815550e-01 1.054930e+01
      vertex   -5.000000e+00 6.123234e-16 7.366198e+00
    endloop
  endfacet
  facet normal -9.998351e-01 -1.815850e-02 -6.986194e-18
    outer loop
      vertex   -5.000000e+00 6.123234e-16 7.366198e+00
      vertex   -4.996703e+00 -1.815550e-01 1.054930e+01
      vertex   -5.000000e+00 -6.123234e-16 1.054930e+01
    endloop
  endfacet
  facet normal 0.000000e+00 0.000000e+00 -1.000000e+00
    outer loop
      vertex   4.996703e+00 -1.815550e-01 1.000000e+00
      vertex   -4.999176e+00 -9.079249e-02 1.000000e+00
      vertex   5.000000e+00 0.000000e+00 1.000000e+00
    endloop
  endfacet
  facet normal -0.000000e+00 0.000000e+00 -1.000000e+00
    outer loop
      vertex   5.000000e+00 0.000000e+00 1.000000e+00
      vertex   -4.999176e+00 -9.079249e-02 1.000000e+00
      vertex   -4.999176e+00 9.079249e-02 1.000000e+00
    endloop
  endfacet
  facet normal 0.000000e+00 0.000000e+00 -1.000000e+00
    outer loop
      vertex   5.000000e+00 0.000000e+00 1.000000e+00
      vertex   -4.999176e+00 9.079249e-02 1.000000e+00
      vertex   4.996703e+00 1.815550e-01 1.000000e+00
    endloop
  endfacet
  facet normal -0.000000e+00 0.000000e+00 -1.000000e+00
    outer loop
      vertex   4.996703e+00 1.815550e-01 1.000000e+00
      vertex   -4.999176e+00 9.079249e-02 1.000000e+00
      vertex   -4.992582e+00 2.722577e-01 1.000000e+00
    endloop
  endfacet
  facet normal 0.000000e+00 0.000000e+00 -1.000000e+00
    outer loop
      vertex   4.996703e+00 1.815550e-01 1.000000e+00
      vertex   -4.992582e+00 2.722577e-01 1.000000e+00
      vertex   4.986815e+00 3.628706e-01 1.000000e+00
    endloop
  endfacet
  facet normal -0.000000e+00 0.000000e+00 -1.000000e+00
    outer loop
      vertex   4.986815e+00 3.628706e-01 1.000000e+00
      vertex   -4.992582e+00 2.722577e-01 1.000000e+00
      vertex   -4.979404e+00 4.533638e-01 1.000000e+00
    endloop
  endfacet
  facet normal 0.000000e+00 0.000000e+00 -1.000000e+00
    outer loop
      vertex   4.986815e+00 3.628706e-01 1.000000e+00
      vertex   -4.979404e+00 4.533638e-01 1.000000e+00
      vertex   4.970350e+00 5.437076e-01 1.000000e+00
    endloop
  endfacet
  facet normal -0.000000e+00 0.000000e+00 -1.000000e+00
    outer loop
      vertex   4.970350e+00 5.437076e-01 1.000000e+00
      vertex   -4.979404e+00 4.533638e-01 1.000000e+00
      vertex   -4.959658e+00 6.338720e-01 1.000000e+00
    endloop
  endfacet
  facet normal 0.000000e+00 0.000000e+00 -1.000000e+00
    outer loop
      vertex   4.970350e+00 5.437076e-01 1.000000e+00
      vertex   -4.959658e+00 6.338720e-01 1.000000e+00
      vertex   4.947330e+00 7.238274e-01 1.000000e+00
    endloop
  endfacet
  facet normal -0.000000e+00 0.000000e+00 -1.000000e+00
    outer loop
      vertex   4.947330e+00 7.238274e-01 1.000000e+00
      vertex   -4.959658e+00 6.338720e-01 1.000000e+00
      vertex   -4.933371e+00 8.135442e-01 1.000000e+00
    endloop
  endfacet
  facet normal 0.000000e+00 0.000000e+00 -1.000000e+00
    outer loop
      vertex   4.947330e+00 7.238274e-01 1.000000e+00
      vertex   -4.933371e+00 8.135442e-01 1.000000e+00
      vertex   4.917784e+00 9.029926e-01 1.000000e+00
    endloop
  endfacet
  facet normal -0.000000e+00 0.000000e+00 -1.000000e+00
    outer loop
      vertex   4.917784e+00 9.029926e-01 1.000000e+00
      vertex   -4.933371e+00 8.135442e-01 1.000000e+00
      vertex   -4.900577e+00 9.921433e-01 1.000000e+00
    endloop
  endfacet
  facet normal 0.000000e+00 0.000000e+00 -1.000000e+00
    outer loop
      vertex   4.917784e+00 9.029926e-01 1.000000e+00
      vertex   -4.900577e+00 9.921433e-01 1.000000e+00
      vertex   4.881753e+00 1.080967e+00 1.000000e+00
    endloop
  endfacet
  facet normal -0.000000e+00 0.000000e+00 -1.000000e+00
    outer loop
      vertex   4.881753e+00 1.080967e+00 1.000000e+00
      vertex   -4.900577e+00 9.921433e-01 1.000000e+00
      vertex   -4.861319e+00 1.169434e+00 1.000000e+00
    endloop
  endfacet
  facet normal 0.000000e+00 0.000000e+00 -1.000000e+00
    outer loop
      vertex   4.881753e+00 1.080967e+00 1.000000e+00
      vertex   -4.861319e+00 1.169434e+00 1.000000e+00
      vertex   4.839283e+00 1.257515e+00 1.000000e+00
    endloop
  endfacet
  facet normal -0.000000e+00 0.000000e+00 -1.000000e+00
    outer loop
      vertex   4.839283e+00 1.257515e+00 1.000000e+00
      vertex   -4.861319e+00 1.169434e+00 1.000000e+00
      vertex   -4.815650e+00 1.345182e+00 1.000000e+00
    endloop
  endfacet
  facet normal 0.000000e+00 0.000000e+00 -1.000000e+00
    outer loop
      vertex   4.839283e+00 1.257515e+00 1.000000e+00
      vertex   -4.815650e+00 1.345182e+00 1.000000e+00
      vertex   4.790430e+00 1.432405e+00 1.000000e+00
    endloop
  endfacet
  facet normal -0.000000e+00 0.000000e+00 -1.000000e+00
    outer loop
      vertex   4.790430e+00 1.432405e+00 1.000000e+00
      vertex   -4.815650e+00 1.345182e+00 1.000000e+00
      vertex   -4.763629e+00 1.519156e+00 1.000000e+00
    endloop
  endfacet
  facet normal 0.000000e+00 0.000000e+00 -1.000000e+00
    outer loop
      vertex   4.790430e+00 1.432405e+00 1.000000e+00
      vertex   -4.763629e+00 1.519156e+00 1.000000e+00
      vertex   4.735258e+00 1.605406e+00 1.000000e+00
    endloop
  endfacet
  facet normal -0.000000e+00 0.000000e+00 -1.000000e+00
    outer loop
      vertex   4.735258e+00 1.605406e+00 1.000000e+00
      vertex   -4.763629e+00 1.519156e+00 1.000000e+00
      vertex   -4.705326e+00 1.691126e+00 1.000000e+00
    endloop
  endfacet
  facet normal 0.000000e+00 0.000000e+00 -1.000000e+00
    outer loop
      vertex   4.735258e+00 1.605406e+00 1.000000e+00
      vertex   -4.705326e+00 1.691126e+00 1.000000e+00
      vertex   4.673842e+00 1.776289e+00 1.000000e+00
    endloop
  endfacet
  facet normal -0.000000e+00 0.000000e+00 -1.000000e+00
    outer loop
      vertex   4.673842e+00 1.776289e+00 1.000000e+00
      vertex   -4.705326e+00 1.691126e+00 1.000000e+00
      vertex   -4.640816e+00 1.860866e+00 1.000000e+00
    endloop
  endfacet
  facet normal 0.000000e+00 0.000000e+00 -1.000000e+00
    outer loop
      vertex   4.673842e+00 1.776289e+00 1.000000e+00
      vertex   -4.640816e+00 1.860866e+00 1.000000e+00
      vertex   4.606261e+00 1.944830e+00 1.000000e+00
    endloop
  endfacet
  facet normal -0.000000e+00 0.000000e+00 -1.000000e+00
    outer loop
      vertex   4.606261e+00 1.944830e+00 1.000000e+00
      vertex   -4.640816e+00 1.860866e+00 1.000000e+00
      vertex   -4.570186e+00 2.028152e+00 1.000000e+00
    endloop
  endfacet
  facet normal 0.000000e+00 0.000000e+00 -1.000000e+00
    outer loop
      vertex   4.606261e+00 1.944830e+00 1.000000e+00
      vertex   -4.570186e+00 2.028152e+00 1.000000e+00
      vertex   4.532604e+00 2.110805e+00 1.000000e+00
    endloop
  endfacet
  facet normal -0.000000e+00 0.000000e+00 -1.000000e+00
    outer loop
      vertex   4.532604e+00 2.110805e+00 1.000000e+00
      vertex   -4.570186e+00 2.028152e+00 1.000000e+00
      vertex   -4.493528e+00 2.192762e+00 1.000000e+00
    endloop
  endfacet
  facet normal 0.000000e+00 0.000000e+00 -1.000000e+00
    outer loop
      vertex   4.532604e+00 2.110805e+00 1.000000e+00
      vertex   -4.493528e+00 2.192762e+00 1.000000e+00
      vertex   4.452970e+00 2.273997e+00 1.000000e+00
    endloop
  endfacet
  facet normal -0.000000e+00 0.000000e+00 -1.000000e+00
    outer loop
      vertex   4.452970e+00 2.273997e+00 1.000000e+00
      vertex   -4.493528e+00 2.192762e+00 1.000000e+00
      vertex   -4.410943e+00 2.354481e+00 1.000000e+00
    endloop
  endfacet
  facet normal 0.000000e+00 0.000000e+00 -1.000000e+00
    outer loop
      vertex   4.452970e+00 2.273997e+00 1.000000e+00
      vertex   -4.410943e+00 2.354481e+00 1.000000e+00
      vertex   4.367462e+00 2.434189e+00 1.000000e+00
    endloop
  endfacet
  facet normal -0.000000e+00 0.000000e+00 -1.000000e+00
    outer loop
      vertex   4.367462e+00 2.434189e+00 1.000000e+00
      vertex   -4.410943e+00 2.354481e+00 1.000000e+00
      vertex   -4.322541e+00 2.513094e+00 1.000000e+00
    endloop
  endfacet
  facet normal 0.000000e+00 0.000000e+00 -1.000000e+00
    outer loop
      vertex   4.367462e+00 2.434189e+00 1.000000e+00
      vertex   -4.322541e+00 2.513094e+00 1.000000e+00
      vertex   4.276194e+00 2.591171e+00 1.000000e+00
    endloop
  endfacet
  facet normal -0.000000e+00 0.000000e+00 -1.000000e+00
    outer loop
      vertex   4.276194e+00 2.591171e+00 1.000000e+00
      vertex   -4.322541e+00 2.513094e+00 1.000000e+00
      vertex   -4.228437e+00 2.668393e+00 1.000000e+00
    endloop
  endfacet
  facet normal 0.000000e+00 0.000000e+00 -1.000000e+00
    outer loop
      vertex   4.276194e+00 2.591171e+00 1.000000e+00
      vertex   -4.228437e+00 2.668393e+00 1.000000e+00
      vertex   4.179286e+00 2.744735e+00 1.000000e+00
    endloop
  endfacet
  facet normal -0.000000e+00 0.000000e+00 -1.000000e+00
    outer loop
      vertex   4.179286e+00 2.744735e+00 1.000000e+00
      vertex   -4.228437e+00 2.668393e+00 1.000000e+00
      vertex   4.076866e+00 2.894679e+00 1.000000e+00
    endloop
  endfacet
  facet normal -0.000000e+00 0.000000e+00 -1.000000e+00
    outer loop
      vertex   4.076866e+00 2.894679e+00 1.000000e+00
      vertex   -4.228437e+00 2.668393e+00 1.000000e+00
      vertex   3.969069e+00 3.040805e+00 1.000000e+00
    endloop
  endfacet
  facet normal -0.000000e+00 0.000000e+00 -1.000000e+00
    outer loop
      vertex   3.969069e+00 3.040805e+00 1.000000e+00
      vertex   -4.228437e+00 2.668393e+00 1.000000e+00
      vertex   3.856037e+00 3.182920e+00 1.000000e+00
    endloop
  endfacet
  facet normal -0.000000e+00 0.000000e+00 -1.000000e+00
    outer loop
      vertex   3.856037e+00 3.182920e+00 1.000000e+00
      vertex   -4.228437e+00 2.668393e+00 1.000000e+00
      vertex   3.737919e+00 3.320838e+00 1.000000e+00
    endloop
  endfacet
  facet normal 0.000000e+00 0.000000e+00 -1.000000e+00
    outer loop
      vertex   3.737919e+00 3.320838e+00 1.000000e+00
      vertex   -4.228437e+00 2.668393e+00 1.000000e+00
      vertex   -4.128757e+00 2.820172e+00 1.000000e+00
    endloop
  endfacet
  facet normal -0.000000e+00 0.000000e+00 -1.000000e+00
    outer loop
      vertex   3.737919e+00 3.320838e+00 1.000000e+00
      vertex   -4.128757e+00 2.820172e+00 1.000000e+00
      vertex   3.614871e+00 3.454376e+00 1.000000e+00
    endloop
  endfacet
  facet normal -0.000000e+00 0.000000e+00 -1.000000e+00
    outer loop
      vertex   3.614871e+00 3.454376e+00 1.000000e+00
      vertex   -4.128757e+00 2.820172e+00 1.000000e+00
      vertex   3.487055e+00 3.583357e+00 1.000000e+00
    endloop
  endfacet
  facet normal -0.000000e+00 0.000000e+00 -1.000000e+00
    outer loop
      vertex   3.487055e+00 3.583357e+00 1.000000e+00
      vertex   -4.128757e+00 2.820172e+00 1.000000e+00
      vertex   3.354640e+00 3.707613e+00 1.000000e+00
    endloop
  endfacet
  facet normal -0.000000e+00 0.000000e+00 -1.000000e+00
    outer loop
      vertex   3.354640e+00 3.707613e+00 1.000000e+00
      vertex   -4.128757e+00 2.820172e+00 1.000000e+00
      vertex   3.217801e+00 3.826978e+00 1.000000e+00
    endloop
  endfacet
  facet normal -0.000000e+00 0.000000e+00 -1.000000e+00
    outer loop
      vertex   3.217801e+00 3.826978e+00 1.000000e+00
      vertex   -4.128757e+00 2.820172e+00 1.000000e+00
      vertex   3.076717e+00 3.941296e+00 1.000000e+00
    endloop
  endfacet
  facet normal -0.000000e+00 0.000000e+00 -1.000000e+00
    outer loop
      vertex   3.076717e+00 3.941296e+00 1.000000e+00
      vertex   -4.128757e+00 2.820172e+00 1.000000e+00
      vertex   2.931576e+00 4.050415e+00 1.000000e+00
    endloop
  endfacet
  facet normal -0.000000e+00 0.000000e+00 -1.000000e+00
    outer loop
      vertex   2.931576e+00 4.050415e+00 1.000000e+00
      vertex   -4.128757e+00 2.820172e+00 1.000000e+00
      vertex   2.782568e+00 4.154193e+00 1.000000e+00
    endloop
  endfacet
  facet normal -0.000000e+00 0.000000e+00 -1.000000e+00
    outer loop
      vertex   2.782568e+00 4.154193e+00 1.000000e+00
      vertex   -4.128757e+00 2.820172e+00 1.000000e+00
      vertex   2.629890e+00 4.252491e+00 1.000000e+00
    endloop
  endfacet
  facet normal -0.000000e+00 0.000000e+00 -1.000000e+00
    outer loop
      vertex   2.629890e+00 4.252491e+00 1.000000e+00
      vertex   -4.128757e+00 2.820172e+00 1.000000e+00
      vertex   2.473743e+00 4.345181e+00 1.000000e+00
    endloop
  endfacet
  facet normal -0.000000e+00 0.000000e+00 -1.000000e+00
    outer loop
      vertex   2.473743e+00 4.345181e+00 1.000000e+00
      vertex   -4.128757e+00 2.820172e+00 1.000000e+00
      vertex   2.314334e+00 4.432139e+00 1.000000e+00
    endloop
  endfacet
  facet normal -0.000000e+00 0.000000e+00 -1.000000e+00
    outer loop
      vertex   2.314334e+00 4.432139e+00 1.000000e+00
      vertex   -4.128757e+00 2.820172e+00 1.000000e+00
      vertex   2.151873e+00 4.513252e+00 1.000000e+00
    endloop
  endfacet
  facet normal -0.000000e+00 0.000000e+00 -1.000000e+00
    outer loop
      vertex   2.151873e+00 4.513252e+00 1.000000e+00
      vertex   -4.128757e+00 2.820172e+00 1.000000e+00
      vertex   1.986573e+00 4.588412e+00 1.000000e+00
    endloop
  endfacet
  facet normal -0.000000e+00 0.000000e+00 -1.000000e+00
    outer loop
      vertex   1.986573e+00 4.588412e+00 1.000000e+00
      vertex   -4.128757e+00 2.820172e+00 1.000000e+00
      vertex   1.818653e+00 4.657521e+00 1.000000e+00
    endloop
  endfacet
  facet normal -0.000000e+00 0.000000e+00 -1.000000e+00
    outer loop
      vertex   1.818653e+00 4.657521e+00 1.000000e+00
      vertex   -4.128757e+00 2.820172e+00 1.000000e+00
      vertex   1.648334e+00 4.720487e+00 1.000000e+00
    endloop
  endfacet
  facet normal -0.000000e+00 0.000000e+00 -1.000000e+00
    outer loop
      vertex   1.648334e+00 4.720487e+00 1.000000e+00
      vertex   -4.128757e+00 2.820172e+00 1.000000e+00
      vertex   1.475842e+00 4.777226e+00 1.000000e+00
    endloop
  endfacet
  facet normal -0.000000e+00 0.000000e+00 -1.000000e+00
    outer loop
      vertex   1.475842e+00 4.777226e+00 1.000000e+00
      vertex   -4.128757e+00 2.820172e+00 1.000000e+00
      vertex   1.301402e+00 4.827665e+00 1.000000e+00
    endloop
  endfacet
  facet normal -0.000000e+00 0.000000e+00 -1.000000e+00
    outer loop
      vertex   1.301402e+00 4.827665e+00 1.000000e+00
      vertex   -4.128757e+00 2.820172e+00 1.000000e+00
      vertex   1.125247e+00 4.871737e+00 1.000000e+00
    endloop
  endfacet
  facet normal -0.000000e+00 0.000000e+00 -1.000000e+00
    outer loop
      vertex   1.125247e+00 4.871737e+00 1.000000e+00
      vertex   -4.128757e+00 2.820172e+00 1.000000e+00
      vertex   9.476070e-01 4.909383e+00 1.000000e+00
    endloop
  endfacet
  facet normal -0.000000e+00 0.000000e+00 -1.000000e+00
    outer loop
      vertex   9.476070e-01 4.909383e+00 1.000000e+00
      vertex   -4.128757e+00 2.820172e+00 1.000000e+00
      vertex   7.687175e-01 4.940554e+00 1.000000e+00
    endloop
  endfacet
  facet normal -0.000000e+00 0.000000e+00 -1.000000e+00
    outer loop
      vertex   7.687175e-01 4.940554e+00 1.000000e+00
      vertex   -4.128757e+00 2.820172e+00 1.000000e+00
      vertex   5.888141e-01 4.965209e+00 1.000000e+00
    endloop
  endfacet
  facet normal -0.000000e+00 0.000000e+00 -1.000000e+00
    outer loop
      vertex   5.888141e-01 4.965209e+00 1.000000e+00
      vertex   -4.128757e+00 2.820172e+00 1.000000e+00
      vertex   4.081340e-01 4.983315e+00 1.000000e+00
    endloop
  endfacet
  facet normal -0.000000e+00 0.000000e+00 -1.000000e+00
    outer loop
      vertex   4.081340e-01 4.983315e+00 1.000000e+00
      vertex   -4.128757e+00 2.820172e+00 1.000000e+00
      vertex   2.269157e-01 4.994848e+00 1.000000e+00
    endloop
  endfacet
  facet normal -0.000000e+00 0.000000e+00 -1.000000e+00
    outer loop
      vertex   2.269157e-01 4.994848e+00 1.000000e+00
      vertex   -4.128757e+00 2.820172e+00 1.000000e+00
      vertex   4.539811e-02 4.999794e+00 1.000000e+00
    endloop
  endfacet
  facet normal 0.000000e+00 0.000000e+00 -1.000000e+00
    outer loop
      vertex   4.539811e-02 4.999794e+00 1.000000e+00
      vertex   -4.128757e+00 2.820172e+00 1.000000e+00
      vertex   -1.361794e-01 4.998145e+00 1.000000e+00
    endloop
  endfacet
  facet normal 0.000000e+00 0.000000e+00 -1.000000e+00
    outer loop
      vertex   -1.361794e-01 4.998145e+00 1.000000e+00
      vertex   -4.128757e+00 2.820172e+00 1.000000e+00
      vertex   -3.175772e-01 4.989904e+00 1.000000e+00
    endloop
  endfacet
  facet normal 0.000000e+00 0.000000e+00 -1.000000e+00
    outer loop
      vertex   -3.175772e-01 4.989904e+00 1.000000e+00
      vertex   -4.128757e+00 2.820172e+00 1.000000e+00
      vertex   -4.985563e-01 4.975082e+00 1.000000e+00
    endloop
  endfacet
  facet normal 0.000000e+00 0.000000e+00 -1.000000e+00
    outer loop
      vertex   -4.985563e-01 4.975082e+00 1.000000e+00
      vertex   -4.128757e+00 2.820172e+00 1.000000e+00
      vertex   -6.788777e-01 4.953698e+00 1.000000e+00
    endloop
  endfacet
  facet normal 0.000000e+00 0.000000e+00 -1.000000e+00
    outer loop
      vertex   -6.788777e-01 4.953698e+00 1.000000e+00
      vertex   -4.128757e+00 2.820172e+00 1.000000e+00
      vertex   -8.583038e-01 4.925781e+00 1.000000e+00
    endloop
  endfacet
  facet normal 0.000000e+00 0.000000e+00 -1.000000e+00
    outer loop
      vertex   -8.583038e-01 4.925781e+00 1.000000e+00
      vertex   -4.128757e+00 2.820172e+00 1.000000e+00
      vertex   -1.036598e+00 4.891366e+00 1.000000e+00
    endloop
  endfacet
  facet normal 0.000000e+00 0.000000e+00 -1.000000e+00
    outer loop
      vertex   -1.036598e+00 4.891366e+00 1.000000e+00
      vertex   -4.128757e+00 2.820172e+00 1.000000e+00
      vertex   -1.213525e+00 4.850501e+00 1.000000e+00
    endloop
  endfacet
  facet normal 0.000000e+00 0.000000e+00 -1.000000e+00
    outer loop
      vertex   -1.213525e+00 4.850501e+00 1.000000e+00
      vertex   -4.128757e+00 2.820172e+00 1.000000e+00
      vertex   -1.388851e+00 4.803238e+00 1.000000e+00
    endloop
  endfacet
  facet normal 0.000000e+00 0.000000e+00 -1.000000e+00
    outer loop
      vertex   -1.388851e+00 4.803238e+00 1.000000e+00
      vertex   -4.128757e+00 2.820172e+00 1.000000e+00
      vertex   -1.562345e+00 4.749640e+00 1.000000e+00
    endloop
  endfacet
  facet normal 0.000000e+00 0.000000e+00 -1.000000e+00
    outer loop
      vertex   -1.562345e+00 4.749640e+00 1.000000e+00
      vertex   -4.128757e+00 2.820172e+00 1.000000e+00
      vertex   -1.733779e+00 4.689777e+00 1.000000e+00
    endloop
  endfacet
  facet normal 0.000000e+00 0.000000e+00 -1.000000e+00
    outer loop
      vertex   -1.733779e+00 4.689777e+00 1.000000e+00
      vertex   -4.128757e+00 2.820172e+00 1.000000e+00
      vertex   -1.902927e+00 4.623729e+00 1.000000e+00
    endloop
  endfacet
  facet normal 0.000000e+00 0.000000e+00 -1.000000e+00
    outer loop
      vertex   -1.902927e+00 4.623729e+00 1.000000e+00
      vertex   -4.128757e+00 2.820172e+00 1.000000e+00
      vertex   -2.069564e+00 4.551583e+00 1.000000e+00
    endloop
  endfacet
  facet normal 0.000000e+00 0.000000e+00 -1.000000e+00
    outer loop
      vertex   -2.069564e+00 4.551583e+00 1.000000e+00
      vertex   -4.128757e+00 2.820172e+00 1.000000e+00
      vertex   -2.233472e+00 4.473433e+00 1.000000e+00
    endloop
  endfacet
  facet normal 0.000000e+00 0.000000e+00 -1.000000e+00
    outer loop
      vertex   -2.233472e+00 4.473433e+00 1.000000e+00
      vertex   -4.128757e+00 2.820172e+00 1.000000e+00
      vertex   -2.394434e+00 4.389384e+00 1.000000e+00
    endloop
  endfacet
  facet normal 0.000000e+00 0.000000e+00 -1.000000e+00
    outer loop
      vertex   -2.394434e+00 4.389384e+00 1.000000e+00
      vertex   -4.128757e+00 2.820172e+00 1.000000e+00
      vertex   -2.552237e+00 4.299545e+00 1.000000e+00
    endloop
  endfacet
  facet normal 0.000000e+00 0.000000e+00 -1.000000e+00
    outer loop
      vertex   -2.552237e+00 4.299545e+00 1.000000e+00
      vertex   -4.128757e+00 2.820172e+00 1.000000e+00
      vertex   -2.706675e+00 4.204035e+00 1.000000e+00
    endloop
  endfacet
  facet normal 0.000000e+00 0.000000e+00 -1.000000e+00
    outer loop
      vertex   -2.706675e+00 4.204035e+00 1.000000e+00
      vertex   -4.128757e+00 2.820172e+00 1.000000e+00
      vertex   -2.857543e+00 4.102980e+00 1.000000e+00
    endloop
  endfacet
  facet normal 0.000000e+00 0.000000e+00 -1.000000e+00
    outer loop
      vertex   -2.857543e+00 4.102980e+00 1.000000e+00
      vertex   -4.128757e+00 2.820172e+00 1.000000e+00
      vertex   -3.004642e+00 3.996514e+00 1.000000e+00
    endloop
  endfacet
  facet normal 0.000000e+00 0.000000e+00 -1.000000e+00
    outer loop
      vertex   -3.004642e+00 3.996514e+00 1.000000e+00
      vertex   -4.128757e+00 2.820172e+00 1.000000e+00
      vertex   -3.147778e+00 3.884777e+00 1.000000e+00
    endloop
  endfacet
  facet normal 0.000000e+00 0.000000e+00 -1.000000e+00
    outer loop
      vertex   -3.147778e+00 3.884777e+00 1.000000e+00
      vertex   -4.128757e+00 2.820172e+00 1.000000e+00
      vertex   -3.286762e+00 3.767916e+00 1.000000e+00
    endloop
  endfacet
  facet normal 0.000000e+00 0.000000e+00 -1.000000e+00
    outer loop
      vertex   -3.286762e+00 3.767916e+00 1.000000e+00
      vertex   -4.128757e+00 2.820172e+00 1.000000e+00
      vertex   -3.421412e+00 3.646086e+00 1.000000e+00
    endloop
  endfacet
  facet normal 0.000000e+00 0.000000e+00 -1.000000e+00
    outer loop
      vertex   -3.421412e+00 3.646086e+00 1.000000e+00
      vertex   -4.128757e+00 2.820172e+00 1.000000e+00
      vertex   -3.551548e+00 3.519447e+00 1.000000e+00
    endloop
  endfacet
  facet normal 0.000000e+00 0.000000e+00 -1.000000e+00
    outer loop
      vertex   -3.551548e+00 3.519447e+00 1.000000e+00
      vertex   -4.128757e+00 2.820172e+00 1.000000e+00
      vertex   -3.677001e+00 3.388165e+00 1.000000e+00
    endloop
  endfacet
  facet normal 0.000000e+00 0.000000e+00 -1.000000e+00
    outer loop
      vertex   -3.677001e+00 3.388165e+00 1.000000e+00
      vertex   -4.128757e+00 2.820172e+00 1.000000e+00
      vertex   -3.797604e+00 3.252415e+00 1.000000e+00
    endloop
  endfacet
  facet normal 0.000000e+00 0.000000e+00 -1.000000e+00
    outer loop
      vertex   -3.797604e+00 3.252415e+00 1.000000e+00
      vertex   -4.128757e+00 2.820172e+00 1.000000e+00
      vertex   -3.913198e+00 3.112376e+00 1.000000e+00
    endloop
  endfacet
  facet normal 0.000000e+00 0.000000e+00 -1.000000e+00
    outer loop
      vertex   -3.913198e+00 3.112376e+00 1.000000e+00
      vertex   -4.128757e+00 2.820172e+00 1.000000e+00
      vertex   -4.023631e+00 2.968231e+00 1.000000e+00
    endloop
  endfacet
  facet normal 0.000000e+00 0.000000e+00 -1.000000e+00
    outer loop
      vertex   -4.999176e+00 -9.079249e-02 1.000000e+00
      vertex   4.996703e+00 -1.815550e-01 1.000000e+00
      vertex   -4.992582e+00 -2.722577e-01 1.000000e+00
    endloop
  endfacet
  facet normal 0.000000e+00 0.000000e+00 -1.000000e+00
    outer loop
      vertex   -4.992582e+00 -2.722577e-01 1.000000e+00
      vertex   4.996703e+00 -1.815550e-01 1.000000e+00
      vertex   4.986815e+00 -3.628706e-01 1.000000e+00
    endloop
  endfacet
  facet normal 0.000000e+00 0.000000e+00 -1.000000e+00
    outer loop
      vertex   -4.992582e+00 -2.722577e-01 1.000000e+00
      vertex   4.986815e+00 -3.628706e-01 1.000000e+00
      vertex   -4.979404e+00 -4.533638e-01 1.000000e+00
    endloop
  endfacet
  facet normal 0.000000e+00 0.000000e+00 -1.000000e+00
    outer loop
      vertex   -4.979404e+00 -4.533638e-01 1.000000e+00
      vertex   4.986815e+00 -3.628706e-01 1.000000e+00
      vertex   4.970350e+00 -5.437076e-01 1.000000e+00
    endloop
  endfacet
  facet normal 0.000000e+00 0.000000e+00 -1.000000e+00
    outer loop
      vertex   -4.979404e+00 -4.533638e-01 1.000000e+00
      vertex   4.970350e+00 -5.437076e-01 1.000000e+00
      vertex   -4.959658e+00 -6.338720e-01 1.000000e+00
    endloop
  endfacet
  facet normal 0.000000e+00 0.000000e+00 -1.000000e+00
    outer loop
      vertex   -4.959658e+00 -6.338720e-01 1.000000e+00
      vertex   4.970350e+00 -5.437076e-01 1.000000e+00
      vertex   4.947330e+00 -7.238274e-01 1.000000e+00
    endloop
  endfacet
  facet normal 0.000000e+00 0.000000e+00 -1.000000e+00
    outer loop
      vertex   -4.959658e+00 -6.338720e-01 1.000000e+00
      vertex   4.947330e+00 -7.238274e-01 1.000000e+00
      vertex   -4.933371e+00 -8.135442e-01 1.000000e+00
    endloop
  endfacet
  facet normal 0.000000e+00 0.000000e+00 -1.000000e+00
    outer loop
      vertex   -4.933371e+00 -8.135442e-01 1.000000e+00
      vertex   4.947330e+00 -7.238274e-01 1.000000e+00
      vertex   4.917784e+00 -9.029926e-01 1.000000e+00
    endloop
  endfacet
  facet normal 0.000000e+00 0.000000e+00 -1.000000e+00
    outer loop
      vertex   -4.933371e+00 -8.135442e-01 1.000000e+00
      vertex   4.917784e+00 -9.029926e-01 1.000000e+00
      vertex   -4.900577e+00 -9.921433e-01 1.000000e+00
    endloop
  endfacet
  facet normal 0.000000e+00 0.000000e+00 -1.000000e+00
    outer loop
      vertex   -4.900577e+00 -9.921433e-01 1.000000e+00
      vertex   4.917784e+00 -9.029926e-01 1.000000e+00
      vertex   4.881753e+00 -1.080967e+00 1.000000e+00
    endloop
  endfacet
  facet normal 0.000000e+00 0.000000e+00 -1.000000e+00
    outer loop
      vertex   -4.900577e+00 -9.921433e-01 1.000000e+00
      vertex   4.881753e+00 -1.080967e+00 1.000000e+00
      vertex   -4.861319e+00 -1.169434e+00 1.000000e+00
    endloop
  endfacet
  facet normal 0.000000e+00 0.000000e+00 -1.000000e+00
    outer loop
      vertex   -4.861319e+00 -1.169434e+00 1.000000e+00
      vertex   4.881753e+00 -1.080967e+00 1.000000e+00
      vertex   4.839283e+00 -1.257515e+00 1.000000e+00
    endloop
  endfacet
  facet normal 0.000000e+00 0.000000e+00 -1.000000e+00
    outer loop
      vertex   -4.861319e+00 -1.169434e+00 1.000000e+00
      vertex   4.839283e+00 -1.257515e+00 1.000000e+00
      vertex   -4.815650e+00 -1.345182e+00 1.000000e+00
    endloop
  endfacet
  facet normal 0.000000e+00 0.000000e+00 -1.000000e+00
    outer loop
      vertex   -4.815650e+00 -1.345182e+00 1.000000e+00
      vertex   4.839283e+00 -1.257515e+00 1.000000e+00
      vertex   4.790430e+00 -1.432405e+00 1.000000e+00
    endloop
  endfacet
  facet normal 0.000000e+00 0.000000e+00 -1.000000e+00
    outer loop
      vertex   -4.815650e+00 -1.345182e+00 1.000000e+00
      vertex   4.790430e+00 -1.432405e+00 1.000000e+00
      vertex   -4.763629e+00 -1.519156e+00 1.000000e+00
    endloop
  endfacet
  facet normal 0.000000e+00 0.000000e+00 -1.000000e+00
    outer loop
      vertex   -4.763629e+00 -1.519156e+00 1.000000e+00
      vertex   4.790430e+00 -1.432405e+00 1.000000e+00
      vertex   4.735258e+00 -1.605406e+00 1.000000e+00
    endloop
  endfacet
  facet normal 0.000000e+00 0.000000e+00 -1.000000e+00
    outer loop
      vertex   -4.763629e+00 -1.519156e+00 1.000000e+00
      vertex   4.735258e+00 -1.605406e+00 1.000000e+00
      vertex   -4.705326e+00 -1.691126e+00 1.000000e+00
    endloop
  endfacet
  facet normal 0.000000e+00 0.000000e+00 -1.000000e+00
    outer loop
      vertex   -4.705326e+00 -1.691126e+00 1.000000e+00
      vertex   4.735258e+00 -1.605406e+00 1.000000e+00
      vertex   4.673842e+00 -1.776289e+00 1.000000e+00
    endloop
  endfacet
  facet normal 0.000000e+00 0.000000e+00 -1.000000e+00
    outer loop
      vertex   -4.705326e+00 -1.691126e+00 1.000000e+00
      vertex   4.673842e+00 -1.776289e+00 1.000000e+00
      vertex   -4.640816e+00 -1.860866e+00 1.000000e+00
    endloop
  endfacet
  facet normal 0.000000e+00 0.000000e+00 -1.000000e+00
    outer loop
      vertex   -4.640816e+00 -1.860866e+00 1.000000e+00
      vertex   4.673842e+00 -1.776289e+00 1.000000e+00
      vertex   4.606261e+00 -1.944830e+00 1.000000e+00
    endloop
  endfacet
  facet normal 0.000000e+00 0.000000e+00 -1.000000e+00
    outer loop
      vertex   -4.640816e+00 -1.860866e+00 1.000000e+00
      vertex   4.606261e+00 -1.944830e+00 1.000000e+00
      vertex   -4.570186e+00 -2.028152e+00 1.000000e+00
    endloop
  endfacet
  facet normal 0.000000e+00 0.000000e+00 -1.000000e+00
    outer loop
      vertex   -4.570186e+00 -2.028152e+00 1.000000e+00
      vertex   4.606261e+00 -1.944830e+00 1.000000e+00
      vertex   4.532604e+00 -2.110805e+00 1.000000e+00
    endloop
  endfacet
  facet normal 0.000000e+00 0.000000e+00 -1.000000e+00
    outer loop
      vertex   -4.570186e+00 -2.028152e+00 1.000000e+00
      vertex   4.532604e+00 -2.110805e+00 1.000000e+00
      vertex   -4.493528e+00 -2.192762e+00 1.000000e+00
    endloop
  endfacet
  facet normal 0.000000e+00 0.000000e+00 -1.000000e+00
    outer loop
      vertex   -4.493528e+00 -2.192762e+00 1.000000e+00
      vertex   4.532604e+00 -2.110805e+00 1.000000e+00
      vertex   4.452970e+00 -2.273997e+00 1.000000e+00
    endloop
  endfacet
  facet normal 0.000000e+00 0.000000e+00 -1.000000e+00
    outer loop
      vertex   -4.493528e+00 -2.192762e+00 1.000000e+00
      vertex   4.452970e+00 -2.273997e+00 1.000000e+00
      vertex   -4.410943e+00 -2.354481e+00 1.000000e+00
    endloop
  endfacet
  facet normal 0.000000e+00 0.000000e+00 -1.000000e+00
    outer loop
      vertex   -4.410943e+00 -2.354481e+00 1.000000e+00
      vertex   4.452970e+00 -2.273997e+00 1.000000e+00
      vertex   4.367462e+00 -2.434189e+00 1.000000e+00
    endloop
  endfacet
  facet normal 0.000000e+00 0.000000e+00 -1.000000e+00
    outer loop
      vertex   -4.410943e+00 -2.354481e+00 1.000000e+00
      vertex   4.367462e+00 -2.434189e+00 1.000000e+00
      vertex   -4.322541e+00 -2.513094e+00 1.000000e+00
    endloop
  endfacet
  facet normal 0.000000e+00 0.000000e+00 -1.000000e+00
    outer loop
      vertex   -4.322541e+00 -2.513094e+00 1.000000e+00
      vertex   4.367462e+00 -2.434189e+00 1.000000e+00
      vertex   4.276194e+00 -2.591171e+00 1.000000e+00
    endloop
  endfacet
  facet normal 0.000000e+00 0.000000e+00 -1.000000e+00
    outer loop
      vertex   -4.322541e+00 -2.513094e+00 1.000000e+00
      vertex   4.276194e+00 -2.591171e+00 1.000000e+00
      vertex   -4.228437e+00 -2.668393e+00 1.000000e+00
    endloop
  endfacet
  facet normal 0.000000e+00 0.000000e+00 -1.000000e+00
    outer loop
      vertex   -4.228437e+00 -2.668393e+00 1.000000e+00
      vertex   4.276194e+00 -2.591171e+00 1.000000e+00
      vertex   4.179286e+00 -2.744735e+00 1.000000e+00
    endloop
  endfacet
  facet normal 0.000000e+00 0.000000e+00 -1.000000e+00
    outer loop
      vertex   -4.228437e+00 -2.668393e+00 1.000000e+00
      vertex   4.179286e+00 -2.744735e+00 1.000000e+00
      vertex   -4.128757e+00 -2.820172e+00 1.000000e+00
    endloop
  endfacet
  facet normal 0.000000e+00 0.000000e+00 -1.000000e+00
    outer loop
      vertex   -4.128757e+00 -2.820172e+00 1.000000e+00
      vertex   4.179286e+00 -2.744735e+00 1.000000e+00
      vertex   4.076866e+00 -2.894679e+00 1.000000e+00
    endloop
  endfacet
  facet normal 0.000000e+00 0.000000e+00 -1.000000e+00
    outer loop
      vertex   -4.128757e+00 -2.820172e+00 1.000000e+00
      vertex   4.076866e+00 -2.894679e+00 1.000000e+00
      vertex   -4.023631e+00 -2.968231e+00 1.000000e+00
    endloop
  endfacet
  facet normal 0.000000e+00 0.000000e+00 -1.000000e+00
    outer loop
      vertex   -4.023631e+00 -2.968231e+00 1.000000e+00
      vertex   4.076866e+00 -2.894679e+00 1.000000e+00
      vertex   3.969069e+00 -3.040805e+00 1.000000e+00
    endloop
  endfacet
  facet normal 0.000000e+00 0.000000e+00 -1.000000e+00
    outer loop
      vertex   -4.023631e+00 -2.968231e+00 1.000000e+00
      vertex   3.969069e+00 -3.040805e+00 1.000000e+00
      vertex   -3.913198e+00 -3.112376e+00 1.000000e+00
    endloop
  endfacet
  facet normal 0.000000e+00 0.000000e+00 -1.000000e+00
    outer loop
      vertex   -3.913198e+00 -3.112376e+00 1.000000e+00
      vertex   3.969069e+00 -3.040805e+00 1.000000e+00
      vertex   3.856037e+00 -3.182920e+00 1.000000e+00
    endloop
  endfacet
  facet normal 0.000000e+00 0.000000e+00 -1.000000e+00
    outer loop
      vertex   -3.913198e+00 -3.112376e+00 1.000000e+00
      vertex   3.856037e+00 -3.182920e+00 1.000000e+00
      vertex   -3.797604e+00 -3.252415e+00 1.000000e+00
    endloop
  endfacet
  facet normal 0.000000e+00 0.000000e+00 -1.000000e+00
    outer loop
      vertex   -3.797604e+00 -3.252415e+00 1.000000e+00
      vertex   3.856037e+00 -3.182920e+00 1.000000e+00
      vertex   3.737919e+00 -3.320838e+00 1.000000e+00
    endloop
  endfacet
  facet normal 0.000000e+00 0.000000e+00 -1.000000e+00
    outer loop
      vertex   -3.797604e+00 -3.252415e+00 1.000000e+00
      vertex   3.737919e+00 -3.320838e+00 1.000000e+00
      vertex   -3.677001e+00 -3.388165e+00 1.000000e+00
    endloop
  endfacet
  facet normal 0.000000e+00 0.000000e+00 -1.000000e+00
    outer loop
      vertex   -3.677001e+00 -3.388165e+00 1.000000e+00
      vertex   3.737919e+00 -3.320838e+00 1.000000e+00
      vertex   3.614871e+00 -3.454376e+00 1.000000e+00
    endloop
  endfacet
  facet normal 0.000000e+00 0.000000e+00 -1.000000e+00
    outer loop
      vertex   -3.677001e+00 -3.388165e+00 1.000000e+00
      vertex   3.614871e+00 -3.454376e+00 1.000000e+00
      vertex   -3.551548e+00 -3.519447e+00 1.000000e+00
    endloop
  endfacet
  facet normal 0.000000e+00 0.000000e+00 -1.000000e+00
    outer loop
      vertex   -3.551548e+00 -3.519447e+00 1.000000e+00
      vertex   3.614871e+00 -3.454376e+00 1.000000e+00
      vertex   3.487055e+00 -3.583357e+00 1.000000e+00
    endloop
  endfacet
  facet normal 0.000000e+00 0.000000e+00 -1.000000e+00
    outer loop
      vertex   -3.551548e+00 -3.519447e+00 1.000000e+00
      vertex   3.487055e+00 -3.583357e+00 1.000000e+00
      vertex   -3.421412e+00 -3.646086e+00 1.000000e+00
    endloop
  endfacet
  facet normal 0.000000e+00 0.000000e+00 -1.000000e+00
    outer loop
      vertex   -3.421412e+00 -3.646086e+00 1.000000e+00
      vertex   3.487055e+00 -3.583357e+00 1.000000e+00
      vertex   3.354640e+00 -3.707613e+00 1.000000e+00
    endloop
  endfacet
  facet normal 0.000000e+00 0.000000e+00 -1.000000e+00
    outer loop
      vertex   -3.421412e+00 -3.646086e+00 1.000000e+00
      vertex   3.354640e+00 -3.707613e+00 1.000000e+00
      vertex   -3.286762e+00 -3.767916e+00 1.000000e+00
    endloop
  endfacet
  facet normal 0.000000e+00 0.000000e+00 -1.000000e+00
    outer loop
      vertex   -3.286762e+00 -3.767916e+00 1.000000e+00
      vertex   3.354640e+00 -3.707613e+00 1.000000e+00
      vertex   3.217801e+00 -3.826978e+00 1.000000e+00
    endloop
  endfacet
  facet normal 0.000000e+00 0.000000e+00 -1.000000e+00
    outer loop
      vertex   -3.286762e+00 -3.767916e+00 1.000000e+00
      vertex   3.217801e+00 -3.826978e+00 1.000000e+00
      vertex   -3.147778e+00 -3.884777e+00 1.000000e+00
    endloop
  endfacet
  facet normal 0.000000e+00 0.000000e+00 -1.000000e+00
    outer loop
      vertex   -3.147778e+00 -3.884777e+00 1.000000e+00
      vertex   3.217801e+00 -3.826978e+00 1.000000e+00
      vertex   3.076717e+00 -3.941296e+00 1.000000e+00
    endloop
  endfacet
  facet normal 0.000000e+00 0.000000e+00 -1.000000e+00
    outer loop
      vertex   -3.147778e+00 -3.884777e+00 1.000000e+00
      vertex   3.076717e+00 -3.941296e+00 1.000000e+00
      vertex   -3.004642e+00 -3.996514e+00 1.000000e+00
    endloop
  endfacet
  facet normal 0.000000e+00 0.000000e+00 -1.000000e+00
    outer loop
      vertex   -3.004642e+00 -3.996514e+00 1.000000e+00
      vertex   3.076717e+00 -3.941296e+00 1.000000e+00
      vertex   2.931576e+00 -4.050415e+00 1.000000e+00
    endloop
  endfacet
  facet normal 0.000000e+00 0.000000e+00 -1.000000e+00
    outer loop
      vertex   -3.004642e+00 -3.996514e+00 1.000000e+00
      vertex   2.931576e+00 -4.050415e+00 1.000000e+00
      vertex   -2.857543e+00 -4.102980e+00 1.000000e+00
    endloop
  endfacet
  facet normal 0.000000e+00 0.000000e+00 -1.000000e+00
    outer loop
      vertex   -2.857543e+00 -4.102980e+00 1.000000e+00
      vertex   2.931576e+00 -4.050415e+00 1.000000e+00
      vertex   2.782568e+00 -4.154193e+00 1.000000e+00
    endloop
  endfacet
  facet normal 0.000000e+00 0.000000e+00 -1.000000e+00
    outer loop
      vertex   -2.857543e+00 -4.102980e+00 1.000000e+00
      vertex   2.782568e+00 -4.154193e+00 1.000000e+00
      vertex   -2.706675e+00 -4.204035e+00 1.000000e+00
    endloop
  endfacet
  facet normal 0.000000e+00 0.000000e+00 -1.000000e+00
    outer loop
      vertex   -2.706675e+00 -4.204035e+00 1.000000e+00
      vertex   2.782568e+00 -4.154193e+00 1.000000e+00
      vertex   2.629890e+00 -4.252491e+00 1.000000e+00
    endloop
  endfacet
  facet normal 0.000000e+00 0.000000e+00 -1.000000e+00
    outer loop
      vertex   -2.706675e+00 -4.204035e+00 1.000000e+00
      vertex   2.629890e+00 -4.252491e+00 1.000000e+00
      vertex   -2.552237e+00 -4.299545e+00 1.000000e+00
    endloop
  endfacet
  facet normal 0.000000e+00 0.000000e+00 -1.000000e+00
    outer loop
      vertex   -2.552237e+00 -4.299545e+00 1.000000e+00
      vertex   2.629890e+00 -4.252491e+00 1.000000e+00
      vertex   2.473743e+00 -4.345181e+00 1.000000e+00
    endloop
  endfacet
  facet normal 0.000000e+00 0.000000e+00 -1.000000e+00
    outer loop
      vertex   -2.552237e+00 -4.299545e+00 1.000000e+00
      vertex   2.473743e+00 -4.345181e+00 1.000000e+00
      vertex   -2.394434e+00 -4.389384e+00 1.000000e+00
    endloop
  endfacet
  facet normal 0.000000e+00 0.000000e+00 -1.000000e+00
    outer loop
      vertex   -2.394434e+00 -4.389384e+00 1.000000e+00
      vertex   2.473743e+00 -4.345181e+00 1.000000e+00
      vertex   2.314334e+00 -4.432139e+00 1.000000e+00
    endloop
  endfacet
  facet normal 0.000000e+00 0.000000e+00 -1.000000e+00
    outer loop
      vertex   -2.394434e+00 -4.389384e+00 1.000000e+00
      vertex   2.314334e+00 -4.432139e+00 1.000000e+00
      vertex   -2.233472e+00 -4.473433e+00 1.000000e+00
    endloop
  endfacet
  facet normal 0.000000e+00 0.000000e+00 -1.000000e+00
    outer loop
      vertex   -2.233472e+00 -4.473433e+00 1.000000e+00
      vertex   2.314334e+00 -4.432139e+00 1.000000e+00
      vertex   2.151873e+00 -4.513252e+00 1.000000e+00
    endloop
  endfacet
  facet normal 0.000000e+00 0.000000e+00 -1.000000e+00
    outer loop
      vertex   -2.233472e+00 -4.473433e+00 1.000000e+00
      vertex   2.151873e+00 -4.513252e+00 1.000000e+00
      vertex   -2.069564e+00 -4.551583e+00 1.000000e+00
    endloop
  endfacet
  facet normal 0.000000e+00 0.000000e+00 -1.000000e+00
    outer loop
      vertex   -2.069564e+00 -4.551583e+00 1.000000e+00
      vertex   2.151873e+00 -4.513252e+00 1.000000e+00
      vertex   1.986573e+00 -4.588412e+00 1.000000e+00
    endloop
  endfacet
  facet normal 0.000000e+00 0.000000e+00 -1.000000e+00
    outer loop
      vertex   -2.069564e+00 -4.551583e+00 1.000000e+00
      vertex   1.986573e+00 -4.588412e+00 1.000000e+00
      vertex   -1.902927e+00 -4.623729e+00 1.000000e+00
    endloop
  endfacet
  facet normal 0.000000e+00 0.000000e+00 -1.000000e+00
    outer loop
      vertex   -1.902927e+00 -4.623729e+00 1.000000e+00
      vertex   1.986573e+00 -4.588412e+00 1.000000e+00
      vertex   1.818653e+00 -4.657521e+00 1.000000e+00
    endloop
  endfacet
  facet normal 0.000000e+00 0.000000e+00 -1.000000e+00
    outer loop
      vertex   -1.902927e+00 -4.623729e+00 1.000000e+00
      vertex   1.818653e+00 -4.657521e+00 1.000000e+00
      vertex   -1.733779e+00 -4.689777e+00 1.000000e+00
    endloop
  endfacet
  facet normal 0.000000e+00 0.000000e+00 -1.000000e+00
    outer loop
      vertex   -1.733779e+00 -4.689777e+00 1.000000e+00
      vertex   1.818653e+00 -4.657521e+00 1.000000e+00
      vertex   1.648334e+00 -4.720487e+00 1.000000e+00
    endloop
  endfacet
  facet normal 0.000000e+00 0.000000e+00 -1.000000e+00
    outer loop
      vertex   -1.733779e+00 -4.689777e+00 1.000000e+00
      vertex   1.648334e+00 -4.720487e+00 1.000000e+00
      vertex   -1.562345e+00 -4.749640e+00 1.000000e+00
    endloop
  endfacet
  facet normal 0.000000e+00 0.000000e+00 -1.000000e+00
    outer loop
      vertex   -1.562345e+00 -4.749640e+00 1.000000e+00
      vertex   1.648334e+00 -4.720487e+00 1.000000e+00
      vertex   1.475842e+00 -4.777226e+00 1.000000e+00
    endloop
  endfacet
  facet normal 0.000000e+00 0.000000e+00 -1.000000e+00
    outer loop
      vertex   -1.562345e+00 -4.749640e+00 1.000000e+00
      vertex   1.475842e+00 -4.777226e+00 1.000000e+00
      vertex   -1.388851e+00 -4.803238e+00 1.000000e+00
    endloop
  endfacet
  facet normal 0.000000e+00 0.000000e+00 -1.000000e+00
    outer loop
      vertex   -1.388851e+00 -4.803238e+00 1.000000e+00
      vertex   1.475842e+00 -4.777226e+00 1.000000e+00
      vertex   1.301402e+00 -4.827665e+00 1.000000e+00
    endloop
  endfacet
  facet normal 0.000000e+00 0.000000e+00 -1.000000e+00
    outer loop
      vertex   -1.388851e+00 -4.803238e+00 1.000000e+00
      vertex   1.301402e+00 -4.827665e+00 1.000000e+00
      vertex   -1.213525e+00 -4.850501e+00 1.000000e+00
    endloop
  endfacet
  facet normal 0.000000e+00 0.000000e+00 -1.000000e+00
    outer loop
      vertex   -1.213525e+00 -4.850501e+00 1.000000e+00
      vertex   1.301402e+00 -4.827665e+00 1.000000e+00
      vertex   1.125247e+00 -4.871737e+00 1.000000e+00
    endloop
  endfacet
  facet normal 0.000000e+00 0.000000e+00 -1.000000e+00
    outer loop
      vertex   -1.213525e+00 -4.850501e+00 1.000000e+00
      vertex   1.125247e+00 -4.871737e+00 1.000000e+00
      vertex   -1.036598e+00 -4.891366e+00 1.000000e+00
    endloop
  endfacet
  facet normal 0.000000e+00 0.000000e+00 -1.000000e+00
    outer loop
      vertex   -1.036598e+00 -4.891366e+00 1.000000e+00
      vertex   1.125247e+00 -4.871737e+00 1.000000e+00
      vertex   9.476070e-01 -4.909383e+00 1.000000e+00
    endloop
  endfacet
  facet normal 0.000000e+00 0.000000e+00 -1.000000e+00
    outer loop
      vertex   -1.036598e+00 -4.891366e+00 1.000000e+00
      vertex   9.476070e-01 -4.909383e+00 1.000000e+00
      vertex   -8.583038e-01 -4.925781e+00 1.000000e+00
    endloop
  endfacet
  facet normal 0.000000e+00 0.000000e+00 -1.000000e+00
    outer loop
      vertex   -8.583038e-01 -4.925781e+00 1.000000e+00
      vertex   9.476070e-01 -4.909383e+00 1.000000e+00
      vertex   7.687175e-01 -4.940554e+00 1.000000e+00
    endloop
  endfacet
  facet normal 0.000000e+00 0.000000e+00 -1.000000e+00
    outer loop
      vertex   -8.583038e-01 -4.925781e+00 1.000000e+00
      vertex   7.687175e-01 -4.940554e+00 1.000000e+00
      vertex   -6.788777e-01 -4.953698e+00 1.000000e+00
    endloop
  endfacet
  facet normal 0.000000e+00 0.000000e+00 -1.000000e+00
    outer loop
      vertex   -6.788777e-01 -4.953698e+00 1.000000e+00
      vertex   7.687175e-01 -4.940554e+00 1.000000e+00
      vertex   5.888141e-01 -4.965209e+00 1.000000e+00
    endloop
  endfacet
  facet normal 0.000000e+00 0.000000e+00 -1.000000e+00
    outer loop
      vertex   -6.788777e-01 -4.953698e+00 1.000000e+00
      vertex   5.888141e-01 -4.965209e+00 1.000000e+00
      vertex   -4.985563e-01 -4.975082e+00 1.000000e+00
    endloop
  endfacet
  facet normal 0.000000e+00 0.000000e+00 -1.000000e+00
    outer loop
      vertex   -4.985563e-01 -4.975082e+00 1.000000e+00
      vertex   5.888141e-01 -4.965209e+00 1.000000e+00
      vertex   4.081340e-01 -4.983315e+00 1.000000e+00
    endloop
  endfacet
  facet normal 0.000000e+00 0.000000e+00 -1.000000e+00
    outer loop
      vertex   -4.985563e-01 -4.975082e+00 1.000000e+00
      vertex   4.081340e-01 -4.983315e+00 1.000000e+00
      vertex   -3.175772e-01 -4.989904e+00 1.000000e+00
    endloop
  endfacet
  facet normal 0.000000e+00 0.000000e+00 -1.000000e+00
    outer loop
      vertex   -3.175772e-01 -4.989904e+00 1.000000e+00
      vertex   4.081340e-01 -4.983315e+00 1.000000e+00
      vertex   2.269157e-01 -4.994848e+00 1.000000e+00
    endloop
  endfacet
  facet normal 0.000000e+00 0.000000e+00 -1.000000e+00
    outer loop
      vertex   -3.175772e-01 -4.989904e+00 1.000000e+00
      vertex   2.269157e-01 -4.994848e+00 1.000000e+00
      vertex   -1.361794e-01 -4.998145e+00 1.000000e+00
    endloop
  endfacet
  facet normal 0.000000e+00 0.000000e+00 -1.000000e+00
    outer loop
      vertex   -1.361794e-01 -4.998145e+00 1.000000e+00
      vertex   2.269157e-01 -4.994848e+00 1.000000e+00
      vertex   4.539811e-02 -4.999794e+00 1.000000e+00
    endloop
  endfacet
  facet normal 0.000000e+00 0.000000e+00 1.000000e+00
    outer loop
      vertex   4.996703e+00 1.815550e-01 1.373240e+01
      vertex   -4.999176e+00 9.079249e-02 1.373240e+01
      vertex   5.000000e+00 0.000000e+00 1.373240e+01
    endloop
  endfacet
  facet normal 0.000000e+00 0.000000e+00 1.000000e+00
    outer loop
      vertex   5.000000e+00 0.000000e+00 1.373240e+01
      vertex   -4.999176e+00 9.079249e-02 1.373240e+01
      vertex   -4.999176e+00 -9.079249e-02 1.373240e+01
    endloop
  endfacet
  facet normal 0.000000e+00 0.000000e+00 1.000000e+00
    outer loop
      vertex   5.000000e+00 0.000000e+00 1.373240e+01
      vertex   -4.999176e+00 -9.079249e-02 1.373240e+01
      vertex   4.996703e+00 -1.815550e-01 1.373240e+01
    endloop
  endfacet
  facet normal 0.000000e+00 0.000000e+00 1.000000e+00
    outer loop
      vertex   4.996703e+00 -1.815550e-01 1.373240e+01
      vertex   -4.999176e+00 -9.079249e-02 1.373240e+01
      vertex   -4.992582e+00 -2.722577e-01 1.373240e+01
    endloop
  endfacet
  facet normal 0.000000e+00 0.000000e+00 1.000000e+00
    outer loop
      vertex   4.996703e+00 -1.815550e-01 1.373240e+01
      vertex   -4.992582e+00 -2.722577e-01 1.373240e+01
      vertex   4.986815e+00 -3.628706e-01 1.373240e+01
    endloop
  endfacet
  facet normal 0.000000e+00 0.000000e+00 1.000000e+00
    outer loop
      vertex   4.986815e+00 -3.628706e-01 1.373240e+01
      vertex   -4.992582e+00 -2.722577e-01 1.373240e+01
      vertex   -4.979404e+00 -4.533638e-01 1.373240e+01
    endloop
  endfacet
  facet normal 0.000000e+00 0.000000e+00 1.000000e+00
    outer loop
      vertex   4.986815e+00 -3.628706e-01 1.373240e+01
      vertex   -4.979404e+00 -4.533638e-01 1.373240e+01
      vertex   4.970350e+00 -5.437076e-01 1.373240e+01
    endloop
  endfacet
  facet normal 0.000000e+00 0.000000e+00 1.000000e+00
    outer loop
      vertex   4.970350e+00 -5.437076e-01 1.373240e+01
      vertex   -4.979404e+00 -4.533638e-01 1.373240e+01
      vertex   -4.959658e+00 -6.338720e-01 1.373240e+01
    endloop
  endfacet
  facet normal 0.000000e+00 0.000000e+00 1.000000e+00
    outer loop
      vertex   4.970350e+00 -5.437076e-01 1.373240e+01
      vertex   -4.959658e+00 -6.338720e-01 1.373240e+01
      vertex   4.947330e+00 -7.238274e-01 1.373240e+01
    endloop
  endfacet
  facet normal 0.000000e+00 0.000000e+00 1.000000e+00
    outer loop
      vertex   4.947330e+00 -7.238274e-01 1.373240e+01
      vertex   -4.959658e+00 -6.338720e-01 1.373240e+01
      vertex   -4.933371e+00 -8.135442e-01 1.373240e+01
    endloop
  endfacet
  facet normal 0.000000e+00 0.000000e+00 1.000000e+00
    outer loop
      vertex   4.947330e+00 -7.238274e-01 1.373240e+01
      vertex   -4.933371e+00 -8.135442e-01 1.373240e+01
      vertex   4.917784e+00 -9.029926e-01 1.373240e+01
    endloop
  endfacet
  facet normal 0.000000e+00 0.000000e+00 1.000000e+00
    outer loop
      vertex   4.917784e+00 -9.029926e-01 1.373240e+01
      vertex   -4.933371e+00 -8.135442e-01 1.373240e+01
      vertex   -4.900577e+00 -9.921433e-01 1.373240e+01
    endloop
  endfacet
  facet normal 0.000000e+00 0.000000e+00 1.000000e+00
    outer loop
      vertex   4.917784e+00 -9.029926e-01 1.373240e+01
      vertex   -4.900577e+00 -9.921433e-01 1.373240e+01
      vertex   4.881753e+00 -1.080967e+00 1.373240e+01
    endloop
  endfacet
  facet normal 0.000000e+00 0.000000e+00 1.000000e+00
    outer loop
      vertex   4.881753e+00 -1.080967e+00 1.373240e+01
      vertex   -4.900577e+00 -9.921433e-01 1.373240e+01
      vertex   -4.861319e+00 -1.169434e+00 1.373240e+01
    endloop
  endfacet
  facet normal 0.000000e+00 0.000000e+00 1.000000e+00
    outer loop
      vertex   4.881753e+00 -1.080967e+00 1.373240e+01
      vertex   -4.861319e+00 -1.169434e+00 1.373240e+01
      vertex   4.839283e+00 -1.257515e+00 1.373240e+01
    endloop
  endfacet
  facet normal 0.000000e+00 0.000000e+00 1.000000e+00
    outer loop
      vertex   4.839283e+00 -1.257515e+00 1.373240e+01
      vertex   -4.861319e+00 -1.169434e+00 1.373240e+01
      vertex   -4.815650e+00 -1.345182e+00 1.373240e+01
    endloop
  endfacet
  facet normal 0.000000e+00 0.000000e+00 1.000000e+00
    outer loop
      vertex   4.839283e+00 -1.257515e+00 1.373240e+01
      vertex   -4.815650e+00 -1.345182e+00 1.373240e+01
      vertex   4.790430e+00 -1.432405e+00 1.373240e+01
    endloop
  endfacet
  facet normal 0.000000e+00 0.000000e+00 1.000000e+00
    outer loop
      vertex   4.790430e+00 -1.432405e+00 1.373240e+01
      vertex   -4.815650e+00 -1.345182e+00 1.373240e+01
      vertex   -4.763629e+00 -1.519156e+00 1.373240e+01
    endloop
  endfacet
  facet normal 0.000000e+00 0.000000e+00 1.000000e+00
    outer loop
      vertex   4.790430e+00 -1.432405e+00 1.373240e+01
      vertex   -4.763629e+00 -1.519156e+00 1.373240e+01
      vertex   4.735258e+00 -1.605406e+00 1.373240e+01
    endloop
  endfacet
  facet normal 0.000000e+00 0.000000e+00 1.000000e+00
    outer loop
      vertex   4.735258e+00 -1.605406e+00 1.373240e+01
      vertex   -4.763629e+00 -1.519156e+00 1.373240e+01
      vertex   -4.705326e+00 -1.691126e+00 1.373240e+01
    endloop
  endfacet
  facet normal 0.000000e+00 0.000000e+00 1.000000e+00
    outer loop
      vertex   4.735258e+00 -1.605406e+00 1.373240e+01
      vertex   -4.705326e+00 -1.691126e+00 1.373240e+01
      vertex   4.673842e+00 -1.776289e+00 1.373240e+01
    endloop
  endfacet
  facet normal 0.000000e+00 0.000000e+00 1.000000e+00
    outer loop
      vertex   4.673842e+00 -1.776289e+00 1.373240e+01
      vertex   -4.705326e+00 -1.691126e+00 1.373240e+01
      vertex   -4.640816e+00 -1.860866e+00 1.373240e+01
    endloop
  endfacet
  facet normal 0.000000e+00 0.000000e+00 1.000000e+00
    outer loop
      vertex   4.673842e+00 -1.776289e+00 1.373240e+01
      vertex   -4.640816e+00 -1.860866e+00 1.373240e+01
      vertex   4.606261e+00 -1.944830e+00 1.373240e+01
    endloop
  endfacet
  facet normal 0.000000e+00 0.000000e+00 1.000000e+00
    outer loop
      vertex   4.606261e+00 -1.944830e+00 1.373240e+01
      vertex   -4.640816e+00 -1.860866e+00 1.373240e+01
      vertex   -4.570186e+00 -2.028152e+00 1.373240e+01
    endloop
  endfacet
  facet normal 0.000000e+00 0.000000e+00 1.000000e+00
    outer loop
      vertex   4.606261e+00 -1.944830e+00 1.373240e+01
      vertex   -4.570186e+00 -2.028152e+00 1.373240e+01
      vertex   4.532604e+00 -2.110805e+00 1.373240e+01
    endloop
  endfacet
  facet normal 0.000000e+00 0.000000e+00 1.000000e+00
    outer loop
      vertex   4.532604e+00 -2.110805e+00 1.373240e+01
      vertex   -4.570186e+00 -2.028152e+00 1.373240e+01
      vertex   -4.493528e+00 -2.192762e+00 1.373240e+01
    endloop
  endfacet
  facet normal 0.000000e+00 0.000000e+00 1.000000e+00
    outer loop
      vertex   4.532604e+00 -2.110805e+00 1.373240e+01
      vertex   -4.493528e+00 -2.192762e+00 1.373240e+01
      vertex   4.452970e+00 -2.273997e+00 1.373240e+01
    endloop
  endfacet
  facet normal 0.000000e+00 0.000000e+00 1.000000e+00
    outer loop
      vertex   4.452970e+00 -2.273997e+00 1.373240e+01
      vertex   -4.493528e+00 -2.192762e+00 1.373240e+01
      vertex   -4.410943e+00 -2.354481e+00 1.373240e+01
    endloop
  endfacet
  facet normal 0.000000e+00 0.000000e+00 1.000000e+00
    outer loop
      vertex   4.452970e+00 -2.273997e+00 1.373240e+01
      vertex   -4.410943e+00 -2.354481e+00 1.373240e+01
      vertex   4.367462e+00 -2.434189e+00 1.373240e+01
    endloop
  endfacet
  facet normal 0.000000e+00 0.000000e+00 1.000000e+00
    outer loop
      vertex   4.367462e+00 -2.434189e+00 1.373240e+01
      vertex   -4.410943e+00 -2.354481e+00 1.373240e+01
      vertex   -4.322541e+00 -2.513094e+00 1.373240e+01
    endloop
  endfacet
  facet normal 0.000000e+00 0.000000e+00 1.000000e+00
    outer loop
      vertex   4.367462e+00 -2.434189e+00 1.373240e+01
      vertex   -4.322541e+00 -2.513094e+00 1.373240e+01
      vertex   4.276194e+00 -2.591171e+00 1.373240e+01
    endloop
  endfacet
  facet normal 0.000000e+00 0.000000e+00 1.000000e+00
    outer loop
      vertex   4.276194e+00 -2.591171e+00 1.373240e+01
      vertex   -4.322541e+00 -2.513094e+00 1.373240e+01
      vertex   -4.228437e+00 -2.668393e+00 1.373240e+01
    endloop
  endfacet
  facet normal 0.000000e+00 0.000000e+00 1.000000e+00
    outer loop
      vertex   4.276194e+00 -2.591171e+00 1.373240e+01
      vertex   -4.228437e+00 -2.668393e+00 1.373240e+01
      vertex   4.179286e+00 -2.744735e+00 1.373240e+01
    endloop
  endfacet
  facet normal 0.000000e+00 0.000000e+00 1.000000e+00
    outer loop
      vertex   4.179286e+00 -2.744735e+00 1.373240e+01
      vertex   -4.228437e+00 -2.668393e+00 1.373240e+01
      vertex   -4.128757e+00 -2.820172e+00 1.373240e+01
    endloop
  endfacet
  facet normal 0.000000e+00 0.000000e+00 1.000000e+00
    outer loop
      vertex   4.179286e+00 -2.744735e+00 1.373240e+01
      vertex   -4.128757e+00 -2.820172e+00 1.373240e+01
      vertex   4.076866e+00 -2.894679e+00 1.373240e+01
    endloop
  endfacet
  facet normal 0.000000e+00 0.000000e+00 1.000000e+00
    outer loop
      vertex   4.076866e+00 -2.894679e+00 1.373240e+01
      vertex   -4.128757e+00 -2.820172e+00 1.373240e+01
      vertex   -4.023631e+00 -2.968231e+00 1.373240e+01
    endloop
  endfacet
  facet normal 0.000000e+00 0.000000e+00 1.000000e+00
    outer loop
      vertex   4.076866e+00 -2.894679e+00 1.373240e+01
      vertex   -4.023631e+00 -2.968231e+00 1.373240e+01
      vertex   3.969069e+00 -3.040805e+00 1.373240e+01
    endloop
  endfacet
  facet normal 0.000000e+00 0.000000e+00 1.000000e+00
    outer loop
      vertex   3.969069e+00 -3.040805e+00 1.373240e+01
      vertex   -4.023631e+00 -2.968231e+00 1.373240e+01
      vertex   -3.913198e+00 -3.112376e+00 1.373240e+01
    endloop
  endfacet
  facet normal 0.000000e+00 0.000000e+00 1.000000e+00
    outer loop
      vertex   3.969069e+00 -3.040805e+00 1.373240e+01
      vertex   -3.913198e+00 -3.112376e+00 1.373240e+01
      vertex   3.856037e+00 -3.182920e+00 1.373240e+01
    endloop
  endfacet
  facet normal 0.000000e+00 0.000000e+00 1.000000e+00
    outer loop
      vertex   3.856037e+00 -3.182920e+00 1.373240e+01
      vertex   -3.913198e+00 -3.112376e+00 1.373240e+01
      vertex   -3.797604e+00 -3.252415e+00 1.373240e+01
    endloop
  endfacet
  facet normal 0.000000e+00 0.000000e+00 1.000000e+00
    outer loop
      vertex   3.856037e+00 -3.182920e+00 1.373240e+01
      vertex   -3.797604e+00 -3.252415e+00 1.373240e+01
      vertex   3.737919e+00 -3.320838e+00 1.373240e+01
    endloop
  endfacet
  facet normal 0.000000e+00 0.000000e+00 1.000000e+00
    outer loop
      vertex   3.737919e+00 -3.320838e+00 1.373240e+01
      vertex   -3.797604e+00 -3.252415e+00 1.373240e+01
      vertex   -3.677001e+00 -3.388165e+00 1.373240e+01
    endloop
  endfacet
  facet normal 0.000000e+00 0.000000e+00 1.000000e+00
    outer loop
      vertex   3.737919e+00 -3.320838e+00 1.373240e+01
      vertex   -3.677001e+00 -3.388165e+00 1.373240e+01
      vertex   3.614871e+00 -3.454376e+00 1.373240e+01
    endloop
  endfacet
  facet normal 0.000000e+00 0.000000e+00 1.000000e+00
    outer loop
      vertex   3.614871e+00 -3.454376e+00 1.373240e+01
      vertex   -3.677001e+00 -3.388165e+00 1.373240e+01
      vertex   -3.551548e+00 -3.519447e+00 1.373240e+01
    endloop
  endfacet
  facet normal 0.000000e+00 0.000000e+00 1.000000e+00
    outer loop
      vertex   3.614871e+00 -3.454376e+00 1.373240e+01
      vertex   -3.551548e+00 -3.519447e+00 1.373240e+01
      vertex   3.487055e+00 -3.583357e+00 1.373240e+01
    endloop
  endfacet
  facet normal 0.000000e+00 0.000000e+00 1.000000e+00
    outer loop
      vertex   3.487055e+00 -3.583357e+00 1.373240e+01
      vertex   -3.551548e+00 -3.519447e+00 1.373240e+01
      vertex   -3.421412e+00 -3.646086e+00 1.373240e+01
    endloop
  endfacet
  facet normal 0.000000e+00 0.000000e+00 1.000000e+00
    outer loop
      vertex   3.487055e+00 -3.583357e+00 1.373240e+01
      vertex   -3.421412e+00 -3.646086e+00 1.373240e+01
      vertex   3.354640e+00 -3.707613e+00 1.373240e+01
    endloop
  endfacet
  facet normal 0.000000e+00 0.000000e+00 1.000000e+00
    outer loop
      vertex   3.354640e+00 -3.707613e+00 1.373240e+01
      vertex   -3.421412e+00 -3.646086e+00 1.373240e+01
      vertex   -3.286762e+00 -3.767916e+00 1.373240e+01
    endloop
  endfacet
  facet normal 0.000000e+00 0.000000e+00 1.000000e+00
    outer loop
      vertex   3.354640e+00 -3.707613e+00 1.373240e+01
      vertex   -3.286762e+00 -3.767916e+00 1.373240e+01
      vertex   3.217801e+00 -3.826978e+00 1.373240e+01
    endloop
  endfacet
  facet normal 0.000000e+00 0.000000e+00 1.000000e+00
    outer loop
      vertex   3.217801e+00 -3.826978e+00 1.373240e+01
      vertex   -3.286762e+00 -3.767916e+00 1.373240e+01
      vertex   -3.147778e+00 -3.884777e+00 1.373240e+01
    endloop
  endfacet
  facet normal 0.000000e+00 0.000000e+00 1.000000e+00
    outer loop
      vertex   3.217801e+00 -3.826978e+00 1.373240e+01
      vertex   -3.147778e+00 -3.884777e+00 1.373240e+01
      vertex   3.076717e+00 -3.941296e+00 1.373240e+01
    endloop
  endfacet
  facet normal 0.000000e+00 0.000000e+00 1.000000e+00
    outer loop
      vertex   3.076717e+00 -3.941296e+00 1.373240e+01
      vertex   -3.147778e+00 -3.884777e+00 1.373240e+01
      vertex   -3.004642e+00 -3.996514e+00 1.373240e+01
    endloop
  endfacet
  facet normal 0.000000e+00 0.000000e+00 1.000000e+00
    outer loop
      vertex   3.076717e+00 -3.941296e+00 1.373240e+01
      vertex   -3.004642e+00 -3.996514e+00 1.373240e+01
      vertex   2.931576e+00 -4.050415e+00 1.373240e+01
    endloop
  endfacet
  facet normal 0.000000e+00 0.000000e+00 1.000000e+00
    outer loop
      vertex   2.931576e+00 -4.050415e+00 1.373240e+01
      vertex   -3.004642e+00 -3.996514e+00 1.373240e+01
      vertex   -2.857543e+00 -4.102980e+00 1.373240e+01
    endloop
  endfacet
  facet normal 0.000000e+00 0.000000e+00 1.000000e+00
    outer loop
      vertex   2.931576e+00 -4.050415e+00 1.373240e+01
      vertex   -2.857543e+00 -4.102980e+00 1.373240e+01
      vertex   2.782568e+00 -4.154193e+00 1.373240e+01
    endloop
  endfacet
  facet normal 0.000000e+00 0.000000e+00 1.000000e+00
    outer loop
      vertex   2.782568e+00 -4.154193e+00 1.373240e+01
      vertex   -2.857543e+00 -4.102980e+00 1.373240e+01
      vertex   -2.706675e+00 -4.204035e+00 1.373240e+01
    endloop
  endfacet
  facet normal 0.000000e+00 0.000000e+00 1.000000e+00
    outer loop
      vertex   2.782568e+00 -4.154193e+00 1.373240e+01
      vertex   -2.706675e+00 -4.204035e+00 1.373240e+01
      vertex   2.629890e+00 -4.252491e+00 1.373240e+01
    endloop
  endfacet
  facet normal 0.000000e+00 0.000000e+00 1.000000e+00
    outer loop
      vertex   2.629890e+00 -4.252491e+00 1.373240e+01
      vertex   -2.706675e+00 -4.204035e+00 1.373240e+01
      vertex   -2.552237e+00 -4.299545e+00 1.373240e+01
    endloop
  endfacet
  facet normal 0.000000e+00 0.000000e+00 1.000000e+00
    outer loop
      vertex   2.629890e+00 -4.252491e+00 1.373240e+01
      vertex   -2.552237e+00 -4.299545e+00 1.373240e+01
      vertex   2.473743e+00 -4.345181e+00 1.373240e+01
    endloop
  endfacet
  facet normal 0.000000e+00 0.000000e+00 1.000000e+00
    outer loop
      vertex   2.473743e+00 -4.345181e+00 1.373240e+01
      vertex   -2.552237e+00 -4.299545e+00 1.373240e+01
      vertex   -2.394434e+00 -4.389384e+00 1.373240e+01
    endloop
  endfacet
  facet normal 0.000000e+00 0.000000e+00 1.000000e+00
    outer loop
      vertex   2.473743e+00 -4.345181e+00 1.373240e+01
      vertex   -2.394434e+00 -4.389384e+00 1.373240e+01
      vertex   2.314334e+00 -4.432139e+00 1.373240e+01
    endloop
  endfacet
  facet normal 0.000000e+00 0.000000e+00 1.000000e+00
    outer loop
      vertex   2.314334e+00 -4.432139e+00 1.373240e+01
      vertex   -2.394434e+00 -4.389384e+00 1.373240e+01
      vertex   -2.233472e+00 -4.473433e+00 1.373240e+01
    endloop
  endfacet
  facet normal 0.000000e+00 0.000000e+00 1.000000e+00
    outer loop
      vertex   2.314334e+00 -4.432139e+00 1.373240e+01
      vertex   -2.233472e+00 -4.473433e+00 1.373240e+01
      vertex   2.151873e+00 -4.513252e+00 1.373240e+01
    endloop
  endfacet
  facet normal 0.000000e+00 0.000000e+00 1.000000e+00
    outer loop
      vertex   2.151873e+00 -4.513252e+00 1.373240e+01
      vertex   -2.233472e+00 -4.473433e+00 1.373240e+01
      vertex   -2.069564e+00 -4.551583e+00 1.373240e+01
    endloop
  endfacet
  facet normal 0.000000e+00 0.000000e+00 1.000000e+00
    outer loop
      vertex   2.151873e+00 -4.513252e+00 1.373240e+01
      vertex   -2.069564e+00 -4.551583e+00 1.373240e+01
      vertex   1.986573e+00 -4.588412e+00 1.373240e+01
    endloop
  endfacet
  facet normal 0.000000e+00 0.000000e+00 1.000000e+00
    outer loop
      vertex   1.986573e+00 -4.588412e+00 1.373240e+01
      vertex   -2.069564e+00 -4.551583e+00 1.373240e+01
      vertex   -1.902927e+00 -4.623729e+00 1.373240e+01
    endloop
  endfacet
  facet normal 0.000000e+00 0.000000e+00 1.000000e+00
    outer loop
      vertex   1.986573e+00 -4.588412e+00 1.373240e+01
      vertex   -1.902927e+00 -4.623729e+00 1.373240e+01
      vertex   1.818653e+00 -4.657521e+00 1.373240e+01
    endloop
  endfacet
  facet normal 0.000000e+00 0.000000e+00 1.000000e+00
    outer loop
      vertex   1.818653e+00 -4.657521e+00 1.373240e+01
      vertex   -1.902927e+00 -4.623729e+00 1.373240e+01
      vertex   -1.733779e+00 -4.689777e+00 1.373240e+01
    endloop
  endfacet
  facet normal 0.000000e+00 0.000000e+00 1.000000e+00
    outer loop
      vertex   1.818653e+00 -4.657521e+00 1.373240e+01
      vertex   -1.733779e+00 -4.689777e+00 1.373240e+01
      vertex   1.648334e+00 -4.720487e+00 1.373240e+01
    endloop
  endfacet
  facet normal 0.000000e+00 0.000000e+00 1.000000e+00
    outer loop
      vertex   1.648334e+00 -4.720487e+00 1.373240e+01
      vertex   -1.733779e+00 -4.689777e+00 1.373240e+01
      vertex   -1.562345e+00 -4.749640e+00 1.373240e+01
    endloop
  endfacet
  facet normal 0.000000e+00 0.000000e+00 1.000000e+00
    outer loop
      vertex   1.648334e+00 -4.720487e+00 1.373240e+01
      vertex   -1.562345e+00 -4.749640e+00 1.373240e+01
      vertex   1.475842e+00 -4.777226e+00 1.373240e+01
    endloop
  endfacet
  facet normal 0.000000e+00 0.000000e+00 1.000000e+00
    outer loop
      vertex   1.475842e+00 -4.777226e+00 1.373240e+01
      vertex   -1.562345e+00 -4.749640e+00 1.373240e+01
      vertex   -1.388851e+00 -4.803238e+00 1.373240e+01
    endloop
  endfacet
  facet normal 0.000000e+00 0.000000e+00 1.000000e+00
    outer loop
      vertex   1.475842e+00 -4.777226e+00 1.373240e+01
      vertex   -1.388851e+00 -4.803238e+00 1.373240e+01
      vertex   1.301402e+00 -4.827665e+00 1.373240e+01
    endloop
  endfacet
  facet normal 0.000000e+00 0.000000e+00 1.000000e+00
    outer loop
      vertex   1.301402e+00 -4.827665e+00 1.373240e+01
      vertex   -1.388851e+00 -4.803238e+00 1.373240e+01
      vertex   -1.213525e+00 -4.850501e+00 1.373240e+01
    endloop
  endfacet
  facet normal 0.000000e+00 0.000000e+00 1.000000e+00
    outer loop
      vertex   1.301402e+00 -4.827665e+00 1.373240e+01
      vertex   -1.213525e+00 -4.850501e+00 1.373240e+01
      vertex   1.125247e+00 -4.871737e+00 1.373240e+01
    endloop
  endfacet
  facet normal 0.000000e+00 0.000000e+00 1.000000e+00
    outer loop
      vertex   1.125247e+00 -4.871737e+00 1.373240e+01
      vertex   -1.213525e+00 -4.850501e+00 1.373240e+01
      vertex   -1.036598e+00 -4.891366e+00 1.373240e+01
    endloop
  endfacet
  facet normal 0.000000e+00 0.000000e+00 1.000000e+00
    outer loop
      vertex   1.125247e+00 -4.871737e+00 1.373240e+01
      vertex   -1.036598e+00 -4.891366e+00 1.373240e+01
      vertex   9.476070e-01 -4.909383e+00 1.373240e+01
    endloop
  endfacet
  facet normal 0.000000e+00 0.000000e+00 1.000000e+00
    outer loop
      vertex   9.476070e-01 -4.909383e+00 1.373240e+01
      vertex   -1.036598e+00 -4.891366e+00 1.373240e+01
      vertex   -8.583038e-01 -4.925781e+00 1.373240e+01
    endloop
  endfacet
  facet normal 0.000000e+00 0.000000e+00 1.000000e+00
    outer loop
      vertex   9.476070e-01 -4.909383e+00 1.373240e+01
      vertex   -8.583038e-01 -4.925781e+00 1.373240e+01
      vertex   7.687175e-01 -4.940554e+00 1.373240e+01
    endloop
  endfacet
  facet normal 0.000000e+00 0.000000e+00 1.000000e+00
    outer loop
      vertex   7.687175e-01 -4.940554e+00 1.373240e+01
      vertex   -8.583038e-01 -4.925781e+00 1.373240e+01
      vertex   -6.788777e-01 -4.953698e+00 1.373240e+01
    endloop
  endfacet
  facet normal 0.000000e+00 0.000000e+00 1.000000e+00
    outer loop
      vertex   7.687175e-01 -4.940554e+00 1.373240e+01
      vertex   -6.788777e-01 -4.953698e+00 1.373240e+01
      vertex   5.888141e-01 -4.965209e+00 1.373240e+01
    endloop
  endfacet
  facet normal 0.000000e+00 0.000000e+00 1.000000e+00
    outer loop
      vertex   5.888141e-01 -4.965209e+00 1.373240e+01
      vertex   -6.788777e-01 -4.953698e+00 1.373240e+01
      vertex   -4.985563e-01 -4.975082e+00 1.373240e+01
    endloop
  endfacet
  facet normal 0.000000e+00 0.000000e+00 1.000000e+00
    outer loop
      vertex   5.888141e-01 -4.965209e+00 1.373240e+01
      vertex   -4.985563e-01 -4.975082e+00 1.373240e+01
      vertex   4.081340e-01 -4.983315e+00 1.373240e+01
    endloop
  endfacet
  facet normal 0.000000e+00 0.000000e+00 1.000000e+00
    outer loop
      vertex   4.081340e-01 -4.983315e+00 1.373240e+01
      vertex   -4.985563e-01 -4.975082e+00 1.373240e+01
      vertex   -3.175772e-01 -4.989904e+00 1.373240e+01
    endloop
  endfacet
  facet normal 0.000000e+00 0.000000e+00 1.000000e+00
    outer loop
      vertex   4.081340e-01 -4.983315e+00 1.373240e+01
      vertex   -3.175772e-01 -4.989904e+00 1.373240e+01
      vertex   2.269157e-01 -4.994848e+00 1.373240e+01
    endloop
  endfacet
  facet normal 0.000000e+00 0.000000e+00 1.000000e+00
    outer loop
      vertex   2.269157e-01 -4.994848e+00 1.373240e+01
      vertex   -3.175772e-01 -4.989904e+00 1.373240e+01
      vertex   -1.361794e-01 -4.998145e+00 1.373240e+01
    endloop
  endfacet
  facet normal 0.000000e+00 0.000000e+00 1.000000e+00
    outer loop
      vertex   2.269157e-01 -4.994848e+00 1.373240e+01
      vertex   -1.361794e-01 -4.998145e+00 1.373240e+01
      vertex   4.539811e-02 -4.999794e+00 1.373240e+01
    endloop
  endfacet
  facet normal 0.000000e+00 0.000000e+00 1.000000e+00
    outer loop
      vertex   -4.999176e+00 9.079249e-02 1.373240e+01
      vertex   4.996703e+00 1.815550e-01 1.373240e+01
      vertex   -4.992582e+00 2.722577e-01 1.373240e+01
    endloop
  endfacet
  facet normal -0.000000e+00 0.000000e+00 1.000000e+00
    outer loop
      vertex   -4.992582e+00 2.722577e-01 1.373240e+01
      vertex   4.996703e+00 1.815550e-01 1.373240e+01
      vertex   4.986815e+00 3.628706e-01 1.373240e+01
    endloop
  endfacet
  facet normal 0.000000e+00 0.000000e+00 1.000000e+00
    outer loop
      vertex   -4.992582e+00 2.722577e-01 1.373240e+01
      vertex   4.986815e+00 3.628706e-01 1.373240e+01
      vertex   -4.979404e+00 4.533638e-01 1.373240e+01
    endloop
  endfacet
  facet normal -0.000000e+00 0.000000e+00 1.000000e+00
    outer loop
      vertex   -4.979404e+00 4.533638e-01 1.373240e+01
      vertex   4.986815e+00 3.628706e-01 1.373240e+01
      vertex   4.970350e+00 5.437076e-01 1.373240e+01
    endloop
  endfacet
  facet normal 0.000000e+00 0.000000e+00 1.000000e+00
    outer loop
      vertex   -4.979404e+00 4.533638e-01 1.373240e+01
      vertex   4.970350e+00 5.437076e-01 1.373240e+01
      vertex   -4.959658e+00 6.338720e-01 1.373240e+01
    endloop
  endfacet
  facet normal -0.000000e+00 0.000000e+00 1.000000e+00
    outer loop
      vertex   -4.959658e+00 6.338720e-01 1.373240e+01
      vertex   4.970350e+00 5.437076e-01 1.373240e+01
      vertex   4.947330e+00 7.238274e-01 1.373240e+01
    endloop
  endfacet
  facet normal 0.000000e+00 0.000000e+00 1.000000e+00
    outer loop
      vertex   -4.959658e+00 6.338720e-01 1.373240e+01
      vertex   4.947330e+00 7.238274e-01 1.373240e+01
      vertex   -4.933371e+00 8.135442e-01 1.373240e+01
    endloop
  endfacet
  facet normal -0.000000e+00 0.000000e+00 1.000000e+00
    outer loop
      vertex   -4.933371e+00 8.135442e-01 1.373240e+01
      vertex   4.947330e+00 7.238274e-01 1.373240e+01
      vertex   4.917784e+00 9.029926e-01 1.373240e+01
    endloop
  endfacet
  facet normal 0.000000e+00 0.000000e+00 1.000000e+00
    outer loop
      vertex   -4.933371e+00 8.135442e-01 1.373240e+01
      vertex   4.917784e+00 9.029926e-01 1.373240e+01
      vertex   -4.900577e+00 9.921433e-01 1.373240e+01
    endloop
  endfacet
  facet normal -0.000000e+00 0.000000e+00 1.000000e+00
    outer loop
      vertex   -4.900577e+00 9.921433e-01 1.373240e+01
      vertex   4.917784e+00 9.029926e-01 1.373240e+01
      vertex   4.881753e+00 1.080967e+00 1.373240e+01
    endloop
  endfacet
  facet normal 0.000000e+00 0.000000e+00 1.000000e+00
    outer loop
      vertex   -4.900577e+00 9.921433e-01 1.373240e+01
      vertex   4.881753e+00 1.080967e+00 1.373240e+01
      vertex   -4.861319e+00 1.169434e+00 1.373240e+01
    endloop
  endfacet
  facet normal -0.000000e+00 0.000000e+00 1.000000e+00
    outer loop
      vertex   -4.861319e+00 1.169434e+00 1.373240e+01
      vertex   4.881753e+00 1.080967e+00 1.373240e+01
      vertex   4.839283e+00 1.257515e+00 1.373240e+01
    endloop
  endfacet
  facet normal 0.000000e+00 0.000000e+00 1.000000e+00
    outer loop
      vertex   -4.861319e+00 1.169434e+00 1.373240e+01
      vertex   4.839283e+00 1.257515e+00 1.373240e+01
      vertex   -4.815650e+00 1.345182e+00 1.373240e+01
    endloop
  endfacet
  facet normal -0.000000e+00 0.000000e+00 1.000000e+00
    outer loop
      vertex   -4.815650e+00 1.345182e+00 1.373240e+01
      vertex   4.839283e+00 1.257515e+00 1.373240e+01
      vertex   4.790430e+00 1.432405e+00 1.373240e+01
    endloop
  endfacet
  facet normal 0.000000e+00 0.000000e+00 1.000000e+00
    outer loop
      vertex   -4.815650e+00 1.345182e+00 1.373240e+01
      vertex   4.790430e+00 1.432405e+00 1.373240e+01
      vertex   -4.763629e+00 1.519156e+00 1.373240e+01
    endloop
  endfacet
  facet normal -0.000000e+00 0.000000e+00 1.000000e+00
    outer loop
      vertex   -4.763629e+00 1.519156e+00 1.373240e+01
      vertex   4.790430e+00 1.432405e+00 1.373240e+01
      vertex   4.735258e+00 1.605406e+00 1.373240e+01
    endloop
  endfacet
  facet normal 0.000000e+00 0.000000e+00 1.000000e+00
    outer loop
      vertex   -4.763629e+00 1.519156e+00 1.373240e+01
      vertex   4.735258e+00 1.605406e+00 1.373240e+01
      vertex   -4.705326e+00 1.691126e+00 1.373240e+01
    endloop
  endfacet
  facet normal -0.000000e+00 0.000000e+00 1.000000e+00
    outer loop
      vertex   -4.705326e+00 1.691126e+00 1.373240e+01
      vertex   4.735258e+00 1.605406e+00 1.373240e+01
      vertex   4.673842e+00 1.776289e+00 1.373240e+01
    endloop
  endfacet
  facet normal 0.000000e+00 0.000000e+00 1.000000e+00
    outer loop
      vertex   -4.705326e+00 1.691126e+00 1.373240e+01
      vertex   4.673842e+00 1.776289e+00 1.373240e+01
      vertex   -4.640816e+00 1.860866e+00 1.373240e+01
    endloop
  endfacet
  facet normal -0.000000e+00 0.000000e+00 1.000000e+00
    outer loop
      vertex   -4.640816e+00 1.860866e+00 1.373240e+01
      vertex   4.673842e+00 1.776289e+00 1.373240e+01
      vertex   4.606261e+00 1.944830e+00 1.373240e+01
    endloop
  endfacet
  facet normal 0.000000e+00 0.000000e+00 1.000000e+00
    outer loop
      vertex   -4.640816e+00 1.860866e+00 1.373240e+01
      vertex   4.606261e+00 1.944830e+00 1.373240e+01
      vertex   -4.570186e+00 2.028152e+00 1.373240e+01
    endloop
  endfacet
  facet normal -0.000000e+00 0.000000e+00 1.000000e+00
    outer loop
      vertex   -4.570186e+00 2.028152e+00 1.373240e+01
      vertex   4.606261e+00 1.944830e+00 1.373240e+01
      vertex   4.532604e+00 2.110805e+00 1.373240e+01
    endloop
  endfacet
  facet normal 0.000000e+00 0.000000e+00 1.000000e+00
    outer loop
      vertex   -4.570186e+00 2.028152e+00 1.373240e+01
      vertex   4.532604e+00 2.110805e+00 1.373240e+01
      vertex   -4.493528e+00 2.192762e+00 1.373240e+01
    endloop
  endfacet
  facet normal -0.000000e+00 0.000000e+00 1.000000e+00
    outer loop
      vertex   -4.493528e+00 2.192762e+00 1.373240e+01
      vertex   4.532604e+00 2.110805e+00 1.373240e+01
      vertex   4.452970e+00 2.273997e+00 1.373240e+01
    endloop
  endfacet
  facet normal 0.000000e+00 0.000000e+00 1.000000e+00
    outer loop
      vertex   -4.493528e+00 2.192762e+00 1.373240e+01
      vertex   4.452970e+00 2.273997e+00 1.373240e+01
      vertex   -4.410943e+00 2.354481e+00 1.373240e+01
    endloop
  endfacet
  facet normal -0.000000e+00 0.000000e+00 1.000000e+00
    outer loop
      vertex   -4.410943e+00 2.354481e+00 1.373240e+01
      vertex   4.452970e+00 2.273997e+00 1.373240e+01
      vertex   4.367462e+00 2.434189e+00 1.373240e+01
    endloop
  endfacet
  facet normal 0.000000e+00 0.000000e+00 1.000000e+00
    outer loop
      vertex   -4.410943e+00 2.354481e+00 1.373240e+01
      vertex   4.367462e+00 2.434189e+00 1.373240e+01
      vertex   -4.322541e+00 2.513094e+00 1.373240e+01
    endloop
  endfacet
  facet normal -0.000000e+00 0.000000e+00 1.000000e+00
    outer loop
      vertex   -4.322541e+00 2.513094e+00 1.373240e+01
      vertex   4.367462e+00 2.434189e+00 1.373240e+01
      vertex   4.276194e+00 2.591171e+00 1.373240e+01
    endloop
  endfacet
  facet normal 0.000000e+00 0.000000e+00 1.000000e+00
    outer loop
      vertex   -4.322541e+00 2.513094e+00 1.373240e+01
      vertex   4.276194e+00 2.591171e+00 1.373240e+01
      vertex   -4.228437e+00 2.668393e+00 1.373240e+01
    endloop
  endfacet
  facet normal -0.000000e+00 0.000000e+00 1.000000e+00
    outer loop
      vertex   -4.228437e+00 2.668393e+00 1.373240e+01
      vertex   4.276194e+00 2.591171e+00 1.373240e+01
      vertex   4.179286e+00 2.744735e+00 1.373240e+01
    endloop
  endfacet
  facet normal 0.000000e+00 0.000000e+00 1.000000e+00
    outer loop
      vertex   -4.228437e+00 2.668393e+00 1.373240e+01
      vertex   4.179286e+00 2.744735e+00 1.373240e+01
      vertex   4.076866e+00 2.894679e+00 1.373240e+01
    endloop
  endfacet
  facet normal 0.000000e+00 0.000000e+00 1.000000e+00
    outer loop
      vertex   4.076866e+00 2.894679e+00 1.373240e+01
      vertex   3.969069e+00 3.040805e+00 1.373240e+01
      vertex   -4.228437e+00 2.668393e+00 1.373240e+01
    endloop
  endfacet
  facet normal 0.000000e+00 0.000000e+00 1.000000e+00
    outer loop
      vertex   -4.228437e+00 2.668393e+00 1.373240e+01
      vertex   3.969069e+00 3.040805e+00 1.373240e+01
      vertex   3.856037e+00 3.182920e+00 1.373240e+01
    endloop
  endfacet
  facet normal 0.000000e+00 0.000000e+00 1.000000e+00
    outer loop
      vertex   -4.228437e+00 2.668393e+00 1.373240e+01
      vertex   3.856037e+00 3.182920e+00 1.373240e+01
      vertex   3.737919e+00 3.320838e+00 1.373240e+01
    endloop
  endfacet
  facet normal 0.000000e+00 0.000000e+00 1.000000e+00
    outer loop
      vertex   -4.228437e+00 2.668393e+00 1.373240e+01
      vertex   3.737919e+00 3.320838e+00 1.373240e+01
      vertex   -4.128757e+00 2.820172e+00 1.373240e+01
    endloop
  endfacet
  facet normal 0.000000e+00 0.000000e+00 1.000000e+00
    outer loop
      vertex   -4.128757e+00 2.820172e+00 1.373240e+01
      vertex   3.737919e+00 3.320838e+00 1.373240e+01
      vertex   3.614871e+00 3.454376e+00 1.373240e+01
    endloop
  endfacet
  facet normal 0.000000e+00 0.000000e+00 1.000000e+00
    outer loop
      vertex   -4.128757e+00 2.820172e+00 1.373240e+01
      vertex   3.614871e+00 3.454376e+00 1.373240e+01
      vertex   3.487055e+00 3.583357e+00 1.373240e+01
    endloop
  endfacet
  facet normal 0.000000e+00 0.000000e+00 1.000000e+00
    outer loop
      vertex   3.487055e+00 3.583357e+00 1.373240e+01
      vertex   3.354640e+00 3.707613e+00 1.373240e+01
      vertex   -4.128757e+00 2.820172e+00 1.373240e+01
    endloop
  endfacet
  facet normal 0.000000e+00 0.000000e+00 1.000000e+00
    outer loop
      vertex   -4.128757e+00 2.820172e+00 1.373240e+01
      vertex   3.354640e+00 3.707613e+00 1.373240e+01
      vertex   3.217801e+00 3.826978e+00 1.373240e+01
    endloop
  endfacet
  facet normal 0.000000e+00 0.000000e+00 1.000000e+00
    outer loop
      vertex   -4.128757e+00 2.820172e+00 1.373240e+01
      vertex   3.217801e+00 3.826978e+00 1.373240e+01
      vertex   3.076717e+00 3.941296e+00 1.373240e+01
    endloop
  endfacet
  facet normal 0.000000e+00 0.000000e+00 1.000000e+00
    outer loop
      vertex   3.076717e+00 3.941296e+00 1.373240e+01
      vertex   2.931576e+00 4.050415e+00 1.373240e+01
      vertex   -4.128757e+00 2.820172e+00 1.373240e+01
    endloop
  endfacet
  facet normal 0.000000e+00 0.000000e+00 1.000000e+00
    outer loop
      vertex   -4.128757e+00 2.820172e+00 1.373240e+01
      vertex   2.931576e+00 4.050415e+00 1.373240e+01
      vertex   2.782568e+00 4.154193e+00 1.373240e+01
    endloop
  endfacet
  facet normal 0.000000e+00 0.000000e+00 1.000000e+00
    outer loop
      vertex   -4.128757e+00 2.820172e+00 1.373240e+01
      vertex   2.782568e+00 4.154193e+00 1.373240e+01
      vertex   2.629890e+00 4.252491e+00 1.373240e+01
    endloop
  endfacet
  facet normal 0.000000e+00 0.000000e+00 1.000000e+00
    outer loop
      vertex   2.629890e+00 4.252491e+00 1.373240e+01
      vertex   2.473743e+00 4.345181e+00 1.373240e+01
      vertex   -4.128757e+00 2.820172e+00 1.373240e+01
    endloop
  endfacet
  facet normal 0.000000e+00 0.000000e+00 1.000000e+00
    outer loop
      vertex   -4.128757e+00 2.820172e+00 1.373240e+01
      vertex   2.473743e+00 4.345181e+00 1.373240e+01
      vertex   2.314334e+00 4.432139e+00 1.373240e+01
    endloop
  endfacet
  facet normal 0.000000e+00 0.000000e+00 1.000000e+00
    outer loop
      vertex   -4.128757e+00 2.820172e+00 1.373240e+01
      vertex   2.314334e+00 4.432139e+00 1.373240e+01
      vertex   2.151873e+00 4.513252e+00 1.373240e+01
    endloop
  endfacet
  facet normal 0.000000e+00 0.000000e+00 1.000000e+00
    outer loop
      vertex   2.151873e+00 4.513252e+00 1.373240e+01
      vertex   1.986573e+00 4.588412e+00 1.373240e+01
      vertex   -4.128757e+00 2.820172e+00 1.373240e+01
    endloop
  endfacet
  facet normal 0.000000e+00 0.000000e+00 1.000000e+00
    outer loop
      vertex   -4.128757e+00 2.820172e+00 1.373240e+01
      vertex   1.986573e+00 4.588412e+00 1.373240e+01
      vertex   1.818653e+00 4.657521e+00 1.373240e+01
    endloop
  endfacet
  facet normal 0.000000e+00 0.000000e+00 1.000000e+00
    outer loop
      vertex   -4.128757e+00 2.820172e+00 1.373240e+01
      vertex   1.818653e+00 4.657521e+00 1.373240e+01
      vertex   1.648334e+00 4.720487e+00 1.373240e+01
    endloop
  endfacet
  facet normal 0.000000e+00 0.000000e+00 1.000000e+00
    outer loop
      vertex   1.648334e+00 4.720487e+00 1.373240e+01
      vertex   1.475842e+00 4.777226e+00 1.373240e+01
      vertex   -4.128757e+00 2.820172e+00 1.373240e+01
    endloop
  endfacet
  facet normal 0.000000e+00 0.000000e+00 1.000000e+00
    outer loop
      vertex   -4.128757e+00 2.820172e+00 1.373240e+01
      vertex   1.475842e+00 4.777226e+00 1.373240e+01
      vertex   1.301402e+00 4.827665e+00 1.373240e+01
    endloop
  endfacet
  facet normal 0.000000e+00 0.000000e+00 1.000000e+00
    outer loop
      vertex   -4.128757e+00 2.820172e+00 1.373240e+01
      vertex   1.301402e+00 4.827665e+00 1.373240e+01
      vertex   1.125247e+00 4.871737e+00 1.373240e+01
    endloop
  endfacet
  facet normal 0.000000e+00 0.000000e+00 1.000000e+00
    outer loop
      vertex   1.125247e+00 4.871737e+00 1.373240e+01
      vertex   9.476070e-01 4.909383e+00 1.373240e+01
      vertex   -4.128757e+00 2.820172e+00 1.373240e+01
    endloop
  endfacet
  facet normal 0.000000e+00 0.000000e+00 1.000000e+00
    outer loop
      vertex   -4.128757e+00 2.820172e+00 1.373240e+01
      vertex   9.476070e-01 4.909383e+00 1.373240e+01
      vertex   7.687175e-01 4.940554e+00 1.373240e+01
    endloop
  endfacet
  facet normal 0.000000e+00 0.000000e+00 1.000000e+00
    outer loop
      vertex   -4.128757e+00 2.820172e+00 1.373240e+01
      vertex   7.687175e-01 4.940554e+00 1.373240e+01
      vertex   5.888141e-01 4.965209e+00 1.373240e+01
    endloop
  endfacet
  facet normal 0.000000e+00 0.000000e+00 1.000000e+00
    outer loop
      vertex   5.888141e-01 4.965209e+00 1.373240e+01
      vertex   4.081340e-01 4.983315e+00 1.373240e+01
      vertex   -4.128757e+00 2.820172e+00 1.373240e+01
    endloop
  endfacet
  facet normal 0.000000e+00 0.000000e+00 1.000000e+00
    outer loop
      vertex   -4.128757e+00 2.820172e+00 1.373240e+01
      vertex   4.081340e-01 4.983315e+00 1.373240e+01
      vertex   2.269157e-01 4.994848e+00 1.373240e+01
    endloop
  endfacet
  facet normal 0.000000e+00 0.000000e+00 1.000000e+00
    outer loop
      vertex   -4.128757e+00 2.820172e+00 1.373240e+01
      vertex   2.269157e-01 4.994848e+00 1.373240e+01
      vertex   4.539811e-02 4.999794e+00 1.373240e+01
    endloop
  endfacet
  facet normal 0.000000e+00 0.000000e+00 1.000000e+00
    outer loop
      vertex   4.539811e-02 4.999794e+00 1.373240e+01
      vertex   -1.361794e-01 4.998145e+00 1.373240e+01
      vertex   -4.128757e+00 2.820172e+00 1.373240e+01
    endloop
  endfacet
  facet normal 0.000000e+00 0.000000e+00 1.000000e+00
    outer loop
      vertex   -4.128757e+00 2.820172e+00 1.373240e+01
      vertex   -1.361794e-01 4.998145e+00 1.373240e+01
      vertex   -3.175772e-01 4.989904e+00 1.373240e+01
    endloop
  endfacet
  facet normal 0.000000e+00 0.000000e+00 1.000000e+00
    outer loop
      vertex   -4.128757e+00 2.820172e+00 1.373240e+01
      vertex   -3.175772e-01 4.989904e+00 1.373240e+01
      vertex   -4.985563e-01 4.975082e+00 1.373240e+01
    endloop
  endfacet
  facet normal 0.000000e+00 0.000000e+00 1.000000e+00
    outer loop
      vertex   -4.985563e-01 4.975082e+00 1.373240e+01
      vertex   -6.788777e-01 4.953698e+00 1.373240e+01
      vertex   -4.128757e+00 2.820172e+00 1.373240e+01
    endloop
  endfacet
  facet normal 0.000000e+00 0.000000e+00 1.000000e+00
    outer loop
      vertex   -4.128757e+00 2.820172e+00 1.373240e+01
      vertex   -6.788777e-01 4.953698e+00 1.373240e+01
      vertex   -8.583038e-01 4.925781e+00 1.373240e+01
    endloop
  endfacet
  facet normal 0.000000e+00 0.000000e+00 1.000000e+00
    outer loop
      vertex   -4.128757e+00 2.820172e+00 1.373240e+01
      vertex   -8.583038e-01 4.925781e+00 1.373240e+01
      vertex   -1.036598e+00 4.891366e+00 1.373240e+01
    endloop
  endfacet
  facet normal 0.000000e+00 0.000000e+00 1.000000e+00
    outer loop
      vertex   -1.036598e+00 4.891366e+00 1.373240e+01
      vertex   -1.213525e+00 4.850501e+00 1.373240e+01
      vertex   -4.128757e+00 2.820172e+00 1.373240e+01
    endloop
  endfacet
  facet normal 0.000000e+00 0.000000e+00 1.000000e+00
    outer loop
      vertex   -4.128757e+00 2.820172e+00 1.373240e+01
      vertex   -1.213525e+00 4.850501e+00 1.373240e+01
      vertex   -1.388851e+00 4.803238e+00 1.373240e+01
    endloop
  endfacet
  facet normal 0.000000e+00 0.000000e+00 1.000000e+00
    outer loop
      vertex   -4.128757e+00 2.820172e+00 1.373240e+01
      vertex   -1.388851e+00 4.803238e+00 1.373240e+01
      vertex   -1.562345e+00 4.749640e+00 1.373240e+01
    endloop
  endfacet
  facet normal 0.000000e+00 0.000000e+00 1.000000e+00
    outer loop
      vertex   -1.562345e+00 4.749640e+00 1.373240e+01
      vertex   -1.733779e+00 4.689777e+00 1.373240e+01
      vertex   -4.128757e+00 2.820172e+00 1.373240e+01
    endloop
  endfacet
  facet normal 0.000000e+00 0.000000e+00 1.000000e+00
    outer loop
      vertex   -4.128757e+00 2.820172e+00 1.373240e+01
      vertex   -1.733779e+00 4.689777e+00 1.373240e+01
      vertex   -1.902927e+00 4.623729e+00 1.373240e+01
    endloop
  endfacet
  facet normal 0.000000e+00 0.000000e+00 1.000000e+00
    outer loop
      vertex   -4.128757e+00 2.820172e+00 1.373240e+01
      vertex   -1.902927e+00 4.623729e+00 1.373240e+01
      vertex   -2.069564e+00 4.551583e+00 1.373240e+01
    endloop
  endfacet
  facet normal 0.000000e+00 0.000000e+00 1.000000e+00
    outer loop
      vertex   -2.069564e+00 4.551583e+00 1.373240e+01
      vertex   -2.233472e+00 4.473433e+00 1.373240e+01
      vertex   -4.128757e+00 2.820172e+00 1.373240e+01
    endloop
  endfacet
  facet normal 0.000000e+00 0.000000e+00 1.000000e+00
    outer loop
      vertex   -4.128757e+00 2.820172e+00 1.373240e+01
      vertex   -2.233472e+00 4.473433e+00 1.373240e+01
      vertex   -2.394434e+00 4.389384e+00 1.373240e+01
    endloop
  endfacet
  facet normal 0.000000e+00 0.000000e+00 1.000000e+00
    outer loop
      vertex   -4.128757e+00 2.820172e+00 1.373240e+01
      vertex   -2.394434e+00 4.389384e+00 1.373240e+01
      vertex   -2.552237e+00 4.299545e+00 1.373240e+01
    endloop
  endfacet
  facet normal 0.000000e+00 0.000000e+00 1.000000e+00
    outer loop
      vertex   -2.552237e+00 4.299545e+00 1.373240e+01
      vertex   -2.706675e+00 4.204035e+00 1.373240e+01
      vertex   -4.128757e+00 2.820172e+00 1.373240e+01
    endloop
  endfacet
  facet normal 0.000000e+00 0.000000e+00 1.000000e+00
    outer loop
      vertex   -4.128757e+00 2.820172e+00 1.373240e+01
      vertex   -2.706675e+00 4.204035e+00 1.373240e+01
      vertex   -2.857543e+00 4.102980e+00 1.373240e+01
    endloop
  endfacet
  facet normal 0.000000e+00 0.000000e+00 1.000000e+00
    outer loop
      vertex   -4.128757e+00 2.820172e+00 1.373240e+01
      vertex   -2.857543e+00 4.102980e+00 1.373240e+01
      vertex   -3.004642e+00 3.996514e+00 1.373240e+01
    endloop
  endfacet
  facet normal 0.000000e+00 0.000000e+00 1.000000e+00
    outer loop
      vertex   -3.004642e+00 3.996514e+00 1.373240e+01
      vertex   -3.147778e+00 3.884777e+00 1.373240e+01
      vertex   -4.128757e+00 2.820172e+00 1.373240e+01
    endloop
  endfacet
  facet normal 0.000000e+00 0.000000e+00 1.000000e+00
    outer loop
      vertex   -4.128757e+00 2.820172e+00 1.373240e+01
      vertex   -3.147778e+00 3.884777e+00 1.373240e+01
      vertex   -3.286762e+00 3.767916e+00 1.373240e+01
    endloop
  endfacet
  facet normal 0.000000e+00 0.000000e+00 1.000000e+00
    outer loop
      vertex   -4.128757e+00 2.820172e+00 1.373240e+01
      vertex   -3.286762e+00 3.767916e+00 1.373240e+01
      vertex   -3.421412e+00 3.646086e+00 1.373240e+01
    endloop
  endfacet
  facet normal 0.000000e+00 0.000000e+00 1.000000e+00
    outer loop
      vertex   -3.421412e+00 3.646086e+00 1.373240e+01
      vertex   -3.551548e+00 3.519447e+00 1.373240e+01
      vertex   -4.128757e+00 2.820172e+00 1.373240e+01
    endloop
  endfacet
  facet normal 0.000000e+00 0.000000e+00 1.000000e+00
    outer loop
      vertex   -4.128757e+00 2.820172e+00 1.373240e+01
      vertex   -3.551548e+00 3.519447e+00 1.373240e+01
      vertex   -3.677001e+00 3.388165e+00 1.373240e+01
    endloop
  endfacet
  facet normal 0.000000e+00 0.000000e+00 1.000000e+00
    outer loop
      vertex   -4.128757e+00 2.820172e+00 1.373240e+01
      vertex   -3.677001e+00 3.388165e+00 1.373240e+01
      vertex   -3.797604e+00 3.252415e+00 1.373240e+01
    endloop
  endfacet
  facet normal 0.000000e+00 0.000000e+00 1.000000e+00
    outer loop
      vertex   -3.797604e+00 3.252415e+00 1.373240e+01
      vertex   -3.913198e+00 3.112376e+00 1.373240e+01
      vertex   -4.128757e+00 2.820172e+00 1.373240e+01
    endloop
  endfacet
  facet normal 0.000000e+00 0.000000e+00 1.000000e+00
    outer loop
      vertex   -4.128757e+00 2.820172e+00 1.373240e+01
      vertex   -3.913198e+00 3.112376e+00 1.373240e+01
      vertex   -4.023631e+00 2.968231e+00 1.373240e+01
    endloop
  endfacet
endsolid
