Energy_keV,Resolution_%
100,34.990663882196635
200,24.83678106727626
300,20.125100046010907
400,17.674016642438545
500,15.479066672027834
600,14.077796721873135
700,134.2903411858482
800,132.68380083990948
